<?xml version="1.0" encoding="utf-8"?>
<gpx xmlns:xsi="http://www.w3.org/2001/XMLSchema-instance" xsi:schemaLocation="http://www.topografix.com/GPX/1/1 http://www.topografix.com/GPX/1/1/gpx.xsd" version="1.1" creator="Roparun" xmlns="http://www.topografix.com/GPX/1/1">
  <wpt lat="49.758797285146805" lon="3.2240141309564612">
    <name>0.00</name>
  </wpt>
  <wpt lat="49.75803301996158" lon="3.2247438561277191">
    <name>0.1</name>
  </wpt>
  <wpt lat="49.757292258654061" lon="3.2255332302559494">
    <name>0.2</name>
  </wpt>
  <wpt lat="49.756551497346621" lon="3.2263225923259586">
    <name>0.3</name>
  </wpt>
  <wpt lat="49.755813149886258" lon="3.2271171331910731">
    <name>0.4</name>
  </wpt>
  <wpt lat="49.755075376697178" lon="3.2279131480207957">
    <name>0.5</name>
  </wpt>
  <wpt lat="49.754337603508162" lon="3.2287091507409005">
    <name>0.6</name>
  </wpt>
  <wpt lat="49.753587731617642" lon="3.229474327233337">
    <name>0.7</name>
  </wpt>
  <wpt lat="49.75270763830045" lon="3.2297440369258408">
    <name>0.8</name>
  </wpt>
  <wpt lat="49.751820287870139" lon="3.2299703669844964">
    <name>0.9</name>
  </wpt>
  <wpt lat="49.750944544167375" lon="3.230269695131724">
    <name>1.0</name>
  </wpt>
  <wpt lat="49.750090645618641" lon="3.2304578723393358">
    <name>1.1</name>
  </wpt>
  <wpt lat="49.749205518790795" lon="3.2306908245638222">
    <name>1.2</name>
  </wpt>
  <wpt lat="49.748357905879843" lon="3.2311352894062395">
    <name>1.3</name>
  </wpt>
  <wpt lat="49.747526854436458" lon="3.23128011047214">
    <name>1.4</name>
  </wpt>
  <wpt lat="49.74666480354869" lon="3.2313552125294898">
    <name>1.5</name>
  </wpt>
  <wpt lat="49.745824714546437" lon="3.231509347487751">
    <name>1.6</name>
  </wpt>
  <wpt lat="49.745128000041213" lon="3.2309202783389677">
    <name>1.7</name>
  </wpt>
  <wpt lat="49.744983828101276" lon="3.2322684295717847">
    <name>1.8</name>
  </wpt>
  <wpt lat="49.7452018381907" lon="3.2336133701311365">
    <name>1.9</name>
  </wpt>
  <wpt lat="49.745605073613234" lon="3.2348564727910492">
    <name>2.0</name>
  </wpt>
  <wpt lat="49.74606290351975" lon="3.2360181067285065">
    <name>2.1</name>
  </wpt>
  <wpt lat="49.74648137073082" lon="3.2372249739073364">
    <name>2.2</name>
  </wpt>
  <wpt lat="49.746188198523676" lon="3.2384162803701679">
    <name>2.3</name>
  </wpt>
  <wpt lat="49.745525569177111" lon="3.2393568270220774">
    <name>2.4</name>
  </wpt>
  <wpt lat="49.744863711942529" lon="3.240298952834856">
    <name>2.5</name>
  </wpt>
  <wpt lat="49.744131541437767" lon="3.2411000161655386">
    <name>2.6</name>
  </wpt>
  <wpt lat="49.743382345322985" lon="3.2418403096542749">
    <name>2.7</name>
  </wpt>
  <wpt lat="49.743045943987681" lon="3.2431194164012154">
    <name>2.8</name>
  </wpt>
  <wpt lat="49.742775210726926" lon="3.2444465264813633">
    <name>2.9</name>
  </wpt>
  <wpt lat="49.742504477466234" lon="3.2457736291560604">
    <name>3.0</name>
  </wpt>
  <wpt lat="49.74223374420562" lon="3.2471007244254082">
    <name>3.1</name>
  </wpt>
  <wpt lat="49.741963010945071" lon="3.2484278122895089">
    <name>3.2</name>
  </wpt>
  <wpt lat="49.7416922776846" lon="3.2497548927484643">
    <name>3.3</name>
  </wpt>
  <wpt lat="49.741390801355067" lon="3.2510624298517383">
    <name>3.4</name>
  </wpt>
  <wpt lat="49.740539309464658" lon="3.2512843030234437">
    <name>3.5</name>
  </wpt>
  <wpt lat="49.739640122809625" lon="3.25126600000002">
    <name>3.6</name>
  </wpt>
  <wpt lat="49.739504809333845" lon="3.2521792699849632">
    <name>3.7</name>
  </wpt>
  <wpt lat="49.739697097044477" lon="3.253091902957423">
    <name>3.8</name>
  </wpt>
  <wpt lat="49.74057669901957" lon="3.2529227731777324">
    <name>3.9</name>
  </wpt>
  <wpt lat="49.741381489543365" lon="3.2534082772190711">
    <name>4.0</name>
  </wpt>
  <wpt lat="49.742103785799905" lon="3.2542373159662628">
    <name>4.1</name>
  </wpt>
  <wpt lat="49.742829426707679" lon="3.2550593960925709">
    <name>4.2</name>
  </wpt>
  <wpt lat="49.743549167994061" lon="3.2558935204965223">
    <name>4.3</name>
  </wpt>
  <wpt lat="49.744204323613516" lon="3.2568459403993546">
    <name>4.4</name>
  </wpt>
  <wpt lat="49.74485316032132" lon="3.2578096221075024">
    <name>4.5</name>
  </wpt>
  <wpt lat="49.745484682562044" lon="3.2588000785889504">
    <name>4.6</name>
  </wpt>
  <wpt lat="49.746128673248172" lon="3.259771122409663">
    <name>4.7</name>
  </wpt>
  <wpt lat="49.746785875707992" lon="3.2607211690113953">
    <name>4.8</name>
  </wpt>
  <wpt lat="49.747519167977771" lon="3.2615166984700519">
    <name>4.9</name>
  </wpt>
  <wpt lat="49.748358569653625" lon="3.26201478213267">
    <name>5.0</name>
  </wpt>
  <wpt lat="49.749201495523941" lon="3.2624999044706033">
    <name>5.1</name>
  </wpt>
  <wpt lat="49.750041993221046" lon="3.2629948262227986">
    <name>5.2</name>
  </wpt>
  <wpt lat="49.750878161460093" lon="3.2635072125743827">
    <name>5.3</name>
  </wpt>
  <wpt lat="49.751716553600396" lon="3.2639995813598621">
    <name>5.4</name>
  </wpt>
  <wpt lat="49.752470613931493" lon="3.2647561576586988">
    <name>5.5</name>
  </wpt>
  <wpt lat="49.753214109049544" lon="3.2655392551770159">
    <name>5.6</name>
  </wpt>
  <wpt lat="49.753961267920779" lon="3.2663139575802353">
    <name>5.7</name>
  </wpt>
  <wpt lat="49.754710271818261" lon="3.2670844165704489">
    <name>5.8</name>
  </wpt>
  <wpt lat="49.755459275715694" lon="3.2678548874603135">
    <name>5.9</name>
  </wpt>
  <wpt lat="49.75620841483731" lon="3.2686250551041871">
    <name>6.0</name>
  </wpt>
  <wpt lat="49.756957664403984" lon="3.2693949772873028">
    <name>6.1</name>
  </wpt>
  <wpt lat="49.757706913970594" lon="3.2701649113666087">
    <name>6.2</name>
  </wpt>
  <wpt lat="49.758479730014493" lon="3.2708727831165176">
    <name>6.3</name>
  </wpt>
  <wpt lat="49.759319995803843" lon="3.2713689391826484">
    <name>6.4</name>
  </wpt>
  <wpt lat="49.760161883718837" lon="3.2718584649589464">
    <name>6.5</name>
  </wpt>
  <wpt lat="49.761003937734749" lon="3.2723473194376029">
    <name>6.6</name>
  </wpt>
  <wpt lat="49.7618509598579" lon="3.2728150612607516">
    <name>6.7</name>
  </wpt>
  <wpt lat="49.762702827962137" lon="3.2732597641437184">
    <name>6.8</name>
  </wpt>
  <wpt lat="49.763595426251314" lon="3.2733600808276178">
    <name>6.9</name>
  </wpt>
  <wpt lat="49.76449452244082" lon="3.2733289100242535">
    <name>7.0</name>
  </wpt>
  <wpt lat="49.765392062513328" lon="3.2732668416833537">
    <name>7.1</name>
  </wpt>
  <wpt lat="49.766283412484519" lon="3.2730818689763868">
    <name>7.2</name>
  </wpt>
  <wpt lat="49.767174762455696" lon="3.2728968928681095">
    <name>7.3</name>
  </wpt>
  <wpt lat="49.768066112426872" lon="3.2727119133585214">
    <name>7.4</name>
  </wpt>
  <wpt lat="49.768957543389845" lon="3.2725768634618273">
    <name>7.5</name>
  </wpt>
  <wpt lat="49.769812107506247" lon="3.2729917505062724">
    <name>7.6</name>
  </wpt>
  <wpt lat="49.770646373775428" lon="3.2735117183411653">
    <name>7.7</name>
  </wpt>
  <wpt lat="49.77148132719006" lon="3.2740289252279355">
    <name>7.8</name>
  </wpt>
  <wpt lat="49.772187219605541" lon="3.274641989284873">
    <name>7.9</name>
  </wpt>
  <wpt lat="49.771759643738449" lon="3.2758665548960466">
    <name>8.0</name>
  </wpt>
  <wpt lat="49.771839872159958" lon="3.2770110081674737">
    <name>8.1</name>
  </wpt>
  <wpt lat="49.772523098126875" lon="3.2779151034318668">
    <name>8.2</name>
  </wpt>
  <wpt lat="49.773234825787746" lon="3.2787659197462653">
    <name>8.3</name>
  </wpt>
  <wpt lat="49.798998209485681" lon="3.3210474189078441">
    <name>12.74</name>
  </wpt>
  <wpt lat="49.799391363749393" lon="3.3218733294958458">
    <name>12.8</name>
  </wpt>
  <wpt lat="49.80000272048408" lon="3.322893356003517">
    <name>12.9</name>
  </wpt>
  <wpt lat="49.800669292440737" lon="3.3238285713092148">
    <name>13.0</name>
  </wpt>
  <wpt lat="49.801340021649608" lon="3.3247567444116974">
    <name>13.1</name>
  </wpt>
  <wpt lat="49.802045262254062" lon="3.3256184588935569">
    <name>13.2</name>
  </wpt>
  <wpt lat="49.990307927284853" lon="3.4519548961282331">
    <name>44.13</name>
  </wpt>
  <wpt lat="49.990821419747938" lon="3.452885768859169">
    <name>44.2</name>
  </wpt>
  <wpt lat="49.991632001301724" lon="3.4534837949210648">
    <name>44.3</name>
  </wpt>
  <wpt lat="49.992470797127531" lon="3.4539882784286395">
    <name>44.4</name>
  </wpt>
  <wpt lat="49.993316164180172" lon="3.4544651243807158">
    <name>44.5</name>
  </wpt>
  <wpt lat="49.994162312259405" lon="3.45493743188156">
    <name>44.6</name>
  </wpt>
  <wpt lat="49.994941313017961" lon="3.4556364548154872">
    <name>44.7</name>
  </wpt>
  <wpt lat="49.9957388796522" lon="3.4562814315460209">
    <name>44.8</name>
  </wpt>
  <wpt lat="49.99655114214216" lon="3.4568818697267449">
    <name>44.9</name>
  </wpt>
  <wpt lat="49.997175242152487" lon="3.4578515339979967">
    <name>45.0</name>
  </wpt>
  <wpt lat="49.99768712817086" lon="3.4590018164946779">
    <name>45.1</name>
  </wpt>
  <wpt lat="49.99819901418914" lon="3.4601521112378686">
    <name>45.2</name>
  </wpt>
  <wpt lat="49.998710900207293" lon="3.4613024182279761">
    <name>45.3</name>
  </wpt>
  <wpt lat="49.999210731250884" lon="3.4624637848557409">
    <name>45.4</name>
  </wpt>
  <wpt lat="49.999994789590865" lon="3.4630984209112214">
    <name>45.5</name>
  </wpt>
  <wpt lat="50.000845392968571" lon="3.4635526675857951">
    <name>45.6</name>
  </wpt>
  <wpt lat="50.00169599634625" lon="3.4640069222976555">
    <name>45.7</name>
  </wpt>
  <wpt lat="50.002546599723914" lon="3.4644611850471083">
    <name>45.8</name>
  </wpt>
  <wpt lat="50.003397203101549" lon="3.4649154558345607">
    <name>45.9</name>
  </wpt>
  <wpt lat="50.004247806479157" lon="3.4653697346603178">
    <name>46.0</name>
  </wpt>
  <wpt lat="50.005098409856728" lon="3.4658240215248894">
    <name>46.1</name>
  </wpt>
  <wpt lat="50.005949013234286" lon="3.4662783164285793">
    <name>46.2</name>
  </wpt>
  <wpt lat="50.006799616611815" lon="3.466732619371796">
    <name>46.3</name>
  </wpt>
  <wpt lat="50.007650173454643" lon="3.4671871412006841">
    <name>46.4</name>
  </wpt>
  <wpt lat="50.008500867275778" lon="3.4676410500441688">
    <name>46.5</name>
  </wpt>
  <wpt lat="50.009351561096878" lon="3.4680949669218872">
    <name>46.6</name>
  </wpt>
  <wpt lat="50.010202254917971" lon="3.4685488918343488">
    <name>46.7</name>
  </wpt>
  <wpt lat="50.011059065547954" lon="3.4689740070429207">
    <name>46.8</name>
  </wpt>
  <wpt lat="50.011916151622877" lon="3.4693978333781694">
    <name>46.9</name>
  </wpt>
  <wpt lat="50.012802480690794" lon="3.4695820173560215">
    <name>47.0</name>
  </wpt>
  <wpt lat="50.013700401432175" lon="3.4696572084995374">
    <name>47.1</name>
  </wpt>
  <wpt lat="50.014597898590353" lon="3.4697463057746609">
    <name>47.2</name>
  </wpt>
  <wpt lat="50.015495598566275" lon="3.4697959994186918">
    <name>47.3</name>
  </wpt>
  <wpt lat="50.016355680238192" lon="3.4696233941478707">
    <name>47.4</name>
  </wpt>
  <wpt lat="50.017253754994833" lon="3.4696771697662618">
    <name>47.5</name>
  </wpt>
  <wpt lat="50.018152981335206" lon="3.4696974171922235">
    <name>47.6</name>
  </wpt>
  <wpt lat="50.019051742647363" lon="3.4697412055311143">
    <name>47.7</name>
  </wpt>
  <wpt lat="50.019950324231544" lon="3.46979099999995">
    <name>47.8</name>
  </wpt>
  <wpt lat="50.020846925698194" lon="3.4696981772854558">
    <name>47.9</name>
  </wpt>
  <wpt lat="50.021737012082696" lon="3.46951472694025">
    <name>48.0</name>
  </wpt>
  <wpt lat="50.02254693226925" lon="3.4689841287379539">
    <name>48.1</name>
  </wpt>
  <wpt lat="50.023168377363319" lon="3.4679723284887656">
    <name>48.2</name>
  </wpt>
  <wpt lat="50.0237904772751" lon="3.4669614869670498">
    <name>48.3</name>
  </wpt>
  <wpt lat="50.024386561932296" lon="3.4659143902005387">
    <name>48.4</name>
  </wpt>
  <wpt lat="50.024963292529179" lon="3.464840320449476">
    <name>48.5</name>
  </wpt>
  <wpt lat="50.02555437265584" lon="3.4637889883685169">
    <name>48.6</name>
  </wpt>
  <wpt lat="50.026237648382271" lon="3.4628793726521048">
    <name>48.7</name>
  </wpt>
  <wpt lat="50.026818687050223" lon="3.4618184768749662">
    <name>48.8</name>
  </wpt>
  <wpt lat="50.027434776247453" lon="3.4608156551880356">
    <name>48.9</name>
  </wpt>
  <wpt lat="50.773891466779091" lon="3.8868465332283986">
    <name>162.52</name>
  </wpt>
  <wpt lat="50.773258201519923" lon="3.8877665459872306">
    <name>162.6</name>
  </wpt>
  <wpt lat="50.772468757829081" lon="3.8881710505723786">
    <name>162.7</name>
  </wpt>
  <wpt lat="50.771688389126062" lon="3.8881176006642617">
    <name>162.8</name>
  </wpt>
  <wpt lat="50.771710634798112" lon="3.8891585100804558">
    <name>162.9</name>
  </wpt>
  <wpt lat="50.772174372277448" lon="3.890065324214691">
    <name>163.0</name>
  </wpt>
  <wpt lat="50.772727095214478" lon="3.8909998117550262">
    <name>163.1</name>
  </wpt>
  <wpt lat="50.773340377682445" lon="3.8909952060373527">
    <name>163.2</name>
  </wpt>
  <wpt lat="50.774047894452877" lon="3.8918578870759384">
    <name>163.3</name>
  </wpt>
  <wpt lat="50.782573342359917" lon="3.9114329999999522">
    <name>165.07</name>
  </wpt>
  <wpt lat="50.782877828112916" lon="3.9118761359312066">
    <name>165.1</name>
  </wpt>
  <wpt lat="50.78345395314841" lon="3.9129655965823971">
    <name>165.2</name>
  </wpt>
  <wpt lat="50.784083631556364" lon="3.9139803165714193">
    <name>165.3</name>
  </wpt>
  <wpt lat="50.784725176318105" lon="3.9149770227133551">
    <name>165.4</name>
  </wpt>
  <wpt lat="50.785306434949135" lon="3.9160605087272824">
    <name>165.5</name>
  </wpt>
  <wpt lat="50.825853919190394" lon="4.0147651202877555">
    <name>174.92</name>
  </wpt>
  <wpt lat="50.826632969624228" lon="4.0142589393602837">
    <name>175.0</name>
  </wpt>
  <wpt lat="50.827465315927569" lon="4.0137246693345245">
    <name>175.1</name>
  </wpt>
  <wpt lat="50.827959031111867" lon="4.0128205246214117">
    <name>175.2</name>
  </wpt>
  <wpt lat="50.828791836422965" lon="4.0122831458373369">
    <name>175.3</name>
  </wpt>
  <wpt lat="50.829620000022892" lon="4.0117556506450516">
    <name>175.4</name>
  </wpt>
  <wpt lat="50.829660467173824" lon="4.0131754122848351">
    <name>175.5</name>
  </wpt>
  <wpt lat="50.829905409238414" lon="4.0145331652010539">
    <name>175.6</name>
  </wpt>
  <wpt lat="50.830211135715736" lon="4.0158654145452175">
    <name>175.7</name>
  </wpt>
  <wpt lat="50.83019376688388" lon="4.0172847185340217">
    <name>175.8</name>
  </wpt>
  <wpt lat="50.830561573081823" lon="4.0185671410831079">
    <name>175.9</name>
  </wpt>
  <wpt lat="50.831070204295166" lon="4.0197137035443076">
    <name>176.0</name>
  </wpt>
  <wpt lat="50.831395757451958" lon="4.0210160547109366">
    <name>176.1</name>
  </wpt>
  <wpt lat="50.83197011593635" lon="4.0221117152675436">
    <name>176.2</name>
  </wpt>
  <wpt lat="50.832530766340469" lon="4.0232245570828331">
    <name>176.3</name>
  </wpt>
  <wpt lat="50.872204086109051" lon="4.0185914541076952">
    <name>181.13</name>
  </wpt>
  <wpt lat="50.872991288200431" lon="4.0183947751598659">
    <name>181.2</name>
  </wpt>
  <wpt lat="50.873863852113452" lon="4.0185898520750243">
    <name>181.3</name>
  </wpt>
  <wpt lat="50.87456196249736" lon="4.0194824363901089">
    <name>181.4</name>
  </wpt>
  <wpt lat="50.875311028362439" lon="4.0202711246099927">
    <name>181.5</name>
  </wpt>
  <wpt lat="50.919499028840193" lon="4.0551166319719183">
    <name>188.39</name>
  </wpt>
  <wpt lat="50.919673982969357" lon="4.0552504022874958">
    <name>188.4</name>
  </wpt>
  <wpt lat="50.920561072698675" lon="4.0550177185552574">
    <name>188.5</name>
  </wpt>
  <wpt lat="50.921446400764395" lon="4.05476721426562">
    <name>188.6</name>
  </wpt>
  <wpt lat="50.922330554687669" lon="4.0545082288602119">
    <name>188.7</name>
  </wpt>
  <wpt lat="50.923146232973558" lon="4.05399302169066">
    <name>188.8</name>
  </wpt>
  <wpt lat="50.923796014277" lon="4.053013276971539">
    <name>188.9</name>
  </wpt>
  <wpt lat="50.924632291978675" lon="4.0524888385239484">
    <name>189.0</name>
  </wpt>
  <wpt lat="50.925468476751639" lon="4.05196369015752">
    <name>189.1</name>
  </wpt>
  <wpt lat="50.943114859750359" lon="4.0574691402570613">
    <name>192.33</name>
  </wpt>
  <wpt lat="50.943436923210307" lon="4.05656462258946">
    <name>192.4</name>
  </wpt>
  <wpt lat="50.943683903598831" lon="4.0555611587894536">
    <name>192.5</name>
  </wpt>
  <wpt lat="50.944248153609479" lon="4.055703034263666">
    <name>192.6</name>
  </wpt>
  <wpt lat="50.944437130294332" lon="4.0570236154682826">
    <name>192.7</name>
  </wpt>
  <wpt lat="50.943573927023728" lon="4.0572663131933213">
    <name>192.8</name>
  </wpt>
  <wpt lat="50.949504644766066" lon="4.09826457347895">
    <name>196.37</name>
  </wpt>
  <wpt lat="50.949802182928941" lon="4.0986691563426882">
    <name>196.4</name>
  </wpt>
  <wpt lat="50.949658788797841" lon="4.1000250140702867">
    <name>196.5</name>
  </wpt>
  <wpt lat="50.971702899703452" lon="4.1682774991974476">
    <name>203.00</name>
  </wpt>
  <wpt lat="50.971645881966964" lon="4.1684223135925285">
    <name>203.0</name>
  </wpt>
  <wpt lat="50.972364117587709" lon="4.1692336232625031">
    <name>203.1</name>
  </wpt>
  <wpt lat="50.998788926180644" lon="4.1767188715804213">
    <name>206.75</name>
  </wpt>
  <wpt lat="50.999274027322677" lon="4.1763319017492506">
    <name>206.8</name>
  </wpt>
  <wpt lat="51.021495733122315" lon="4.1185388189542751">
    <name>212.41</name>
  </wpt>
  <wpt lat="51.021516689699773" lon="4.1184193017704489">
    <name>212.4</name>
  </wpt>
  <wpt lat="51.0214060223379" lon="4.1170987578630012">
    <name>212.5</name>
  </wpt>
  <wpt lat="51.02153692152973" lon="4.11579320570421">
    <name>212.6</name>
  </wpt>
  <wpt lat="51.02176590284283" lon="4.1144125635835413">
    <name>212.7</name>
  </wpt>
  <wpt lat="51.033065147307425" lon="4.1018060000000158">
    <name>215.67</name>
  </wpt>
  <wpt lat="51.033465291608429" lon="4.1017534499941739">
    <name>215.7</name>
  </wpt>
  <wpt lat="51.033584472204637" lon="4.1028378538073813">
    <name>215.8</name>
  </wpt>
  <wpt lat="51.033714315513294" lon="4.1042432457431488">
    <name>215.9</name>
  </wpt>
  <wpt lat="51.033960182447515" lon="4.1056150330754155">
    <name>216.0</name>
  </wpt>
  <wpt lat="51.0338183755932" lon="4.1065423181506455">
    <name>216.1</name>
  </wpt>
  <wpt lat="51.068466000000768" lon="4.0478167751792578">
    <name>222.71</name>
  </wpt>
  <wpt lat="51.068466000013153" lon="4.0476925755744837">
    <name>222.7</name>
  </wpt>
  <wpt lat="51.068375113437106" lon="4.0462806652854777">
    <name>222.8</name>
  </wpt>
  <wpt lat="51.068213784739015" lon="4.0448943071425685">
    <name>222.9</name>
  </wpt>
  <wpt lat="51.068846948796853" lon="4.0444064904161081">
    <name>223.0</name>
  </wpt>
  <wpt lat="51.0684569166418" lon="4.0431181265616667">
    <name>223.1</name>
  </wpt>
  <wpt lat="51.068272550567066" lon="4.0418525475883627">
    <name>223.2</name>
  </wpt>
  <wpt lat="51.0684371600866" lon="4.0404455883960582">
    <name>223.3</name>
  </wpt>
  <wpt lat="51.068175781776795" lon="4.0392110721173857">
    <name>223.4</name>
  </wpt>
  <wpt lat="51.068208148088473" lon="4.0380347126783018">
    <name>223.5</name>
  </wpt>
  <wpt lat="51.0689214362458" lon="4.03746698695325">
    <name>223.6</name>
  </wpt>
  <wpt lat="51.069733585368816" lon="4.0368523111065144">
    <name>223.7</name>
  </wpt>
  <wpt lat="51.0703161252309" lon="4.0361030006072456">
    <name>223.8</name>
  </wpt>
  <wpt lat="51.071111301968507" lon="4.0354547201548723">
    <name>223.9</name>
  </wpt>
  <wpt lat="51.10067360674806" lon="4.1415719205844033">
    <name>234.85</name>
  </wpt>
  <wpt lat="51.10127001598255" lon="4.1417143431037413">
    <name>234.9</name>
  </wpt>
  <wpt lat="51.102155422146637" lon="4.1419586012882936">
    <name>235.0</name>
  </wpt>
  <wpt lat="51.1030438790771" lon="4.142180551500565">
    <name>235.1</name>
  </wpt>
  <wpt lat="51.103933635845024" lon="4.1422111214156256">
    <name>235.2</name>
  </wpt>
  <wpt lat="51.104704213656376" lon="4.1414988088631119">
    <name>235.3</name>
  </wpt>
  <wpt lat="51.105435700527934" lon="4.1406672994785492">
    <name>235.4</name>
  </wpt>
  <wpt lat="51.10624113347712" lon="4.1408229769134168">
    <name>235.5</name>
  </wpt>
  <wpt lat="51.107055854827287" lon="4.1413610430900629">
    <name>235.6</name>
  </wpt>
  <wpt lat="51.107876227677913" lon="4.1418240000000335">
    <name>235.7</name>
  </wpt>
  <wpt lat="51.108775491802994" lon="4.1418373763172847">
    <name>235.8</name>
  </wpt>
  <wpt lat="51.1096650587866" lon="4.1419898089076215">
    <name>235.9</name>
  </wpt>
  <wpt lat="51.11222053465103" lon="4.1425495027540187">
    <name>236.21</name>
  </wpt>
  <wpt lat="51.112298421338245" lon="4.1425415679286921">
    <name>236.2</name>
  </wpt>
  <wpt lat="51.113181685989119" lon="4.1427829438354591">
    <name>236.3</name>
  </wpt>
  <wpt lat="51.1139049917428" lon="4.1429644061366417">
    <name>236.4</name>
  </wpt>
  <wpt lat="51.170242808406826" lon="4.3122089489767212">
    <name>251.83</name>
  </wpt>
  <wpt lat="51.169926765960227" lon="4.3133405303863084">
    <name>251.9</name>
  </wpt>
  <wpt lat="51.169625878111233" lon="4.3146551250073975">
    <name>252.0</name>
  </wpt>
  <wpt lat="51.1693460096018" lon="4.3160166459083253">
    <name>252.1</name>
  </wpt>
  <wpt lat="51.169585337688432" lon="4.3168663600680111">
    <name>252.2</name>
  </wpt>
  <wpt lat="51.170464523906027" lon="4.3171650290229406">
    <name>252.3</name>
  </wpt>
  <wpt lat="51.171357702375836" lon="4.3173323912848351">
    <name>252.4</name>
  </wpt>
  <wpt lat="51.172251002004323" lon="4.317495625119478">
    <name>252.5</name>
  </wpt>
  <wpt lat="51.17314099988301" lon="4.3176978339036411">
    <name>252.6</name>
  </wpt>
  <wpt lat="51.174019978258919" lon="4.3179990825114123">
    <name>252.7</name>
  </wpt>
  <wpt lat="51.17488441929148" lon="4.318358512163659">
    <name>252.8</name>
  </wpt>
  <wpt lat="51.175196000823981" lon="4.3195157489011171">
    <name>252.9</name>
  </wpt>
  <wpt lat="51.175196009787712" lon="4.3209502082990312">
    <name>253.0</name>
  </wpt>
  <wpt lat="51.175196020435763" lon="4.322384667697353">
    <name>253.1</name>
  </wpt>
  <wpt lat="51.175472360711687" lon="4.3234210000000015">
    <name>253.2</name>
  </wpt>
  <wpt lat="51.175559617400175" lon="4.3221279297975785">
    <name>253.3</name>
  </wpt>
  <wpt lat="51.175546821187879" lon="4.3206936045026385">
    <name>253.4</name>
  </wpt>
  <wpt lat="51.175539000850179" lon="4.319259225268441">
    <name>253.5</name>
  </wpt>
  <wpt lat="51.1803394222144" lon="4.3174998554832529">
    <name>254.31</name>
  </wpt>
  <wpt lat="51.180372395023014" lon="4.3175040975889232">
    <name>254.3</name>
  </wpt>
  <wpt lat="51.181213172565883" lon="4.3179817380020333">
    <name>254.4</name>
  </wpt>
  <wpt lat="51.182028701515954" lon="4.3185864195991215">
    <name>254.5</name>
  </wpt>
  <wpt lat="51.18283630646954" lon="4.3192156446270991">
    <name>254.6</name>
  </wpt>
  <wpt lat="51.183385057513334" lon="4.320329725144167">
    <name>254.7</name>
  </wpt>
  <wpt lat="51.183871413906729" lon="4.3215365251947695">
    <name>254.8</name>
  </wpt>
  <wpt lat="51.184444334322741" lon="4.3226211669970267">
    <name>254.9</name>
  </wpt>
  <wpt lat="51.185174412520539" lon="4.3234589537880153">
    <name>255.0</name>
  </wpt>
  <wpt lat="51.185905418203234" lon="4.32429468971643">
    <name>255.1</name>
  </wpt>
  <wpt lat="51.186635735242369" lon="4.3251308535994184">
    <name>255.2</name>
  </wpt>
  <wpt lat="51.187394401934831" lon="4.3258796194477815">
    <name>255.3</name>
  </wpt>
  <wpt lat="51.188281815889674" lon="4.3257420179506365">
    <name>255.4</name>
  </wpt>
  <wpt lat="51.18916752201747" lon="4.3254933018176942">
    <name>255.5</name>
  </wpt>
  <wpt lat="51.1900525757829" lon="4.3252397070705">
    <name>255.6</name>
  </wpt>
  <wpt lat="51.1907037662223" lon="4.3243267191991279">
    <name>255.7</name>
  </wpt>
  <wpt lat="51.191170176194504" lon="4.3231055070334161">
    <name>255.8</name>
  </wpt>
  <wpt lat="51.220671982846355" lon="4.3877506932333832">
    <name>261.83</name>
  </wpt>
  <wpt lat="51.220539946979876" lon="4.3888016488912687">
    <name>261.9</name>
  </wpt>
  <wpt lat="51.220196178574135" lon="4.3901284724434388">
    <name>262.0</name>
  </wpt>
  <wpt lat="51.219852410168492" lon="4.391455286087341">
    <name>262.1</name>
  </wpt>
  <wpt lat="51.219508641762921" lon="4.3927820898231795">
    <name>262.2</name>
  </wpt>
  <wpt lat="51.219164873357471" lon="4.3941088836510556">
    <name>262.3</name>
  </wpt>
  <wpt lat="51.2188211049521" lon="4.3954356675712747">
    <name>262.4</name>
  </wpt>
  <wpt lat="51.218917381935256" lon="4.3955982701746139">
    <name>262.5</name>
  </wpt>
  <wpt lat="51.219656077774516" lon="4.3958347587918984">
    <name>262.6</name>
  </wpt>
  <wpt lat="51.220477750563646" lon="4.3964180352510951">
    <name>262.7</name>
  </wpt>
  <wpt lat="51.221296381667351" lon="4.3970121856295092">
    <name>262.8</name>
  </wpt>
  <wpt lat="51.222124610733395" lon="4.3975709309729254">
    <name>262.9</name>
  </wpt>
  <wpt lat="51.222959560253663" lon="4.3981035970427191">
    <name>263.0</name>
  </wpt>
  <wpt lat="51.223801139613" lon="4.3986052659696737">
    <name>263.1</name>
  </wpt>
  <wpt lat="51.224636155823724" lon="4.39913848376586">
    <name>263.2</name>
  </wpt>
  <wpt lat="51.225468025108434" lon="4.3996807954495889">
    <name>263.3</name>
  </wpt>
  <wpt lat="51.226304868799808" lon="4.400206092995532">
    <name>263.4</name>
  </wpt>
  <wpt lat="51.227099166560748" lon="4.400877597478253">
    <name>263.5</name>
  </wpt>
  <wpt lat="51.22785447824598" lon="4.4016438121743713">
    <name>263.6</name>
  </wpt>
  <wpt lat="51.227998387036919" lon="4.4028749689220881">
    <name>263.7</name>
  </wpt>
  <wpt lat="51.228025000023834" lon="4.40431040772678">
    <name>263.8</name>
  </wpt>
  <wpt lat="51.228060889332269" lon="4.4057451118236459">
    <name>263.9</name>
  </wpt>
  <wpt lat="51.228103086006826" lon="4.4071796373631544">
    <name>264.0</name>
  </wpt>
  <wpt lat="51.228130027117778" lon="4.4086150536288589">
    <name>264.1</name>
  </wpt>
  <wpt lat="51.228167925537377" lon="4.4100494498600415">
    <name>264.2</name>
  </wpt>
  <wpt lat="51.228332612970512" lon="4.4112608451923325">
    <name>264.3</name>
  </wpt>
  <wpt lat="51.229231444139465" lon="4.4112134228123221">
    <name>264.4</name>
  </wpt>
  <wpt lat="51.230062866062276" lon="4.4110540000000258">
    <name>264.5</name>
  </wpt>
  <wpt lat="51.230868260067716" lon="4.411203999999957">
    <name>264.6</name>
  </wpt>
  <wpt lat="51.231093000362733" lon="4.412281295379505">
    <name>264.7</name>
  </wpt>
  <wpt lat="51.231472920557835" lon="4.4134034262855462">
    <name>264.8</name>
  </wpt>
  <wpt lat="51.231780001400821" lon="4.41467315271274">
    <name>264.9</name>
  </wpt>
  <wpt lat="51.231780001466554" lon="4.4161093753575509">
    <name>265.0</name>
  </wpt>
  <wpt lat="51.231780000842264" lon="4.4175455980022607">
    <name>265.1</name>
  </wpt>
  <wpt lat="51.231780000419583" lon="4.4189818206469695">
    <name>265.2</name>
  </wpt>
  <wpt lat="51.232181258311776" lon="4.420088018786414">
    <name>265.3</name>
  </wpt>
  <wpt lat="51.23308003064114" lon="4.4201299999999843">
    <name>265.4</name>
  </wpt>
  <wpt lat="51.233979352247061" lon="4.4201299999999843">
    <name>265.5</name>
  </wpt>
  <wpt lat="51.234874994525384" lon="4.4200695660003895">
    <name>265.6</name>
  </wpt>
  <wpt lat="51.4676554805677" lon="4.6566289960480658">
    <name>299.11</name>
  </wpt>
  <wpt lat="51.467683943263886" lon="4.656656054869325">
    <name>299.1</name>
  </wpt>
  <wpt lat="51.468423942227048" lon="4.6572391736730578">
    <name>299.2</name>
  </wpt>
  <wpt lat="51.469174941434062" lon="4.6580330331254505">
    <name>299.3</name>
  </wpt>
  <wpt lat="51.469743516887249" lon="4.659046700571527">
    <name>299.4</name>
  </wpt>
  <wpt lat="51.470197563191881" lon="4.6602925609723416">
    <name>299.5</name>
  </wpt>
  <wpt lat="51.47060583569629" lon="4.6615785064872988">
    <name>299.6</name>
  </wpt>
  <wpt lat="51.47109400544177" lon="4.6627879285158338">
    <name>299.7</name>
  </wpt>
  <wpt lat="51.471809430719972" lon="4.6636449771278432">
    <name>299.8</name>
  </wpt>
  <wpt lat="51.472456851252545" lon="4.6646411062643374">
    <name>299.9</name>
  </wpt>
  <wpt lat="51.472595123811821" lon="4.6656752102918508">
    <name>300.0</name>
  </wpt>
  <wpt lat="51.4718702973806" lon="4.666272053784942">
    <name>300.1</name>
  </wpt>
  <wpt lat="51.471843113669166" lon="4.6667462154891171">
    <name>300.2</name>
  </wpt>
  <wpt lat="51.4724325552671" lon="4.6671421111935265">
    <name>300.3</name>
  </wpt>
  <wpt lat="51.4720305963649" lon="4.668227247402883">
    <name>300.4</name>
  </wpt>
  <wpt lat="51.471345738719059" lon="4.6677128909014325">
    <name>300.5</name>
  </wpt>
  <wpt lat="51.472388485100694" lon="4.6717032971443189">
    <name>300.99</name>
  </wpt>
  <wpt lat="51.472610683303415" lon="4.6719135131042524">
    <name>301.0</name>
  </wpt>
  <wpt lat="51.473238483888096" lon="4.6729249165544617">
    <name>301.1</name>
  </wpt>
  <wpt lat="51.473565000082665" lon="4.6741849613533581">
    <name>301.2</name>
  </wpt>
  <wpt lat="51.475195740576915" lon="4.6722588696445495">
    <name>301.57</name>
  </wpt>
  <wpt lat="51.4753784994143" lon="4.671700689815359">
    <name>301.6</name>
  </wpt>
  <wpt lat="51.475801770970257" lon="4.6704371548877583">
    <name>301.7</name>
  </wpt>
  <wpt lat="51.567514711762271" lon="4.9768620719478669">
    <name>333.74</name>
  </wpt>
  <wpt lat="51.568086779126752" lon="4.9774732003670605">
    <name>333.8</name>
  </wpt>
  <wpt lat="51.568801158539905" lon="4.9783520872596556">
    <name>333.9</name>
  </wpt>
  <wpt lat="51.569057787545873" lon="4.9793947190736354">
    <name>334.0</name>
  </wpt>
  <wpt lat="51.5693254386212" lon="4.9803543778312918">
    <name>334.1</name>
  </wpt>
  <wpt lat="51.570201914546111" lon="4.9806781218777152">
    <name>334.2</name>
  </wpt>
  <wpt lat="51.571074874871094" lon="4.981025281978261">
    <name>334.3</name>
  </wpt>
  <wpt lat="51.571949641597577" lon="4.98136104184018">
    <name>334.4</name>
  </wpt>
  <wpt lat="51.572821714404931" lon="4.9816976457002973">
    <name>334.5</name>
  </wpt>
  <wpt lat="51.573696815279945" lon="4.982027934915342">
    <name>334.6</name>
  </wpt>
  <wpt lat="51.574571042902811" lon="4.9823668180492868">
    <name>334.7</name>
  </wpt>
  <wpt lat="51.575447671153469" lon="4.9826898391401606">
    <name>334.8</name>
  </wpt>
  <wpt lat="51.5763318178872" lon="4.9828668430728147">
    <name>334.9</name>
  </wpt>
  <wpt lat="51.588538774287166" lon="4.9842209797328634">
    <name>336.51</name>
  </wpt>
  <wpt lat="51.588554788552223" lon="4.984267566689959">
    <name>336.5</name>
  </wpt>
  <wpt lat="51.589308216564611" lon="4.9848131570038516">
    <name>336.6</name>
  </wpt>
  <wpt lat="51.590203489938908" lon="4.984950347179554">
    <name>336.7</name>
  </wpt>
  <wpt lat="51.591002427601268" lon="4.984861219773026">
    <name>336.8</name>
  </wpt>
  <wpt lat="51.591807707851629" lon="4.9854635427044514">
    <name>336.9</name>
  </wpt>
  <wpt lat="51.592601329059349" lon="4.9861441386645149">
    <name>337.0</name>
  </wpt>
  <wpt lat="51.593396877493127" lon="4.9868190210637318">
    <name>337.1</name>
  </wpt>
  <wpt lat="51.594188504560314" lon="4.9875018939967335">
    <name>337.2</name>
  </wpt>
  <wpt lat="51.594733414171145" lon="4.9884862639559255">
    <name>337.3</name>
  </wpt>
  <wpt lat="51.59558422431892" lon="4.9888980594438177">
    <name>337.4</name>
  </wpt>
  <wpt lat="51.596473437443528" lon="4.9891142942236515">
    <name>337.5</name>
  </wpt>
  <wpt lat="51.597123114628566" lon="4.9895602635095511">
    <name>337.6</name>
  </wpt>
  <wpt lat="51.596509688733953" lon="4.9901302581254718">
    <name>337.7</name>
  </wpt>
  <wpt lat="51.597183447282625" lon="4.9895920010435884">
    <name>337.8</name>
  </wpt>
  <wpt lat="51.59795194485099" lon="4.9903439443446507">
    <name>337.9</name>
  </wpt>
  <wpt lat="51.598516956632622" lon="4.9896266572184631">
    <name>338.0</name>
  </wpt>
  <wpt lat="51.599050398192986" lon="4.9886673135035515">
    <name>338.1</name>
  </wpt>
  <wpt lat="51.599946565864094" lon="4.9886981810814834">
    <name>338.2</name>
  </wpt>
  <wpt lat="51.600833937512689" lon="4.9885322556939427">
    <name>338.3</name>
  </wpt>
  <wpt lat="51.601696022105372" lon="4.9881216737039935">
    <name>338.4</name>
  </wpt>
  <wpt lat="51.602557603462188" lon="4.987707177246218">
    <name>338.5</name>
  </wpt>
  <wpt lat="51.603420225893231" lon="4.9872981343918168">
    <name>338.6</name>
  </wpt>
  <wpt lat="51.604278723354447" lon="4.9868669649665707">
    <name>338.7</name>
  </wpt>
  <wpt lat="51.60514388448577" lon="4.9864739850339861">
    <name>338.8</name>
  </wpt>
  <wpt lat="51.606018066676015" lon="4.986134006034276">
    <name>338.9</name>
  </wpt>
  <wpt lat="51.606893788994661" lon="4.9858058879260074">
    <name>339.0</name>
  </wpt>
  <wpt lat="51.607787061422115" lon="4.9856519805303776">
    <name>339.1</name>
  </wpt>
  <wpt lat="51.608151737948077" lon="4.986454608867902">
    <name>339.2</name>
  </wpt>
  <wpt lat="51.608536028919787" lon="4.987633838808474">
    <name>339.3</name>
  </wpt>
  <wpt lat="51.618262251708408" lon="4.95144222259262">
    <name>342.45</name>
  </wpt>
  <wpt lat="51.622016852317216" lon="4.9445857607797086">
    <name>343.12</name>
  </wpt>
  <wpt lat="51.622616522527835" lon="4.9435325698023451">
    <name>343.2</name>
  </wpt>
  <wpt lat="51.623201686239014" lon="4.9424332619109173">
    <name>343.3</name>
  </wpt>
  <wpt lat="51.623792019715232" lon="4.9413404698385639">
    <name>343.4</name>
  </wpt>
  <wpt lat="51.624221838851319" lon="4.9409495497183791">
    <name>343.5</name>
  </wpt>
  <wpt lat="51.624377257657173" lon="4.9423748473904219">
    <name>343.6</name>
  </wpt>
  <wpt lat="51.624994754735631" lon="4.9423489690379858">
    <name>343.7</name>
  </wpt>
  <wpt lat="51.625611210730618" lon="4.9412984837007823">
    <name>343.8</name>
  </wpt>
  <wpt lat="51.6262855002162" lon="4.9408834407688538">
    <name>343.9</name>
  </wpt>
  <wpt lat="51.627049308243869" lon="4.9415406669138511">
    <name>344.0</name>
  </wpt>
  <wpt lat="51.627688383535066" lon="4.9415732414840816">
    <name>344.1</name>
  </wpt>
  <wpt lat="51.628112337105314" lon="4.9419842952185826">
    <name>344.2</name>
  </wpt>
  <wpt lat="51.627936103576666" lon="4.9409568376941992">
    <name>344.3</name>
  </wpt>
  <wpt lat="51.628429793108211" lon="4.9399275727473047">
    <name>344.4</name>
  </wpt>
  <wpt lat="51.629035606018761" lon="4.9388605768243483">
    <name>344.5</name>
  </wpt>
  <wpt lat="51.624415551902445" lon="4.9314629777200949">
    <name>345.58</name>
  </wpt>
  <wpt lat="51.624151259116111" lon="4.9316423656991368">
    <name>345.6</name>
  </wpt>
  <wpt lat="51.62371023268777" lon="4.9327736233368071">
    <name>345.7</name>
  </wpt>
  <wpt lat="51.623475324207327" lon="4.9341718721289354">
    <name>345.8</name>
  </wpt>
  <wpt lat="51.623259000320175" lon="4.9354602531654965">
    <name>345.9</name>
  </wpt>
  <wpt lat="51.623287590132634" lon="4.9367289649595136">
    <name>346.0</name>
  </wpt>
  <wpt lat="51.622939771411666" lon="4.93806045719803">
    <name>346.1</name>
  </wpt>
  <wpt lat="51.622155543726272" lon="4.9377782900803426">
    <name>346.2</name>
  </wpt>
  <wpt lat="51.621886310114455" lon="4.936840807845237">
    <name>346.3</name>
  </wpt>
  <wpt lat="51.621632984007626" lon="4.9356314567429695">
    <name>346.4</name>
  </wpt>
  <wpt lat="51.621469089718836" lon="4.9345249079968863">
    <name>346.5</name>
  </wpt>
  <wpt lat="51.621533858821493" lon="4.9331632569794159">
    <name>346.6</name>
  </wpt>
  <wpt lat="51.621733432059322" lon="4.9319324344262689">
    <name>346.7</name>
  </wpt>
  <wpt lat="51.622033439321633" lon="4.9306123780599922">
    <name>346.8</name>
  </wpt>
  <wpt lat="51.622207529495853" lon="4.9292090731897549">
    <name>346.9</name>
  </wpt>
  <wpt lat="51.622518155295452" lon="4.9279369007412583">
    <name>347.0</name>
  </wpt>
  <wpt lat="51.622589000100675" lon="4.926519712284203">
    <name>347.1</name>
  </wpt>
  <wpt lat="51.62269973993174" lon="4.9250861164622517">
    <name>347.2</name>
  </wpt>
  <wpt lat="51.622866314022708" lon="4.9236642000009461">
    <name>347.3</name>
  </wpt>
  <wpt lat="51.623480165282523" lon="4.9231620000000342">
    <name>347.42</name>
  </wpt>
  <wpt lat="51.62432247914014" lon="4.9231483501772679">
    <name>347.5</name>
  </wpt>
  <wpt lat="51.626188901369389" lon="4.9217906054080531">
    <name>347.84</name>
  </wpt>
  <wpt lat="51.626146455349627" lon="4.9207354817624136">
    <name>347.9</name>
  </wpt>
  <wpt lat="51.626129000030829" lon="4.9192883522888549">
    <name>348.0</name>
  </wpt>
  <wpt lat="51.626151000040643" lon="4.9178429064703639">
    <name>348.1</name>
  </wpt>
  <wpt lat="51.625543032059845" lon="4.917203663831998">
    <name>348.2</name>
  </wpt>
  <wpt lat="51.624657553409726" lon="4.9169512910210376">
    <name>348.3</name>
  </wpt>
  <wpt lat="51.623778213434" lon="4.9166493937888571">
    <name>348.4</name>
  </wpt>
  <wpt lat="51.62290260192708" lon="4.9163194737334157">
    <name>348.5</name>
  </wpt>
  <wpt lat="51.622035344505221" lon="4.9159363540888741">
    <name>348.6</name>
  </wpt>
  <wpt lat="51.621168234278031" lon="4.9155521474830017">
    <name>348.7</name>
  </wpt>
  <wpt lat="51.620322648242983" lon="4.9150694956781171">
    <name>348.8</name>
  </wpt>
  <wpt lat="51.619542202528784" lon="4.9143683346202236">
    <name>348.9</name>
  </wpt>
  <wpt lat="51.588324147308725" lon="4.9125383332501329">
    <name>352.92</name>
  </wpt>
  <wpt lat="51.587503267989291" lon="4.9124699687598241">
    <name>353.0</name>
  </wpt>
  <wpt lat="51.586623046315005" lon="4.9127666388088054">
    <name>353.1</name>
  </wpt>
  <wpt lat="51.5857464213409" lon="4.913066949952003">
    <name>353.2</name>
  </wpt>
  <wpt lat="51.584936132652949" lon="4.9134506179645774">
    <name>353.3</name>
  </wpt>
  <wpt lat="51.584227485397967" lon="4.9138605946378728">
    <name>353.4</name>
  </wpt>
  <wpt lat="51.583826001705837" lon="4.9125713425691107">
    <name>353.5</name>
  </wpt>
  <wpt lat="51.583424608319454" lon="4.9112763856139177">
    <name>353.6</name>
  </wpt>
  <wpt lat="51.583037212101388" lon="4.9099702979810118">
    <name>353.7</name>
  </wpt>
  <wpt lat="51.582642081739245" lon="4.9086707026300571">
    <name>353.8</name>
  </wpt>
  <wpt lat="51.58261164907622" lon="4.9074753104199642">
    <name>353.9</name>
  </wpt>
  <wpt lat="51.5684998446355" lon="4.8222242724089064">
    <name>362.37</name>
  </wpt>
  <wpt lat="51.568235529255006" lon="4.8220189791808261">
    <name>362.4</name>
  </wpt>
  <wpt lat="51.567344259330078" lon="4.8218258095969837">
    <name>362.5</name>
  </wpt>
  <wpt lat="51.566697960141951" lon="4.8213211279399371">
    <name>362.6</name>
  </wpt>
  <wpt lat="51.567196096604519" lon="4.820459935031387">
    <name>362.7</name>
  </wpt>
  <wpt lat="51.568086429416795" lon="4.8202558876265762">
    <name>362.8</name>
  </wpt>
  <wpt lat="51.567352495703922" lon="4.7868357506363353">
    <name>365.33</name>
  </wpt>
  <wpt lat="51.567458931855917" lon="4.7855726238610217">
    <name>365.4</name>
  </wpt>
  <wpt lat="51.567936470358219" lon="4.78439485044137">
    <name>365.5</name>
  </wpt>
  <wpt lat="51.568806229354649" lon="4.7841314356394875">
    <name>365.6</name>
  </wpt>
  <wpt lat="51.569685198389138" lon="4.7844089033541">
    <name>365.7</name>
  </wpt>
  <wpt lat="51.570520868211617" lon="4.7838907908437207">
    <name>365.8</name>
  </wpt>
  <wpt lat="51.571407861962875" lon="4.7836988275717021">
    <name>365.9</name>
  </wpt>
  <wpt lat="51.572295424216435" lon="4.7834903170721077">
    <name>366.0</name>
  </wpt>
  <wpt lat="51.573174183127755" lon="4.7832032266059983">
    <name>366.1</name>
  </wpt>
  <wpt lat="51.572016492414427" lon="4.7776220952946291">
    <name>366.62</name>
  </wpt>
  <wpt lat="51.562873453045142" lon="4.7571811592436379">
    <name>368.75</name>
  </wpt>
  <wpt lat="51.562820477691105" lon="4.7579293015098036">
    <name>368.8</name>
  </wpt>
  <wpt lat="51.563390686417669" lon="4.7586322110418582">
    <name>368.9</name>
  </wpt>
  <wpt lat="51.56407087892098" lon="4.75770207176271">
    <name>369.0</name>
  </wpt>
  <wpt lat="51.56368326493395" lon="4.7567152682321776">
    <name>369.1</name>
  </wpt>
  <wpt lat="51.562975029433105" lon="4.7571970863519013">
    <name>369.2</name>
  </wpt>
  <wpt lat="51.5657032412771" lon="4.746566759289971">
    <name>370.34</name>
  </wpt>
  <wpt lat="51.5662789062569" lon="4.7459066911835937">
    <name>370.4</name>
  </wpt>
  <wpt lat="51.567097741096035" lon="4.7453258088338561">
    <name>370.5</name>
  </wpt>
  <wpt lat="51.56704795348714" lon="4.7441663415100948">
    <name>370.6</name>
  </wpt>
  <wpt lat="51.575240692371906" lon="4.7424393850497673">
    <name>371.68</name>
  </wpt>
  <wpt lat="51.575514403112493" lon="4.7420939957165773">
    <name>371.7</name>
  </wpt>
  <wpt lat="51.576221942615504" lon="4.7412007568998256">
    <name>371.8</name>
  </wpt>
  <wpt lat="51.576846976469341" lon="4.7401810470786092">
    <name>371.9</name>
  </wpt>
  <wpt lat="51.577329295232232" lon="4.7391423000036852">
    <name>372.0</name>
  </wpt>
  <wpt lat="51.577589861117744" lon="4.7349932459555335">
    <name>372.31</name>
  </wpt>
  <wpt lat="51.577605289707115" lon="4.7348701512280273">
    <name>372.3</name>
  </wpt>
  <wpt lat="51.577818579152286" lon="4.7334643828331568">
    <name>372.4</name>
  </wpt>
  <wpt lat="51.578034968577732" lon="4.7320597657959267">
    <name>372.5</name>
  </wpt>
  <wpt lat="51.578252007234454" lon="4.7306553999877075">
    <name>372.6</name>
  </wpt>
  <wpt lat="51.578288294821718" lon="4.7292179016523361">
    <name>372.7</name>
  </wpt>
  <wpt lat="51.578240032871776" lon="4.7277753541175054">
    <name>372.8</name>
  </wpt>
  <wpt lat="51.578139922542377" lon="4.7263374960583464">
    <name>372.9</name>
  </wpt>
  <wpt lat="51.578056505991654" lon="4.72489902922209">
    <name>373.0</name>
  </wpt>
  <wpt lat="51.578016953027415" lon="4.7234532909104274">
    <name>373.1</name>
  </wpt>
  <wpt lat="51.570446000018919" lon="4.6396559315952555">
    <name>379.91</name>
  </wpt>
  <wpt lat="51.57051538633975" lon="4.6396419999999754">
    <name>379.9</name>
  </wpt>
  <wpt lat="51.571414118919442" lon="4.639680035607733">
    <name>380.0</name>
  </wpt>
  <wpt lat="51.571495183627349" lon="4.6390716976184185">
    <name>380.1</name>
  </wpt>
  <wpt lat="51.571349345042123" lon="4.6378331467080187">
    <name>380.2</name>
  </wpt>
  <wpt lat="51.570748073330059" lon="4.6374521830570714">
    <name>380.3</name>
  </wpt>
  <wpt lat="51.548606287770156" lon="4.5874308295406037">
    <name>389.13</name>
  </wpt>
  <wpt lat="51.54930344659109" lon="4.5870305408847027">
    <name>389.2</name>
  </wpt>
  <wpt lat="51.55015902526231" lon="4.5865849821788967">
    <name>389.3</name>
  </wpt>
  <wpt lat="51.5836421682512" lon="4.4671371875390706">
    <name>404.59</name>
  </wpt>
  <wpt lat="51.583601415687937" lon="4.466727514962221">
    <name>404.6</name>
  </wpt>
  <wpt lat="51.583455544660296" lon="4.4652998701591908">
    <name>404.7</name>
  </wpt>
  <wpt lat="51.583599689403044" lon="4.4642043635682995">
    <name>404.8</name>
  </wpt>
  <wpt lat="51.584487552206816" lon="4.4639884394437761">
    <name>404.9</name>
  </wpt>
  <wpt lat="51.585377881465334" lon="4.4637847103344246">
    <name>405.0</name>
  </wpt>
  <wpt lat="51.585573014576738" lon="4.4627144845141187">
    <name>405.1</name>
  </wpt>
  <wpt lat="51.586265255801933" lon="4.4622235887080395">
    <name>405.2</name>
  </wpt>
  <wpt lat="51.587150623759911" lon="4.4619699497446215">
    <name>405.3</name>
  </wpt>
  <wpt lat="51.58746733493458" lon="4.461069256563138">
    <name>405.4</name>
  </wpt>
  <wpt lat="51.587856636899289" lon="4.46023482409066">
    <name>405.5</name>
  </wpt>
  <wpt lat="51.582572129110439" lon="4.4545903013924759">
    <name>406.49</name>
  </wpt>
  <wpt lat="51.58239800001202" lon="4.4546930738978574">
    <name>406.5</name>
  </wpt>
  <wpt lat="51.581750062653043" lon="4.4553610600575038">
    <name>406.6</name>
  </wpt>
  <wpt lat="51.581333568163956" lon="4.4561655921022414">
    <name>406.7</name>
  </wpt>
  <wpt lat="51.581434358775411" lon="4.457603180184214">
    <name>406.8</name>
  </wpt>
  <wpt lat="51.581668810331536" lon="4.4589891486777251">
    <name>406.9</name>
  </wpt>
  <wpt lat="51.581542766671681" lon="4.4600917565170741">
    <name>407.0</name>
  </wpt>
  <wpt lat="51.580668896428705" lon="4.4603667383087222">
    <name>407.1</name>
  </wpt>
  <wpt lat="51.579832394070984" lon="4.4608980100500091">
    <name>407.2</name>
  </wpt>
  <wpt lat="51.579042700482795" lon="4.4615336059506863">
    <name>407.3</name>
  </wpt>
  <wpt lat="51.578203305718226" lon="4.4620512108088137">
    <name>407.4</name>
  </wpt>
  <wpt lat="51.57733879705561" lon="4.4624485008618819">
    <name>407.5</name>
  </wpt>
  <wpt lat="51.5765334969027" lon="4.4630646171918071">
    <name>407.6</name>
  </wpt>
  <wpt lat="51.575828524021674" lon="4.4639525483642473">
    <name>407.7</name>
  </wpt>
  <wpt lat="51.5750424785561" lon="4.4646348386199373">
    <name>407.8</name>
  </wpt>
  <wpt lat="51.574383091074807" lon="4.4656053638559419">
    <name>407.9</name>
  </wpt>
  <wpt lat="51.573759741171891" lon="4.4666276901215358">
    <name>408.0</name>
  </wpt>
  <wpt lat="51.573026962140375" lon="4.4673954977857955">
    <name>408.1</name>
  </wpt>
  <wpt lat="51.572213389911077" lon="4.4679946411097848">
    <name>408.2</name>
  </wpt>
  <wpt lat="51.5713588577405" lon="4.4684455822541311">
    <name>408.3</name>
  </wpt>
  <wpt lat="51.570513720328485" lon="4.4689400827023187">
    <name>408.4</name>
  </wpt>
  <wpt lat="51.569680983987041" lon="4.4694760162949647">
    <name>408.5</name>
  </wpt>
  <wpt lat="51.568852527728794" lon="4.4700266884647268">
    <name>408.6</name>
  </wpt>
  <wpt lat="51.56801039242167" lon="4.4705341175815967">
    <name>408.7</name>
  </wpt>
  <wpt lat="51.567162768178179" lon="4.4710172021083245">
    <name>408.8</name>
  </wpt>
  <wpt lat="51.523265281230763" lon="4.4796475368193924">
    <name>414.74</name>
  </wpt>
  <wpt lat="51.522779224558477" lon="4.4801468582423443">
    <name>414.8</name>
  </wpt>
  <wpt lat="51.522113980627914" lon="4.4811114872793656">
    <name>414.9</name>
  </wpt>
  <wpt lat="51.521466189909859" lon="4.4821140572075313">
    <name>415.0</name>
  </wpt>
  <wpt lat="51.52083269250636" lon="4.4821783399058663">
    <name>415.1</name>
  </wpt>
  <wpt lat="51.520524912250224" lon="4.4808343727081006">
    <name>415.2</name>
  </wpt>
  <wpt lat="51.520277067201661" lon="4.4794450917777251">
    <name>415.3</name>
  </wpt>
  <wpt lat="51.516102764494782" lon="4.4747561567472545">
    <name>416.11</name>
  </wpt>
  <wpt lat="51.51608002856134" lon="4.4746361807106565">
    <name>416.1</name>
  </wpt>
  <wpt lat="51.516816995874215" lon="4.4741162287279534">
    <name>416.2</name>
  </wpt>
  <wpt lat="51.517687131182328" lon="4.47375118782216">
    <name>416.3</name>
  </wpt>
  <wpt lat="51.518561047246685" lon="4.4734187110040988">
    <name>416.4</name>
  </wpt>
  <wpt lat="51.519338156746549" lon="4.4728169142252705">
    <name>416.5</name>
  </wpt>
  <wpt lat="51.520198455283733" lon="4.4723999915761619">
    <name>416.6</name>
  </wpt>
  <wpt lat="51.521053860279991" lon="4.4720354304829444">
    <name>416.7</name>
  </wpt>
  <wpt lat="51.521526712458943" lon="4.472665769647624">
    <name>416.8</name>
  </wpt>
  <wpt lat="51.522377334949425" lon="4.4722596963797283">
    <name>416.9</name>
  </wpt>
  <wpt lat="51.523174499811468" lon="4.4716072167490966">
    <name>417.0</name>
  </wpt>
  <wpt lat="51.524034494334316" lon="4.47118676450513">
    <name>417.1</name>
  </wpt>
  <wpt lat="51.524874823519227" lon="4.4707400887711151">
    <name>417.2</name>
  </wpt>
  <wpt lat="51.524947911646052" lon="4.46962462755236">
    <name>417.3</name>
  </wpt>
  <wpt lat="51.524726573258256" lon="4.4682273516817315">
    <name>417.4</name>
  </wpt>
  <wpt lat="51.5246054519214" lon="4.4667952172459815">
    <name>417.5</name>
  </wpt>
  <wpt lat="51.52485871952522" lon="4.4658075035581515">
    <name>417.6</name>
  </wpt>
  <wpt lat="51.525711600678775" lon="4.4658139999999635">
    <name>417.7</name>
  </wpt>
  <wpt lat="51.531583237310628" lon="4.4597605108187555">
    <name>418.64</name>
  </wpt>
  <wpt lat="51.531999051091269" lon="4.458937898140066">
    <name>418.7</name>
  </wpt>
  <wpt lat="51.532517862903553" lon="4.45775761060196">
    <name>418.8</name>
  </wpt>
  <wpt lat="51.533096907743833" lon="4.4567145384681233">
    <name>418.9</name>
  </wpt>
  <wpt lat="51.533015152318967" lon="4.4552851113944083">
    <name>419.0</name>
  </wpt>
  <wpt lat="51.533164430806224" lon="4.4538682128112752">
    <name>419.1</name>
  </wpt>
  <wpt lat="51.533629199432177" lon="4.4526477834826617">
    <name>419.2</name>
  </wpt>
  <wpt lat="51.53361485744734" lon="4.4518908024972736">
    <name>419.3</name>
  </wpt>
  <wpt lat="51.532763431164554" lon="4.4514255349128">
    <name>419.4</name>
  </wpt>
  <wpt lat="51.531907280505685" lon="4.4509850638424142">
    <name>419.5</name>
  </wpt>
  <wpt lat="51.531054307197884" lon="4.4505271531958188">
    <name>419.6</name>
  </wpt>
  <wpt lat="51.530197282994337" lon="4.4500890590654949">
    <name>419.7</name>
  </wpt>
  <wpt lat="51.530149091413854" lon="4.4487531326156029">
    <name>419.8</name>
  </wpt>
  <wpt lat="51.530218609361" lon="4.4473118515281813">
    <name>419.9</name>
  </wpt>
  <wpt lat="51.513610853418086" lon="4.4272383156891344">
    <name>422.89</name>
  </wpt>
  <wpt lat="51.513463719443358" lon="4.426899389581977">
    <name>422.9</name>
  </wpt>
  <wpt lat="51.512789342196918" lon="4.4259519971147565">
    <name>423.0</name>
  </wpt>
  <wpt lat="51.512105529808913" lon="4.4250137629887893">
    <name>423.1</name>
  </wpt>
  <wpt lat="51.511456965039415" lon="4.4240127192027145">
    <name>423.2</name>
  </wpt>
  <wpt lat="51.510714225664543" lon="4.4232049063353172">
    <name>423.3</name>
  </wpt>
  <wpt lat="51.510046004220015" lon="4.4222381812296083">
    <name>423.4</name>
  </wpt>
  <wpt lat="51.509391783924904" lon="4.4212483884863616">
    <name>423.5</name>
  </wpt>
  <wpt lat="51.508898051524142" lon="4.4200424994986758">
    <name>423.6</name>
  </wpt>
  <wpt lat="51.508468637414573" lon="4.418772923562404">
    <name>423.7</name>
  </wpt>
  <wpt lat="51.508039223305126" lon="4.417503359591735">
    <name>423.8</name>
  </wpt>
  <wpt lat="51.507458425717033" lon="4.4164391250274733">
    <name>423.9</name>
  </wpt>
  <wpt lat="51.42325538366476" lon="4.3316600000000349">
    <name>446.18</name>
  </wpt>
  <wpt lat="51.423254021564233" lon="4.3311228697899979">
    <name>446.2</name>
  </wpt>
  <wpt lat="51.423188652834924" lon="4.3296868565757052">
    <name>446.3</name>
  </wpt>
  <wpt lat="51.423048313963434" lon="4.3282624643010195">
    <name>446.4</name>
  </wpt>
  <wpt lat="51.422911762703393" lon="4.326837033809726">
    <name>446.5</name>
  </wpt>
  <wpt lat="51.422783658421388" lon="4.3254095274289144">
    <name>446.6</name>
  </wpt>
  <wpt lat="51.42260377260417" lon="4.3240279533300008">
    <name>446.7</name>
  </wpt>
  <wpt lat="51.423043719586282" lon="4.3233298701231666">
    <name>446.8</name>
  </wpt>
  <wpt lat="51.423935345772016" lon="4.3235060000000063">
    <name>446.9</name>
  </wpt>
  <wpt lat="51.424792440211206" lon="4.3231024294565454">
    <name>447.0</name>
  </wpt>
  <wpt lat="51.425611840365136" lon="4.3225193826981272">
    <name>447.1</name>
  </wpt>
  <wpt lat="51.42639283473428" lon="4.3218063603724195">
    <name>447.2</name>
  </wpt>
  <wpt lat="51.427165352936825" lon="4.32107108161733">
    <name>447.3</name>
  </wpt>
  <wpt lat="51.427856124019861" lon="4.3201475803358464">
    <name>447.4</name>
  </wpt>
  <wpt lat="51.428568538704546" lon="4.3192876246494292">
    <name>447.5</name>
  </wpt>
  <wpt lat="51.429360548244304" lon="4.3188946762038274">
    <name>447.6</name>
  </wpt>
  <wpt lat="51.430259512993921" lon="4.3188540451084423">
    <name>447.7</name>
  </wpt>
  <wpt lat="51.431158558691074" lon="4.3188207028954109">
    <name>447.8</name>
  </wpt>
  <wpt lat="51.432057542375773" lon="4.3187859999999691">
    <name>447.9</name>
  </wpt>
  <wpt lat="51.432956658672921" lon="4.3187614959503522">
    <name>448.0</name>
  </wpt>
  <wpt lat="51.433855570409094" lon="4.3187186128078068">
    <name>448.1</name>
  </wpt>
  <wpt lat="51.434748000002507" lon="4.3186890943451424">
    <name>448.2</name>
  </wpt>
  <wpt lat="51.435598184042355" lon="4.3183891738691207">
    <name>448.3</name>
  </wpt>
  <wpt lat="51.436481945755446" lon="4.3181239651842214">
    <name>448.4</name>
  </wpt>
  <wpt lat="51.43737642008297" lon="4.3180203859641715">
    <name>448.5</name>
  </wpt>
  <wpt lat="51.438272355463837" lon="4.3181454538642416">
    <name>448.6</name>
  </wpt>
  <wpt lat="51.439138562462283" lon="4.3179574381727281">
    <name>448.7</name>
  </wpt>
  <wpt lat="51.439893601426583" lon="4.3171750213212032">
    <name>448.8</name>
  </wpt>
  <wpt lat="51.440616868385518" lon="4.3163175932455093">
    <name>448.9</name>
  </wpt>
  <wpt lat="51.441354679865356" lon="4.315502940930525">
    <name>449.0</name>
  </wpt>
  <wpt lat="51.4422102047612" lon="4.3150581773583">
    <name>449.1</name>
  </wpt>
  <wpt lat="51.442373064698941" lon="4.314010650853052">
    <name>449.2</name>
  </wpt>
  <wpt lat="51.441843268254168" lon="4.3129211120569053">
    <name>449.3</name>
  </wpt>
  <wpt lat="51.4427101284224" lon="4.3125629999999679">
    <name>449.4</name>
  </wpt>
  <wpt lat="51.475548764691084" lon="4.2907708924230636">
    <name>454.85</name>
  </wpt>
  <wpt lat="51.475424147688287" lon="4.2897996554653313">
    <name>454.9</name>
  </wpt>
  <wpt lat="51.475482968371537" lon="4.2883714857722577">
    <name>455.0</name>
  </wpt>
  <wpt lat="51.475670728059519" lon="4.2871008370388619">
    <name>455.1</name>
  </wpt>
  <wpt lat="51.474974132263384" lon="4.2862260965897061">
    <name>455.2</name>
  </wpt>
  <wpt lat="51.47456411761712" lon="4.28496497055407">
    <name>455.3</name>
  </wpt>
  <wpt lat="51.475170033846496" lon="4.284279435902385">
    <name>455.4</name>
  </wpt>
  <wpt lat="51.476024321161567" lon="4.2838283175506611">
    <name>455.5</name>
  </wpt>
  <wpt lat="51.476879496867447" lon="4.2833817703212329">
    <name>455.6</name>
  </wpt>
  <wpt lat="51.477730633221569" lon="4.2829155040066613">
    <name>455.7</name>
  </wpt>
  <wpt lat="51.478587895739331" lon="4.2824815665026419">
    <name>455.8</name>
  </wpt>
  <wpt lat="51.4783463102182" lon="4.2811634939644483">
    <name>455.9</name>
  </wpt>
  <wpt lat="51.4790347947444" lon="4.2805662714362587">
    <name>456.0</name>
  </wpt>
  <wpt lat="51.479889139761042" lon="4.2801160532785039">
    <name>456.1</name>
  </wpt>
  <wpt lat="51.480723347344231" lon="4.2800798958903687">
    <name>456.2</name>
  </wpt>
  <wpt lat="51.483107747829472" lon="4.2801801827794428">
    <name>456.55</name>
  </wpt>
  <wpt lat="51.483300254656584" lon="4.2810446476872333">
    <name>456.6</name>
  </wpt>
  <wpt lat="51.483622367848334" lon="4.2823831288792524">
    <name>456.7</name>
  </wpt>
  <wpt lat="51.484420874779623" lon="4.2824452860097386">
    <name>456.8</name>
  </wpt>
  <wpt lat="51.48531089621725" lon="4.2822616830235551">
    <name>456.9</name>
  </wpt>
  <wpt lat="51.486207196983884" lon="4.2823125109822362">
    <name>457.0</name>
  </wpt>
  <wpt lat="51.487051929299184" lon="4.28277546784539">
    <name>457.1</name>
  </wpt>
  <wpt lat="51.48784539451556" lon="4.2834505222797405">
    <name>457.2</name>
  </wpt>
  <wpt lat="51.48854277192649" lon="4.2843613677081054">
    <name>457.3</name>
  </wpt>
  <wpt lat="51.489206234757916" lon="4.2853362476856889">
    <name>457.4</name>
  </wpt>
  <wpt lat="51.489839482876157" lon="4.2855139525778894">
    <name>457.5</name>
  </wpt>
  <wpt lat="51.493320469679432" lon="4.28679953042846">
    <name>458.22</name>
  </wpt>
  <wpt lat="51.493990006573" lon="4.2872221617534905">
    <name>458.3</name>
  </wpt>
  <wpt lat="51.494607818818579" lon="4.2862338891420535">
    <name>458.4</name>
  </wpt>
  <wpt lat="51.495198967835378" lon="4.2851454826574695">
    <name>458.5</name>
  </wpt>
  <wpt lat="51.495999280740655" lon="4.2845216837181681">
    <name>458.6</name>
  </wpt>
  <wpt lat="51.49686940714647" lon="4.2841699845243761">
    <name>458.7</name>
  </wpt>
  <wpt lat="51.498783654441915" lon="4.2825406489541749">
    <name>458.97</name>
  </wpt>
  <wpt lat="51.499036348413604" lon="4.2829333258643745">
    <name>459.0</name>
  </wpt>
  <wpt lat="51.499488107359" lon="4.2821865206477234">
    <name>459.1</name>
  </wpt>
  <wpt lat="51.511401592134263" lon="4.2790236446108727">
    <name>460.55</name>
  </wpt>
  <wpt lat="51.511976632848295" lon="4.2787534163198186">
    <name>460.6</name>
  </wpt>
  <wpt lat="51.5212010000066" lon="4.275166915323342">
    <name>461.69</name>
  </wpt>
  <wpt lat="51.521106955560711" lon="4.2748099555505279">
    <name>461.7</name>
  </wpt>
  <wpt lat="51.521270356184473" lon="4.2734429156607376">
    <name>461.8</name>
  </wpt>
  <wpt lat="51.522014522280841" lon="4.2727894846308354">
    <name>461.9</name>
  </wpt>
  <wpt lat="51.522753402948361" lon="4.2719700837253205">
    <name>462.0</name>
  </wpt>
  <wpt lat="51.523494535758971" lon="4.2711524658282771">
    <name>462.1</name>
  </wpt>
  <wpt lat="51.5242733115886" lon="4.2704315371314525">
    <name>462.2</name>
  </wpt>
  <wpt lat="51.525070593529804" lon="4.2697631603460549">
    <name>462.3</name>
  </wpt>
  <wpt lat="51.525920042224222" lon="4.2692944789045111">
    <name>462.4</name>
  </wpt>
  <wpt lat="51.526760351253309" lon="4.2687914501650406">
    <name>462.5</name>
  </wpt>
  <wpt lat="51.527579354076671" lon="4.2681989515278556">
    <name>462.6</name>
  </wpt>
  <wpt lat="51.528403193763474" lon="4.2676202721743062">
    <name>462.7</name>
  </wpt>
  <wpt lat="51.529168711408275" lon="4.2680373159857545">
    <name>462.8</name>
  </wpt>
  <wpt lat="51.529923372726174" lon="4.2688213724082305">
    <name>462.9</name>
  </wpt>
  <wpt lat="51.530529898754025" lon="4.269749601783122">
    <name>463.0</name>
  </wpt>
  <wpt lat="51.530959459194257" lon="4.271019516135806">
    <name>463.1</name>
  </wpt>
  <wpt lat="51.531371228245519" lon="4.2723046844764765">
    <name>463.2</name>
  </wpt>
  <wpt lat="51.532233067986965" lon="4.2721437999946286">
    <name>463.3</name>
  </wpt>
  <wpt lat="51.533118263708275" lon="4.2718894667264031">
    <name>463.4</name>
  </wpt>
  <wpt lat="51.53400341446202" lon="4.2716347203740455">
    <name>463.5</name>
  </wpt>
  <wpt lat="51.534893980964441" lon="4.2714499999999713">
    <name>463.6</name>
  </wpt>
  <wpt lat="51.5357932058427" lon="4.271435712855725">
    <name>463.7</name>
  </wpt>
  <wpt lat="51.536692235017156" lon="4.2714005088387026">
    <name>463.8</name>
  </wpt>
  <wpt lat="51.537591012685951" lon="4.2713639999999877">
    <name>463.9</name>
  </wpt>
  <wpt lat="51.53849012474565" lon="4.2713430000000319">
    <name>464.0</name>
  </wpt>
  <wpt lat="51.539388477660395" lon="4.2712848922543651">
    <name>464.1</name>
  </wpt>
  <wpt lat="51.54028729996179" lon="4.2712446825835952">
    <name>464.2</name>
  </wpt>
  <wpt lat="51.541145631394151" lon="4.2708422460249222">
    <name>464.3</name>
  </wpt>
  <wpt lat="51.541875086873617" lon="4.2700113502967829">
    <name>464.4</name>
  </wpt>
  <wpt lat="51.542555769388159" lon="4.269066329588628">
    <name>464.5</name>
  </wpt>
  <wpt lat="51.543234024649969" lon="4.268116783431247">
    <name>464.6</name>
  </wpt>
  <wpt lat="51.543920471222563" lon="4.2671827994417226">
    <name>464.7</name>
  </wpt>
  <wpt lat="51.544624405995343" lon="4.2662829577293326">
    <name>464.8</name>
  </wpt>
  <wpt lat="51.545388411277763" lon="4.2658487088731309">
    <name>464.9</name>
  </wpt>
  <wpt lat="51.545974182820643" lon="4.2669443648615459">
    <name>465.0</name>
  </wpt>
  <wpt lat="51.54643902227145" lon="4.268165328169057">
    <name>465.1</name>
  </wpt>
  <wpt lat="51.546956806818265" lon="4.2693348060398328">
    <name>465.2</name>
  </wpt>
  <wpt lat="51.547488446951725" lon="4.2704886925804733">
    <name>465.3</name>
  </wpt>
  <wpt lat="51.547616000224089" lon="4.2718963794779885">
    <name>465.4</name>
  </wpt>
  <wpt lat="51.548143042093422" lon="4.2728722465171565">
    <name>465.5</name>
  </wpt>
  <wpt lat="51.54903835099784" lon="4.2728387332257025">
    <name>465.6</name>
  </wpt>
  <wpt lat="51.5497673792808" lon="4.27275557793927">
    <name>465.7</name>
  </wpt>
  <wpt lat="51.550333713750035" lon="4.2738786913769715">
    <name>465.8</name>
  </wpt>
  <wpt lat="51.550921106616535" lon="4.2749738398466679">
    <name>465.9</name>
  </wpt>
  <wpt lat="51.551534978416022" lon="4.2760302109259039">
    <name>466.0</name>
  </wpt>
  <wpt lat="51.552169369601323" lon="4.2770516337914284">
    <name>466.1</name>
  </wpt>
  <wpt lat="51.5526861827255" lon="4.2782352837482307">
    <name>466.2</name>
  </wpt>
  <wpt lat="51.553237517614093" lon="4.2793684532833742">
    <name>466.3</name>
  </wpt>
  <wpt lat="51.554028305164444" lon="4.2800572534927879">
    <name>466.4</name>
  </wpt>
  <wpt lat="51.5547580894948" lon="4.2808681512021556">
    <name>466.5</name>
  </wpt>
  <wpt lat="51.555228189893832" lon="4.2821012112515016">
    <name>466.6</name>
  </wpt>
  <wpt lat="51.555699060656551" lon="4.2833335229326153">
    <name>466.7</name>
  </wpt>
  <wpt lat="51.556186025512915" lon="4.2845457516023933">
    <name>466.8</name>
  </wpt>
  <wpt lat="51.557019183211978" lon="4.28508811963517">
    <name>466.9</name>
  </wpt>
  <wpt lat="51.557858077503937" lon="4.2856083940607768">
    <name>467.0</name>
  </wpt>
  <wpt lat="51.558672024259586" lon="4.2862233592989059">
    <name>467.1</name>
  </wpt>
  <wpt lat="51.559484491564859" lon="4.2868435344858007">
    <name>467.2</name>
  </wpt>
  <wpt lat="51.560296359541034" lon="4.2874657770809712">
    <name>467.3</name>
  </wpt>
  <wpt lat="51.561051679665084" lon="4.2878169066874943">
    <name>467.4</name>
  </wpt>
  <wpt lat="51.561809702283341" lon="4.287048118466064">
    <name>467.5</name>
  </wpt>
  <wpt lat="51.56261926426528" lon="4.28641963007684">
    <name>467.6</name>
  </wpt>
  <wpt lat="51.563462315767268" lon="4.2859184515443962">
    <name>467.7</name>
  </wpt>
  <wpt lat="51.564329617870328" lon="4.285539906835254">
    <name>467.8</name>
  </wpt>
  <wpt lat="51.565217479801909" lon="4.285330903741122">
    <name>467.9</name>
  </wpt>
  <wpt lat="51.566115381843247" lon="4.2852503546060809">
    <name>468.0</name>
  </wpt>
  <wpt lat="51.567013478314" lon="4.2851748624117167">
    <name>468.1</name>
  </wpt>
  <wpt lat="51.567911716340546" lon="4.2851043649534">
    <name>468.2</name>
  </wpt>
  <wpt lat="51.568810357468891" lon="4.2850480919738549">
    <name>468.3</name>
  </wpt>
  <wpt lat="51.569708998597235" lon="4.2849918178818784">
    <name>468.4</name>
  </wpt>
  <wpt lat="51.570607601384047" lon="4.2849339802611794">
    <name>468.5</name>
  </wpt>
  <wpt lat="51.571505690400528" lon="4.2848586230232959">
    <name>468.6</name>
  </wpt>
  <wpt lat="51.572404251030264" lon="4.28480501503347">
    <name>468.7</name>
  </wpt>
  <wpt lat="51.573303417362254" lon="4.2847781276459393">
    <name>468.8</name>
  </wpt>
  <wpt lat="51.573369128584346" lon="4.2834978408415605">
    <name>468.9</name>
  </wpt>
  <wpt lat="51.574177756443127" lon="4.2833861547492447">
    <name>469.0</name>
  </wpt>
  <wpt lat="51.574998182328983" lon="4.283743895993199">
    <name>469.1</name>
  </wpt>
  <wpt lat="51.574977213796664" lon="4.2851798115879731">
    <name>469.2</name>
  </wpt>
  <wpt lat="51.574904382649223" lon="4.2866216623349258">
    <name>469.3</name>
  </wpt>
  <wpt lat="51.574157616600033" lon="4.2871268022960605">
    <name>469.4</name>
  </wpt>
  <wpt lat="51.573505248246015" lon="4.2875548471372635">
    <name>469.5</name>
  </wpt>
  <wpt lat="51.57355233217406" lon="4.2889998577218336">
    <name>469.6</name>
  </wpt>
  <wpt lat="51.573594382677761" lon="4.2904452527731758">
    <name>469.7</name>
  </wpt>
  <wpt lat="51.573637194056609" lon="4.2918905068948012">
    <name>469.8</name>
  </wpt>
  <wpt lat="51.5736815903546" lon="4.2933355248103195">
    <name>469.9</name>
  </wpt>
  <wpt lat="51.573730621173368" lon="4.2947802974691447">
    <name>470.0</name>
  </wpt>
  <wpt lat="51.573773939806728" lon="4.2962254612779791">
    <name>470.1</name>
  </wpt>
  <wpt lat="51.573822851978328" lon="4.2976702654241938">
    <name>470.2</name>
  </wpt>
  <wpt lat="51.573866095031377" lon="4.2991155967913661">
    <name>470.3</name>
  </wpt>
  <wpt lat="51.5739179254479" lon="4.3005601480057258">
    <name>470.4</name>
  </wpt>
  <wpt lat="51.573968322218292" lon="4.3020048824477186">
    <name>470.5</name>
  </wpt>
  <wpt lat="51.574020282520948" lon="4.3034494666293162">
    <name>470.6</name>
  </wpt>
  <wpt lat="51.57406109098153" lon="4.3048946922211115">
    <name>470.7</name>
  </wpt>
  <wpt lat="51.574096269876094" lon="4.306340388790157">
    <name>470.8</name>
  </wpt>
  <wpt lat="51.574148430851771" lon="4.3077849668083994">
    <name>470.9</name>
  </wpt>
  <wpt lat="51.574199229046691" lon="4.3092280541181687">
    <name>471.0</name>
  </wpt>
  <wpt lat="51.573961441565338" lon="4.3102796345067107">
    <name>471.1</name>
  </wpt>
  <wpt lat="51.573129000021709" lon="4.3106435375949692">
    <name>471.2</name>
  </wpt>
  <wpt lat="51.578085000238531" lon="4.3170561197722579">
    <name>472.42</name>
  </wpt>
  <wpt lat="51.578919354671349" lon="4.3170472763477488">
    <name>472.5</name>
  </wpt>
  <wpt lat="51.585365299177774" lon="4.3159428506905142">
    <name>473.42</name>
  </wpt>
  <wpt lat="51.586207237325951" lon="4.31578221121804">
    <name>473.5</name>
  </wpt>
  <wpt lat="51.628069575482812" lon="4.3640460677917181">
    <name>479.77</name>
  </wpt>
  <wpt lat="51.628356214133909" lon="4.3636856122013326">
    <name>479.8</name>
  </wpt>
  <wpt lat="51.629224026172288" lon="4.3639001595459712">
    <name>479.9</name>
  </wpt>
  <wpt lat="51.630057109533006" lon="4.36444333208667">
    <name>480.0</name>
  </wpt>
  <wpt lat="51.630882220901285" lon="4.3650193437341542">
    <name>480.1</name>
  </wpt>
  <wpt lat="51.631709524543624" lon="4.3655874426858476">
    <name>480.2</name>
  </wpt>
  <wpt lat="51.6325390058562" lon="4.3661461962440509">
    <name>480.3</name>
  </wpt>
  <wpt lat="51.633366807230821" lon="4.3667122031602039">
    <name>480.4</name>
  </wpt>
  <wpt lat="51.634147862283875" lon="4.3673974369076012">
    <name>480.5</name>
  </wpt>
  <wpt lat="51.634654226388037" lon="4.3685908862335783">
    <name>480.6</name>
  </wpt>
  <wpt lat="51.635187072575988" lon="4.3696879029914237">
    <name>480.7</name>
  </wpt>
  <wpt lat="51.635737970199372" lon="4.3706981405974572">
    <name>480.8</name>
  </wpt>
  <wpt lat="51.6362883559265" lon="4.3718378457158966">
    <name>480.9</name>
  </wpt>
  <wpt lat="51.637030117050088" lon="4.3726462510048085">
    <name>481.0</name>
  </wpt>
  <wpt lat="51.637732584693495" lon="4.3729613655672157">
    <name>481.1</name>
  </wpt>
  <wpt lat="51.63821356087545" lon="4.3739279664853434">
    <name>481.2</name>
  </wpt>
  <wpt lat="51.63869908383338" lon="4.3751431232716715">
    <name>481.3</name>
  </wpt>
  <wpt lat="51.639234549141925" lon="4.3763073474924532">
    <name>481.4</name>
  </wpt>
  <wpt lat="51.639762967057344" lon="4.3774797609557616">
    <name>481.5</name>
  </wpt>
  <wpt lat="51.640266686140258" lon="4.3786799474133744">
    <name>481.6</name>
  </wpt>
  <wpt lat="51.640770185013686" lon="4.3798795718263666">
    <name>481.7</name>
  </wpt>
  <wpt lat="51.641307876414452" lon="4.3810411822210016">
    <name>481.8</name>
  </wpt>
  <wpt lat="51.641861927340358" lon="4.3821819060600111">
    <name>481.9</name>
  </wpt>
  <wpt lat="51.642503217791152" lon="4.3831829343028934">
    <name>482.0</name>
  </wpt>
  <wpt lat="51.642934005548824" lon="4.3844425953764672">
    <name>482.1</name>
  </wpt>
  <wpt lat="51.643325230598492" lon="4.3857474971713657">
    <name>482.2</name>
  </wpt>
  <wpt lat="51.643727229661906" lon="4.3870438293813043">
    <name>482.3</name>
  </wpt>
  <wpt lat="51.643771675608178" lon="4.3883816747540827">
    <name>482.4</name>
  </wpt>
  <wpt lat="51.643869154386294" lon="4.38967238280475">
    <name>482.5</name>
  </wpt>
  <wpt lat="51.644514987352544" lon="4.3906609034838793">
    <name>482.6</name>
  </wpt>
  <wpt lat="51.64522690392932" lon="4.3915398262302316">
    <name>482.7</name>
  </wpt>
  <wpt lat="51.645990926411081" lon="4.3922486540439873">
    <name>482.8</name>
  </wpt>
  <wpt lat="51.6467370924015" lon="4.3929294284685874">
    <name>482.9</name>
  </wpt>
  <wpt lat="51.647326159781244" lon="4.3940084045792291">
    <name>483.0</name>
  </wpt>
  <wpt lat="51.648103819656022" lon="4.3947255422448928">
    <name>483.1</name>
  </wpt>
  <wpt lat="51.648657890467717" lon="4.3958535374439167">
    <name>483.2</name>
  </wpt>
  <wpt lat="51.648898835290055" lon="4.39724281790754">
    <name>483.3</name>
  </wpt>
  <wpt lat="51.64909438784516" lon="4.398657540322592">
    <name>483.4</name>
  </wpt>
  <wpt lat="51.649100053696" lon="4.3998684025567689">
    <name>483.5</name>
  </wpt>
  <wpt lat="51.649191790155889" lon="4.4010363169924567">
    <name>483.6</name>
  </wpt>
  <wpt lat="51.649316146083883" lon="4.4024531688100375">
    <name>483.7</name>
  </wpt>
  <wpt lat="51.649286530077731" lon="4.403901795143109">
    <name>483.8</name>
  </wpt>
  <wpt lat="51.649629141906708" lon="4.4051578965119971">
    <name>483.9</name>
  </wpt>
  <wpt lat="51.650334962988332" lon="4.4060536312597218">
    <name>484.0</name>
  </wpt>
  <wpt lat="51.65100562705814" lon="4.4070193055936215">
    <name>484.1</name>
  </wpt>
  <wpt lat="51.651672367991559" lon="4.4079920108887736">
    <name>484.2</name>
  </wpt>
  <wpt lat="51.652337840433582" lon="4.4089669991263323">
    <name>484.3</name>
  </wpt>
  <wpt lat="51.653003312875505" lon="4.409942001678524">
    <name>484.4</name>
  </wpt>
  <wpt lat="51.653767817176629" lon="4.4104439326693425">
    <name>484.5</name>
  </wpt>
  <wpt lat="51.654647070797267" lon="4.4101394153618623">
    <name>484.6</name>
  </wpt>
  <wpt lat="51.65552704121604" lon="4.4098471044476968">
    <name>484.7</name>
  </wpt>
  <wpt lat="51.65642158771454" lon="4.4098458642820493">
    <name>484.8</name>
  </wpt>
  <wpt lat="51.657131993339526" lon="4.410407743535913">
    <name>484.9</name>
  </wpt>
  <wpt lat="51.656680258919593" lon="4.4116599766982176">
    <name>485.0</name>
  </wpt>
  <wpt lat="51.656340214798057" lon="4.4129968623581108">
    <name>485.1</name>
  </wpt>
  <wpt lat="51.65589660861491" lon="4.4142390802903027">
    <name>485.2</name>
  </wpt>
  <wpt lat="51.655346569259343" lon="4.4153852401100737">
    <name>485.3</name>
  </wpt>
  <wpt lat="51.654796789845243" lon="4.416532414186646">
    <name>485.4</name>
  </wpt>
  <wpt lat="51.654266611126509" lon="4.4177026422182655">
    <name>485.5</name>
  </wpt>
  <wpt lat="51.653789820391836" lon="4.4189317169213522">
    <name>485.6</name>
  </wpt>
  <wpt lat="51.65333383160327" lon="4.4200327315277335">
    <name>485.7</name>
  </wpt>
  <wpt lat="51.653129961389254" lon="4.4212811100206091">
    <name>485.8</name>
  </wpt>
  <wpt lat="51.653927426918266" lon="4.4219511868873926">
    <name>485.9</name>
  </wpt>
  <wpt lat="51.654723145439057" lon="4.4226264191150557">
    <name>486.0</name>
  </wpt>
  <wpt lat="51.655502990394837" lon="4.4233483922875143">
    <name>486.1</name>
  </wpt>
  <wpt lat="51.656265327858669" lon="4.4241159886416241">
    <name>486.2</name>
  </wpt>
  <wpt lat="51.656944077028975" lon="4.4250638458148543">
    <name>486.3</name>
  </wpt>
  <wpt lat="51.657605496766649" lon="4.4260460137000672">
    <name>486.4</name>
  </wpt>
  <wpt lat="51.658277718354142" lon="4.4270090252675827">
    <name>486.5</name>
  </wpt>
  <wpt lat="51.658949939941543" lon="4.4279720511203182">
    <name>486.6</name>
  </wpt>
  <wpt lat="51.659676739469226" lon="4.4288193210531448">
    <name>486.7</name>
  </wpt>
  <wpt lat="51.660478223278872" lon="4.42947548208422">
    <name>486.8</name>
  </wpt>
  <wpt lat="51.6613092418315" lon="4.43002969141795">
    <name>486.9</name>
  </wpt>
  <wpt lat="51.6621136671467" lon="4.4306694977388474">
    <name>487.0</name>
  </wpt>
  <wpt lat="51.662874442703178" lon="4.4314426538911338">
    <name>487.1</name>
  </wpt>
  <wpt lat="51.66363201414606" lon="4.432223906165107">
    <name>487.2</name>
  </wpt>
  <wpt lat="51.664391597481149" lon="4.4330001153271512">
    <name>487.3</name>
  </wpt>
  <wpt lat="51.665151671411337" lon="4.4337751018614826">
    <name>487.4</name>
  </wpt>
  <wpt lat="51.665911745341447" lon="4.4345501013976154">
    <name>487.5</name>
  </wpt>
  <wpt lat="51.666671819271485" lon="4.43532511393606">
    <name>487.6</name>
  </wpt>
  <wpt lat="51.667431210918068" lon="4.4361018745295455">
    <name>487.7</name>
  </wpt>
  <wpt lat="51.668129281147458" lon="4.43634943540503">
    <name>487.8</name>
  </wpt>
  <wpt lat="51.66873029889959" lon="4.4352707900923285">
    <name>487.9</name>
  </wpt>
  <wpt lat="51.669476942227483" lon="4.4344983944215564">
    <name>488.0</name>
  </wpt>
  <wpt lat="51.670296707790371" lon="4.4339021017935139">
    <name>488.1</name>
  </wpt>
  <wpt lat="51.6711156253039" lon="4.4333027923230475">
    <name>488.2</name>
  </wpt>
  <wpt lat="51.671936867557442" lon="4.4327117919828849">
    <name>488.3</name>
  </wpt>
  <wpt lat="51.672763954621104" lon="4.4321461620444937">
    <name>488.4</name>
  </wpt>
  <wpt lat="51.67362336102012" lon="4.4317389999999595">
    <name>488.5</name>
  </wpt>
  <wpt lat="51.674431107121414" lon="4.4323233023188253">
    <name>488.6</name>
  </wpt>
  <wpt lat="51.67521358718637" lon="4.43303758710368">
    <name>488.7</name>
  </wpt>
  <wpt lat="51.6756839044072" lon="4.4320233825057835">
    <name>488.8</name>
  </wpt>
  <wpt lat="51.676210395853182" lon="4.4312892082956576">
    <name>488.9</name>
  </wpt>
  <wpt lat="51.676975502589471" lon="4.4320401954939941">
    <name>489.0</name>
  </wpt>
  <wpt lat="51.677764628515334" lon="4.4327153027587327">
    <name>489.1</name>
  </wpt>
  <wpt lat="51.677672507128257" lon="4.4338614216569265">
    <name>489.2</name>
  </wpt>
  <wpt lat="51.677586100302804" lon="4.4350192405433688">
    <name>489.3</name>
  </wpt>
  <wpt lat="51.678310852096516" lon="4.435534274924021">
    <name>489.4</name>
  </wpt>
  <wpt lat="51.67897914165053" lon="4.4364496860410734">
    <name>489.5</name>
  </wpt>
  <wpt lat="51.679757691736391" lon="4.437175622508013">
    <name>489.6</name>
  </wpt>
  <wpt lat="51.680536064095314" lon="4.4379020968901051">
    <name>489.7</name>
  </wpt>
  <wpt lat="51.681313153393852" lon="4.4386321649449032">
    <name>489.8</name>
  </wpt>
  <wpt lat="51.682090242692311" lon="4.439362245529356">
    <name>489.9</name>
  </wpt>
  <wpt lat="51.682867331990721" lon="4.4400923386439732">
    <name>490.0</name>
  </wpt>
  <wpt lat="51.68364433456275" lon="4.4408226839727085">
    <name>490.1</name>
  </wpt>
  <wpt lat="51.684426645560542" lon="4.4413978606660667">
    <name>490.2</name>
  </wpt>
  <wpt lat="51.685191734548368" lon="4.4421550837332937">
    <name>490.3</name>
  </wpt>
  <wpt lat="51.685988323281883" lon="4.4428243927282765">
    <name>490.4</name>
  </wpt>
  <wpt lat="51.686672218509926" lon="4.4435708167012518">
    <name>490.5</name>
  </wpt>
  <wpt lat="51.687554472855332" lon="4.4437980000000339">
    <name>490.6</name>
  </wpt>
  <wpt lat="51.688412452831592" lon="4.4434076604902595">
    <name>490.7</name>
  </wpt>
  <wpt lat="51.689165958191225" lon="4.4426246045404172">
    <name>490.8</name>
  </wpt>
  <wpt lat="51.689017040612868" lon="4.4415676215829167">
    <name>490.9</name>
  </wpt>
  <wpt lat="51.689626138512921" lon="4.441211291147221">
    <name>491.0</name>
  </wpt>
  <wpt lat="51.690379584802024" lon="4.4417485263328649">
    <name>491.1</name>
  </wpt>
  <wpt lat="51.691184352522384" lon="4.4411249209554038">
    <name>491.2</name>
  </wpt>
  <wpt lat="51.691713271635521" lon="4.4399557131398781">
    <name>491.3</name>
  </wpt>
  <wpt lat="51.69195043743624" lon="4.4388427321748631">
    <name>491.4</name>
  </wpt>
  <wpt lat="51.692117138881862" lon="4.4380551288520538">
    <name>491.5</name>
  </wpt>
  <wpt lat="51.692761258914743" lon="4.438898614064346">
    <name>491.6</name>
  </wpt>
  <wpt lat="51.693499932739464" lon="4.4397259147768224">
    <name>491.7</name>
  </wpt>
  <wpt lat="51.693896058554529" lon="4.440625923799824">
    <name>491.8</name>
  </wpt>
  <wpt lat="51.693822502030237" lon="4.4414467351037379">
    <name>491.9</name>
  </wpt>
  <wpt lat="51.694348854881611" lon="4.4402763611432832">
    <name>492.0</name>
  </wpt>
  <wpt lat="51.695041258422719" lon="4.4406234592351241">
    <name>492.1</name>
  </wpt>
  <wpt lat="51.695821896072353" lon="4.4409031043518734">
    <name>492.2</name>
  </wpt>
  <wpt lat="51.69625757599848" lon="4.4398130101151585">
    <name>492.3</name>
  </wpt>
  <wpt lat="51.695807769506295" lon="4.4385849003812679">
    <name>492.4</name>
  </wpt>
  <wpt lat="51.695678561657765" lon="4.4371532344058044">
    <name>492.5</name>
  </wpt>
  <wpt lat="51.696069075814812" lon="4.4359598550164083">
    <name>492.6</name>
  </wpt>
  <wpt lat="51.696459721378" lon="4.4346753281953477">
    <name>492.7</name>
  </wpt>
  <wpt lat="51.696435112439666" lon="4.433226305835789">
    <name>492.8</name>
  </wpt>
  <wpt lat="51.69638009200812" lon="4.4317798788642184">
    <name>492.9</name>
  </wpt>
  <wpt lat="51.696360000200151" lon="4.4303296227145745">
    <name>493.0</name>
  </wpt>
  <wpt lat="51.696557823478472" lon="4.4289161339366361">
    <name>493.1</name>
  </wpt>
  <wpt lat="51.696753342457932" lon="4.4275001067061">
    <name>493.2</name>
  </wpt>
  <wpt lat="51.696830950055038" lon="4.4260677247017757">
    <name>493.3</name>
  </wpt>
  <wpt lat="51.696405602052828" lon="4.4248138411577882">
    <name>493.4</name>
  </wpt>
  <wpt lat="51.69582664135573" lon="4.42370371140117">
    <name>493.5</name>
  </wpt>
  <wpt lat="51.695227645326533" lon="4.422621621853998">
    <name>493.6</name>
  </wpt>
  <wpt lat="51.694638534951558" lon="4.4215258071586527">
    <name>493.7</name>
  </wpt>
  <wpt lat="51.694048811775453" lon="4.4204308249562434">
    <name>493.8</name>
  </wpt>
  <wpt lat="51.693452727725472" lon="4.419344548389387">
    <name>493.9</name>
  </wpt>
  <wpt lat="51.692864830796736" lon="4.4182466520290431">
    <name>494.0</name>
  </wpt>
  <wpt lat="51.692277101986932" lon="4.4171485356264251">
    <name>494.1</name>
  </wpt>
  <wpt lat="51.691577260748808" lon="4.417702300052361">
    <name>494.2</name>
  </wpt>
  <wpt lat="51.690814762768234" lon="4.4184543529647007">
    <name>494.3</name>
  </wpt>
  <wpt lat="51.690003334937167" lon="4.4190798760556218">
    <name>494.4</name>
  </wpt>
  <wpt lat="51.689191907106142" lon="4.41970538793379">
    <name>494.5</name>
  </wpt>
  <wpt lat="51.688367206980068" lon="4.4197574340517329">
    <name>494.6</name>
  </wpt>
  <wpt lat="51.687571449560131" lon="4.4190815885134871">
    <name>494.7</name>
  </wpt>
  <wpt lat="51.686756768300214" lon="4.41848833620321">
    <name>494.8</name>
  </wpt>
  <wpt lat="51.685862191922844" lon="4.4185708753704009">
    <name>494.9</name>
  </wpt>
  <wpt lat="51.684967516901239" lon="4.4187181408289558">
    <name>495.0</name>
  </wpt>
  <wpt lat="51.684071536420056" lon="4.4188427750932178">
    <name>495.1</name>
  </wpt>
  <wpt lat="51.683263545416317" lon="4.418400016905502">
    <name>495.2</name>
  </wpt>
  <wpt lat="51.682611346231042" lon="4.4170972133821689">
    <name>495.33</name>
  </wpt>
  <wpt lat="51.683169855741369" lon="4.4162837475335674">
    <name>495.4</name>
  </wpt>
  <wpt lat="51.683837303775235" lon="4.4153115980751032">
    <name>495.5</name>
  </wpt>
  <wpt lat="51.684504751809" lon="4.414339434285111">
    <name>495.6</name>
  </wpt>
  <wpt lat="51.685172199842675" lon="4.41336725616298">
    <name>495.7</name>
  </wpt>
  <wpt lat="51.685833398389434" lon="4.4123841731125966">
    <name>495.8</name>
  </wpt>
  <wpt lat="51.686485692077554" lon="4.4113855643768956">
    <name>495.9</name>
  </wpt>
  <wpt lat="51.68713798576556" lon="4.410386941252467">
    <name>496.0</name>
  </wpt>
  <wpt lat="51.68779027945348" lon="4.409388303738802">
    <name>496.1</name>
  </wpt>
  <wpt lat="51.688438153593346" lon="4.40838383617762">
    <name>496.2</name>
  </wpt>
  <wpt lat="51.689127588658337" lon="4.4074528026493409">
    <name>496.3</name>
  </wpt>
  <wpt lat="51.689799221473805" lon="4.4064880529997827">
    <name>496.4</name>
  </wpt>
  <wpt lat="51.690498284529809" lon="4.405577819521131">
    <name>496.5</name>
  </wpt>
  <wpt lat="51.691190739374278" lon="4.4046525109846622">
    <name>496.6</name>
  </wpt>
  <wpt lat="51.69188027869825" lon="4.4037211703579">
    <name>496.7</name>
  </wpt>
  <wpt lat="51.692571038402164" lon="4.4027921704507369">
    <name>496.8</name>
  </wpt>
  <wpt lat="51.693261798105972" lon="4.4018631563653239">
    <name>496.9</name>
  </wpt>
  <wpt lat="51.6939631730981" lon="4.4009554430422764">
    <name>497.0</name>
  </wpt>
  <wpt lat="51.694691103712046" lon="4.4001054646751854">
    <name>497.1</name>
  </wpt>
  <wpt lat="51.695470975560042" lon="4.3993848330131611">
    <name>497.2</name>
  </wpt>
  <wpt lat="51.696280399863291" lon="4.3987528488276375">
    <name>497.3</name>
  </wpt>
  <wpt lat="51.697100990354961" lon="4.3981591616279561">
    <name>497.4</name>
  </wpt>
  <wpt lat="51.697937199061293" lon="4.3976253554062525">
    <name>497.5</name>
  </wpt>
  <wpt lat="51.698775331071623" lon="4.3970993704759822">
    <name>497.6</name>
  </wpt>
  <wpt lat="51.699631674278145" lon="4.3966567382773141">
    <name>497.7</name>
  </wpt>
  <wpt lat="51.700501066885728" lon="4.3962874944561872">
    <name>497.8</name>
  </wpt>
  <wpt lat="51.70138640769737" lon="4.3960444379374053">
    <name>497.9</name>
  </wpt>
  <wpt lat="51.702215118118716" lon="4.3958867033830762">
    <name>498.0</name>
  </wpt>
  <wpt lat="51.703113563349504" lon="4.395823775458445">
    <name>498.1</name>
  </wpt>
  <wpt lat="51.704010161848842" lon="4.3958240809044637">
    <name>498.2</name>
  </wpt>
  <wpt lat="51.7048945349999" lon="4.3959556638834805">
    <name>498.3</name>
  </wpt>
  <wpt lat="51.70578984222908" lon="4.3960759999999866">
    <name>498.4</name>
  </wpt>
  <wpt lat="51.706688983775891" lon="4.3960897317739933">
    <name>498.5</name>
  </wpt>
  <wpt lat="51.707578885209564" lon="4.3962830581128722">
    <name>498.6</name>
  </wpt>
  <wpt lat="51.708452555025623" lon="4.3966218802819448">
    <name>498.7</name>
  </wpt>
  <wpt lat="51.709317674541204" lon="4.397018321062081">
    <name>498.8</name>
  </wpt>
  <wpt lat="51.710178534022283" lon="4.3974356279941516">
    <name>498.9</name>
  </wpt>
  <wpt lat="51.711020069591555" lon="4.397947130218097">
    <name>499.0</name>
  </wpt>
  <wpt lat="51.711859093728634" lon="4.3984696352119927">
    <name>499.1</name>
  </wpt>
  <wpt lat="51.712698047910571" lon="4.3989924425279412">
    <name>499.2</name>
  </wpt>
  <wpt lat="51.713537002092465" lon="4.3995152595416807">
    <name>499.3</name>
  </wpt>
  <wpt lat="51.714375956274331" lon="4.4000380862537209">
    <name>499.4</name>
  </wpt>
  <wpt lat="51.715214910456162" lon="4.4005609226645692">
    <name>499.5</name>
  </wpt>
  <wpt lat="51.716053864637956" lon="4.401083768774634">
    <name>499.6</name>
  </wpt>
  <wpt lat="51.716892818819709" lon="4.4016066245844234">
    <name>499.7</name>
  </wpt>
  <wpt lat="51.717731773001418" lon="4.4021294900944463">
    <name>499.8</name>
  </wpt>
  <wpt lat="51.718570727183085" lon="4.40265236530511">
    <name>499.9</name>
  </wpt>
  <wpt lat="51.719409570996788" lon="4.4031757115201993">
    <name>500.0</name>
  </wpt>
  <wpt lat="51.720247074444991" lon="4.4037046198091137">
    <name>500.1</name>
  </wpt>
  <wpt lat="51.721071159770759" lon="4.404283726056204">
    <name>500.2</name>
  </wpt>
  <wpt lat="51.721898176120959" lon="4.4048514258968332">
    <name>500.3</name>
  </wpt>
  <wpt lat="51.72273526550476" lon="4.4053820797410248">
    <name>500.4</name>
  </wpt>
  <wpt lat="51.723572354888518" lon="4.40591274341023">
    <name>500.5</name>
  </wpt>
  <wpt lat="51.724402350823205" lon="4.40641552357434">
    <name>500.6</name>
  </wpt>
  <wpt lat="51.725241901297828" lon="4.40693596687254">
    <name>500.7</name>
  </wpt>
  <wpt lat="51.726081187030189" lon="4.407457540590662">
    <name>500.8</name>
  </wpt>
  <wpt lat="51.726920472762515" lon="4.4079791239922237">
    <name>500.9</name>
  </wpt>
  <wpt lat="51.72775349944493" lon="4.4085255753204349">
    <name>501.0</name>
  </wpt>
  <wpt lat="51.728580137654049" lon="4.4090974048043563">
    <name>501.1</name>
  </wpt>
  <wpt lat="51.729415485110131" lon="4.409634936370268">
    <name>501.2</name>
  </wpt>
  <wpt lat="51.730256032170331" lon="4.4101508626860317">
    <name>501.3</name>
  </wpt>
  <wpt lat="51.731103446073639" lon="4.4106367223514491">
    <name>501.4</name>
  </wpt>
  <wpt lat="51.731962519015532" lon="4.4110662586175389">
    <name>501.5</name>
  </wpt>
  <wpt lat="51.732624205002594" lon="4.4118317891931387">
    <name>501.6</name>
  </wpt>
  <wpt lat="51.732015123662265" lon="4.4128996606237694">
    <name>501.7</name>
  </wpt>
  <wpt lat="51.731416328569708" lon="4.413983037498566">
    <name>501.8</name>
  </wpt>
  <wpt lat="51.7308165140019" lon="4.4150649346918973">
    <name>501.9</name>
  </wpt>
  <wpt lat="51.730214327719587" lon="4.4161433240010908">
    <name>502.0</name>
  </wpt>
  <wpt lat="51.729601840004868" lon="4.4172065217970431">
    <name>502.1</name>
  </wpt>
  <wpt lat="51.728989352290242" lon="4.4182697051867628">
    <name>502.2</name>
  </wpt>
  <wpt lat="51.728376864575729" lon="4.4193328741706548">
    <name>502.3</name>
  </wpt>
  <wpt lat="51.727771581881974" lon="4.4204067292257276">
    <name>502.4</name>
  </wpt>
  <wpt lat="51.727162280715092" lon="4.4214746270794905">
    <name>502.5</name>
  </wpt>
  <wpt lat="51.726566157273687" lon="4.4225602832581394">
    <name>502.6</name>
  </wpt>
  <wpt lat="51.726043232400045" lon="4.4237399090696812">
    <name>502.7</name>
  </wpt>
  <wpt lat="51.726096962168867" lon="4.4251293010044694">
    <name>502.8</name>
  </wpt>
  <wpt lat="51.726192333640022" lon="4.4265711019112644">
    <name>502.9</name>
  </wpt>
  <wpt lat="51.726235525602327" lon="4.4280212964382466">
    <name>503.0</name>
  </wpt>
  <wpt lat="51.726286022932463" lon="4.4294708844620505">
    <name>503.1</name>
  </wpt>
  <wpt lat="51.7263496054453" lon="4.4309187677807049">
    <name>503.2</name>
  </wpt>
  <wpt lat="51.726394036411705" lon="4.432368836998311">
    <name>503.3</name>
  </wpt>
  <wpt lat="51.726449356753669" lon="4.43381797129833">
    <name>503.4</name>
  </wpt>
  <wpt lat="51.726494638293815" lon="4.4352679521936116">
    <name>503.5</name>
  </wpt>
  <wpt lat="51.7264101626768" lon="4.4366913140533617">
    <name>503.6</name>
  </wpt>
  <wpt lat="51.726704212073528" lon="4.4378341060154334">
    <name>503.7</name>
  </wpt>
  <wpt lat="51.727599634430405" lon="4.4379431865125731">
    <name>503.8</name>
  </wpt>
  <wpt lat="51.728496718961829" lon="4.4380446472792423">
    <name>503.9</name>
  </wpt>
  <wpt lat="51.729394412364719" lon="4.4381311334641076">
    <name>504.0</name>
  </wpt>
  <wpt lat="51.73028300232145" lon="4.4382806252095692">
    <name>504.1</name>
  </wpt>
  <wpt lat="51.731179885637985" lon="4.4383874399735967">
    <name>504.2</name>
  </wpt>
  <wpt lat="51.732076837005827" lon="4.4384927934833263">
    <name>504.3</name>
  </wpt>
  <wpt lat="51.732973680918029" lon="4.4386004600837632">
    <name>504.4</name>
  </wpt>
  <wpt lat="51.733871312376827" lon="4.4386836159269194">
    <name>504.5</name>
  </wpt>
  <wpt lat="51.734768113591443" lon="4.4387919460248533">
    <name>504.6</name>
  </wpt>
  <wpt lat="51.735655213600978" lon="4.4390129673862049">
    <name>504.7</name>
  </wpt>
  <wpt lat="51.7365365363199" lon="4.4393020494859368">
    <name>504.8</name>
  </wpt>
  <wpt lat="51.737416938788755" lon="4.4395975792907985">
    <name>504.9</name>
  </wpt>
  <wpt lat="51.7382963843173" lon="4.4399010537038635">
    <name>505.0</name>
  </wpt>
  <wpt lat="51.739182120624939" lon="4.4401025932542337">
    <name>505.1</name>
  </wpt>
  <wpt lat="51.740067920241842" lon="4.4400091812593923">
    <name>505.2</name>
  </wpt>
  <wpt lat="51.740956120289276" lon="4.4398441046198149">
    <name>505.3</name>
  </wpt>
  <wpt lat="51.741843375681853" lon="4.4399362904845683">
    <name>505.4</name>
  </wpt>
  <wpt lat="51.742722171175934" lon="4.4402448147575289">
    <name>505.5</name>
  </wpt>
  <wpt lat="51.743600827767779" lon="4.44055434695122">
    <name>505.6</name>
  </wpt>
  <wpt lat="51.744483560191092" lon="4.4408285418031088">
    <name>505.7</name>
  </wpt>
  <wpt lat="51.745333467611921" lon="4.4412160990271579">
    <name>505.8</name>
  </wpt>
  <wpt lat="51.746196309191781" lon="4.4412702604648464">
    <name>505.9</name>
  </wpt>
  <wpt lat="51.746950311193075" lon="4.4418863666837636">
    <name>506.0</name>
  </wpt>
  <wpt lat="51.747781989145658" lon="4.4420431668306177">
    <name>506.1</name>
  </wpt>
  <wpt lat="51.748658485590461" lon="4.4423682669726334">
    <name>506.2</name>
  </wpt>
  <wpt lat="51.749534029426741" lon="4.4427000869333817">
    <name>506.3</name>
  </wpt>
  <wpt lat="51.750328588801487" lon="4.4433065886846652">
    <name>506.4</name>
  </wpt>
  <wpt lat="51.75120759757781" lon="4.4433408593411992">
    <name>506.5</name>
  </wpt>
  <wpt lat="51.752090630718079" lon="4.4436160897777226">
    <name>506.6</name>
  </wpt>
  <wpt lat="51.752966242597644" lon="4.4439423708467656">
    <name>506.7</name>
  </wpt>
  <wpt lat="51.753849801602861" lon="4.44419177592154">
    <name>506.8</name>
  </wpt>
  <wpt lat="51.754727257510737" lon="4.444510183118731">
    <name>506.9</name>
  </wpt>
  <wpt lat="51.7556047134186" lon="4.4448285965026848">
    <name>507.0</name>
  </wpt>
  <wpt lat="51.756489021025871" lon="4.4450119958362722">
    <name>507.1</name>
  </wpt>
  <wpt lat="51.757337695600533" lon="4.4445520061330388">
    <name>507.2</name>
  </wpt>
  <wpt lat="51.758230427912515" lon="4.4444266485270827">
    <name>507.3</name>
  </wpt>
  <wpt lat="51.759127569466443" lon="4.4444502189519968">
    <name>507.4</name>
  </wpt>
  <wpt lat="51.76001840288253" lon="4.4444779024535332">
    <name>507.5</name>
  </wpt>
  <wpt lat="51.76090207301403" lon="4.4442092349735329">
    <name>507.6</name>
  </wpt>
  <wpt lat="51.761791542703968" lon="4.4440286317831195">
    <name>507.7</name>
  </wpt>
  <wpt lat="51.762689386397057" lon="4.44394536350537">
    <name>507.8</name>
  </wpt>
  <wpt lat="51.763587058466889" lon="4.4438577036443281">
    <name>507.9</name>
  </wpt>
  <wpt lat="51.764484356027076" lon="4.4438134399050284">
    <name>508.0</name>
  </wpt>
  <wpt lat="51.765382295729616" lon="4.4438684329275926">
    <name>508.1</name>
  </wpt>
  <wpt lat="51.766269988868835" lon="4.4439270689903632">
    <name>508.2</name>
  </wpt>
  <wpt lat="51.767164246844466" lon="4.4440607211815646">
    <name>508.3</name>
  </wpt>
  <wpt lat="51.768047497051469" lon="4.4443342248356146">
    <name>508.4</name>
  </wpt>
  <wpt lat="51.768717562015233" lon="4.4438145221708432">
    <name>508.5</name>
  </wpt>
  <wpt lat="51.768854580212796" lon="4.4424099338943757">
    <name>508.6</name>
  </wpt>
  <wpt lat="51.768887000045567" lon="4.4409604004814591">
    <name>508.7</name>
  </wpt>
  <wpt lat="51.768907234038984" lon="4.4395090816819325">
    <name>508.8</name>
  </wpt>
  <wpt lat="51.768925961067033" lon="4.4380576608110278">
    <name>508.9</name>
  </wpt>
  <wpt lat="51.768916163558345" lon="4.4366079913755074">
    <name>509.0</name>
  </wpt>
  <wpt lat="51.768930000056017" lon="4.4351562048176554">
    <name>509.1</name>
  </wpt>
  <wpt lat="51.768951000011882" lon="4.4337045276623357">
    <name>509.2</name>
  </wpt>
  <wpt lat="51.768922054691721" lon="4.4322579475583037">
    <name>509.3</name>
  </wpt>
  <wpt lat="51.768898280663926" lon="4.4308322710509529">
    <name>509.4</name>
  </wpt>
  <wpt lat="51.769266432577034" lon="4.429508455319219">
    <name>509.5</name>
  </wpt>
  <wpt lat="51.769654159686056" lon="4.42819720311638">
    <name>509.6</name>
  </wpt>
  <wpt lat="51.77003484551291" lon="4.4268805833874749">
    <name>509.7</name>
  </wpt>
  <wpt lat="51.770408300783153" lon="4.4255585231756704">
    <name>509.8</name>
  </wpt>
  <wpt lat="51.770819074936611" lon="4.4242664308058295">
    <name>509.9</name>
  </wpt>
  <wpt lat="51.771272493019346" lon="4.4230113594165745">
    <name>510.0</name>
  </wpt>
  <wpt lat="51.771733532640305" lon="4.4217636368104589">
    <name>510.1</name>
  </wpt>
  <wpt lat="51.772194422626974" lon="4.4205156836184036">
    <name>510.2</name>
  </wpt>
  <wpt lat="51.772676998212269" lon="4.4192896115248343">
    <name>510.3</name>
  </wpt>
  <wpt lat="51.7732060402909" lon="4.418114857858245">
    <name>510.4</name>
  </wpt>
  <wpt lat="51.773744532619723" lon="4.4169511778529635">
    <name>510.5</name>
  </wpt>
  <wpt lat="51.774273758875218" lon="4.415777725244733">
    <name>510.6</name>
  </wpt>
  <wpt lat="51.774821486380254" lon="4.4146262408080919">
    <name>510.7</name>
  </wpt>
  <wpt lat="51.775364193465919" lon="4.4134675568552533">
    <name>510.8</name>
  </wpt>
  <wpt lat="51.775883193891929" lon="4.41234251547441">
    <name>510.9</name>
  </wpt>
  <wpt lat="51.776145699307719" lon="4.4109563445091284">
    <name>511.0</name>
  </wpt>
  <wpt lat="51.77638999642388" lon="4.4095575126821425">
    <name>511.1</name>
  </wpt>
  <wpt lat="51.776633353194711" lon="4.4081582524879765">
    <name>511.2</name>
  </wpt>
  <wpt lat="51.776870979768105" lon="4.4067564072874594">
    <name>511.3</name>
  </wpt>
  <wpt lat="51.777108606341422" lon="4.4053545547047976">
    <name>511.4</name>
  </wpt>
  <wpt lat="51.777346232914667" lon="4.4039526947398917">
    <name>511.5</name>
  </wpt>
  <wpt lat="51.777607035581006" lon="4.4026056329631809">
    <name>511.6</name>
  </wpt>
  <wpt lat="51.812984631919633" lon="4.4134145354728869">
    <name>515.64</name>
  </wpt>
  <wpt lat="51.813313882081417" lon="4.4140681331753555">
    <name>515.7</name>
  </wpt>
  <wpt lat="51.814197947691362" lon="4.4143348420520736">
    <name>515.8</name>
  </wpt>
  <wpt lat="51.815057514009943" lon="4.4147504535511519">
    <name>515.9</name>
  </wpt>
  <wpt lat="51.81559748710341" lon="4.4145300000000294">
    <name>516.0</name>
  </wpt>
  <wpt lat="51.816478295011535" lon="4.41482296642336">
    <name>516.1</name>
  </wpt>
  <wpt lat="51.817360633106517" lon="4.4151043597293951">
    <name>516.2</name>
  </wpt>
  <wpt lat="51.818239564391178" lon="4.4153807246187826">
    <name>516.3</name>
  </wpt>
  <wpt lat="51.819113229087243" lon="4.4156688124924894">
    <name>516.4</name>
  </wpt>
  <wpt lat="51.819800918339773" lon="4.4158901124610681">
    <name>516.5</name>
  </wpt>
  <wpt lat="51.820682331893842" lon="4.41617753919038">
    <name>516.6</name>
  </wpt>
  <wpt lat="51.8215667174243" lon="4.4164400148545635">
    <name>516.7</name>
  </wpt>
  <wpt lat="51.822448066478437" lon="4.4167294325516684">
    <name>516.8</name>
  </wpt>
  <wpt lat="51.823258845095673" lon="4.4168528956738156">
    <name>516.9</name>
  </wpt>
  <wpt lat="51.82345475486246" lon="4.4154329188108328">
    <name>517.0</name>
  </wpt>
  <wpt lat="51.823637989009022" lon="4.4140088137160118">
    <name>517.1</name>
  </wpt>
  <wpt lat="51.823776000058224" lon="4.4125741345609031">
    <name>517.2</name>
  </wpt>
  <wpt lat="51.824592334795611" lon="4.4122077439856611">
    <name>517.3</name>
  </wpt>
  <wpt lat="51.8252554439475" lon="4.4116549631801023">
    <name>517.4</name>
  </wpt>
  <wpt lat="51.826137734940929" lon="4.4113733198203855">
    <name>517.5</name>
  </wpt>
  <wpt lat="51.82699400000935" lon="4.4113105631963583">
    <name>517.6</name>
  </wpt>
  <wpt lat="51.826790977377435" lon="4.4127236130555119">
    <name>517.7</name>
  </wpt>
  <wpt lat="51.826609800701974" lon="4.414135236742954">
    <name>517.8</name>
  </wpt>
  <wpt lat="51.826129288301487" lon="4.4149269402729967">
    <name>517.9</name>
  </wpt>
  <wpt lat="51.825842251026245" lon="4.4163058850260821">
    <name>518.0</name>
  </wpt>
  <wpt lat="51.825569637420188" lon="4.4176919491275761">
    <name>518.1</name>
  </wpt>
  <wpt lat="51.825269737058207" lon="4.41903126275238">
    <name>518.2</name>
  </wpt>
  <wpt lat="51.825031628311869" lon="4.42039896249236">
    <name>518.3</name>
  </wpt>
  <wpt lat="51.824764569844476" lon="4.4217883824519566">
    <name>518.4</name>
  </wpt>
  <wpt lat="51.824497133725" lon="4.42317739552477">
    <name>518.5</name>
  </wpt>
  <wpt lat="51.824211165405345" lon="4.4245569043617978">
    <name>518.6</name>
  </wpt>
  <wpt lat="51.823931551674924" lon="4.4259398154440719">
    <name>518.7</name>
  </wpt>
  <wpt lat="51.8236544092255" lon="4.4273240221929262">
    <name>518.8</name>
  </wpt>
  <wpt lat="51.823400365815083" lon="4.4287064930958975">
    <name>518.9</name>
  </wpt>
  <wpt lat="51.823121304260304" lon="4.4300436421428673">
    <name>519.0</name>
  </wpt>
  <wpt lat="51.822672140232982" lon="4.4312840999124363">
    <name>519.1</name>
  </wpt>
  <wpt lat="51.822324008270279" lon="4.432625640525905">
    <name>519.2</name>
  </wpt>
  <wpt lat="51.821983445984763" lon="4.4339722184462058">
    <name>519.3</name>
  </wpt>
  <wpt lat="51.821646249509726" lon="4.4353207760345255">
    <name>519.4</name>
  </wpt>
  <wpt lat="51.821370982888041" lon="4.43667715905816">
    <name>519.5</name>
  </wpt>
  <wpt lat="51.821761653062424" lon="4.4375294086395014">
    <name>519.6</name>
  </wpt>
  <wpt lat="51.822652022938669" lon="4.4374508293678225">
    <name>519.7</name>
  </wpt>
  <wpt lat="51.8235513289813" lon="4.4374470000000361">
    <name>519.8</name>
  </wpt>
  <wpt lat="51.824402392063327" lon="4.437882537016506">
    <name>519.9</name>
  </wpt>
  <wpt lat="51.825225796798421" lon="4.4384497234801916">
    <name>520.0</name>
  </wpt>
  <wpt lat="51.825423420186041" lon="4.4395973512954079">
    <name>520.1</name>
  </wpt>
  <wpt lat="51.82495540802713" lon="4.4407877729204968">
    <name>520.2</name>
  </wpt>
  <wpt lat="51.824565285432989" lon="4.44209732025056">
    <name>520.3</name>
  </wpt>
  <wpt lat="51.824200443085594" lon="4.4433802662225634">
    <name>520.4</name>
  </wpt>
  <wpt lat="51.824019653794153" lon="4.4448049663506177">
    <name>520.5</name>
  </wpt>
  <wpt lat="51.823862287996612" lon="4.4462375421606426">
    <name>520.6</name>
  </wpt>
  <wpt lat="51.823704922199113" lon="4.4476701129663567">
    <name>520.7</name>
  </wpt>
  <wpt lat="51.823545284946896" lon="4.4491016408234092">
    <name>520.8</name>
  </wpt>
  <wpt lat="51.823367506236366" lon="4.450527673493446">
    <name>520.9</name>
  </wpt>
  <wpt lat="51.823160686549926" lon="4.451943554655915">
    <name>521.0</name>
  </wpt>
  <wpt lat="51.822991028186614" lon="4.4533724256062328">
    <name>521.1</name>
  </wpt>
  <wpt lat="51.822821369823352" lon="4.45480129117546">
    <name>521.2</name>
  </wpt>
  <wpt lat="51.822642537724768" lon="4.4562271133563884">
    <name>521.3</name>
  </wpt>
  <wpt lat="51.822451446668786" lon="4.45764886802018">
    <name>521.4</name>
  </wpt>
  <wpt lat="51.822295730474444" lon="4.45908152576964">
    <name>521.5</name>
  </wpt>
  <wpt lat="51.822132541709031" lon="4.4605123403831826">
    <name>521.6</name>
  </wpt>
  <wpt lat="51.821963626382889" lon="4.4619413839679023">
    <name>521.7</name>
  </wpt>
  <wpt lat="51.821761012801737" lon="4.463358876677531">
    <name>521.8</name>
  </wpt>
  <wpt lat="51.821565715855129" lon="4.4647790420532623">
    <name>521.9</name>
  </wpt>
  <wpt lat="51.821395433275221" lon="4.46620741241613">
    <name>522.0</name>
  </wpt>
  <wpt lat="51.821242532574182" lon="4.4676411573486936">
    <name>522.1</name>
  </wpt>
  <wpt lat="51.82113431495118" lon="4.4690844517869719">
    <name>522.2</name>
  </wpt>
  <wpt lat="51.821052991572337" lon="4.4705333972031616">
    <name>522.3</name>
  </wpt>
  <wpt lat="51.820946299326188" lon="4.4719778589677031">
    <name>522.4</name>
  </wpt>
  <wpt lat="51.820792945903335" lon="4.4734108623006623">
    <name>522.5</name>
  </wpt>
  <wpt lat="51.820604379450316" lon="4.4748331303992082">
    <name>522.6</name>
  </wpt>
  <wpt lat="51.820476489091035" lon="4.476272949709295">
    <name>522.7</name>
  </wpt>
  <wpt lat="51.820321000118561" lon="4.4777037289794972">
    <name>522.8</name>
  </wpt>
  <wpt lat="51.820639255649461" lon="4.4789094887364111">
    <name>522.9</name>
  </wpt>
  <wpt lat="51.820155391650488" lon="4.48012009213827">
    <name>523.0</name>
  </wpt>
  <wpt lat="51.819890935162562" lon="4.4814810052216618">
    <name>523.1</name>
  </wpt>
  <wpt lat="51.819725245092229" lon="4.4829109531845353">
    <name>523.2</name>
  </wpt>
  <wpt lat="51.819550813840522" lon="4.4843382101656886">
    <name>523.3</name>
  </wpt>
  <wpt lat="51.820069983952" lon="4.4845727317304078">
    <name>523.4</name>
  </wpt>
  <wpt lat="51.820937962891627" lon="4.4842029999999795">
    <name>523.5</name>
  </wpt>
  <wpt lat="51.821790901827583" lon="4.48416878695871">
    <name>523.6</name>
  </wpt>
  <wpt lat="51.822648928944119" lon="4.4837384384300467">
    <name>523.7</name>
  </wpt>
  <wpt lat="51.823463961490837" lon="4.48312594065942">
    <name>523.8</name>
  </wpt>
  <wpt lat="51.824260720795209" lon="4.4824522792493955">
    <name>523.9</name>
  </wpt>
  <wpt lat="51.82482700000503" lon="4.4826012494401724">
    <name>524.0</name>
  </wpt>
  <wpt lat="51.824746696862491" lon="4.4840471257719292">
    <name>524.1</name>
  </wpt>
  <wpt lat="51.824741000032354" lon="4.4855018005793754">
    <name>524.2</name>
  </wpt>
  <wpt lat="51.824639817370233" lon="4.4869278218364625">
    <name>524.3</name>
  </wpt>
  <wpt lat="51.824001919053032" lon="4.4879396202807245">
    <name>524.4</name>
  </wpt>
  <wpt lat="51.823356304981928" lon="4.4889466843562671">
    <name>524.5</name>
  </wpt>
  <wpt lat="51.822762960264996" lon="4.4900383118674556">
    <name>524.6</name>
  </wpt>
  <wpt lat="51.822120661134377" lon="4.4910564139258113">
    <name>524.7</name>
  </wpt>
  <wpt lat="51.821482900468716" lon="4.4920822304920129">
    <name>524.8</name>
  </wpt>
  <wpt lat="51.820826369016487" lon="4.4930756556360274">
    <name>524.9</name>
  </wpt>
  <wpt lat="51.820227762467432" lon="4.4941586483606812">
    <name>525.0</name>
  </wpt>
  <wpt lat="51.819578531377729" lon="4.4951641547110723">
    <name>525.1</name>
  </wpt>
  <wpt lat="51.81965315415539" lon="4.4961699735598666">
    <name>525.2</name>
  </wpt>
  <wpt lat="51.820310115317113" lon="4.4971624909935226">
    <name>525.3</name>
  </wpt>
  <wpt lat="51.820987471450927" lon="4.498114780971969">
    <name>525.4</name>
  </wpt>
  <wpt lat="51.821666873420064" lon="4.4990680493426716">
    <name>525.5</name>
  </wpt>
  <wpt lat="51.822316397141677" lon="4.500072609551121">
    <name>525.6</name>
  </wpt>
  <wpt lat="51.822929947045594" lon="4.5011363767033066">
    <name>525.7</name>
  </wpt>
  <wpt lat="51.823542769548993" lon="4.5022012716348918">
    <name>525.8</name>
  </wpt>
  <wpt lat="51.824155592052271" lon="4.50326618105291">
    <name>525.9</name>
  </wpt>
  <wpt lat="51.824776737836913" lon="4.5043182117122234">
    <name>526.0</name>
  </wpt>
  <wpt lat="51.825434125815022" lon="4.5053107925067017">
    <name>526.1</name>
  </wpt>
  <wpt lat="51.826122007984978" lon="4.5062480319078313">
    <name>526.2</name>
  </wpt>
  <wpt lat="51.826806044193106" lon="4.5071925587249018">
    <name>526.3</name>
  </wpt>
  <wpt lat="51.827209000004444" lon="4.5083994772849048">
    <name>526.4</name>
  </wpt>
  <wpt lat="51.82773058288155" lon="4.5093771862940226">
    <name>526.5</name>
  </wpt>
  <wpt lat="51.828517603082865" lon="4.5100806030814971">
    <name>526.6</name>
  </wpt>
  <wpt lat="51.829323694573" lon="4.5107257983351694">
    <name>526.7</name>
  </wpt>
  <wpt lat="51.830138568545493" lon="4.511340057565679">
    <name>526.8</name>
  </wpt>
  <wpt lat="51.830966428429811" lon="4.5119085501452627">
    <name>526.9</name>
  </wpt>
  <wpt lat="51.831794234309747" lon="4.5124772590191542">
    <name>527.0</name>
  </wpt>
  <wpt lat="51.832621989738584" lon="4.51304617063982">
    <name>527.1</name>
  </wpt>
  <wpt lat="51.833449745167385" lon="4.5136150927175391">
    <name>527.2</name>
  </wpt>
  <wpt lat="51.834277500596137" lon="4.5141840252529208">
    <name>527.3</name>
  </wpt>
  <wpt lat="51.835113218339515" lon="4.5147205466242859">
    <name>527.4</name>
  </wpt>
  <wpt lat="51.835964188317853" lon="4.5151913373644028">
    <name>527.5</name>
  </wpt>
  <wpt lat="51.836820187619942" lon="4.5156370898068019">
    <name>527.6</name>
  </wpt>
  <wpt lat="51.837680906434386" lon="4.5160584295486768">
    <name>527.7</name>
  </wpt>
  <wpt lat="51.838473665156869" lon="4.515574279908841">
    <name>527.8</name>
  </wpt>
  <wpt lat="51.839276967944066" lon="4.5152394779848031">
    <name>527.9</name>
  </wpt>
  <wpt lat="51.840169181398338" lon="4.5154212601578818">
    <name>528.0</name>
  </wpt>
  <wpt lat="51.841062806837563" lon="4.515583084100979">
    <name>528.1</name>
  </wpt>
  <wpt lat="51.841923013193217" lon="4.5159975263804233">
    <name>528.2</name>
  </wpt>
  <wpt lat="51.842787379402289" lon="4.5163932858083946">
    <name>528.3</name>
  </wpt>
  <wpt lat="51.8436823057366" lon="4.5165180000000476">
    <name>528.4</name>
  </wpt>
  <wpt lat="51.843834154832329" lon="4.51766891626352">
    <name>528.5</name>
  </wpt>
  <wpt lat="51.843772604082616" lon="4.5191211695098081">
    <name>528.6</name>
  </wpt>
  <wpt lat="51.843707384191305" lon="4.520572976386366">
    <name>528.7</name>
  </wpt>
  <wpt lat="51.843624682906004" lon="4.5220219821895338">
    <name>528.8</name>
  </wpt>
  <wpt lat="51.843482127854443" lon="4.5234592193853871">
    <name>528.9</name>
  </wpt>
  <wpt lat="51.84329705895933" lon="4.5248829055919959">
    <name>529.0</name>
  </wpt>
  <wpt lat="51.8430385759434" lon="4.5262765135016281">
    <name>529.1</name>
  </wpt>
  <wpt lat="51.842769202407837" lon="4.5276653078541589">
    <name>529.2</name>
  </wpt>
  <wpt lat="51.842485718989415" lon="4.529046358773404">
    <name>529.3</name>
  </wpt>
  <wpt lat="51.842188595933379" lon="4.530420239079807">
    <name>529.4</name>
  </wpt>
  <wpt lat="51.841877559200988" lon="4.5317842171647156">
    <name>529.5</name>
  </wpt>
  <wpt lat="51.841660928173219" lon="4.5331958147049445">
    <name>529.6</name>
  </wpt>
  <wpt lat="51.841565923055853" lon="4.5346431933928244">
    <name>529.7</name>
  </wpt>
  <wpt lat="51.841328000004694" lon="4.5360151863774165">
    <name>529.8</name>
  </wpt>
  <wpt lat="51.841964992012244" lon="4.5363659999999539">
    <name>529.9</name>
  </wpt>
  <wpt lat="51.842864313618172" lon="4.5363659999999539">
    <name>530.0</name>
  </wpt>
  <wpt lat="51.843763635224072" lon="4.5363659999999539">
    <name>530.1</name>
  </wpt>
  <wpt lat="51.844545732546763" lon="4.5364008095121688">
    <name>530.2</name>
  </wpt>
  <wpt lat="51.845441177512193" lon="4.5363449999999981">
    <name>530.3</name>
  </wpt>
  <wpt lat="51.846324005150755" lon="4.5364309999999817">
    <name>530.4</name>
  </wpt>
  <wpt lat="51.847204066472216" lon="4.5363896858091834">
    <name>530.5</name>
  </wpt>
  <wpt lat="51.848100918613831" lon="4.5363449999999981">
    <name>530.6</name>
  </wpt>
  <wpt lat="51.848997488500672" lon="4.5363945461570774">
    <name>530.7</name>
  </wpt>
  <wpt lat="51.849869963708549" lon="4.5365609636963216">
    <name>530.8</name>
  </wpt>
  <wpt lat="51.85073052017291" lon="4.5364090000000479">
    <name>530.9</name>
  </wpt>
  <wpt lat="51.851628949111749" lon="4.5364194854221944">
    <name>531.0</name>
  </wpt>
  <wpt lat="51.852526521505588" lon="4.5364950000000315">
    <name>531.1</name>
  </wpt>
  <wpt lat="51.853323665326371" lon="4.5364493694411223">
    <name>531.2</name>
  </wpt>
  <wpt lat="51.854220316266904" lon="4.5363659999999539">
    <name>531.3</name>
  </wpt>
  <wpt lat="51.855119637872811" lon="4.5363659999999539">
    <name>531.4</name>
  </wpt>
  <wpt lat="51.856016029661824" lon="4.5363240000000422">
    <name>531.5</name>
  </wpt>
  <wpt lat="51.856891684627655" lon="4.5364739999999735">
    <name>531.6</name>
  </wpt>
  <wpt lat="51.856799000007683" lon="4.5350911654033732">
    <name>531.7</name>
  </wpt>
  <wpt lat="51.857388047431996" lon="4.5342282002494514">
    <name>531.8</name>
  </wpt>
  <wpt lat="51.858016010505978" lon="4.5331909572937459">
    <name>531.9</name>
  </wpt>
  <wpt lat="51.858752817071668" lon="4.5325547129305885">
    <name>532.0</name>
  </wpt>
  <wpt lat="51.859008934737631" lon="4.5311689057641749">
    <name>532.1</name>
  </wpt>
  <wpt lat="51.859127197005058" lon="4.5297316701044537">
    <name>532.2</name>
  </wpt>
  <wpt lat="51.859074000007631" lon="4.5282839788162912">
    <name>532.3</name>
  </wpt>
  <wpt lat="51.859004061016719" lon="4.5268334155726428">
    <name>532.4</name>
  </wpt>
  <wpt lat="51.858945000000716" lon="4.5254047834491073">
    <name>532.5</name>
  </wpt>
  <wpt lat="51.858964700977495" lon="4.5239504810656834">
    <name>532.6</name>
  </wpt>
  <wpt lat="51.858867835432015" lon="4.5225037118398648">
    <name>532.7</name>
  </wpt>
  <wpt lat="51.858778405468072" lon="4.5210565484294314">
    <name>532.8</name>
  </wpt>
  <wpt lat="51.858680452308143" lon="4.51961150533308">
    <name>532.9</name>
  </wpt>
  <wpt lat="51.858426038649249" lon="4.5182620307174632">
    <name>533.0</name>
  </wpt>
  <wpt lat="51.85829428932913" lon="4.5169854508941443">
    <name>533.1</name>
  </wpt>
  <wpt lat="51.8582689797545" lon="4.5155305605189815">
    <name>533.2</name>
  </wpt>
  <wpt lat="51.858141438088829" lon="4.51409153025983">
    <name>533.3</name>
  </wpt>
  <wpt lat="51.858056063952446" lon="4.5126442771218276">
    <name>533.4</name>
  </wpt>
  <wpt lat="51.85791111708113" lon="4.51120741925572">
    <name>533.5</name>
  </wpt>
  <wpt lat="51.8577392428214" lon="4.509780834280174">
    <name>533.6</name>
  </wpt>
  <wpt lat="51.857462146511409" lon="4.5083968273021116">
    <name>533.7</name>
  </wpt>
  <wpt lat="51.857745643090965" lon="4.5086105206651723">
    <name>533.8</name>
  </wpt>
  <wpt lat="51.858630001001416" lon="4.5088704770827279">
    <name>533.9</name>
  </wpt>
  <wpt lat="51.859507361425877" lon="4.5091772046589256">
    <name>534.0</name>
  </wpt>
  <wpt lat="51.8604019946487" lon="4.5093174923269608">
    <name>534.1</name>
  </wpt>
  <wpt lat="51.86129888365992" lon="4.5092516462980639">
    <name>534.2</name>
  </wpt>
  <wpt lat="51.861673061451043" lon="4.5084725663223795">
    <name>534.3</name>
  </wpt>
  <wpt lat="51.861694940221085" lon="4.507236130083502">
    <name>534.4</name>
  </wpt>
  <wpt lat="51.862378420658658" lon="4.5063212647707012">
    <name>534.5</name>
  </wpt>
  <wpt lat="51.862455782890024" lon="4.5049350658343492">
    <name>534.6</name>
  </wpt>
  <wpt lat="51.862443374154395" lon="4.50365076786229">
    <name>534.7</name>
  </wpt>
  <wpt lat="51.863335877173391" lon="4.503749430745283">
    <name>534.8</name>
  </wpt>
  <wpt lat="51.864230725536729" lon="4.5036114929682443">
    <name>534.9</name>
  </wpt>
  <wpt lat="51.865123048406353" lon="4.5034302539037316">
    <name>535.0</name>
  </wpt>
  <wpt lat="51.866015746137769" lon="4.5032538190650291">
    <name>535.1</name>
  </wpt>
  <wpt lat="51.866908225353967" lon="4.5030745375198658">
    <name>535.2</name>
  </wpt>
  <wpt lat="51.86778434198645" lon="4.5027750270684344">
    <name>535.3</name>
  </wpt>
  <wpt lat="51.868563203243568" lon="4.5020717551043878">
    <name>535.4</name>
  </wpt>
  <wpt lat="51.869460631698956" lon="4.50207863169719">
    <name>535.5</name>
  </wpt>
  <wpt lat="51.870263274670293" lon="4.501601920833906">
    <name>535.6</name>
  </wpt>
  <wpt lat="51.871149460725682" lon="4.5013557524421044">
    <name>535.7</name>
  </wpt>
  <wpt lat="51.872046732413644" lon="4.5013145574597173">
    <name>535.8</name>
  </wpt>
  <wpt lat="51.872917030774893" lon="4.5014184705206581">
    <name>535.9</name>
  </wpt>
  <wpt lat="51.873726806572819" lon="4.5007914581325137">
    <name>536.0</name>
  </wpt>
  <wpt lat="51.874561029208579" lon="4.5002750000000189">
    <name>536.1</name>
  </wpt>
  <wpt lat="51.875066550282121" lon="4.5012671093164">
    <name>536.2</name>
  </wpt>
  <wpt lat="51.875696671376389" lon="4.5022953850852421">
    <name>536.3</name>
  </wpt>
  <wpt lat="51.876305497983353" lon="4.5033608282302584">
    <name>536.4</name>
  </wpt>
  <wpt lat="51.8767315130369" lon="4.5046415546369625">
    <name>536.5</name>
  </wpt>
  <wpt lat="51.877253511658822" lon="4.5058205511540308">
    <name>536.6</name>
  </wpt>
  <wpt lat="51.8778271626299" lon="4.5069376696247714">
    <name>536.7</name>
  </wpt>
  <wpt lat="51.878408859476671" lon="4.5080486734259066">
    <name>536.8</name>
  </wpt>
  <wpt lat="51.878903471076626" lon="4.5092105785643257">
    <name>536.9</name>
  </wpt>
  <wpt lat="51.879620635541073" lon="4.5098996355327436">
    <name>537.0</name>
  </wpt>
  <wpt lat="51.880368618107184" lon="4.5107023443976377">
    <name>537.1</name>
  </wpt>
  <wpt lat="51.8811109433705" lon="4.511516343811512">
    <name>537.2</name>
  </wpt>
  <wpt lat="51.88173023049373" lon="4.5125706389917646">
    <name>537.3</name>
  </wpt>
  <wpt lat="51.882327334701465" lon="4.5136471842594235">
    <name>537.4</name>
  </wpt>
  <wpt lat="51.882426551060696" lon="4.51508962085091">
    <name>537.5</name>
  </wpt>
  <wpt lat="51.882059725593116" lon="4.51612967433984">
    <name>537.6</name>
  </wpt>
  <wpt lat="51.882327402009118" lon="4.5174976414359227">
    <name>537.7</name>
  </wpt>
  <wpt lat="51.882485162895094" lon="4.5189319655288678">
    <name>537.8</name>
  </wpt>
  <wpt lat="51.88267552819989" lon="4.52035263512236">
    <name>537.9</name>
  </wpt>
  <wpt lat="51.883084764571983" lon="4.5214910999985127">
    <name>538.0</name>
  </wpt>
  <wpt lat="51.883961046330263" lon="4.5218164185260648">
    <name>538.1</name>
  </wpt>
  <wpt lat="51.884832486625626" lon="4.522176018402412">
    <name>538.2</name>
  </wpt>
  <wpt lat="51.885717365457666" lon="4.522405338061251">
    <name>538.3</name>
  </wpt>
  <wpt lat="51.886614396757537" lon="4.5223432330407691">
    <name>538.4</name>
  </wpt>
  <wpt lat="51.887509369667335" lon="4.52221544617081">
    <name>538.5</name>
  </wpt>
  <wpt lat="51.888395227539526" lon="4.5221346134587348">
    <name>538.6</name>
  </wpt>
  <wpt lat="51.889243350305442" lon="4.5221128769722849">
    <name>538.7</name>
  </wpt>
  <wpt lat="51.890044497980824" lon="4.5214508556511479">
    <name>538.8</name>
  </wpt>
  <wpt lat="51.890837781764183" lon="4.5207651372461459">
    <name>538.9</name>
  </wpt>
  <wpt lat="51.891629876662741" lon="4.520076273555711">
    <name>539.0</name>
  </wpt>
  <wpt lat="51.892434600757511" lon="4.5194257504525028">
    <name>539.1</name>
  </wpt>
  <wpt lat="51.893233776863624" lon="4.5187575375546247">
    <name>539.2</name>
  </wpt>
  <wpt lat="51.894027302913216" lon="4.5180727182578275">
    <name>539.3</name>
  </wpt>
  <wpt lat="51.894784838356564" lon="4.5173202687530152">
    <name>539.4</name>
  </wpt>
  <wpt lat="51.895606978578087" lon="4.5167806270913049">
    <name>539.5</name>
  </wpt>
  <wpt lat="51.896424292104207" lon="4.5161733832236912">
    <name>539.6</name>
  </wpt>
  <wpt lat="51.897256982769527" lon="4.5156228639862963">
    <name>539.7</name>
  </wpt>
  <wpt lat="51.898062886724539" lon="4.5149819666203372">
    <name>539.8</name>
  </wpt>
  <wpt lat="51.898795284743564" lon="4.5145482795059682">
    <name>539.9</name>
  </wpt>
  <wpt lat="51.899592117284953" lon="4.513872597777687">
    <name>540.0</name>
  </wpt>
  <wpt lat="51.900188259095934" lon="4.5128414866603732">
    <name>540.1</name>
  </wpt>
  <wpt lat="51.900975085704296" lon="4.5121380585070723">
    <name>540.2</name>
  </wpt>
  <wpt lat="51.901286179153459" lon="4.5117216027803879">
    <name>540.3</name>
  </wpt>
  <wpt lat="51.901173375519356" lon="4.5106626662092593">
    <name>540.4</name>
  </wpt>
  <wpt lat="51.901688451394094" lon="4.5094680495793087">
    <name>540.5</name>
  </wpt>
  <wpt lat="51.902199128172491" lon="4.5082683627175246">
    <name>540.6</name>
  </wpt>
  <wpt lat="51.902709065206686" lon="4.5070679773840512">
    <name>540.7</name>
  </wpt>
  <wpt lat="51.903172613468882" lon="4.5058201033983929">
    <name>540.8</name>
  </wpt>
  <wpt lat="51.903628400771893" lon="4.5045669004226774">
    <name>540.9</name>
  </wpt>
  <wpt lat="51.904135189018284" lon="4.5033637792240047">
    <name>541.0</name>
  </wpt>
  <wpt lat="51.904628540580248" lon="4.5021517746259825">
    <name>541.1</name>
  </wpt>
  <wpt lat="51.905143730005975" lon="4.5009572204581563">
    <name>541.2</name>
  </wpt>
  <wpt lat="51.905654325634124" lon="4.499757380552051">
    <name>541.3</name>
  </wpt>
  <wpt lat="51.906180655886757" lon="4.4985763077765188">
    <name>541.4</name>
  </wpt>
  <wpt lat="51.90666578412349" lon="4.4973521707750619">
    <name>541.5</name>
  </wpt>
  <wpt lat="51.90718276095398" lon="4.4961594353586278">
    <name>541.6</name>
  </wpt>
  <wpt lat="51.907694582285316" lon="4.4949608650496486">
    <name>541.7</name>
  </wpt>
  <wpt lat="51.908212143042363" lon="4.4937720546508144">
    <name>541.8</name>
  </wpt>
  <wpt lat="51.908555000003624" lon="4.4924767291969623">
    <name>541.9</name>
  </wpt>
  <wpt lat="51.908071508376992" lon="4.4912770095036114">
    <name>542.0</name>
  </wpt>
  <wpt lat="51.907938709782826" lon="4.4900864219830288">
    <name>542.1</name>
  </wpt>
  <wpt lat="51.908400468952273" lon="4.4888368245448609">
    <name>542.2</name>
  </wpt>
  <wpt lat="51.908889223056477" lon="4.4876131328018243">
    <name>542.3</name>
  </wpt>
  <wpt lat="51.909377977160574" lon="4.4863894277415755">
    <name>542.4</name>
  </wpt>
  <wpt lat="51.909866731264557" lon="4.48516570936381">
    <name>542.5</name>
  </wpt>
  <wpt lat="51.910355485368427" lon="4.4839419776680183">
    <name>542.6</name>
  </wpt>
  <wpt lat="51.910967910976396" lon="4.4829194343971981">
    <name>542.7</name>
  </wpt>
  <wpt lat="51.911844929333185" lon="4.4826155491764643">
    <name>542.8</name>
  </wpt>
  <wpt lat="51.912695034924958" lon="4.4823295215333614">
    <name>542.9</name>
  </wpt>
  <wpt lat="51.913590830061011" lon="4.4822075653749174">
    <name>543.0</name>
  </wpt>
  <wpt lat="51.91448968349772" lon="4.4821633601987383">
    <name>543.1</name>
  </wpt>
  <wpt lat="51.915388771576147" lon="4.4821301365472186">
    <name>543.2</name>
  </wpt>
  <wpt lat="51.916286011228969" lon="4.4821626960751049">
    <name>543.3</name>
  </wpt>
  <wpt lat="51.917163361843187" lon="4.4819368211825257">
    <name>543.4</name>
  </wpt>
  <wpt lat="51.9180228297176" lon="4.4815075853074591">
    <name>543.5</name>
  </wpt>
  <wpt lat="51.918657853936125" lon="4.4807643872558849">
    <name>543.6</name>
  </wpt>
  <wpt lat="51.919508190004883" lon="4.4803016004642675">
    <name>543.7</name>
  </wpt>
  <wpt lat="51.920383877058882" lon="4.4799696447432984">
    <name>543.8</name>
  </wpt>
  <wpt lat="51.921250366620491" lon="4.4795828167368779">
    <name>543.9</name>
  </wpt>
  <wpt lat="51.922103536124993" lon="4.47912227419594">
    <name>544.0</name>
  </wpt>
</gpx>