<?xml version="1.0" encoding="utf-8"?>
<gpx xmlns:xsi="http://www.w3.org/2001/XMLSchema-instance" xsi:schemaLocation="http://www.topografix.com/GPX/1/1 http://www.topografix.com/GPX/1/1/gpx.xsd" version="1.1" creator="Roparun" xmlns="http://www.topografix.com/GPX/1/1">
  <trk>
    <name>Lopers</name>
    <desc>Frankrijk</desc>
    <type>Running</type>
    <trkseg>
      <trkpt lat="49.759" lon="3.22391">
        <name>X</name>
      </trkpt>
      <trkpt lat="49.75888" lon="3.22397">
        <name>X</name>
      </trkpt>
      <trkpt lat="49.75878" lon="3.22404">
        <name>X</name>
      </trkpt>
      <trkpt lat="49.7585" lon="3.22427">
        <name>X</name>
      </trkpt>
      <trkpt lat="49.75832" lon="3.22442">
        <name>X</name>
      </trkpt>
      <trkpt lat="49.75622" lon="3.22668">
        <name>X</name>
      </trkpt>
      <trkpt lat="49.75378" lon="3.22932">
        <name>X</name>
      </trkpt>
      <trkpt lat="49.7536" lon="3.22946">
        <name>X</name>
      </trkpt>
      <trkpt lat="49.75345" lon="3.22955">
        <name>X</name>
      </trkpt>
      <trkpt lat="49.75126" lon="3.23011">
        <name>X</name>
      </trkpt>
      <trkpt lat="49.75092" lon="3.23028">
        <name>X</name>
      </trkpt>
      <trkpt lat="49.75092" lon="3.23028">
        <name>X</name>
      </trkpt>
      <trkpt lat="49.75071" lon="3.23032">
        <name>X</name>
      </trkpt>
      <trkpt lat="49.75064" lon="3.23028">
        <name>X</name>
      </trkpt>
      <trkpt lat="49.75056" lon="3.23028">
        <name>X</name>
      </trkpt>
      <trkpt lat="49.75051" lon="3.23032">
        <name>X</name>
      </trkpt>
      <trkpt lat="49.75047" lon="3.23041">
        <name>X</name>
      </trkpt>
      <trkpt lat="49.75013" lon="3.23045">
        <name>X</name>
      </trkpt>
      <trkpt lat="49.74981" lon="3.2305">
        <name>X</name>
      </trkpt>
      <trkpt lat="49.74981" lon="3.2305">
        <name>X</name>
      </trkpt>
      <trkpt lat="49.74888" lon="3.2308">
        <name>X</name>
      </trkpt>
      <trkpt lat="49.74865" lon="3.23092">
        <name>X</name>
      </trkpt>
      <trkpt lat="49.74794" lon="3.23144">
        <name>X</name>
      </trkpt>
      <trkpt lat="49.74788" lon="3.23144">
        <name>X</name>
      </trkpt>
      <trkpt lat="49.74775" lon="3.23144">
        <name>X</name>
      </trkpt>
      <trkpt lat="49.74732" lon="3.23114">
        <name>X</name>
      </trkpt>
      <trkpt lat="49.74721" lon="3.23114">
        <name>X</name>
      </trkpt>
      <trkpt lat="49.74712" lon="3.23116">
        <name>X</name>
      </trkpt>
      <trkpt lat="49.74657" lon="3.2314">
        <name>X</name>
      </trkpt>
      <trkpt lat="49.74637" lon="3.23152">
        <name>X</name>
      </trkpt>
      <trkpt lat="49.74629" lon="3.23159">
        <name>X</name>
      </trkpt>
      <trkpt lat="49.74609" lon="3.23165">
        <name>X</name>
      </trkpt>
      <trkpt lat="49.74601" lon="3.23165">
        <name>X</name>
      </trkpt>
      <trkpt lat="49.7456" lon="3.23133">
        <name>X</name>
      </trkpt>
      <trkpt lat="49.74534" lon="3.2311">
        <name>X</name>
      </trkpt>
      <trkpt lat="49.74518" lon="3.23089">
        <name>X</name>
      </trkpt>
      <trkpt lat="49.74513" lon="3.23082">
        <name>X</name>
      </trkpt>
      <trkpt lat="49.74513" lon="3.23101">
        <name>X</name>
      </trkpt>
      <trkpt lat="49.74513" lon="3.23127">
        <name>X</name>
      </trkpt>
      <trkpt lat="49.74508" lon="3.23138">
        <name>X</name>
      </trkpt>
      <trkpt lat="49.74498" lon="3.23193">
        <name>X</name>
      </trkpt>
      <trkpt lat="49.74498" lon="3.23219">
        <name>X</name>
      </trkpt>
      <trkpt lat="49.745" lon="3.23247">
        <name>X</name>
      </trkpt>
      <trkpt lat="49.74508" lon="3.23292">
        <name>X</name>
      </trkpt>
      <trkpt lat="49.74517" lon="3.23352">
        <name>X</name>
      </trkpt>
      <trkpt lat="49.74539" lon="3.23416">
        <name>X</name>
      </trkpt>
      <trkpt lat="49.74549" lon="3.23446">
        <name>X</name>
      </trkpt>
      <trkpt lat="49.74577" lon="3.23539">
        <name>X</name>
      </trkpt>
      <trkpt lat="49.74584" lon="3.23567">
        <name>X</name>
      </trkpt>
      <trkpt lat="49.74584" lon="3.23567">
        <name>X</name>
      </trkpt>
      <trkpt lat="49.74592" lon="3.23586">
        <name>X</name>
      </trkpt>
      <trkpt lat="49.74614" lon="3.2361">
        <name>X</name>
      </trkpt>
      <trkpt lat="49.7462" lon="3.23622">
        <name>X</name>
      </trkpt>
      <trkpt lat="49.7462" lon="3.23622">
        <name>X</name>
      </trkpt>
      <trkpt lat="49.74648" lon="3.23721">
        <name>X</name>
      </trkpt>
      <trkpt lat="49.74652" lon="3.23762">
        <name>X</name>
      </trkpt>
      <trkpt lat="49.74648" lon="3.23796">
        <name>X</name>
      </trkpt>
      <trkpt lat="49.74642" lon="3.23809">
        <name>X</name>
      </trkpt>
      <trkpt lat="49.74635" lon="3.2382">
        <name>X</name>
      </trkpt>
      <trkpt lat="49.74504" lon="3.24004">
        <name>X</name>
      </trkpt>
      <trkpt lat="49.74474" lon="3.24047">
        <name>X</name>
      </trkpt>
      <trkpt lat="49.74474" lon="3.24047">
        <name>X</name>
      </trkpt>
      <trkpt lat="49.74436" lon="3.2409">
        <name>X</name>
      </trkpt>
      <trkpt lat="49.74399" lon="3.24122">
        <name>X</name>
      </trkpt>
      <trkpt lat="49.74371" lon="3.24142">
        <name>X</name>
      </trkpt>
      <trkpt lat="49.74343" lon="3.24174">
        <name>X</name>
      </trkpt>
      <trkpt lat="49.7433" lon="3.242">
        <name>X</name>
      </trkpt>
      <trkpt lat="49.7433" lon="3.242">
        <name>X</name>
      </trkpt>
      <trkpt lat="49.74322" lon="3.24228">
        <name>X</name>
      </trkpt>
      <trkpt lat="49.74148" lon="3.25079">
        <name>X</name>
      </trkpt>
      <trkpt lat="49.74137" lon="3.25112">
        <name>X</name>
      </trkpt>
      <trkpt lat="49.74114" lon="3.25129">
        <name>X</name>
      </trkpt>
      <trkpt lat="49.74105" lon="3.25131">
        <name>X</name>
      </trkpt>
      <trkpt lat="49.73944" lon="3.25124">
        <name>X</name>
      </trkpt>
      <trkpt lat="49.7394" lon="3.25124">
        <name>X</name>
      </trkpt>
      <trkpt lat="49.73936" lon="3.25133">
        <name>X</name>
      </trkpt>
      <trkpt lat="49.73936" lon="3.25144">
        <name>X</name>
      </trkpt>
      <trkpt lat="49.73936" lon="3.25144">
        <name>X</name>
      </trkpt>
      <trkpt lat="49.7394" lon="3.25148">
        <name>X</name>
      </trkpt>
      <trkpt lat="49.73944" lon="3.25165">
        <name>X</name>
      </trkpt>
      <trkpt lat="49.73951" lon="3.25217">
        <name>X</name>
      </trkpt>
      <trkpt lat="49.73951" lon="3.25217">
        <name>X</name>
      </trkpt>
      <trkpt lat="49.73946" lon="3.25258">
        <name>X</name>
      </trkpt>
      <trkpt lat="49.73942" lon="3.25266">
        <name>X</name>
      </trkpt>
      <trkpt lat="49.73938" lon="3.25279">
        <name>X</name>
      </trkpt>
      <trkpt lat="49.7394" lon="3.25296">
        <name>X</name>
      </trkpt>
      <trkpt lat="49.73942" lon="3.25305">
        <name>X</name>
      </trkpt>
      <trkpt lat="49.73953" lon="3.25313">
        <name>X</name>
      </trkpt>
      <trkpt lat="49.73959" lon="3.25316">
        <name>X</name>
      </trkpt>
      <trkpt lat="49.7397" lon="3.25309">
        <name>X</name>
      </trkpt>
      <trkpt lat="49.73974" lon="3.25303">
        <name>X</name>
      </trkpt>
      <trkpt lat="49.74021" lon="3.25296">
        <name>X</name>
      </trkpt>
      <trkpt lat="49.74082" lon="3.2529">
        <name>X</name>
      </trkpt>
      <trkpt lat="49.74094" lon="3.25296">
        <name>X</name>
      </trkpt>
      <trkpt lat="49.7412" lon="3.2532">
        <name>X</name>
      </trkpt>
      <trkpt lat="49.74333" lon="3.25562">
        <name>X</name>
      </trkpt>
      <trkpt lat="49.74363" lon="3.25599">
        <name>X</name>
      </trkpt>
      <trkpt lat="49.74508" lon="3.25815">
        <name>X</name>
      </trkpt>
      <trkpt lat="49.74564" lon="3.25906">
        <name>X</name>
      </trkpt>
      <trkpt lat="49.74687" lon="3.26084">
        <name>X</name>
      </trkpt>
      <trkpt lat="49.74721" lon="3.26124">
        <name>X</name>
      </trkpt>
      <trkpt lat="49.74738" lon="3.26142">
        <name>X</name>
      </trkpt>
      <trkpt lat="49.74762" lon="3.26159">
        <name>X</name>
      </trkpt>
      <trkpt lat="49.74762" lon="3.26159">
        <name>X</name>
      </trkpt>
      <trkpt lat="49.74974" lon="3.26281">
        <name>X</name>
      </trkpt>
      <trkpt lat="49.75107" lon="3.26363">
        <name>X</name>
      </trkpt>
      <trkpt lat="49.75159" lon="3.26388">
        <name>X</name>
      </trkpt>
      <trkpt lat="49.75159" lon="3.26388">
        <name>X</name>
      </trkpt>
      <trkpt lat="49.752" lon="3.26425">
        <name>X</name>
      </trkpt>
      <trkpt lat="49.75264" lon="3.26494">
        <name>X</name>
      </trkpt>
      <trkpt lat="49.75352" lon="3.26586">
        <name>X</name>
      </trkpt>
      <trkpt lat="49.75807" lon="3.27054">
        <name>X</name>
      </trkpt>
      <trkpt lat="49.75845" lon="3.27086">
        <name>X</name>
      </trkpt>
      <trkpt lat="49.7594" lon="3.27142">
        <name>X</name>
      </trkpt>
      <trkpt lat="49.76114" lon="3.27242">
        <name>X</name>
      </trkpt>
      <trkpt lat="49.76251" lon="3.27318">
        <name>X</name>
      </trkpt>
      <trkpt lat="49.76285" lon="3.27332">
        <name>X</name>
      </trkpt>
      <trkpt lat="49.76337" lon="3.27337">
        <name>X</name>
      </trkpt>
      <trkpt lat="49.76521" lon="3.2733">
        <name>X</name>
      </trkpt>
      <trkpt lat="49.76811" lon="3.2727">
        <name>X</name>
      </trkpt>
      <trkpt lat="49.76845" lon="3.2726">
        <name>X</name>
      </trkpt>
      <trkpt lat="49.76895" lon="3.27257">
        <name>X</name>
      </trkpt>
      <trkpt lat="49.7692" lon="3.27264">
        <name>X</name>
      </trkpt>
      <trkpt lat="49.7709" lon="3.27367">
        <name>X</name>
      </trkpt>
      <trkpt lat="49.77128" lon="3.2739">
        <name>X</name>
      </trkpt>
      <trkpt lat="49.77195" lon="3.27436">
        <name>X</name>
      </trkpt>
      <trkpt lat="49.77223" lon="3.27453">
        <name>X</name>
      </trkpt>
      <trkpt lat="49.77223" lon="3.27453">
        <name>X</name>
      </trkpt>
      <trkpt lat="49.77189" lon="3.27547">
        <name>X</name>
      </trkpt>
      <trkpt lat="49.77156" lon="3.27648">
        <name>X</name>
      </trkpt>
      <trkpt lat="49.77158" lon="3.27665">
        <name>X</name>
      </trkpt>
      <trkpt lat="49.77158" lon="3.27665">
        <name>X</name>
      </trkpt>
      <trkpt lat="49.77221" lon="3.27753">
        <name>X</name>
      </trkpt>
      <trkpt lat="49.7733" lon="3.27884">
        <name>X</name>
      </trkpt>
      <trkpt lat="49.77345" lon="3.27899">
        <name>X</name>
      </trkpt>
      <trkpt lat="49.77354" lon="3.27905">
        <name>X</name>
      </trkpt>
      <trkpt lat="49.77401" lon="3.27946">
        <name>X</name>
      </trkpt>
      <trkpt lat="49.7751" lon="3.28021">
        <name>X</name>
      </trkpt>
      <trkpt lat="49.77519" lon="3.28028">
        <name>X</name>
      </trkpt>
      <trkpt lat="49.77558" lon="3.28032">
        <name>X</name>
      </trkpt>
      <trkpt lat="49.77598" lon="3.28038">
        <name>X</name>
      </trkpt>
      <trkpt lat="49.77631" lon="3.28058">
        <name>X</name>
      </trkpt>
      <trkpt lat="49.77667" lon="3.28088">
        <name>X</name>
      </trkpt>
      <trkpt lat="49.77676" lon="3.2809">
        <name>X</name>
      </trkpt>
      <trkpt lat="49.77736" lon="3.28101">
        <name>X</name>
      </trkpt>
      <trkpt lat="49.778" lon="3.28124">
        <name>X</name>
      </trkpt>
      <trkpt lat="49.77828" lon="3.28137">
        <name>X</name>
      </trkpt>
      <trkpt lat="49.77792" lon="3.28257">
        <name>X</name>
      </trkpt>
      <trkpt lat="49.77781" lon="3.28294">
        <name>X</name>
      </trkpt>
      <trkpt lat="49.77779" lon="3.28324">
        <name>X</name>
      </trkpt>
      <trkpt lat="49.77779" lon="3.28337">
        <name>X</name>
      </trkpt>
      <trkpt lat="49.77789" lon="3.28384">
        <name>X</name>
      </trkpt>
      <trkpt lat="49.77824" lon="3.28502">
        <name>X</name>
      </trkpt>
      <trkpt lat="49.7786" lon="3.28676">
        <name>X</name>
      </trkpt>
      <trkpt lat="49.77864" lon="3.28691">
        <name>X</name>
      </trkpt>
      <trkpt lat="49.77871" lon="3.28704">
        <name>X</name>
      </trkpt>
      <trkpt lat="49.77877" lon="3.28716">
        <name>X</name>
      </trkpt>
      <trkpt lat="49.77892" lon="3.28734">
        <name>X</name>
      </trkpt>
      <trkpt lat="49.77938" lon="3.28779">
        <name>X</name>
      </trkpt>
      <trkpt lat="49.78002" lon="3.28862">
        <name>X</name>
      </trkpt>
      <trkpt lat="49.7804" lon="3.28918">
        <name>X</name>
      </trkpt>
      <trkpt lat="49.78075" lon="3.28974">
        <name>X</name>
      </trkpt>
      <trkpt lat="49.781" lon="3.29017">
        <name>X</name>
      </trkpt>
      <trkpt lat="49.78221" lon="3.29236">
        <name>X</name>
      </trkpt>
      <trkpt lat="49.78249" lon="3.29285">
        <name>X</name>
      </trkpt>
      <trkpt lat="49.78249" lon="3.29285">
        <name>X</name>
      </trkpt>
      <trkpt lat="49.78302" lon="3.2939">
        <name>X</name>
      </trkpt>
      <trkpt lat="49.78716" lon="3.30259">
        <name>X</name>
      </trkpt>
      <trkpt lat="49.78749" lon="3.30334">
        <name>X</name>
      </trkpt>
      <trkpt lat="49.78813" lon="3.30461">
        <name>X</name>
      </trkpt>
      <trkpt lat="49.78845" lon="3.30536">
        <name>X</name>
      </trkpt>
      <trkpt lat="49.78845" lon="3.30536">
        <name>X</name>
      </trkpt>
      <trkpt lat="49.78858" lon="3.3056">
        <name>X</name>
      </trkpt>
      <trkpt lat="49.78918" lon="3.30633">
        <name>X</name>
      </trkpt>
      <trkpt lat="49.78933" lon="3.30661">
        <name>X</name>
      </trkpt>
      <trkpt lat="49.78957" lon="3.30714">
        <name>X</name>
      </trkpt>
      <trkpt lat="49.78963" lon="3.30734">
        <name>X</name>
      </trkpt>
      <trkpt lat="49.78998" lon="3.30894">
        <name>X</name>
      </trkpt>
      <trkpt lat="49.79004" lon="3.30918">
        <name>X</name>
      </trkpt>
      <trkpt lat="49.79042" lon="3.3095">
        <name>X</name>
      </trkpt>
      <trkpt lat="49.7907" lon="3.30978">
        <name>X</name>
      </trkpt>
      <trkpt lat="49.79109" lon="3.31004">
        <name>X</name>
      </trkpt>
      <trkpt lat="49.79139" lon="3.31032">
        <name>X</name>
      </trkpt>
      <trkpt lat="49.79139" lon="3.31032">
        <name>X</name>
      </trkpt>
      <trkpt lat="49.7918" lon="3.31079">
        <name>X</name>
      </trkpt>
      <trkpt lat="49.79208" lon="3.31118">
        <name>X</name>
      </trkpt>
      <trkpt lat="49.79236" lon="3.31154">
        <name>X</name>
      </trkpt>
      <trkpt lat="49.79236" lon="3.31154">
        <name>X</name>
      </trkpt>
      <trkpt lat="49.79251" lon="3.31182">
        <name>X</name>
      </trkpt>
      <trkpt lat="49.79306" lon="3.31332">
        <name>X</name>
      </trkpt>
      <trkpt lat="49.79328" lon="3.31384">
        <name>X</name>
      </trkpt>
      <trkpt lat="49.79358" lon="3.31433">
        <name>X</name>
      </trkpt>
      <trkpt lat="49.79386" lon="3.31489">
        <name>X</name>
      </trkpt>
      <trkpt lat="49.7941" lon="3.31523">
        <name>X</name>
      </trkpt>
      <trkpt lat="49.79442" lon="3.3157">
        <name>X</name>
      </trkpt>
      <trkpt lat="49.79751" lon="3.31843">
        <name>X</name>
      </trkpt>
      <trkpt lat="49.79774" lon="3.3186">
        <name>X</name>
      </trkpt>
      <trkpt lat="49.79804" lon="3.31894">
        <name>X</name>
      </trkpt>
      <trkpt lat="49.79821" lon="3.31918">
        <name>X</name>
      </trkpt>
      <trkpt lat="49.79836" lon="3.3195">
        <name>X</name>
      </trkpt>
      <trkpt lat="49.79864" lon="3.32023">
        <name>X</name>
      </trkpt>
      <trkpt lat="49.79916" lon="3.32139">
        <name>X</name>
      </trkpt>
      <trkpt lat="49.79937" lon="3.32184">
        <name>X</name>
      </trkpt>
      <trkpt lat="49.79937" lon="3.32184">
        <name>X</name>
      </trkpt>
      <trkpt lat="49.79982" lon="3.32264">
        <name>X</name>
      </trkpt>
      <trkpt lat="49.8015" lon="3.32497">
        <name>X</name>
      </trkpt>
      <trkpt lat="49.80203" lon="3.3256">
        <name>X</name>
      </trkpt>
      <trkpt lat="49.80233" lon="3.32622">
        <name>X</name>
      </trkpt>
      <trkpt lat="49.8024" lon="3.32635">
        <name>X</name>
      </trkpt>
      <trkpt lat="49.80261" lon="3.32742">
        <name>X</name>
      </trkpt>
      <trkpt lat="49.80272" lon="3.32781">
        <name>X</name>
      </trkpt>
      <trkpt lat="49.80272" lon="3.32781">
        <name>X</name>
      </trkpt>
      <trkpt lat="49.80281" lon="3.32802">
        <name>X</name>
      </trkpt>
      <trkpt lat="49.80296" lon="3.32826">
        <name>X</name>
      </trkpt>
      <trkpt lat="49.80315" lon="3.32854">
        <name>X</name>
      </trkpt>
      <trkpt lat="49.80315" lon="3.32854">
        <name>X</name>
      </trkpt>
      <trkpt lat="49.8036" lon="3.32907">
        <name>X</name>
      </trkpt>
      <trkpt lat="49.80431" lon="3.3298">
        <name>X</name>
      </trkpt>
      <trkpt lat="49.80452" lon="3.33004">
        <name>X</name>
      </trkpt>
      <trkpt lat="49.80684" lon="3.33229">
        <name>X</name>
      </trkpt>
      <trkpt lat="49.80701" lon="3.33244">
        <name>X</name>
      </trkpt>
      <trkpt lat="49.8074" lon="3.33285">
        <name>X</name>
      </trkpt>
      <trkpt lat="49.80757" lon="3.33313">
        <name>X</name>
      </trkpt>
      <trkpt lat="49.80757" lon="3.33313">
        <name>X</name>
      </trkpt>
      <trkpt lat="49.80766" lon="3.33338">
        <name>X</name>
      </trkpt>
      <trkpt lat="49.80763" lon="3.33343">
        <name>X</name>
      </trkpt>
      <trkpt lat="49.80761" lon="3.33351">
        <name>X</name>
      </trkpt>
      <trkpt lat="49.80768" lon="3.33366">
        <name>X</name>
      </trkpt>
      <trkpt lat="49.80772" lon="3.33368">
        <name>X</name>
      </trkpt>
      <trkpt lat="49.80772" lon="3.33368">
        <name>X</name>
      </trkpt>
      <trkpt lat="49.8077" lon="3.33562">
        <name>X</name>
      </trkpt>
      <trkpt lat="49.80772" lon="3.33656">
        <name>X</name>
      </trkpt>
      <trkpt lat="49.80774" lon="3.33695">
        <name>X</name>
      </trkpt>
      <trkpt lat="49.80774" lon="3.33785">
        <name>X</name>
      </trkpt>
      <trkpt lat="49.80774" lon="3.33843">
        <name>X</name>
      </trkpt>
      <trkpt lat="49.80776" lon="3.33886">
        <name>X</name>
      </trkpt>
      <trkpt lat="49.80776" lon="3.33898">
        <name>X</name>
      </trkpt>
      <trkpt lat="49.80776" lon="3.33898">
        <name>X</name>
      </trkpt>
      <trkpt lat="49.80781" lon="3.33933">
        <name>X</name>
      </trkpt>
      <trkpt lat="49.80802" lon="3.34029">
        <name>X</name>
      </trkpt>
      <trkpt lat="49.80817" lon="3.34096">
        <name>X</name>
      </trkpt>
      <trkpt lat="49.80824" lon="3.34134">
        <name>X</name>
      </trkpt>
      <trkpt lat="49.80832" lon="3.34186">
        <name>X</name>
      </trkpt>
      <trkpt lat="49.80832" lon="3.34186">
        <name>X</name>
      </trkpt>
      <trkpt lat="49.80879" lon="3.34148">
        <name>X</name>
      </trkpt>
      <trkpt lat="49.81158" lon="3.33898">
        <name>X</name>
      </trkpt>
      <trkpt lat="49.81186" lon="3.33881">
        <name>X</name>
      </trkpt>
      <trkpt lat="49.81203" lon="3.33873">
        <name>X</name>
      </trkpt>
      <trkpt lat="49.81225" lon="3.33866">
        <name>X</name>
      </trkpt>
      <trkpt lat="49.8148" lon="3.33823">
        <name>X</name>
      </trkpt>
      <trkpt lat="49.81489" lon="3.33821">
        <name>X</name>
      </trkpt>
      <trkpt lat="49.81489" lon="3.33821">
        <name>X</name>
      </trkpt>
      <trkpt lat="49.8151" lon="3.33813">
        <name>X</name>
      </trkpt>
      <trkpt lat="49.81652" lon="3.33733">
        <name>X</name>
      </trkpt>
      <trkpt lat="49.8168" lon="3.33714">
        <name>X</name>
      </trkpt>
      <trkpt lat="49.81725" lon="3.33673">
        <name>X</name>
      </trkpt>
      <trkpt lat="49.81898" lon="3.3351">
        <name>X</name>
      </trkpt>
      <trkpt lat="49.81898" lon="3.3351">
        <name>X</name>
      </trkpt>
      <trkpt lat="49.81959" lon="3.33439">
        <name>X</name>
      </trkpt>
      <trkpt lat="49.81982" lon="3.33405">
        <name>X</name>
      </trkpt>
      <trkpt lat="49.8201" lon="3.33377">
        <name>X</name>
      </trkpt>
      <trkpt lat="49.82098" lon="3.33328">
        <name>X</name>
      </trkpt>
      <trkpt lat="49.82109" lon="3.33319">
        <name>X</name>
      </trkpt>
      <trkpt lat="49.82109" lon="3.33319">
        <name>X</name>
      </trkpt>
      <trkpt lat="49.82128" lon="3.33291">
        <name>X</name>
      </trkpt>
      <trkpt lat="49.82184" lon="3.33178">
        <name>X</name>
      </trkpt>
      <trkpt lat="49.82199" lon="3.33152">
        <name>X</name>
      </trkpt>
      <trkpt lat="49.82223" lon="3.33124">
        <name>X</name>
      </trkpt>
      <trkpt lat="49.82242" lon="3.33105">
        <name>X</name>
      </trkpt>
      <trkpt lat="49.82349" lon="3.33012">
        <name>X</name>
      </trkpt>
      <trkpt lat="49.82358" lon="3.33004">
        <name>X</name>
      </trkpt>
      <trkpt lat="49.82368" lon="3.32989">
        <name>X</name>
      </trkpt>
      <trkpt lat="49.82409" lon="3.32929">
        <name>X</name>
      </trkpt>
      <trkpt lat="49.82467" lon="3.32836">
        <name>X</name>
      </trkpt>
      <trkpt lat="49.82478" lon="3.32832">
        <name>X</name>
      </trkpt>
      <trkpt lat="49.82484" lon="3.32881">
        <name>X</name>
      </trkpt>
      <trkpt lat="49.82493" lon="3.32946">
        <name>X</name>
      </trkpt>
      <trkpt lat="49.82502" lon="3.33042">
        <name>X</name>
      </trkpt>
      <trkpt lat="49.82504" lon="3.33062">
        <name>X</name>
      </trkpt>
      <trkpt lat="49.82544" lon="3.33169">
        <name>X</name>
      </trkpt>
      <trkpt lat="49.82551" lon="3.3321">
        <name>X</name>
      </trkpt>
      <trkpt lat="49.82551" lon="3.3321">
        <name>X</name>
      </trkpt>
      <trkpt lat="49.82551" lon="3.33242">
        <name>X</name>
      </trkpt>
      <trkpt lat="49.82542" lon="3.33356">
        <name>X</name>
      </trkpt>
      <trkpt lat="49.8254" lon="3.33371">
        <name>X</name>
      </trkpt>
      <trkpt lat="49.82538" lon="3.33472">
        <name>X</name>
      </trkpt>
      <trkpt lat="49.82536" lon="3.33538">
        <name>X</name>
      </trkpt>
      <trkpt lat="49.82553" lon="3.3365">
        <name>X</name>
      </trkpt>
      <trkpt lat="49.82562" lon="3.33723">
        <name>X</name>
      </trkpt>
      <trkpt lat="49.82547" lon="3.33976">
        <name>X</name>
      </trkpt>
      <trkpt lat="49.82547" lon="3.34019">
        <name>X</name>
      </trkpt>
      <trkpt lat="49.82547" lon="3.34019">
        <name>X</name>
      </trkpt>
      <trkpt lat="49.82551" lon="3.34062">
        <name>X</name>
      </trkpt>
      <trkpt lat="49.82624" lon="3.34514">
        <name>X</name>
      </trkpt>
      <trkpt lat="49.82628" lon="3.34564">
        <name>X</name>
      </trkpt>
      <trkpt lat="49.82613" lon="3.34836">
        <name>X</name>
      </trkpt>
      <trkpt lat="49.82607" lon="3.34903">
        <name>X</name>
      </trkpt>
      <trkpt lat="49.82607" lon="3.34903">
        <name>X</name>
      </trkpt>
      <trkpt lat="49.82607" lon="3.34924">
        <name>X</name>
      </trkpt>
      <trkpt lat="49.82613" lon="3.34969">
        <name>X</name>
      </trkpt>
      <trkpt lat="49.82613" lon="3.34995">
        <name>X</name>
      </trkpt>
      <trkpt lat="49.82622" lon="3.35049">
        <name>X</name>
      </trkpt>
      <trkpt lat="49.8263" lon="3.35072">
        <name>X</name>
      </trkpt>
      <trkpt lat="49.82645" lon="3.35098">
        <name>X</name>
      </trkpt>
      <trkpt lat="49.82701" lon="3.35188">
        <name>X</name>
      </trkpt>
      <trkpt lat="49.83027" lon="3.35671">
        <name>X</name>
      </trkpt>
      <trkpt lat="49.83053" lon="3.35716">
        <name>X</name>
      </trkpt>
      <trkpt lat="49.83098" lon="3.35815">
        <name>X</name>
      </trkpt>
      <trkpt lat="49.83107" lon="3.35838">
        <name>X</name>
      </trkpt>
      <trkpt lat="49.83126" lon="3.35918">
        <name>X</name>
      </trkpt>
      <trkpt lat="49.83137" lon="3.35976">
        <name>X</name>
      </trkpt>
      <trkpt lat="49.83143" lon="3.35993">
        <name>X</name>
      </trkpt>
      <trkpt lat="49.83145" lon="3.35997">
        <name>X</name>
      </trkpt>
      <trkpt lat="49.83145" lon="3.35997">
        <name>X</name>
      </trkpt>
      <trkpt lat="49.8315" lon="3.35999">
        <name>X</name>
      </trkpt>
      <trkpt lat="49.83229" lon="3.35954">
        <name>X</name>
      </trkpt>
      <trkpt lat="49.8324" lon="3.3595">
        <name>X</name>
      </trkpt>
      <trkpt lat="49.83252" lon="3.3595">
        <name>X</name>
      </trkpt>
      <trkpt lat="49.83353" lon="3.35958">
        <name>X</name>
      </trkpt>
      <trkpt lat="49.83489" lon="3.35958">
        <name>X</name>
      </trkpt>
      <trkpt lat="49.8362" lon="3.35948">
        <name>X</name>
      </trkpt>
      <trkpt lat="49.83639" lon="3.35952">
        <name>X</name>
      </trkpt>
      <trkpt lat="49.83667" lon="3.35958">
        <name>X</name>
      </trkpt>
      <trkpt lat="49.83847" lon="3.36044">
        <name>X</name>
      </trkpt>
      <trkpt lat="49.839" lon="3.3607">
        <name>X</name>
      </trkpt>
      <trkpt lat="49.839" lon="3.3607">
        <name>X</name>
      </trkpt>
      <trkpt lat="49.83922" lon="3.36072">
        <name>X</name>
      </trkpt>
      <trkpt lat="49.83988" lon="3.36062">
        <name>X</name>
      </trkpt>
      <trkpt lat="49.84006" lon="3.36059">
        <name>X</name>
      </trkpt>
      <trkpt lat="49.84016" lon="3.36062">
        <name>X</name>
      </trkpt>
      <trkpt lat="49.8404" lon="3.3607">
        <name>X</name>
      </trkpt>
      <trkpt lat="49.8413" lon="3.36152">
        <name>X</name>
      </trkpt>
      <trkpt lat="49.84152" lon="3.36169">
        <name>X</name>
      </trkpt>
      <trkpt lat="49.84177" lon="3.3618">
        <name>X</name>
      </trkpt>
      <trkpt lat="49.84212" lon="3.36188">
        <name>X</name>
      </trkpt>
      <trkpt lat="49.84308" lon="3.36203">
        <name>X</name>
      </trkpt>
      <trkpt lat="49.84351" lon="3.36218">
        <name>X</name>
      </trkpt>
      <trkpt lat="49.84431" lon="3.36268">
        <name>X</name>
      </trkpt>
      <trkpt lat="49.84467" lon="3.36285">
        <name>X</name>
      </trkpt>
      <trkpt lat="49.84488" lon="3.36285">
        <name>X</name>
      </trkpt>
      <trkpt lat="49.84506" lon="3.3628">
        <name>X</name>
      </trkpt>
      <trkpt lat="49.84546" lon="3.36261">
        <name>X</name>
      </trkpt>
      <trkpt lat="49.84557" lon="3.36259">
        <name>X</name>
      </trkpt>
      <trkpt lat="49.84557" lon="3.36259">
        <name>X</name>
      </trkpt>
      <trkpt lat="49.8457" lon="3.36257">
        <name>X</name>
      </trkpt>
      <trkpt lat="49.84594" lon="3.36261">
        <name>X</name>
      </trkpt>
      <trkpt lat="49.84654" lon="3.36259">
        <name>X</name>
      </trkpt>
      <trkpt lat="49.8466" lon="3.36362">
        <name>X</name>
      </trkpt>
      <trkpt lat="49.8466" lon="3.3645">
        <name>X</name>
      </trkpt>
      <trkpt lat="49.84647" lon="3.3672">
        <name>X</name>
      </trkpt>
      <trkpt lat="49.84639" lon="3.36819">
        <name>X</name>
      </trkpt>
      <trkpt lat="49.84636" lon="3.36911">
        <name>X</name>
      </trkpt>
      <trkpt lat="49.84632" lon="3.36993">
        <name>X</name>
      </trkpt>
      <trkpt lat="49.84718" lon="3.36939">
        <name>X</name>
      </trkpt>
      <trkpt lat="49.84761" lon="3.36909">
        <name>X</name>
      </trkpt>
      <trkpt lat="49.84804" lon="3.36868">
        <name>X</name>
      </trkpt>
      <trkpt lat="49.84853" lon="3.36823">
        <name>X</name>
      </trkpt>
      <trkpt lat="49.84903" lon="3.36772">
        <name>X</name>
      </trkpt>
      <trkpt lat="49.84911" lon="3.36763">
        <name>X</name>
      </trkpt>
      <trkpt lat="49.84911" lon="3.36763">
        <name>X</name>
      </trkpt>
      <trkpt lat="49.8495" lon="3.36694">
        <name>X</name>
      </trkpt>
      <trkpt lat="49.84967" lon="3.36677">
        <name>X</name>
      </trkpt>
      <trkpt lat="49.85061" lon="3.36572">
        <name>X</name>
      </trkpt>
      <trkpt lat="49.85061" lon="3.36572">
        <name>X</name>
      </trkpt>
      <trkpt lat="49.85066" lon="3.36561">
        <name>X</name>
      </trkpt>
      <trkpt lat="49.85038" lon="3.3648">
        <name>X</name>
      </trkpt>
      <trkpt lat="49.85034" lon="3.36461">
        <name>X</name>
      </trkpt>
      <trkpt lat="49.85034" lon="3.36461">
        <name>X</name>
      </trkpt>
      <trkpt lat="49.85042" lon="3.36461">
        <name>X</name>
      </trkpt>
      <trkpt lat="49.85055" lon="3.36454">
        <name>X</name>
      </trkpt>
      <trkpt lat="49.85106" lon="3.36411">
        <name>X</name>
      </trkpt>
      <trkpt lat="49.85184" lon="3.36315">
        <name>X</name>
      </trkpt>
      <trkpt lat="49.8519" lon="3.36306">
        <name>X</name>
      </trkpt>
      <trkpt lat="49.85242" lon="3.36265">
        <name>X</name>
      </trkpt>
      <trkpt lat="49.85246" lon="3.36263">
        <name>X</name>
      </trkpt>
      <trkpt lat="49.85246" lon="3.36263">
        <name>X</name>
      </trkpt>
      <trkpt lat="49.8525" lon="3.36268">
        <name>X</name>
      </trkpt>
      <trkpt lat="49.85278" lon="3.36353">
        <name>X</name>
      </trkpt>
      <trkpt lat="49.85291" lon="3.36392">
        <name>X</name>
      </trkpt>
      <trkpt lat="49.85319" lon="3.36467">
        <name>X</name>
      </trkpt>
      <trkpt lat="49.85349" lon="3.36555">
        <name>X</name>
      </trkpt>
      <trkpt lat="49.85355" lon="3.3657">
        <name>X</name>
      </trkpt>
      <trkpt lat="49.85388" lon="3.36641">
        <name>X</name>
      </trkpt>
      <trkpt lat="49.85454" lon="3.36761">
        <name>X</name>
      </trkpt>
      <trkpt lat="49.85467" lon="3.36776">
        <name>X</name>
      </trkpt>
      <trkpt lat="49.85486" lon="3.36778">
        <name>X</name>
      </trkpt>
      <trkpt lat="49.85493" lon="3.36776">
        <name>X</name>
      </trkpt>
      <trkpt lat="49.85553" lon="3.36707">
        <name>X</name>
      </trkpt>
      <trkpt lat="49.8557" lon="3.36692">
        <name>X</name>
      </trkpt>
      <trkpt lat="49.85596" lon="3.36682">
        <name>X</name>
      </trkpt>
      <trkpt lat="49.85686" lon="3.36643">
        <name>X</name>
      </trkpt>
      <trkpt lat="49.85774" lon="3.36598">
        <name>X</name>
      </trkpt>
      <trkpt lat="49.85791" lon="3.36596">
        <name>X</name>
      </trkpt>
      <trkpt lat="49.85791" lon="3.36596">
        <name>X</name>
      </trkpt>
      <trkpt lat="49.85825" lon="3.36596">
        <name>X</name>
      </trkpt>
      <trkpt lat="49.86081" lon="3.36626">
        <name>X</name>
      </trkpt>
      <trkpt lat="49.86166" lon="3.36643">
        <name>X</name>
      </trkpt>
      <trkpt lat="49.86518" lon="3.3675">
        <name>X</name>
      </trkpt>
      <trkpt lat="49.8657" lon="3.36763">
        <name>X</name>
      </trkpt>
      <trkpt lat="49.86765" lon="3.36752">
        <name>X</name>
      </trkpt>
      <trkpt lat="49.86776" lon="3.36755">
        <name>X</name>
      </trkpt>
      <trkpt lat="49.86793" lon="3.36761">
        <name>X</name>
      </trkpt>
      <trkpt lat="49.868" lon="3.36763">
        <name>X</name>
      </trkpt>
      <trkpt lat="49.86883" lon="3.36817">
        <name>X</name>
      </trkpt>
      <trkpt lat="49.86945" lon="3.36858">
        <name>X</name>
      </trkpt>
      <trkpt lat="49.87171" lon="3.36995">
        <name>X</name>
      </trkpt>
      <trkpt lat="49.87248" lon="3.37046">
        <name>X</name>
      </trkpt>
      <trkpt lat="49.87259" lon="3.37055">
        <name>X</name>
      </trkpt>
      <trkpt lat="49.87289" lon="3.37081">
        <name>X</name>
      </trkpt>
      <trkpt lat="49.8745" lon="3.37254">
        <name>X</name>
      </trkpt>
      <trkpt lat="49.87473" lon="3.37274">
        <name>X</name>
      </trkpt>
      <trkpt lat="49.87529" lon="3.37306">
        <name>X</name>
      </trkpt>
      <trkpt lat="49.87621" lon="3.37355">
        <name>X</name>
      </trkpt>
      <trkpt lat="49.87679" lon="3.37381">
        <name>X</name>
      </trkpt>
      <trkpt lat="49.87718" lon="3.3739">
        <name>X</name>
      </trkpt>
      <trkpt lat="49.87774" lon="3.37385">
        <name>X</name>
      </trkpt>
      <trkpt lat="49.87804" lon="3.37379">
        <name>X</name>
      </trkpt>
      <trkpt lat="49.87898" lon="3.37347">
        <name>X</name>
      </trkpt>
      <trkpt lat="49.87962" lon="3.37332">
        <name>X</name>
      </trkpt>
      <trkpt lat="49.88098" lon="3.37312">
        <name>X</name>
      </trkpt>
      <trkpt lat="49.88134" lon="3.37306">
        <name>X</name>
      </trkpt>
      <trkpt lat="49.88134" lon="3.37306">
        <name>X</name>
      </trkpt>
      <trkpt lat="49.88175" lon="3.37304">
        <name>X</name>
      </trkpt>
      <trkpt lat="49.88353" lon="3.3728">
        <name>X</name>
      </trkpt>
      <trkpt lat="49.88467" lon="3.37263">
        <name>X</name>
      </trkpt>
      <trkpt lat="49.88604" lon="3.37248">
        <name>X</name>
      </trkpt>
      <trkpt lat="49.88684" lon="3.37235">
        <name>X</name>
      </trkpt>
      <trkpt lat="49.88885" lon="3.37166">
        <name>X</name>
      </trkpt>
      <trkpt lat="49.88952" lon="3.37147">
        <name>X</name>
      </trkpt>
      <trkpt lat="49.88973" lon="3.37147">
        <name>X</name>
      </trkpt>
      <trkpt lat="49.8907" lon="3.37164">
        <name>X</name>
      </trkpt>
      <trkpt lat="49.89126" lon="3.37164">
        <name>X</name>
      </trkpt>
      <trkpt lat="49.89181" lon="3.37154">
        <name>X</name>
      </trkpt>
      <trkpt lat="49.89314" lon="3.37104">
        <name>X</name>
      </trkpt>
      <trkpt lat="49.89327" lon="3.37098">
        <name>X</name>
      </trkpt>
      <trkpt lat="49.89372" lon="3.37066">
        <name>X</name>
      </trkpt>
      <trkpt lat="49.89402" lon="3.3704">
        <name>X</name>
      </trkpt>
      <trkpt lat="49.89402" lon="3.3704">
        <name>X</name>
      </trkpt>
      <trkpt lat="49.89486" lon="3.36982">
        <name>X</name>
      </trkpt>
      <trkpt lat="49.89546" lon="3.36946">
        <name>X</name>
      </trkpt>
      <trkpt lat="49.89593" lon="3.36911">
        <name>X</name>
      </trkpt>
      <trkpt lat="49.89604" lon="3.36903">
        <name>X</name>
      </trkpt>
      <trkpt lat="49.89626" lon="3.36875">
        <name>X</name>
      </trkpt>
      <trkpt lat="49.8966" lon="3.36825">
        <name>X</name>
      </trkpt>
      <trkpt lat="49.89666" lon="3.36812">
        <name>X</name>
      </trkpt>
      <trkpt lat="49.89713" lon="3.3675">
        <name>X</name>
      </trkpt>
      <trkpt lat="49.89735" lon="3.36722">
        <name>X</name>
      </trkpt>
      <trkpt lat="49.89831" lon="3.36684">
        <name>X</name>
      </trkpt>
      <trkpt lat="49.89842" lon="3.3668">
        <name>X</name>
      </trkpt>
      <trkpt lat="49.89932" lon="3.36649">
        <name>X</name>
      </trkpt>
      <trkpt lat="49.89941" lon="3.36647">
        <name>X</name>
      </trkpt>
      <trkpt lat="49.89941" lon="3.36647">
        <name>X</name>
      </trkpt>
      <trkpt lat="49.8996" lon="3.36647">
        <name>X</name>
      </trkpt>
      <trkpt lat="49.89977" lon="3.36656">
        <name>X</name>
      </trkpt>
      <trkpt lat="49.90014" lon="3.36692">
        <name>X</name>
      </trkpt>
      <trkpt lat="49.90014" lon="3.36692">
        <name>X</name>
      </trkpt>
      <trkpt lat="49.90022" lon="3.36703">
        <name>X</name>
      </trkpt>
      <trkpt lat="49.90022" lon="3.36703">
        <name>X</name>
      </trkpt>
      <trkpt lat="49.90031" lon="3.36729">
        <name>X</name>
      </trkpt>
      <trkpt lat="49.90033" lon="3.36744">
        <name>X</name>
      </trkpt>
      <trkpt lat="49.90037" lon="3.36746">
        <name>X</name>
      </trkpt>
      <trkpt lat="49.90046" lon="3.36746">
        <name>X</name>
      </trkpt>
      <trkpt lat="49.9005" lon="3.36746">
        <name>X</name>
      </trkpt>
      <trkpt lat="49.9007" lon="3.36737">
        <name>X</name>
      </trkpt>
      <trkpt lat="49.90093" lon="3.36733">
        <name>X</name>
      </trkpt>
      <trkpt lat="49.9025" lon="3.36735">
        <name>X</name>
      </trkpt>
      <trkpt lat="49.90261" lon="3.36737">
        <name>X</name>
      </trkpt>
      <trkpt lat="49.90261" lon="3.36737">
        <name>X</name>
      </trkpt>
      <trkpt lat="49.90284" lon="3.3675">
        <name>X</name>
      </trkpt>
      <trkpt lat="49.90308" lon="3.36772">
        <name>X</name>
      </trkpt>
      <trkpt lat="49.90454" lon="3.36898">
        <name>X</name>
      </trkpt>
      <trkpt lat="49.90475" lon="3.36913">
        <name>X</name>
      </trkpt>
      <trkpt lat="49.90492" lon="3.3692">
        <name>X</name>
      </trkpt>
      <trkpt lat="49.9072" lon="3.36894">
        <name>X</name>
      </trkpt>
      <trkpt lat="49.90754" lon="3.3689">
        <name>X</name>
      </trkpt>
      <trkpt lat="49.90773" lon="3.36883">
        <name>X</name>
      </trkpt>
      <trkpt lat="49.90793" lon="3.36873">
        <name>X</name>
      </trkpt>
      <trkpt lat="49.90806" lon="3.36853">
        <name>X</name>
      </trkpt>
      <trkpt lat="49.90818" lon="3.36832">
        <name>X</name>
      </trkpt>
      <trkpt lat="49.90818" lon="3.36832">
        <name>X</name>
      </trkpt>
      <trkpt lat="49.90827" lon="3.36804">
        <name>X</name>
      </trkpt>
      <trkpt lat="49.90857" lon="3.36596">
        <name>X</name>
      </trkpt>
      <trkpt lat="49.90864" lon="3.36568">
        <name>X</name>
      </trkpt>
      <trkpt lat="49.90889" lon="3.36542">
        <name>X</name>
      </trkpt>
      <trkpt lat="49.90902" lon="3.36538">
        <name>X</name>
      </trkpt>
      <trkpt lat="49.90924" lon="3.36542">
        <name>X</name>
      </trkpt>
      <trkpt lat="49.90943" lon="3.36555">
        <name>X</name>
      </trkpt>
      <trkpt lat="49.91649" lon="3.37083">
        <name>X</name>
      </trkpt>
      <trkpt lat="49.91709" lon="3.37126">
        <name>X</name>
      </trkpt>
      <trkpt lat="49.91735" lon="3.37152">
        <name>X</name>
      </trkpt>
      <trkpt lat="49.91831" lon="3.37216">
        <name>X</name>
      </trkpt>
      <trkpt lat="49.91878" lon="3.37201">
        <name>X</name>
      </trkpt>
      <trkpt lat="49.91921" lon="3.37186">
        <name>X</name>
      </trkpt>
      <trkpt lat="49.91956" lon="3.37169">
        <name>X</name>
      </trkpt>
      <trkpt lat="49.91966" lon="3.37158">
        <name>X</name>
      </trkpt>
      <trkpt lat="49.91966" lon="3.37158">
        <name>X</name>
      </trkpt>
      <trkpt lat="49.92012" lon="3.37156">
        <name>X</name>
      </trkpt>
      <trkpt lat="49.92125" lon="3.37166">
        <name>X</name>
      </trkpt>
      <trkpt lat="49.92166" lon="3.37164">
        <name>X</name>
      </trkpt>
      <trkpt lat="49.92243" lon="3.37124">
        <name>X</name>
      </trkpt>
      <trkpt lat="49.92282" lon="3.37109">
        <name>X</name>
      </trkpt>
      <trkpt lat="49.926" lon="3.37016">
        <name>X</name>
      </trkpt>
      <trkpt lat="49.92621" lon="3.3701">
        <name>X</name>
      </trkpt>
      <trkpt lat="49.92621" lon="3.3701">
        <name>X</name>
      </trkpt>
      <trkpt lat="49.92634" lon="3.37008">
        <name>X</name>
      </trkpt>
      <trkpt lat="49.92664" lon="3.37042">
        <name>X</name>
      </trkpt>
      <trkpt lat="49.9267" lon="3.37044">
        <name>X</name>
      </trkpt>
      <trkpt lat="49.92685" lon="3.37025">
        <name>X</name>
      </trkpt>
      <trkpt lat="49.9269" lon="3.37018">
        <name>X</name>
      </trkpt>
      <trkpt lat="49.9269" lon="3.37018">
        <name>X</name>
      </trkpt>
      <trkpt lat="49.92694" lon="3.36984">
        <name>X</name>
      </trkpt>
      <trkpt lat="49.92705" lon="3.36961">
        <name>X</name>
      </trkpt>
      <trkpt lat="49.92711" lon="3.36954">
        <name>X</name>
      </trkpt>
      <trkpt lat="49.92799" lon="3.3689">
        <name>X</name>
      </trkpt>
      <trkpt lat="49.92812" lon="3.36873">
        <name>X</name>
      </trkpt>
      <trkpt lat="49.92818" lon="3.36886">
        <name>X</name>
      </trkpt>
      <trkpt lat="49.92825" lon="3.36892">
        <name>X</name>
      </trkpt>
      <trkpt lat="49.9284" lon="3.36896">
        <name>X</name>
      </trkpt>
      <trkpt lat="49.92844" lon="3.36894">
        <name>X</name>
      </trkpt>
      <trkpt lat="49.92861" lon="3.36862">
        <name>X</name>
      </trkpt>
      <trkpt lat="49.92874" lon="3.36838">
        <name>X</name>
      </trkpt>
      <trkpt lat="49.92874" lon="3.36838">
        <name>X</name>
      </trkpt>
      <trkpt lat="49.92902" lon="3.36812">
        <name>X</name>
      </trkpt>
      <trkpt lat="49.93205" lon="3.36426">
        <name>X</name>
      </trkpt>
      <trkpt lat="49.93226" lon="3.36411">
        <name>X</name>
      </trkpt>
      <trkpt lat="49.93226" lon="3.36411">
        <name>X</name>
      </trkpt>
      <trkpt lat="49.93248" lon="3.364">
        <name>X</name>
      </trkpt>
      <trkpt lat="49.93402" lon="3.36349">
        <name>X</name>
      </trkpt>
      <trkpt lat="49.93597" lon="3.36282">
        <name>X</name>
      </trkpt>
      <trkpt lat="49.93617" lon="3.36278">
        <name>X</name>
      </trkpt>
      <trkpt lat="49.93636" lon="3.36278">
        <name>X</name>
      </trkpt>
      <trkpt lat="49.93825" lon="3.36306">
        <name>X</name>
      </trkpt>
      <trkpt lat="49.93842" lon="3.36304">
        <name>X</name>
      </trkpt>
      <trkpt lat="49.94072" lon="3.36218">
        <name>X</name>
      </trkpt>
      <trkpt lat="49.94123" lon="3.36203">
        <name>X</name>
      </trkpt>
      <trkpt lat="49.944" lon="3.36143">
        <name>X</name>
      </trkpt>
      <trkpt lat="49.94415" lon="3.36139">
        <name>X</name>
      </trkpt>
      <trkpt lat="49.9446" lon="3.36115">
        <name>X</name>
      </trkpt>
      <trkpt lat="49.94484" lon="3.36096">
        <name>X</name>
      </trkpt>
      <trkpt lat="49.9458" lon="3.35999">
        <name>X</name>
      </trkpt>
      <trkpt lat="49.94604" lon="3.35978">
        <name>X</name>
      </trkpt>
      <trkpt lat="49.94619" lon="3.35967">
        <name>X</name>
      </trkpt>
      <trkpt lat="49.94636" lon="3.35958">
        <name>X</name>
      </trkpt>
      <trkpt lat="49.94762" lon="3.35903">
        <name>X</name>
      </trkpt>
      <trkpt lat="49.94792" lon="3.35888">
        <name>X</name>
      </trkpt>
      <trkpt lat="49.94919" lon="3.35774">
        <name>X</name>
      </trkpt>
      <trkpt lat="49.94947" lon="3.35761">
        <name>X</name>
      </trkpt>
      <trkpt lat="49.95299" lon="3.3571">
        <name>X</name>
      </trkpt>
      <trkpt lat="49.95361" lon="3.35699">
        <name>X</name>
      </trkpt>
      <trkpt lat="49.95385" lon="3.3569">
        <name>X</name>
      </trkpt>
      <trkpt lat="49.95406" lon="3.3568">
        <name>X</name>
      </trkpt>
      <trkpt lat="49.95576" lon="3.3557">
        <name>X</name>
      </trkpt>
      <trkpt lat="49.95612" lon="3.35555">
        <name>X</name>
      </trkpt>
      <trkpt lat="49.95638" lon="3.35551">
        <name>X</name>
      </trkpt>
      <trkpt lat="49.95664" lon="3.35549">
        <name>X</name>
      </trkpt>
      <trkpt lat="49.95872" lon="3.35564">
        <name>X</name>
      </trkpt>
      <trkpt lat="49.95953" lon="3.3557">
        <name>X</name>
      </trkpt>
      <trkpt lat="49.9596" lon="3.35568">
        <name>X</name>
      </trkpt>
      <trkpt lat="49.95998" lon="3.35568">
        <name>X</name>
      </trkpt>
      <trkpt lat="49.9629" lon="3.35501">
        <name>X</name>
      </trkpt>
      <trkpt lat="49.96389" lon="3.35478">
        <name>X</name>
      </trkpt>
      <trkpt lat="49.96447" lon="3.35484">
        <name>X</name>
      </trkpt>
      <trkpt lat="49.96473" lon="3.35482">
        <name>X</name>
      </trkpt>
      <trkpt lat="49.96503" lon="3.35562">
        <name>X</name>
      </trkpt>
      <trkpt lat="49.96526" lon="3.35628">
        <name>X</name>
      </trkpt>
      <trkpt lat="49.96573" lon="3.35795">
        <name>X</name>
      </trkpt>
      <trkpt lat="49.96608" lon="3.35918">
        <name>X</name>
      </trkpt>
      <trkpt lat="49.96644" lon="3.36083">
        <name>X</name>
      </trkpt>
      <trkpt lat="49.96692" lon="3.36289">
        <name>X</name>
      </trkpt>
      <trkpt lat="49.96719" lon="3.36394">
        <name>X</name>
      </trkpt>
      <trkpt lat="49.9673" lon="3.36422">
        <name>X</name>
      </trkpt>
      <trkpt lat="49.96745" lon="3.36456">
        <name>X</name>
      </trkpt>
      <trkpt lat="49.96769" lon="3.36506">
        <name>X</name>
      </trkpt>
      <trkpt lat="49.96769" lon="3.36506">
        <name>X</name>
      </trkpt>
      <trkpt lat="49.96814" lon="3.36583">
        <name>X</name>
      </trkpt>
      <trkpt lat="49.96921" lon="3.3678">
        <name>X</name>
      </trkpt>
      <trkpt lat="49.96947" lon="3.36834">
        <name>X</name>
      </trkpt>
      <trkpt lat="49.97129" lon="3.3731">
        <name>X</name>
      </trkpt>
      <trkpt lat="49.97138" lon="3.3733">
        <name>X</name>
      </trkpt>
      <trkpt lat="49.9723" lon="3.37478">
        <name>X</name>
      </trkpt>
      <trkpt lat="49.97279" lon="3.37557">
        <name>X</name>
      </trkpt>
      <trkpt lat="49.97279" lon="3.37557">
        <name>X</name>
      </trkpt>
      <trkpt lat="49.9734" lon="3.37649">
        <name>X</name>
      </trkpt>
      <trkpt lat="49.97397" lon="3.37731">
        <name>X</name>
      </trkpt>
      <trkpt lat="49.97449" lon="3.37804">
        <name>X</name>
      </trkpt>
      <trkpt lat="49.97472" lon="3.37849">
        <name>X</name>
      </trkpt>
      <trkpt lat="49.97496" lon="3.37894">
        <name>X</name>
      </trkpt>
      <trkpt lat="49.97496" lon="3.37894">
        <name>X</name>
      </trkpt>
      <trkpt lat="49.97548" lon="3.38027">
        <name>X</name>
      </trkpt>
      <trkpt lat="49.97576" lon="3.38085">
        <name>X</name>
      </trkpt>
      <trkpt lat="49.97593" lon="3.38119">
        <name>X</name>
      </trkpt>
      <trkpt lat="49.97653" lon="3.38227">
        <name>X</name>
      </trkpt>
      <trkpt lat="49.97681" lon="3.38282">
        <name>X</name>
      </trkpt>
      <trkpt lat="49.97681" lon="3.38282">
        <name>X</name>
      </trkpt>
      <trkpt lat="49.97724" lon="3.38379">
        <name>X</name>
      </trkpt>
      <trkpt lat="49.97758" lon="3.38465">
        <name>X</name>
      </trkpt>
      <trkpt lat="49.97771" lon="3.38499">
        <name>X</name>
      </trkpt>
      <trkpt lat="49.97784" lon="3.3852">
        <name>X</name>
      </trkpt>
      <trkpt lat="49.97788" lon="3.38527">
        <name>X</name>
      </trkpt>
      <trkpt lat="49.97874" lon="3.38712">
        <name>X</name>
      </trkpt>
      <trkpt lat="49.97897" lon="3.38763">
        <name>X</name>
      </trkpt>
      <trkpt lat="49.9791" lon="3.38793">
        <name>X</name>
      </trkpt>
      <trkpt lat="49.97927" lon="3.38834">
        <name>X</name>
      </trkpt>
      <trkpt lat="49.97975" lon="3.38999">
        <name>X</name>
      </trkpt>
      <trkpt lat="49.98069" lon="3.3936">
        <name>X</name>
      </trkpt>
      <trkpt lat="49.9811" lon="3.39525">
        <name>X</name>
      </trkpt>
      <trkpt lat="49.98114" lon="3.39559">
        <name>X</name>
      </trkpt>
      <trkpt lat="49.98114" lon="3.39559">
        <name>X</name>
      </trkpt>
      <trkpt lat="49.98114" lon="3.39591">
        <name>X</name>
      </trkpt>
      <trkpt lat="49.98086" lon="3.39804">
        <name>X</name>
      </trkpt>
      <trkpt lat="49.98076" lon="3.39907">
        <name>X</name>
      </trkpt>
      <trkpt lat="49.9808" lon="3.39969">
        <name>X</name>
      </trkpt>
      <trkpt lat="49.98084" lon="3.39992">
        <name>X</name>
      </trkpt>
      <trkpt lat="49.98142" lon="3.40229">
        <name>X</name>
      </trkpt>
      <trkpt lat="49.98159" lon="3.4028">
        <name>X</name>
      </trkpt>
      <trkpt lat="49.98305" lon="3.40623">
        <name>X</name>
      </trkpt>
      <trkpt lat="49.98352" lon="3.40739">
        <name>X</name>
      </trkpt>
      <trkpt lat="49.98384" lon="3.40825">
        <name>X</name>
      </trkpt>
      <trkpt lat="49.98427" lon="3.40934">
        <name>X</name>
      </trkpt>
      <trkpt lat="49.98455" lon="3.41022">
        <name>X</name>
      </trkpt>
      <trkpt lat="49.98479" lon="3.41095">
        <name>X</name>
      </trkpt>
      <trkpt lat="49.98507" lon="3.41192">
        <name>X</name>
      </trkpt>
      <trkpt lat="49.98532" lon="3.41299">
        <name>X</name>
      </trkpt>
      <trkpt lat="49.98532" lon="3.41299">
        <name>X</name>
      </trkpt>
      <trkpt lat="49.98556" lon="3.41445">
        <name>X</name>
      </trkpt>
      <trkpt lat="49.98571" lon="3.41514">
        <name>X</name>
      </trkpt>
      <trkpt lat="49.98573" lon="3.41527">
        <name>X</name>
      </trkpt>
      <trkpt lat="49.98666" lon="3.41827">
        <name>X</name>
      </trkpt>
      <trkpt lat="49.98676" lon="3.41874">
        <name>X</name>
      </trkpt>
      <trkpt lat="49.98676" lon="3.41874">
        <name>X</name>
      </trkpt>
      <trkpt lat="49.98691" lon="3.41943">
        <name>X</name>
      </trkpt>
      <trkpt lat="49.98741" lon="3.42258">
        <name>X</name>
      </trkpt>
      <trkpt lat="49.98756" lon="3.42355">
        <name>X</name>
      </trkpt>
      <trkpt lat="49.98756" lon="3.42355">
        <name>X</name>
      </trkpt>
      <trkpt lat="49.98779" lon="3.42546">
        <name>X</name>
      </trkpt>
      <trkpt lat="49.98809" lon="3.42876">
        <name>X</name>
      </trkpt>
      <trkpt lat="49.98814" lon="3.42999">
        <name>X</name>
      </trkpt>
      <trkpt lat="49.98803" lon="3.43851">
        <name>X</name>
      </trkpt>
      <trkpt lat="49.98801" lon="3.43913">
        <name>X</name>
      </trkpt>
      <trkpt lat="49.98801" lon="3.43913">
        <name>X</name>
      </trkpt>
      <trkpt lat="49.98792" lon="3.43984">
        <name>X</name>
      </trkpt>
      <trkpt lat="49.98743" lon="3.44286">
        <name>X</name>
      </trkpt>
      <trkpt lat="49.98738" lon="3.4431">
        <name>X</name>
      </trkpt>
      <trkpt lat="49.9882" lon="3.44336">
        <name>X</name>
      </trkpt>
      <trkpt lat="49.98824" lon="3.4434">
        <name>X</name>
      </trkpt>
      <trkpt lat="49.9886" lon="3.44385">
        <name>X</name>
      </trkpt>
      <trkpt lat="49.98872" lon="3.444">
        <name>X</name>
      </trkpt>
      <trkpt lat="49.9888" lon="3.44417">
        <name>X</name>
      </trkpt>
      <trkpt lat="49.9888" lon="3.44447">
        <name>X</name>
      </trkpt>
      <trkpt lat="49.98985" lon="3.44563">
        <name>X</name>
      </trkpt>
      <trkpt lat="49.9899" lon="3.44576">
        <name>X</name>
      </trkpt>
      <trkpt lat="49.9899" lon="3.44576">
        <name>X</name>
      </trkpt>
      <trkpt lat="49.98983" lon="3.44597">
        <name>X</name>
      </trkpt>
      <trkpt lat="49.98972" lon="3.44797">
        <name>X</name>
      </trkpt>
      <trkpt lat="49.98968" lon="3.44876">
        <name>X</name>
      </trkpt>
      <trkpt lat="49.98932" lon="3.4511">
        <name>X</name>
      </trkpt>
      <trkpt lat="49.98923" lon="3.4516">
        <name>X</name>
      </trkpt>
      <trkpt lat="49.98923" lon="3.4516">
        <name>X</name>
      </trkpt>
      <trkpt lat="49.98942" lon="3.45164">
        <name>X</name>
      </trkpt>
      <trkpt lat="49.98996" lon="3.45187">
        <name>X</name>
      </trkpt>
      <trkpt lat="49.99015" lon="3.45196">
        <name>X</name>
      </trkpt>
      <trkpt lat="49.99024" lon="3.45196">
        <name>X</name>
      </trkpt>
      <trkpt lat="49.9903" lon="3.45194">
        <name>X</name>
      </trkpt>
      <trkpt lat="49.99035" lon="3.45209">
        <name>X</name>
      </trkpt>
      <trkpt lat="49.99048" lon="3.45237">
        <name>X</name>
      </trkpt>
      <trkpt lat="49.99075" lon="3.45282">
        <name>X</name>
      </trkpt>
      <trkpt lat="49.99095" lon="3.45301">
        <name>X</name>
      </trkpt>
      <trkpt lat="49.99095" lon="3.45301">
        <name>X</name>
      </trkpt>
      <trkpt lat="49.99138" lon="3.45333">
        <name>X</name>
      </trkpt>
      <trkpt lat="49.99266" lon="3.45411">
        <name>X</name>
      </trkpt>
      <trkpt lat="49.99414" lon="3.45492">
        <name>X</name>
      </trkpt>
      <trkpt lat="49.99414" lon="3.45492">
        <name>X</name>
      </trkpt>
      <trkpt lat="49.9952" lon="3.45586">
        <name>X</name>
      </trkpt>
      <trkpt lat="49.99657" lon="3.4569">
        <name>X</name>
      </trkpt>
      <trkpt lat="49.99676" lon="3.45707">
        <name>X</name>
      </trkpt>
      <trkpt lat="49.99676" lon="3.45707">
        <name>X</name>
      </trkpt>
      <trkpt lat="49.99691" lon="3.45726">
        <name>X</name>
      </trkpt>
      <trkpt lat="49.99874" lon="3.46136">
        <name>X</name>
      </trkpt>
      <trkpt lat="49.99917" lon="3.46239">
        <name>X</name>
      </trkpt>
      <trkpt lat="49.99938" lon="3.46271">
        <name>X</name>
      </trkpt>
      <trkpt lat="49.99951" lon="3.46284">
        <name>X</name>
      </trkpt>
      <trkpt lat="50.01024" lon="3.46857">
        <name>X</name>
      </trkpt>
      <trkpt lat="50.01215" lon="3.46951">
        <name>X</name>
      </trkpt>
      <trkpt lat="50.01462" lon="3.46975">
        <name>X</name>
      </trkpt>
      <trkpt lat="50.01528" lon="3.46981">
        <name>X</name>
      </trkpt>
      <trkpt lat="50.01556" lon="3.46979">
        <name>X</name>
      </trkpt>
      <trkpt lat="50.01594" lon="3.46977">
        <name>X</name>
      </trkpt>
      <trkpt lat="50.01599" lon="3.46968">
        <name>X</name>
      </trkpt>
      <trkpt lat="50.01612" lon="3.4696">
        <name>X</name>
      </trkpt>
      <trkpt lat="50.01633" lon="3.46962">
        <name>X</name>
      </trkpt>
      <trkpt lat="50.01663" lon="3.46966">
        <name>X</name>
      </trkpt>
      <trkpt lat="50.01751" lon="3.46968">
        <name>X</name>
      </trkpt>
      <trkpt lat="50.01856" lon="3.46971">
        <name>X</name>
      </trkpt>
      <trkpt lat="50.01974" lon="3.46979">
        <name>X</name>
      </trkpt>
      <trkpt lat="50.02006" lon="3.46979">
        <name>X</name>
      </trkpt>
      <trkpt lat="50.02043" lon="3.46973">
        <name>X</name>
      </trkpt>
      <trkpt lat="50.02105" lon="3.46968">
        <name>X</name>
      </trkpt>
      <trkpt lat="50.02105" lon="3.46968">
        <name>X</name>
      </trkpt>
      <trkpt lat="50.02163" lon="3.46956">
        <name>X</name>
      </trkpt>
      <trkpt lat="50.02219" lon="3.46934">
        <name>X</name>
      </trkpt>
      <trkpt lat="50.02232" lon="3.46928">
        <name>X</name>
      </trkpt>
      <trkpt lat="50.02232" lon="3.46928">
        <name>X</name>
      </trkpt>
      <trkpt lat="50.02245" lon="3.46915">
        <name>X</name>
      </trkpt>
      <trkpt lat="50.02268" lon="3.46876">
        <name>X</name>
      </trkpt>
      <trkpt lat="50.02406" lon="3.46653">
        <name>X</name>
      </trkpt>
      <trkpt lat="50.02406" lon="3.46653">
        <name>X</name>
      </trkpt>
      <trkpt lat="50.02547" lon="3.46389">
        <name>X</name>
      </trkpt>
      <trkpt lat="50.02582" lon="3.46346">
        <name>X</name>
      </trkpt>
      <trkpt lat="50.02644" lon="3.4626">
        <name>X</name>
      </trkpt>
      <trkpt lat="50.02712" lon="3.46119">
        <name>X</name>
      </trkpt>
      <trkpt lat="50.02745" lon="3.4608">
        <name>X</name>
      </trkpt>
      <trkpt lat="50.02773" lon="3.46116">
        <name>X</name>
      </trkpt>
      <trkpt lat="50.02792" lon="3.46129">
        <name>X</name>
      </trkpt>
      <trkpt lat="50.02981" lon="3.4622">
        <name>X</name>
      </trkpt>
      <trkpt lat="50.03015" lon="3.46237">
        <name>X</name>
      </trkpt>
      <trkpt lat="50.03092" lon="3.46297">
        <name>X</name>
      </trkpt>
      <trkpt lat="50.03144" lon="3.46327">
        <name>X</name>
      </trkpt>
      <trkpt lat="50.03144" lon="3.46327">
        <name>X</name>
      </trkpt>
      <trkpt lat="50.0324" lon="3.46357">
        <name>X</name>
      </trkpt>
      <trkpt lat="50.03253" lon="3.46366">
        <name>X</name>
      </trkpt>
      <trkpt lat="50.03296" lon="3.46398">
        <name>X</name>
      </trkpt>
      <trkpt lat="50.03318" lon="3.46404">
        <name>X</name>
      </trkpt>
      <trkpt lat="50.03348" lon="3.46406">
        <name>X</name>
      </trkpt>
      <trkpt lat="50.03444" lon="3.46406">
        <name>X</name>
      </trkpt>
      <trkpt lat="50.03451" lon="3.46406">
        <name>X</name>
      </trkpt>
      <trkpt lat="50.03461" lon="3.46408">
        <name>X</name>
      </trkpt>
      <trkpt lat="50.03596" lon="3.46451">
        <name>X</name>
      </trkpt>
      <trkpt lat="50.03667" lon="3.46458">
        <name>X</name>
      </trkpt>
      <trkpt lat="50.03766" lon="3.46462">
        <name>X</name>
      </trkpt>
      <trkpt lat="50.03766" lon="3.46462">
        <name>X</name>
      </trkpt>
      <trkpt lat="50.03785" lon="3.46466">
        <name>X</name>
      </trkpt>
      <trkpt lat="50.03826" lon="3.46484">
        <name>X</name>
      </trkpt>
      <trkpt lat="50.03888" lon="3.46509">
        <name>X</name>
      </trkpt>
      <trkpt lat="50.03974" lon="3.4634">
        <name>X</name>
      </trkpt>
      <trkpt lat="50.04002" lon="3.4628">
        <name>X</name>
      </trkpt>
      <trkpt lat="50.04092" lon="3.46063">
        <name>X</name>
      </trkpt>
      <trkpt lat="50.04133" lon="3.45973">
        <name>X</name>
      </trkpt>
      <trkpt lat="50.04133" lon="3.45973">
        <name>X</name>
      </trkpt>
      <trkpt lat="50.04247" lon="3.45754">
        <name>X</name>
      </trkpt>
      <trkpt lat="50.0426" lon="3.45737">
        <name>X</name>
      </trkpt>
      <trkpt lat="50.04283" lon="3.45709">
        <name>X</name>
      </trkpt>
      <trkpt lat="50.04483" lon="3.45542">
        <name>X</name>
      </trkpt>
      <trkpt lat="50.04526" lon="3.45505">
        <name>X</name>
      </trkpt>
      <trkpt lat="50.04852" lon="3.45168">
        <name>X</name>
      </trkpt>
      <trkpt lat="50.0486" lon="3.45162">
        <name>X</name>
      </trkpt>
      <trkpt lat="50.04878" lon="3.45153">
        <name>X</name>
      </trkpt>
      <trkpt lat="50.0489" lon="3.45149">
        <name>X</name>
      </trkpt>
      <trkpt lat="50.0489" lon="3.45149">
        <name>X</name>
      </trkpt>
      <trkpt lat="50.04906" lon="3.45149">
        <name>X</name>
      </trkpt>
      <trkpt lat="50.04948" lon="3.4516">
        <name>X</name>
      </trkpt>
      <trkpt lat="50.04968" lon="3.45162">
        <name>X</name>
      </trkpt>
      <trkpt lat="50.05028" lon="3.45155">
        <name>X</name>
      </trkpt>
      <trkpt lat="50.05075" lon="3.45144">
        <name>X</name>
      </trkpt>
      <trkpt lat="50.05075" lon="3.45144">
        <name>X</name>
      </trkpt>
      <trkpt lat="50.05124" lon="3.45123">
        <name>X</name>
      </trkpt>
      <trkpt lat="50.05172" lon="3.45097">
        <name>X</name>
      </trkpt>
      <trkpt lat="50.05341" lon="3.45001">
        <name>X</name>
      </trkpt>
      <trkpt lat="50.05341" lon="3.45001">
        <name>X</name>
      </trkpt>
      <trkpt lat="50.05365" lon="3.44992">
        <name>X</name>
      </trkpt>
      <trkpt lat="50.0542" lon="3.44986">
        <name>X</name>
      </trkpt>
      <trkpt lat="50.05453" lon="3.44969">
        <name>X</name>
      </trkpt>
      <trkpt lat="50.05661" lon="3.44827">
        <name>X</name>
      </trkpt>
      <trkpt lat="50.05749" lon="3.4476">
        <name>X</name>
      </trkpt>
      <trkpt lat="50.05779" lon="3.44732">
        <name>X</name>
      </trkpt>
      <trkpt lat="50.05929" lon="3.44548">
        <name>X</name>
      </trkpt>
      <trkpt lat="50.06002" lon="3.44443">
        <name>X</name>
      </trkpt>
      <trkpt lat="50.06019" lon="3.44421">
        <name>X</name>
      </trkpt>
      <trkpt lat="50.06019" lon="3.44421">
        <name>X</name>
      </trkpt>
      <trkpt lat="50.06071" lon="3.44381">
        <name>X</name>
      </trkpt>
      <trkpt lat="50.06098" lon="3.44376">
        <name>X</name>
      </trkpt>
      <trkpt lat="50.06107" lon="3.44368">
        <name>X</name>
      </trkpt>
      <trkpt lat="50.06109" lon="3.44359">
        <name>X</name>
      </trkpt>
      <trkpt lat="50.06109" lon="3.44351">
        <name>X</name>
      </trkpt>
      <trkpt lat="50.06107" lon="3.44344">
        <name>X</name>
      </trkpt>
      <trkpt lat="50.06103" lon="3.44336">
        <name>X</name>
      </trkpt>
      <trkpt lat="50.06103" lon="3.44336">
        <name>X</name>
      </trkpt>
      <trkpt lat="50.06111" lon="3.44314">
        <name>X</name>
      </trkpt>
      <trkpt lat="50.06111" lon="3.44314">
        <name>X</name>
      </trkpt>
      <trkpt lat="50.0612" lon="3.44265">
        <name>X</name>
      </trkpt>
      <trkpt lat="50.06131" lon="3.44222">
        <name>X</name>
      </trkpt>
      <trkpt lat="50.06146" lon="3.44185">
        <name>X</name>
      </trkpt>
      <trkpt lat="50.0621" lon="3.44063">
        <name>X</name>
      </trkpt>
      <trkpt lat="50.06225" lon="3.44042">
        <name>X</name>
      </trkpt>
      <trkpt lat="50.06236" lon="3.44033">
        <name>X</name>
      </trkpt>
      <trkpt lat="50.06259" lon="3.44014">
        <name>X</name>
      </trkpt>
      <trkpt lat="50.06287" lon="3.44003">
        <name>X</name>
      </trkpt>
      <trkpt lat="50.06304" lon="3.44001">
        <name>X</name>
      </trkpt>
      <trkpt lat="50.0633" lon="3.44003">
        <name>X</name>
      </trkpt>
      <trkpt lat="50.06352" lon="3.44012">
        <name>X</name>
      </trkpt>
      <trkpt lat="50.06352" lon="3.44012">
        <name>X</name>
      </trkpt>
      <trkpt lat="50.06442" lon="3.44065">
        <name>X</name>
      </trkpt>
      <trkpt lat="50.06601" lon="3.44149">
        <name>X</name>
      </trkpt>
      <trkpt lat="50.06626" lon="3.44164">
        <name>X</name>
      </trkpt>
      <trkpt lat="50.06626" lon="3.44164">
        <name>X</name>
      </trkpt>
      <trkpt lat="50.06837" lon="3.44331">
        <name>X</name>
      </trkpt>
      <trkpt lat="50.06852" lon="3.4434">
        <name>X</name>
      </trkpt>
      <trkpt lat="50.06871" lon="3.44351">
        <name>X</name>
      </trkpt>
      <trkpt lat="50.06908" lon="3.44368">
        <name>X</name>
      </trkpt>
      <trkpt lat="50.07047" lon="3.44419">
        <name>X</name>
      </trkpt>
      <trkpt lat="50.0707" lon="3.44424">
        <name>X</name>
      </trkpt>
      <trkpt lat="50.07088" lon="3.44426">
        <name>X</name>
      </trkpt>
      <trkpt lat="50.07152" lon="3.44424">
        <name>X</name>
      </trkpt>
      <trkpt lat="50.07176" lon="3.44426">
        <name>X</name>
      </trkpt>
      <trkpt lat="50.07232" lon="3.44439">
        <name>X</name>
      </trkpt>
      <trkpt lat="50.07272" lon="3.44451">
        <name>X</name>
      </trkpt>
      <trkpt lat="50.07401" lon="3.44531">
        <name>X</name>
      </trkpt>
      <trkpt lat="50.07444" lon="3.44544">
        <name>X</name>
      </trkpt>
      <trkpt lat="50.07502" lon="3.44548">
        <name>X</name>
      </trkpt>
      <trkpt lat="50.07536" lon="3.44542">
        <name>X</name>
      </trkpt>
      <trkpt lat="50.07663" lon="3.44501">
        <name>X</name>
      </trkpt>
      <trkpt lat="50.0768" lon="3.44499">
        <name>X</name>
      </trkpt>
      <trkpt lat="50.07783" lon="3.44503">
        <name>X</name>
      </trkpt>
      <trkpt lat="50.07834" lon="3.44496">
        <name>X</name>
      </trkpt>
      <trkpt lat="50.07834" lon="3.44496">
        <name>X</name>
      </trkpt>
      <trkpt lat="50.07929" lon="3.44473">
        <name>X</name>
      </trkpt>
      <trkpt lat="50.07965" lon="3.44451">
        <name>X</name>
      </trkpt>
      <trkpt lat="50.08023" lon="3.444">
        <name>X</name>
      </trkpt>
      <trkpt lat="50.08094" lon="3.44359">
        <name>X</name>
      </trkpt>
      <trkpt lat="50.08131" lon="3.44346">
        <name>X</name>
      </trkpt>
      <trkpt lat="50.08131" lon="3.44346">
        <name>X</name>
      </trkpt>
      <trkpt lat="50.08143" lon="3.44344">
        <name>X</name>
      </trkpt>
      <trkpt lat="50.08251" lon="3.44355">
        <name>X</name>
      </trkpt>
      <trkpt lat="50.08255" lon="3.44353">
        <name>X</name>
      </trkpt>
      <trkpt lat="50.08257" lon="3.44366">
        <name>X</name>
      </trkpt>
      <trkpt lat="50.08255" lon="3.44454">
        <name>X</name>
      </trkpt>
      <trkpt lat="50.08264" lon="3.44544">
        <name>X</name>
      </trkpt>
      <trkpt lat="50.08274" lon="3.44634">
        <name>X</name>
      </trkpt>
      <trkpt lat="50.08274" lon="3.44634">
        <name>X</name>
      </trkpt>
      <trkpt lat="50.08304" lon="3.44771">
        <name>X</name>
      </trkpt>
      <trkpt lat="50.08304" lon="3.44771">
        <name>X</name>
      </trkpt>
      <trkpt lat="50.08311" lon="3.4479">
        <name>X</name>
      </trkpt>
      <trkpt lat="50.08328" lon="3.4481">
        <name>X</name>
      </trkpt>
      <trkpt lat="50.08334" lon="3.44816">
        <name>X</name>
      </trkpt>
      <trkpt lat="50.08349" lon="3.44806">
        <name>X</name>
      </trkpt>
      <trkpt lat="50.08364" lon="3.44793">
        <name>X</name>
      </trkpt>
      <trkpt lat="50.08373" lon="3.44803">
        <name>X</name>
      </trkpt>
      <trkpt lat="50.0838" lon="3.44806">
        <name>X</name>
      </trkpt>
      <trkpt lat="50.08528" lon="3.44782">
        <name>X</name>
      </trkpt>
      <trkpt lat="50.08568" lon="3.4478">
        <name>X</name>
      </trkpt>
      <trkpt lat="50.08671" lon="3.44793">
        <name>X</name>
      </trkpt>
      <trkpt lat="50.0874" lon="3.44797">
        <name>X</name>
      </trkpt>
      <trkpt lat="50.08978" lon="3.44801">
        <name>X</name>
      </trkpt>
      <trkpt lat="50.09008" lon="3.44801">
        <name>X</name>
      </trkpt>
      <trkpt lat="50.09008" lon="3.44801">
        <name>X</name>
      </trkpt>
      <trkpt lat="50.09062" lon="3.44812">
        <name>X</name>
      </trkpt>
      <trkpt lat="50.09096" lon="3.44825">
        <name>X</name>
      </trkpt>
      <trkpt lat="50.09105" lon="3.44827">
        <name>X</name>
      </trkpt>
      <trkpt lat="50.09191" lon="3.4484">
        <name>X</name>
      </trkpt>
      <trkpt lat="50.09201" lon="3.44831">
        <name>X</name>
      </trkpt>
      <trkpt lat="50.09253" lon="3.44924">
        <name>X</name>
      </trkpt>
      <trkpt lat="50.09261" lon="3.44949">
        <name>X</name>
      </trkpt>
      <trkpt lat="50.09261" lon="3.44949">
        <name>X</name>
      </trkpt>
      <trkpt lat="50.0933" lon="3.45054">
        <name>X</name>
      </trkpt>
      <trkpt lat="50.09354" lon="3.45102">
        <name>X</name>
      </trkpt>
      <trkpt lat="50.09394" lon="3.45198">
        <name>X</name>
      </trkpt>
      <trkpt lat="50.09399" lon="3.45205">
        <name>X</name>
      </trkpt>
      <trkpt lat="50.09405" lon="3.45215">
        <name>X</name>
      </trkpt>
      <trkpt lat="50.0945" lon="3.45269">
        <name>X</name>
      </trkpt>
      <trkpt lat="50.09459" lon="3.4528">
        <name>X</name>
      </trkpt>
      <trkpt lat="50.09484" lon="3.45325">
        <name>X</name>
      </trkpt>
      <trkpt lat="50.09487" lon="3.45331">
        <name>X</name>
      </trkpt>
      <trkpt lat="50.09491" lon="3.45346">
        <name>X</name>
      </trkpt>
      <trkpt lat="50.09519" lon="3.45473">
        <name>X</name>
      </trkpt>
      <trkpt lat="50.09519" lon="3.45473">
        <name>X</name>
      </trkpt>
      <trkpt lat="50.09538" lon="3.45537">
        <name>X</name>
      </trkpt>
      <trkpt lat="50.09562" lon="3.45599">
        <name>X</name>
      </trkpt>
      <trkpt lat="50.0957" lon="3.4563">
        <name>X</name>
      </trkpt>
      <trkpt lat="50.0957" lon="3.4563">
        <name>X</name>
      </trkpt>
      <trkpt lat="50.09581" lon="3.45694">
        <name>X</name>
      </trkpt>
      <trkpt lat="50.09611" lon="3.45938">
        <name>X</name>
      </trkpt>
      <trkpt lat="50.09613" lon="3.45954">
        <name>X</name>
      </trkpt>
      <trkpt lat="50.0963" lon="3.46024">
        <name>X</name>
      </trkpt>
      <trkpt lat="50.09669" lon="3.46153">
        <name>X</name>
      </trkpt>
      <trkpt lat="50.09678" lon="3.462">
        <name>X</name>
      </trkpt>
      <trkpt lat="50.09708" lon="3.46363">
        <name>X</name>
      </trkpt>
      <trkpt lat="50.09723" lon="3.46481">
        <name>X</name>
      </trkpt>
      <trkpt lat="50.09721" lon="3.46561">
        <name>X</name>
      </trkpt>
      <trkpt lat="50.09723" lon="3.46576">
        <name>X</name>
      </trkpt>
      <trkpt lat="50.09725" lon="3.46584">
        <name>X</name>
      </trkpt>
      <trkpt lat="50.09731" lon="3.46602">
        <name>X</name>
      </trkpt>
      <trkpt lat="50.09738" lon="3.46612">
        <name>X</name>
      </trkpt>
      <trkpt lat="50.09748" lon="3.46623">
        <name>X</name>
      </trkpt>
      <trkpt lat="50.09757" lon="3.46627">
        <name>X</name>
      </trkpt>
      <trkpt lat="50.09757" lon="3.46627">
        <name>X</name>
      </trkpt>
      <trkpt lat="50.09877" lon="3.46657">
        <name>X</name>
      </trkpt>
      <trkpt lat="50.09967" lon="3.4669">
        <name>X</name>
      </trkpt>
      <trkpt lat="50.10004" lon="3.46704">
        <name>X</name>
      </trkpt>
      <trkpt lat="50.10004" lon="3.46704">
        <name>X</name>
      </trkpt>
      <trkpt lat="50.1006" lon="3.4672">
        <name>X</name>
      </trkpt>
      <trkpt lat="50.10085" lon="3.4673">
        <name>X</name>
      </trkpt>
      <trkpt lat="50.10169" lon="3.46777">
        <name>X</name>
      </trkpt>
      <trkpt lat="50.10193" lon="3.46799">
        <name>X</name>
      </trkpt>
      <trkpt lat="50.10197" lon="3.46803">
        <name>X</name>
      </trkpt>
      <trkpt lat="50.10225" lon="3.46838">
        <name>X</name>
      </trkpt>
      <trkpt lat="50.10236" lon="3.46846">
        <name>X</name>
      </trkpt>
      <trkpt lat="50.10349" lon="3.46885">
        <name>X</name>
      </trkpt>
      <trkpt lat="50.10369" lon="3.469">
        <name>X</name>
      </trkpt>
      <trkpt lat="50.10369" lon="3.469">
        <name>X</name>
      </trkpt>
      <trkpt lat="50.10379" lon="3.46915">
        <name>X</name>
      </trkpt>
      <trkpt lat="50.10401" lon="3.46973">
        <name>X</name>
      </trkpt>
      <trkpt lat="50.10405" lon="3.46979">
        <name>X</name>
      </trkpt>
      <trkpt lat="50.10474" lon="3.4705">
        <name>X</name>
      </trkpt>
      <trkpt lat="50.10478" lon="3.47052">
        <name>X</name>
      </trkpt>
      <trkpt lat="50.10482" lon="3.47052">
        <name>X</name>
      </trkpt>
      <trkpt lat="50.10487" lon="3.4705">
        <name>X</name>
      </trkpt>
      <trkpt lat="50.10523" lon="3.47024">
        <name>X</name>
      </trkpt>
      <trkpt lat="50.10538" lon="3.47016">
        <name>X</name>
      </trkpt>
      <trkpt lat="50.10566" lon="3.47009">
        <name>X</name>
      </trkpt>
      <trkpt lat="50.10577" lon="3.47011">
        <name>X</name>
      </trkpt>
      <trkpt lat="50.1059" lon="3.47016">
        <name>X</name>
      </trkpt>
      <trkpt lat="50.10602" lon="3.47022">
        <name>X</name>
      </trkpt>
      <trkpt lat="50.1068" lon="3.47071">
        <name>X</name>
      </trkpt>
      <trkpt lat="50.10699" lon="3.4708">
        <name>X</name>
      </trkpt>
      <trkpt lat="50.10817" lon="3.47084">
        <name>X</name>
      </trkpt>
      <trkpt lat="50.10828" lon="3.47089">
        <name>X</name>
      </trkpt>
      <trkpt lat="50.10828" lon="3.47089">
        <name>X</name>
      </trkpt>
      <trkpt lat="50.10849" lon="3.47106">
        <name>X</name>
      </trkpt>
      <trkpt lat="50.10894" lon="3.47153">
        <name>X</name>
      </trkpt>
      <trkpt lat="50.10901" lon="3.47162">
        <name>X</name>
      </trkpt>
      <trkpt lat="50.10918" lon="3.47149">
        <name>X</name>
      </trkpt>
      <trkpt lat="50.10939" lon="3.47127">
        <name>X</name>
      </trkpt>
      <trkpt lat="50.10984" lon="3.47071">
        <name>X</name>
      </trkpt>
      <trkpt lat="50.11004" lon="3.47061">
        <name>X</name>
      </trkpt>
      <trkpt lat="50.11068" lon="3.47054">
        <name>X</name>
      </trkpt>
      <trkpt lat="50.11074" lon="3.47054">
        <name>X</name>
      </trkpt>
      <trkpt lat="50.11074" lon="3.47054">
        <name>X</name>
      </trkpt>
      <trkpt lat="50.11092" lon="3.47058">
        <name>X</name>
      </trkpt>
      <trkpt lat="50.11156" lon="3.47097">
        <name>X</name>
      </trkpt>
      <trkpt lat="50.11175" lon="3.47104">
        <name>X</name>
      </trkpt>
      <trkpt lat="50.11175" lon="3.47104">
        <name>X</name>
      </trkpt>
      <trkpt lat="50.11199" lon="3.47104">
        <name>X</name>
      </trkpt>
      <trkpt lat="50.11384" lon="3.47061">
        <name>X</name>
      </trkpt>
      <trkpt lat="50.11409" lon="3.47052">
        <name>X</name>
      </trkpt>
      <trkpt lat="50.11426" lon="3.47039">
        <name>X</name>
      </trkpt>
      <trkpt lat="50.11549" lon="3.46904">
        <name>X</name>
      </trkpt>
      <trkpt lat="50.1165" lon="3.46822">
        <name>X</name>
      </trkpt>
      <trkpt lat="50.11658" lon="3.46816">
        <name>X</name>
      </trkpt>
      <trkpt lat="50.11658" lon="3.46816">
        <name>X</name>
      </trkpt>
      <trkpt lat="50.11783" lon="3.46775">
        <name>X</name>
      </trkpt>
      <trkpt lat="50.11806" lon="3.46762">
        <name>X</name>
      </trkpt>
      <trkpt lat="50.11823" lon="3.46747">
        <name>X</name>
      </trkpt>
      <trkpt lat="50.11823" lon="3.46747">
        <name>X</name>
      </trkpt>
      <trkpt lat="50.11834" lon="3.46732">
        <name>X</name>
      </trkpt>
      <trkpt lat="50.11879" lon="3.46642">
        <name>X</name>
      </trkpt>
      <trkpt lat="50.11898" lon="3.46612">
        <name>X</name>
      </trkpt>
      <trkpt lat="50.12049" lon="3.46421">
        <name>X</name>
      </trkpt>
      <trkpt lat="50.12053" lon="3.46417">
        <name>X</name>
      </trkpt>
      <trkpt lat="50.12057" lon="3.46417">
        <name>X</name>
      </trkpt>
      <trkpt lat="50.12096" lon="3.46417">
        <name>X</name>
      </trkpt>
      <trkpt lat="50.12147" lon="3.46396">
        <name>X</name>
      </trkpt>
      <trkpt lat="50.12156" lon="3.464">
        <name>X</name>
      </trkpt>
      <trkpt lat="50.12162" lon="3.46389">
        <name>X</name>
      </trkpt>
      <trkpt lat="50.12175" lon="3.4638">
        <name>X</name>
      </trkpt>
      <trkpt lat="50.12233" lon="3.46355">
        <name>X</name>
      </trkpt>
      <trkpt lat="50.12242" lon="3.46346">
        <name>X</name>
      </trkpt>
      <trkpt lat="50.12255" lon="3.46355">
        <name>X</name>
      </trkpt>
      <trkpt lat="50.12293" lon="3.46348">
        <name>X</name>
      </trkpt>
      <trkpt lat="50.12381" lon="3.46318">
        <name>X</name>
      </trkpt>
      <trkpt lat="50.12394" lon="3.46318">
        <name>X</name>
      </trkpt>
      <trkpt lat="50.12394" lon="3.46318">
        <name>X</name>
      </trkpt>
      <trkpt lat="50.12456" lon="3.46333">
        <name>X</name>
      </trkpt>
      <trkpt lat="50.12905" lon="3.46473">
        <name>X</name>
      </trkpt>
      <trkpt lat="50.12969" lon="3.46494">
        <name>X</name>
      </trkpt>
      <trkpt lat="50.12969" lon="3.46494">
        <name>X</name>
      </trkpt>
      <trkpt lat="50.12989" lon="3.46494">
        <name>X</name>
      </trkpt>
      <trkpt lat="50.13055" lon="3.46479">
        <name>X</name>
      </trkpt>
      <trkpt lat="50.13072" lon="3.46479">
        <name>X</name>
      </trkpt>
      <trkpt lat="50.13072" lon="3.46479">
        <name>X</name>
      </trkpt>
      <trkpt lat="50.13092" lon="3.46486">
        <name>X</name>
      </trkpt>
      <trkpt lat="50.13175" lon="3.46531">
        <name>X</name>
      </trkpt>
      <trkpt lat="50.13192" lon="3.46537">
        <name>X</name>
      </trkpt>
      <trkpt lat="50.13192" lon="3.46537">
        <name>X</name>
      </trkpt>
      <trkpt lat="50.13212" lon="3.46541">
        <name>X</name>
      </trkpt>
      <trkpt lat="50.1336" lon="3.46544">
        <name>X</name>
      </trkpt>
      <trkpt lat="50.13381" lon="3.46546">
        <name>X</name>
      </trkpt>
      <trkpt lat="50.13381" lon="3.46546">
        <name>X</name>
      </trkpt>
      <trkpt lat="50.13808" lon="3.46528">
        <name>X</name>
      </trkpt>
      <trkpt lat="50.13808" lon="3.46528">
        <name>X</name>
      </trkpt>
      <trkpt lat="50.13834" lon="3.46522">
        <name>X</name>
      </trkpt>
      <trkpt lat="50.14068" lon="3.46434">
        <name>X</name>
      </trkpt>
      <trkpt lat="50.14173" lon="3.46415">
        <name>X</name>
      </trkpt>
      <trkpt lat="50.14207" lon="3.46417">
        <name>X</name>
      </trkpt>
      <trkpt lat="50.14332" lon="3.46432">
        <name>X</name>
      </trkpt>
      <trkpt lat="50.14379" lon="3.4643">
        <name>X</name>
      </trkpt>
      <trkpt lat="50.14441" lon="3.46419">
        <name>X</name>
      </trkpt>
      <trkpt lat="50.14504" lon="3.46398">
        <name>X</name>
      </trkpt>
      <trkpt lat="50.14538" lon="3.46376">
        <name>X</name>
      </trkpt>
      <trkpt lat="50.14576" lon="3.46346">
        <name>X</name>
      </trkpt>
      <trkpt lat="50.14602" lon="3.46325">
        <name>X</name>
      </trkpt>
      <trkpt lat="50.14602" lon="3.46325">
        <name>X</name>
      </trkpt>
      <trkpt lat="50.14667" lon="3.46254">
        <name>X</name>
      </trkpt>
      <trkpt lat="50.14694" lon="3.4623">
        <name>X</name>
      </trkpt>
      <trkpt lat="50.14699" lon="3.46228">
        <name>X</name>
      </trkpt>
      <trkpt lat="50.14714" lon="3.46224">
        <name>X</name>
      </trkpt>
      <trkpt lat="50.14737" lon="3.46224">
        <name>X</name>
      </trkpt>
      <trkpt lat="50.14737" lon="3.46224">
        <name>X</name>
      </trkpt>
      <trkpt lat="50.14832" lon="3.46239">
        <name>X</name>
      </trkpt>
      <trkpt lat="50.14988" lon="3.46241">
        <name>X</name>
      </trkpt>
      <trkpt lat="50.15066" lon="3.46258">
        <name>X</name>
      </trkpt>
      <trkpt lat="50.1507" lon="3.46273">
        <name>X</name>
      </trkpt>
      <trkpt lat="50.15072" lon="3.4628">
        <name>X</name>
      </trkpt>
      <trkpt lat="50.151" lon="3.46344">
        <name>X</name>
      </trkpt>
      <trkpt lat="50.15113" lon="3.46363">
        <name>X</name>
      </trkpt>
      <trkpt lat="50.15128" lon="3.46378">
        <name>X</name>
      </trkpt>
      <trkpt lat="50.15173" lon="3.46417">
        <name>X</name>
      </trkpt>
      <trkpt lat="50.15207" lon="3.46453">
        <name>X</name>
      </trkpt>
      <trkpt lat="50.15218" lon="3.4646">
        <name>X</name>
      </trkpt>
      <trkpt lat="50.15218" lon="3.46471">
        <name>X</name>
      </trkpt>
      <trkpt lat="50.15227" lon="3.46496">
        <name>X</name>
      </trkpt>
      <trkpt lat="50.15263" lon="3.46578">
        <name>X</name>
      </trkpt>
      <trkpt lat="50.15274" lon="3.46602">
        <name>X</name>
      </trkpt>
      <trkpt lat="50.15274" lon="3.46602">
        <name>X</name>
      </trkpt>
      <trkpt lat="50.15289" lon="3.46625">
        <name>X</name>
      </trkpt>
      <trkpt lat="50.153" lon="3.46636">
        <name>X</name>
      </trkpt>
      <trkpt lat="50.15306" lon="3.46642">
        <name>X</name>
      </trkpt>
      <trkpt lat="50.15336" lon="3.46692">
        <name>X</name>
      </trkpt>
      <trkpt lat="50.15345" lon="3.46707">
        <name>X</name>
      </trkpt>
      <trkpt lat="50.15358" lon="3.46747">
        <name>X</name>
      </trkpt>
      <trkpt lat="50.15377" lon="3.46803">
        <name>X</name>
      </trkpt>
      <trkpt lat="50.15495" lon="3.47071">
        <name>X</name>
      </trkpt>
      <trkpt lat="50.15578" lon="3.47264">
        <name>X</name>
      </trkpt>
      <trkpt lat="50.15619" lon="3.4735">
        <name>X</name>
      </trkpt>
      <trkpt lat="50.15628" lon="3.47365">
        <name>X</name>
      </trkpt>
      <trkpt lat="50.15664" lon="3.47414">
        <name>X</name>
      </trkpt>
      <trkpt lat="50.15652" lon="3.47435">
        <name>X</name>
      </trkpt>
      <trkpt lat="50.15652" lon="3.47435">
        <name>X</name>
      </trkpt>
      <trkpt lat="50.15664" lon="3.47414">
        <name>X</name>
      </trkpt>
      <trkpt lat="50.15686" lon="3.47443">
        <name>X</name>
      </trkpt>
      <trkpt lat="50.15699" lon="3.47462">
        <name>X</name>
      </trkpt>
      <trkpt lat="50.15699" lon="3.47462">
        <name>X</name>
      </trkpt>
      <trkpt lat="50.15716" lon="3.47503">
        <name>X</name>
      </trkpt>
      <trkpt lat="50.15787" lon="3.477">
        <name>X</name>
      </trkpt>
      <trkpt lat="50.15795" lon="3.47719">
        <name>X</name>
      </trkpt>
      <trkpt lat="50.15795" lon="3.47719">
        <name>X</name>
      </trkpt>
      <trkpt lat="50.15808" lon="3.47743">
        <name>X</name>
      </trkpt>
      <trkpt lat="50.15885" lon="3.47859">
        <name>X</name>
      </trkpt>
      <trkpt lat="50.1602" lon="3.48142">
        <name>X</name>
      </trkpt>
      <trkpt lat="50.16025" lon="3.48153">
        <name>X</name>
      </trkpt>
      <trkpt lat="50.16061" lon="3.48254">
        <name>X</name>
      </trkpt>
      <trkpt lat="50.1607" lon="3.48271">
        <name>X</name>
      </trkpt>
      <trkpt lat="50.16115" lon="3.48368">
        <name>X</name>
      </trkpt>
      <trkpt lat="50.16192" lon="3.48621">
        <name>X</name>
      </trkpt>
      <trkpt lat="50.16201" lon="3.48661">
        <name>X</name>
      </trkpt>
      <trkpt lat="50.16216" lon="3.48651">
        <name>X</name>
      </trkpt>
      <trkpt lat="50.16257" lon="3.48625">
        <name>X</name>
      </trkpt>
      <trkpt lat="50.1628" lon="3.48616">
        <name>X</name>
      </trkpt>
      <trkpt lat="50.16295" lon="3.48612">
        <name>X</name>
      </trkpt>
      <trkpt lat="50.16327" lon="3.48614">
        <name>X</name>
      </trkpt>
      <trkpt lat="50.16332" lon="3.48616">
        <name>X</name>
      </trkpt>
      <trkpt lat="50.16332" lon="3.48616">
        <name>X</name>
      </trkpt>
      <trkpt lat="50.16379" lon="3.48648">
        <name>X</name>
      </trkpt>
      <trkpt lat="50.16388" lon="3.48668">
        <name>X</name>
      </trkpt>
      <trkpt lat="50.16392" lon="3.48683">
        <name>X</name>
      </trkpt>
      <trkpt lat="50.16396" lon="3.48711">
        <name>X</name>
      </trkpt>
      <trkpt lat="50.16411" lon="3.48764">
        <name>X</name>
      </trkpt>
      <trkpt lat="50.16428" lon="3.48794">
        <name>X</name>
      </trkpt>
      <trkpt lat="50.16443" lon="3.48812">
        <name>X</name>
      </trkpt>
      <trkpt lat="50.16454" lon="3.48822">
        <name>X</name>
      </trkpt>
      <trkpt lat="50.16473" lon="3.48835">
        <name>X</name>
      </trkpt>
      <trkpt lat="50.16572" lon="3.48887">
        <name>X</name>
      </trkpt>
      <trkpt lat="50.16602" lon="3.48895">
        <name>X</name>
      </trkpt>
      <trkpt lat="50.16654" lon="3.48891">
        <name>X</name>
      </trkpt>
      <trkpt lat="50.1666" lon="3.48889">
        <name>X</name>
      </trkpt>
      <trkpt lat="50.16675" lon="3.4888">
        <name>X</name>
      </trkpt>
      <trkpt lat="50.16795" lon="3.48801">
        <name>X</name>
      </trkpt>
      <trkpt lat="50.16821" lon="3.4879">
        <name>X</name>
      </trkpt>
      <trkpt lat="50.16849" lon="3.48784">
        <name>X</name>
      </trkpt>
      <trkpt lat="50.16849" lon="3.48784">
        <name>X</name>
      </trkpt>
      <trkpt lat="50.16905" lon="3.48784">
        <name>X</name>
      </trkpt>
      <trkpt lat="50.16928" lon="3.48788">
        <name>X</name>
      </trkpt>
      <trkpt lat="50.16956" lon="3.48797">
        <name>X</name>
      </trkpt>
      <trkpt lat="50.17091" lon="3.4887">
        <name>X</name>
      </trkpt>
      <trkpt lat="50.17117" lon="3.48878">
        <name>X</name>
      </trkpt>
      <trkpt lat="50.17233" lon="3.48889">
        <name>X</name>
      </trkpt>
      <trkpt lat="50.17252" lon="3.48895">
        <name>X</name>
      </trkpt>
      <trkpt lat="50.17276" lon="3.48908">
        <name>X</name>
      </trkpt>
      <trkpt lat="50.1731" lon="3.48936">
        <name>X</name>
      </trkpt>
      <trkpt lat="50.1731" lon="3.48936">
        <name>X</name>
      </trkpt>
      <trkpt lat="50.1739" lon="3.49018">
        <name>X</name>
      </trkpt>
      <trkpt lat="50.1739" lon="3.49018">
        <name>X</name>
      </trkpt>
      <trkpt lat="50.17445" lon="3.49067">
        <name>X</name>
      </trkpt>
      <trkpt lat="50.17518" lon="3.49121">
        <name>X</name>
      </trkpt>
      <trkpt lat="50.17557" lon="3.49146">
        <name>X</name>
      </trkpt>
      <trkpt lat="50.17602" lon="3.49168">
        <name>X</name>
      </trkpt>
      <trkpt lat="50.17634" lon="3.49176">
        <name>X</name>
      </trkpt>
      <trkpt lat="50.17786" lon="3.49194">
        <name>X</name>
      </trkpt>
      <trkpt lat="50.17802" lon="3.49198">
        <name>X</name>
      </trkpt>
      <trkpt lat="50.17915" lon="3.49288">
        <name>X</name>
      </trkpt>
      <trkpt lat="50.17922" lon="3.49292">
        <name>X</name>
      </trkpt>
      <trkpt lat="50.17932" lon="3.4929">
        <name>X</name>
      </trkpt>
      <trkpt lat="50.17939" lon="3.49279">
        <name>X</name>
      </trkpt>
      <trkpt lat="50.17939" lon="3.49279">
        <name>X</name>
      </trkpt>
      <trkpt lat="50.17962" lon="3.49211">
        <name>X</name>
      </trkpt>
      <trkpt lat="50.17962" lon="3.49211">
        <name>X</name>
      </trkpt>
      <trkpt lat="50.17969" lon="3.49198">
        <name>X</name>
      </trkpt>
      <trkpt lat="50.17978" lon="3.49189">
        <name>X</name>
      </trkpt>
      <trkpt lat="50.17982" lon="3.49187">
        <name>X</name>
      </trkpt>
      <trkpt lat="50.1799" lon="3.49185">
        <name>X</name>
      </trkpt>
      <trkpt lat="50.17995" lon="3.49185">
        <name>X</name>
      </trkpt>
      <trkpt lat="50.18042" lon="3.49191">
        <name>X</name>
      </trkpt>
      <trkpt lat="50.18072" lon="3.49194">
        <name>X</name>
      </trkpt>
      <trkpt lat="50.18181" lon="3.49176">
        <name>X</name>
      </trkpt>
      <trkpt lat="50.18224" lon="3.49176">
        <name>X</name>
      </trkpt>
      <trkpt lat="50.18239" lon="3.49185">
        <name>X</name>
      </trkpt>
      <trkpt lat="50.18244" lon="3.49189">
        <name>X</name>
      </trkpt>
      <trkpt lat="50.18254" lon="3.49215">
        <name>X</name>
      </trkpt>
      <trkpt lat="50.18259" lon="3.49224">
        <name>X</name>
      </trkpt>
      <trkpt lat="50.18271" lon="3.49241">
        <name>X</name>
      </trkpt>
      <trkpt lat="50.18312" lon="3.49275">
        <name>X</name>
      </trkpt>
      <trkpt lat="50.18312" lon="3.49275">
        <name>X</name>
      </trkpt>
      <trkpt lat="50.18329" lon="3.49284">
        <name>X</name>
      </trkpt>
      <trkpt lat="50.18398" lon="3.49294">
        <name>X</name>
      </trkpt>
      <trkpt lat="50.18407" lon="3.49297">
        <name>X</name>
      </trkpt>
      <trkpt lat="50.18437" lon="3.49397">
        <name>X</name>
      </trkpt>
      <trkpt lat="50.18443" lon="3.49402">
        <name>X</name>
      </trkpt>
      <trkpt lat="50.18443" lon="3.49402">
        <name>X</name>
      </trkpt>
      <trkpt lat="50.18458" lon="3.49402">
        <name>X</name>
      </trkpt>
      <trkpt lat="50.18503" lon="3.49389">
        <name>X</name>
      </trkpt>
      <trkpt lat="50.18522" lon="3.49384">
        <name>X</name>
      </trkpt>
      <trkpt lat="50.18522" lon="3.49384">
        <name>X</name>
      </trkpt>
      <trkpt lat="50.18531" lon="3.49384">
        <name>X</name>
      </trkpt>
      <trkpt lat="50.18565" lon="3.49402">
        <name>X</name>
      </trkpt>
      <trkpt lat="50.1857" lon="3.49406">
        <name>X</name>
      </trkpt>
      <trkpt lat="50.1857" lon="3.49406">
        <name>X</name>
      </trkpt>
      <trkpt lat="50.18593" lon="3.49438">
        <name>X</name>
      </trkpt>
      <trkpt lat="50.18645" lon="3.49535">
        <name>X</name>
      </trkpt>
      <trkpt lat="50.18679" lon="3.49631">
        <name>X</name>
      </trkpt>
      <trkpt lat="50.18683" lon="3.49653">
        <name>X</name>
      </trkpt>
      <trkpt lat="50.18683" lon="3.49657">
        <name>X</name>
      </trkpt>
      <trkpt lat="50.18666" lon="3.49698">
        <name>X</name>
      </trkpt>
      <trkpt lat="50.18664" lon="3.49706">
        <name>X</name>
      </trkpt>
      <trkpt lat="50.18671" lon="3.49713">
        <name>X</name>
      </trkpt>
      <trkpt lat="50.18673" lon="3.49717">
        <name>X</name>
      </trkpt>
      <trkpt lat="50.18711" lon="3.49827">
        <name>X</name>
      </trkpt>
      <trkpt lat="50.18716" lon="3.49839">
        <name>X</name>
      </trkpt>
      <trkpt lat="50.18722" lon="3.4985">
        <name>X</name>
      </trkpt>
      <trkpt lat="50.18748" lon="3.49876">
        <name>X</name>
      </trkpt>
      <trkpt lat="50.18791" lon="3.49895">
        <name>X</name>
      </trkpt>
      <trkpt lat="50.18802" lon="3.49895">
        <name>X</name>
      </trkpt>
      <trkpt lat="50.18846" lon="3.49882">
        <name>X</name>
      </trkpt>
      <trkpt lat="50.18859" lon="3.4988">
        <name>X</name>
      </trkpt>
      <trkpt lat="50.19095" lon="3.49867">
        <name>X</name>
      </trkpt>
      <trkpt lat="50.19134" lon="3.4987">
        <name>X</name>
      </trkpt>
      <trkpt lat="50.19183" lon="3.49887">
        <name>X</name>
      </trkpt>
      <trkpt lat="50.19306" lon="3.4996">
        <name>X</name>
      </trkpt>
      <trkpt lat="50.19366" lon="3.50015">
        <name>X</name>
      </trkpt>
      <trkpt lat="50.19383" lon="3.5003">
        <name>X</name>
      </trkpt>
      <trkpt lat="50.19417" lon="3.50048">
        <name>X</name>
      </trkpt>
      <trkpt lat="50.19428" lon="3.50048">
        <name>X</name>
      </trkpt>
      <trkpt lat="50.1943" lon="3.50078">
        <name>X</name>
      </trkpt>
      <trkpt lat="50.19445" lon="3.50176">
        <name>X</name>
      </trkpt>
      <trkpt lat="50.19456" lon="3.50174">
        <name>X</name>
      </trkpt>
      <trkpt lat="50.19473" lon="3.50174">
        <name>X</name>
      </trkpt>
      <trkpt lat="50.1949" lon="3.50183">
        <name>X</name>
      </trkpt>
      <trkpt lat="50.19499" lon="3.50191">
        <name>X</name>
      </trkpt>
      <trkpt lat="50.196" lon="3.50333">
        <name>X</name>
      </trkpt>
      <trkpt lat="50.19647" lon="3.50391">
        <name>X</name>
      </trkpt>
      <trkpt lat="50.19879" lon="3.50625">
        <name>X</name>
      </trkpt>
      <trkpt lat="50.19904" lon="3.50655">
        <name>X</name>
      </trkpt>
      <trkpt lat="50.20001" lon="3.50831">
        <name>X</name>
      </trkpt>
      <trkpt lat="50.20076" lon="3.50944">
        <name>X</name>
      </trkpt>
      <trkpt lat="50.20076" lon="3.50944">
        <name>X</name>
      </trkpt>
      <trkpt lat="50.20106" lon="3.50983">
        <name>X</name>
      </trkpt>
      <trkpt lat="50.20235" lon="3.51106">
        <name>X</name>
      </trkpt>
      <trkpt lat="50.20256" lon="3.51125">
        <name>X</name>
      </trkpt>
      <trkpt lat="50.20256" lon="3.51125">
        <name>X</name>
      </trkpt>
      <trkpt lat="50.20392" lon="3.51299">
        <name>X</name>
      </trkpt>
      <trkpt lat="50.20576" lon="3.51552">
        <name>X</name>
      </trkpt>
      <trkpt lat="50.20582" lon="3.51558">
        <name>X</name>
      </trkpt>
      <trkpt lat="50.20651" lon="3.51657">
        <name>X</name>
      </trkpt>
      <trkpt lat="50.20696" lon="3.51726">
        <name>X</name>
      </trkpt>
      <trkpt lat="50.20758" lon="3.51803">
        <name>X</name>
      </trkpt>
      <trkpt lat="50.20818" lon="3.51874">
        <name>X</name>
      </trkpt>
      <trkpt lat="50.20818" lon="3.51874">
        <name>X</name>
      </trkpt>
      <trkpt lat="50.20911" lon="3.51951">
        <name>X</name>
      </trkpt>
      <trkpt lat="50.20952" lon="3.51992">
        <name>X</name>
      </trkpt>
      <trkpt lat="50.20988" lon="3.5203">
        <name>X</name>
      </trkpt>
      <trkpt lat="50.21046" lon="3.52058">
        <name>X</name>
      </trkpt>
      <trkpt lat="50.21054" lon="3.52065">
        <name>X</name>
      </trkpt>
      <trkpt lat="50.21054" lon="3.52065">
        <name>X</name>
      </trkpt>
      <trkpt lat="50.21067" lon="3.52088">
        <name>X</name>
      </trkpt>
      <trkpt lat="50.21093" lon="3.522">
        <name>X</name>
      </trkpt>
      <trkpt lat="50.21104" lon="3.52247">
        <name>X</name>
      </trkpt>
      <trkpt lat="50.21112" lon="3.52277">
        <name>X</name>
      </trkpt>
      <trkpt lat="50.21115" lon="3.52284">
        <name>X</name>
      </trkpt>
      <trkpt lat="50.21123" lon="3.52303">
        <name>X</name>
      </trkpt>
      <trkpt lat="50.2114" lon="3.52331">
        <name>X</name>
      </trkpt>
      <trkpt lat="50.21218" lon="3.52404">
        <name>X</name>
      </trkpt>
      <trkpt lat="50.21233" lon="3.52419">
        <name>X</name>
      </trkpt>
      <trkpt lat="50.21237" lon="3.52421">
        <name>X</name>
      </trkpt>
      <trkpt lat="50.21241" lon="3.52423">
        <name>X</name>
      </trkpt>
      <trkpt lat="50.21303" lon="3.52423">
        <name>X</name>
      </trkpt>
      <trkpt lat="50.21308" lon="3.52427">
        <name>X</name>
      </trkpt>
      <trkpt lat="50.21331" lon="3.52479">
        <name>X</name>
      </trkpt>
      <trkpt lat="50.2134" lon="3.52492">
        <name>X</name>
      </trkpt>
      <trkpt lat="50.2134" lon="3.52492">
        <name>X</name>
      </trkpt>
      <trkpt lat="50.21372" lon="3.52532">
        <name>X</name>
      </trkpt>
      <trkpt lat="50.2143" lon="3.52616">
        <name>X</name>
      </trkpt>
      <trkpt lat="50.21507" lon="3.52706">
        <name>X</name>
      </trkpt>
      <trkpt lat="50.21554" lon="3.52773">
        <name>X</name>
      </trkpt>
      <trkpt lat="50.21559" lon="3.52781">
        <name>X</name>
      </trkpt>
      <trkpt lat="50.21638" lon="3.52886">
        <name>X</name>
      </trkpt>
      <trkpt lat="50.21696" lon="3.52946">
        <name>X</name>
      </trkpt>
      <trkpt lat="50.21894" lon="3.53247">
        <name>X</name>
      </trkpt>
      <trkpt lat="50.21951" lon="3.53322">
        <name>X</name>
      </trkpt>
      <trkpt lat="50.21951" lon="3.53322">
        <name>X</name>
      </trkpt>
      <trkpt lat="50.22005" lon="3.53369">
        <name>X</name>
      </trkpt>
      <trkpt lat="50.22198" lon="3.53522">
        <name>X</name>
      </trkpt>
      <trkpt lat="50.22226" lon="3.5355">
        <name>X</name>
      </trkpt>
      <trkpt lat="50.2226" lon="3.5359">
        <name>X</name>
      </trkpt>
      <trkpt lat="50.22325" lon="3.53676">
        <name>X</name>
      </trkpt>
      <trkpt lat="50.22421" lon="3.53813">
        <name>X</name>
      </trkpt>
      <trkpt lat="50.22503" lon="3.53912">
        <name>X</name>
      </trkpt>
      <trkpt lat="50.22542" lon="3.53974">
        <name>X</name>
      </trkpt>
      <trkpt lat="50.22559" lon="3.54011">
        <name>X</name>
      </trkpt>
      <trkpt lat="50.22584" lon="3.5409">
        <name>X</name>
      </trkpt>
      <trkpt lat="50.22597" lon="3.54114">
        <name>X</name>
      </trkpt>
      <trkpt lat="50.22604" lon="3.5412">
        <name>X</name>
      </trkpt>
      <trkpt lat="50.22627" lon="3.5415">
        <name>X</name>
      </trkpt>
      <trkpt lat="50.22664" lon="3.54204">
        <name>X</name>
      </trkpt>
      <trkpt lat="50.2267" lon="3.5421">
        <name>X</name>
      </trkpt>
      <trkpt lat="50.22709" lon="3.54219">
        <name>X</name>
      </trkpt>
      <trkpt lat="50.22718" lon="3.54228">
        <name>X</name>
      </trkpt>
      <trkpt lat="50.22778" lon="3.54322">
        <name>X</name>
      </trkpt>
      <trkpt lat="50.22786" lon="3.54335">
        <name>X</name>
      </trkpt>
      <trkpt lat="50.22827" lon="3.54416">
        <name>X</name>
      </trkpt>
      <trkpt lat="50.22829" lon="3.54421">
        <name>X</name>
      </trkpt>
      <trkpt lat="50.22831" lon="3.54431">
        <name>X</name>
      </trkpt>
      <trkpt lat="50.22842" lon="3.54498">
        <name>X</name>
      </trkpt>
      <trkpt lat="50.22848" lon="3.54519">
        <name>X</name>
      </trkpt>
      <trkpt lat="50.22868" lon="3.54571">
        <name>X</name>
      </trkpt>
      <trkpt lat="50.22896" lon="3.54706">
        <name>X</name>
      </trkpt>
      <trkpt lat="50.22898" lon="3.54717">
        <name>X</name>
      </trkpt>
      <trkpt lat="50.22913" lon="3.54751">
        <name>X</name>
      </trkpt>
      <trkpt lat="50.22973" lon="3.54833">
        <name>X</name>
      </trkpt>
      <trkpt lat="50.22979" lon="3.54839">
        <name>X</name>
      </trkpt>
      <trkpt lat="50.22988" lon="3.54843">
        <name>X</name>
      </trkpt>
      <trkpt lat="50.2305" lon="3.54833">
        <name>X</name>
      </trkpt>
      <trkpt lat="50.23076" lon="3.54824">
        <name>X</name>
      </trkpt>
      <trkpt lat="50.23123" lon="3.54783">
        <name>X</name>
      </trkpt>
      <trkpt lat="50.23207" lon="3.54742">
        <name>X</name>
      </trkpt>
      <trkpt lat="50.23207" lon="3.54742">
        <name>X</name>
      </trkpt>
      <trkpt lat="50.23254" lon="3.54693">
        <name>X</name>
      </trkpt>
      <trkpt lat="50.23273" lon="3.54678">
        <name>X</name>
      </trkpt>
      <trkpt lat="50.23284" lon="3.5467">
        <name>X</name>
      </trkpt>
      <trkpt lat="50.23333" lon="3.54657">
        <name>X</name>
      </trkpt>
      <trkpt lat="50.23378" lon="3.54655">
        <name>X</name>
      </trkpt>
      <trkpt lat="50.23436" lon="3.54665">
        <name>X</name>
      </trkpt>
      <trkpt lat="50.23498" lon="3.54676">
        <name>X</name>
      </trkpt>
      <trkpt lat="50.23498" lon="3.54676">
        <name>X</name>
      </trkpt>
      <trkpt lat="50.23518" lon="3.54682">
        <name>X</name>
      </trkpt>
      <trkpt lat="50.23554" lon="3.54704">
        <name>X</name>
      </trkpt>
      <trkpt lat="50.23565" lon="3.54708">
        <name>X</name>
      </trkpt>
      <trkpt lat="50.23743" lon="3.54723">
        <name>X</name>
      </trkpt>
      <trkpt lat="50.23756" lon="3.54725">
        <name>X</name>
      </trkpt>
      <trkpt lat="50.23835" lon="3.5477">
        <name>X</name>
      </trkpt>
      <trkpt lat="50.23898" lon="3.54816">
        <name>X</name>
      </trkpt>
      <trkpt lat="50.23919" lon="3.54824">
        <name>X</name>
      </trkpt>
      <trkpt lat="50.23923" lon="3.54824">
        <name>X</name>
      </trkpt>
      <trkpt lat="50.23923" lon="3.54824">
        <name>X</name>
      </trkpt>
      <trkpt lat="50.23919" lon="3.54944">
        <name>X</name>
      </trkpt>
      <trkpt lat="50.2388" lon="3.55444">
        <name>X</name>
      </trkpt>
      <trkpt lat="50.23857" lon="3.55697">
        <name>X</name>
      </trkpt>
      <trkpt lat="50.23829" lon="3.55871">
        <name>X</name>
      </trkpt>
      <trkpt lat="50.23803" lon="3.55987">
        <name>X</name>
      </trkpt>
      <trkpt lat="50.23778" lon="3.56172">
        <name>X</name>
      </trkpt>
      <trkpt lat="50.23767" lon="3.5621">
        <name>X</name>
      </trkpt>
      <trkpt lat="50.23767" lon="3.5621">
        <name>X</name>
      </trkpt>
      <trkpt lat="50.23762" lon="3.56238">
        <name>X</name>
      </trkpt>
      <trkpt lat="50.2376" lon="3.56307">
        <name>X</name>
      </trkpt>
      <trkpt lat="50.23756" lon="3.56332">
        <name>X</name>
      </trkpt>
      <trkpt lat="50.23756" lon="3.56332">
        <name>X</name>
      </trkpt>
      <trkpt lat="50.23745" lon="3.56367">
        <name>X</name>
      </trkpt>
      <trkpt lat="50.23602" lon="3.56629">
        <name>X</name>
      </trkpt>
      <trkpt lat="50.23597" lon="3.5665">
        <name>X</name>
      </trkpt>
      <trkpt lat="50.23597" lon="3.56674">
        <name>X</name>
      </trkpt>
      <trkpt lat="50.23614" lon="3.56822">
        <name>X</name>
      </trkpt>
      <trkpt lat="50.23647" lon="3.5703">
        <name>X</name>
      </trkpt>
      <trkpt lat="50.2366" lon="3.57167">
        <name>X</name>
      </trkpt>
      <trkpt lat="50.23666" lon="3.57581">
        <name>X</name>
      </trkpt>
      <trkpt lat="50.23668" lon="3.57777">
        <name>X</name>
      </trkpt>
      <trkpt lat="50.23672" lon="3.57923">
        <name>X</name>
      </trkpt>
      <trkpt lat="50.23674" lon="3.57963">
        <name>X</name>
      </trkpt>
      <trkpt lat="50.23672" lon="3.58006">
        <name>X</name>
      </trkpt>
      <trkpt lat="50.2367" lon="3.58028">
        <name>X</name>
      </trkpt>
      <trkpt lat="50.23642" lon="3.58189">
        <name>X</name>
      </trkpt>
      <trkpt lat="50.2364" lon="3.58208">
        <name>X</name>
      </trkpt>
      <trkpt lat="50.2364" lon="3.58208">
        <name>X</name>
      </trkpt>
      <trkpt lat="50.23627" lon="3.58395">
        <name>X</name>
      </trkpt>
      <trkpt lat="50.23627" lon="3.58521">
        <name>X</name>
      </trkpt>
      <trkpt lat="50.23623" lon="3.58624">
        <name>X</name>
      </trkpt>
      <trkpt lat="50.23617" lon="3.58708">
        <name>X</name>
      </trkpt>
      <trkpt lat="50.23602" lon="3.58834">
        <name>X</name>
      </trkpt>
      <trkpt lat="50.23593" lon="3.58869">
        <name>X</name>
      </trkpt>
      <trkpt lat="50.23563" lon="3.5894">
        <name>X</name>
      </trkpt>
      <trkpt lat="50.23567" lon="3.58944">
        <name>X</name>
      </trkpt>
      <trkpt lat="50.23572" lon="3.58952">
        <name>X</name>
      </trkpt>
      <trkpt lat="50.23576" lon="3.5897">
        <name>X</name>
      </trkpt>
      <trkpt lat="50.23586" lon="3.59034">
        <name>X</name>
      </trkpt>
      <trkpt lat="50.23593" lon="3.59045">
        <name>X</name>
      </trkpt>
      <trkpt lat="50.23597" lon="3.59051">
        <name>X</name>
      </trkpt>
      <trkpt lat="50.23606" lon="3.59058">
        <name>X</name>
      </trkpt>
      <trkpt lat="50.23638" lon="3.59079">
        <name>X</name>
      </trkpt>
      <trkpt lat="50.23644" lon="3.5909">
        <name>X</name>
      </trkpt>
      <trkpt lat="50.23647" lon="3.59094">
        <name>X</name>
      </trkpt>
      <trkpt lat="50.23651" lon="3.59111">
        <name>X</name>
      </trkpt>
      <trkpt lat="50.23657" lon="3.59169">
        <name>X</name>
      </trkpt>
      <trkpt lat="50.23657" lon="3.59193">
        <name>X</name>
      </trkpt>
      <trkpt lat="50.23657" lon="3.59216">
        <name>X</name>
      </trkpt>
      <trkpt lat="50.23653" lon="3.59234">
        <name>X</name>
      </trkpt>
      <trkpt lat="50.23651" lon="3.59238">
        <name>X</name>
      </trkpt>
      <trkpt lat="50.23662" lon="3.59242">
        <name>X</name>
      </trkpt>
      <trkpt lat="50.23668" lon="3.59242">
        <name>X</name>
      </trkpt>
      <trkpt lat="50.23715" lon="3.59225">
        <name>X</name>
      </trkpt>
      <trkpt lat="50.23765" lon="3.59208">
        <name>X</name>
      </trkpt>
      <trkpt lat="50.23825" lon="3.59174">
        <name>X</name>
      </trkpt>
      <trkpt lat="50.23889" lon="3.59141">
        <name>X</name>
      </trkpt>
      <trkpt lat="50.23938" lon="3.59109">
        <name>X</name>
      </trkpt>
      <trkpt lat="50.23945" lon="3.59111">
        <name>X</name>
      </trkpt>
      <trkpt lat="50.23949" lon="3.59116">
        <name>X</name>
      </trkpt>
      <trkpt lat="50.23979" lon="3.59156">
        <name>X</name>
      </trkpt>
      <trkpt lat="50.24028" lon="3.59208">
        <name>X</name>
      </trkpt>
      <trkpt lat="50.24097" lon="3.59253">
        <name>X</name>
      </trkpt>
      <trkpt lat="50.24102" lon="3.59259">
        <name>X</name>
      </trkpt>
      <trkpt lat="50.24104" lon="3.59266">
        <name>X</name>
      </trkpt>
      <trkpt lat="50.24121" lon="3.59334">
        <name>X</name>
      </trkpt>
      <trkpt lat="50.24125" lon="3.59343">
        <name>X</name>
      </trkpt>
      <trkpt lat="50.2419" lon="3.59448">
        <name>X</name>
      </trkpt>
      <trkpt lat="50.24237" lon="3.59517">
        <name>X</name>
      </trkpt>
      <trkpt lat="50.24254" lon="3.59528">
        <name>X</name>
      </trkpt>
      <trkpt lat="50.2428" lon="3.59528">
        <name>X</name>
      </trkpt>
      <trkpt lat="50.24312" lon="3.59519">
        <name>X</name>
      </trkpt>
      <trkpt lat="50.24327" lon="3.5951">
        <name>X</name>
      </trkpt>
      <trkpt lat="50.24327" lon="3.5951">
        <name>X</name>
      </trkpt>
      <trkpt lat="50.24438" lon="3.59416">
        <name>X</name>
      </trkpt>
      <trkpt lat="50.24479" lon="3.59386">
        <name>X</name>
      </trkpt>
      <trkpt lat="50.24563" lon="3.5933">
        <name>X</name>
      </trkpt>
      <trkpt lat="50.24662" lon="3.593">
        <name>X</name>
      </trkpt>
      <trkpt lat="50.24709" lon="3.59287">
        <name>X</name>
      </trkpt>
      <trkpt lat="50.24709" lon="3.59287">
        <name>X</name>
      </trkpt>
      <trkpt lat="50.24951" lon="3.59174">
        <name>X</name>
      </trkpt>
      <trkpt lat="50.25088" lon="3.59116">
        <name>X</name>
      </trkpt>
      <trkpt lat="50.25127" lon="3.59094">
        <name>X</name>
      </trkpt>
      <trkpt lat="50.25166" lon="3.59065">
        <name>X</name>
      </trkpt>
      <trkpt lat="50.25262" lon="3.58995">
        <name>X</name>
      </trkpt>
      <trkpt lat="50.2532" lon="3.58948">
        <name>X</name>
      </trkpt>
      <trkpt lat="50.2534" lon="3.58933">
        <name>X</name>
      </trkpt>
      <trkpt lat="50.25402" lon="3.58892">
        <name>X</name>
      </trkpt>
      <trkpt lat="50.25419" lon="3.58886">
        <name>X</name>
      </trkpt>
      <trkpt lat="50.25419" lon="3.58886">
        <name>X</name>
      </trkpt>
      <trkpt lat="50.25505" lon="3.58856">
        <name>X</name>
      </trkpt>
      <trkpt lat="50.25531" lon="3.58854">
        <name>X</name>
      </trkpt>
      <trkpt lat="50.25544" lon="3.58856">
        <name>X</name>
      </trkpt>
      <trkpt lat="50.25565" lon="3.58864">
        <name>X</name>
      </trkpt>
      <trkpt lat="50.2558" lon="3.58873">
        <name>X</name>
      </trkpt>
      <trkpt lat="50.25672" lon="3.58938">
        <name>X</name>
      </trkpt>
      <trkpt lat="50.257" lon="3.5895">
        <name>X</name>
      </trkpt>
      <trkpt lat="50.25732" lon="3.58957">
        <name>X</name>
      </trkpt>
      <trkpt lat="50.25754" lon="3.58959">
        <name>X</name>
      </trkpt>
      <trkpt lat="50.25784" lon="3.58957">
        <name>X</name>
      </trkpt>
      <trkpt lat="50.25788" lon="3.58957">
        <name>X</name>
      </trkpt>
      <trkpt lat="50.25788" lon="3.58957">
        <name>X</name>
      </trkpt>
      <trkpt lat="50.25797" lon="3.58965">
        <name>X</name>
      </trkpt>
      <trkpt lat="50.25799" lon="3.58974">
        <name>X</name>
      </trkpt>
      <trkpt lat="50.25801" lon="3.58983">
        <name>X</name>
      </trkpt>
      <trkpt lat="50.25807" lon="3.58991">
        <name>X</name>
      </trkpt>
      <trkpt lat="50.25816" lon="3.58993">
        <name>X</name>
      </trkpt>
      <trkpt lat="50.2582" lon="3.58989">
        <name>X</name>
      </trkpt>
      <trkpt lat="50.25824" lon="3.58983">
        <name>X</name>
      </trkpt>
      <trkpt lat="50.25837" lon="3.58935">
        <name>X</name>
      </trkpt>
      <trkpt lat="50.2584" lon="3.58925">
        <name>X</name>
      </trkpt>
      <trkpt lat="50.25842" lon="3.58914">
        <name>X</name>
      </trkpt>
      <trkpt lat="50.25855" lon="3.58839">
        <name>X</name>
      </trkpt>
      <trkpt lat="50.25868" lon="3.58732">
        <name>X</name>
      </trkpt>
      <trkpt lat="50.25876" lon="3.58633">
        <name>X</name>
      </trkpt>
      <trkpt lat="50.25876" lon="3.58601">
        <name>X</name>
      </trkpt>
      <trkpt lat="50.25874" lon="3.58575">
        <name>X</name>
      </trkpt>
      <trkpt lat="50.25859" lon="3.58506">
        <name>X</name>
      </trkpt>
      <trkpt lat="50.25857" lon="3.58496">
        <name>X</name>
      </trkpt>
      <trkpt lat="50.25859" lon="3.58414">
        <name>X</name>
      </trkpt>
      <trkpt lat="50.25861" lon="3.58399">
        <name>X</name>
      </trkpt>
      <trkpt lat="50.2587" lon="3.58401">
        <name>X</name>
      </trkpt>
      <trkpt lat="50.25966" lon="3.58399">
        <name>X</name>
      </trkpt>
      <trkpt lat="50.26016" lon="3.5838">
        <name>X</name>
      </trkpt>
      <trkpt lat="50.26138" lon="3.58285">
        <name>X</name>
      </trkpt>
      <trkpt lat="50.26228" lon="3.58176">
        <name>X</name>
      </trkpt>
      <trkpt lat="50.26307" lon="3.58064">
        <name>X</name>
      </trkpt>
      <trkpt lat="50.2658" lon="3.57832">
        <name>X</name>
      </trkpt>
      <trkpt lat="50.26599" lon="3.57813">
        <name>X</name>
      </trkpt>
      <trkpt lat="50.26739" lon="3.57646">
        <name>X</name>
      </trkpt>
      <trkpt lat="50.26822" lon="3.57541">
        <name>X</name>
      </trkpt>
      <trkpt lat="50.26822" lon="3.57541">
        <name>X</name>
      </trkpt>
      <trkpt lat="50.26844" lon="3.57513">
        <name>X</name>
      </trkpt>
      <trkpt lat="50.26867" lon="3.57474">
        <name>X</name>
      </trkpt>
      <trkpt lat="50.26895" lon="3.57438">
        <name>X</name>
      </trkpt>
      <trkpt lat="50.26949" lon="3.57382">
        <name>X</name>
      </trkpt>
      <trkpt lat="50.2696" lon="3.57369">
        <name>X</name>
      </trkpt>
      <trkpt lat="50.2696" lon="3.57369">
        <name>X</name>
      </trkpt>
      <trkpt lat="50.27026" lon="3.57262">
        <name>X</name>
      </trkpt>
      <trkpt lat="50.27071" lon="3.57176">
        <name>X</name>
      </trkpt>
      <trkpt lat="50.27082" lon="3.57159">
        <name>X</name>
      </trkpt>
      <trkpt lat="50.27082" lon="3.57159">
        <name>X</name>
      </trkpt>
      <trkpt lat="50.27234" lon="3.56983">
        <name>X</name>
      </trkpt>
      <trkpt lat="50.27458" lon="3.56702">
        <name>X</name>
      </trkpt>
      <trkpt lat="50.27625" lon="3.56502">
        <name>X</name>
      </trkpt>
      <trkpt lat="50.2767" lon="3.56468">
        <name>X</name>
      </trkpt>
      <trkpt lat="50.2773" lon="3.56429">
        <name>X</name>
      </trkpt>
      <trkpt lat="50.27814" lon="3.56386">
        <name>X</name>
      </trkpt>
      <trkpt lat="50.27865" lon="3.56356">
        <name>X</name>
      </trkpt>
      <trkpt lat="50.27876" lon="3.56345">
        <name>X</name>
      </trkpt>
      <trkpt lat="50.2788" lon="3.56339">
        <name>X</name>
      </trkpt>
      <trkpt lat="50.27908" lon="3.56272">
        <name>X</name>
      </trkpt>
      <trkpt lat="50.27912" lon="3.5627">
        <name>X</name>
      </trkpt>
      <trkpt lat="50.27934" lon="3.56285">
        <name>X</name>
      </trkpt>
      <trkpt lat="50.27951" lon="3.56298">
        <name>X</name>
      </trkpt>
      <trkpt lat="50.27988" lon="3.5633">
        <name>X</name>
      </trkpt>
      <trkpt lat="50.28" lon="3.56337">
        <name>X</name>
      </trkpt>
      <trkpt lat="50.28018" lon="3.56339">
        <name>X</name>
      </trkpt>
      <trkpt lat="50.28037" lon="3.56339">
        <name>X</name>
      </trkpt>
      <trkpt lat="50.28093" lon="3.56335">
        <name>X</name>
      </trkpt>
      <trkpt lat="50.28103" lon="3.56337">
        <name>X</name>
      </trkpt>
      <trkpt lat="50.28108" lon="3.56339">
        <name>X</name>
      </trkpt>
      <trkpt lat="50.2812" lon="3.56343">
        <name>X</name>
      </trkpt>
      <trkpt lat="50.28211" lon="3.56403">
        <name>X</name>
      </trkpt>
      <trkpt lat="50.28234" lon="3.56418">
        <name>X</name>
      </trkpt>
      <trkpt lat="50.28254" lon="3.5642">
        <name>X</name>
      </trkpt>
      <trkpt lat="50.28279" lon="3.5641">
        <name>X</name>
      </trkpt>
      <trkpt lat="50.28279" lon="3.5641">
        <name>X</name>
      </trkpt>
      <trkpt lat="50.28282" lon="3.5642">
        <name>X</name>
      </trkpt>
      <trkpt lat="50.28288" lon="3.56425">
        <name>X</name>
      </trkpt>
      <trkpt lat="50.28292" lon="3.56423">
        <name>X</name>
      </trkpt>
      <trkpt lat="50.28305" lon="3.56442">
        <name>X</name>
      </trkpt>
      <trkpt lat="50.28318" lon="3.56455">
        <name>X</name>
      </trkpt>
      <trkpt lat="50.28372" lon="3.565">
        <name>X</name>
      </trkpt>
      <trkpt lat="50.28378" lon="3.56506">
        <name>X</name>
      </trkpt>
      <trkpt lat="50.28382" lon="3.5653">
        <name>X</name>
      </trkpt>
      <trkpt lat="50.2838" lon="3.56541">
        <name>X</name>
      </trkpt>
      <trkpt lat="50.28346" lon="3.56626">
        <name>X</name>
      </trkpt>
      <trkpt lat="50.28318" lon="3.56695">
        <name>X</name>
      </trkpt>
      <trkpt lat="50.28266" lon="3.56832">
        <name>X</name>
      </trkpt>
      <trkpt lat="50.28264" lon="3.56841">
        <name>X</name>
      </trkpt>
      <trkpt lat="50.28266" lon="3.56858">
        <name>X</name>
      </trkpt>
      <trkpt lat="50.28269" lon="3.56862">
        <name>X</name>
      </trkpt>
      <trkpt lat="50.28361" lon="3.56972">
        <name>X</name>
      </trkpt>
      <trkpt lat="50.28369" lon="3.56981">
        <name>X</name>
      </trkpt>
      <trkpt lat="50.28369" lon="3.56981">
        <name>X</name>
      </trkpt>
      <trkpt lat="50.28378" lon="3.56987">
        <name>X</name>
      </trkpt>
      <trkpt lat="50.284" lon="3.56993">
        <name>X</name>
      </trkpt>
      <trkpt lat="50.2841" lon="3.56996">
        <name>X</name>
      </trkpt>
      <trkpt lat="50.2846" lon="3.56998">
        <name>X</name>
      </trkpt>
      <trkpt lat="50.2847" lon="3.57002">
        <name>X</name>
      </trkpt>
      <trkpt lat="50.28483" lon="3.57008">
        <name>X</name>
      </trkpt>
      <trkpt lat="50.28509" lon="3.57026">
        <name>X</name>
      </trkpt>
      <trkpt lat="50.28593" lon="3.5709">
        <name>X</name>
      </trkpt>
      <trkpt lat="50.28606" lon="3.57096">
        <name>X</name>
      </trkpt>
      <trkpt lat="50.28606" lon="3.57096">
        <name>X</name>
      </trkpt>
      <trkpt lat="50.28758" lon="3.5715">
        <name>X</name>
      </trkpt>
      <trkpt lat="50.28904" lon="3.57159">
        <name>X</name>
      </trkpt>
      <trkpt lat="50.28912" lon="3.57161">
        <name>X</name>
      </trkpt>
      <trkpt lat="50.28923" lon="3.57165">
        <name>X</name>
      </trkpt>
      <trkpt lat="50.28944" lon="3.57178">
        <name>X</name>
      </trkpt>
      <trkpt lat="50.2896" lon="3.57191">
        <name>X</name>
      </trkpt>
      <trkpt lat="50.2897" lon="3.57204">
        <name>X</name>
      </trkpt>
      <trkpt lat="50.28979" lon="3.57221">
        <name>X</name>
      </trkpt>
      <trkpt lat="50.28983" lon="3.57238">
        <name>X</name>
      </trkpt>
      <trkpt lat="50.28977" lon="3.57335">
        <name>X</name>
      </trkpt>
      <trkpt lat="50.28977" lon="3.5736">
        <name>X</name>
      </trkpt>
      <trkpt lat="50.28985" lon="3.57386">
        <name>X</name>
      </trkpt>
      <trkpt lat="50.2899" lon="3.57397">
        <name>X</name>
      </trkpt>
      <trkpt lat="50.29002" lon="3.5741">
        <name>X</name>
      </trkpt>
      <trkpt lat="50.29009" lon="3.57414">
        <name>X</name>
      </trkpt>
      <trkpt lat="50.2909" lon="3.57431">
        <name>X</name>
      </trkpt>
      <trkpt lat="50.29099" lon="3.57438">
        <name>X</name>
      </trkpt>
      <trkpt lat="50.29105" lon="3.57444">
        <name>X</name>
      </trkpt>
      <trkpt lat="50.2911" lon="3.5745">
        <name>X</name>
      </trkpt>
      <trkpt lat="50.29133" lon="3.57517">
        <name>X</name>
      </trkpt>
      <trkpt lat="50.29138" lon="3.5753">
        <name>X</name>
      </trkpt>
      <trkpt lat="50.29144" lon="3.57601">
        <name>X</name>
      </trkpt>
      <trkpt lat="50.29144" lon="3.57607">
        <name>X</name>
      </trkpt>
      <trkpt lat="50.2914" lon="3.57631">
        <name>X</name>
      </trkpt>
      <trkpt lat="50.29099" lon="3.57813">
        <name>X</name>
      </trkpt>
      <trkpt lat="50.29097" lon="3.57828">
        <name>X</name>
      </trkpt>
      <trkpt lat="50.29097" lon="3.57835">
        <name>X</name>
      </trkpt>
      <trkpt lat="50.29101" lon="3.5786">
        <name>X</name>
      </trkpt>
      <trkpt lat="50.29108" lon="3.57873">
        <name>X</name>
      </trkpt>
      <trkpt lat="50.29116" lon="3.5788">
        <name>X</name>
      </trkpt>
      <trkpt lat="50.29262" lon="3.57916">
        <name>X</name>
      </trkpt>
      <trkpt lat="50.29262" lon="3.57916">
        <name>X</name>
      </trkpt>
      <trkpt lat="50.29275" lon="3.57753">
        <name>X</name>
      </trkpt>
      <trkpt lat="50.2929" lon="3.57684">
        <name>X</name>
      </trkpt>
      <trkpt lat="50.29329" lon="3.57566">
        <name>X</name>
      </trkpt>
      <trkpt lat="50.29329" lon="3.57566">
        <name>X</name>
      </trkpt>
      <trkpt lat="50.29339" lon="3.57573">
        <name>X</name>
      </trkpt>
      <trkpt lat="50.29339" lon="3.57573">
        <name>X</name>
      </trkpt>
      <trkpt lat="50.2944" lon="3.57579">
        <name>X</name>
      </trkpt>
      <trkpt lat="50.29447" lon="3.57575">
        <name>X</name>
      </trkpt>
      <trkpt lat="50.29451" lon="3.57566">
        <name>X</name>
      </trkpt>
      <trkpt lat="50.29524" lon="3.57629">
        <name>X</name>
      </trkpt>
      <trkpt lat="50.29565" lon="3.57672">
        <name>X</name>
      </trkpt>
      <trkpt lat="50.29582" lon="3.57682">
        <name>X</name>
      </trkpt>
      <trkpt lat="50.29635" lon="3.57706">
        <name>X</name>
      </trkpt>
      <trkpt lat="50.29635" lon="3.57706">
        <name>X</name>
      </trkpt>
      <trkpt lat="50.29672" lon="3.57727">
        <name>X</name>
      </trkpt>
      <trkpt lat="50.29698" lon="3.57749">
        <name>X</name>
      </trkpt>
      <trkpt lat="50.29721" lon="3.57772">
        <name>X</name>
      </trkpt>
      <trkpt lat="50.30015" lon="3.58144">
        <name>X</name>
      </trkpt>
      <trkpt lat="50.30026" lon="3.58161">
        <name>X</name>
      </trkpt>
      <trkpt lat="50.30062" lon="3.58266">
        <name>X</name>
      </trkpt>
      <trkpt lat="50.30078" lon="3.58309">
        <name>X</name>
      </trkpt>
      <trkpt lat="50.30078" lon="3.58309">
        <name>X</name>
      </trkpt>
      <trkpt lat="50.30213" lon="3.5862">
        <name>X</name>
      </trkpt>
      <trkpt lat="50.30253" lon="3.58704">
        <name>X</name>
      </trkpt>
      <trkpt lat="50.30352" lon="3.58867">
        <name>X</name>
      </trkpt>
      <trkpt lat="50.30371" lon="3.58828">
        <name>X</name>
      </trkpt>
      <trkpt lat="50.30442" lon="3.58689">
        <name>X</name>
      </trkpt>
      <trkpt lat="50.30539" lon="3.58519">
        <name>X</name>
      </trkpt>
      <trkpt lat="50.30582" lon="3.58457">
        <name>X</name>
      </trkpt>
      <trkpt lat="50.30745" lon="3.5815">
        <name>X</name>
      </trkpt>
      <trkpt lat="50.30766" lon="3.58114">
        <name>X</name>
      </trkpt>
      <trkpt lat="50.3079" lon="3.58084">
        <name>X</name>
      </trkpt>
      <trkpt lat="50.30814" lon="3.58062">
        <name>X</name>
      </trkpt>
      <trkpt lat="50.30936" lon="3.57963">
        <name>X</name>
      </trkpt>
      <trkpt lat="50.3108" lon="3.57837">
        <name>X</name>
      </trkpt>
      <trkpt lat="50.31103" lon="3.57809">
        <name>X</name>
      </trkpt>
      <trkpt lat="50.31112" lon="3.57796">
        <name>X</name>
      </trkpt>
      <trkpt lat="50.31219" lon="3.57629">
        <name>X</name>
      </trkpt>
      <trkpt lat="50.31221" lon="3.57624">
        <name>X</name>
      </trkpt>
      <trkpt lat="50.31277" lon="3.57584">
        <name>X</name>
      </trkpt>
      <trkpt lat="50.31354" lon="3.57523">
        <name>X</name>
      </trkpt>
      <trkpt lat="50.3138" lon="3.57498">
        <name>X</name>
      </trkpt>
      <trkpt lat="50.31391" lon="3.57485">
        <name>X</name>
      </trkpt>
      <trkpt lat="50.31412" lon="3.5745">
        <name>X</name>
      </trkpt>
      <trkpt lat="50.31429" lon="3.5742">
        <name>X</name>
      </trkpt>
      <trkpt lat="50.31429" lon="3.5742">
        <name>X</name>
      </trkpt>
      <trkpt lat="50.31438" lon="3.57429">
        <name>X</name>
      </trkpt>
      <trkpt lat="50.31494" lon="3.57438">
        <name>X</name>
      </trkpt>
      <trkpt lat="50.31498" lon="3.5744">
        <name>X</name>
      </trkpt>
      <trkpt lat="50.31498" lon="3.5744">
        <name>X</name>
      </trkpt>
      <trkpt lat="50.31524" lon="3.57459">
        <name>X</name>
      </trkpt>
      <trkpt lat="50.31547" lon="3.57483">
        <name>X</name>
      </trkpt>
      <trkpt lat="50.31558" lon="3.57485">
        <name>X</name>
      </trkpt>
      <trkpt lat="50.31682" lon="3.57459">
        <name>X</name>
      </trkpt>
      <trkpt lat="50.31706" lon="3.57459">
        <name>X</name>
      </trkpt>
      <trkpt lat="50.31848" lon="3.57493">
        <name>X</name>
      </trkpt>
      <trkpt lat="50.31876" lon="3.57493">
        <name>X</name>
      </trkpt>
      <trkpt lat="50.31897" lon="3.57487">
        <name>X</name>
      </trkpt>
      <trkpt lat="50.3194" lon="3.57468">
        <name>X</name>
      </trkpt>
      <trkpt lat="50.32015" lon="3.57448">
        <name>X</name>
      </trkpt>
      <trkpt lat="50.32041" lon="3.57448">
        <name>X</name>
      </trkpt>
      <trkpt lat="50.32052" lon="3.5745">
        <name>X</name>
      </trkpt>
      <trkpt lat="50.32077" lon="3.57463">
        <name>X</name>
      </trkpt>
      <trkpt lat="50.3211" lon="3.57489">
        <name>X</name>
      </trkpt>
      <trkpt lat="50.32118" lon="3.57496">
        <name>X</name>
      </trkpt>
      <trkpt lat="50.32137" lon="3.57504">
        <name>X</name>
      </trkpt>
      <trkpt lat="50.3215" lon="3.57506">
        <name>X</name>
      </trkpt>
      <trkpt lat="50.32277" lon="3.57506">
        <name>X</name>
      </trkpt>
      <trkpt lat="50.32341" lon="3.575">
        <name>X</name>
      </trkpt>
      <trkpt lat="50.32341" lon="3.575">
        <name>X</name>
      </trkpt>
      <trkpt lat="50.32474" lon="3.57468">
        <name>X</name>
      </trkpt>
      <trkpt lat="50.32569" lon="3.57457">
        <name>X</name>
      </trkpt>
      <trkpt lat="50.32627" lon="3.57457">
        <name>X</name>
      </trkpt>
      <trkpt lat="50.32635" lon="3.57459">
        <name>X</name>
      </trkpt>
      <trkpt lat="50.32648" lon="3.57466">
        <name>X</name>
      </trkpt>
      <trkpt lat="50.32672" lon="3.57489">
        <name>X</name>
      </trkpt>
      <trkpt lat="50.32691" lon="3.57506">
        <name>X</name>
      </trkpt>
      <trkpt lat="50.32785" lon="3.57545">
        <name>X</name>
      </trkpt>
      <trkpt lat="50.32794" lon="3.57547">
        <name>X</name>
      </trkpt>
      <trkpt lat="50.32828" lon="3.57536">
        <name>X</name>
      </trkpt>
      <trkpt lat="50.3285" lon="3.57528">
        <name>X</name>
      </trkpt>
      <trkpt lat="50.32901" lon="3.57515">
        <name>X</name>
      </trkpt>
      <trkpt lat="50.3294" lon="3.57508">
        <name>X</name>
      </trkpt>
      <trkpt lat="50.3294" lon="3.57508">
        <name>X</name>
      </trkpt>
      <trkpt lat="50.33017" lon="3.57508">
        <name>X</name>
      </trkpt>
      <trkpt lat="50.33154" lon="3.57521">
        <name>X</name>
      </trkpt>
      <trkpt lat="50.33189" lon="3.5753">
        <name>X</name>
      </trkpt>
      <trkpt lat="50.33227" lon="3.57528">
        <name>X</name>
      </trkpt>
      <trkpt lat="50.33232" lon="3.57528">
        <name>X</name>
      </trkpt>
      <trkpt lat="50.33232" lon="3.57528">
        <name>X</name>
      </trkpt>
      <trkpt lat="50.33266" lon="3.57513">
        <name>X</name>
      </trkpt>
      <trkpt lat="50.33348" lon="3.57496">
        <name>X</name>
      </trkpt>
      <trkpt lat="50.33371" lon="3.57489">
        <name>X</name>
      </trkpt>
      <trkpt lat="50.33438" lon="3.57457">
        <name>X</name>
      </trkpt>
      <trkpt lat="50.33446" lon="3.57455">
        <name>X</name>
      </trkpt>
      <trkpt lat="50.33478" lon="3.5745">
        <name>X</name>
      </trkpt>
      <trkpt lat="50.33547" lon="3.57448">
        <name>X</name>
      </trkpt>
      <trkpt lat="50.33637" lon="3.57433">
        <name>X</name>
      </trkpt>
      <trkpt lat="50.33646" lon="3.57438">
        <name>X</name>
      </trkpt>
      <trkpt lat="50.33646" lon="3.57438">
        <name>X</name>
      </trkpt>
      <trkpt lat="50.33646" lon="3.57472">
        <name>X</name>
      </trkpt>
      <trkpt lat="50.33659" lon="3.57586">
        <name>X</name>
      </trkpt>
      <trkpt lat="50.33659" lon="3.57614">
        <name>X</name>
      </trkpt>
      <trkpt lat="50.33652" lon="3.57661">
        <name>X</name>
      </trkpt>
      <trkpt lat="50.3365" lon="3.57674">
        <name>X</name>
      </trkpt>
      <trkpt lat="50.33633" lon="3.57727">
        <name>X</name>
      </trkpt>
      <trkpt lat="50.33631" lon="3.57747">
        <name>X</name>
      </trkpt>
      <trkpt lat="50.33633" lon="3.5779">
        <name>X</name>
      </trkpt>
      <trkpt lat="50.33633" lon="3.57807">
        <name>X</name>
      </trkpt>
      <trkpt lat="50.33644" lon="3.57865">
        <name>X</name>
      </trkpt>
      <trkpt lat="50.33648" lon="3.57901">
        <name>X</name>
      </trkpt>
      <trkpt lat="50.33646" lon="3.57938">
        <name>X</name>
      </trkpt>
      <trkpt lat="50.33644" lon="3.5795">
        <name>X</name>
      </trkpt>
      <trkpt lat="50.3362" lon="3.58062">
        <name>X</name>
      </trkpt>
      <trkpt lat="50.33614" lon="3.58096">
        <name>X</name>
      </trkpt>
      <trkpt lat="50.33599" lon="3.58262">
        <name>X</name>
      </trkpt>
      <trkpt lat="50.33596" lon="3.58281">
        <name>X</name>
      </trkpt>
      <trkpt lat="50.33511" lon="3.58598">
        <name>X</name>
      </trkpt>
      <trkpt lat="50.33478" lon="3.58727">
        <name>X</name>
      </trkpt>
      <trkpt lat="50.33468" lon="3.58755">
        <name>X</name>
      </trkpt>
      <trkpt lat="50.33451" lon="3.58828">
        <name>X</name>
      </trkpt>
      <trkpt lat="50.33429" lon="3.58888">
        <name>X</name>
      </trkpt>
      <trkpt lat="50.33427" lon="3.58892">
        <name>X</name>
      </trkpt>
      <trkpt lat="50.33421" lon="3.58899">
        <name>X</name>
      </trkpt>
      <trkpt lat="50.3341" lon="3.58918">
        <name>X</name>
      </trkpt>
      <trkpt lat="50.33397" lon="3.58927">
        <name>X</name>
      </trkpt>
      <trkpt lat="50.33393" lon="3.58931">
        <name>X</name>
      </trkpt>
      <trkpt lat="50.33378" lon="3.58965">
        <name>X</name>
      </trkpt>
      <trkpt lat="50.33373" lon="3.58974">
        <name>X</name>
      </trkpt>
      <trkpt lat="50.33376" lon="3.5898">
        <name>X</name>
      </trkpt>
      <trkpt lat="50.33378" lon="3.58995">
        <name>X</name>
      </trkpt>
      <trkpt lat="50.3339" lon="3.59028">
        <name>X</name>
      </trkpt>
      <trkpt lat="50.3339" lon="3.59036">
        <name>X</name>
      </trkpt>
      <trkpt lat="50.3339" lon="3.59036">
        <name>X</name>
      </trkpt>
      <trkpt lat="50.33378" lon="3.59094">
        <name>X</name>
      </trkpt>
      <trkpt lat="50.33268" lon="3.59493">
        <name>X</name>
      </trkpt>
      <trkpt lat="50.33172" lon="3.59843">
        <name>X</name>
      </trkpt>
      <trkpt lat="50.33167" lon="3.59856">
        <name>X</name>
      </trkpt>
      <trkpt lat="50.33165" lon="3.5986">
        <name>X</name>
      </trkpt>
      <trkpt lat="50.33103" lon="3.59968">
        <name>X</name>
      </trkpt>
      <trkpt lat="50.3309" lon="3.59987">
        <name>X</name>
      </trkpt>
      <trkpt lat="50.33039" lon="3.60133">
        <name>X</name>
      </trkpt>
      <trkpt lat="50.33034" lon="3.60148">
        <name>X</name>
      </trkpt>
      <trkpt lat="50.33022" lon="3.60206">
        <name>X</name>
      </trkpt>
      <trkpt lat="50.33017" lon="3.60221">
        <name>X</name>
      </trkpt>
      <trkpt lat="50.33004" lon="3.60349">
        <name>X</name>
      </trkpt>
      <trkpt lat="50.33004" lon="3.60358">
        <name>X</name>
      </trkpt>
      <trkpt lat="50.32991" lon="3.60461">
        <name>X</name>
      </trkpt>
      <trkpt lat="50.32978" lon="3.60506">
        <name>X</name>
      </trkpt>
      <trkpt lat="50.32964" lon="3.6054">
        <name>X</name>
      </trkpt>
      <trkpt lat="50.32946" lon="3.60573">
        <name>X</name>
      </trkpt>
      <trkpt lat="50.32901" lon="3.6065">
        <name>X</name>
      </trkpt>
      <trkpt lat="50.3286" lon="3.60723">
        <name>X</name>
      </trkpt>
      <trkpt lat="50.32867" lon="3.6074">
        <name>X</name>
      </trkpt>
      <trkpt lat="50.32867" lon="3.60753">
        <name>X</name>
      </trkpt>
      <trkpt lat="50.32813" lon="3.61042">
        <name>X</name>
      </trkpt>
      <trkpt lat="50.32813" lon="3.61049">
        <name>X</name>
      </trkpt>
      <trkpt lat="50.32816" lon="3.61068">
        <name>X</name>
      </trkpt>
      <trkpt lat="50.3282" lon="3.61085">
        <name>X</name>
      </trkpt>
      <trkpt lat="50.32985" lon="3.61437">
        <name>X</name>
      </trkpt>
      <trkpt lat="50.33002" lon="3.61478">
        <name>X</name>
      </trkpt>
      <trkpt lat="50.33015" lon="3.61532">
        <name>X</name>
      </trkpt>
      <trkpt lat="50.33082" lon="3.61899">
        <name>X</name>
      </trkpt>
      <trkpt lat="50.33092" lon="3.61939">
        <name>X</name>
      </trkpt>
      <trkpt lat="50.33109" lon="3.61989">
        <name>X</name>
      </trkpt>
      <trkpt lat="50.33127" lon="3.62027">
        <name>X</name>
      </trkpt>
      <trkpt lat="50.33365" lon="3.62459">
        <name>X</name>
      </trkpt>
      <trkpt lat="50.33388" lon="3.62512">
        <name>X</name>
      </trkpt>
      <trkpt lat="50.33451" lon="3.62665">
        <name>X</name>
      </trkpt>
      <trkpt lat="50.33607" lon="3.63055">
        <name>X</name>
      </trkpt>
      <trkpt lat="50.33629" lon="3.631">
        <name>X</name>
      </trkpt>
      <trkpt lat="50.33704" lon="3.63236">
        <name>X</name>
      </trkpt>
      <trkpt lat="50.33768" lon="3.63349">
        <name>X</name>
      </trkpt>
      <trkpt lat="50.33833" lon="3.6345">
        <name>X</name>
      </trkpt>
      <trkpt lat="50.33845" lon="3.63472">
        <name>X</name>
      </trkpt>
      <trkpt lat="50.33897" lon="3.636">
        <name>X</name>
      </trkpt>
      <trkpt lat="50.33927" lon="3.6368">
        <name>X</name>
      </trkpt>
      <trkpt lat="50.33931" lon="3.63703">
        <name>X</name>
      </trkpt>
      <trkpt lat="50.33933" lon="3.63716">
        <name>X</name>
      </trkpt>
      <trkpt lat="50.33933" lon="3.63729">
        <name>X</name>
      </trkpt>
      <trkpt lat="50.33927" lon="3.63755">
        <name>X</name>
      </trkpt>
      <trkpt lat="50.33942" lon="3.63763">
        <name>X</name>
      </trkpt>
      <trkpt lat="50.33955" lon="3.63774">
        <name>X</name>
      </trkpt>
      <trkpt lat="50.33955" lon="3.63774">
        <name>X</name>
      </trkpt>
      <trkpt lat="50.3403" lon="3.63881">
        <name>X</name>
      </trkpt>
      <trkpt lat="50.34049" lon="3.63901">
        <name>X</name>
      </trkpt>
      <trkpt lat="50.34054" lon="3.63903">
        <name>X</name>
      </trkpt>
      <trkpt lat="50.34054" lon="3.63903">
        <name>X</name>
      </trkpt>
      <trkpt lat="50.34049" lon="3.63911">
        <name>X</name>
      </trkpt>
      <trkpt lat="50.34049" lon="3.63911">
        <name>X</name>
      </trkpt>
      <trkpt lat="50.34034" lon="3.63922">
        <name>X</name>
      </trkpt>
      <trkpt lat="50.34024" lon="3.63937">
        <name>X</name>
      </trkpt>
      <trkpt lat="50.34021" lon="3.63946">
        <name>X</name>
      </trkpt>
      <trkpt lat="50.34028" lon="3.64038">
        <name>X</name>
      </trkpt>
      <trkpt lat="50.3403" lon="3.64081">
        <name>X</name>
      </trkpt>
      <trkpt lat="50.3403" lon="3.64081">
        <name>X</name>
      </trkpt>
      <trkpt lat="50.34032" lon="3.64098">
        <name>X</name>
      </trkpt>
      <trkpt lat="50.34056" lon="3.64186">
        <name>X</name>
      </trkpt>
      <trkpt lat="50.34064" lon="3.64235">
        <name>X</name>
      </trkpt>
      <trkpt lat="50.34064" lon="3.64235">
        <name>X</name>
      </trkpt>
      <trkpt lat="50.34069" lon="3.6428">
        <name>X</name>
      </trkpt>
      <trkpt lat="50.34069" lon="3.64394">
        <name>X</name>
      </trkpt>
      <trkpt lat="50.34071" lon="3.64418">
        <name>X</name>
      </trkpt>
      <trkpt lat="50.34075" lon="3.64433">
        <name>X</name>
      </trkpt>
      <trkpt lat="50.34082" lon="3.64444">
        <name>X</name>
      </trkpt>
      <trkpt lat="50.34099" lon="3.64463">
        <name>X</name>
      </trkpt>
      <trkpt lat="50.34107" lon="3.64469">
        <name>X</name>
      </trkpt>
      <trkpt lat="50.34118" lon="3.64476">
        <name>X</name>
      </trkpt>
      <trkpt lat="50.34139" lon="3.6448">
        <name>X</name>
      </trkpt>
      <trkpt lat="50.34249" lon="3.64491">
        <name>X</name>
      </trkpt>
      <trkpt lat="50.34262" lon="3.64491">
        <name>X</name>
      </trkpt>
      <trkpt lat="50.34302" lon="3.64482">
        <name>X</name>
      </trkpt>
      <trkpt lat="50.34309" lon="3.64478">
        <name>X</name>
      </trkpt>
      <trkpt lat="50.34309" lon="3.64478">
        <name>X</name>
      </trkpt>
      <trkpt lat="50.34318" lon="3.64469">
        <name>X</name>
      </trkpt>
      <trkpt lat="50.34332" lon="3.64433">
        <name>X</name>
      </trkpt>
      <trkpt lat="50.34332" lon="3.64426">
        <name>X</name>
      </trkpt>
      <trkpt lat="50.34348" lon="3.64428">
        <name>X</name>
      </trkpt>
      <trkpt lat="50.34354" lon="3.64431">
        <name>X</name>
      </trkpt>
      <trkpt lat="50.34395" lon="3.64452">
        <name>X</name>
      </trkpt>
      <trkpt lat="50.34406" lon="3.64463">
        <name>X</name>
      </trkpt>
      <trkpt lat="50.34412" lon="3.643">
        <name>X</name>
      </trkpt>
      <trkpt lat="50.34414" lon="3.64265">
        <name>X</name>
      </trkpt>
      <trkpt lat="50.34414" lon="3.64265">
        <name>X</name>
      </trkpt>
      <trkpt lat="50.34414" lon="3.6425">
        <name>X</name>
      </trkpt>
      <trkpt lat="50.34408" lon="3.64214">
        <name>X</name>
      </trkpt>
      <trkpt lat="50.34408" lon="3.64201">
        <name>X</name>
      </trkpt>
      <trkpt lat="50.34429" lon="3.64117">
        <name>X</name>
      </trkpt>
      <trkpt lat="50.34433" lon="3.64094">
        <name>X</name>
      </trkpt>
      <trkpt lat="50.34438" lon="3.64038">
        <name>X</name>
      </trkpt>
      <trkpt lat="50.3445" lon="3.63967">
        <name>X</name>
      </trkpt>
      <trkpt lat="50.3445" lon="3.63967">
        <name>X</name>
      </trkpt>
      <trkpt lat="50.3445" lon="3.63956">
        <name>X</name>
      </trkpt>
      <trkpt lat="50.34446" lon="3.63944">
        <name>X</name>
      </trkpt>
      <trkpt lat="50.34455" lon="3.63937">
        <name>X</name>
      </trkpt>
      <trkpt lat="50.34493" lon="3.63916">
        <name>X</name>
      </trkpt>
      <trkpt lat="50.34524" lon="3.63905">
        <name>X</name>
      </trkpt>
      <trkpt lat="50.34809" lon="3.63815">
        <name>X</name>
      </trkpt>
      <trkpt lat="50.34875" lon="3.63804">
        <name>X</name>
      </trkpt>
      <trkpt lat="50.34963" lon="3.638">
        <name>X</name>
      </trkpt>
      <trkpt lat="50.35019" lon="3.63806">
        <name>X</name>
      </trkpt>
      <trkpt lat="50.35019" lon="3.63806">
        <name>X</name>
      </trkpt>
      <trkpt lat="50.35079" lon="3.63817">
        <name>X</name>
      </trkpt>
      <trkpt lat="50.35163" lon="3.63845">
        <name>X</name>
      </trkpt>
      <trkpt lat="50.35242" lon="3.63881">
        <name>X</name>
      </trkpt>
      <trkpt lat="50.35536" lon="3.64055">
        <name>X</name>
      </trkpt>
      <trkpt lat="50.35792" lon="3.64208">
        <name>X</name>
      </trkpt>
      <trkpt lat="50.35792" lon="3.64208">
        <name>X</name>
      </trkpt>
      <trkpt lat="50.35895" lon="3.64246">
        <name>X</name>
      </trkpt>
      <trkpt lat="50.3592" lon="3.64263">
        <name>X</name>
      </trkpt>
      <trkpt lat="50.35938" lon="3.64276">
        <name>X</name>
      </trkpt>
      <trkpt lat="50.35963" lon="3.64302">
        <name>X</name>
      </trkpt>
      <trkpt lat="50.36" lon="3.64347">
        <name>X</name>
      </trkpt>
      <trkpt lat="50.36107" lon="3.64521">
        <name>X</name>
      </trkpt>
      <trkpt lat="50.36156" lon="3.64598">
        <name>X</name>
      </trkpt>
      <trkpt lat="50.36184" lon="3.64626">
        <name>X</name>
      </trkpt>
      <trkpt lat="50.36296" lon="3.64695">
        <name>X</name>
      </trkpt>
      <trkpt lat="50.36326" lon="3.64705">
        <name>X</name>
      </trkpt>
      <trkpt lat="50.36369" lon="3.64716">
        <name>X</name>
      </trkpt>
      <trkpt lat="50.36369" lon="3.64716">
        <name>X</name>
      </trkpt>
      <trkpt lat="50.3641" lon="3.64716">
        <name>X</name>
      </trkpt>
      <trkpt lat="50.36476" lon="3.64703">
        <name>X</name>
      </trkpt>
      <trkpt lat="50.36485" lon="3.64701">
        <name>X</name>
      </trkpt>
      <trkpt lat="50.36532" lon="3.64705">
        <name>X</name>
      </trkpt>
      <trkpt lat="50.36547" lon="3.64705">
        <name>X</name>
      </trkpt>
      <trkpt lat="50.36583" lon="3.64714">
        <name>X</name>
      </trkpt>
      <trkpt lat="50.36596" lon="3.64714">
        <name>X</name>
      </trkpt>
      <trkpt lat="50.36601" lon="3.64727">
        <name>X</name>
      </trkpt>
      <trkpt lat="50.36605" lon="3.64731">
        <name>X</name>
      </trkpt>
      <trkpt lat="50.36641" lon="3.64748">
        <name>X</name>
      </trkpt>
      <trkpt lat="50.36667" lon="3.64757">
        <name>X</name>
      </trkpt>
      <trkpt lat="50.36727" lon="3.64772">
        <name>X</name>
      </trkpt>
      <trkpt lat="50.36753" lon="3.64783">
        <name>X</name>
      </trkpt>
      <trkpt lat="50.36792" lon="3.64806">
        <name>X</name>
      </trkpt>
      <trkpt lat="50.36798" lon="3.6481">
        <name>X</name>
      </trkpt>
      <trkpt lat="50.36822" lon="3.6483">
        <name>X</name>
      </trkpt>
      <trkpt lat="50.36858" lon="3.64851">
        <name>X</name>
      </trkpt>
      <trkpt lat="50.36871" lon="3.64862">
        <name>X</name>
      </trkpt>
      <trkpt lat="50.36927" lon="3.6492">
        <name>X</name>
      </trkpt>
      <trkpt lat="50.37004" lon="3.64984">
        <name>X</name>
      </trkpt>
      <trkpt lat="50.3703" lon="3.6501">
        <name>X</name>
      </trkpt>
      <trkpt lat="50.37311" lon="3.65319">
        <name>X</name>
      </trkpt>
      <trkpt lat="50.3739" lon="3.65407">
        <name>X</name>
      </trkpt>
      <trkpt lat="50.37455" lon="3.65456">
        <name>X</name>
      </trkpt>
      <trkpt lat="50.37487" lon="3.65476">
        <name>X</name>
      </trkpt>
      <trkpt lat="50.37487" lon="3.65476">
        <name>X</name>
      </trkpt>
      <trkpt lat="50.38002" lon="3.65755">
        <name>X</name>
      </trkpt>
      <trkpt lat="50.3806" lon="3.65774">
        <name>X</name>
      </trkpt>
      <trkpt lat="50.38231" lon="3.65828">
        <name>X</name>
      </trkpt>
      <trkpt lat="50.38452" lon="3.65913">
        <name>X</name>
      </trkpt>
      <trkpt lat="50.38618" lon="3.65978">
        <name>X</name>
      </trkpt>
      <trkpt lat="50.38618" lon="3.65978">
        <name>X</name>
      </trkpt>
      <trkpt lat="50.38652" lon="3.65999">
        <name>X</name>
      </trkpt>
      <trkpt lat="50.3892" lon="3.66207">
        <name>X</name>
      </trkpt>
      <trkpt lat="50.39008" lon="3.66263">
        <name>X</name>
      </trkpt>
      <trkpt lat="50.39075" lon="3.66287">
        <name>X</name>
      </trkpt>
      <trkpt lat="50.39105" lon="3.66291">
        <name>X</name>
      </trkpt>
      <trkpt lat="50.39105" lon="3.66291">
        <name>X</name>
      </trkpt>
      <trkpt lat="50.39214" lon="3.66295">
        <name>X</name>
      </trkpt>
      <trkpt lat="50.39321" lon="3.66293">
        <name>X</name>
      </trkpt>
      <trkpt lat="50.39354" lon="3.66293">
        <name>X</name>
      </trkpt>
      <trkpt lat="50.3945" lon="3.66312">
        <name>X</name>
      </trkpt>
      <trkpt lat="50.39476" lon="3.66321">
        <name>X</name>
      </trkpt>
      <trkpt lat="50.39523" lon="3.66342">
        <name>X</name>
      </trkpt>
      <trkpt lat="50.39527" lon="3.66345">
        <name>X</name>
      </trkpt>
      <trkpt lat="50.39624" lon="3.66403">
        <name>X</name>
      </trkpt>
      <trkpt lat="50.39637" lon="3.66411">
        <name>X</name>
      </trkpt>
      <trkpt lat="50.39654" lon="3.66424">
        <name>X</name>
      </trkpt>
      <trkpt lat="50.39703" lon="3.66461">
        <name>X</name>
      </trkpt>
      <trkpt lat="50.39794" lon="3.66536">
        <name>X</name>
      </trkpt>
      <trkpt lat="50.39811" lon="3.66546">
        <name>X</name>
      </trkpt>
      <trkpt lat="50.39922" lon="3.66592">
        <name>X</name>
      </trkpt>
      <trkpt lat="50.39952" lon="3.66604">
        <name>X</name>
      </trkpt>
      <trkpt lat="50.40062" lon="3.6666">
        <name>X</name>
      </trkpt>
      <trkpt lat="50.40088" lon="3.66673">
        <name>X</name>
      </trkpt>
      <trkpt lat="50.40137" lon="3.66682">
        <name>X</name>
      </trkpt>
      <trkpt lat="50.40152" lon="3.66682">
        <name>X</name>
      </trkpt>
      <trkpt lat="50.40193" lon="3.66671">
        <name>X</name>
      </trkpt>
      <trkpt lat="50.40233" lon="3.66658">
        <name>X</name>
      </trkpt>
      <trkpt lat="50.40313" lon="3.67177">
        <name>X</name>
      </trkpt>
      <trkpt lat="50.40324" lon="3.67231">
        <name>X</name>
      </trkpt>
      <trkpt lat="50.4036" lon="3.67482">
        <name>X</name>
      </trkpt>
      <trkpt lat="50.40362" lon="3.67495">
        <name>X</name>
      </trkpt>
      <trkpt lat="50.40362" lon="3.67495">
        <name>X</name>
      </trkpt>
      <trkpt lat="50.40375" lon="3.67557">
        <name>X</name>
      </trkpt>
      <trkpt lat="50.40392" lon="3.67619">
        <name>X</name>
      </trkpt>
      <trkpt lat="50.40396" lon="3.67639">
        <name>X</name>
      </trkpt>
      <trkpt lat="50.40444" lon="3.67888">
        <name>X</name>
      </trkpt>
      <trkpt lat="50.40456" lon="3.6795">
        <name>X</name>
      </trkpt>
      <trkpt lat="50.40478" lon="3.68025">
        <name>X</name>
      </trkpt>
      <trkpt lat="50.40489" lon="3.68059">
        <name>X</name>
      </trkpt>
      <trkpt lat="50.40489" lon="3.68059">
        <name>X</name>
      </trkpt>
      <trkpt lat="50.40514" lon="3.6819">
        <name>X</name>
      </trkpt>
      <trkpt lat="50.40523" lon="3.68257">
        <name>X</name>
      </trkpt>
      <trkpt lat="50.40525" lon="3.68269">
        <name>X</name>
      </trkpt>
      <trkpt lat="50.40527" lon="3.68274">
        <name>X</name>
      </trkpt>
      <trkpt lat="50.4053" lon="3.6828">
        <name>X</name>
      </trkpt>
      <trkpt lat="50.40538" lon="3.68289">
        <name>X</name>
      </trkpt>
      <trkpt lat="50.40542" lon="3.68289">
        <name>X</name>
      </trkpt>
      <trkpt lat="50.40602" lon="3.6828">
        <name>X</name>
      </trkpt>
      <trkpt lat="50.40618" lon="3.68276">
        <name>X</name>
      </trkpt>
      <trkpt lat="50.40708" lon="3.68267">
        <name>X</name>
      </trkpt>
      <trkpt lat="50.40731" lon="3.68274">
        <name>X</name>
      </trkpt>
      <trkpt lat="50.40757" lon="3.683">
        <name>X</name>
      </trkpt>
      <trkpt lat="50.40761" lon="3.68302">
        <name>X</name>
      </trkpt>
      <trkpt lat="50.40766" lon="3.6842">
        <name>X</name>
      </trkpt>
      <trkpt lat="50.40763" lon="3.68439">
        <name>X</name>
      </trkpt>
      <trkpt lat="50.40815" lon="3.68456">
        <name>X</name>
      </trkpt>
      <trkpt lat="50.40819" lon="3.68458">
        <name>X</name>
      </trkpt>
      <trkpt lat="50.40886" lon="3.68521">
        <name>X</name>
      </trkpt>
      <trkpt lat="50.4095" lon="3.68574">
        <name>X</name>
      </trkpt>
      <trkpt lat="50.4095" lon="3.68574">
        <name>X</name>
      </trkpt>
      <trkpt lat="50.40967" lon="3.68563">
        <name>X</name>
      </trkpt>
      <trkpt lat="50.40976" lon="3.68493">
        <name>X</name>
      </trkpt>
      <trkpt lat="50.40972" lon="3.68396">
        <name>X</name>
      </trkpt>
      <trkpt lat="50.40978" lon="3.68396">
        <name>X</name>
      </trkpt>
      <trkpt lat="50.40982" lon="3.68396">
        <name>X</name>
      </trkpt>
      <trkpt lat="50.41042" lon="3.68379">
        <name>X</name>
      </trkpt>
      <trkpt lat="50.41053" lon="3.68377">
        <name>X</name>
      </trkpt>
      <trkpt lat="50.41077" lon="3.68377">
        <name>X</name>
      </trkpt>
      <trkpt lat="50.41087" lon="3.68379">
        <name>X</name>
      </trkpt>
      <trkpt lat="50.41124" lon="3.68394">
        <name>X</name>
      </trkpt>
      <trkpt lat="50.4115" lon="3.68407">
        <name>X</name>
      </trkpt>
      <trkpt lat="50.4115" lon="3.68407">
        <name>X</name>
      </trkpt>
      <trkpt lat="50.41169" lon="3.6842">
        <name>X</name>
      </trkpt>
      <trkpt lat="50.41201" lon="3.68452">
        <name>X</name>
      </trkpt>
      <trkpt lat="50.41225" lon="3.68478">
        <name>X</name>
      </trkpt>
      <trkpt lat="50.41235" lon="3.68486">
        <name>X</name>
      </trkpt>
      <trkpt lat="50.41242" lon="3.6849">
        <name>X</name>
      </trkpt>
      <trkpt lat="50.41259" lon="3.68497">
        <name>X</name>
      </trkpt>
      <trkpt lat="50.41268" lon="3.68499">
        <name>X</name>
      </trkpt>
      <trkpt lat="50.41388" lon="3.68503">
        <name>X</name>
      </trkpt>
      <trkpt lat="50.41431" lon="3.68506">
        <name>X</name>
      </trkpt>
      <trkpt lat="50.41476" lon="3.68501">
        <name>X</name>
      </trkpt>
      <trkpt lat="50.41506" lon="3.68497">
        <name>X</name>
      </trkpt>
      <trkpt lat="50.41538" lon="3.68497">
        <name>X</name>
      </trkpt>
      <trkpt lat="50.4168" lon="3.68508">
        <name>X</name>
      </trkpt>
      <trkpt lat="50.4168" lon="3.68508">
        <name>X</name>
      </trkpt>
      <trkpt lat="50.41738" lon="3.68503">
        <name>X</name>
      </trkpt>
      <trkpt lat="50.41778" lon="3.68495">
        <name>X</name>
      </trkpt>
      <trkpt lat="50.41823" lon="3.68484">
        <name>X</name>
      </trkpt>
      <trkpt lat="50.41845" lon="3.68475">
        <name>X</name>
      </trkpt>
      <trkpt lat="50.41931" lon="3.68432">
        <name>X</name>
      </trkpt>
      <trkpt lat="50.41961" lon="3.68409">
        <name>X</name>
      </trkpt>
      <trkpt lat="50.41978" lon="3.68394">
        <name>X</name>
      </trkpt>
      <trkpt lat="50.42064" lon="3.68257">
        <name>X</name>
      </trkpt>
      <trkpt lat="50.42115" lon="3.68175">
        <name>X</name>
      </trkpt>
      <trkpt lat="50.42126" lon="3.68154">
        <name>X</name>
      </trkpt>
      <trkpt lat="50.42167" lon="3.68096">
        <name>X</name>
      </trkpt>
      <trkpt lat="50.42222" lon="3.68031">
        <name>X</name>
      </trkpt>
      <trkpt lat="50.42242" lon="3.6801">
        <name>X</name>
      </trkpt>
      <trkpt lat="50.42289" lon="3.67976">
        <name>X</name>
      </trkpt>
      <trkpt lat="50.42317" lon="3.6796">
        <name>X</name>
      </trkpt>
      <trkpt lat="50.42343" lon="3.67948">
        <name>X</name>
      </trkpt>
      <trkpt lat="50.42403" lon="3.67926">
        <name>X</name>
      </trkpt>
      <trkpt lat="50.4245" lon="3.67915">
        <name>X</name>
      </trkpt>
      <trkpt lat="50.42504" lon="3.67911">
        <name>X</name>
      </trkpt>
      <trkpt lat="50.42553" lon="3.67915">
        <name>X</name>
      </trkpt>
      <trkpt lat="50.42615" lon="3.67928">
        <name>X</name>
      </trkpt>
      <trkpt lat="50.42785" lon="3.67986">
        <name>X</name>
      </trkpt>
      <trkpt lat="50.42806" lon="3.67995">
        <name>X</name>
      </trkpt>
      <trkpt lat="50.42821" lon="3.68003">
        <name>X</name>
      </trkpt>
      <trkpt lat="50.42836" lon="3.68014">
        <name>X</name>
      </trkpt>
      <trkpt lat="50.42849" lon="3.68027">
        <name>X</name>
      </trkpt>
      <trkpt lat="50.42853" lon="3.68031">
        <name>X</name>
      </trkpt>
      <trkpt lat="50.42875" lon="3.68066">
        <name>X</name>
      </trkpt>
      <trkpt lat="50.42896" lon="3.68096">
        <name>X</name>
      </trkpt>
      <trkpt lat="50.42969" lon="3.68171">
        <name>X</name>
      </trkpt>
      <trkpt lat="50.43008" lon="3.68212">
        <name>X</name>
      </trkpt>
      <trkpt lat="50.43057" lon="3.68287">
        <name>X</name>
      </trkpt>
      <trkpt lat="50.43066" lon="3.68302">
        <name>X</name>
      </trkpt>
      <trkpt lat="50.43164" lon="3.68409">
        <name>X</name>
      </trkpt>
      <trkpt lat="50.43188" lon="3.68435">
        <name>X</name>
      </trkpt>
      <trkpt lat="50.4322" lon="3.68456">
        <name>X</name>
      </trkpt>
      <trkpt lat="50.43227" lon="3.68463">
        <name>X</name>
      </trkpt>
      <trkpt lat="50.43229" lon="3.6848">
        <name>X</name>
      </trkpt>
      <trkpt lat="50.43235" lon="3.68484">
        <name>X</name>
      </trkpt>
      <trkpt lat="50.43242" lon="3.6848">
        <name>X</name>
      </trkpt>
      <trkpt lat="50.43244" lon="3.68475">
        <name>X</name>
      </trkpt>
      <trkpt lat="50.43244" lon="3.68465">
        <name>X</name>
      </trkpt>
      <trkpt lat="50.43242" lon="3.6846">
        <name>X</name>
      </trkpt>
      <trkpt lat="50.43244" lon="3.68456">
        <name>X</name>
      </trkpt>
      <trkpt lat="50.4325" lon="3.68445">
        <name>X</name>
      </trkpt>
      <trkpt lat="50.43298" lon="3.68413">
        <name>X</name>
      </trkpt>
      <trkpt lat="50.43325" lon="3.68394">
        <name>X</name>
      </trkpt>
      <trkpt lat="50.4336" lon="3.68375">
        <name>X</name>
      </trkpt>
      <trkpt lat="50.43383" lon="3.68362">
        <name>X</name>
      </trkpt>
      <trkpt lat="50.43461" lon="3.6834">
        <name>X</name>
      </trkpt>
      <trkpt lat="50.43469" lon="3.68338">
        <name>X</name>
      </trkpt>
      <trkpt lat="50.43566" lon="3.68954">
        <name>X</name>
      </trkpt>
      <trkpt lat="50.43587" lon="3.69089">
        <name>X</name>
      </trkpt>
      <trkpt lat="50.4366" lon="3.69156">
        <name>X</name>
      </trkpt>
      <trkpt lat="50.43707" lon="3.69199">
        <name>X</name>
      </trkpt>
      <trkpt lat="50.43718" lon="3.69205">
        <name>X</name>
      </trkpt>
      <trkpt lat="50.43729" lon="3.69207">
        <name>X</name>
      </trkpt>
      <trkpt lat="50.43761" lon="3.69211">
        <name>X</name>
      </trkpt>
      <trkpt lat="50.43798" lon="3.69214">
        <name>X</name>
      </trkpt>
      <trkpt lat="50.4381" lon="3.69218">
        <name>X</name>
      </trkpt>
      <trkpt lat="50.43834" lon="3.69229">
        <name>X</name>
      </trkpt>
      <trkpt lat="50.43845" lon="3.69237">
        <name>X</name>
      </trkpt>
      <trkpt lat="50.43858" lon="3.69246">
        <name>X</name>
      </trkpt>
      <trkpt lat="50.43943" lon="3.69325">
        <name>X</name>
      </trkpt>
      <trkpt lat="50.44012" lon="3.69385">
        <name>X</name>
      </trkpt>
      <trkpt lat="50.44111" lon="3.6945">
        <name>X</name>
      </trkpt>
      <trkpt lat="50.44175" lon="3.69482">
        <name>X</name>
      </trkpt>
      <trkpt lat="50.44808" lon="3.69726">
        <name>X</name>
      </trkpt>
      <trkpt lat="50.44836" lon="3.69737">
        <name>X</name>
      </trkpt>
      <trkpt lat="50.45089" lon="3.6984">
        <name>X</name>
      </trkpt>
      <trkpt lat="50.45124" lon="3.69857">
        <name>X</name>
      </trkpt>
      <trkpt lat="50.4516" lon="3.69885">
        <name>X</name>
      </trkpt>
      <trkpt lat="50.45186" lon="3.69913">
        <name>X</name>
      </trkpt>
      <trkpt lat="50.45186" lon="3.69913">
        <name>X</name>
      </trkpt>
      <trkpt lat="50.45267" lon="3.70033">
        <name>X</name>
      </trkpt>
      <trkpt lat="50.45342" lon="3.7013">
        <name>X</name>
      </trkpt>
      <trkpt lat="50.45388" lon="3.70179">
        <name>X</name>
      </trkpt>
      <trkpt lat="50.45433" lon="3.70224">
        <name>X</name>
      </trkpt>
      <trkpt lat="50.45482" lon="3.70267">
        <name>X</name>
      </trkpt>
      <trkpt lat="50.45557" lon="3.70319">
        <name>X</name>
      </trkpt>
      <trkpt lat="50.45624" lon="3.70357">
        <name>X</name>
      </trkpt>
      <trkpt lat="50.45662" lon="3.70377">
        <name>X</name>
      </trkpt>
      <trkpt lat="50.45716" lon="3.70398">
        <name>X</name>
      </trkpt>
      <trkpt lat="50.46048" lon="3.7052">
        <name>X</name>
      </trkpt>
      <trkpt lat="50.46055" lon="3.70522">
        <name>X</name>
      </trkpt>
      <trkpt lat="50.46078" lon="3.70527">
        <name>X</name>
      </trkpt>
      <trkpt lat="50.46106" lon="3.70527">
        <name>X</name>
      </trkpt>
      <trkpt lat="50.46121" lon="3.70525">
        <name>X</name>
      </trkpt>
      <trkpt lat="50.46154" lon="3.70518">
        <name>X</name>
      </trkpt>
      <trkpt lat="50.46207" lon="3.7052">
        <name>X</name>
      </trkpt>
      <trkpt lat="50.46256" lon="3.70527">
        <name>X</name>
      </trkpt>
      <trkpt lat="50.46443" lon="3.70574">
        <name>X</name>
      </trkpt>
      <trkpt lat="50.46493" lon="3.70589">
        <name>X</name>
      </trkpt>
      <trkpt lat="50.46493" lon="3.70589">
        <name>X</name>
      </trkpt>
      <trkpt lat="50.46508" lon="3.70664">
        <name>X</name>
      </trkpt>
      <trkpt lat="50.46589" lon="3.71014">
        <name>X</name>
      </trkpt>
      <trkpt lat="50.46589" lon="3.71042">
        <name>X</name>
      </trkpt>
      <trkpt lat="50.46679" lon="3.70977">
        <name>X</name>
      </trkpt>
      <trkpt lat="50.4669" lon="3.70967">
        <name>X</name>
      </trkpt>
      <trkpt lat="50.46774" lon="3.71059">
        <name>X</name>
      </trkpt>
      <trkpt lat="50.46786" lon="3.71074">
        <name>X</name>
      </trkpt>
      <trkpt lat="50.46786" lon="3.71074">
        <name>X</name>
      </trkpt>
      <trkpt lat="50.46802" lon="3.7108">
        <name>X</name>
      </trkpt>
      <trkpt lat="50.46902" lon="3.71089">
        <name>X</name>
      </trkpt>
      <trkpt lat="50.46922" lon="3.71098">
        <name>X</name>
      </trkpt>
      <trkpt lat="50.4702" lon="3.71198">
        <name>X</name>
      </trkpt>
      <trkpt lat="50.4704" lon="3.71218">
        <name>X</name>
      </trkpt>
      <trkpt lat="50.47205" lon="3.71413">
        <name>X</name>
      </trkpt>
      <trkpt lat="50.47239" lon="3.7145">
        <name>X</name>
      </trkpt>
      <trkpt lat="50.47447" lon="3.71188">
        <name>X</name>
      </trkpt>
      <trkpt lat="50.47462" lon="3.71166">
        <name>X</name>
      </trkpt>
      <trkpt lat="50.47475" lon="3.71143">
        <name>X</name>
      </trkpt>
      <trkpt lat="50.47488" lon="3.71117">
        <name>X</name>
      </trkpt>
      <trkpt lat="50.4754" lon="3.7099">
        <name>X</name>
      </trkpt>
      <trkpt lat="50.47557" lon="3.70952">
        <name>X</name>
      </trkpt>
      <trkpt lat="50.47557" lon="3.70952">
        <name>X</name>
      </trkpt>
      <trkpt lat="50.47583" lon="3.70909">
        <name>X</name>
      </trkpt>
      <trkpt lat="50.47602" lon="3.70885">
        <name>X</name>
      </trkpt>
      <trkpt lat="50.47621" lon="3.70872">
        <name>X</name>
      </trkpt>
      <trkpt lat="50.47641" lon="3.70872">
        <name>X</name>
      </trkpt>
      <trkpt lat="50.47649" lon="3.70877">
        <name>X</name>
      </trkpt>
      <trkpt lat="50.47784" lon="3.7101">
        <name>X</name>
      </trkpt>
      <trkpt lat="50.47797" lon="3.71016">
        <name>X</name>
      </trkpt>
      <trkpt lat="50.47797" lon="3.71016">
        <name>X</name>
      </trkpt>
      <trkpt lat="50.47812" lon="3.71012">
        <name>X</name>
      </trkpt>
      <trkpt lat="50.4792" lon="3.70945">
        <name>X</name>
      </trkpt>
      <trkpt lat="50.47941" lon="3.70947">
        <name>X</name>
      </trkpt>
      <trkpt lat="50.48044" lon="3.71048">
        <name>X</name>
      </trkpt>
      <trkpt lat="50.481" lon="3.71104">
        <name>X</name>
      </trkpt>
      <trkpt lat="50.48119" lon="3.71108">
        <name>X</name>
      </trkpt>
      <trkpt lat="50.4813" lon="3.711">
        <name>X</name>
      </trkpt>
      <trkpt lat="50.48338" lon="3.70604">
        <name>X</name>
      </trkpt>
      <trkpt lat="50.48362" lon="3.7055">
        <name>X</name>
      </trkpt>
      <trkpt lat="50.4846" lon="3.70289">
        <name>X</name>
      </trkpt>
      <trkpt lat="50.48484" lon="3.70239">
        <name>X</name>
      </trkpt>
      <trkpt lat="50.48484" lon="3.70239">
        <name>X</name>
      </trkpt>
      <trkpt lat="50.48522" lon="3.70117">
        <name>X</name>
      </trkpt>
      <trkpt lat="50.48518" lon="3.70093">
        <name>X</name>
      </trkpt>
      <trkpt lat="50.48527" lon="3.70068">
        <name>X</name>
      </trkpt>
      <trkpt lat="50.48621" lon="3.70149">
        <name>X</name>
      </trkpt>
      <trkpt lat="50.48662" lon="3.70186">
        <name>X</name>
      </trkpt>
      <trkpt lat="50.48832" lon="3.70299">
        <name>X</name>
      </trkpt>
      <trkpt lat="50.48876" lon="3.70329">
        <name>X</name>
      </trkpt>
      <trkpt lat="50.48904" lon="3.70344">
        <name>X</name>
      </trkpt>
      <trkpt lat="50.48937" lon="3.70357">
        <name>X</name>
      </trkpt>
      <trkpt lat="50.48954" lon="3.7037">
        <name>X</name>
      </trkpt>
      <trkpt lat="50.4901" lon="3.70404">
        <name>X</name>
      </trkpt>
      <trkpt lat="50.4916" lon="3.70522">
        <name>X</name>
      </trkpt>
      <trkpt lat="50.49499" lon="3.70791">
        <name>X</name>
      </trkpt>
      <trkpt lat="50.49673" lon="3.70894">
        <name>X</name>
      </trkpt>
      <trkpt lat="50.49681" lon="3.70898">
        <name>X</name>
      </trkpt>
      <trkpt lat="50.49681" lon="3.70898">
        <name>X</name>
      </trkpt>
      <trkpt lat="50.49711" lon="3.70922">
        <name>X</name>
      </trkpt>
      <trkpt lat="50.4975" lon="3.7096">
        <name>X</name>
      </trkpt>
      <trkpt lat="50.49801" lon="3.7101">
        <name>X</name>
      </trkpt>
      <trkpt lat="50.49788" lon="3.71042">
        <name>X</name>
      </trkpt>
      <trkpt lat="50.49778" lon="3.71061">
        <name>X</name>
      </trkpt>
      <trkpt lat="50.49881" lon="3.71366">
        <name>X</name>
      </trkpt>
      <trkpt lat="50.49889" lon="3.71392">
        <name>X</name>
      </trkpt>
      <trkpt lat="50.499" lon="3.71415">
        <name>X</name>
      </trkpt>
      <trkpt lat="50.49913" lon="3.71428">
        <name>X</name>
      </trkpt>
      <trkpt lat="50.50031" lon="3.7148">
        <name>X</name>
      </trkpt>
      <trkpt lat="50.50044" lon="3.71486">
        <name>X</name>
      </trkpt>
      <trkpt lat="50.50104" lon="3.71469">
        <name>X</name>
      </trkpt>
      <trkpt lat="50.50125" lon="3.71469">
        <name>X</name>
      </trkpt>
      <trkpt lat="50.50387" lon="3.71514">
        <name>X</name>
      </trkpt>
      <trkpt lat="50.50466" lon="3.71527">
        <name>X</name>
      </trkpt>
      <trkpt lat="50.50466" lon="3.71527">
        <name>X</name>
      </trkpt>
      <trkpt lat="50.50492" lon="3.71535">
        <name>X</name>
      </trkpt>
      <trkpt lat="50.50544" lon="3.71561">
        <name>X</name>
      </trkpt>
      <trkpt lat="50.50554" lon="3.71563">
        <name>X</name>
      </trkpt>
      <trkpt lat="50.50621" lon="3.71565">
        <name>X</name>
      </trkpt>
      <trkpt lat="50.50649" lon="3.71563">
        <name>X</name>
      </trkpt>
      <trkpt lat="50.5075" lon="3.71537">
        <name>X</name>
      </trkpt>
      <trkpt lat="50.50799" lon="3.71525">
        <name>X</name>
      </trkpt>
      <trkpt lat="50.50806" lon="3.71527">
        <name>X</name>
      </trkpt>
      <trkpt lat="50.5081" lon="3.71529">
        <name>X</name>
      </trkpt>
      <trkpt lat="50.50816" lon="3.7154">
        <name>X</name>
      </trkpt>
      <trkpt lat="50.50821" lon="3.71548">
        <name>X</name>
      </trkpt>
      <trkpt lat="50.5084" lon="3.71653">
        <name>X</name>
      </trkpt>
      <trkpt lat="50.50846" lon="3.71683">
        <name>X</name>
      </trkpt>
      <trkpt lat="50.50855" lon="3.71694">
        <name>X</name>
      </trkpt>
      <trkpt lat="50.50859" lon="3.71698">
        <name>X</name>
      </trkpt>
      <trkpt lat="50.50872" lon="3.71705">
        <name>X</name>
      </trkpt>
      <trkpt lat="50.50881" lon="3.71707">
        <name>X</name>
      </trkpt>
      <trkpt lat="50.50881" lon="3.71707">
        <name>X</name>
      </trkpt>
      <trkpt lat="50.50921" lon="3.71692">
        <name>X</name>
      </trkpt>
      <trkpt lat="50.50939" lon="3.7169">
        <name>X</name>
      </trkpt>
      <trkpt lat="50.50954" lon="3.7169">
        <name>X</name>
      </trkpt>
      <trkpt lat="50.50994" lon="3.71703">
        <name>X</name>
      </trkpt>
      <trkpt lat="50.51014" lon="3.71728">
        <name>X</name>
      </trkpt>
      <trkpt lat="50.5102" lon="3.71784">
        <name>X</name>
      </trkpt>
      <trkpt lat="50.51033" lon="3.7184">
        <name>X</name>
      </trkpt>
      <trkpt lat="50.51042" lon="3.71862">
        <name>X</name>
      </trkpt>
      <trkpt lat="50.51048" lon="3.71879">
        <name>X</name>
      </trkpt>
      <trkpt lat="50.51108" lon="3.71988">
        <name>X</name>
      </trkpt>
      <trkpt lat="50.51119" lon="3.7201">
        <name>X</name>
      </trkpt>
      <trkpt lat="50.5114" lon="3.72091">
        <name>X</name>
      </trkpt>
      <trkpt lat="50.51147" lon="3.72104">
        <name>X</name>
      </trkpt>
      <trkpt lat="50.51147" lon="3.72104">
        <name>X</name>
      </trkpt>
      <trkpt lat="50.51166" lon="3.72121">
        <name>X</name>
      </trkpt>
      <trkpt lat="50.51207" lon="3.72168">
        <name>X</name>
      </trkpt>
      <trkpt lat="50.51222" lon="3.72186">
        <name>X</name>
      </trkpt>
      <trkpt lat="50.51248" lon="3.722">
        <name>X</name>
      </trkpt>
      <trkpt lat="50.51288" lon="3.72216">
        <name>X</name>
      </trkpt>
      <trkpt lat="50.51303" lon="3.72226">
        <name>X</name>
      </trkpt>
      <trkpt lat="50.51312" lon="3.72233">
        <name>X</name>
      </trkpt>
      <trkpt lat="50.51323" lon="3.72254">
        <name>X</name>
      </trkpt>
      <trkpt lat="50.51331" lon="3.72278">
        <name>X</name>
      </trkpt>
      <trkpt lat="50.51336" lon="3.72297">
        <name>X</name>
      </trkpt>
      <trkpt lat="50.51344" lon="3.72336">
        <name>X</name>
      </trkpt>
      <trkpt lat="50.51359" lon="3.7237">
        <name>X</name>
      </trkpt>
      <trkpt lat="50.51368" lon="3.72381">
        <name>X</name>
      </trkpt>
      <trkpt lat="50.51496" lon="3.72411">
        <name>X</name>
      </trkpt>
      <trkpt lat="50.51709" lon="3.72456">
        <name>X</name>
      </trkpt>
      <trkpt lat="50.53095" lon="3.72891">
        <name>X</name>
      </trkpt>
      <trkpt lat="50.53348" lon="3.72973">
        <name>X</name>
      </trkpt>
      <trkpt lat="50.5455" lon="3.73409">
        <name>X</name>
      </trkpt>
      <trkpt lat="50.54582" lon="3.73421">
        <name>X</name>
      </trkpt>
      <trkpt lat="50.54679" lon="3.73454">
        <name>X</name>
      </trkpt>
      <trkpt lat="50.54715" lon="3.73466">
        <name>X</name>
      </trkpt>
      <trkpt lat="50.54863" lon="3.73524">
        <name>X</name>
      </trkpt>
      <trkpt lat="50.54872" lon="3.73527">
        <name>X</name>
      </trkpt>
      <trkpt lat="50.54882" lon="3.73546">
        <name>X</name>
      </trkpt>
      <trkpt lat="50.54885" lon="3.73557">
        <name>X</name>
      </trkpt>
      <trkpt lat="50.54898" lon="3.73561">
        <name>X</name>
      </trkpt>
      <trkpt lat="50.54913" lon="3.73565">
        <name>X</name>
      </trkpt>
      <trkpt lat="50.54983" lon="3.73565">
        <name>X</name>
      </trkpt>
      <trkpt lat="50.55003" lon="3.7357">
        <name>X</name>
      </trkpt>
      <trkpt lat="50.55269" lon="3.73696">
        <name>X</name>
      </trkpt>
      <trkpt lat="50.55297" lon="3.73711">
        <name>X</name>
      </trkpt>
      <trkpt lat="50.55333" lon="3.73739">
        <name>X</name>
      </trkpt>
      <trkpt lat="50.55365" lon="3.73771">
        <name>X</name>
      </trkpt>
      <trkpt lat="50.55408" lon="3.73829">
        <name>X</name>
      </trkpt>
      <trkpt lat="50.55436" lon="3.73878">
        <name>X</name>
      </trkpt>
      <trkpt lat="50.5558" lon="3.74222">
        <name>X</name>
      </trkpt>
      <trkpt lat="50.55634" lon="3.74331">
        <name>X</name>
      </trkpt>
      <trkpt lat="50.55754" lon="3.74546">
        <name>X</name>
      </trkpt>
      <trkpt lat="50.5578" lon="3.74587">
        <name>X</name>
      </trkpt>
      <trkpt lat="50.5578" lon="3.74587">
        <name>X</name>
      </trkpt>
      <trkpt lat="50.55797" lon="3.74612">
        <name>X</name>
      </trkpt>
      <trkpt lat="50.55887" lon="3.7472">
        <name>X</name>
      </trkpt>
      <trkpt lat="50.55906" lon="3.7475">
        <name>X</name>
      </trkpt>
      <trkpt lat="50.56125" lon="3.75211">
        <name>X</name>
      </trkpt>
      <trkpt lat="50.56151" lon="3.75265">
        <name>X</name>
      </trkpt>
      <trkpt lat="50.56157" lon="3.75271">
        <name>X</name>
      </trkpt>
      <trkpt lat="50.56172" lon="3.7528">
        <name>X</name>
      </trkpt>
      <trkpt lat="50.56183" lon="3.7528">
        <name>X</name>
      </trkpt>
      <trkpt lat="50.56191" lon="3.7528">
        <name>X</name>
      </trkpt>
      <trkpt lat="50.56314" lon="3.75196">
        <name>X</name>
      </trkpt>
      <trkpt lat="50.56329" lon="3.75196">
        <name>X</name>
      </trkpt>
      <trkpt lat="50.56344" lon="3.75205">
        <name>X</name>
      </trkpt>
      <trkpt lat="50.56352" lon="3.75211">
        <name>X</name>
      </trkpt>
      <trkpt lat="50.5638" lon="3.75275">
        <name>X</name>
      </trkpt>
      <trkpt lat="50.56406" lon="3.75336">
        <name>X</name>
      </trkpt>
      <trkpt lat="50.56419" lon="3.7535">
        <name>X</name>
      </trkpt>
      <trkpt lat="50.5643" lon="3.75361">
        <name>X</name>
      </trkpt>
      <trkpt lat="50.56462" lon="3.75383">
        <name>X</name>
      </trkpt>
      <trkpt lat="50.56477" lon="3.75398">
        <name>X</name>
      </trkpt>
      <trkpt lat="50.56503" lon="3.75445">
        <name>X</name>
      </trkpt>
      <trkpt lat="50.56513" lon="3.7546">
        <name>X</name>
      </trkpt>
      <trkpt lat="50.56554" lon="3.75501">
        <name>X</name>
      </trkpt>
      <trkpt lat="50.56573" lon="3.75526">
        <name>X</name>
      </trkpt>
      <trkpt lat="50.56588" lon="3.75533">
        <name>X</name>
      </trkpt>
      <trkpt lat="50.56601" lon="3.75529">
        <name>X</name>
      </trkpt>
      <trkpt lat="50.56601" lon="3.75529">
        <name>X</name>
      </trkpt>
      <trkpt lat="50.56631" lon="3.75492">
        <name>X</name>
      </trkpt>
      <trkpt lat="50.56653" lon="3.75481">
        <name>X</name>
      </trkpt>
      <trkpt lat="50.56664" lon="3.75477">
        <name>X</name>
      </trkpt>
      <trkpt lat="50.56678" lon="3.75462">
        <name>X</name>
      </trkpt>
      <trkpt lat="50.56711" lon="3.75413">
        <name>X</name>
      </trkpt>
      <trkpt lat="50.56711" lon="3.75413">
        <name>X</name>
      </trkpt>
      <trkpt lat="50.56721" lon="3.75428">
        <name>X</name>
      </trkpt>
      <trkpt lat="50.56769" lon="3.75546">
        <name>X</name>
      </trkpt>
      <trkpt lat="50.56807" lon="3.75653">
        <name>X</name>
      </trkpt>
      <trkpt lat="50.56861" lon="3.75762">
        <name>X</name>
      </trkpt>
      <trkpt lat="50.56893" lon="3.75825">
        <name>X</name>
      </trkpt>
      <trkpt lat="50.56923" lon="3.75866">
        <name>X</name>
      </trkpt>
      <trkpt lat="50.56945" lon="3.75887">
        <name>X</name>
      </trkpt>
      <trkpt lat="50.56958" lon="3.75898">
        <name>X</name>
      </trkpt>
      <trkpt lat="50.56979" lon="3.75913">
        <name>X</name>
      </trkpt>
      <trkpt lat="50.5703" lon="3.75943">
        <name>X</name>
      </trkpt>
      <trkpt lat="50.57048" lon="3.7596">
        <name>X</name>
      </trkpt>
      <trkpt lat="50.57191" lon="3.76132">
        <name>X</name>
      </trkpt>
      <trkpt lat="50.57224" lon="3.76164">
        <name>X</name>
      </trkpt>
      <trkpt lat="50.57254" lon="3.76185">
        <name>X</name>
      </trkpt>
      <trkpt lat="50.57279" lon="3.762">
        <name>X</name>
      </trkpt>
      <trkpt lat="50.57387" lon="3.76252">
        <name>X</name>
      </trkpt>
      <trkpt lat="50.57449" lon="3.7629">
        <name>X</name>
      </trkpt>
      <trkpt lat="50.57488" lon="3.76305">
        <name>X</name>
      </trkpt>
      <trkpt lat="50.57513" lon="3.76314">
        <name>X</name>
      </trkpt>
      <trkpt lat="50.5755" lon="3.7632">
        <name>X</name>
      </trkpt>
      <trkpt lat="50.57567" lon="3.76327">
        <name>X</name>
      </trkpt>
      <trkpt lat="50.57627" lon="3.76368">
        <name>X</name>
      </trkpt>
      <trkpt lat="50.57655" lon="3.76389">
        <name>X</name>
      </trkpt>
      <trkpt lat="50.57655" lon="3.76389">
        <name>X</name>
      </trkpt>
      <trkpt lat="50.57674" lon="3.76398">
        <name>X</name>
      </trkpt>
      <trkpt lat="50.5773" lon="3.7641">
        <name>X</name>
      </trkpt>
      <trkpt lat="50.57751" lon="3.76419">
        <name>X</name>
      </trkpt>
      <trkpt lat="50.57751" lon="3.76419">
        <name>X</name>
      </trkpt>
      <trkpt lat="50.57803" lon="3.76453">
        <name>X</name>
      </trkpt>
      <trkpt lat="50.57869" lon="3.76483">
        <name>X</name>
      </trkpt>
      <trkpt lat="50.57996" lon="3.76537">
        <name>X</name>
      </trkpt>
      <trkpt lat="50.58136" lon="3.76627">
        <name>X</name>
      </trkpt>
      <trkpt lat="50.58395" lon="3.76782">
        <name>X</name>
      </trkpt>
      <trkpt lat="50.58395" lon="3.76782">
        <name>X</name>
      </trkpt>
      <trkpt lat="50.58442" lon="3.76814">
        <name>X</name>
      </trkpt>
      <trkpt lat="50.58457" lon="3.76829">
        <name>X</name>
      </trkpt>
      <trkpt lat="50.58477" lon="3.76846">
        <name>X</name>
      </trkpt>
      <trkpt lat="50.5856" lon="3.76938">
        <name>X</name>
      </trkpt>
      <trkpt lat="50.58678" lon="3.77046">
        <name>X</name>
      </trkpt>
      <trkpt lat="50.58998" lon="3.77264">
        <name>X</name>
      </trkpt>
      <trkpt lat="50.59097" lon="3.77314">
        <name>X</name>
      </trkpt>
      <trkpt lat="50.59163" lon="3.77338">
        <name>X</name>
      </trkpt>
      <trkpt lat="50.5929" lon="3.77376">
        <name>X</name>
      </trkpt>
      <trkpt lat="50.59309" lon="3.77376">
        <name>X</name>
      </trkpt>
      <trkpt lat="50.59326" lon="3.77374">
        <name>X</name>
      </trkpt>
      <trkpt lat="50.59337" lon="3.77372">
        <name>X</name>
      </trkpt>
      <trkpt lat="50.59359" lon="3.77363">
        <name>X</name>
      </trkpt>
      <trkpt lat="50.59618" lon="3.77232">
        <name>X</name>
      </trkpt>
      <trkpt lat="50.59638" lon="3.77228">
        <name>X</name>
      </trkpt>
      <trkpt lat="50.5967" lon="3.77228">
        <name>X</name>
      </trkpt>
      <trkpt lat="50.59841" lon="3.77267">
        <name>X</name>
      </trkpt>
      <trkpt lat="50.59908" lon="3.77294">
        <name>X</name>
      </trkpt>
      <trkpt lat="50.59955" lon="3.77322">
        <name>X</name>
      </trkpt>
      <trkpt lat="50.60195" lon="3.77511">
        <name>X</name>
      </trkpt>
      <trkpt lat="50.60344" lon="3.77597">
        <name>X</name>
      </trkpt>
      <trkpt lat="50.60361" lon="3.77612">
        <name>X</name>
      </trkpt>
      <trkpt lat="50.60393" lon="3.77638">
        <name>X</name>
      </trkpt>
      <trkpt lat="50.60537" lon="3.77775">
        <name>X</name>
      </trkpt>
      <trkpt lat="50.60638" lon="3.77868">
        <name>X</name>
      </trkpt>
      <trkpt lat="50.61277" lon="3.78625">
        <name>X</name>
      </trkpt>
      <trkpt lat="50.61283" lon="3.78629">
        <name>X</name>
      </trkpt>
      <trkpt lat="50.61288" lon="3.78627">
        <name>X</name>
      </trkpt>
      <trkpt lat="50.61292" lon="3.78621">
        <name>X</name>
      </trkpt>
      <trkpt lat="50.61294" lon="3.78612">
        <name>X</name>
      </trkpt>
      <trkpt lat="50.61296" lon="3.78604">
        <name>X</name>
      </trkpt>
      <trkpt lat="50.61296" lon="3.78535">
        <name>X</name>
      </trkpt>
      <trkpt lat="50.61298" lon="3.78516">
        <name>X</name>
      </trkpt>
      <trkpt lat="50.61309" lon="3.7847">
        <name>X</name>
      </trkpt>
      <trkpt lat="50.61343" lon="3.78346">
        <name>X</name>
      </trkpt>
      <trkpt lat="50.61343" lon="3.78346">
        <name>X</name>
      </trkpt>
      <trkpt lat="50.61352" lon="3.78282">
        <name>X</name>
      </trkpt>
      <trkpt lat="50.61363" lon="3.78228">
        <name>X</name>
      </trkpt>
      <trkpt lat="50.61369" lon="3.78202">
        <name>X</name>
      </trkpt>
      <trkpt lat="50.61476" lon="3.77964">
        <name>X</name>
      </trkpt>
      <trkpt lat="50.61513" lon="3.77859">
        <name>X</name>
      </trkpt>
      <trkpt lat="50.61522" lon="3.77829">
        <name>X</name>
      </trkpt>
      <trkpt lat="50.6153" lon="3.77799">
        <name>X</name>
      </trkpt>
      <trkpt lat="50.61562" lon="3.77625">
        <name>X</name>
      </trkpt>
      <trkpt lat="50.61573" lon="3.77565">
        <name>X</name>
      </trkpt>
      <trkpt lat="50.61573" lon="3.77565">
        <name>X</name>
      </trkpt>
      <trkpt lat="50.61612" lon="3.77395">
        <name>X</name>
      </trkpt>
      <trkpt lat="50.61631" lon="3.77335">
        <name>X</name>
      </trkpt>
      <trkpt lat="50.6165" lon="3.77277">
        <name>X</name>
      </trkpt>
      <trkpt lat="50.61659" lon="3.77258">
        <name>X</name>
      </trkpt>
      <trkpt lat="50.61676" lon="3.77222">
        <name>X</name>
      </trkpt>
      <trkpt lat="50.61773" lon="3.77037">
        <name>X</name>
      </trkpt>
      <trkpt lat="50.61777" lon="3.77022">
        <name>X</name>
      </trkpt>
      <trkpt lat="50.61783" lon="3.77018">
        <name>X</name>
      </trkpt>
      <trkpt lat="50.61786" lon="3.77013">
        <name>X</name>
      </trkpt>
      <trkpt lat="50.61786" lon="3.77013">
        <name>X</name>
      </trkpt>
      <trkpt lat="50.61783" lon="3.77003">
        <name>X</name>
      </trkpt>
      <trkpt lat="50.61809" lon="3.7693">
        <name>X</name>
      </trkpt>
      <trkpt lat="50.61856" lon="3.7682">
        <name>X</name>
      </trkpt>
      <trkpt lat="50.61856" lon="3.7682">
        <name>X</name>
      </trkpt>
      <trkpt lat="50.61876" lon="3.76788">
        <name>X</name>
      </trkpt>
      <trkpt lat="50.61897" lon="3.7676">
        <name>X</name>
      </trkpt>
      <trkpt lat="50.61916" lon="3.76734">
        <name>X</name>
      </trkpt>
      <trkpt lat="50.61925" lon="3.76715">
        <name>X</name>
      </trkpt>
      <trkpt lat="50.61942" lon="3.76681">
        <name>X</name>
      </trkpt>
      <trkpt lat="50.61942" lon="3.76681">
        <name>X</name>
      </trkpt>
      <trkpt lat="50.61979" lon="3.76597">
        <name>X</name>
      </trkpt>
      <trkpt lat="50.62013" lon="3.7646">
        <name>X</name>
      </trkpt>
      <trkpt lat="50.62043" lon="3.76342">
        <name>X</name>
      </trkpt>
      <trkpt lat="50.62054" lon="3.76365">
        <name>X</name>
      </trkpt>
      <trkpt lat="50.62062" lon="3.76385">
        <name>X</name>
      </trkpt>
      <trkpt lat="50.62092" lon="3.76471">
        <name>X</name>
      </trkpt>
      <trkpt lat="50.62101" lon="3.7649">
        <name>X</name>
      </trkpt>
      <trkpt lat="50.62101" lon="3.7649">
        <name>X</name>
      </trkpt>
      <trkpt lat="50.62127" lon="3.76541">
        <name>X</name>
      </trkpt>
      <trkpt lat="50.62212" lon="3.76687">
        <name>X</name>
      </trkpt>
      <trkpt lat="50.6223" lon="3.76711">
        <name>X</name>
      </trkpt>
      <trkpt lat="50.62363" lon="3.76812">
        <name>X</name>
      </trkpt>
      <trkpt lat="50.62369" lon="3.76816">
        <name>X</name>
      </trkpt>
      <trkpt lat="50.62369" lon="3.76816">
        <name>X</name>
      </trkpt>
      <trkpt lat="50.62429" lon="3.76876">
        <name>X</name>
      </trkpt>
      <trkpt lat="50.6253" lon="3.76998">
        <name>X</name>
      </trkpt>
      <trkpt lat="50.62609" lon="3.77101">
        <name>X</name>
      </trkpt>
      <trkpt lat="50.62644" lon="3.77151">
        <name>X</name>
      </trkpt>
      <trkpt lat="50.62648" lon="3.77168">
        <name>X</name>
      </trkpt>
      <trkpt lat="50.6265" lon="3.77219">
        <name>X</name>
      </trkpt>
      <trkpt lat="50.62652" lon="3.77234">
        <name>X</name>
      </trkpt>
      <trkpt lat="50.62648" lon="3.77234">
        <name>X</name>
      </trkpt>
      <trkpt lat="50.62642" lon="3.77245">
        <name>X</name>
      </trkpt>
      <trkpt lat="50.62644" lon="3.7726">
        <name>X</name>
      </trkpt>
      <trkpt lat="50.62646" lon="3.77264">
        <name>X</name>
      </trkpt>
      <trkpt lat="50.62646" lon="3.77264">
        <name>X</name>
      </trkpt>
      <trkpt lat="50.62654" lon="3.77267">
        <name>X</name>
      </trkpt>
      <trkpt lat="50.62663" lon="3.77256">
        <name>X</name>
      </trkpt>
      <trkpt lat="50.62663" lon="3.77243">
        <name>X</name>
      </trkpt>
      <trkpt lat="50.62689" lon="3.77234">
        <name>X</name>
      </trkpt>
      <trkpt lat="50.62693" lon="3.77234">
        <name>X</name>
      </trkpt>
      <trkpt lat="50.62706" lon="3.77239">
        <name>X</name>
      </trkpt>
      <trkpt lat="50.62712" lon="3.77243">
        <name>X</name>
      </trkpt>
      <trkpt lat="50.62749" lon="3.77284">
        <name>X</name>
      </trkpt>
      <trkpt lat="50.62753" lon="3.77288">
        <name>X</name>
      </trkpt>
      <trkpt lat="50.62755" lon="3.77325">
        <name>X</name>
      </trkpt>
      <trkpt lat="50.62732" lon="3.77468">
        <name>X</name>
      </trkpt>
      <trkpt lat="50.62732" lon="3.77481">
        <name>X</name>
      </trkpt>
      <trkpt lat="50.62732" lon="3.77486">
        <name>X</name>
      </trkpt>
      <trkpt lat="50.62738" lon="3.77503">
        <name>X</name>
      </trkpt>
      <trkpt lat="50.6274" lon="3.77507">
        <name>X</name>
      </trkpt>
      <trkpt lat="50.62755" lon="3.77511">
        <name>X</name>
      </trkpt>
      <trkpt lat="50.6276" lon="3.77509">
        <name>X</name>
      </trkpt>
      <trkpt lat="50.6276" lon="3.77509">
        <name>X</name>
      </trkpt>
      <trkpt lat="50.6276" lon="3.775">
        <name>X</name>
      </trkpt>
      <trkpt lat="50.6276" lon="3.775">
        <name>X</name>
      </trkpt>
      <trkpt lat="50.62766" lon="3.77498">
        <name>X</name>
      </trkpt>
      <trkpt lat="50.62783" lon="3.77453">
        <name>X</name>
      </trkpt>
      <trkpt lat="50.62788" lon="3.77443">
        <name>X</name>
      </trkpt>
      <trkpt lat="50.628" lon="3.77417">
        <name>X</name>
      </trkpt>
      <trkpt lat="50.62818" lon="3.77378">
        <name>X</name>
      </trkpt>
      <trkpt lat="50.63041" lon="3.77662">
        <name>X</name>
      </trkpt>
      <trkpt lat="50.63054" lon="3.77679">
        <name>X</name>
      </trkpt>
      <trkpt lat="50.63054" lon="3.77679">
        <name>X</name>
      </trkpt>
      <trkpt lat="50.6306" lon="3.77685">
        <name>X</name>
      </trkpt>
      <trkpt lat="50.63069" lon="3.77685">
        <name>X</name>
      </trkpt>
      <trkpt lat="50.63075" lon="3.77683">
        <name>X</name>
      </trkpt>
      <trkpt lat="50.63088" lon="3.77711">
        <name>X</name>
      </trkpt>
      <trkpt lat="50.63105" lon="3.77743">
        <name>X</name>
      </trkpt>
      <trkpt lat="50.63197" lon="3.77657">
        <name>X</name>
      </trkpt>
      <trkpt lat="50.63223" lon="3.77625">
        <name>X</name>
      </trkpt>
      <trkpt lat="50.63283" lon="3.77752">
        <name>X</name>
      </trkpt>
      <trkpt lat="50.63288" lon="3.77756">
        <name>X</name>
      </trkpt>
      <trkpt lat="50.63292" lon="3.77845">
        <name>X</name>
      </trkpt>
      <trkpt lat="50.63294" lon="3.77932">
        <name>X</name>
      </trkpt>
      <trkpt lat="50.63288" lon="3.77949">
        <name>X</name>
      </trkpt>
      <trkpt lat="50.63285" lon="3.77955">
        <name>X</name>
      </trkpt>
      <trkpt lat="50.63262" lon="3.7799">
        <name>X</name>
      </trkpt>
      <trkpt lat="50.63225" lon="3.78043">
        <name>X</name>
      </trkpt>
      <trkpt lat="50.63348" lon="3.78361">
        <name>X</name>
      </trkpt>
      <trkpt lat="50.63352" lon="3.78367">
        <name>X</name>
      </trkpt>
      <trkpt lat="50.63466" lon="3.78408">
        <name>X</name>
      </trkpt>
      <trkpt lat="50.63545" lon="3.78436">
        <name>X</name>
      </trkpt>
      <trkpt lat="50.63545" lon="3.78436">
        <name>X</name>
      </trkpt>
      <trkpt lat="50.63596" lon="3.78464">
        <name>X</name>
      </trkpt>
      <trkpt lat="50.63618" lon="3.78481">
        <name>X</name>
      </trkpt>
      <trkpt lat="50.6365" lon="3.78505">
        <name>X</name>
      </trkpt>
      <trkpt lat="50.63695" lon="3.7855">
        <name>X</name>
      </trkpt>
      <trkpt lat="50.63732" lon="3.78588">
        <name>X</name>
      </trkpt>
      <trkpt lat="50.63757" lon="3.78631">
        <name>X</name>
      </trkpt>
      <trkpt lat="50.63764" lon="3.78644">
        <name>X</name>
      </trkpt>
      <trkpt lat="50.63772" lon="3.78685">
        <name>X</name>
      </trkpt>
      <trkpt lat="50.63775" lon="3.78689">
        <name>X</name>
      </trkpt>
      <trkpt lat="50.63785" lon="3.78694">
        <name>X</name>
      </trkpt>
      <trkpt lat="50.63807" lon="3.78711">
        <name>X</name>
      </trkpt>
      <trkpt lat="50.63886" lon="3.78842">
        <name>X</name>
      </trkpt>
      <trkpt lat="50.6389" lon="3.78848">
        <name>X</name>
      </trkpt>
      <trkpt lat="50.63895" lon="3.78865">
        <name>X</name>
      </trkpt>
      <trkpt lat="50.63899" lon="3.78874">
        <name>X</name>
      </trkpt>
      <trkpt lat="50.63923" lon="3.78895">
        <name>X</name>
      </trkpt>
      <trkpt lat="50.63931" lon="3.78902">
        <name>X</name>
      </trkpt>
      <trkpt lat="50.63944" lon="3.78936">
        <name>X</name>
      </trkpt>
      <trkpt lat="50.63946" lon="3.7894">
        <name>X</name>
      </trkpt>
      <trkpt lat="50.63972" lon="3.78983">
        <name>X</name>
      </trkpt>
      <trkpt lat="50.63998" lon="3.79026">
        <name>X</name>
      </trkpt>
      <trkpt lat="50.64013" lon="3.7905">
        <name>X</name>
      </trkpt>
      <trkpt lat="50.64034" lon="3.79082">
        <name>X</name>
      </trkpt>
      <trkpt lat="50.64103" lon="3.79172">
        <name>X</name>
      </trkpt>
      <trkpt lat="50.64129" lon="3.79206">
        <name>X</name>
      </trkpt>
      <trkpt lat="50.64586" lon="3.79766">
        <name>X</name>
      </trkpt>
      <trkpt lat="50.64652" lon="3.79846">
        <name>X</name>
      </trkpt>
      <trkpt lat="50.64702" lon="3.79887">
        <name>X</name>
      </trkpt>
      <trkpt lat="50.64753" lon="3.7993">
        <name>X</name>
      </trkpt>
      <trkpt lat="50.64815" lon="3.7999">
        <name>X</name>
      </trkpt>
      <trkpt lat="50.64837" lon="3.80009">
        <name>X</name>
      </trkpt>
      <trkpt lat="50.64897" lon="3.80078">
        <name>X</name>
      </trkpt>
      <trkpt lat="50.64918" lon="3.80106">
        <name>X</name>
      </trkpt>
      <trkpt lat="50.64918" lon="3.80106">
        <name>X</name>
      </trkpt>
      <trkpt lat="50.6495" lon="3.80151">
        <name>X</name>
      </trkpt>
      <trkpt lat="50.6495" lon="3.80151">
        <name>X</name>
      </trkpt>
      <trkpt lat="50.65068" lon="3.80357">
        <name>X</name>
      </trkpt>
      <trkpt lat="50.65101" lon="3.80419">
        <name>X</name>
      </trkpt>
      <trkpt lat="50.65122" lon="3.80462">
        <name>X</name>
      </trkpt>
      <trkpt lat="50.65122" lon="3.80462">
        <name>X</name>
      </trkpt>
      <trkpt lat="50.65144" lon="3.80492">
        <name>X</name>
      </trkpt>
      <trkpt lat="50.65167" lon="3.80537">
        <name>X</name>
      </trkpt>
      <trkpt lat="50.65182" lon="3.80569">
        <name>X</name>
      </trkpt>
      <trkpt lat="50.65208" lon="3.80595">
        <name>X</name>
      </trkpt>
      <trkpt lat="50.65232" lon="3.80614">
        <name>X</name>
      </trkpt>
      <trkpt lat="50.6526" lon="3.80627">
        <name>X</name>
      </trkpt>
      <trkpt lat="50.6527" lon="3.80633">
        <name>X</name>
      </trkpt>
      <trkpt lat="50.65292" lon="3.8064">
        <name>X</name>
      </trkpt>
      <trkpt lat="50.65324" lon="3.80657">
        <name>X</name>
      </trkpt>
      <trkpt lat="50.6533" lon="3.80663">
        <name>X</name>
      </trkpt>
      <trkpt lat="50.65339" lon="3.80683">
        <name>X</name>
      </trkpt>
      <trkpt lat="50.65339" lon="3.80683">
        <name>X</name>
      </trkpt>
      <trkpt lat="50.65373" lon="3.80704">
        <name>X</name>
      </trkpt>
      <trkpt lat="50.65695" lon="3.80994">
        <name>X</name>
      </trkpt>
      <trkpt lat="50.65725" lon="3.81028">
        <name>X</name>
      </trkpt>
      <trkpt lat="50.65774" lon="3.81092">
        <name>X</name>
      </trkpt>
      <trkpt lat="50.65804" lon="3.81144">
        <name>X</name>
      </trkpt>
      <trkpt lat="50.66058" lon="3.81616">
        <name>X</name>
      </trkpt>
      <trkpt lat="50.66064" lon="3.81629">
        <name>X</name>
      </trkpt>
      <trkpt lat="50.66219" lon="3.81674">
        <name>X</name>
      </trkpt>
      <trkpt lat="50.66285" lon="3.81693">
        <name>X</name>
      </trkpt>
      <trkpt lat="50.66294" lon="3.81704">
        <name>X</name>
      </trkpt>
      <trkpt lat="50.66298" lon="3.8171">
        <name>X</name>
      </trkpt>
      <trkpt lat="50.66298" lon="3.81719">
        <name>X</name>
      </trkpt>
      <trkpt lat="50.66307" lon="3.81726">
        <name>X</name>
      </trkpt>
      <trkpt lat="50.66307" lon="3.81726">
        <name>X</name>
      </trkpt>
      <trkpt lat="50.66311" lon="3.81726">
        <name>X</name>
      </trkpt>
      <trkpt lat="50.66315" lon="3.81719">
        <name>X</name>
      </trkpt>
      <trkpt lat="50.66315" lon="3.81715">
        <name>X</name>
      </trkpt>
      <trkpt lat="50.66324" lon="3.81713">
        <name>X</name>
      </trkpt>
      <trkpt lat="50.66339" lon="3.81713">
        <name>X</name>
      </trkpt>
      <trkpt lat="50.66448" lon="3.81745">
        <name>X</name>
      </trkpt>
      <trkpt lat="50.66485" lon="3.81756">
        <name>X</name>
      </trkpt>
      <trkpt lat="50.66532" lon="3.81758">
        <name>X</name>
      </trkpt>
      <trkpt lat="50.66556" lon="3.81756">
        <name>X</name>
      </trkpt>
      <trkpt lat="50.66648" lon="3.81706">
        <name>X</name>
      </trkpt>
      <trkpt lat="50.6668" lon="3.81691">
        <name>X</name>
      </trkpt>
      <trkpt lat="50.6668" lon="3.81691">
        <name>X</name>
      </trkpt>
      <trkpt lat="50.66708" lon="3.81691">
        <name>X</name>
      </trkpt>
      <trkpt lat="50.66759" lon="3.8171">
        <name>X</name>
      </trkpt>
      <trkpt lat="50.66785" lon="3.81741">
        <name>X</name>
      </trkpt>
      <trkpt lat="50.66933" lon="3.81966">
        <name>X</name>
      </trkpt>
      <trkpt lat="50.66963" lon="3.82047">
        <name>X</name>
      </trkpt>
      <trkpt lat="50.66968" lon="3.82067">
        <name>X</name>
      </trkpt>
      <trkpt lat="50.66974" lon="3.8209">
        <name>X</name>
      </trkpt>
      <trkpt lat="50.6698" lon="3.82131">
        <name>X</name>
      </trkpt>
      <trkpt lat="50.66985" lon="3.82168">
        <name>X</name>
      </trkpt>
      <trkpt lat="50.66985" lon="3.82206">
        <name>X</name>
      </trkpt>
      <trkpt lat="50.66982" lon="3.82273">
        <name>X</name>
      </trkpt>
      <trkpt lat="50.66985" lon="3.82324">
        <name>X</name>
      </trkpt>
      <trkpt lat="50.66987" lon="3.82339">
        <name>X</name>
      </trkpt>
      <trkpt lat="50.66987" lon="3.82339">
        <name>X</name>
      </trkpt>
      <trkpt lat="50.66998" lon="3.82378">
        <name>X</name>
      </trkpt>
      <trkpt lat="50.67036" lon="3.82477">
        <name>X</name>
      </trkpt>
      <trkpt lat="50.6707" lon="3.82571">
        <name>X</name>
      </trkpt>
      <trkpt lat="50.67103" lon="3.82683">
        <name>X</name>
      </trkpt>
      <trkpt lat="50.67116" lon="3.8273">
        <name>X</name>
      </trkpt>
      <trkpt lat="50.67116" lon="3.8273">
        <name>X</name>
      </trkpt>
      <trkpt lat="50.67135" lon="3.82828">
        <name>X</name>
      </trkpt>
      <trkpt lat="50.67223" lon="3.83331">
        <name>X</name>
      </trkpt>
      <trkpt lat="50.67236" lon="3.83408">
        <name>X</name>
      </trkpt>
      <trkpt lat="50.67257" lon="3.83453">
        <name>X</name>
      </trkpt>
      <trkpt lat="50.67276" lon="3.83485">
        <name>X</name>
      </trkpt>
      <trkpt lat="50.67276" lon="3.83485">
        <name>X</name>
      </trkpt>
      <trkpt lat="50.67294" lon="3.83506">
        <name>X</name>
      </trkpt>
      <trkpt lat="50.67512" lon="3.83728">
        <name>X</name>
      </trkpt>
      <trkpt lat="50.67682" lon="3.83904">
        <name>X</name>
      </trkpt>
      <trkpt lat="50.67796" lon="3.84017">
        <name>X</name>
      </trkpt>
      <trkpt lat="50.68038" lon="3.84262">
        <name>X</name>
      </trkpt>
      <trkpt lat="50.68259" lon="3.84489">
        <name>X</name>
      </trkpt>
      <trkpt lat="50.68268" lon="3.84494">
        <name>X</name>
      </trkpt>
      <trkpt lat="50.68836" lon="3.85101">
        <name>X</name>
      </trkpt>
      <trkpt lat="50.68888" lon="3.85154">
        <name>X</name>
      </trkpt>
      <trkpt lat="50.68942" lon="3.85208">
        <name>X</name>
      </trkpt>
      <trkpt lat="50.68954" lon="3.85221">
        <name>X</name>
      </trkpt>
      <trkpt lat="50.69139" lon="3.85376">
        <name>X</name>
      </trkpt>
      <trkpt lat="50.69178" lon="3.85408">
        <name>X</name>
      </trkpt>
      <trkpt lat="50.69186" lon="3.85421">
        <name>X</name>
      </trkpt>
      <trkpt lat="50.69188" lon="3.85427">
        <name>X</name>
      </trkpt>
      <trkpt lat="50.69188" lon="3.85442">
        <name>X</name>
      </trkpt>
      <trkpt lat="50.69188" lon="3.85448">
        <name>X</name>
      </trkpt>
      <trkpt lat="50.69195" lon="3.85461">
        <name>X</name>
      </trkpt>
      <trkpt lat="50.69199" lon="3.85466">
        <name>X</name>
      </trkpt>
      <trkpt lat="50.69208" lon="3.85466">
        <name>X</name>
      </trkpt>
      <trkpt lat="50.69214" lon="3.85461">
        <name>X</name>
      </trkpt>
      <trkpt lat="50.69231" lon="3.85444">
        <name>X</name>
      </trkpt>
      <trkpt lat="50.69233" lon="3.8544">
        <name>X</name>
      </trkpt>
      <trkpt lat="50.69401" lon="3.85294">
        <name>X</name>
      </trkpt>
      <trkpt lat="50.69448" lon="3.85253">
        <name>X</name>
      </trkpt>
      <trkpt lat="50.70066" lon="3.84695">
        <name>X</name>
      </trkpt>
      <trkpt lat="50.70098" lon="3.84667">
        <name>X</name>
      </trkpt>
      <trkpt lat="50.70178" lon="3.84594">
        <name>X</name>
      </trkpt>
      <trkpt lat="50.70231" lon="3.84545">
        <name>X</name>
      </trkpt>
      <trkpt lat="50.70231" lon="3.84545">
        <name>X</name>
      </trkpt>
      <trkpt lat="50.70296" lon="3.84474">
        <name>X</name>
      </trkpt>
      <trkpt lat="50.70356" lon="3.84418">
        <name>X</name>
      </trkpt>
      <trkpt lat="50.70426" lon="3.84361">
        <name>X</name>
      </trkpt>
      <trkpt lat="50.70444" lon="3.84348">
        <name>X</name>
      </trkpt>
      <trkpt lat="50.70469" lon="3.84333">
        <name>X</name>
      </trkpt>
      <trkpt lat="50.70641" lon="3.84242">
        <name>X</name>
      </trkpt>
      <trkpt lat="50.70656" lon="3.84234">
        <name>X</name>
      </trkpt>
      <trkpt lat="50.70753" lon="3.84167">
        <name>X</name>
      </trkpt>
      <trkpt lat="50.70757" lon="3.84165">
        <name>X</name>
      </trkpt>
      <trkpt lat="50.70881" lon="3.84124">
        <name>X</name>
      </trkpt>
      <trkpt lat="50.7089" lon="3.84122">
        <name>X</name>
      </trkpt>
      <trkpt lat="50.70903" lon="3.84122">
        <name>X</name>
      </trkpt>
      <trkpt lat="50.70911" lon="3.84124">
        <name>X</name>
      </trkpt>
      <trkpt lat="50.70914" lon="3.84131">
        <name>X</name>
      </trkpt>
      <trkpt lat="50.7092" lon="3.84131">
        <name>X</name>
      </trkpt>
      <trkpt lat="50.70924" lon="3.84124">
        <name>X</name>
      </trkpt>
      <trkpt lat="50.70929" lon="3.8412">
        <name>X</name>
      </trkpt>
      <trkpt lat="50.70931" lon="3.84114">
        <name>X</name>
      </trkpt>
      <trkpt lat="50.70937" lon="3.8409">
        <name>X</name>
      </trkpt>
      <trkpt lat="50.70937" lon="3.8409">
        <name>X</name>
      </trkpt>
      <trkpt lat="50.70946" lon="3.84077">
        <name>X</name>
      </trkpt>
      <trkpt lat="50.70989" lon="3.83968">
        <name>X</name>
      </trkpt>
      <trkpt lat="50.70995" lon="3.83953">
        <name>X</name>
      </trkpt>
      <trkpt lat="50.71006" lon="3.83912">
        <name>X</name>
      </trkpt>
      <trkpt lat="50.71014" lon="3.83878">
        <name>X</name>
      </trkpt>
      <trkpt lat="50.71025" lon="3.83813">
        <name>X</name>
      </trkpt>
      <trkpt lat="50.71029" lon="3.83773">
        <name>X</name>
      </trkpt>
      <trkpt lat="50.71042" lon="3.83751">
        <name>X</name>
      </trkpt>
      <trkpt lat="50.71055" lon="3.83734">
        <name>X</name>
      </trkpt>
      <trkpt lat="50.71107" lon="3.83682">
        <name>X</name>
      </trkpt>
      <trkpt lat="50.71143" lon="3.83646">
        <name>X</name>
      </trkpt>
      <trkpt lat="50.71178" lon="3.83719">
        <name>X</name>
      </trkpt>
      <trkpt lat="50.71182" lon="3.83725">
        <name>X</name>
      </trkpt>
      <trkpt lat="50.71428" lon="3.83803">
        <name>X</name>
      </trkpt>
      <trkpt lat="50.7148" lon="3.83809">
        <name>X</name>
      </trkpt>
      <trkpt lat="50.71667" lon="3.83901">
        <name>X</name>
      </trkpt>
      <trkpt lat="50.71686" lon="3.8391">
        <name>X</name>
      </trkpt>
      <trkpt lat="50.71742" lon="3.83921">
        <name>X</name>
      </trkpt>
      <trkpt lat="50.71765" lon="3.83925">
        <name>X</name>
      </trkpt>
      <trkpt lat="50.71765" lon="3.83925">
        <name>X</name>
      </trkpt>
      <trkpt lat="50.71817" lon="3.83951">
        <name>X</name>
      </trkpt>
      <trkpt lat="50.71928" lon="3.84017">
        <name>X</name>
      </trkpt>
      <trkpt lat="50.71993" lon="3.84056">
        <name>X</name>
      </trkpt>
      <trkpt lat="50.72032" lon="3.84099">
        <name>X</name>
      </trkpt>
      <trkpt lat="50.72044" lon="3.8412">
        <name>X</name>
      </trkpt>
      <trkpt lat="50.72044" lon="3.8412">
        <name>X</name>
      </trkpt>
      <trkpt lat="50.72115" lon="3.84249">
        <name>X</name>
      </trkpt>
      <trkpt lat="50.72154" lon="3.84328">
        <name>X</name>
      </trkpt>
      <trkpt lat="50.72177" lon="3.84384">
        <name>X</name>
      </trkpt>
      <trkpt lat="50.72177" lon="3.84384">
        <name>X</name>
      </trkpt>
      <trkpt lat="50.72186" lon="3.84412">
        <name>X</name>
      </trkpt>
      <trkpt lat="50.72186" lon="3.84412">
        <name>X</name>
      </trkpt>
      <trkpt lat="50.7219" lon="3.84455">
        <name>X</name>
      </trkpt>
      <trkpt lat="50.72208" lon="3.84558">
        <name>X</name>
      </trkpt>
      <trkpt lat="50.72222" lon="3.84635">
        <name>X</name>
      </trkpt>
      <trkpt lat="50.7227" lon="3.8483">
        <name>X</name>
      </trkpt>
      <trkpt lat="50.7231" lon="3.85">
        <name>X</name>
      </trkpt>
      <trkpt lat="50.72323" lon="3.85041">
        <name>X</name>
      </trkpt>
      <trkpt lat="50.72336" lon="3.85073">
        <name>X</name>
      </trkpt>
      <trkpt lat="50.72499" lon="3.85298">
        <name>X</name>
      </trkpt>
      <trkpt lat="50.72594" lon="3.85429">
        <name>X</name>
      </trkpt>
      <trkpt lat="50.72594" lon="3.85429">
        <name>X</name>
      </trkpt>
      <trkpt lat="50.72611" lon="3.85448">
        <name>X</name>
      </trkpt>
      <trkpt lat="50.72637" lon="3.85468">
        <name>X</name>
      </trkpt>
      <trkpt lat="50.72664" lon="3.85483">
        <name>X</name>
      </trkpt>
      <trkpt lat="50.72692" lon="3.85489">
        <name>X</name>
      </trkpt>
      <trkpt lat="50.72714" lon="3.85494">
        <name>X</name>
      </trkpt>
      <trkpt lat="50.72791" lon="3.85494">
        <name>X</name>
      </trkpt>
      <trkpt lat="50.72815" lon="3.85502">
        <name>X</name>
      </trkpt>
      <trkpt lat="50.72815" lon="3.85502">
        <name>X</name>
      </trkpt>
      <trkpt lat="50.7283" lon="3.85468">
        <name>X</name>
      </trkpt>
      <trkpt lat="50.72931" lon="3.85363">
        <name>X</name>
      </trkpt>
      <trkpt lat="50.72937" lon="3.85356">
        <name>X</name>
      </trkpt>
      <trkpt lat="50.72982" lon="3.85305">
        <name>X</name>
      </trkpt>
      <trkpt lat="50.73031" lon="3.85255">
        <name>X</name>
      </trkpt>
      <trkpt lat="50.73081" lon="3.85367">
        <name>X</name>
      </trkpt>
      <trkpt lat="50.73092" lon="3.85395">
        <name>X</name>
      </trkpt>
      <trkpt lat="50.73092" lon="3.85395">
        <name>X</name>
      </trkpt>
      <trkpt lat="50.73117" lon="3.85466">
        <name>X</name>
      </trkpt>
      <trkpt lat="50.73162" lon="3.85609">
        <name>X</name>
      </trkpt>
      <trkpt lat="50.73171" lon="3.85637">
        <name>X</name>
      </trkpt>
      <trkpt lat="50.73199" lon="3.85697">
        <name>X</name>
      </trkpt>
      <trkpt lat="50.73261" lon="3.85841">
        <name>X</name>
      </trkpt>
      <trkpt lat="50.73261" lon="3.85848">
        <name>X</name>
      </trkpt>
      <trkpt lat="50.73261" lon="3.85858">
        <name>X</name>
      </trkpt>
      <trkpt lat="50.7325" lon="3.85916">
        <name>X</name>
      </trkpt>
      <trkpt lat="50.73252" lon="3.85923">
        <name>X</name>
      </trkpt>
      <trkpt lat="50.73252" lon="3.85923">
        <name>X</name>
      </trkpt>
      <trkpt lat="50.73298" lon="3.85976">
        <name>X</name>
      </trkpt>
      <trkpt lat="50.73334" lon="3.86026">
        <name>X</name>
      </trkpt>
      <trkpt lat="50.73345" lon="3.86045">
        <name>X</name>
      </trkpt>
      <trkpt lat="50.73379" lon="3.86157">
        <name>X</name>
      </trkpt>
      <trkpt lat="50.73388" lon="3.86197">
        <name>X</name>
      </trkpt>
      <trkpt lat="50.73394" lon="3.8621">
        <name>X</name>
      </trkpt>
      <trkpt lat="50.73403" lon="3.86221">
        <name>X</name>
      </trkpt>
      <trkpt lat="50.73403" lon="3.86221">
        <name>X</name>
      </trkpt>
      <trkpt lat="50.73411" lon="3.86227">
        <name>X</name>
      </trkpt>
      <trkpt lat="50.73474" lon="3.86242">
        <name>X</name>
      </trkpt>
      <trkpt lat="50.73501" lon="3.86247">
        <name>X</name>
      </trkpt>
      <trkpt lat="50.73757" lon="3.86272">
        <name>X</name>
      </trkpt>
      <trkpt lat="50.73761" lon="3.86272">
        <name>X</name>
      </trkpt>
      <trkpt lat="50.73778" lon="3.86279">
        <name>X</name>
      </trkpt>
      <trkpt lat="50.73793" lon="3.86285">
        <name>X</name>
      </trkpt>
      <trkpt lat="50.73842" lon="3.86318">
        <name>X</name>
      </trkpt>
      <trkpt lat="50.73847" lon="3.86322">
        <name>X</name>
      </trkpt>
      <trkpt lat="50.73888" lon="3.86408">
        <name>X</name>
      </trkpt>
      <trkpt lat="50.73978" lon="3.86551">
        <name>X</name>
      </trkpt>
      <trkpt lat="50.73978" lon="3.86551">
        <name>X</name>
      </trkpt>
      <trkpt lat="50.73993" lon="3.86609">
        <name>X</name>
      </trkpt>
      <trkpt lat="50.74001" lon="3.86629">
        <name>X</name>
      </trkpt>
      <trkpt lat="50.7401" lon="3.86644">
        <name>X</name>
      </trkpt>
      <trkpt lat="50.74021" lon="3.86652">
        <name>X</name>
      </trkpt>
      <trkpt lat="50.74038" lon="3.86659">
        <name>X</name>
      </trkpt>
      <trkpt lat="50.74106" lon="3.86665">
        <name>X</name>
      </trkpt>
      <trkpt lat="50.74117" lon="3.86667">
        <name>X</name>
      </trkpt>
      <trkpt lat="50.74117" lon="3.86667">
        <name>X</name>
      </trkpt>
      <trkpt lat="50.74162" lon="3.86695">
        <name>X</name>
      </trkpt>
      <trkpt lat="50.74162" lon="3.86695">
        <name>X</name>
      </trkpt>
      <trkpt lat="50.74194" lon="3.86734">
        <name>X</name>
      </trkpt>
      <trkpt lat="50.7421" lon="3.8676">
        <name>X</name>
      </trkpt>
      <trkpt lat="50.74218" lon="3.8677">
        <name>X</name>
      </trkpt>
      <trkpt lat="50.74257" lon="3.86781">
        <name>X</name>
      </trkpt>
      <trkpt lat="50.74267" lon="3.86787">
        <name>X</name>
      </trkpt>
      <trkpt lat="50.74289" lon="3.86813">
        <name>X</name>
      </trkpt>
      <trkpt lat="50.74304" lon="3.86835">
        <name>X</name>
      </trkpt>
      <trkpt lat="50.74345" lon="3.86899">
        <name>X</name>
      </trkpt>
      <trkpt lat="50.74403" lon="3.86976">
        <name>X</name>
      </trkpt>
      <trkpt lat="50.74403" lon="3.86976">
        <name>X</name>
      </trkpt>
      <trkpt lat="50.74458" lon="3.87021">
        <name>X</name>
      </trkpt>
      <trkpt lat="50.74458" lon="3.87021">
        <name>X</name>
      </trkpt>
      <trkpt lat="50.74497" lon="3.87073">
        <name>X</name>
      </trkpt>
      <trkpt lat="50.7454" lon="3.87107">
        <name>X</name>
      </trkpt>
      <trkpt lat="50.74546" lon="3.87116">
        <name>X</name>
      </trkpt>
      <trkpt lat="50.74557" lon="3.87137">
        <name>X</name>
      </trkpt>
      <trkpt lat="50.74594" lon="3.87232">
        <name>X</name>
      </trkpt>
      <trkpt lat="50.74641" lon="3.87324">
        <name>X</name>
      </trkpt>
      <trkpt lat="50.74763" lon="3.87496">
        <name>X</name>
      </trkpt>
      <trkpt lat="50.7477" lon="3.87502">
        <name>X</name>
      </trkpt>
      <trkpt lat="50.74778" lon="3.87504">
        <name>X</name>
      </trkpt>
      <trkpt lat="50.74778" lon="3.87504">
        <name>X</name>
      </trkpt>
      <trkpt lat="50.74795" lon="3.875">
        <name>X</name>
      </trkpt>
      <trkpt lat="50.74812" lon="3.87502">
        <name>X</name>
      </trkpt>
      <trkpt lat="50.74821" lon="3.87508">
        <name>X</name>
      </trkpt>
      <trkpt lat="50.7483" lon="3.87519">
        <name>X</name>
      </trkpt>
      <trkpt lat="50.7486" lon="3.87562">
        <name>X</name>
      </trkpt>
      <trkpt lat="50.74948" lon="3.87656">
        <name>X</name>
      </trkpt>
      <trkpt lat="50.74971" lon="3.87676">
        <name>X</name>
      </trkpt>
      <trkpt lat="50.74971" lon="3.87676">
        <name>X</name>
      </trkpt>
      <trkpt lat="50.74988" lon="3.87699">
        <name>X</name>
      </trkpt>
      <trkpt lat="50.75145" lon="3.8798">
        <name>X</name>
      </trkpt>
      <trkpt lat="50.75147" lon="3.87985">
        <name>X</name>
      </trkpt>
      <trkpt lat="50.75347" lon="3.88169">
        <name>X</name>
      </trkpt>
      <trkpt lat="50.75353" lon="3.88176">
        <name>X</name>
      </trkpt>
      <trkpt lat="50.7536" lon="3.8818">
        <name>X</name>
      </trkpt>
      <trkpt lat="50.75366" lon="3.88182">
        <name>X</name>
      </trkpt>
      <trkpt lat="50.75366" lon="3.88182">
        <name>X</name>
      </trkpt>
      <trkpt lat="50.7537" lon="3.88169">
        <name>X</name>
      </trkpt>
      <trkpt lat="50.7537" lon="3.88169">
        <name>X</name>
      </trkpt>
      <trkpt lat="50.75375" lon="3.88133">
        <name>X</name>
      </trkpt>
      <trkpt lat="50.75388" lon="3.88071">
        <name>X</name>
      </trkpt>
      <trkpt lat="50.75398" lon="3.88038">
        <name>X</name>
      </trkpt>
      <trkpt lat="50.7551" lon="3.87811">
        <name>X</name>
      </trkpt>
      <trkpt lat="50.75533" lon="3.8777">
        <name>X</name>
      </trkpt>
      <trkpt lat="50.75585" lon="3.87839">
        <name>X</name>
      </trkpt>
      <trkpt lat="50.75606" lon="3.87867">
        <name>X</name>
      </trkpt>
      <trkpt lat="50.75606" lon="3.87867">
        <name>X</name>
      </trkpt>
      <trkpt lat="50.75634" lon="3.87892">
        <name>X</name>
      </trkpt>
      <trkpt lat="50.75709" lon="3.87946">
        <name>X</name>
      </trkpt>
      <trkpt lat="50.75756" lon="3.87993">
        <name>X</name>
      </trkpt>
      <trkpt lat="50.76003" lon="3.88279">
        <name>X</name>
      </trkpt>
      <trkpt lat="50.76018" lon="3.88296">
        <name>X</name>
      </trkpt>
      <trkpt lat="50.76018" lon="3.88296">
        <name>X</name>
      </trkpt>
      <trkpt lat="50.76038" lon="3.88311">
        <name>X</name>
      </trkpt>
      <trkpt lat="50.76078" lon="3.88328">
        <name>X</name>
      </trkpt>
      <trkpt lat="50.761" lon="3.88337">
        <name>X</name>
      </trkpt>
      <trkpt lat="50.76151" lon="3.8838">
        <name>X</name>
      </trkpt>
      <trkpt lat="50.76203" lon="3.8842">
        <name>X</name>
      </trkpt>
      <trkpt lat="50.76246" lon="3.88425">
        <name>X</name>
      </trkpt>
      <trkpt lat="50.76256" lon="3.88431">
        <name>X</name>
      </trkpt>
      <trkpt lat="50.76269" lon="3.8845">
        <name>X</name>
      </trkpt>
      <trkpt lat="50.76289" lon="3.88485">
        <name>X</name>
      </trkpt>
      <trkpt lat="50.76289" lon="3.88485">
        <name>X</name>
      </trkpt>
      <trkpt lat="50.7634" lon="3.88549">
        <name>X</name>
      </trkpt>
      <trkpt lat="50.7643" lon="3.88674">
        <name>X</name>
      </trkpt>
      <trkpt lat="50.76441" lon="3.88686">
        <name>X</name>
      </trkpt>
      <trkpt lat="50.76482" lon="3.88716">
        <name>X</name>
      </trkpt>
      <trkpt lat="50.76518" lon="3.88746">
        <name>X</name>
      </trkpt>
      <trkpt lat="50.76587" lon="3.88813">
        <name>X</name>
      </trkpt>
      <trkpt lat="50.76611" lon="3.88834">
        <name>X</name>
      </trkpt>
      <trkpt lat="50.76611" lon="3.88834">
        <name>X</name>
      </trkpt>
      <trkpt lat="50.76615" lon="3.88802">
        <name>X</name>
      </trkpt>
      <trkpt lat="50.76623" lon="3.88779">
        <name>X</name>
      </trkpt>
      <trkpt lat="50.76634" lon="3.88753">
        <name>X</name>
      </trkpt>
      <trkpt lat="50.76634" lon="3.88753">
        <name>X</name>
      </trkpt>
      <trkpt lat="50.76645" lon="3.88738">
        <name>X</name>
      </trkpt>
      <trkpt lat="50.76645" lon="3.88738">
        <name>X</name>
      </trkpt>
      <trkpt lat="50.76666" lon="3.88716">
        <name>X</name>
      </trkpt>
      <trkpt lat="50.76673" lon="3.88714">
        <name>X</name>
      </trkpt>
      <trkpt lat="50.76679" lon="3.88708">
        <name>X</name>
      </trkpt>
      <trkpt lat="50.76724" lon="3.88689">
        <name>X</name>
      </trkpt>
      <trkpt lat="50.76748" lon="3.8868">
        <name>X</name>
      </trkpt>
      <trkpt lat="50.76748" lon="3.8868">
        <name>X</name>
      </trkpt>
      <trkpt lat="50.76892" lon="3.88658">
        <name>X</name>
      </trkpt>
      <trkpt lat="50.76986" lon="3.88637">
        <name>X</name>
      </trkpt>
      <trkpt lat="50.77001" lon="3.88635">
        <name>X</name>
      </trkpt>
      <trkpt lat="50.77077" lon="3.88635">
        <name>X</name>
      </trkpt>
      <trkpt lat="50.77089" lon="3.88631">
        <name>X</name>
      </trkpt>
      <trkpt lat="50.77096" lon="3.88626">
        <name>X</name>
      </trkpt>
      <trkpt lat="50.77102" lon="3.8862">
        <name>X</name>
      </trkpt>
      <trkpt lat="50.7711" lon="3.88601">
        <name>X</name>
      </trkpt>
      <trkpt lat="50.77113" lon="3.8859">
        <name>X</name>
      </trkpt>
      <trkpt lat="50.77113" lon="3.88586">
        <name>X</name>
      </trkpt>
      <trkpt lat="50.7711" lon="3.88568">
        <name>X</name>
      </trkpt>
      <trkpt lat="50.77102" lon="3.88549">
        <name>X</name>
      </trkpt>
      <trkpt lat="50.77093" lon="3.8854">
        <name>X</name>
      </trkpt>
      <trkpt lat="50.77085" lon="3.88538">
        <name>X</name>
      </trkpt>
      <trkpt lat="50.77074" lon="3.88536">
        <name>X</name>
      </trkpt>
      <trkpt lat="50.77001" lon="3.88551">
        <name>X</name>
      </trkpt>
      <trkpt lat="50.77003" lon="3.88543">
        <name>X</name>
      </trkpt>
      <trkpt lat="50.77003" lon="3.88543">
        <name>X</name>
      </trkpt>
      <trkpt lat="50.77016" lon="3.88532">
        <name>X</name>
      </trkpt>
      <trkpt lat="50.77068" lon="3.88508">
        <name>X</name>
      </trkpt>
      <trkpt lat="50.77089" lon="3.885">
        <name>X</name>
      </trkpt>
      <trkpt lat="50.77145" lon="3.88487">
        <name>X</name>
      </trkpt>
      <trkpt lat="50.77164" lon="3.88461">
        <name>X</name>
      </trkpt>
      <trkpt lat="50.77241" lon="3.88498">
        <name>X</name>
      </trkpt>
      <trkpt lat="50.77248" lon="3.88502">
        <name>X</name>
      </trkpt>
      <trkpt lat="50.77248" lon="3.88502">
        <name>X</name>
      </trkpt>
      <trkpt lat="50.77252" lon="3.88506">
        <name>X</name>
      </trkpt>
      <trkpt lat="50.77261" lon="3.88534">
        <name>X</name>
      </trkpt>
      <trkpt lat="50.77265" lon="3.8854">
        <name>X</name>
      </trkpt>
      <trkpt lat="50.77314" lon="3.88601">
        <name>X</name>
      </trkpt>
      <trkpt lat="50.77347" lon="3.88639">
        <name>X</name>
      </trkpt>
      <trkpt lat="50.77366" lon="3.88652">
        <name>X</name>
      </trkpt>
      <trkpt lat="50.7739" lon="3.88684">
        <name>X</name>
      </trkpt>
      <trkpt lat="50.77368" lon="3.88704">
        <name>X</name>
      </trkpt>
      <trkpt lat="50.77357" lon="3.88719">
        <name>X</name>
      </trkpt>
      <trkpt lat="50.77351" lon="3.88734">
        <name>X</name>
      </trkpt>
      <trkpt lat="50.77347" lon="3.88742">
        <name>X</name>
      </trkpt>
      <trkpt lat="50.77344" lon="3.88755">
        <name>X</name>
      </trkpt>
      <trkpt lat="50.77338" lon="3.88766">
        <name>X</name>
      </trkpt>
      <trkpt lat="50.7731" lon="3.88789">
        <name>X</name>
      </trkpt>
      <trkpt lat="50.77304" lon="3.88792">
        <name>X</name>
      </trkpt>
      <trkpt lat="50.77267" lon="3.88787">
        <name>X</name>
      </trkpt>
      <trkpt lat="50.77259" lon="3.88792">
        <name>X</name>
      </trkpt>
      <trkpt lat="50.77239" lon="3.88837">
        <name>X</name>
      </trkpt>
      <trkpt lat="50.77235" lon="3.88843">
        <name>X</name>
      </trkpt>
      <trkpt lat="50.77177" lon="3.88813">
        <name>X</name>
      </trkpt>
      <trkpt lat="50.77171" lon="3.88811">
        <name>X</name>
      </trkpt>
      <trkpt lat="50.7716" lon="3.8882">
        <name>X</name>
      </trkpt>
      <trkpt lat="50.77143" lon="3.88884">
        <name>X</name>
      </trkpt>
      <trkpt lat="50.77143" lon="3.88884">
        <name>X</name>
      </trkpt>
      <trkpt lat="50.77145" lon="3.8889">
        <name>X</name>
      </trkpt>
      <trkpt lat="50.77179" lon="3.88925">
        <name>X</name>
      </trkpt>
      <trkpt lat="50.77184" lon="3.88933">
        <name>X</name>
      </trkpt>
      <trkpt lat="50.77209" lon="3.8895">
        <name>X</name>
      </trkpt>
      <trkpt lat="50.77214" lon="3.88952">
        <name>X</name>
      </trkpt>
      <trkpt lat="50.77207" lon="3.88978">
        <name>X</name>
      </trkpt>
      <trkpt lat="50.77207" lon="3.88991">
        <name>X</name>
      </trkpt>
      <trkpt lat="50.77209" lon="3.89">
        <name>X</name>
      </trkpt>
      <trkpt lat="50.77222" lon="3.8901">
        <name>X</name>
      </trkpt>
      <trkpt lat="50.77235" lon="3.8907">
        <name>X</name>
      </trkpt>
      <trkpt lat="50.77237" lon="3.89075">
        <name>X</name>
      </trkpt>
      <trkpt lat="50.77261" lon="3.89101">
        <name>X</name>
      </trkpt>
      <trkpt lat="50.77272" lon="3.89101">
        <name>X</name>
      </trkpt>
      <trkpt lat="50.77276" lon="3.89098">
        <name>X</name>
      </trkpt>
      <trkpt lat="50.77284" lon="3.8909">
        <name>X</name>
      </trkpt>
      <trkpt lat="50.77299" lon="3.89062">
        <name>X</name>
      </trkpt>
      <trkpt lat="50.7731" lon="3.89049">
        <name>X</name>
      </trkpt>
      <trkpt lat="50.77327" lon="3.89088">
        <name>X</name>
      </trkpt>
      <trkpt lat="50.77344" lon="3.89118">
        <name>X</name>
      </trkpt>
      <trkpt lat="50.77377" lon="3.89158">
        <name>X</name>
      </trkpt>
      <trkpt lat="50.77385" lon="3.89169">
        <name>X</name>
      </trkpt>
      <trkpt lat="50.77411" lon="3.89191">
        <name>X</name>
      </trkpt>
      <trkpt lat="50.7742" lon="3.89197">
        <name>X</name>
      </trkpt>
      <trkpt lat="50.7742" lon="3.89225">
        <name>X</name>
      </trkpt>
      <trkpt lat="50.7742" lon="3.89292">
        <name>X</name>
      </trkpt>
      <trkpt lat="50.77424" lon="3.89304">
        <name>X</name>
      </trkpt>
      <trkpt lat="50.77439" lon="3.89364">
        <name>X</name>
      </trkpt>
      <trkpt lat="50.7749" lon="3.89706">
        <name>X</name>
      </trkpt>
      <trkpt lat="50.77514" lon="3.89852">
        <name>X</name>
      </trkpt>
      <trkpt lat="50.77525" lon="3.89886">
        <name>X</name>
      </trkpt>
      <trkpt lat="50.77538" lon="3.89918">
        <name>X</name>
      </trkpt>
      <trkpt lat="50.77538" lon="3.89918">
        <name>X</name>
      </trkpt>
      <trkpt lat="50.77576" lon="3.89978">
        <name>X</name>
      </trkpt>
      <trkpt lat="50.77617" lon="3.90032">
        <name>X</name>
      </trkpt>
      <trkpt lat="50.7766" lon="3.901">
        <name>X</name>
      </trkpt>
      <trkpt lat="50.77842" lon="3.90459">
        <name>X</name>
      </trkpt>
      <trkpt lat="50.7787" lon="3.90532">
        <name>X</name>
      </trkpt>
      <trkpt lat="50.77881" lon="3.90549">
        <name>X</name>
      </trkpt>
      <trkpt lat="50.77889" lon="3.90566">
        <name>X</name>
      </trkpt>
      <trkpt lat="50.77924" lon="3.90611">
        <name>X</name>
      </trkpt>
      <trkpt lat="50.77934" lon="3.90633">
        <name>X</name>
      </trkpt>
      <trkpt lat="50.77934" lon="3.90633">
        <name>X</name>
      </trkpt>
      <trkpt lat="50.77956" lon="3.90682">
        <name>X</name>
      </trkpt>
      <trkpt lat="50.7798" lon="3.90755">
        <name>X</name>
      </trkpt>
      <trkpt lat="50.78001" lon="3.90822">
        <name>X</name>
      </trkpt>
      <trkpt lat="50.78044" lon="3.90933">
        <name>X</name>
      </trkpt>
      <trkpt lat="50.78057" lon="3.90961">
        <name>X</name>
      </trkpt>
      <trkpt lat="50.78057" lon="3.90961">
        <name>X</name>
      </trkpt>
      <trkpt lat="50.78083" lon="3.91004">
        <name>X</name>
      </trkpt>
      <trkpt lat="50.78156" lon="3.91096">
        <name>X</name>
      </trkpt>
      <trkpt lat="50.78164" lon="3.91105">
        <name>X</name>
      </trkpt>
      <trkpt lat="50.78192" lon="3.91113">
        <name>X</name>
      </trkpt>
      <trkpt lat="50.78203" lon="3.91115">
        <name>X</name>
      </trkpt>
      <trkpt lat="50.78252" lon="3.91143">
        <name>X</name>
      </trkpt>
      <trkpt lat="50.78265" lon="3.91143">
        <name>X</name>
      </trkpt>
      <trkpt lat="50.78316" lon="3.91246">
        <name>X</name>
      </trkpt>
      <trkpt lat="50.78321" lon="3.91255">
        <name>X</name>
      </trkpt>
      <trkpt lat="50.78374" lon="3.91343">
        <name>X</name>
      </trkpt>
      <trkpt lat="50.78385" lon="3.91362">
        <name>X</name>
      </trkpt>
      <trkpt lat="50.78464" lon="3.91484">
        <name>X</name>
      </trkpt>
      <trkpt lat="50.78494" lon="3.91534">
        <name>X</name>
      </trkpt>
      <trkpt lat="50.78494" lon="3.91534">
        <name>X</name>
      </trkpt>
      <trkpt lat="50.78548" lon="3.91641">
        <name>X</name>
      </trkpt>
      <trkpt lat="50.78576" lon="3.91731">
        <name>X</name>
      </trkpt>
      <trkpt lat="50.7858" lon="3.91763">
        <name>X</name>
      </trkpt>
      <trkpt lat="50.78589" lon="3.91778">
        <name>X</name>
      </trkpt>
      <trkpt lat="50.78608" lon="3.91815">
        <name>X</name>
      </trkpt>
      <trkpt lat="50.78728" lon="3.92014">
        <name>X</name>
      </trkpt>
      <trkpt lat="50.78756" lon="3.92062">
        <name>X</name>
      </trkpt>
      <trkpt lat="50.78784" lon="3.92128">
        <name>X</name>
      </trkpt>
      <trkpt lat="50.78797" lon="3.92154">
        <name>X</name>
      </trkpt>
      <trkpt lat="50.78806" lon="3.92167">
        <name>X</name>
      </trkpt>
      <trkpt lat="50.78829" lon="3.92195">
        <name>X</name>
      </trkpt>
      <trkpt lat="50.78855" lon="3.92218">
        <name>X</name>
      </trkpt>
      <trkpt lat="50.78913" lon="3.92274">
        <name>X</name>
      </trkpt>
      <trkpt lat="50.78967" lon="3.9233">
        <name>X</name>
      </trkpt>
      <trkpt lat="50.79001" lon="3.92377">
        <name>X</name>
      </trkpt>
      <trkpt lat="50.79001" lon="3.92377">
        <name>X</name>
      </trkpt>
      <trkpt lat="50.79018" lon="3.92409">
        <name>X</name>
      </trkpt>
      <trkpt lat="50.79035" lon="3.9245">
        <name>X</name>
      </trkpt>
      <trkpt lat="50.79068" lon="3.92532">
        <name>X</name>
      </trkpt>
      <trkpt lat="50.79068" lon="3.92532">
        <name>X</name>
      </trkpt>
      <trkpt lat="50.79085" lon="3.92566">
        <name>X</name>
      </trkpt>
      <trkpt lat="50.79125" lon="3.92628">
        <name>X</name>
      </trkpt>
      <trkpt lat="50.79136" lon="3.92648">
        <name>X</name>
      </trkpt>
      <trkpt lat="50.79155" lon="3.92695">
        <name>X</name>
      </trkpt>
      <trkpt lat="50.79173" lon="3.92744">
        <name>X</name>
      </trkpt>
      <trkpt lat="50.79179" lon="3.92774">
        <name>X</name>
      </trkpt>
      <trkpt lat="50.79179" lon="3.92813">
        <name>X</name>
      </trkpt>
      <trkpt lat="50.79164" lon="3.92942">
        <name>X</name>
      </trkpt>
      <trkpt lat="50.79162" lon="3.93044">
        <name>X</name>
      </trkpt>
      <trkpt lat="50.79175" lon="3.936">
        <name>X</name>
      </trkpt>
      <trkpt lat="50.79179" lon="3.93652">
        <name>X</name>
      </trkpt>
      <trkpt lat="50.79334" lon="3.94134">
        <name>X</name>
      </trkpt>
      <trkpt lat="50.79338" lon="3.9415">
        <name>X</name>
      </trkpt>
      <trkpt lat="50.79338" lon="3.9415">
        <name>X</name>
      </trkpt>
      <trkpt lat="50.79346" lon="3.94184">
        <name>X</name>
      </trkpt>
      <trkpt lat="50.79355" lon="3.94265">
        <name>X</name>
      </trkpt>
      <trkpt lat="50.79364" lon="3.94315">
        <name>X</name>
      </trkpt>
      <trkpt lat="50.79449" lon="3.94671">
        <name>X</name>
      </trkpt>
      <trkpt lat="50.79477" lon="3.94768">
        <name>X</name>
      </trkpt>
      <trkpt lat="50.79507" lon="3.94941">
        <name>X</name>
      </trkpt>
      <trkpt lat="50.79512" lon="3.94988">
        <name>X</name>
      </trkpt>
      <trkpt lat="50.79507" lon="3.95044">
        <name>X</name>
      </trkpt>
      <trkpt lat="50.79507" lon="3.95051">
        <name>X</name>
      </trkpt>
      <trkpt lat="50.79499" lon="3.95068">
        <name>X</name>
      </trkpt>
      <trkpt lat="50.79494" lon="3.95083">
        <name>X</name>
      </trkpt>
      <trkpt lat="50.79494" lon="3.95128">
        <name>X</name>
      </trkpt>
      <trkpt lat="50.79494" lon="3.95141">
        <name>X</name>
      </trkpt>
      <trkpt lat="50.79507" lon="3.95173">
        <name>X</name>
      </trkpt>
      <trkpt lat="50.79512" lon="3.95186">
        <name>X</name>
      </trkpt>
      <trkpt lat="50.79518" lon="3.95375">
        <name>X</name>
      </trkpt>
      <trkpt lat="50.79522" lon="3.95467">
        <name>X</name>
      </trkpt>
      <trkpt lat="50.79548" lon="3.95613">
        <name>X</name>
      </trkpt>
      <trkpt lat="50.79552" lon="3.95643">
        <name>X</name>
      </trkpt>
      <trkpt lat="50.79552" lon="3.95643">
        <name>X</name>
      </trkpt>
      <trkpt lat="50.79557" lon="3.95716">
        <name>X</name>
      </trkpt>
      <trkpt lat="50.79565" lon="3.95791">
        <name>X</name>
      </trkpt>
      <trkpt lat="50.7957" lon="3.95819">
        <name>X</name>
      </trkpt>
      <trkpt lat="50.7957" lon="3.95819">
        <name>X</name>
      </trkpt>
      <trkpt lat="50.79608" lon="3.95928">
        <name>X</name>
      </trkpt>
      <trkpt lat="50.79623" lon="3.95984">
        <name>X</name>
      </trkpt>
      <trkpt lat="50.79642" lon="3.96051">
        <name>X</name>
      </trkpt>
      <trkpt lat="50.7967" lon="3.96162">
        <name>X</name>
      </trkpt>
      <trkpt lat="50.79683" lon="3.96212">
        <name>X</name>
      </trkpt>
      <trkpt lat="50.797" lon="3.96261">
        <name>X</name>
      </trkpt>
      <trkpt lat="50.7972" lon="3.96312">
        <name>X</name>
      </trkpt>
      <trkpt lat="50.79737" lon="3.96342">
        <name>X</name>
      </trkpt>
      <trkpt lat="50.7975" lon="3.96362">
        <name>X</name>
      </trkpt>
      <trkpt lat="50.79769" lon="3.96383">
        <name>X</name>
      </trkpt>
      <trkpt lat="50.79786" lon="3.96396">
        <name>X</name>
      </trkpt>
      <trkpt lat="50.80024" lon="3.96501">
        <name>X</name>
      </trkpt>
      <trkpt lat="50.80052" lon="3.96516">
        <name>X</name>
      </trkpt>
      <trkpt lat="50.80142" lon="3.96596">
        <name>X</name>
      </trkpt>
      <trkpt lat="50.80162" lon="3.96609">
        <name>X</name>
      </trkpt>
      <trkpt lat="50.8017" lon="3.96613">
        <name>X</name>
      </trkpt>
      <trkpt lat="50.80181" lon="3.96617">
        <name>X</name>
      </trkpt>
      <trkpt lat="50.80228" lon="3.96613">
        <name>X</name>
      </trkpt>
      <trkpt lat="50.80239" lon="3.96613">
        <name>X</name>
      </trkpt>
      <trkpt lat="50.80256" lon="3.96624">
        <name>X</name>
      </trkpt>
      <trkpt lat="50.80265" lon="3.96632">
        <name>X</name>
      </trkpt>
      <trkpt lat="50.80209" lon="3.96915">
        <name>X</name>
      </trkpt>
      <trkpt lat="50.80205" lon="3.96926">
        <name>X</name>
      </trkpt>
      <trkpt lat="50.80181" lon="3.96963">
        <name>X</name>
      </trkpt>
      <trkpt lat="50.80164" lon="3.96984">
        <name>X</name>
      </trkpt>
      <trkpt lat="50.80061" lon="3.97087">
        <name>X</name>
      </trkpt>
      <trkpt lat="50.80052" lon="3.97096">
        <name>X</name>
      </trkpt>
      <trkpt lat="50.80033" lon="3.97117">
        <name>X</name>
      </trkpt>
      <trkpt lat="50.80018" lon="3.97132">
        <name>X</name>
      </trkpt>
      <trkpt lat="50.80012" lon="3.97145">
        <name>X</name>
      </trkpt>
      <trkpt lat="50.79994" lon="3.97212">
        <name>X</name>
      </trkpt>
      <trkpt lat="50.79994" lon="3.97222">
        <name>X</name>
      </trkpt>
      <trkpt lat="50.79997" lon="3.97237">
        <name>X</name>
      </trkpt>
      <trkpt lat="50.80151" lon="3.97673">
        <name>X</name>
      </trkpt>
      <trkpt lat="50.80158" lon="3.97694">
        <name>X</name>
      </trkpt>
      <trkpt lat="50.80158" lon="3.97694">
        <name>X</name>
      </trkpt>
      <trkpt lat="50.8016" lon="3.97707">
        <name>X</name>
      </trkpt>
      <trkpt lat="50.80158" lon="3.9775">
        <name>X</name>
      </trkpt>
      <trkpt lat="50.8016" lon="3.97774">
        <name>X</name>
      </trkpt>
      <trkpt lat="50.80175" lon="3.97868">
        <name>X</name>
      </trkpt>
      <trkpt lat="50.80185" lon="3.9793">
        <name>X</name>
      </trkpt>
      <trkpt lat="50.80198" lon="3.97973">
        <name>X</name>
      </trkpt>
      <trkpt lat="50.80228" lon="3.98046">
        <name>X</name>
      </trkpt>
      <trkpt lat="50.80258" lon="3.98111">
        <name>X</name>
      </trkpt>
      <trkpt lat="50.80278" lon="3.98151">
        <name>X</name>
      </trkpt>
      <trkpt lat="50.80419" lon="3.98263">
        <name>X</name>
      </trkpt>
      <trkpt lat="50.80432" lon="3.98272">
        <name>X</name>
      </trkpt>
      <trkpt lat="50.80449" lon="3.98274">
        <name>X</name>
      </trkpt>
      <trkpt lat="50.80492" lon="3.98267">
        <name>X</name>
      </trkpt>
      <trkpt lat="50.80492" lon="3.98267">
        <name>X</name>
      </trkpt>
      <trkpt lat="50.80505" lon="3.98274">
        <name>X</name>
      </trkpt>
      <trkpt lat="50.80535" lon="3.983">
        <name>X</name>
      </trkpt>
      <trkpt lat="50.8054" lon="3.98304">
        <name>X</name>
      </trkpt>
      <trkpt lat="50.80576" lon="3.98394">
        <name>X</name>
      </trkpt>
      <trkpt lat="50.8058" lon="3.98407">
        <name>X</name>
      </trkpt>
      <trkpt lat="50.80584" lon="3.98456">
        <name>X</name>
      </trkpt>
      <trkpt lat="50.80578" lon="3.98508">
        <name>X</name>
      </trkpt>
      <trkpt lat="50.80582" lon="3.98533">
        <name>X</name>
      </trkpt>
      <trkpt lat="50.80621" lon="3.98608">
        <name>X</name>
      </trkpt>
      <trkpt lat="50.80662" lon="3.98656">
        <name>X</name>
      </trkpt>
      <trkpt lat="50.80672" lon="3.98662">
        <name>X</name>
      </trkpt>
      <trkpt lat="50.80672" lon="3.98662">
        <name>X</name>
      </trkpt>
      <trkpt lat="50.80737" lon="3.98673">
        <name>X</name>
      </trkpt>
      <trkpt lat="50.80803" lon="3.98694">
        <name>X</name>
      </trkpt>
      <trkpt lat="50.80818" lon="3.98709">
        <name>X</name>
      </trkpt>
      <trkpt lat="50.80829" lon="3.98726">
        <name>X</name>
      </trkpt>
      <trkpt lat="50.80838" lon="3.98748">
        <name>X</name>
      </trkpt>
      <trkpt lat="50.80853" lon="3.98795">
        <name>X</name>
      </trkpt>
      <trkpt lat="50.80872" lon="3.98879">
        <name>X</name>
      </trkpt>
      <trkpt lat="50.80872" lon="3.98879">
        <name>X</name>
      </trkpt>
      <trkpt lat="50.80906" lon="3.98928">
        <name>X</name>
      </trkpt>
      <trkpt lat="50.80952" lon="3.98982">
        <name>X</name>
      </trkpt>
      <trkpt lat="50.80962" lon="3.98997">
        <name>X</name>
      </trkpt>
      <trkpt lat="50.81005" lon="3.99096">
        <name>X</name>
      </trkpt>
      <trkpt lat="50.81042" lon="3.9916">
        <name>X</name>
      </trkpt>
      <trkpt lat="50.81057" lon="3.99177">
        <name>X</name>
      </trkpt>
      <trkpt lat="50.81106" lon="3.99229">
        <name>X</name>
      </trkpt>
      <trkpt lat="50.81142" lon="3.99274">
        <name>X</name>
      </trkpt>
      <trkpt lat="50.81149" lon="3.99282">
        <name>X</name>
      </trkpt>
      <trkpt lat="50.81149" lon="3.99282">
        <name>X</name>
      </trkpt>
      <trkpt lat="50.81162" lon="3.99286">
        <name>X</name>
      </trkpt>
      <trkpt lat="50.81175" lon="3.99284">
        <name>X</name>
      </trkpt>
      <trkpt lat="50.81202" lon="3.9928">
        <name>X</name>
      </trkpt>
      <trkpt lat="50.81228" lon="3.99284">
        <name>X</name>
      </trkpt>
      <trkpt lat="50.8126" lon="3.99295">
        <name>X</name>
      </trkpt>
      <trkpt lat="50.81295" lon="3.99295">
        <name>X</name>
      </trkpt>
      <trkpt lat="50.81411" lon="3.99274">
        <name>X</name>
      </trkpt>
      <trkpt lat="50.81411" lon="3.99274">
        <name>X</name>
      </trkpt>
      <trkpt lat="50.81421" lon="3.9928">
        <name>X</name>
      </trkpt>
      <trkpt lat="50.81421" lon="3.9928">
        <name>X</name>
      </trkpt>
      <trkpt lat="50.81484" lon="3.99357">
        <name>X</name>
      </trkpt>
      <trkpt lat="50.81548" lon="3.99422">
        <name>X</name>
      </trkpt>
      <trkpt lat="50.81576" lon="3.99456">
        <name>X</name>
      </trkpt>
      <trkpt lat="50.81576" lon="3.99456">
        <name>X</name>
      </trkpt>
      <trkpt lat="50.81627" lon="3.99542">
        <name>X</name>
      </trkpt>
      <trkpt lat="50.81653" lon="3.99591">
        <name>X</name>
      </trkpt>
      <trkpt lat="50.81666" lon="3.99617">
        <name>X</name>
      </trkpt>
      <trkpt lat="50.81677" lon="3.99645">
        <name>X</name>
      </trkpt>
      <trkpt lat="50.8169" lon="3.99671">
        <name>X</name>
      </trkpt>
      <trkpt lat="50.81752" lon="3.99829">
        <name>X</name>
      </trkpt>
      <trkpt lat="50.81754" lon="3.99836">
        <name>X</name>
      </trkpt>
      <trkpt lat="50.81763" lon="3.99868">
        <name>X</name>
      </trkpt>
      <trkpt lat="50.81773" lon="3.99915">
        <name>X</name>
      </trkpt>
      <trkpt lat="50.81778" lon="3.99952">
        <name>X</name>
      </trkpt>
      <trkpt lat="50.81784" lon="3.99967">
        <name>X</name>
      </trkpt>
      <trkpt lat="50.81784" lon="3.99967">
        <name>X</name>
      </trkpt>
      <trkpt lat="50.81825" lon="4.00014">
        <name>X</name>
      </trkpt>
      <trkpt lat="50.819" lon="4.00046">
        <name>X</name>
      </trkpt>
      <trkpt lat="50.81911" lon="4.00052">
        <name>X</name>
      </trkpt>
      <trkpt lat="50.81971" lon="4.0011">
        <name>X</name>
      </trkpt>
      <trkpt lat="50.82039" lon="4.00164">
        <name>X</name>
      </trkpt>
      <trkpt lat="50.82059" lon="4.00183">
        <name>X</name>
      </trkpt>
      <trkpt lat="50.82067" lon="4.00194">
        <name>X</name>
      </trkpt>
      <trkpt lat="50.82089" lon="4.00235">
        <name>X</name>
      </trkpt>
      <trkpt lat="50.82144" lon="4.00344">
        <name>X</name>
      </trkpt>
      <trkpt lat="50.8216" lon="4.00377">
        <name>X</name>
      </trkpt>
      <trkpt lat="50.82179" lon="4.00424">
        <name>X</name>
      </trkpt>
      <trkpt lat="50.82239" lon="4.0064">
        <name>X</name>
      </trkpt>
      <trkpt lat="50.82254" lon="4.00692">
        <name>X</name>
      </trkpt>
      <trkpt lat="50.82323" lon="4.00831">
        <name>X</name>
      </trkpt>
      <trkpt lat="50.82398" lon="4.01065">
        <name>X</name>
      </trkpt>
      <trkpt lat="50.82552" lon="4.01407">
        <name>X</name>
      </trkpt>
      <trkpt lat="50.82584" lon="4.01477">
        <name>X</name>
      </trkpt>
      <trkpt lat="50.82595" lon="4.01469">
        <name>X</name>
      </trkpt>
      <trkpt lat="50.82745" lon="4.01374">
        <name>X</name>
      </trkpt>
      <trkpt lat="50.8275" lon="4.01368">
        <name>X</name>
      </trkpt>
      <trkpt lat="50.82752" lon="4.01359">
        <name>X</name>
      </trkpt>
      <trkpt lat="50.82752" lon="4.01359">
        <name>X</name>
      </trkpt>
      <trkpt lat="50.82748" lon="4.01325">
        <name>X</name>
      </trkpt>
      <trkpt lat="50.8275" lon="4.01314">
        <name>X</name>
      </trkpt>
      <trkpt lat="50.82756" lon="4.01308">
        <name>X</name>
      </trkpt>
      <trkpt lat="50.82926" lon="4.01198">
        <name>X</name>
      </trkpt>
      <trkpt lat="50.82962" lon="4.01175">
        <name>X</name>
      </trkpt>
      <trkpt lat="50.82962" lon="4.01267">
        <name>X</name>
      </trkpt>
      <trkpt lat="50.82971" lon="4.01374">
        <name>X</name>
      </trkpt>
      <trkpt lat="50.83007" lon="4.01516">
        <name>X</name>
      </trkpt>
      <trkpt lat="50.8302" lon="4.01572">
        <name>X</name>
      </trkpt>
      <trkpt lat="50.83022" lon="4.016">
        <name>X</name>
      </trkpt>
      <trkpt lat="50.83018" lon="4.01707">
        <name>X</name>
      </trkpt>
      <trkpt lat="50.83018" lon="4.01707">
        <name>X</name>
      </trkpt>
      <trkpt lat="50.8302" lon="4.01737">
        <name>X</name>
      </trkpt>
      <trkpt lat="50.83026" lon="4.01769">
        <name>X</name>
      </trkpt>
      <trkpt lat="50.83033" lon="4.01799">
        <name>X</name>
      </trkpt>
      <trkpt lat="50.83033" lon="4.01799">
        <name>X</name>
      </trkpt>
      <trkpt lat="50.83061" lon="4.01868">
        <name>X</name>
      </trkpt>
      <trkpt lat="50.83097" lon="4.01932">
        <name>X</name>
      </trkpt>
      <trkpt lat="50.83104" lon="4.01949">
        <name>X</name>
      </trkpt>
      <trkpt lat="50.83119" lon="4.02048">
        <name>X</name>
      </trkpt>
      <trkpt lat="50.83127" lon="4.02078">
        <name>X</name>
      </trkpt>
      <trkpt lat="50.8325" lon="4.02316">
        <name>X</name>
      </trkpt>
      <trkpt lat="50.83278" lon="4.02366">
        <name>X</name>
      </trkpt>
      <trkpt lat="50.83303" lon="4.0243">
        <name>X</name>
      </trkpt>
      <trkpt lat="50.83305" lon="4.02441">
        <name>X</name>
      </trkpt>
      <trkpt lat="50.83365" lon="4.02576">
        <name>X</name>
      </trkpt>
      <trkpt lat="50.83426" lon="4.02724">
        <name>X</name>
      </trkpt>
      <trkpt lat="50.83503" lon="4.02653">
        <name>X</name>
      </trkpt>
      <trkpt lat="50.83563" lon="4.02619">
        <name>X</name>
      </trkpt>
      <trkpt lat="50.83563" lon="4.02628">
        <name>X</name>
      </trkpt>
      <trkpt lat="50.83578" lon="4.02683">
        <name>X</name>
      </trkpt>
      <trkpt lat="50.83592" lon="4.02674">
        <name>X</name>
      </trkpt>
      <trkpt lat="50.83649" lon="4.02636">
        <name>X</name>
      </trkpt>
      <trkpt lat="50.83655" lon="4.0263">
        <name>X</name>
      </trkpt>
      <trkpt lat="50.83677" lon="4.02612">
        <name>X</name>
      </trkpt>
      <trkpt lat="50.83795" lon="4.02464">
        <name>X</name>
      </trkpt>
      <trkpt lat="50.83825" lon="4.02426">
        <name>X</name>
      </trkpt>
      <trkpt lat="50.83932" lon="4.02256">
        <name>X</name>
      </trkpt>
      <trkpt lat="50.83938" lon="4.02248">
        <name>X</name>
      </trkpt>
      <trkpt lat="50.83958" lon="4.02237">
        <name>X</name>
      </trkpt>
      <trkpt lat="50.83962" lon="4.02233">
        <name>X</name>
      </trkpt>
      <trkpt lat="50.84104" lon="4.02164">
        <name>X</name>
      </trkpt>
      <trkpt lat="50.84125" lon="4.02153">
        <name>X</name>
      </trkpt>
      <trkpt lat="50.84155" lon="4.02134">
        <name>X</name>
      </trkpt>
      <trkpt lat="50.84164" lon="4.0213">
        <name>X</name>
      </trkpt>
      <trkpt lat="50.84164" lon="4.0213">
        <name>X</name>
      </trkpt>
      <trkpt lat="50.84189" lon="4.02123">
        <name>X</name>
      </trkpt>
      <trkpt lat="50.84391" lon="4.0211">
        <name>X</name>
      </trkpt>
      <trkpt lat="50.84453" lon="4.02106">
        <name>X</name>
      </trkpt>
      <trkpt lat="50.84672" lon="4.02108">
        <name>X</name>
      </trkpt>
      <trkpt lat="50.84679" lon="4.02108">
        <name>X</name>
      </trkpt>
      <trkpt lat="50.84711" lon="4.02112">
        <name>X</name>
      </trkpt>
      <trkpt lat="50.84719" lon="4.02115">
        <name>X</name>
      </trkpt>
      <trkpt lat="50.84837" lon="4.02149">
        <name>X</name>
      </trkpt>
      <trkpt lat="50.84863" lon="4.02158">
        <name>X</name>
      </trkpt>
      <trkpt lat="50.84956" lon="4.02175">
        <name>X</name>
      </trkpt>
      <trkpt lat="50.8502" lon="4.02177">
        <name>X</name>
      </trkpt>
      <trkpt lat="50.85955" lon="4.02132">
        <name>X</name>
      </trkpt>
      <trkpt lat="50.86121" lon="4.02123">
        <name>X</name>
      </trkpt>
      <trkpt lat="50.86148" lon="4.02119">
        <name>X</name>
      </trkpt>
      <trkpt lat="50.86176" lon="4.02112">
        <name>X</name>
      </trkpt>
      <trkpt lat="50.86318" lon="4.02054">
        <name>X</name>
      </trkpt>
      <trkpt lat="50.86462" lon="4.01988">
        <name>X</name>
      </trkpt>
      <trkpt lat="50.86462" lon="4.01988">
        <name>X</name>
      </trkpt>
      <trkpt lat="50.86599" lon="4.01915">
        <name>X</name>
      </trkpt>
      <trkpt lat="50.86754" lon="4.01827">
        <name>X</name>
      </trkpt>
      <trkpt lat="50.86822" lon="4.01795">
        <name>X</name>
      </trkpt>
      <trkpt lat="50.86882" lon="4.01771">
        <name>X</name>
      </trkpt>
      <trkpt lat="50.86947" lon="4.0175">
        <name>X</name>
      </trkpt>
      <trkpt lat="50.86964" lon="4.01748">
        <name>X</name>
      </trkpt>
      <trkpt lat="50.87015" lon="4.01754">
        <name>X</name>
      </trkpt>
      <trkpt lat="50.87052" lon="4.0175">
        <name>X</name>
      </trkpt>
      <trkpt lat="50.87063" lon="4.01746">
        <name>X</name>
      </trkpt>
      <trkpt lat="50.87071" lon="4.01774">
        <name>X</name>
      </trkpt>
      <trkpt lat="50.87076" lon="4.01782">
        <name>X</name>
      </trkpt>
      <trkpt lat="50.87099" lon="4.01814">
        <name>X</name>
      </trkpt>
      <trkpt lat="50.87112" lon="4.01823">
        <name>X</name>
      </trkpt>
      <trkpt lat="50.87142" lon="4.01827">
        <name>X</name>
      </trkpt>
      <trkpt lat="50.87166" lon="4.01816">
        <name>X</name>
      </trkpt>
      <trkpt lat="50.87181" lon="4.01823">
        <name>X</name>
      </trkpt>
      <trkpt lat="50.87219" lon="4.01859">
        <name>X</name>
      </trkpt>
      <trkpt lat="50.87236" lon="4.01857">
        <name>X</name>
      </trkpt>
      <trkpt lat="50.87305" lon="4.01838">
        <name>X</name>
      </trkpt>
      <trkpt lat="50.87305" lon="4.01838">
        <name>X</name>
      </trkpt>
      <trkpt lat="50.87322" lon="4.01836">
        <name>X</name>
      </trkpt>
      <trkpt lat="50.87354" lon="4.01842">
        <name>X</name>
      </trkpt>
      <trkpt lat="50.87367" lon="4.01844">
        <name>X</name>
      </trkpt>
      <trkpt lat="50.8738" lon="4.01853">
        <name>X</name>
      </trkpt>
      <trkpt lat="50.87389" lon="4.01861">
        <name>X</name>
      </trkpt>
      <trkpt lat="50.87389" lon="4.01861">
        <name>X</name>
      </trkpt>
      <trkpt lat="50.87414" lon="4.019">
        <name>X</name>
      </trkpt>
      <trkpt lat="50.87535" lon="4.02031">
        <name>X</name>
      </trkpt>
      <trkpt lat="50.87556" lon="4.02057">
        <name>X</name>
      </trkpt>
      <trkpt lat="50.87556" lon="4.02057">
        <name>X</name>
      </trkpt>
      <trkpt lat="50.87563" lon="4.02048">
        <name>X</name>
      </trkpt>
      <trkpt lat="50.87583" lon="4.02039">
        <name>X</name>
      </trkpt>
      <trkpt lat="50.87668" lon="4.02005">
        <name>X</name>
      </trkpt>
      <trkpt lat="50.87668" lon="4.02005">
        <name>X</name>
      </trkpt>
      <trkpt lat="50.87872" lon="4.01977">
        <name>X</name>
      </trkpt>
      <trkpt lat="50.87923" lon="4.01962">
        <name>X</name>
      </trkpt>
      <trkpt lat="50.87936" lon="4.01962">
        <name>X</name>
      </trkpt>
      <trkpt lat="50.87953" lon="4.01973">
        <name>X</name>
      </trkpt>
      <trkpt lat="50.87968" lon="4.01988">
        <name>X</name>
      </trkpt>
      <trkpt lat="50.88039" lon="4.0213">
        <name>X</name>
      </trkpt>
      <trkpt lat="50.88056" lon="4.02162">
        <name>X</name>
      </trkpt>
      <trkpt lat="50.88075" lon="4.02185">
        <name>X</name>
      </trkpt>
      <trkpt lat="50.88193" lon="4.02323">
        <name>X</name>
      </trkpt>
      <trkpt lat="50.88193" lon="4.02323">
        <name>X</name>
      </trkpt>
      <trkpt lat="50.88232" lon="4.02256">
        <name>X</name>
      </trkpt>
      <trkpt lat="50.88243" lon="4.02241">
        <name>X</name>
      </trkpt>
      <trkpt lat="50.88249" lon="4.02233">
        <name>X</name>
      </trkpt>
      <trkpt lat="50.88264" lon="4.0222">
        <name>X</name>
      </trkpt>
      <trkpt lat="50.88414" lon="4.02119">
        <name>X</name>
      </trkpt>
      <trkpt lat="50.88438" lon="4.02108">
        <name>X</name>
      </trkpt>
      <trkpt lat="50.88449" lon="4.02106">
        <name>X</name>
      </trkpt>
      <trkpt lat="50.88565" lon="4.02123">
        <name>X</name>
      </trkpt>
      <trkpt lat="50.88582" lon="4.02123">
        <name>X</name>
      </trkpt>
      <trkpt lat="50.88582" lon="4.02123">
        <name>X</name>
      </trkpt>
      <trkpt lat="50.88597" lon="4.02119">
        <name>X</name>
      </trkpt>
      <trkpt lat="50.88631" lon="4.02093">
        <name>X</name>
      </trkpt>
      <trkpt lat="50.8864" lon="4.02093">
        <name>X</name>
      </trkpt>
      <trkpt lat="50.8865" lon="4.02104">
        <name>X</name>
      </trkpt>
      <trkpt lat="50.88672" lon="4.02147">
        <name>X</name>
      </trkpt>
      <trkpt lat="50.88741" lon="4.02218">
        <name>X</name>
      </trkpt>
      <trkpt lat="50.88751" lon="4.02222">
        <name>X</name>
      </trkpt>
      <trkpt lat="50.88899" lon="4.0219">
        <name>X</name>
      </trkpt>
      <trkpt lat="50.88916" lon="4.0219">
        <name>X</name>
      </trkpt>
      <trkpt lat="50.89101" lon="4.02239">
        <name>X</name>
      </trkpt>
      <trkpt lat="50.89157" lon="4.02252">
        <name>X</name>
      </trkpt>
      <trkpt lat="50.89352" lon="4.02323">
        <name>X</name>
      </trkpt>
      <trkpt lat="50.89361" lon="4.02327">
        <name>X</name>
      </trkpt>
      <trkpt lat="50.89361" lon="4.02327">
        <name>X</name>
      </trkpt>
      <trkpt lat="50.89391" lon="4.02357">
        <name>X</name>
      </trkpt>
      <trkpt lat="50.89436" lon="4.0243">
        <name>X</name>
      </trkpt>
      <trkpt lat="50.89451" lon="4.0246">
        <name>X</name>
      </trkpt>
      <trkpt lat="50.89451" lon="4.0246">
        <name>X</name>
      </trkpt>
      <trkpt lat="50.89472" lon="4.02516">
        <name>X</name>
      </trkpt>
      <trkpt lat="50.8949" lon="4.02591">
        <name>X</name>
      </trkpt>
      <trkpt lat="50.895" lon="4.02615">
        <name>X</name>
      </trkpt>
      <trkpt lat="50.895" lon="4.02615">
        <name>X</name>
      </trkpt>
      <trkpt lat="50.89509" lon="4.02625">
        <name>X</name>
      </trkpt>
      <trkpt lat="50.89554" lon="4.02653">
        <name>X</name>
      </trkpt>
      <trkpt lat="50.89565" lon="4.02658">
        <name>X</name>
      </trkpt>
      <trkpt lat="50.89565" lon="4.02658">
        <name>X</name>
      </trkpt>
      <trkpt lat="50.89586" lon="4.02649">
        <name>X</name>
      </trkpt>
      <trkpt lat="50.89704" lon="4.02567">
        <name>X</name>
      </trkpt>
      <trkpt lat="50.89743" lon="4.02533">
        <name>X</name>
      </trkpt>
      <trkpt lat="50.89743" lon="4.02533">
        <name>X</name>
      </trkpt>
      <trkpt lat="50.89773" lon="4.02494">
        <name>X</name>
      </trkpt>
      <trkpt lat="50.89809" lon="4.02434">
        <name>X</name>
      </trkpt>
      <trkpt lat="50.89822" lon="4.02424">
        <name>X</name>
      </trkpt>
      <trkpt lat="50.89822" lon="4.02424">
        <name>X</name>
      </trkpt>
      <trkpt lat="50.89824" lon="4.02428">
        <name>X</name>
      </trkpt>
      <trkpt lat="50.89824" lon="4.02428">
        <name>X</name>
      </trkpt>
      <trkpt lat="50.89831" lon="4.02428">
        <name>X</name>
      </trkpt>
      <trkpt lat="50.90004" lon="4.0251">
        <name>X</name>
      </trkpt>
      <trkpt lat="50.90056" lon="4.02527">
        <name>X</name>
      </trkpt>
      <trkpt lat="50.90247" lon="4.0257">
        <name>X</name>
      </trkpt>
      <trkpt lat="50.90253" lon="4.02572">
        <name>X</name>
      </trkpt>
      <trkpt lat="50.90253" lon="4.02572">
        <name>X</name>
      </trkpt>
      <trkpt lat="50.90266" lon="4.0257">
        <name>X</name>
      </trkpt>
      <trkpt lat="50.90382" lon="4.02593">
        <name>X</name>
      </trkpt>
      <trkpt lat="50.90395" lon="4.02595">
        <name>X</name>
      </trkpt>
      <trkpt lat="50.90466" lon="4.02591">
        <name>X</name>
      </trkpt>
      <trkpt lat="50.90474" lon="4.02591">
        <name>X</name>
      </trkpt>
      <trkpt lat="50.90474" lon="4.02591">
        <name>X</name>
      </trkpt>
      <trkpt lat="50.90481" lon="4.02595">
        <name>X</name>
      </trkpt>
      <trkpt lat="50.90481" lon="4.02595">
        <name>X</name>
      </trkpt>
      <trkpt lat="50.90524" lon="4.0266">
        <name>X</name>
      </trkpt>
      <trkpt lat="50.90545" lon="4.02685">
        <name>X</name>
      </trkpt>
      <trkpt lat="50.90554" lon="4.0269">
        <name>X</name>
      </trkpt>
      <trkpt lat="50.90554" lon="4.0269">
        <name>X</name>
      </trkpt>
      <trkpt lat="50.90571" lon="4.02688">
        <name>X</name>
      </trkpt>
      <trkpt lat="50.90719" lon="4.02726">
        <name>X</name>
      </trkpt>
      <trkpt lat="50.90743" lon="4.02733">
        <name>X</name>
      </trkpt>
      <trkpt lat="50.90856" lon="4.02756">
        <name>X</name>
      </trkpt>
      <trkpt lat="50.90891" lon="4.02763">
        <name>X</name>
      </trkpt>
      <trkpt lat="50.9094" lon="4.02769">
        <name>X</name>
      </trkpt>
      <trkpt lat="50.90944" lon="4.02765">
        <name>X</name>
      </trkpt>
      <trkpt lat="50.90968" lon="4.02786">
        <name>X</name>
      </trkpt>
      <trkpt lat="50.90989" lon="4.02801">
        <name>X</name>
      </trkpt>
      <trkpt lat="50.91054" lon="4.0284">
        <name>X</name>
      </trkpt>
      <trkpt lat="50.91064" lon="4.02846">
        <name>X</name>
      </trkpt>
      <trkpt lat="50.91077" lon="4.02857">
        <name>X</name>
      </trkpt>
      <trkpt lat="50.9109" lon="4.02868">
        <name>X</name>
      </trkpt>
      <trkpt lat="50.913" lon="4.03121">
        <name>X</name>
      </trkpt>
      <trkpt lat="50.91303" lon="4.0313">
        <name>X</name>
      </trkpt>
      <trkpt lat="50.91303" lon="4.0313">
        <name>X</name>
      </trkpt>
      <trkpt lat="50.91333" lon="4.03164">
        <name>X</name>
      </trkpt>
      <trkpt lat="50.91343" lon="4.0317">
        <name>X</name>
      </trkpt>
      <trkpt lat="50.9135" lon="4.03175">
        <name>X</name>
      </trkpt>
      <trkpt lat="50.91352" lon="4.03179">
        <name>X</name>
      </trkpt>
      <trkpt lat="50.91354" lon="4.03188">
        <name>X</name>
      </trkpt>
      <trkpt lat="50.91346" lon="4.03224">
        <name>X</name>
      </trkpt>
      <trkpt lat="50.91346" lon="4.03235">
        <name>X</name>
      </trkpt>
      <trkpt lat="50.91348" lon="4.03248">
        <name>X</name>
      </trkpt>
      <trkpt lat="50.91352" lon="4.03252">
        <name>X</name>
      </trkpt>
      <trkpt lat="50.91358" lon="4.03254">
        <name>X</name>
      </trkpt>
      <trkpt lat="50.91369" lon="4.03254">
        <name>X</name>
      </trkpt>
      <trkpt lat="50.91371" lon="4.03258">
        <name>X</name>
      </trkpt>
      <trkpt lat="50.91376" lon="4.03258">
        <name>X</name>
      </trkpt>
      <trkpt lat="50.9138" lon="4.03295">
        <name>X</name>
      </trkpt>
      <trkpt lat="50.91382" lon="4.03299">
        <name>X</name>
      </trkpt>
      <trkpt lat="50.91391" lon="4.03419">
        <name>X</name>
      </trkpt>
      <trkpt lat="50.91395" lon="4.03484">
        <name>X</name>
      </trkpt>
      <trkpt lat="50.9141" lon="4.03537">
        <name>X</name>
      </trkpt>
      <trkpt lat="50.91416" lon="4.03554">
        <name>X</name>
      </trkpt>
      <trkpt lat="50.91434" lon="4.03587">
        <name>X</name>
      </trkpt>
      <trkpt lat="50.91453" lon="4.0361">
        <name>X</name>
      </trkpt>
      <trkpt lat="50.91519" lon="4.03675">
        <name>X</name>
      </trkpt>
      <trkpt lat="50.91534" lon="4.0369">
        <name>X</name>
      </trkpt>
      <trkpt lat="50.91554" lon="4.03715">
        <name>X</name>
      </trkpt>
      <trkpt lat="50.91573" lon="4.03745">
        <name>X</name>
      </trkpt>
      <trkpt lat="50.91637" lon="4.03799">
        <name>X</name>
      </trkpt>
      <trkpt lat="50.9165" lon="4.0381">
        <name>X</name>
      </trkpt>
      <trkpt lat="50.91657" lon="4.0382">
        <name>X</name>
      </trkpt>
      <trkpt lat="50.91663" lon="4.03833">
        <name>X</name>
      </trkpt>
      <trkpt lat="50.91663" lon="4.03833">
        <name>X</name>
      </trkpt>
      <trkpt lat="50.91665" lon="4.03842">
        <name>X</name>
      </trkpt>
      <trkpt lat="50.91665" lon="4.03868">
        <name>X</name>
      </trkpt>
      <trkpt lat="50.91659" lon="4.03932">
        <name>X</name>
      </trkpt>
      <trkpt lat="50.91667" lon="4.03971">
        <name>X</name>
      </trkpt>
      <trkpt lat="50.91665" lon="4.03984">
        <name>X</name>
      </trkpt>
      <trkpt lat="50.91616" lon="4.04039">
        <name>X</name>
      </trkpt>
      <trkpt lat="50.91612" lon="4.0405">
        <name>X</name>
      </trkpt>
      <trkpt lat="50.91614" lon="4.04078">
        <name>X</name>
      </trkpt>
      <trkpt lat="50.91614" lon="4.04095">
        <name>X</name>
      </trkpt>
      <trkpt lat="50.91614" lon="4.04095">
        <name>X</name>
      </trkpt>
      <trkpt lat="50.91586" lon="4.04205">
        <name>X</name>
      </trkpt>
      <trkpt lat="50.91582" lon="4.04209">
        <name>X</name>
      </trkpt>
      <trkpt lat="50.91577" lon="4.04218">
        <name>X</name>
      </trkpt>
      <trkpt lat="50.91569" lon="4.04258">
        <name>X</name>
      </trkpt>
      <trkpt lat="50.91571" lon="4.04265">
        <name>X</name>
      </trkpt>
      <trkpt lat="50.91545" lon="4.04385">
        <name>X</name>
      </trkpt>
      <trkpt lat="50.91536" lon="4.04428">
        <name>X</name>
      </trkpt>
      <trkpt lat="50.9153" lon="4.04443">
        <name>X</name>
      </trkpt>
      <trkpt lat="50.915" lon="4.04488">
        <name>X</name>
      </trkpt>
      <trkpt lat="50.915" lon="4.04488">
        <name>X</name>
      </trkpt>
      <trkpt lat="50.91502" lon="4.04499">
        <name>X</name>
      </trkpt>
      <trkpt lat="50.915" lon="4.04509">
        <name>X</name>
      </trkpt>
      <trkpt lat="50.91502" lon="4.04522">
        <name>X</name>
      </trkpt>
      <trkpt lat="50.91532" lon="4.0458">
        <name>X</name>
      </trkpt>
      <trkpt lat="50.91543" lon="4.04604">
        <name>X</name>
      </trkpt>
      <trkpt lat="50.91549" lon="4.04597">
        <name>X</name>
      </trkpt>
      <trkpt lat="50.91573" lon="4.04554">
        <name>X</name>
      </trkpt>
      <trkpt lat="50.91584" lon="4.04569">
        <name>X</name>
      </trkpt>
      <trkpt lat="50.9159" lon="4.04572">
        <name>X</name>
      </trkpt>
      <trkpt lat="50.91661" lon="4.04762">
        <name>X</name>
      </trkpt>
      <trkpt lat="50.91667" lon="4.04782">
        <name>X</name>
      </trkpt>
      <trkpt lat="50.91704" lon="4.04968">
        <name>X</name>
      </trkpt>
      <trkpt lat="50.91708" lon="4.04984">
        <name>X</name>
      </trkpt>
      <trkpt lat="50.91749" lon="4.0505">
        <name>X</name>
      </trkpt>
      <trkpt lat="50.91803" lon="4.05138">
        <name>X</name>
      </trkpt>
      <trkpt lat="50.91864" lon="4.05332">
        <name>X</name>
      </trkpt>
      <trkpt lat="50.91871" lon="4.0535">
        <name>X</name>
      </trkpt>
      <trkpt lat="50.91914" lon="4.05441">
        <name>X</name>
      </trkpt>
      <trkpt lat="50.91921" lon="4.05453">
        <name>X</name>
      </trkpt>
      <trkpt lat="50.91934" lon="4.05503">
        <name>X</name>
      </trkpt>
      <trkpt lat="50.91936" lon="4.05507">
        <name>X</name>
      </trkpt>
      <trkpt lat="50.91943" lon="4.05509">
        <name>X</name>
      </trkpt>
      <trkpt lat="50.91948" lon="4.05509">
        <name>X</name>
      </trkpt>
      <trkpt lat="50.91957" lon="4.05524">
        <name>X</name>
      </trkpt>
      <trkpt lat="50.91961" lon="4.05526">
        <name>X</name>
      </trkpt>
      <trkpt lat="50.92217" lon="4.05456">
        <name>X</name>
      </trkpt>
      <trkpt lat="50.92225" lon="4.05453">
        <name>X</name>
      </trkpt>
      <trkpt lat="50.92279" lon="4.05434">
        <name>X</name>
      </trkpt>
      <trkpt lat="50.92292" lon="4.05428">
        <name>X</name>
      </trkpt>
      <trkpt lat="50.92292" lon="4.05428">
        <name>X</name>
      </trkpt>
      <trkpt lat="50.923" lon="4.05421">
        <name>X</name>
      </trkpt>
      <trkpt lat="50.92365" lon="4.05318">
        <name>X</name>
      </trkpt>
      <trkpt lat="50.9238" lon="4.05301">
        <name>X</name>
      </trkpt>
      <trkpt lat="50.92622" lon="4.05149">
        <name>X</name>
      </trkpt>
      <trkpt lat="50.92624" lon="4.05144">
        <name>X</name>
      </trkpt>
      <trkpt lat="50.92639" lon="4.0516">
        <name>X</name>
      </trkpt>
      <trkpt lat="50.92648" lon="4.05162">
        <name>X</name>
      </trkpt>
      <trkpt lat="50.92648" lon="4.05162">
        <name>X</name>
      </trkpt>
      <trkpt lat="50.92687" lon="4.05138">
        <name>X</name>
      </trkpt>
      <trkpt lat="50.92689" lon="4.05132">
        <name>X</name>
      </trkpt>
      <trkpt lat="50.92704" lon="4.05117">
        <name>X</name>
      </trkpt>
      <trkpt lat="50.92704" lon="4.05117">
        <name>X</name>
      </trkpt>
      <trkpt lat="50.92796" lon="4.05101">
        <name>X</name>
      </trkpt>
      <trkpt lat="50.92837" lon="4.05091">
        <name>X</name>
      </trkpt>
      <trkpt lat="50.92848" lon="4.05086">
        <name>X</name>
      </trkpt>
      <trkpt lat="50.92848" lon="4.05086">
        <name>X</name>
      </trkpt>
      <trkpt lat="50.92856" lon="4.05082">
        <name>X</name>
      </trkpt>
      <trkpt lat="50.92878" lon="4.05059">
        <name>X</name>
      </trkpt>
      <trkpt lat="50.92893" lon="4.05046">
        <name>X</name>
      </trkpt>
      <trkpt lat="50.92903" lon="4.05044">
        <name>X</name>
      </trkpt>
      <trkpt lat="50.9291" lon="4.05039">
        <name>X</name>
      </trkpt>
      <trkpt lat="50.92918" lon="4.05014">
        <name>X</name>
      </trkpt>
      <trkpt lat="50.92923" lon="4.05007">
        <name>X</name>
      </trkpt>
      <trkpt lat="50.92987" lon="4.04934">
        <name>X</name>
      </trkpt>
      <trkpt lat="50.93004" lon="4.04921">
        <name>X</name>
      </trkpt>
      <trkpt lat="50.93015" lon="4.04917">
        <name>X</name>
      </trkpt>
      <trkpt lat="50.93105" lon="4.04885">
        <name>X</name>
      </trkpt>
      <trkpt lat="50.93148" lon="4.04874">
        <name>X</name>
      </trkpt>
      <trkpt lat="50.93161" lon="4.04863">
        <name>X</name>
      </trkpt>
      <trkpt lat="50.93161" lon="4.04863">
        <name>X</name>
      </trkpt>
      <trkpt lat="50.93191" lon="4.04861">
        <name>X</name>
      </trkpt>
      <trkpt lat="50.93249" lon="4.04846">
        <name>X</name>
      </trkpt>
      <trkpt lat="50.93257" lon="4.04842">
        <name>X</name>
      </trkpt>
      <trkpt lat="50.93262" lon="4.04838">
        <name>X</name>
      </trkpt>
      <trkpt lat="50.93283" lon="4.04823">
        <name>X</name>
      </trkpt>
      <trkpt lat="50.93343" lon="4.0475">
        <name>X</name>
      </trkpt>
      <trkpt lat="50.93365" lon="4.04724">
        <name>X</name>
      </trkpt>
      <trkpt lat="50.93423" lon="4.04681">
        <name>X</name>
      </trkpt>
      <trkpt lat="50.93472" lon="4.04645">
        <name>X</name>
      </trkpt>
      <trkpt lat="50.93478" lon="4.04636">
        <name>X</name>
      </trkpt>
      <trkpt lat="50.93485" lon="4.0463">
        <name>X</name>
      </trkpt>
      <trkpt lat="50.93504" lon="4.04595">
        <name>X</name>
      </trkpt>
      <trkpt lat="50.93517" lon="4.0458">
        <name>X</name>
      </trkpt>
      <trkpt lat="50.93532" lon="4.04606">
        <name>X</name>
      </trkpt>
      <trkpt lat="50.93536" lon="4.04608">
        <name>X</name>
      </trkpt>
      <trkpt lat="50.93536" lon="4.04608">
        <name>X</name>
      </trkpt>
      <trkpt lat="50.93543" lon="4.04604">
        <name>X</name>
      </trkpt>
      <trkpt lat="50.93571" lon="4.0455">
        <name>X</name>
      </trkpt>
      <trkpt lat="50.93577" lon="4.04546">
        <name>X</name>
      </trkpt>
      <trkpt lat="50.93644" lon="4.04542">
        <name>X</name>
      </trkpt>
      <trkpt lat="50.93654" lon="4.04537">
        <name>X</name>
      </trkpt>
      <trkpt lat="50.93665" lon="4.04522">
        <name>X</name>
      </trkpt>
      <trkpt lat="50.93674" lon="4.04503">
        <name>X</name>
      </trkpt>
      <trkpt lat="50.937" lon="4.04423">
        <name>X</name>
      </trkpt>
      <trkpt lat="50.93714" lon="4.04378">
        <name>X</name>
      </trkpt>
      <trkpt lat="50.93734" lon="4.0434">
        <name>X</name>
      </trkpt>
      <trkpt lat="50.93744" lon="4.04327">
        <name>X</name>
      </trkpt>
      <trkpt lat="50.93792" lon="4.04316">
        <name>X</name>
      </trkpt>
      <trkpt lat="50.9383" lon="4.04312">
        <name>X</name>
      </trkpt>
      <trkpt lat="50.93852" lon="4.04318">
        <name>X</name>
      </trkpt>
      <trkpt lat="50.93871" lon="4.04327">
        <name>X</name>
      </trkpt>
      <trkpt lat="50.93893" lon="4.04344">
        <name>X</name>
      </trkpt>
      <trkpt lat="50.93908" lon="4.04359">
        <name>X</name>
      </trkpt>
      <trkpt lat="50.93923" lon="4.04366">
        <name>X</name>
      </trkpt>
      <trkpt lat="50.93931" lon="4.04368">
        <name>X</name>
      </trkpt>
      <trkpt lat="50.93974" lon="4.04355">
        <name>X</name>
      </trkpt>
      <trkpt lat="50.93978" lon="4.04355">
        <name>X</name>
      </trkpt>
      <trkpt lat="50.93983" lon="4.0435">
        <name>X</name>
      </trkpt>
      <trkpt lat="50.93987" lon="4.04348">
        <name>X</name>
      </trkpt>
      <trkpt lat="50.93991" lon="4.0434">
        <name>X</name>
      </trkpt>
      <trkpt lat="50.93998" lon="4.0431">
        <name>X</name>
      </trkpt>
      <trkpt lat="50.94047" lon="4.04258">
        <name>X</name>
      </trkpt>
      <trkpt lat="50.94056" lon="4.0425">
        <name>X</name>
      </trkpt>
      <trkpt lat="50.94066" lon="4.04243">
        <name>X</name>
      </trkpt>
      <trkpt lat="50.94075" lon="4.04241">
        <name>X</name>
      </trkpt>
      <trkpt lat="50.94075" lon="4.04241">
        <name>X</name>
      </trkpt>
      <trkpt lat="50.94079" lon="4.0426">
        <name>X</name>
      </trkpt>
      <trkpt lat="50.94107" lon="4.04342">
        <name>X</name>
      </trkpt>
      <trkpt lat="50.94114" lon="4.0435">
        <name>X</name>
      </trkpt>
      <trkpt lat="50.94114" lon="4.0435">
        <name>X</name>
      </trkpt>
      <trkpt lat="50.94124" lon="4.04359">
        <name>X</name>
      </trkpt>
      <trkpt lat="50.94167" lon="4.04363">
        <name>X</name>
      </trkpt>
      <trkpt lat="50.94176" lon="4.0437">
        <name>X</name>
      </trkpt>
      <trkpt lat="50.94182" lon="4.04385">
        <name>X</name>
      </trkpt>
      <trkpt lat="50.94182" lon="4.04434">
        <name>X</name>
      </trkpt>
      <trkpt lat="50.94212" lon="4.04456">
        <name>X</name>
      </trkpt>
      <trkpt lat="50.94223" lon="4.04462">
        <name>X</name>
      </trkpt>
      <trkpt lat="50.9424" lon="4.04503">
        <name>X</name>
      </trkpt>
      <trkpt lat="50.94238" lon="4.04593">
        <name>X</name>
      </trkpt>
      <trkpt lat="50.94238" lon="4.04593">
        <name>X</name>
      </trkpt>
      <trkpt lat="50.94236" lon="4.04619">
        <name>X</name>
      </trkpt>
      <trkpt lat="50.94236" lon="4.04619">
        <name>X</name>
      </trkpt>
      <trkpt lat="50.94227" lon="4.04625">
        <name>X</name>
      </trkpt>
      <trkpt lat="50.94144" lon="4.04786">
        <name>X</name>
      </trkpt>
      <trkpt lat="50.94142" lon="4.04797">
        <name>X</name>
      </trkpt>
      <trkpt lat="50.94146" lon="4.0484">
        <name>X</name>
      </trkpt>
      <trkpt lat="50.94146" lon="4.04846">
        <name>X</name>
      </trkpt>
      <trkpt lat="50.9415" lon="4.04866">
        <name>X</name>
      </trkpt>
      <trkpt lat="50.94161" lon="4.04934">
        <name>X</name>
      </trkpt>
      <trkpt lat="50.94161" lon="4.04951">
        <name>X</name>
      </trkpt>
      <trkpt lat="50.94167" lon="4.05046">
        <name>X</name>
      </trkpt>
      <trkpt lat="50.94184" lon="4.05095">
        <name>X</name>
      </trkpt>
      <trkpt lat="50.94202" lon="4.05149">
        <name>X</name>
      </trkpt>
      <trkpt lat="50.94251" lon="4.05346">
        <name>X</name>
      </trkpt>
      <trkpt lat="50.94255" lon="4.05361">
        <name>X</name>
      </trkpt>
      <trkpt lat="50.94255" lon="4.05376">
        <name>X</name>
      </trkpt>
      <trkpt lat="50.94255" lon="4.05385">
        <name>X</name>
      </trkpt>
      <trkpt lat="50.94272" lon="4.05484">
        <name>X</name>
      </trkpt>
      <trkpt lat="50.94283" lon="4.05572">
        <name>X</name>
      </trkpt>
      <trkpt lat="50.94279" lon="4.0558">
        <name>X</name>
      </trkpt>
      <trkpt lat="50.94279" lon="4.05589">
        <name>X</name>
      </trkpt>
      <trkpt lat="50.94287" lon="4.05657">
        <name>X</name>
      </trkpt>
      <trkpt lat="50.94292" lon="4.05692">
        <name>X</name>
      </trkpt>
      <trkpt lat="50.94292" lon="4.05692">
        <name>X</name>
      </trkpt>
      <trkpt lat="50.94296" lon="4.05707">
        <name>X</name>
      </trkpt>
      <trkpt lat="50.94305" lon="4.05722">
        <name>X</name>
      </trkpt>
      <trkpt lat="50.94311" lon="4.05747">
        <name>X</name>
      </trkpt>
      <trkpt lat="50.94317" lon="4.05741">
        <name>X</name>
      </trkpt>
      <trkpt lat="50.94324" lon="4.05739">
        <name>X</name>
      </trkpt>
      <trkpt lat="50.94328" lon="4.05732">
        <name>X</name>
      </trkpt>
      <trkpt lat="50.94329" lon="4.05724">
        <name>X</name>
      </trkpt>
      <trkpt lat="50.94334" lon="4.0566">
        <name>X</name>
      </trkpt>
      <trkpt lat="50.94376" lon="4.05645">
        <name>X</name>
      </trkpt>
      <trkpt lat="50.94372" lon="4.0559">
        <name>X</name>
      </trkpt>
      <trkpt lat="50.94367" lon="4.05544">
        <name>X</name>
      </trkpt>
      <trkpt lat="50.94416" lon="4.05522">
        <name>X</name>
      </trkpt>
      <trkpt lat="50.94448" lon="4.057">
        <name>X</name>
      </trkpt>
      <trkpt lat="50.94412" lon="4.05717">
        <name>X</name>
      </trkpt>
      <trkpt lat="50.94373" lon="4.05734">
        <name>X</name>
      </trkpt>
      <trkpt lat="50.94356" lon="4.05726">
        <name>X</name>
      </trkpt>
      <trkpt lat="50.94352" lon="4.05728">
        <name>X</name>
      </trkpt>
      <trkpt lat="50.94348" lon="4.05734">
        <name>X</name>
      </trkpt>
      <trkpt lat="50.94348" lon="4.05741">
        <name>X</name>
      </trkpt>
      <trkpt lat="50.94348" lon="4.05741">
        <name>X</name>
      </trkpt>
      <trkpt lat="50.94352" lon="4.0575">
        <name>X</name>
      </trkpt>
      <trkpt lat="50.94352" lon="4.05762">
        <name>X</name>
      </trkpt>
      <trkpt lat="50.94348" lon="4.05771">
        <name>X</name>
      </trkpt>
      <trkpt lat="50.94337" lon="4.05762">
        <name>X</name>
      </trkpt>
      <trkpt lat="50.94335" lon="4.05756">
        <name>X</name>
      </trkpt>
      <trkpt lat="50.94322" lon="4.05756">
        <name>X</name>
      </trkpt>
      <trkpt lat="50.94317" lon="4.05762">
        <name>X</name>
      </trkpt>
      <trkpt lat="50.94343" lon="4.05822">
        <name>X</name>
      </trkpt>
      <trkpt lat="50.9435" lon="4.05855">
        <name>X</name>
      </trkpt>
      <trkpt lat="50.94352" lon="4.05891">
        <name>X</name>
      </trkpt>
      <trkpt lat="50.94354" lon="4.05958">
        <name>X</name>
      </trkpt>
      <trkpt lat="50.94367" lon="4.06063">
        <name>X</name>
      </trkpt>
      <trkpt lat="50.94369" lon="4.0608">
        <name>X</name>
      </trkpt>
      <trkpt lat="50.94375" lon="4.06114">
        <name>X</name>
      </trkpt>
      <trkpt lat="50.94382" lon="4.06153">
        <name>X</name>
      </trkpt>
      <trkpt lat="50.94463" lon="4.06458">
        <name>X</name>
      </trkpt>
      <trkpt lat="50.94476" lon="4.06518">
        <name>X</name>
      </trkpt>
      <trkpt lat="50.94478" lon="4.06614">
        <name>X</name>
      </trkpt>
      <trkpt lat="50.9448" lon="4.06634">
        <name>X</name>
      </trkpt>
      <trkpt lat="50.94476" lon="4.06724">
        <name>X</name>
      </trkpt>
      <trkpt lat="50.94474" lon="4.06794">
        <name>X</name>
      </trkpt>
      <trkpt lat="50.94489" lon="4.07">
        <name>X</name>
      </trkpt>
      <trkpt lat="50.94493" lon="4.07065">
        <name>X</name>
      </trkpt>
      <trkpt lat="50.94513" lon="4.07194">
        <name>X</name>
      </trkpt>
      <trkpt lat="50.94513" lon="4.07211">
        <name>X</name>
      </trkpt>
      <trkpt lat="50.94528" lon="4.07297">
        <name>X</name>
      </trkpt>
      <trkpt lat="50.9453" lon="4.07303">
        <name>X</name>
      </trkpt>
      <trkpt lat="50.94549" lon="4.07466">
        <name>X</name>
      </trkpt>
      <trkpt lat="50.94558" lon="4.0753">
        <name>X</name>
      </trkpt>
      <trkpt lat="50.94558" lon="4.0753">
        <name>X</name>
      </trkpt>
      <trkpt lat="50.94564" lon="4.07554">
        <name>X</name>
      </trkpt>
      <trkpt lat="50.94568" lon="4.07561">
        <name>X</name>
      </trkpt>
      <trkpt lat="50.94575" lon="4.07586">
        <name>X</name>
      </trkpt>
      <trkpt lat="50.94575" lon="4.07586">
        <name>X</name>
      </trkpt>
      <trkpt lat="50.94607" lon="4.07773">
        <name>X</name>
      </trkpt>
      <trkpt lat="50.94609" lon="4.07827">
        <name>X</name>
      </trkpt>
      <trkpt lat="50.94603" lon="4.07876">
        <name>X</name>
      </trkpt>
      <trkpt lat="50.94723" lon="4.079">
        <name>X</name>
      </trkpt>
      <trkpt lat="50.94729" lon="4.07898">
        <name>X</name>
      </trkpt>
      <trkpt lat="50.94729" lon="4.07898">
        <name>X</name>
      </trkpt>
      <trkpt lat="50.94732" lon="4.07906">
        <name>X</name>
      </trkpt>
      <trkpt lat="50.94747" lon="4.07915">
        <name>X</name>
      </trkpt>
      <trkpt lat="50.94757" lon="4.07923">
        <name>X</name>
      </trkpt>
      <trkpt lat="50.94895" lon="4.08142">
        <name>X</name>
      </trkpt>
      <trkpt lat="50.94944" lon="4.08215">
        <name>X</name>
      </trkpt>
      <trkpt lat="50.94953" lon="4.08241">
        <name>X</name>
      </trkpt>
      <trkpt lat="50.94957" lon="4.08254">
        <name>X</name>
      </trkpt>
      <trkpt lat="50.9498" lon="4.08363">
        <name>X</name>
      </trkpt>
      <trkpt lat="50.94993" lon="4.08434">
        <name>X</name>
      </trkpt>
      <trkpt lat="50.95017" lon="4.08481">
        <name>X</name>
      </trkpt>
      <trkpt lat="50.95041" lon="4.0853">
        <name>X</name>
      </trkpt>
      <trkpt lat="50.95041" lon="4.0853">
        <name>X</name>
      </trkpt>
      <trkpt lat="50.95056" lon="4.08642">
        <name>X</name>
      </trkpt>
      <trkpt lat="50.95064" lon="4.08736">
        <name>X</name>
      </trkpt>
      <trkpt lat="50.95073" lon="4.08775">
        <name>X</name>
      </trkpt>
      <trkpt lat="50.95098" lon="4.08816">
        <name>X</name>
      </trkpt>
      <trkpt lat="50.95109" lon="4.08833">
        <name>X</name>
      </trkpt>
      <trkpt lat="50.95141" lon="4.08854">
        <name>X</name>
      </trkpt>
      <trkpt lat="50.95197" lon="4.08891">
        <name>X</name>
      </trkpt>
      <trkpt lat="50.95208" lon="4.08902">
        <name>X</name>
      </trkpt>
      <trkpt lat="50.95221" lon="4.08915">
        <name>X</name>
      </trkpt>
      <trkpt lat="50.9524" lon="4.08945">
        <name>X</name>
      </trkpt>
      <trkpt lat="50.95266" lon="4.08996">
        <name>X</name>
      </trkpt>
      <trkpt lat="50.95283" lon="4.09046">
        <name>X</name>
      </trkpt>
      <trkpt lat="50.95285" lon="4.09063">
        <name>X</name>
      </trkpt>
      <trkpt lat="50.95281" lon="4.09166">
        <name>X</name>
      </trkpt>
      <trkpt lat="50.95281" lon="4.09198">
        <name>X</name>
      </trkpt>
      <trkpt lat="50.95296" lon="4.09251">
        <name>X</name>
      </trkpt>
      <trkpt lat="50.95311" lon="4.09284">
        <name>X</name>
      </trkpt>
      <trkpt lat="50.95167" lon="4.09462">
        <name>X</name>
      </trkpt>
      <trkpt lat="50.95124" lon="4.09515">
        <name>X</name>
      </trkpt>
      <trkpt lat="50.95086" lon="4.09578">
        <name>X</name>
      </trkpt>
      <trkpt lat="50.95081" lon="4.09584">
        <name>X</name>
      </trkpt>
      <trkpt lat="50.94957" lon="4.09822">
        <name>X</name>
      </trkpt>
      <trkpt lat="50.9495" lon="4.09826">
        <name>X</name>
      </trkpt>
      <trkpt lat="50.94957" lon="4.09835">
        <name>X</name>
      </trkpt>
      <trkpt lat="50.9498" lon="4.09867">
        <name>X</name>
      </trkpt>
      <trkpt lat="50.94974" lon="4.09889">
        <name>X</name>
      </trkpt>
      <trkpt lat="50.94972" lon="4.09902">
        <name>X</name>
      </trkpt>
      <trkpt lat="50.94976" lon="4.09962">
        <name>X</name>
      </trkpt>
      <trkpt lat="50.94976" lon="4.09968">
        <name>X</name>
      </trkpt>
      <trkpt lat="50.94961" lon="4.10018">
        <name>X</name>
      </trkpt>
      <trkpt lat="50.94957" lon="4.10032">
        <name>X</name>
      </trkpt>
      <trkpt lat="50.94957" lon="4.10032">
        <name>X</name>
      </trkpt>
      <trkpt lat="50.94993" lon="4.1009">
        <name>X</name>
      </trkpt>
      <trkpt lat="50.95073" lon="4.10256">
        <name>X</name>
      </trkpt>
      <trkpt lat="50.95094" lon="4.10303">
        <name>X</name>
      </trkpt>
      <trkpt lat="50.95094" lon="4.10303">
        <name>X</name>
      </trkpt>
      <trkpt lat="50.95098" lon="4.10314">
        <name>X</name>
      </trkpt>
      <trkpt lat="50.95101" lon="4.10327">
        <name>X</name>
      </trkpt>
      <trkpt lat="50.95101" lon="4.10335">
        <name>X</name>
      </trkpt>
      <trkpt lat="50.95114" lon="4.10397">
        <name>X</name>
      </trkpt>
      <trkpt lat="50.95165" lon="4.10552">
        <name>X</name>
      </trkpt>
      <trkpt lat="50.95079" lon="4.10704">
        <name>X</name>
      </trkpt>
      <trkpt lat="50.95064" lon="4.10732">
        <name>X</name>
      </trkpt>
      <trkpt lat="50.95038" lon="4.10792">
        <name>X</name>
      </trkpt>
      <trkpt lat="50.95017" lon="4.10835">
        <name>X</name>
      </trkpt>
      <trkpt lat="50.95015" lon="4.10842">
        <name>X</name>
      </trkpt>
      <trkpt lat="50.95013" lon="4.10852">
        <name>X</name>
      </trkpt>
      <trkpt lat="50.94996" lon="4.10891">
        <name>X</name>
      </trkpt>
      <trkpt lat="50.94963" lon="4.10959">
        <name>X</name>
      </trkpt>
      <trkpt lat="50.9495" lon="4.10996">
        <name>X</name>
      </trkpt>
      <trkpt lat="50.94938" lon="4.11041">
        <name>X</name>
      </trkpt>
      <trkpt lat="50.94938" lon="4.11041">
        <name>X</name>
      </trkpt>
      <trkpt lat="50.94895" lon="4.1112">
        <name>X</name>
      </trkpt>
      <trkpt lat="50.94886" lon="4.11142">
        <name>X</name>
      </trkpt>
      <trkpt lat="50.9488" lon="4.11166">
        <name>X</name>
      </trkpt>
      <trkpt lat="50.94867" lon="4.11191">
        <name>X</name>
      </trkpt>
      <trkpt lat="50.9485" lon="4.11219">
        <name>X</name>
      </trkpt>
      <trkpt lat="50.9482" lon="4.11262">
        <name>X</name>
      </trkpt>
      <trkpt lat="50.948" lon="4.1129">
        <name>X</name>
      </trkpt>
      <trkpt lat="50.94796" lon="4.11303">
        <name>X</name>
      </trkpt>
      <trkpt lat="50.9479" lon="4.11309">
        <name>X</name>
      </trkpt>
      <trkpt lat="50.9479" lon="4.11341">
        <name>X</name>
      </trkpt>
      <trkpt lat="50.94809" lon="4.11451">
        <name>X</name>
      </trkpt>
      <trkpt lat="50.9485" lon="4.11608">
        <name>X</name>
      </trkpt>
      <trkpt lat="50.94873" lon="4.11706">
        <name>X</name>
      </trkpt>
      <trkpt lat="50.9491" lon="4.11897">
        <name>X</name>
      </trkpt>
      <trkpt lat="50.94944" lon="4.12073">
        <name>X</name>
      </trkpt>
      <trkpt lat="50.94953" lon="4.12129">
        <name>X</name>
      </trkpt>
      <trkpt lat="50.94957" lon="4.12174">
        <name>X</name>
      </trkpt>
      <trkpt lat="50.94957" lon="4.12174">
        <name>X</name>
      </trkpt>
      <trkpt lat="50.94966" lon="4.12198">
        <name>X</name>
      </trkpt>
      <trkpt lat="50.94974" lon="4.12234">
        <name>X</name>
      </trkpt>
      <trkpt lat="50.9498" lon="4.12256">
        <name>X</name>
      </trkpt>
      <trkpt lat="50.95032" lon="4.12515">
        <name>X</name>
      </trkpt>
      <trkpt lat="50.95038" lon="4.1255">
        <name>X</name>
      </trkpt>
      <trkpt lat="50.95038" lon="4.1255">
        <name>X</name>
      </trkpt>
      <trkpt lat="50.95047" lon="4.12629">
        <name>X</name>
      </trkpt>
      <trkpt lat="50.95056" lon="4.12665">
        <name>X</name>
      </trkpt>
      <trkpt lat="50.95071" lon="4.12762">
        <name>X</name>
      </trkpt>
      <trkpt lat="50.95071" lon="4.12762">
        <name>X</name>
      </trkpt>
      <trkpt lat="50.95071" lon="4.12813">
        <name>X</name>
      </trkpt>
      <trkpt lat="50.95071" lon="4.12813">
        <name>X</name>
      </trkpt>
      <trkpt lat="50.95075" lon="4.12854">
        <name>X</name>
      </trkpt>
      <trkpt lat="50.95077" lon="4.12916">
        <name>X</name>
      </trkpt>
      <trkpt lat="50.95075" lon="4.13017">
        <name>X</name>
      </trkpt>
      <trkpt lat="50.95075" lon="4.13017">
        <name>X</name>
      </trkpt>
      <trkpt lat="50.95077" lon="4.13039">
        <name>X</name>
      </trkpt>
      <trkpt lat="50.95098" lon="4.1315">
        <name>X</name>
      </trkpt>
      <trkpt lat="50.95101" lon="4.13191">
        <name>X</name>
      </trkpt>
      <trkpt lat="50.9509" lon="4.13264">
        <name>X</name>
      </trkpt>
      <trkpt lat="50.95092" lon="4.13279">
        <name>X</name>
      </trkpt>
      <trkpt lat="50.95092" lon="4.13279">
        <name>X</name>
      </trkpt>
      <trkpt lat="50.95098" lon="4.13288">
        <name>X</name>
      </trkpt>
      <trkpt lat="50.95101" lon="4.13298">
        <name>X</name>
      </trkpt>
      <trkpt lat="50.95105" lon="4.13309">
        <name>X</name>
      </trkpt>
      <trkpt lat="50.95167" lon="4.13431">
        <name>X</name>
      </trkpt>
      <trkpt lat="50.95174" lon="4.13457">
        <name>X</name>
      </trkpt>
      <trkpt lat="50.95146" lon="4.13534">
        <name>X</name>
      </trkpt>
      <trkpt lat="50.9512" lon="4.13603">
        <name>X</name>
      </trkpt>
      <trkpt lat="50.9512" lon="4.13603">
        <name>X</name>
      </trkpt>
      <trkpt lat="50.95116" lon="4.1362">
        <name>X</name>
      </trkpt>
      <trkpt lat="50.95118" lon="4.13652">
        <name>X</name>
      </trkpt>
      <trkpt lat="50.95128" lon="4.13706">
        <name>X</name>
      </trkpt>
      <trkpt lat="50.95148" lon="4.13764">
        <name>X</name>
      </trkpt>
      <trkpt lat="50.95156" lon="4.13786">
        <name>X</name>
      </trkpt>
      <trkpt lat="50.95221" lon="4.13888">
        <name>X</name>
      </trkpt>
      <trkpt lat="50.95247" lon="4.13923">
        <name>X</name>
      </trkpt>
      <trkpt lat="50.95257" lon="4.13934">
        <name>X</name>
      </trkpt>
      <trkpt lat="50.9533" lon="4.14013">
        <name>X</name>
      </trkpt>
      <trkpt lat="50.95358" lon="4.14056">
        <name>X</name>
      </trkpt>
      <trkpt lat="50.95384" lon="4.14086">
        <name>X</name>
      </trkpt>
      <trkpt lat="50.95422" lon="4.14122">
        <name>X</name>
      </trkpt>
      <trkpt lat="50.95429" lon="4.14131">
        <name>X</name>
      </trkpt>
      <trkpt lat="50.95442" lon="4.1414">
        <name>X</name>
      </trkpt>
      <trkpt lat="50.95446" lon="4.14142">
        <name>X</name>
      </trkpt>
      <trkpt lat="50.95461" lon="4.14144">
        <name>X</name>
      </trkpt>
      <trkpt lat="50.95478" lon="4.14146">
        <name>X</name>
      </trkpt>
      <trkpt lat="50.95493" lon="4.14157">
        <name>X</name>
      </trkpt>
      <trkpt lat="50.95502" lon="4.14167">
        <name>X</name>
      </trkpt>
      <trkpt lat="50.95517" lon="4.14232">
        <name>X</name>
      </trkpt>
      <trkpt lat="50.95521" lon="4.14245">
        <name>X</name>
      </trkpt>
      <trkpt lat="50.95521" lon="4.14245">
        <name>X</name>
      </trkpt>
      <trkpt lat="50.95536" lon="4.14275">
        <name>X</name>
      </trkpt>
      <trkpt lat="50.95558" lon="4.14303">
        <name>X</name>
      </trkpt>
      <trkpt lat="50.95586" lon="4.14337">
        <name>X</name>
      </trkpt>
      <trkpt lat="50.95648" lon="4.14393">
        <name>X</name>
      </trkpt>
      <trkpt lat="50.95676" lon="4.14418">
        <name>X</name>
      </trkpt>
      <trkpt lat="50.95725" lon="4.14436">
        <name>X</name>
      </trkpt>
      <trkpt lat="50.95736" lon="4.1444">
        <name>X</name>
      </trkpt>
      <trkpt lat="50.95794" lon="4.14481">
        <name>X</name>
      </trkpt>
      <trkpt lat="50.95809" lon="4.14491">
        <name>X</name>
      </trkpt>
      <trkpt lat="50.95824" lon="4.14506">
        <name>X</name>
      </trkpt>
      <trkpt lat="50.95832" lon="4.14522">
        <name>X</name>
      </trkpt>
      <trkpt lat="50.95832" lon="4.14522">
        <name>X</name>
      </trkpt>
      <trkpt lat="50.95843" lon="4.14545">
        <name>X</name>
      </trkpt>
      <trkpt lat="50.96021" lon="4.15172">
        <name>X</name>
      </trkpt>
      <trkpt lat="50.96034" lon="4.15217">
        <name>X</name>
      </trkpt>
      <trkpt lat="50.96056" lon="4.15277">
        <name>X</name>
      </trkpt>
      <trkpt lat="50.96073" lon="4.1532">
        <name>X</name>
      </trkpt>
      <trkpt lat="50.96171" lon="4.15498">
        <name>X</name>
      </trkpt>
      <trkpt lat="50.96178" lon="4.15511">
        <name>X</name>
      </trkpt>
      <trkpt lat="50.96178" lon="4.15511">
        <name>X</name>
      </trkpt>
      <trkpt lat="50.96174" lon="4.15524">
        <name>X</name>
      </trkpt>
      <trkpt lat="50.96174" lon="4.15536">
        <name>X</name>
      </trkpt>
      <trkpt lat="50.96171" lon="4.15545">
        <name>X</name>
      </trkpt>
      <trkpt lat="50.96171" lon="4.15545">
        <name>X</name>
      </trkpt>
      <trkpt lat="50.96139" lon="4.15569">
        <name>X</name>
      </trkpt>
      <trkpt lat="50.96141" lon="4.15575">
        <name>X</name>
      </trkpt>
      <trkpt lat="50.96144" lon="4.15588">
        <name>X</name>
      </trkpt>
      <trkpt lat="50.96144" lon="4.15588">
        <name>X</name>
      </trkpt>
      <trkpt lat="50.96156" lon="4.15579">
        <name>X</name>
      </trkpt>
      <trkpt lat="50.9618" lon="4.15612">
        <name>X</name>
      </trkpt>
      <trkpt lat="50.96186" lon="4.15616">
        <name>X</name>
      </trkpt>
      <trkpt lat="50.96255" lon="4.15757">
        <name>X</name>
      </trkpt>
      <trkpt lat="50.96279" lon="4.1579">
        <name>X</name>
      </trkpt>
      <trkpt lat="50.96304" lon="4.15818">
        <name>X</name>
      </trkpt>
      <trkpt lat="50.96319" lon="4.15832">
        <name>X</name>
      </trkpt>
      <trkpt lat="50.96401" lon="4.15901">
        <name>X</name>
      </trkpt>
      <trkpt lat="50.96427" lon="4.15927">
        <name>X</name>
      </trkpt>
      <trkpt lat="50.96457" lon="4.15963">
        <name>X</name>
      </trkpt>
      <trkpt lat="50.96489" lon="4.16002">
        <name>X</name>
      </trkpt>
      <trkpt lat="50.96489" lon="4.16002">
        <name>X</name>
      </trkpt>
      <trkpt lat="50.96515" lon="4.16041">
        <name>X</name>
      </trkpt>
      <trkpt lat="50.96525" lon="4.16069">
        <name>X</name>
      </trkpt>
      <trkpt lat="50.96558" lon="4.16114">
        <name>X</name>
      </trkpt>
      <trkpt lat="50.9657" lon="4.1612">
        <name>X</name>
      </trkpt>
      <trkpt lat="50.96579" lon="4.16129">
        <name>X</name>
      </trkpt>
      <trkpt lat="50.96609" lon="4.16169">
        <name>X</name>
      </trkpt>
      <trkpt lat="50.9662" lon="4.16184">
        <name>X</name>
      </trkpt>
      <trkpt lat="50.96652" lon="4.16221">
        <name>X</name>
      </trkpt>
      <trkpt lat="50.96661" lon="4.16236">
        <name>X</name>
      </trkpt>
      <trkpt lat="50.96661" lon="4.16236">
        <name>X</name>
      </trkpt>
      <trkpt lat="50.96671" lon="4.16257">
        <name>X</name>
      </trkpt>
      <trkpt lat="50.96688" lon="4.16311">
        <name>X</name>
      </trkpt>
      <trkpt lat="50.96695" lon="4.16322">
        <name>X</name>
      </trkpt>
      <trkpt lat="50.96708" lon="4.1638">
        <name>X</name>
      </trkpt>
      <trkpt lat="50.96725" lon="4.16498">
        <name>X</name>
      </trkpt>
      <trkpt lat="50.96768" lon="4.16682">
        <name>X</name>
      </trkpt>
      <trkpt lat="50.96787" lon="4.16781">
        <name>X</name>
      </trkpt>
      <trkpt lat="50.96837" lon="4.16757">
        <name>X</name>
      </trkpt>
      <trkpt lat="50.96854" lon="4.16744">
        <name>X</name>
      </trkpt>
      <trkpt lat="50.96854" lon="4.16744">
        <name>X</name>
      </trkpt>
      <trkpt lat="50.96884" lon="4.16702">
        <name>X</name>
      </trkpt>
      <trkpt lat="50.96903" lon="4.16684">
        <name>X</name>
      </trkpt>
      <trkpt lat="50.9691" lon="4.1668">
        <name>X</name>
      </trkpt>
      <trkpt lat="50.97017" lon="4.16646">
        <name>X</name>
      </trkpt>
      <trkpt lat="50.97045" lon="4.16626">
        <name>X</name>
      </trkpt>
      <trkpt lat="50.97045" lon="4.16626">
        <name>X</name>
      </trkpt>
      <trkpt lat="50.97066" lon="4.16667">
        <name>X</name>
      </trkpt>
      <trkpt lat="50.9712" lon="4.16787">
        <name>X</name>
      </trkpt>
      <trkpt lat="50.97128" lon="4.168">
        <name>X</name>
      </trkpt>
      <trkpt lat="50.97152" lon="4.1682">
        <name>X</name>
      </trkpt>
      <trkpt lat="50.97171" lon="4.16828">
        <name>X</name>
      </trkpt>
      <trkpt lat="50.97171" lon="4.16828">
        <name>X</name>
      </trkpt>
      <trkpt lat="50.97162" lon="4.1684">
        <name>X</name>
      </trkpt>
      <trkpt lat="50.97162" lon="4.1684">
        <name>X</name>
      </trkpt>
      <trkpt lat="50.97196" lon="4.16861">
        <name>X</name>
      </trkpt>
      <trkpt lat="50.97243" lon="4.16934">
        <name>X</name>
      </trkpt>
      <trkpt lat="50.97252" lon="4.16921">
        <name>X</name>
      </trkpt>
      <trkpt lat="50.97336" lon="4.17049">
        <name>X</name>
      </trkpt>
      <trkpt lat="50.97364" lon="4.1709">
        <name>X</name>
      </trkpt>
      <trkpt lat="50.97384" lon="4.17026">
        <name>X</name>
      </trkpt>
      <trkpt lat="50.9739" lon="4.17011">
        <name>X</name>
      </trkpt>
      <trkpt lat="50.97405" lon="4.16993">
        <name>X</name>
      </trkpt>
      <trkpt lat="50.97493" lon="4.16908">
        <name>X</name>
      </trkpt>
      <trkpt lat="50.97562" lon="4.16845">
        <name>X</name>
      </trkpt>
      <trkpt lat="50.9759" lon="4.1682">
        <name>X</name>
      </trkpt>
      <trkpt lat="50.97607" lon="4.16809">
        <name>X</name>
      </trkpt>
      <trkpt lat="50.97637" lon="4.16798">
        <name>X</name>
      </trkpt>
      <trkpt lat="50.97759" lon="4.1677">
        <name>X</name>
      </trkpt>
      <trkpt lat="50.97766" lon="4.1677">
        <name>X</name>
      </trkpt>
      <trkpt lat="50.9777" lon="4.16772">
        <name>X</name>
      </trkpt>
      <trkpt lat="50.97787" lon="4.16796">
        <name>X</name>
      </trkpt>
      <trkpt lat="50.97834" lon="4.16841">
        <name>X</name>
      </trkpt>
      <trkpt lat="50.97933" lon="4.16912">
        <name>X</name>
      </trkpt>
      <trkpt lat="50.97933" lon="4.16912">
        <name>X</name>
      </trkpt>
      <trkpt lat="50.97965" lon="4.16931">
        <name>X</name>
      </trkpt>
      <trkpt lat="50.98025" lon="4.16953">
        <name>X</name>
      </trkpt>
      <trkpt lat="50.98058" lon="4.1697">
        <name>X</name>
      </trkpt>
      <trkpt lat="50.98058" lon="4.1697">
        <name>X</name>
      </trkpt>
      <trkpt lat="50.98079" lon="4.16991">
        <name>X</name>
      </trkpt>
      <trkpt lat="50.98169" lon="4.17124">
        <name>X</name>
      </trkpt>
      <trkpt lat="50.98184" lon="4.1715">
        <name>X</name>
      </trkpt>
      <trkpt lat="50.9821" lon="4.17124">
        <name>X</name>
      </trkpt>
      <trkpt lat="50.98289" lon="4.17049">
        <name>X</name>
      </trkpt>
      <trkpt lat="50.98289" lon="4.17049">
        <name>X</name>
      </trkpt>
      <trkpt lat="50.983" lon="4.17045">
        <name>X</name>
      </trkpt>
      <trkpt lat="50.98309" lon="4.17047">
        <name>X</name>
      </trkpt>
      <trkpt lat="50.98334" lon="4.17058">
        <name>X</name>
      </trkpt>
      <trkpt lat="50.9836" lon="4.17062">
        <name>X</name>
      </trkpt>
      <trkpt lat="50.98388" lon="4.1706">
        <name>X</name>
      </trkpt>
      <trkpt lat="50.98405" lon="4.17056">
        <name>X</name>
      </trkpt>
      <trkpt lat="50.98414" lon="4.17051">
        <name>X</name>
      </trkpt>
      <trkpt lat="50.98444" lon="4.1703">
        <name>X</name>
      </trkpt>
      <trkpt lat="50.98463" lon="4.17017">
        <name>X</name>
      </trkpt>
      <trkpt lat="50.98478" lon="4.17013">
        <name>X</name>
      </trkpt>
      <trkpt lat="50.98525" lon="4.16998">
        <name>X</name>
      </trkpt>
      <trkpt lat="50.98558" lon="4.16983">
        <name>X</name>
      </trkpt>
      <trkpt lat="50.98568" lon="4.16976">
        <name>X</name>
      </trkpt>
      <trkpt lat="50.9859" lon="4.16923">
        <name>X</name>
      </trkpt>
      <trkpt lat="50.98605" lon="4.16901">
        <name>X</name>
      </trkpt>
      <trkpt lat="50.98688" lon="4.16815">
        <name>X</name>
      </trkpt>
      <trkpt lat="50.98712" lon="4.168">
        <name>X</name>
      </trkpt>
      <trkpt lat="50.98712" lon="4.168">
        <name>X</name>
      </trkpt>
      <trkpt lat="50.98742" lon="4.16789">
        <name>X</name>
      </trkpt>
      <trkpt lat="50.98834" lon="4.16783">
        <name>X</name>
      </trkpt>
      <trkpt lat="50.98851" lon="4.16785">
        <name>X</name>
      </trkpt>
      <trkpt lat="50.98851" lon="4.16785">
        <name>X</name>
      </trkpt>
      <trkpt lat="50.98862" lon="4.16789">
        <name>X</name>
      </trkpt>
      <trkpt lat="50.98864" lon="4.168">
        <name>X</name>
      </trkpt>
      <trkpt lat="50.98882" lon="4.16856">
        <name>X</name>
      </trkpt>
      <trkpt lat="50.98882" lon="4.16856">
        <name>X</name>
      </trkpt>
      <trkpt lat="50.98888" lon="4.16895">
        <name>X</name>
      </trkpt>
      <trkpt lat="50.98894" lon="4.16914">
        <name>X</name>
      </trkpt>
      <trkpt lat="50.98905" lon="4.16938">
        <name>X</name>
      </trkpt>
      <trkpt lat="50.99049" lon="4.17178">
        <name>X</name>
      </trkpt>
      <trkpt lat="50.99096" lon="4.17242">
        <name>X</name>
      </trkpt>
      <trkpt lat="50.99098" lon="4.17244">
        <name>X</name>
      </trkpt>
      <trkpt lat="50.9915" lon="4.17292">
        <name>X</name>
      </trkpt>
      <trkpt lat="50.99158" lon="4.17296">
        <name>X</name>
      </trkpt>
      <trkpt lat="50.99167" lon="4.17302">
        <name>X</name>
      </trkpt>
      <trkpt lat="50.99186" lon="4.17304">
        <name>X</name>
      </trkpt>
      <trkpt lat="50.99197" lon="4.17304">
        <name>X</name>
      </trkpt>
      <trkpt lat="50.99203" lon="4.17302">
        <name>X</name>
      </trkpt>
      <trkpt lat="50.9921" lon="4.17296">
        <name>X</name>
      </trkpt>
      <trkpt lat="50.9921" lon="4.17296">
        <name>X</name>
      </trkpt>
      <trkpt lat="50.99259" lon="4.17234">
        <name>X</name>
      </trkpt>
      <trkpt lat="50.99272" lon="4.1721">
        <name>X</name>
      </trkpt>
      <trkpt lat="50.99276" lon="4.17202">
        <name>X</name>
      </trkpt>
      <trkpt lat="50.99341" lon="4.17266">
        <name>X</name>
      </trkpt>
      <trkpt lat="50.99384" lon="4.17313">
        <name>X</name>
      </trkpt>
      <trkpt lat="50.99384" lon="4.17313">
        <name>X</name>
      </trkpt>
      <trkpt lat="50.99442" lon="4.17395">
        <name>X</name>
      </trkpt>
      <trkpt lat="50.99472" lon="4.17455">
        <name>X</name>
      </trkpt>
      <trkpt lat="50.9948" lon="4.1747">
        <name>X</name>
      </trkpt>
      <trkpt lat="50.99551" lon="4.17575">
        <name>X</name>
      </trkpt>
      <trkpt lat="50.99583" lon="4.17628">
        <name>X</name>
      </trkpt>
      <trkpt lat="50.99583" lon="4.17628">
        <name>X</name>
      </trkpt>
      <trkpt lat="50.9962" lon="4.17671">
        <name>X</name>
      </trkpt>
      <trkpt lat="50.9962" lon="4.17671">
        <name>X</name>
      </trkpt>
      <trkpt lat="50.99656" lon="4.17723">
        <name>X</name>
      </trkpt>
      <trkpt lat="50.99656" lon="4.17723">
        <name>X</name>
      </trkpt>
      <trkpt lat="50.99658" lon="4.17734">
        <name>X</name>
      </trkpt>
      <trkpt lat="50.99665" lon="4.17742">
        <name>X</name>
      </trkpt>
      <trkpt lat="50.99675" lon="4.17751">
        <name>X</name>
      </trkpt>
      <trkpt lat="50.99686" lon="4.17749">
        <name>X</name>
      </trkpt>
      <trkpt lat="50.99697" lon="4.1774">
        <name>X</name>
      </trkpt>
      <trkpt lat="50.99733" lon="4.17697">
        <name>X</name>
      </trkpt>
      <trkpt lat="50.99746" lon="4.17682">
        <name>X</name>
      </trkpt>
      <trkpt lat="50.99798" lon="4.17635">
        <name>X</name>
      </trkpt>
      <trkpt lat="50.99847" lon="4.17588">
        <name>X</name>
      </trkpt>
      <trkpt lat="50.99875" lon="4.17669">
        <name>X</name>
      </trkpt>
      <trkpt lat="50.99877" lon="4.17674">
        <name>X</name>
      </trkpt>
      <trkpt lat="50.99924" lon="4.17628">
        <name>X</name>
      </trkpt>
      <trkpt lat="50.99929" lon="4.17635">
        <name>X</name>
      </trkpt>
      <trkpt lat="50.9998" lon="4.17575">
        <name>X</name>
      </trkpt>
      <trkpt lat="50.99991" lon="4.17562">
        <name>X</name>
      </trkpt>
      <trkpt lat="50.9998" lon="4.17536">
        <name>X</name>
      </trkpt>
      <trkpt lat="50.99956" lon="4.17487">
        <name>X</name>
      </trkpt>
      <trkpt lat="50.99956" lon="4.17487">
        <name>X</name>
      </trkpt>
      <trkpt lat="50.99982" lon="4.1745">
        <name>X</name>
      </trkpt>
      <trkpt lat="50.99982" lon="4.1745">
        <name>X</name>
      </trkpt>
      <trkpt lat="51.0001" lon="4.17403">
        <name>X</name>
      </trkpt>
      <trkpt lat="51.00021" lon="4.1738">
        <name>X</name>
      </trkpt>
      <trkpt lat="51.00038" lon="4.17352">
        <name>X</name>
      </trkpt>
      <trkpt lat="51.00139" lon="4.17216">
        <name>X</name>
      </trkpt>
      <trkpt lat="51.00165" lon="4.17176">
        <name>X</name>
      </trkpt>
      <trkpt lat="51.00386" lon="4.16908">
        <name>X</name>
      </trkpt>
      <trkpt lat="51.00431" lon="4.16858">
        <name>X</name>
      </trkpt>
      <trkpt lat="51.00444" lon="4.16848">
        <name>X</name>
      </trkpt>
      <trkpt lat="51.00461" lon="4.16835">
        <name>X</name>
      </trkpt>
      <trkpt lat="51.0051" lon="4.16813">
        <name>X</name>
      </trkpt>
      <trkpt lat="51.00557" lon="4.16781">
        <name>X</name>
      </trkpt>
      <trkpt lat="51.00585" lon="4.16742">
        <name>X</name>
      </trkpt>
      <trkpt lat="51.00592" lon="4.16725">
        <name>X</name>
      </trkpt>
      <trkpt lat="51.00598" lon="4.16699">
        <name>X</name>
      </trkpt>
      <trkpt lat="51.00602" lon="4.16676">
        <name>X</name>
      </trkpt>
      <trkpt lat="51.00602" lon="4.16654">
        <name>X</name>
      </trkpt>
      <trkpt lat="51.00602" lon="4.16635">
        <name>X</name>
      </trkpt>
      <trkpt lat="51.00598" lon="4.16607">
        <name>X</name>
      </trkpt>
      <trkpt lat="51.00562" lon="4.16455">
        <name>X</name>
      </trkpt>
      <trkpt lat="51.00562" lon="4.16455">
        <name>X</name>
      </trkpt>
      <trkpt lat="51.0056" lon="4.16435">
        <name>X</name>
      </trkpt>
      <trkpt lat="51.00562" lon="4.16386">
        <name>X</name>
      </trkpt>
      <trkpt lat="51.00557" lon="4.16365">
        <name>X</name>
      </trkpt>
      <trkpt lat="51.00448" lon="4.15985">
        <name>X</name>
      </trkpt>
      <trkpt lat="51.00422" lon="4.15906">
        <name>X</name>
      </trkpt>
      <trkpt lat="51.0042" lon="4.15871">
        <name>X</name>
      </trkpt>
      <trkpt lat="51.0042" lon="4.15865">
        <name>X</name>
      </trkpt>
      <trkpt lat="51.00422" lon="4.15852">
        <name>X</name>
      </trkpt>
      <trkpt lat="51.00429" lon="4.15835">
        <name>X</name>
      </trkpt>
      <trkpt lat="51.00439" lon="4.15813">
        <name>X</name>
      </trkpt>
      <trkpt lat="51.00519" lon="4.15669">
        <name>X</name>
      </trkpt>
      <trkpt lat="51.00635" lon="4.15423">
        <name>X</name>
      </trkpt>
      <trkpt lat="51.00662" lon="4.15365">
        <name>X</name>
      </trkpt>
      <trkpt lat="51.00662" lon="4.15365">
        <name>X</name>
      </trkpt>
      <trkpt lat="51.00686" lon="4.153">
        <name>X</name>
      </trkpt>
      <trkpt lat="51.00699" lon="4.15253">
        <name>X</name>
      </trkpt>
      <trkpt lat="51.00718" lon="4.1518">
        <name>X</name>
      </trkpt>
      <trkpt lat="51.00753" lon="4.15105">
        <name>X</name>
      </trkpt>
      <trkpt lat="51.00763" lon="4.15081">
        <name>X</name>
      </trkpt>
      <trkpt lat="51.0078" lon="4.15049">
        <name>X</name>
      </trkpt>
      <trkpt lat="51.00798" lon="4.15032">
        <name>X</name>
      </trkpt>
      <trkpt lat="51.00905" lon="4.14966">
        <name>X</name>
      </trkpt>
      <trkpt lat="51.00928" lon="4.14955">
        <name>X</name>
      </trkpt>
      <trkpt lat="51.00928" lon="4.14955">
        <name>X</name>
      </trkpt>
      <trkpt lat="51.00963" lon="4.14944">
        <name>X</name>
      </trkpt>
      <trkpt lat="51.01032" lon="4.14944">
        <name>X</name>
      </trkpt>
      <trkpt lat="51.01096" lon="4.14968">
        <name>X</name>
      </trkpt>
      <trkpt lat="51.01169" lon="4.14964">
        <name>X</name>
      </trkpt>
      <trkpt lat="51.0122" lon="4.14953">
        <name>X</name>
      </trkpt>
      <trkpt lat="51.01278" lon="4.14951">
        <name>X</name>
      </trkpt>
      <trkpt lat="51.013" lon="4.14949">
        <name>X</name>
      </trkpt>
      <trkpt lat="51.01332" lon="4.1494">
        <name>X</name>
      </trkpt>
      <trkpt lat="51.01373" lon="4.14923">
        <name>X</name>
      </trkpt>
      <trkpt lat="51.01373" lon="4.14923">
        <name>X</name>
      </trkpt>
      <trkpt lat="51.01405" lon="4.14899">
        <name>X</name>
      </trkpt>
      <trkpt lat="51.01444" lon="4.14863">
        <name>X</name>
      </trkpt>
      <trkpt lat="51.01452" lon="4.1485">
        <name>X</name>
      </trkpt>
      <trkpt lat="51.01452" lon="4.1485">
        <name>X</name>
      </trkpt>
      <trkpt lat="51.01463" lon="4.14828">
        <name>X</name>
      </trkpt>
      <trkpt lat="51.01536" lon="4.14564">
        <name>X</name>
      </trkpt>
      <trkpt lat="51.01514" lon="4.14536">
        <name>X</name>
      </trkpt>
      <trkpt lat="51.01521" lon="4.14515">
        <name>X</name>
      </trkpt>
      <trkpt lat="51.01544" lon="4.14438">
        <name>X</name>
      </trkpt>
      <trkpt lat="51.01544" lon="4.14438">
        <name>X</name>
      </trkpt>
      <trkpt lat="51.01568" lon="4.14348">
        <name>X</name>
      </trkpt>
      <trkpt lat="51.01667" lon="4.14004">
        <name>X</name>
      </trkpt>
      <trkpt lat="51.01686" lon="4.13948">
        <name>X</name>
      </trkpt>
      <trkpt lat="51.01686" lon="4.13948">
        <name>X</name>
      </trkpt>
      <trkpt lat="51.01705" lon="4.13899">
        <name>X</name>
      </trkpt>
      <trkpt lat="51.01774" lon="4.13779">
        <name>X</name>
      </trkpt>
      <trkpt lat="51.01834" lon="4.13642">
        <name>X</name>
      </trkpt>
      <trkpt lat="51.01834" lon="4.13642">
        <name>X</name>
      </trkpt>
      <trkpt lat="51.01849" lon="4.13605">
        <name>X</name>
      </trkpt>
      <trkpt lat="51.0189" lon="4.13461">
        <name>X</name>
      </trkpt>
      <trkpt lat="51.01918" lon="4.13384">
        <name>X</name>
      </trkpt>
      <trkpt lat="51.01986" lon="4.13234">
        <name>X</name>
      </trkpt>
      <trkpt lat="51.02021" lon="4.13165">
        <name>X</name>
      </trkpt>
      <trkpt lat="51.02098" lon="4.13024">
        <name>X</name>
      </trkpt>
      <trkpt lat="51.02124" lon="4.12968">
        <name>X</name>
      </trkpt>
      <trkpt lat="51.02124" lon="4.12968">
        <name>X</name>
      </trkpt>
      <trkpt lat="51.02141" lon="4.12798">
        <name>X</name>
      </trkpt>
      <trkpt lat="51.02139" lon="4.12732">
        <name>X</name>
      </trkpt>
      <trkpt lat="51.02137" lon="4.12717">
        <name>X</name>
      </trkpt>
      <trkpt lat="51.02117" lon="4.12646">
        <name>X</name>
      </trkpt>
      <trkpt lat="51.02113" lon="4.12627">
        <name>X</name>
      </trkpt>
      <trkpt lat="51.02019" lon="4.12391">
        <name>X</name>
      </trkpt>
      <trkpt lat="51.02001" lon="4.12348">
        <name>X</name>
      </trkpt>
      <trkpt lat="51.01999" lon="4.12331">
        <name>X</name>
      </trkpt>
      <trkpt lat="51.01999" lon="4.1232">
        <name>X</name>
      </trkpt>
      <trkpt lat="51.02038" lon="4.12213">
        <name>X</name>
      </trkpt>
      <trkpt lat="51.02062" lon="4.12144">
        <name>X</name>
      </trkpt>
      <trkpt lat="51.02062" lon="4.12144">
        <name>X</name>
      </trkpt>
      <trkpt lat="51.02089" lon="4.12039">
        <name>X</name>
      </trkpt>
      <trkpt lat="51.02109" lon="4.11987">
        <name>X</name>
      </trkpt>
      <trkpt lat="51.02134" lon="4.11929">
        <name>X</name>
      </trkpt>
      <trkpt lat="51.02134" lon="4.11929">
        <name>X</name>
      </trkpt>
      <trkpt lat="51.02145" lon="4.11887">
        <name>X</name>
      </trkpt>
      <trkpt lat="51.0215" lon="4.11854">
        <name>X</name>
      </trkpt>
      <trkpt lat="51.02156" lon="4.11818">
        <name>X</name>
      </trkpt>
      <trkpt lat="51.0216" lon="4.11764">
        <name>X</name>
      </trkpt>
      <trkpt lat="51.02158" lon="4.11749">
        <name>X</name>
      </trkpt>
      <trkpt lat="51.02134" lon="4.11698">
        <name>X</name>
      </trkpt>
      <trkpt lat="51.0213" lon="4.11691">
        <name>X</name>
      </trkpt>
      <trkpt lat="51.0216" lon="4.11552">
        <name>X</name>
      </trkpt>
      <trkpt lat="51.02173" lon="4.11463">
        <name>X</name>
      </trkpt>
      <trkpt lat="51.02186" lon="4.11221">
        <name>X</name>
      </trkpt>
      <trkpt lat="51.02186" lon="4.11172">
        <name>X</name>
      </trkpt>
      <trkpt lat="51.0219" lon="4.11142">
        <name>X</name>
      </trkpt>
      <trkpt lat="51.02197" lon="4.1111">
        <name>X</name>
      </trkpt>
      <trkpt lat="51.02214" lon="4.1106">
        <name>X</name>
      </trkpt>
      <trkpt lat="51.02222" lon="4.11035">
        <name>X</name>
      </trkpt>
      <trkpt lat="51.02272" lon="4.10852">
        <name>X</name>
      </trkpt>
      <trkpt lat="51.0231" lon="4.10736">
        <name>X</name>
      </trkpt>
      <trkpt lat="51.02313" lon="4.10704">
        <name>X</name>
      </trkpt>
      <trkpt lat="51.02315" lon="4.10689">
        <name>X</name>
      </trkpt>
      <trkpt lat="51.02315" lon="4.10689">
        <name>X</name>
      </trkpt>
      <trkpt lat="51.02313" lon="4.10668">
        <name>X</name>
      </trkpt>
      <trkpt lat="51.02298" lon="4.10627">
        <name>X</name>
      </trkpt>
      <trkpt lat="51.02293" lon="4.10601">
        <name>X</name>
      </trkpt>
      <trkpt lat="51.02238" lon="4.10693">
        <name>X</name>
      </trkpt>
      <trkpt lat="51.02229" lon="4.10693">
        <name>X</name>
      </trkpt>
      <trkpt lat="51.02231" lon="4.10687">
        <name>X</name>
      </trkpt>
      <trkpt lat="51.0227" lon="4.10569">
        <name>X</name>
      </trkpt>
      <trkpt lat="51.02293" lon="4.10524">
        <name>X</name>
      </trkpt>
      <trkpt lat="51.02304" lon="4.10509">
        <name>X</name>
      </trkpt>
      <trkpt lat="51.02375" lon="4.10438">
        <name>X</name>
      </trkpt>
      <trkpt lat="51.02381" lon="4.10432">
        <name>X</name>
      </trkpt>
      <trkpt lat="51.02448" lon="4.10344">
        <name>X</name>
      </trkpt>
      <trkpt lat="51.02523" lon="4.10245">
        <name>X</name>
      </trkpt>
      <trkpt lat="51.02523" lon="4.10245">
        <name>X</name>
      </trkpt>
      <trkpt lat="51.02536" lon="4.10234">
        <name>X</name>
      </trkpt>
      <trkpt lat="51.02544" lon="4.10232">
        <name>X</name>
      </trkpt>
      <trkpt lat="51.02566" lon="4.10234">
        <name>X</name>
      </trkpt>
      <trkpt lat="51.02576" lon="4.10219">
        <name>X</name>
      </trkpt>
      <trkpt lat="51.02581" lon="4.10215">
        <name>X</name>
      </trkpt>
      <trkpt lat="51.02572" lon="4.10191">
        <name>X</name>
      </trkpt>
      <trkpt lat="51.0257" lon="4.10181">
        <name>X</name>
      </trkpt>
      <trkpt lat="51.02566" lon="4.10174">
        <name>X</name>
      </trkpt>
      <trkpt lat="51.02568" lon="4.1017">
        <name>X</name>
      </trkpt>
      <trkpt lat="51.02684" lon="4.10056">
        <name>X</name>
      </trkpt>
      <trkpt lat="51.02712" lon="4.10035">
        <name>X</name>
      </trkpt>
      <trkpt lat="51.0277" lon="4.0996">
        <name>X</name>
      </trkpt>
      <trkpt lat="51.02778" lon="4.09949">
        <name>X</name>
      </trkpt>
      <trkpt lat="51.02742" lon="4.09874">
        <name>X</name>
      </trkpt>
      <trkpt lat="51.02733" lon="4.09859">
        <name>X</name>
      </trkpt>
      <trkpt lat="51.02718" lon="4.09869">
        <name>X</name>
      </trkpt>
      <trkpt lat="51.02714" lon="4.09861">
        <name>X</name>
      </trkpt>
      <trkpt lat="51.02682" lon="4.09685">
        <name>X</name>
      </trkpt>
      <trkpt lat="51.02684" lon="4.09678">
        <name>X</name>
      </trkpt>
      <trkpt lat="51.02717" lon="4.09655">
        <name>X</name>
      </trkpt>
      <trkpt lat="51.02744" lon="4.09636">
        <name>X</name>
      </trkpt>
      <trkpt lat="51.02744" lon="4.09636">
        <name>X</name>
      </trkpt>
      <trkpt lat="51.02748" lon="4.09633">
        <name>X</name>
      </trkpt>
      <trkpt lat="51.02755" lon="4.09638">
        <name>X</name>
      </trkpt>
      <trkpt lat="51.02757" lon="4.09644">
        <name>X</name>
      </trkpt>
      <trkpt lat="51.02752" lon="4.09666">
        <name>X</name>
      </trkpt>
      <trkpt lat="51.02755" lon="4.09678">
        <name>X</name>
      </trkpt>
      <trkpt lat="51.02744" lon="4.09747">
        <name>X</name>
      </trkpt>
      <trkpt lat="51.02733" lon="4.09829">
        <name>X</name>
      </trkpt>
      <trkpt lat="51.02733" lon="4.09848">
        <name>X</name>
      </trkpt>
      <trkpt lat="51.02782" lon="4.09942">
        <name>X</name>
      </trkpt>
      <trkpt lat="51.02808" lon="4.09912">
        <name>X</name>
      </trkpt>
      <trkpt lat="51.02817" lon="4.09897">
        <name>X</name>
      </trkpt>
      <trkpt lat="51.02845" lon="4.09882">
        <name>X</name>
      </trkpt>
      <trkpt lat="51.02858" lon="4.09878">
        <name>X</name>
      </trkpt>
      <trkpt lat="51.02873" lon="4.09876">
        <name>X</name>
      </trkpt>
      <trkpt lat="51.029" lon="4.09872">
        <name>X</name>
      </trkpt>
      <trkpt lat="51.029" lon="4.09872">
        <name>X</name>
      </trkpt>
      <trkpt lat="51.02907" lon="4.09874">
        <name>X</name>
      </trkpt>
      <trkpt lat="51.02916" lon="4.09884">
        <name>X</name>
      </trkpt>
      <trkpt lat="51.0295" lon="4.09908">
        <name>X</name>
      </trkpt>
      <trkpt lat="51.02963" lon="4.0991">
        <name>X</name>
      </trkpt>
      <trkpt lat="51.02978" lon="4.09908">
        <name>X</name>
      </trkpt>
      <trkpt lat="51.02991" lon="4.09904">
        <name>X</name>
      </trkpt>
      <trkpt lat="51.03004" lon="4.099">
        <name>X</name>
      </trkpt>
      <trkpt lat="51.03021" lon="4.09859">
        <name>X</name>
      </trkpt>
      <trkpt lat="51.0304" lon="4.09829">
        <name>X</name>
      </trkpt>
      <trkpt lat="51.03066" lon="4.09846">
        <name>X</name>
      </trkpt>
      <trkpt lat="51.03072" lon="4.09848">
        <name>X</name>
      </trkpt>
      <trkpt lat="51.03087" lon="4.09844">
        <name>X</name>
      </trkpt>
      <trkpt lat="51.03122" lon="4.09857">
        <name>X</name>
      </trkpt>
      <trkpt lat="51.03141" lon="4.09874">
        <name>X</name>
      </trkpt>
      <trkpt lat="51.03149" lon="4.09874">
        <name>X</name>
      </trkpt>
      <trkpt lat="51.03149" lon="4.09884">
        <name>X</name>
      </trkpt>
      <trkpt lat="51.03154" lon="4.09897">
        <name>X</name>
      </trkpt>
      <trkpt lat="51.03184" lon="4.0996">
        <name>X</name>
      </trkpt>
      <trkpt lat="51.03188" lon="4.0997">
        <name>X</name>
      </trkpt>
      <trkpt lat="51.03199" lon="4.10009">
        <name>X</name>
      </trkpt>
      <trkpt lat="51.03205" lon="4.10035">
        <name>X</name>
      </trkpt>
      <trkpt lat="51.03214" lon="4.10142">
        <name>X</name>
      </trkpt>
      <trkpt lat="51.03222" lon="4.10213">
        <name>X</name>
      </trkpt>
      <trkpt lat="51.03274" lon="4.10191">
        <name>X</name>
      </trkpt>
      <trkpt lat="51.03302" lon="4.10181">
        <name>X</name>
      </trkpt>
      <trkpt lat="51.03308" lon="4.10181">
        <name>X</name>
      </trkpt>
      <trkpt lat="51.03315" lon="4.10185">
        <name>X</name>
      </trkpt>
      <trkpt lat="51.03325" lon="4.10185">
        <name>X</name>
      </trkpt>
      <trkpt lat="51.0333" lon="4.10185">
        <name>X</name>
      </trkpt>
      <trkpt lat="51.0333" lon="4.10185">
        <name>X</name>
      </trkpt>
      <trkpt lat="51.0333" lon="4.10181">
        <name>X</name>
      </trkpt>
      <trkpt lat="51.03336" lon="4.10181">
        <name>X</name>
      </trkpt>
      <trkpt lat="51.03349" lon="4.10174">
        <name>X</name>
      </trkpt>
      <trkpt lat="51.03349" lon="4.10174">
        <name>X</name>
      </trkpt>
      <trkpt lat="51.03355" lon="4.10183">
        <name>X</name>
      </trkpt>
      <trkpt lat="51.03364" lon="4.10181">
        <name>X</name>
      </trkpt>
      <trkpt lat="51.03368" lon="4.10181">
        <name>X</name>
      </trkpt>
      <trkpt lat="51.03363" lon="4.10209">
        <name>X</name>
      </trkpt>
      <trkpt lat="51.03362" lon="4.10217">
        <name>X</name>
      </trkpt>
      <trkpt lat="51.03358" lon="4.10312">
        <name>X</name>
      </trkpt>
      <trkpt lat="51.0336" lon="4.10348">
        <name>X</name>
      </trkpt>
      <trkpt lat="51.03385" lon="4.10509">
        <name>X</name>
      </trkpt>
      <trkpt lat="51.0339" lon="4.10539">
        <name>X</name>
      </trkpt>
      <trkpt lat="51.03416" lon="4.10631">
        <name>X</name>
      </trkpt>
      <trkpt lat="51.03418" lon="4.10636">
        <name>X</name>
      </trkpt>
      <trkpt lat="51.03418" lon="4.10636">
        <name>X</name>
      </trkpt>
      <trkpt lat="51.034" lon="4.10638">
        <name>X</name>
      </trkpt>
      <trkpt lat="51.03381" lon="4.10655">
        <name>X</name>
      </trkpt>
      <trkpt lat="51.03368" lon="4.10683">
        <name>X</name>
      </trkpt>
      <trkpt lat="51.03366" lon="4.10704">
        <name>X</name>
      </trkpt>
      <trkpt lat="51.03368" lon="4.10734">
        <name>X</name>
      </trkpt>
      <trkpt lat="51.03381" lon="4.10756">
        <name>X</name>
      </trkpt>
      <trkpt lat="51.03388" lon="4.10762">
        <name>X</name>
      </trkpt>
      <trkpt lat="51.03388" lon="4.10762">
        <name>X</name>
      </trkpt>
      <trkpt lat="51.03407" lon="4.10756">
        <name>X</name>
      </trkpt>
      <trkpt lat="51.03435" lon="4.10734">
        <name>X</name>
      </trkpt>
      <trkpt lat="51.03441" lon="4.10728">
        <name>X</name>
      </trkpt>
      <trkpt lat="51.03613" lon="4.10502">
        <name>X</name>
      </trkpt>
      <trkpt lat="51.03617" lon="4.10498">
        <name>X</name>
      </trkpt>
      <trkpt lat="51.03628" lon="4.10481">
        <name>X</name>
      </trkpt>
      <trkpt lat="51.03643" lon="4.10447">
        <name>X</name>
      </trkpt>
      <trkpt lat="51.03669" lon="4.10363">
        <name>X</name>
      </trkpt>
      <trkpt lat="51.03684" lon="4.10318">
        <name>X</name>
      </trkpt>
      <trkpt lat="51.03712" lon="4.10271">
        <name>X</name>
      </trkpt>
      <trkpt lat="51.03716" lon="4.10266">
        <name>X</name>
      </trkpt>
      <trkpt lat="51.03722" lon="4.10262">
        <name>X</name>
      </trkpt>
      <trkpt lat="51.03727" lon="4.10262">
        <name>X</name>
      </trkpt>
      <trkpt lat="51.03735" lon="4.10253">
        <name>X</name>
      </trkpt>
      <trkpt lat="51.03757" lon="4.10236">
        <name>X</name>
      </trkpt>
      <trkpt lat="51.03776" lon="4.10226">
        <name>X</name>
      </trkpt>
      <trkpt lat="51.03791" lon="4.10221">
        <name>X</name>
      </trkpt>
      <trkpt lat="51.03895" lon="4.10206">
        <name>X</name>
      </trkpt>
      <trkpt lat="51.03903" lon="4.10206">
        <name>X</name>
      </trkpt>
      <trkpt lat="51.0396" lon="4.10206">
        <name>X</name>
      </trkpt>
      <trkpt lat="51.03988" lon="4.10206">
        <name>X</name>
      </trkpt>
      <trkpt lat="51.03991" lon="4.10209">
        <name>X</name>
      </trkpt>
      <trkpt lat="51.03997" lon="4.10213">
        <name>X</name>
      </trkpt>
      <trkpt lat="51.04055" lon="4.10219">
        <name>X</name>
      </trkpt>
      <trkpt lat="51.04072" lon="4.10219">
        <name>X</name>
      </trkpt>
      <trkpt lat="51.04085" lon="4.10215">
        <name>X</name>
      </trkpt>
      <trkpt lat="51.04094" lon="4.10211">
        <name>X</name>
      </trkpt>
      <trkpt lat="51.04102" lon="4.10201">
        <name>X</name>
      </trkpt>
      <trkpt lat="51.04109" lon="4.10193">
        <name>X</name>
      </trkpt>
      <trkpt lat="51.04113" lon="4.10204">
        <name>X</name>
      </trkpt>
      <trkpt lat="51.04116" lon="4.10201">
        <name>X</name>
      </trkpt>
      <trkpt lat="51.04139" lon="4.10155">
        <name>X</name>
      </trkpt>
      <trkpt lat="51.04149" lon="4.10133">
        <name>X</name>
      </trkpt>
      <trkpt lat="51.04274" lon="4.09831">
        <name>X</name>
      </trkpt>
      <trkpt lat="51.04304" lon="4.09758">
        <name>X</name>
      </trkpt>
      <trkpt lat="51.04546" lon="4.09183">
        <name>X</name>
      </trkpt>
      <trkpt lat="51.04557" lon="4.09157">
        <name>X</name>
      </trkpt>
      <trkpt lat="51.04576" lon="4.09129">
        <name>X</name>
      </trkpt>
      <trkpt lat="51.04596" lon="4.09112">
        <name>X</name>
      </trkpt>
      <trkpt lat="51.04602" lon="4.09108">
        <name>X</name>
      </trkpt>
      <trkpt lat="51.04735" lon="4.09033">
        <name>X</name>
      </trkpt>
      <trkpt lat="51.04765" lon="4.09013">
        <name>X</name>
      </trkpt>
      <trkpt lat="51.04789" lon="4.09">
        <name>X</name>
      </trkpt>
      <trkpt lat="51.04804" lon="4.08988">
        <name>X</name>
      </trkpt>
      <trkpt lat="51.0483" lon="4.08966">
        <name>X</name>
      </trkpt>
      <trkpt lat="51.0487" lon="4.08917">
        <name>X</name>
      </trkpt>
      <trkpt lat="51.04885" lon="4.08895">
        <name>X</name>
      </trkpt>
      <trkpt lat="51.04905" lon="4.08859">
        <name>X</name>
      </trkpt>
      <trkpt lat="51.04926" lon="4.08816">
        <name>X</name>
      </trkpt>
      <trkpt lat="51.04956" lon="4.08717">
        <name>X</name>
      </trkpt>
      <trkpt lat="51.04967" lon="4.0867">
        <name>X</name>
      </trkpt>
      <trkpt lat="51.05068" lon="4.08157">
        <name>X</name>
      </trkpt>
      <trkpt lat="51.05098" lon="4.08007">
        <name>X</name>
      </trkpt>
      <trkpt lat="51.05145" lon="4.07775">
        <name>X</name>
      </trkpt>
      <trkpt lat="51.0516" lon="4.077">
        <name>X</name>
      </trkpt>
      <trkpt lat="51.05175" lon="4.0764">
        <name>X</name>
      </trkpt>
      <trkpt lat="51.05182" lon="4.07608">
        <name>X</name>
      </trkpt>
      <trkpt lat="51.05184" lon="4.07591">
        <name>X</name>
      </trkpt>
      <trkpt lat="51.05184" lon="4.07578">
        <name>X</name>
      </trkpt>
      <trkpt lat="51.05256" lon="4.07217">
        <name>X</name>
      </trkpt>
      <trkpt lat="51.05355" lon="4.06726">
        <name>X</name>
      </trkpt>
      <trkpt lat="51.05377" lon="4.0664">
        <name>X</name>
      </trkpt>
      <trkpt lat="51.05381" lon="4.06638">
        <name>X</name>
      </trkpt>
      <trkpt lat="51.05439" lon="4.06391">
        <name>X</name>
      </trkpt>
      <trkpt lat="51.05467" lon="4.0629">
        <name>X</name>
      </trkpt>
      <trkpt lat="51.05467" lon="4.0629">
        <name>X</name>
      </trkpt>
      <trkpt lat="51.05482" lon="4.06247">
        <name>X</name>
      </trkpt>
      <trkpt lat="51.05503" lon="4.06232">
        <name>X</name>
      </trkpt>
      <trkpt lat="51.05508" lon="4.06226">
        <name>X</name>
      </trkpt>
      <trkpt lat="51.0551" lon="4.0622">
        <name>X</name>
      </trkpt>
      <trkpt lat="51.05512" lon="4.06211">
        <name>X</name>
      </trkpt>
      <trkpt lat="51.0551" lon="4.06185">
        <name>X</name>
      </trkpt>
      <trkpt lat="51.0551" lon="4.0617">
        <name>X</name>
      </trkpt>
      <trkpt lat="51.05531" lon="4.06119">
        <name>X</name>
      </trkpt>
      <trkpt lat="51.05566" lon="4.06048">
        <name>X</name>
      </trkpt>
      <trkpt lat="51.056" lon="4.05988">
        <name>X</name>
      </trkpt>
      <trkpt lat="51.0563" lon="4.05943">
        <name>X</name>
      </trkpt>
      <trkpt lat="51.05696" lon="4.05857">
        <name>X</name>
      </trkpt>
      <trkpt lat="51.05716" lon="4.05838">
        <name>X</name>
      </trkpt>
      <trkpt lat="51.05716" lon="4.05838">
        <name>X</name>
      </trkpt>
      <trkpt lat="51.05763" lon="4.05799">
        <name>X</name>
      </trkpt>
      <trkpt lat="51.05784" lon="4.05801">
        <name>X</name>
      </trkpt>
      <trkpt lat="51.05789" lon="4.05799">
        <name>X</name>
      </trkpt>
      <trkpt lat="51.05789" lon="4.05799">
        <name>X</name>
      </trkpt>
      <trkpt lat="51.05797" lon="4.0579">
        <name>X</name>
      </trkpt>
      <trkpt lat="51.05804" lon="4.05769">
        <name>X</name>
      </trkpt>
      <trkpt lat="51.05806" lon="4.05762">
        <name>X</name>
      </trkpt>
      <trkpt lat="51.05834" lon="4.05732">
        <name>X</name>
      </trkpt>
      <trkpt lat="51.05855" lon="4.05707">
        <name>X</name>
      </trkpt>
      <trkpt lat="51.06023" lon="4.05559">
        <name>X</name>
      </trkpt>
      <trkpt lat="51.06036" lon="4.05548">
        <name>X</name>
      </trkpt>
      <trkpt lat="51.06115" lon="4.05498">
        <name>X</name>
      </trkpt>
      <trkpt lat="51.06119" lon="4.05496">
        <name>X</name>
      </trkpt>
      <trkpt lat="51.06143" lon="4.05496">
        <name>X</name>
      </trkpt>
      <trkpt lat="51.06147" lon="4.05494">
        <name>X</name>
      </trkpt>
      <trkpt lat="51.06147" lon="4.05494">
        <name>X</name>
      </trkpt>
      <trkpt lat="51.06156" lon="4.05486">
        <name>X</name>
      </trkpt>
      <trkpt lat="51.06162" lon="4.05471">
        <name>X</name>
      </trkpt>
      <trkpt lat="51.06166" lon="4.05466">
        <name>X</name>
      </trkpt>
      <trkpt lat="51.06196" lon="4.05449">
        <name>X</name>
      </trkpt>
      <trkpt lat="51.06203" lon="4.05436">
        <name>X</name>
      </trkpt>
      <trkpt lat="51.0622" lon="4.0543">
        <name>X</name>
      </trkpt>
      <trkpt lat="51.06293" lon="4.05398">
        <name>X</name>
      </trkpt>
      <trkpt lat="51.06295" lon="4.0541">
        <name>X</name>
      </trkpt>
      <trkpt lat="51.06299" lon="4.05417">
        <name>X</name>
      </trkpt>
      <trkpt lat="51.06342" lon="4.05449">
        <name>X</name>
      </trkpt>
      <trkpt lat="51.06364" lon="4.05473">
        <name>X</name>
      </trkpt>
      <trkpt lat="51.06364" lon="4.05473">
        <name>X</name>
      </trkpt>
      <trkpt lat="51.06392" lon="4.05526">
        <name>X</name>
      </trkpt>
      <trkpt lat="51.064" lon="4.05528">
        <name>X</name>
      </trkpt>
      <trkpt lat="51.06407" lon="4.05526">
        <name>X</name>
      </trkpt>
      <trkpt lat="51.06417" lon="4.05516">
        <name>X</name>
      </trkpt>
      <trkpt lat="51.06454" lon="4.05481">
        <name>X</name>
      </trkpt>
      <trkpt lat="51.0648" lon="4.05464">
        <name>X</name>
      </trkpt>
      <trkpt lat="51.06512" lon="4.05443">
        <name>X</name>
      </trkpt>
      <trkpt lat="51.06572" lon="4.05389">
        <name>X</name>
      </trkpt>
      <trkpt lat="51.06583" lon="4.05378">
        <name>X</name>
      </trkpt>
      <trkpt lat="51.06673" lon="4.05331">
        <name>X</name>
      </trkpt>
      <trkpt lat="51.06681" lon="4.05329">
        <name>X</name>
      </trkpt>
      <trkpt lat="51.06684" lon="4.05308">
        <name>X</name>
      </trkpt>
      <trkpt lat="51.06694" lon="4.0525">
        <name>X</name>
      </trkpt>
      <trkpt lat="51.06694" lon="4.0525">
        <name>X</name>
      </trkpt>
      <trkpt lat="51.06707" lon="4.0525">
        <name>X</name>
      </trkpt>
      <trkpt lat="51.0687" lon="4.052">
        <name>X</name>
      </trkpt>
      <trkpt lat="51.06879" lon="4.05192">
        <name>X</name>
      </trkpt>
      <trkpt lat="51.06922" lon="4.05093">
        <name>X</name>
      </trkpt>
      <trkpt lat="51.06922" lon="4.0508">
        <name>X</name>
      </trkpt>
      <trkpt lat="51.06885" lon="4.0499">
        <name>X</name>
      </trkpt>
      <trkpt lat="51.06868" lon="4.04943">
        <name>X</name>
      </trkpt>
      <trkpt lat="51.06827" lon="4.04868">
        <name>X</name>
      </trkpt>
      <trkpt lat="51.06816" lon="4.04855">
        <name>X</name>
      </trkpt>
      <trkpt lat="51.06836" lon="4.04812">
        <name>X</name>
      </trkpt>
      <trkpt lat="51.06847" lon="4.0479">
        <name>X</name>
      </trkpt>
      <trkpt lat="51.06847" lon="4.04782">
        <name>X</name>
      </trkpt>
      <trkpt lat="51.06847" lon="4.04767">
        <name>X</name>
      </trkpt>
      <trkpt lat="51.06838" lon="4.04668">
        <name>X</name>
      </trkpt>
      <trkpt lat="51.06836" lon="4.04651">
        <name>X</name>
      </trkpt>
      <trkpt lat="51.06838" lon="4.0464">
        <name>X</name>
      </trkpt>
      <trkpt lat="51.06838" lon="4.04634">
        <name>X</name>
      </trkpt>
      <trkpt lat="51.06829" lon="4.04533">
        <name>X</name>
      </trkpt>
      <trkpt lat="51.06827" lon="4.04501">
        <name>X</name>
      </trkpt>
      <trkpt lat="51.06823" lon="4.04492">
        <name>X</name>
      </trkpt>
      <trkpt lat="51.06816" lon="4.04481">
        <name>X</name>
      </trkpt>
      <trkpt lat="51.06816" lon="4.04481">
        <name>X</name>
      </trkpt>
      <trkpt lat="51.06827" lon="4.04462">
        <name>X</name>
      </trkpt>
      <trkpt lat="51.06861" lon="4.04454">
        <name>X</name>
      </trkpt>
      <trkpt lat="51.06887" lon="4.04449">
        <name>X</name>
      </trkpt>
      <trkpt lat="51.06834" lon="4.04273">
        <name>X</name>
      </trkpt>
      <trkpt lat="51.06825" lon="4.04271">
        <name>X</name>
      </trkpt>
      <trkpt lat="51.06825" lon="4.04241">
        <name>X</name>
      </trkpt>
      <trkpt lat="51.06825" lon="4.04205">
        <name>X</name>
      </trkpt>
      <trkpt lat="51.06847" lon="4.0402">
        <name>X</name>
      </trkpt>
      <trkpt lat="51.06849" lon="4.04012">
        <name>X</name>
      </trkpt>
      <trkpt lat="51.06847" lon="4.03988">
        <name>X</name>
      </trkpt>
      <trkpt lat="51.06844" lon="4.03973">
        <name>X</name>
      </trkpt>
      <trkpt lat="51.06834" lon="4.03958">
        <name>X</name>
      </trkpt>
      <trkpt lat="51.06823" lon="4.03945">
        <name>X</name>
      </trkpt>
      <trkpt lat="51.06817" lon="4.03919">
        <name>X</name>
      </trkpt>
      <trkpt lat="51.06808" lon="4.0388">
        <name>X</name>
      </trkpt>
      <trkpt lat="51.06832" lon="4.03856">
        <name>X</name>
      </trkpt>
      <trkpt lat="51.06818" lon="4.0379">
        <name>X</name>
      </trkpt>
      <trkpt lat="51.06826" lon="4.03781">
        <name>X</name>
      </trkpt>
      <trkpt lat="51.06834" lon="4.03773">
        <name>X</name>
      </trkpt>
      <trkpt lat="51.06844" lon="4.03769">
        <name>X</name>
      </trkpt>
      <trkpt lat="51.06864" lon="4.03769">
        <name>X</name>
      </trkpt>
      <trkpt lat="51.0699" lon="4.03672">
        <name>X</name>
      </trkpt>
      <trkpt lat="51.07025" lon="4.03649">
        <name>X</name>
      </trkpt>
      <trkpt lat="51.07025" lon="4.03649">
        <name>X</name>
      </trkpt>
      <trkpt lat="51.07018" lon="4.03621">
        <name>X</name>
      </trkpt>
      <trkpt lat="51.07078" lon="4.0358">
        <name>X</name>
      </trkpt>
      <trkpt lat="51.07091" lon="4.03569">
        <name>X</name>
      </trkpt>
      <trkpt lat="51.07128" lon="4.0352">
        <name>X</name>
      </trkpt>
      <trkpt lat="51.0714" lon="4.0349">
        <name>X</name>
      </trkpt>
      <trkpt lat="51.07211" lon="4.03443">
        <name>X</name>
      </trkpt>
      <trkpt lat="51.07224" lon="4.03434">
        <name>X</name>
      </trkpt>
      <trkpt lat="51.07316" lon="4.03342">
        <name>X</name>
      </trkpt>
      <trkpt lat="51.07321" lon="4.03338">
        <name>X</name>
      </trkpt>
      <trkpt lat="51.07321" lon="4.03338">
        <name>X</name>
      </trkpt>
      <trkpt lat="51.07334" lon="4.03331">
        <name>X</name>
      </trkpt>
      <trkpt lat="51.07338" lon="4.03336">
        <name>X</name>
      </trkpt>
      <trkpt lat="51.07368" lon="4.0331">
        <name>X</name>
      </trkpt>
      <trkpt lat="51.07394" lon="4.03284">
        <name>X</name>
      </trkpt>
      <trkpt lat="51.07396" lon="4.03278">
        <name>X</name>
      </trkpt>
      <trkpt lat="51.0745" lon="4.03235">
        <name>X</name>
      </trkpt>
      <trkpt lat="51.0745" lon="4.03196">
        <name>X</name>
      </trkpt>
      <trkpt lat="51.07658" lon="4.03031">
        <name>X</name>
      </trkpt>
      <trkpt lat="51.07664" lon="4.03024">
        <name>X</name>
      </trkpt>
      <trkpt lat="51.0767" lon="4.03037">
        <name>X</name>
      </trkpt>
      <trkpt lat="51.07688" lon="4.03069">
        <name>X</name>
      </trkpt>
      <trkpt lat="51.07722" lon="4.03125">
        <name>X</name>
      </trkpt>
      <trkpt lat="51.07765" lon="4.03194">
        <name>X</name>
      </trkpt>
      <trkpt lat="51.07853" lon="4.03344">
        <name>X</name>
      </trkpt>
      <trkpt lat="51.07892" lon="4.03408">
        <name>X</name>
      </trkpt>
      <trkpt lat="51.07932" lon="4.03484">
        <name>X</name>
      </trkpt>
      <trkpt lat="51.07986" lon="4.03587">
        <name>X</name>
      </trkpt>
      <trkpt lat="51.07986" lon="4.03587">
        <name>X</name>
      </trkpt>
      <trkpt lat="51.07992" lon="4.03591">
        <name>X</name>
      </trkpt>
      <trkpt lat="51.07999" lon="4.03589">
        <name>X</name>
      </trkpt>
      <trkpt lat="51.08005" lon="4.03584">
        <name>X</name>
      </trkpt>
      <trkpt lat="51.0811" lon="4.03496">
        <name>X</name>
      </trkpt>
      <trkpt lat="51.08121" lon="4.03492">
        <name>X</name>
      </trkpt>
      <trkpt lat="51.08121" lon="4.03492">
        <name>X</name>
      </trkpt>
      <trkpt lat="51.08128" lon="4.03494">
        <name>X</name>
      </trkpt>
      <trkpt lat="51.08153" lon="4.03557">
        <name>X</name>
      </trkpt>
      <trkpt lat="51.08183" lon="4.03621">
        <name>X</name>
      </trkpt>
      <trkpt lat="51.07907" lon="4.04018">
        <name>X</name>
      </trkpt>
      <trkpt lat="51.07892" lon="4.04039">
        <name>X</name>
      </trkpt>
      <trkpt lat="51.07892" lon="4.04039">
        <name>X</name>
      </trkpt>
      <trkpt lat="51.07876" lon="4.04056">
        <name>X</name>
      </trkpt>
      <trkpt lat="51.07819" lon="4.04106">
        <name>X</name>
      </trkpt>
      <trkpt lat="51.07793" lon="4.04127">
        <name>X</name>
      </trkpt>
      <trkpt lat="51.07778" lon="4.04134">
        <name>X</name>
      </trkpt>
      <trkpt lat="51.07786" lon="4.04155">
        <name>X</name>
      </trkpt>
      <trkpt lat="51.07853" lon="4.04209">
        <name>X</name>
      </trkpt>
      <trkpt lat="51.079" lon="4.04256">
        <name>X</name>
      </trkpt>
      <trkpt lat="51.07911" lon="4.04284">
        <name>X</name>
      </trkpt>
      <trkpt lat="51.07911" lon="4.04299">
        <name>X</name>
      </trkpt>
      <trkpt lat="51.07928" lon="4.04314">
        <name>X</name>
      </trkpt>
      <trkpt lat="51.07934" lon="4.04323">
        <name>X</name>
      </trkpt>
      <trkpt lat="51.07956" lon="4.04329">
        <name>X</name>
      </trkpt>
      <trkpt lat="51.07967" lon="4.04336">
        <name>X</name>
      </trkpt>
      <trkpt lat="51.08156" lon="4.04544">
        <name>X</name>
      </trkpt>
      <trkpt lat="51.08173" lon="4.04563">
        <name>X</name>
      </trkpt>
      <trkpt lat="51.08201" lon="4.04606">
        <name>X</name>
      </trkpt>
      <trkpt lat="51.0822" lon="4.0464">
        <name>X</name>
      </trkpt>
      <trkpt lat="51.08299" lon="4.04799">
        <name>X</name>
      </trkpt>
      <trkpt lat="51.08319" lon="4.04838">
        <name>X</name>
      </trkpt>
      <trkpt lat="51.08319" lon="4.04838">
        <name>X</name>
      </trkpt>
      <trkpt lat="51.08342" lon="4.04891">
        <name>X</name>
      </trkpt>
      <trkpt lat="51.08394" lon="4.05044">
        <name>X</name>
      </trkpt>
      <trkpt lat="51.08406" lon="4.0508">
        <name>X</name>
      </trkpt>
      <trkpt lat="51.0845" lon="4.05177">
        <name>X</name>
      </trkpt>
      <trkpt lat="51.08492" lon="4.05275">
        <name>X</name>
      </trkpt>
      <trkpt lat="51.08542" lon="4.05402">
        <name>X</name>
      </trkpt>
      <trkpt lat="51.08548" lon="4.05406">
        <name>X</name>
      </trkpt>
      <trkpt lat="51.08574" lon="4.05481">
        <name>X</name>
      </trkpt>
      <trkpt lat="51.0858" lon="4.05501">
        <name>X</name>
      </trkpt>
      <trkpt lat="51.08606" lon="4.05597">
        <name>X</name>
      </trkpt>
      <trkpt lat="51.0861" lon="4.05625">
        <name>X</name>
      </trkpt>
      <trkpt lat="51.08617" lon="4.05773">
        <name>X</name>
      </trkpt>
      <trkpt lat="51.08617" lon="4.05833">
        <name>X</name>
      </trkpt>
      <trkpt lat="51.08621" lon="4.05857">
        <name>X</name>
      </trkpt>
      <trkpt lat="51.08625" lon="4.05872">
        <name>X</name>
      </trkpt>
      <trkpt lat="51.08632" lon="4.05885">
        <name>X</name>
      </trkpt>
      <trkpt lat="51.08645" lon="4.05913">
        <name>X</name>
      </trkpt>
      <trkpt lat="51.08932" lon="4.06359">
        <name>X</name>
      </trkpt>
      <trkpt lat="51.08956" lon="4.06389">
        <name>X</name>
      </trkpt>
      <trkpt lat="51.0899" lon="4.06419">
        <name>X</name>
      </trkpt>
      <trkpt lat="51.0904" lon="4.06449">
        <name>X</name>
      </trkpt>
      <trkpt lat="51.09106" lon="4.06466">
        <name>X</name>
      </trkpt>
      <trkpt lat="51.09123" lon="4.0647">
        <name>X</name>
      </trkpt>
      <trkpt lat="51.09188" lon="4.06492">
        <name>X</name>
      </trkpt>
      <trkpt lat="51.09222" lon="4.06503">
        <name>X</name>
      </trkpt>
      <trkpt lat="51.09273" lon="4.06535">
        <name>X</name>
      </trkpt>
      <trkpt lat="51.09297" lon="4.06561">
        <name>X</name>
      </trkpt>
      <trkpt lat="51.09316" lon="4.06591">
        <name>X</name>
      </trkpt>
      <trkpt lat="51.0934" lon="4.06636">
        <name>X</name>
      </trkpt>
      <trkpt lat="51.09469" lon="4.06934">
        <name>X</name>
      </trkpt>
      <trkpt lat="51.09482" lon="4.06966">
        <name>X</name>
      </trkpt>
      <trkpt lat="51.09482" lon="4.06966">
        <name>X</name>
      </trkpt>
      <trkpt lat="51.09488" lon="4.06998">
        <name>X</name>
      </trkpt>
      <trkpt lat="51.09488" lon="4.06998">
        <name>X</name>
      </trkpt>
      <trkpt lat="51.09492" lon="4.07071">
        <name>X</name>
      </trkpt>
      <trkpt lat="51.09492" lon="4.07125">
        <name>X</name>
      </trkpt>
      <trkpt lat="51.09494" lon="4.07277">
        <name>X</name>
      </trkpt>
      <trkpt lat="51.09482" lon="4.07398">
        <name>X</name>
      </trkpt>
      <trkpt lat="51.09477" lon="4.07483">
        <name>X</name>
      </trkpt>
      <trkpt lat="51.09473" lon="4.075">
        <name>X</name>
      </trkpt>
      <trkpt lat="51.09469" lon="4.07509">
        <name>X</name>
      </trkpt>
      <trkpt lat="51.09467" lon="4.07608">
        <name>X</name>
      </trkpt>
      <trkpt lat="51.09464" lon="4.07638">
        <name>X</name>
      </trkpt>
      <trkpt lat="51.09464" lon="4.07638">
        <name>X</name>
      </trkpt>
      <trkpt lat="51.09464" lon="4.07659">
        <name>X</name>
      </trkpt>
      <trkpt lat="51.09469" lon="4.07674">
        <name>X</name>
      </trkpt>
      <trkpt lat="51.09469" lon="4.07689">
        <name>X</name>
      </trkpt>
      <trkpt lat="51.09462" lon="4.07857">
        <name>X</name>
      </trkpt>
      <trkpt lat="51.09462" lon="4.07878">
        <name>X</name>
      </trkpt>
      <trkpt lat="51.09462" lon="4.07878">
        <name>X</name>
      </trkpt>
      <trkpt lat="51.09464" lon="4.07919">
        <name>X</name>
      </trkpt>
      <trkpt lat="51.0949" lon="4.08039">
        <name>X</name>
      </trkpt>
      <trkpt lat="51.09497" lon="4.08084">
        <name>X</name>
      </trkpt>
      <trkpt lat="51.09518" lon="4.08305">
        <name>X</name>
      </trkpt>
      <trkpt lat="51.09533" lon="4.084">
        <name>X</name>
      </trkpt>
      <trkpt lat="51.09535" lon="4.08488">
        <name>X</name>
      </trkpt>
      <trkpt lat="51.09537" lon="4.087">
        <name>X</name>
      </trkpt>
      <trkpt lat="51.0954" lon="4.08736">
        <name>X</name>
      </trkpt>
      <trkpt lat="51.09542" lon="4.08794">
        <name>X</name>
      </trkpt>
      <trkpt lat="51.09546" lon="4.08816">
        <name>X</name>
      </trkpt>
      <trkpt lat="51.09561" lon="4.08852">
        <name>X</name>
      </trkpt>
      <trkpt lat="51.0955" lon="4.08943">
        <name>X</name>
      </trkpt>
      <trkpt lat="51.09552" lon="4.08962">
        <name>X</name>
      </trkpt>
      <trkpt lat="51.09516" lon="4.09082">
        <name>X</name>
      </trkpt>
      <trkpt lat="51.09516" lon="4.09106">
        <name>X</name>
      </trkpt>
      <trkpt lat="51.09492" lon="4.09118">
        <name>X</name>
      </trkpt>
      <trkpt lat="51.09469" lon="4.09133">
        <name>X</name>
      </trkpt>
      <trkpt lat="51.09297" lon="4.09249">
        <name>X</name>
      </trkpt>
      <trkpt lat="51.09252" lon="4.09282">
        <name>X</name>
      </trkpt>
      <trkpt lat="51.09252" lon="4.09282">
        <name>X</name>
      </trkpt>
      <trkpt lat="51.09256" lon="4.0932">
        <name>X</name>
      </trkpt>
      <trkpt lat="51.09256" lon="4.0932">
        <name>X</name>
      </trkpt>
      <trkpt lat="51.09254" lon="4.09342">
        <name>X</name>
      </trkpt>
      <trkpt lat="51.09256" lon="4.09365">
        <name>X</name>
      </trkpt>
      <trkpt lat="51.09258" lon="4.09384">
        <name>X</name>
      </trkpt>
      <trkpt lat="51.09269" lon="4.09445">
        <name>X</name>
      </trkpt>
      <trkpt lat="51.09295" lon="4.09548">
        <name>X</name>
      </trkpt>
      <trkpt lat="51.09299" lon="4.09578">
        <name>X</name>
      </trkpt>
      <trkpt lat="51.09304" lon="4.09616">
        <name>X</name>
      </trkpt>
      <trkpt lat="51.09306" lon="4.09676">
        <name>X</name>
      </trkpt>
      <trkpt lat="51.09304" lon="4.09708">
        <name>X</name>
      </trkpt>
      <trkpt lat="51.09304" lon="4.09708">
        <name>X</name>
      </trkpt>
      <trkpt lat="51.09293" lon="4.09835">
        <name>X</name>
      </trkpt>
      <trkpt lat="51.09282" lon="4.09897">
        <name>X</name>
      </trkpt>
      <trkpt lat="51.09273" lon="4.09953">
        <name>X</name>
      </trkpt>
      <trkpt lat="51.0923" lon="4.10127">
        <name>X</name>
      </trkpt>
      <trkpt lat="51.09226" lon="4.10155">
        <name>X</name>
      </trkpt>
      <trkpt lat="51.09233" lon="4.1029">
        <name>X</name>
      </trkpt>
      <trkpt lat="51.09226" lon="4.10361">
        <name>X</name>
      </trkpt>
      <trkpt lat="51.09226" lon="4.10361">
        <name>X</name>
      </trkpt>
      <trkpt lat="51.0922" lon="4.10393">
        <name>X</name>
      </trkpt>
      <trkpt lat="51.09186" lon="4.1046">
        <name>X</name>
      </trkpt>
      <trkpt lat="51.09166" lon="4.10496">
        <name>X</name>
      </trkpt>
      <trkpt lat="51.0914" lon="4.10768">
        <name>X</name>
      </trkpt>
      <trkpt lat="51.0914" lon="4.10773">
        <name>X</name>
      </trkpt>
      <trkpt lat="51.09142" lon="4.10796">
        <name>X</name>
      </trkpt>
      <trkpt lat="51.09149" lon="4.10801">
        <name>X</name>
      </trkpt>
      <trkpt lat="51.09224" lon="4.10773">
        <name>X</name>
      </trkpt>
      <trkpt lat="51.09233" lon="4.10771">
        <name>X</name>
      </trkpt>
      <trkpt lat="51.09248" lon="4.10779">
        <name>X</name>
      </trkpt>
      <trkpt lat="51.09256" lon="4.10788">
        <name>X</name>
      </trkpt>
      <trkpt lat="51.09256" lon="4.10788">
        <name>X</name>
      </trkpt>
      <trkpt lat="51.09271" lon="4.10811">
        <name>X</name>
      </trkpt>
      <trkpt lat="51.09297" lon="4.10872">
        <name>X</name>
      </trkpt>
      <trkpt lat="51.09304" lon="4.10893">
        <name>X</name>
      </trkpt>
      <trkpt lat="51.09306" lon="4.10904">
        <name>X</name>
      </trkpt>
      <trkpt lat="51.09306" lon="4.10947">
        <name>X</name>
      </trkpt>
      <trkpt lat="51.09301" lon="4.10985">
        <name>X</name>
      </trkpt>
      <trkpt lat="51.09291" lon="4.11028">
        <name>X</name>
      </trkpt>
      <trkpt lat="51.09316" lon="4.11032">
        <name>X</name>
      </trkpt>
      <trkpt lat="51.09334" lon="4.11032">
        <name>X</name>
      </trkpt>
      <trkpt lat="51.09456" lon="4.1102">
        <name>X</name>
      </trkpt>
      <trkpt lat="51.09512" lon="4.11013">
        <name>X</name>
      </trkpt>
      <trkpt lat="51.09512" lon="4.11013">
        <name>X</name>
      </trkpt>
      <trkpt lat="51.09518" lon="4.11039">
        <name>X</name>
      </trkpt>
      <trkpt lat="51.0954" lon="4.1109">
        <name>X</name>
      </trkpt>
      <trkpt lat="51.0955" lon="4.11127">
        <name>X</name>
      </trkpt>
      <trkpt lat="51.09574" lon="4.11311">
        <name>X</name>
      </trkpt>
      <trkpt lat="51.09578" lon="4.11348">
        <name>X</name>
      </trkpt>
      <trkpt lat="51.09621" lon="4.11578">
        <name>X</name>
      </trkpt>
      <trkpt lat="51.09625" lon="4.11597">
        <name>X</name>
      </trkpt>
      <trkpt lat="51.0969" lon="4.11792">
        <name>X</name>
      </trkpt>
      <trkpt lat="51.0972" lon="4.11884">
        <name>X</name>
      </trkpt>
      <trkpt lat="51.0975" lon="4.11985">
        <name>X</name>
      </trkpt>
      <trkpt lat="51.09758" lon="4.12024">
        <name>X</name>
      </trkpt>
      <trkpt lat="51.09782" lon="4.12067">
        <name>X</name>
      </trkpt>
      <trkpt lat="51.09784" lon="4.12073">
        <name>X</name>
      </trkpt>
      <trkpt lat="51.09795" lon="4.1224">
        <name>X</name>
      </trkpt>
      <trkpt lat="51.09797" lon="4.12256">
        <name>X</name>
      </trkpt>
      <trkpt lat="51.09851" lon="4.12425">
        <name>X</name>
      </trkpt>
      <trkpt lat="51.09857" lon="4.12446">
        <name>X</name>
      </trkpt>
      <trkpt lat="51.09868" lon="4.12496">
        <name>X</name>
      </trkpt>
      <trkpt lat="51.09885" lon="4.12577">
        <name>X</name>
      </trkpt>
      <trkpt lat="51.09896" lon="4.12635">
        <name>X</name>
      </trkpt>
      <trkpt lat="51.099" lon="4.12687">
        <name>X</name>
      </trkpt>
      <trkpt lat="51.09902" lon="4.12775">
        <name>X</name>
      </trkpt>
      <trkpt lat="51.09902" lon="4.12805">
        <name>X</name>
      </trkpt>
      <trkpt lat="51.09898" lon="4.12889">
        <name>X</name>
      </trkpt>
      <trkpt lat="51.09896" lon="4.12904">
        <name>X</name>
      </trkpt>
      <trkpt lat="51.09896" lon="4.12904">
        <name>X</name>
      </trkpt>
      <trkpt lat="51.099" lon="4.12925">
        <name>X</name>
      </trkpt>
      <trkpt lat="51.09911" lon="4.13032">
        <name>X</name>
      </trkpt>
      <trkpt lat="51.09917" lon="4.13082">
        <name>X</name>
      </trkpt>
      <trkpt lat="51.09949" lon="4.1317">
        <name>X</name>
      </trkpt>
      <trkpt lat="51.09956" lon="4.13185">
        <name>X</name>
      </trkpt>
      <trkpt lat="51.09992" lon="4.13232">
        <name>X</name>
      </trkpt>
      <trkpt lat="51.1002" lon="4.13262">
        <name>X</name>
      </trkpt>
      <trkpt lat="51.10029" lon="4.13283">
        <name>X</name>
      </trkpt>
      <trkpt lat="51.10074" lon="4.13346">
        <name>X</name>
      </trkpt>
      <trkpt lat="51.10074" lon="4.13346">
        <name>X</name>
      </trkpt>
      <trkpt lat="51.10074" lon="4.13376">
        <name>X</name>
      </trkpt>
      <trkpt lat="51.10024" lon="4.13708">
        <name>X</name>
      </trkpt>
      <trkpt lat="51.10014" lon="4.13781">
        <name>X</name>
      </trkpt>
      <trkpt lat="51.10012" lon="4.13792">
        <name>X</name>
      </trkpt>
      <trkpt lat="51.10009" lon="4.13805">
        <name>X</name>
      </trkpt>
      <trkpt lat="51.10009" lon="4.13805">
        <name>X</name>
      </trkpt>
      <trkpt lat="51.10005" lon="4.13816">
        <name>X</name>
      </trkpt>
      <trkpt lat="51.10001" lon="4.13818">
        <name>X</name>
      </trkpt>
      <trkpt lat="51.09997" lon="4.13824">
        <name>X</name>
      </trkpt>
      <trkpt lat="51.09997" lon="4.13824">
        <name>X</name>
      </trkpt>
      <trkpt lat="51.09997" lon="4.13837">
        <name>X</name>
      </trkpt>
      <trkpt lat="51.09999" lon="4.13841">
        <name>X</name>
      </trkpt>
      <trkpt lat="51.10005" lon="4.13846">
        <name>X</name>
      </trkpt>
      <trkpt lat="51.10024" lon="4.13914">
        <name>X</name>
      </trkpt>
      <trkpt lat="51.10031" lon="4.13938">
        <name>X</name>
      </trkpt>
      <trkpt lat="51.10044" lon="4.13994">
        <name>X</name>
      </trkpt>
      <trkpt lat="51.10054" lon="4.14032">
        <name>X</name>
      </trkpt>
      <trkpt lat="51.10054" lon="4.14052">
        <name>X</name>
      </trkpt>
      <trkpt lat="51.10065" lon="4.14159">
        <name>X</name>
      </trkpt>
      <trkpt lat="51.10065" lon="4.14159">
        <name>X</name>
      </trkpt>
      <trkpt lat="51.10074" lon="4.14152">
        <name>X</name>
      </trkpt>
      <trkpt lat="51.10074" lon="4.14152">
        <name>X</name>
      </trkpt>
      <trkpt lat="51.10095" lon="4.14163">
        <name>X</name>
      </trkpt>
      <trkpt lat="51.10351" lon="4.1423">
        <name>X</name>
      </trkpt>
      <trkpt lat="51.1037" lon="4.14227">
        <name>X</name>
      </trkpt>
      <trkpt lat="51.10387" lon="4.14223">
        <name>X</name>
      </trkpt>
      <trkpt lat="51.104" lon="4.14219">
        <name>X</name>
      </trkpt>
      <trkpt lat="51.10426" lon="4.142">
        <name>X</name>
      </trkpt>
      <trkpt lat="51.10436" lon="4.14191">
        <name>X</name>
      </trkpt>
      <trkpt lat="51.10557" lon="4.14049">
        <name>X</name>
      </trkpt>
      <trkpt lat="51.10565" lon="4.14047">
        <name>X</name>
      </trkpt>
      <trkpt lat="51.10576" lon="4.14062">
        <name>X</name>
      </trkpt>
      <trkpt lat="51.10582" lon="4.14067">
        <name>X</name>
      </trkpt>
      <trkpt lat="51.10668" lon="4.14099">
        <name>X</name>
      </trkpt>
      <trkpt lat="51.10679" lon="4.14105">
        <name>X</name>
      </trkpt>
      <trkpt lat="51.10683" lon="4.1411">
        <name>X</name>
      </trkpt>
      <trkpt lat="51.10728" lon="4.14163">
        <name>X</name>
      </trkpt>
      <trkpt lat="51.10739" lon="4.14172">
        <name>X</name>
      </trkpt>
      <trkpt lat="51.10754" lon="4.1418">
        <name>X</name>
      </trkpt>
      <trkpt lat="51.10816" lon="4.14182">
        <name>X</name>
      </trkpt>
      <trkpt lat="51.10917" lon="4.14185">
        <name>X</name>
      </trkpt>
      <trkpt lat="51.10917" lon="4.14185">
        <name>X</name>
      </trkpt>
      <trkpt lat="51.10943" lon="4.14189">
        <name>X</name>
      </trkpt>
      <trkpt lat="51.10973" lon="4.14202">
        <name>X</name>
      </trkpt>
      <trkpt lat="51.10982" lon="4.14208">
        <name>X</name>
      </trkpt>
      <trkpt lat="51.10986" lon="4.14204">
        <name>X</name>
      </trkpt>
      <trkpt lat="51.11042" lon="4.14236">
        <name>X</name>
      </trkpt>
      <trkpt lat="51.11147" lon="4.14251">
        <name>X</name>
      </trkpt>
      <trkpt lat="51.1117" lon="4.14255">
        <name>X</name>
      </trkpt>
      <trkpt lat="51.1117" lon="4.14255">
        <name>X</name>
      </trkpt>
      <trkpt lat="51.11183" lon="4.14251">
        <name>X</name>
      </trkpt>
      <trkpt lat="51.11226" lon="4.14255">
        <name>X</name>
      </trkpt>
      <trkpt lat="51.11239" lon="4.14253">
        <name>X</name>
      </trkpt>
      <trkpt lat="51.11239" lon="4.14253">
        <name>X</name>
      </trkpt>
      <trkpt lat="51.1131" lon="4.14277">
        <name>X</name>
      </trkpt>
      <trkpt lat="51.11387" lon="4.14285">
        <name>X</name>
      </trkpt>
      <trkpt lat="51.11398" lon="4.14285">
        <name>X</name>
      </trkpt>
      <trkpt lat="51.11389" lon="4.143">
        <name>X</name>
      </trkpt>
      <trkpt lat="51.11389" lon="4.14309">
        <name>X</name>
      </trkpt>
      <trkpt lat="51.11394" lon="4.1432">
        <name>X</name>
      </trkpt>
      <trkpt lat="51.11398" lon="4.14324">
        <name>X</name>
      </trkpt>
      <trkpt lat="51.11408" lon="4.14324">
        <name>X</name>
      </trkpt>
      <trkpt lat="51.11415" lon="4.14348">
        <name>X</name>
      </trkpt>
      <trkpt lat="51.11411" lon="4.14425">
        <name>X</name>
      </trkpt>
      <trkpt lat="51.11408" lon="4.14476">
        <name>X</name>
      </trkpt>
      <trkpt lat="51.11398" lon="4.14616">
        <name>X</name>
      </trkpt>
      <trkpt lat="51.11396" lon="4.14657">
        <name>X</name>
      </trkpt>
      <trkpt lat="51.11366" lon="4.14865">
        <name>X</name>
      </trkpt>
      <trkpt lat="51.11363" lon="4.14906">
        <name>X</name>
      </trkpt>
      <trkpt lat="51.11372" lon="4.15015">
        <name>X</name>
      </trkpt>
      <trkpt lat="51.11385" lon="4.15152">
        <name>X</name>
      </trkpt>
      <trkpt lat="51.11378" lon="4.15253">
        <name>X</name>
      </trkpt>
      <trkpt lat="51.11376" lon="4.15322">
        <name>X</name>
      </trkpt>
      <trkpt lat="51.11389" lon="4.15581">
        <name>X</name>
      </trkpt>
      <trkpt lat="51.11396" lon="4.15644">
        <name>X</name>
      </trkpt>
      <trkpt lat="51.11396" lon="4.15644">
        <name>X</name>
      </trkpt>
      <trkpt lat="51.11411" lon="4.15723">
        <name>X</name>
      </trkpt>
      <trkpt lat="51.11464" lon="4.15938">
        <name>X</name>
      </trkpt>
      <trkpt lat="51.11466" lon="4.15944">
        <name>X</name>
      </trkpt>
      <trkpt lat="51.11477" lon="4.16002">
        <name>X</name>
      </trkpt>
      <trkpt lat="51.11477" lon="4.16066">
        <name>X</name>
      </trkpt>
      <trkpt lat="51.11451" lon="4.16279">
        <name>X</name>
      </trkpt>
      <trkpt lat="51.11443" lon="4.1635">
        <name>X</name>
      </trkpt>
      <trkpt lat="51.11406" lon="4.16547">
        <name>X</name>
      </trkpt>
      <trkpt lat="51.11404" lon="4.16566">
        <name>X</name>
      </trkpt>
      <trkpt lat="51.11404" lon="4.16566">
        <name>X</name>
      </trkpt>
      <trkpt lat="51.11404" lon="4.16581">
        <name>X</name>
      </trkpt>
      <trkpt lat="51.11424" lon="4.16695">
        <name>X</name>
      </trkpt>
      <trkpt lat="51.11424" lon="4.16753">
        <name>X</name>
      </trkpt>
      <trkpt lat="51.11398" lon="4.16983">
        <name>X</name>
      </trkpt>
      <trkpt lat="51.11394" lon="4.17021">
        <name>X</name>
      </trkpt>
      <trkpt lat="51.11338" lon="4.17575">
        <name>X</name>
      </trkpt>
      <trkpt lat="51.11338" lon="4.17618">
        <name>X</name>
      </trkpt>
      <trkpt lat="51.11344" lon="4.17663">
        <name>X</name>
      </trkpt>
      <trkpt lat="51.11348" lon="4.17691">
        <name>X</name>
      </trkpt>
      <trkpt lat="51.11406" lon="4.17946">
        <name>X</name>
      </trkpt>
      <trkpt lat="51.11424" lon="4.18008">
        <name>X</name>
      </trkpt>
      <trkpt lat="51.11438" lon="4.1806">
        <name>X</name>
      </trkpt>
      <trkpt lat="51.11458" lon="4.18126">
        <name>X</name>
      </trkpt>
      <trkpt lat="51.11488" lon="4.18212">
        <name>X</name>
      </trkpt>
      <trkpt lat="51.11509" lon="4.18279">
        <name>X</name>
      </trkpt>
      <trkpt lat="51.11595" lon="4.18506">
        <name>X</name>
      </trkpt>
      <trkpt lat="51.11627" lon="4.18611">
        <name>X</name>
      </trkpt>
      <trkpt lat="51.11644" lon="4.18686">
        <name>X</name>
      </trkpt>
      <trkpt lat="51.11647" lon="4.18693">
        <name>X</name>
      </trkpt>
      <trkpt lat="51.1166" lon="4.18768">
        <name>X</name>
      </trkpt>
      <trkpt lat="51.11668" lon="4.18811">
        <name>X</name>
      </trkpt>
      <trkpt lat="51.11679" lon="4.18907">
        <name>X</name>
      </trkpt>
      <trkpt lat="51.11681" lon="4.18925">
        <name>X</name>
      </trkpt>
      <trkpt lat="51.11735" lon="4.19083">
        <name>X</name>
      </trkpt>
      <trkpt lat="51.11739" lon="4.19096">
        <name>X</name>
      </trkpt>
      <trkpt lat="51.1179" lon="4.19201">
        <name>X</name>
      </trkpt>
      <trkpt lat="51.11816" lon="4.1924">
        <name>X</name>
      </trkpt>
      <trkpt lat="51.11816" lon="4.1924">
        <name>X</name>
      </trkpt>
      <trkpt lat="51.11827" lon="4.19251">
        <name>X</name>
      </trkpt>
      <trkpt lat="51.11924" lon="4.19384">
        <name>X</name>
      </trkpt>
      <trkpt lat="51.11934" lon="4.19399">
        <name>X</name>
      </trkpt>
      <trkpt lat="51.1205" lon="4.19549">
        <name>X</name>
      </trkpt>
      <trkpt lat="51.12112" lon="4.1963">
        <name>X</name>
      </trkpt>
      <trkpt lat="51.12235" lon="4.19796">
        <name>X</name>
      </trkpt>
      <trkpt lat="51.12241" lon="4.19802">
        <name>X</name>
      </trkpt>
      <trkpt lat="51.1235" lon="4.19965">
        <name>X</name>
      </trkpt>
      <trkpt lat="51.12368" lon="4.19993">
        <name>X</name>
      </trkpt>
      <trkpt lat="51.12426" lon="4.20096">
        <name>X</name>
      </trkpt>
      <trkpt lat="51.12484" lon="4.20193">
        <name>X</name>
      </trkpt>
      <trkpt lat="51.12531" lon="4.20285">
        <name>X</name>
      </trkpt>
      <trkpt lat="51.12537" lon="4.20298">
        <name>X</name>
      </trkpt>
      <trkpt lat="51.12591" lon="4.20474">
        <name>X</name>
      </trkpt>
      <trkpt lat="51.12595" lon="4.20482">
        <name>X</name>
      </trkpt>
      <trkpt lat="51.12589" lon="4.20493">
        <name>X</name>
      </trkpt>
      <trkpt lat="51.12589" lon="4.20506">
        <name>X</name>
      </trkpt>
      <trkpt lat="51.12591" lon="4.20512">
        <name>X</name>
      </trkpt>
      <trkpt lat="51.12593" lon="4.20517">
        <name>X</name>
      </trkpt>
      <trkpt lat="51.12599" lon="4.20519">
        <name>X</name>
      </trkpt>
      <trkpt lat="51.12604" lon="4.20517">
        <name>X</name>
      </trkpt>
      <trkpt lat="51.12604" lon="4.20517">
        <name>X</name>
      </trkpt>
      <trkpt lat="51.12606" lon="4.20532">
        <name>X</name>
      </trkpt>
      <trkpt lat="51.12593" lon="4.20658">
        <name>X</name>
      </trkpt>
      <trkpt lat="51.12591" lon="4.20718">
        <name>X</name>
      </trkpt>
      <trkpt lat="51.12556" lon="4.20935">
        <name>X</name>
      </trkpt>
      <trkpt lat="51.12554" lon="4.20948">
        <name>X</name>
      </trkpt>
      <trkpt lat="51.12546" lon="4.20991">
        <name>X</name>
      </trkpt>
      <trkpt lat="51.12535" lon="4.21021">
        <name>X</name>
      </trkpt>
      <trkpt lat="51.12518" lon="4.21047">
        <name>X</name>
      </trkpt>
      <trkpt lat="51.12511" lon="4.21062">
        <name>X</name>
      </trkpt>
      <trkpt lat="51.12503" lon="4.21092">
        <name>X</name>
      </trkpt>
      <trkpt lat="51.12496" lon="4.21113">
        <name>X</name>
      </trkpt>
      <trkpt lat="51.12488" lon="4.21156">
        <name>X</name>
      </trkpt>
      <trkpt lat="51.12479" lon="4.21195">
        <name>X</name>
      </trkpt>
      <trkpt lat="51.12473" lon="4.21278">
        <name>X</name>
      </trkpt>
      <trkpt lat="51.12471" lon="4.21332">
        <name>X</name>
      </trkpt>
      <trkpt lat="51.12475" lon="4.2136">
        <name>X</name>
      </trkpt>
      <trkpt lat="51.12475" lon="4.21424">
        <name>X</name>
      </trkpt>
      <trkpt lat="51.12456" lon="4.21577">
        <name>X</name>
      </trkpt>
      <trkpt lat="51.12449" lon="4.21624">
        <name>X</name>
      </trkpt>
      <trkpt lat="51.12445" lon="4.21675">
        <name>X</name>
      </trkpt>
      <trkpt lat="51.12443" lon="4.2168">
        <name>X</name>
      </trkpt>
      <trkpt lat="51.12428" lon="4.21838">
        <name>X</name>
      </trkpt>
      <trkpt lat="51.12428" lon="4.21847">
        <name>X</name>
      </trkpt>
      <trkpt lat="51.12421" lon="4.21875">
        <name>X</name>
      </trkpt>
      <trkpt lat="51.12419" lon="4.21881">
        <name>X</name>
      </trkpt>
      <trkpt lat="51.12413" lon="4.21884">
        <name>X</name>
      </trkpt>
      <trkpt lat="51.12408" lon="4.21892">
        <name>X</name>
      </trkpt>
      <trkpt lat="51.12408" lon="4.21892">
        <name>X</name>
      </trkpt>
      <trkpt lat="51.12408" lon="4.21901">
        <name>X</name>
      </trkpt>
      <trkpt lat="51.12417" lon="4.21912">
        <name>X</name>
      </trkpt>
      <trkpt lat="51.12419" lon="4.21926">
        <name>X</name>
      </trkpt>
      <trkpt lat="51.12419" lon="4.21926">
        <name>X</name>
      </trkpt>
      <trkpt lat="51.12413" lon="4.22023">
        <name>X</name>
      </trkpt>
      <trkpt lat="51.1241" lon="4.22113">
        <name>X</name>
      </trkpt>
      <trkpt lat="51.1241" lon="4.22135">
        <name>X</name>
      </trkpt>
      <trkpt lat="51.12421" lon="4.22225">
        <name>X</name>
      </trkpt>
      <trkpt lat="51.1243" lon="4.22259">
        <name>X</name>
      </trkpt>
      <trkpt lat="51.12447" lon="4.22313">
        <name>X</name>
      </trkpt>
      <trkpt lat="51.1246" lon="4.22324">
        <name>X</name>
      </trkpt>
      <trkpt lat="51.1249" lon="4.22439">
        <name>X</name>
      </trkpt>
      <trkpt lat="51.12492" lon="4.22444">
        <name>X</name>
      </trkpt>
      <trkpt lat="51.12507" lon="4.22461">
        <name>X</name>
      </trkpt>
      <trkpt lat="51.12516" lon="4.22472">
        <name>X</name>
      </trkpt>
      <trkpt lat="51.12546" lon="4.22487">
        <name>X</name>
      </trkpt>
      <trkpt lat="51.12567" lon="4.22506">
        <name>X</name>
      </trkpt>
      <trkpt lat="51.12599" lon="4.22551">
        <name>X</name>
      </trkpt>
      <trkpt lat="51.12612" lon="4.22568">
        <name>X</name>
      </trkpt>
      <trkpt lat="51.12651" lon="4.22641">
        <name>X</name>
      </trkpt>
      <trkpt lat="51.12687" lon="4.22716">
        <name>X</name>
      </trkpt>
      <trkpt lat="51.12741" lon="4.22858">
        <name>X</name>
      </trkpt>
      <trkpt lat="51.12756" lon="4.22886">
        <name>X</name>
      </trkpt>
      <trkpt lat="51.12778" lon="4.22911">
        <name>X</name>
      </trkpt>
      <trkpt lat="51.1279" lon="4.22924">
        <name>X</name>
      </trkpt>
      <trkpt lat="51.12808" lon="4.22933">
        <name>X</name>
      </trkpt>
      <trkpt lat="51.12822" lon="4.22937">
        <name>X</name>
      </trkpt>
      <trkpt lat="51.12831" lon="4.22937">
        <name>X</name>
      </trkpt>
      <trkpt lat="51.12842" lon="4.22935">
        <name>X</name>
      </trkpt>
      <trkpt lat="51.12878" lon="4.2292">
        <name>X</name>
      </trkpt>
      <trkpt lat="51.12885" lon="4.22922">
        <name>X</name>
      </trkpt>
      <trkpt lat="51.12883" lon="4.22954">
        <name>X</name>
      </trkpt>
      <trkpt lat="51.12883" lon="4.23025">
        <name>X</name>
      </trkpt>
      <trkpt lat="51.12883" lon="4.23025">
        <name>X</name>
      </trkpt>
      <trkpt lat="51.12883" lon="4.23062">
        <name>X</name>
      </trkpt>
      <trkpt lat="51.12885" lon="4.23072">
        <name>X</name>
      </trkpt>
      <trkpt lat="51.12885" lon="4.23079">
        <name>X</name>
      </trkpt>
      <trkpt lat="51.12878" lon="4.23298">
        <name>X</name>
      </trkpt>
      <trkpt lat="51.12878" lon="4.23356">
        <name>X</name>
      </trkpt>
      <trkpt lat="51.12848" lon="4.24405">
        <name>X</name>
      </trkpt>
      <trkpt lat="51.12846" lon="4.24486">
        <name>X</name>
      </trkpt>
      <trkpt lat="51.12853" lon="4.24617">
        <name>X</name>
      </trkpt>
      <trkpt lat="51.12859" lon="4.24677">
        <name>X</name>
      </trkpt>
      <trkpt lat="51.129" lon="4.24937">
        <name>X</name>
      </trkpt>
      <trkpt lat="51.129" lon="4.24943">
        <name>X</name>
      </trkpt>
      <trkpt lat="51.12973" lon="4.25379">
        <name>X</name>
      </trkpt>
      <trkpt lat="51.12986" lon="4.25482">
        <name>X</name>
      </trkpt>
      <trkpt lat="51.12986" lon="4.25499">
        <name>X</name>
      </trkpt>
      <trkpt lat="51.12986" lon="4.25529">
        <name>X</name>
      </trkpt>
      <trkpt lat="51.1296" lon="4.25903">
        <name>X</name>
      </trkpt>
      <trkpt lat="51.1296" lon="4.25933">
        <name>X</name>
      </trkpt>
      <trkpt lat="51.12975" lon="4.26353">
        <name>X</name>
      </trkpt>
      <trkpt lat="51.12977" lon="4.26418">
        <name>X</name>
      </trkpt>
      <trkpt lat="51.12979" lon="4.26628">
        <name>X</name>
      </trkpt>
      <trkpt lat="51.12979" lon="4.26684">
        <name>X</name>
      </trkpt>
      <trkpt lat="51.12986" lon="4.2675">
        <name>X</name>
      </trkpt>
      <trkpt lat="51.12996" lon="4.26806">
        <name>X</name>
      </trkpt>
      <trkpt lat="51.13033" lon="4.26898">
        <name>X</name>
      </trkpt>
      <trkpt lat="51.13052" lon="4.26945">
        <name>X</name>
      </trkpt>
      <trkpt lat="51.13067" lon="4.2699">
        <name>X</name>
      </trkpt>
      <trkpt lat="51.13074" lon="4.27006">
        <name>X</name>
      </trkpt>
      <trkpt lat="51.13084" lon="4.27059">
        <name>X</name>
      </trkpt>
      <trkpt lat="51.13089" lon="4.27089">
        <name>X</name>
      </trkpt>
      <trkpt lat="51.13108" lon="4.27173">
        <name>X</name>
      </trkpt>
      <trkpt lat="51.13119" lon="4.27212">
        <name>X</name>
      </trkpt>
      <trkpt lat="51.13134" lon="4.27254">
        <name>X</name>
      </trkpt>
      <trkpt lat="51.13144" lon="4.27287">
        <name>X</name>
      </trkpt>
      <trkpt lat="51.13187" lon="4.27428">
        <name>X</name>
      </trkpt>
      <trkpt lat="51.13211" lon="4.27506">
        <name>X</name>
      </trkpt>
      <trkpt lat="51.13265" lon="4.27621">
        <name>X</name>
      </trkpt>
      <trkpt lat="51.13284" lon="4.27673">
        <name>X</name>
      </trkpt>
      <trkpt lat="51.13299" lon="4.27729">
        <name>X</name>
      </trkpt>
      <trkpt lat="51.13303" lon="4.2775">
        <name>X</name>
      </trkpt>
      <trkpt lat="51.13359" lon="4.27941">
        <name>X</name>
      </trkpt>
      <trkpt lat="51.13374" lon="4.27975">
        <name>X</name>
      </trkpt>
      <trkpt lat="51.13432" lon="4.2807">
        <name>X</name>
      </trkpt>
      <trkpt lat="51.13475" lon="4.28138">
        <name>X</name>
      </trkpt>
      <trkpt lat="51.13591" lon="4.28306">
        <name>X</name>
      </trkpt>
      <trkpt lat="51.13627" lon="4.2836">
        <name>X</name>
      </trkpt>
      <trkpt lat="51.13926" lon="4.28776">
        <name>X</name>
      </trkpt>
      <trkpt lat="51.13938" lon="4.28797">
        <name>X</name>
      </trkpt>
      <trkpt lat="51.14123" lon="4.29158">
        <name>X</name>
      </trkpt>
      <trkpt lat="51.14159" lon="4.29226">
        <name>X</name>
      </trkpt>
      <trkpt lat="51.14361" lon="4.2963">
        <name>X</name>
      </trkpt>
      <trkpt lat="51.14376" lon="4.2966">
        <name>X</name>
      </trkpt>
      <trkpt lat="51.14406" lon="4.29694">
        <name>X</name>
      </trkpt>
      <trkpt lat="51.14419" lon="4.29703">
        <name>X</name>
      </trkpt>
      <trkpt lat="51.14664" lon="4.29797">
        <name>X</name>
      </trkpt>
      <trkpt lat="51.14687" lon="4.29806">
        <name>X</name>
      </trkpt>
      <trkpt lat="51.14734" lon="4.29836">
        <name>X</name>
      </trkpt>
      <trkpt lat="51.14752" lon="4.29844">
        <name>X</name>
      </trkpt>
      <trkpt lat="51.14794" lon="4.29851">
        <name>X</name>
      </trkpt>
      <trkpt lat="51.14801" lon="4.29851">
        <name>X</name>
      </trkpt>
      <trkpt lat="51.14857" lon="4.29889">
        <name>X</name>
      </trkpt>
      <trkpt lat="51.14889" lon="4.29909">
        <name>X</name>
      </trkpt>
      <trkpt lat="51.14994" lon="4.29954">
        <name>X</name>
      </trkpt>
      <trkpt lat="51.15054" lon="4.29975">
        <name>X</name>
      </trkpt>
      <trkpt lat="51.15065" lon="4.29977">
        <name>X</name>
      </trkpt>
      <trkpt lat="51.15088" lon="4.29982">
        <name>X</name>
      </trkpt>
      <trkpt lat="51.15146" lon="4.29977">
        <name>X</name>
      </trkpt>
      <trkpt lat="51.15185" lon="4.29982">
        <name>X</name>
      </trkpt>
      <trkpt lat="51.15185" lon="4.29982">
        <name>X</name>
      </trkpt>
      <trkpt lat="51.15211" lon="4.29988">
        <name>X</name>
      </trkpt>
      <trkpt lat="51.15249" lon="4.30007">
        <name>X</name>
      </trkpt>
      <trkpt lat="51.15286" lon="4.30027">
        <name>X</name>
      </trkpt>
      <trkpt lat="51.15464" lon="4.3007">
        <name>X</name>
      </trkpt>
      <trkpt lat="51.15494" lon="4.30078">
        <name>X</name>
      </trkpt>
      <trkpt lat="51.1552" lon="4.30083">
        <name>X</name>
      </trkpt>
      <trkpt lat="51.15541" lon="4.30087">
        <name>X</name>
      </trkpt>
      <trkpt lat="51.15621" lon="4.30089">
        <name>X</name>
      </trkpt>
      <trkpt lat="51.15634" lon="4.30095">
        <name>X</name>
      </trkpt>
      <trkpt lat="51.15651" lon="4.30108">
        <name>X</name>
      </trkpt>
      <trkpt lat="51.15666" lon="4.30123">
        <name>X</name>
      </trkpt>
      <trkpt lat="51.15773" lon="4.30278">
        <name>X</name>
      </trkpt>
      <trkpt lat="51.15786" lon="4.30291">
        <name>X</name>
      </trkpt>
      <trkpt lat="51.15786" lon="4.30291">
        <name>X</name>
      </trkpt>
      <trkpt lat="51.15807" lon="4.30304">
        <name>X</name>
      </trkpt>
      <trkpt lat="51.15876" lon="4.30321">
        <name>X</name>
      </trkpt>
      <trkpt lat="51.15884" lon="4.30323">
        <name>X</name>
      </trkpt>
      <trkpt lat="51.15951" lon="4.30351">
        <name>X</name>
      </trkpt>
      <trkpt lat="51.1599" lon="4.30381">
        <name>X</name>
      </trkpt>
      <trkpt lat="51.16114" lon="4.30488">
        <name>X</name>
      </trkpt>
      <trkpt lat="51.16164" lon="4.30531">
        <name>X</name>
      </trkpt>
      <trkpt lat="51.16294" lon="4.30681">
        <name>X</name>
      </trkpt>
      <trkpt lat="51.16331" lon="4.3072">
        <name>X</name>
      </trkpt>
      <trkpt lat="51.16395" lon="4.30778">
        <name>X</name>
      </trkpt>
      <trkpt lat="51.16402" lon="4.30782">
        <name>X</name>
      </trkpt>
      <trkpt lat="51.16477" lon="4.30857">
        <name>X</name>
      </trkpt>
      <trkpt lat="51.16505" lon="4.30883">
        <name>X</name>
      </trkpt>
      <trkpt lat="51.16702" lon="4.31029">
        <name>X</name>
      </trkpt>
      <trkpt lat="51.16736" lon="4.31052">
        <name>X</name>
      </trkpt>
      <trkpt lat="51.16769" lon="4.31072">
        <name>X</name>
      </trkpt>
      <trkpt lat="51.16861" lon="4.31121">
        <name>X</name>
      </trkpt>
      <trkpt lat="51.17015" lon="4.31216">
        <name>X</name>
      </trkpt>
      <trkpt lat="51.17026" lon="4.31222">
        <name>X</name>
      </trkpt>
      <trkpt lat="51.16975" lon="4.31396">
        <name>X</name>
      </trkpt>
      <trkpt lat="51.16968" lon="4.31417">
        <name>X</name>
      </trkpt>
      <trkpt lat="51.16966" lon="4.31434">
        <name>X</name>
      </trkpt>
      <trkpt lat="51.16968" lon="4.31439">
        <name>X</name>
      </trkpt>
      <trkpt lat="51.16938" lon="4.31582">
        <name>X</name>
      </trkpt>
      <trkpt lat="51.16936" lon="4.31598">
        <name>X</name>
      </trkpt>
      <trkpt lat="51.16919" lon="4.31666">
        <name>X</name>
      </trkpt>
      <trkpt lat="51.16921" lon="4.31679">
        <name>X</name>
      </trkpt>
      <trkpt lat="51.16932" lon="4.31683">
        <name>X</name>
      </trkpt>
      <trkpt lat="51.16955" lon="4.31685">
        <name>X</name>
      </trkpt>
      <trkpt lat="51.17" lon="4.31703">
        <name>X</name>
      </trkpt>
      <trkpt lat="51.17041" lon="4.31715">
        <name>X</name>
      </trkpt>
      <trkpt lat="51.17243" lon="4.31752">
        <name>X</name>
      </trkpt>
      <trkpt lat="51.17329" lon="4.31773">
        <name>X</name>
      </trkpt>
      <trkpt lat="51.17329" lon="4.31773">
        <name>X</name>
      </trkpt>
      <trkpt lat="51.17483" lon="4.31829">
        <name>X</name>
      </trkpt>
      <trkpt lat="51.17509" lon="4.31861">
        <name>X</name>
      </trkpt>
      <trkpt lat="51.1752" lon="4.31868">
        <name>X</name>
      </trkpt>
      <trkpt lat="51.1752" lon="4.31984">
        <name>X</name>
      </trkpt>
      <trkpt lat="51.1752" lon="4.32301">
        <name>X</name>
      </trkpt>
      <trkpt lat="51.17518" lon="4.32308">
        <name>X</name>
      </trkpt>
      <trkpt lat="51.17513" lon="4.32314">
        <name>X</name>
      </trkpt>
      <trkpt lat="51.17526" lon="4.32334">
        <name>X</name>
      </trkpt>
      <trkpt lat="51.17532" lon="4.3234">
        <name>X</name>
      </trkpt>
      <trkpt lat="51.17541" lon="4.32342">
        <name>X</name>
      </trkpt>
      <trkpt lat="51.17556" lon="4.32342">
        <name>X</name>
      </trkpt>
      <trkpt lat="51.17554" lon="4.31855">
        <name>X</name>
      </trkpt>
      <trkpt lat="51.17554" lon="4.31848">
        <name>X</name>
      </trkpt>
      <trkpt lat="51.17543" lon="4.31816">
        <name>X</name>
      </trkpt>
      <trkpt lat="51.17539" lon="4.31801">
        <name>X</name>
      </trkpt>
      <trkpt lat="51.17541" lon="4.31771">
        <name>X</name>
      </trkpt>
      <trkpt lat="51.17543" lon="4.31743">
        <name>X</name>
      </trkpt>
      <trkpt lat="51.17571" lon="4.31589">
        <name>X</name>
      </trkpt>
      <trkpt lat="51.17575" lon="4.31559">
        <name>X</name>
      </trkpt>
      <trkpt lat="51.1765" lon="4.31595">
        <name>X</name>
      </trkpt>
      <trkpt lat="51.17659" lon="4.31595">
        <name>X</name>
      </trkpt>
      <trkpt lat="51.17713" lon="4.31623">
        <name>X</name>
      </trkpt>
      <trkpt lat="51.17796" lon="4.31658">
        <name>X</name>
      </trkpt>
      <trkpt lat="51.17878" lon="4.31713">
        <name>X</name>
      </trkpt>
      <trkpt lat="51.17897" lon="4.31726">
        <name>X</name>
      </trkpt>
      <trkpt lat="51.17908" lon="4.3173">
        <name>X</name>
      </trkpt>
      <trkpt lat="51.17942" lon="4.31743">
        <name>X</name>
      </trkpt>
      <trkpt lat="51.1805" lon="4.31752">
        <name>X</name>
      </trkpt>
      <trkpt lat="51.18065" lon="4.31758">
        <name>X</name>
      </trkpt>
      <trkpt lat="51.18082" lon="4.31769">
        <name>X</name>
      </trkpt>
      <trkpt lat="51.18101" lon="4.31782">
        <name>X</name>
      </trkpt>
      <trkpt lat="51.1826" lon="4.31902">
        <name>X</name>
      </trkpt>
      <trkpt lat="51.18277" lon="4.31915">
        <name>X</name>
      </trkpt>
      <trkpt lat="51.18296" lon="4.31934">
        <name>X</name>
      </trkpt>
      <trkpt lat="51.18316" lon="4.31975">
        <name>X</name>
      </trkpt>
      <trkpt lat="51.18416" lon="4.32224">
        <name>X</name>
      </trkpt>
      <trkpt lat="51.18419" lon="4.32228">
        <name>X</name>
      </trkpt>
      <trkpt lat="51.18419" lon="4.32228">
        <name>X</name>
      </trkpt>
      <trkpt lat="51.18434" lon="4.3225">
        <name>X</name>
      </trkpt>
      <trkpt lat="51.1871" lon="4.32567">
        <name>X</name>
      </trkpt>
      <trkpt lat="51.18723" lon="4.3258">
        <name>X</name>
      </trkpt>
      <trkpt lat="51.18747" lon="4.32591">
        <name>X</name>
      </trkpt>
      <trkpt lat="51.18771" lon="4.32591">
        <name>X</name>
      </trkpt>
      <trkpt lat="51.19004" lon="4.32524">
        <name>X</name>
      </trkpt>
      <trkpt lat="51.1902" lon="4.32516">
        <name>X</name>
      </trkpt>
      <trkpt lat="51.19034" lon="4.32505">
        <name>X</name>
      </trkpt>
      <trkpt lat="51.1905" lon="4.32484">
        <name>X</name>
      </trkpt>
      <trkpt lat="51.1906" lon="4.3246">
        <name>X</name>
      </trkpt>
      <trkpt lat="51.19114" lon="4.32314">
        <name>X</name>
      </trkpt>
      <trkpt lat="51.19131" lon="4.32293">
        <name>X</name>
      </trkpt>
      <trkpt lat="51.1917" lon="4.32258">
        <name>X</name>
      </trkpt>
      <trkpt lat="51.19176" lon="4.32271">
        <name>X</name>
      </trkpt>
      <trkpt lat="51.19219" lon="4.32291">
        <name>X</name>
      </trkpt>
      <trkpt lat="51.19288" lon="4.32372">
        <name>X</name>
      </trkpt>
      <trkpt lat="51.19309" lon="4.32394">
        <name>X</name>
      </trkpt>
      <trkpt lat="51.19309" lon="4.32394">
        <name>X</name>
      </trkpt>
      <trkpt lat="51.19374" lon="4.32441">
        <name>X</name>
      </trkpt>
      <trkpt lat="51.19384" lon="4.32445">
        <name>X</name>
      </trkpt>
      <trkpt lat="51.19393" lon="4.32447">
        <name>X</name>
      </trkpt>
      <trkpt lat="51.19393" lon="4.32447">
        <name>X</name>
      </trkpt>
      <trkpt lat="51.19457" lon="4.32516">
        <name>X</name>
      </trkpt>
      <trkpt lat="51.19528" lon="4.32608">
        <name>X</name>
      </trkpt>
      <trkpt lat="51.19541" lon="4.32625">
        <name>X</name>
      </trkpt>
      <trkpt lat="51.19743" lon="4.32851">
        <name>X</name>
      </trkpt>
      <trkpt lat="51.19764" lon="4.32872">
        <name>X</name>
      </trkpt>
      <trkpt lat="51.19805" lon="4.32924">
        <name>X</name>
      </trkpt>
      <trkpt lat="51.19824" lon="4.32952">
        <name>X</name>
      </trkpt>
      <trkpt lat="51.19835" lon="4.32973">
        <name>X</name>
      </trkpt>
      <trkpt lat="51.19854" lon="4.33027">
        <name>X</name>
      </trkpt>
      <trkpt lat="51.19884" lon="4.33121">
        <name>X</name>
      </trkpt>
      <trkpt lat="51.19912" lon="4.33205">
        <name>X</name>
      </trkpt>
      <trkpt lat="51.20054" lon="4.33569">
        <name>X</name>
      </trkpt>
      <trkpt lat="51.20077" lon="4.33632">
        <name>X</name>
      </trkpt>
      <trkpt lat="51.20155" lon="4.33784">
        <name>X</name>
      </trkpt>
      <trkpt lat="51.20159" lon="4.33795">
        <name>X</name>
      </trkpt>
      <trkpt lat="51.20176" lon="4.33872">
        <name>X</name>
      </trkpt>
      <trkpt lat="51.20182" lon="4.33876">
        <name>X</name>
      </trkpt>
      <trkpt lat="51.20204" lon="4.33977">
        <name>X</name>
      </trkpt>
      <trkpt lat="51.20206" lon="4.33988">
        <name>X</name>
      </trkpt>
      <trkpt lat="51.20213" lon="4.34035">
        <name>X</name>
      </trkpt>
      <trkpt lat="51.20215" lon="4.3405">
        <name>X</name>
      </trkpt>
      <trkpt lat="51.20215" lon="4.34134">
        <name>X</name>
      </trkpt>
      <trkpt lat="51.20213" lon="4.34269">
        <name>X</name>
      </trkpt>
      <trkpt lat="51.20215" lon="4.34336">
        <name>X</name>
      </trkpt>
      <trkpt lat="51.20219" lon="4.34359">
        <name>X</name>
      </trkpt>
      <trkpt lat="51.2021" lon="4.34385">
        <name>X</name>
      </trkpt>
      <trkpt lat="51.20206" lon="4.34415">
        <name>X</name>
      </trkpt>
      <trkpt lat="51.20195" lon="4.34451">
        <name>X</name>
      </trkpt>
      <trkpt lat="51.20178" lon="4.34499">
        <name>X</name>
      </trkpt>
      <trkpt lat="51.20174" lon="4.3452">
        <name>X</name>
      </trkpt>
      <trkpt lat="51.2017" lon="4.34537">
        <name>X</name>
      </trkpt>
      <trkpt lat="51.20157" lon="4.34717">
        <name>X</name>
      </trkpt>
      <trkpt lat="51.20157" lon="4.34784">
        <name>X</name>
      </trkpt>
      <trkpt lat="51.20157" lon="4.34784">
        <name>X</name>
      </trkpt>
      <trkpt lat="51.20159" lon="4.34818">
        <name>X</name>
      </trkpt>
      <trkpt lat="51.20163" lon="4.34835">
        <name>X</name>
      </trkpt>
      <trkpt lat="51.20165" lon="4.34846">
        <name>X</name>
      </trkpt>
      <trkpt lat="51.20174" lon="4.34876">
        <name>X</name>
      </trkpt>
      <trkpt lat="51.20178" lon="4.34896">
        <name>X</name>
      </trkpt>
      <trkpt lat="51.20193" lon="4.34934">
        <name>X</name>
      </trkpt>
      <trkpt lat="51.202" lon="4.34956">
        <name>X</name>
      </trkpt>
      <trkpt lat="51.202" lon="4.34956">
        <name>X</name>
      </trkpt>
      <trkpt lat="51.20206" lon="4.34988">
        <name>X</name>
      </trkpt>
      <trkpt lat="51.20213" lon="4.35048">
        <name>X</name>
      </trkpt>
      <trkpt lat="51.20219" lon="4.35076">
        <name>X</name>
      </trkpt>
      <trkpt lat="51.20219" lon="4.35076">
        <name>X</name>
      </trkpt>
      <trkpt lat="51.20251" lon="4.35179">
        <name>X</name>
      </trkpt>
      <trkpt lat="51.20294" lon="4.35303">
        <name>X</name>
      </trkpt>
      <trkpt lat="51.20386" lon="4.35567">
        <name>X</name>
      </trkpt>
      <trkpt lat="51.20391" lon="4.35571">
        <name>X</name>
      </trkpt>
      <trkpt lat="51.20393" lon="4.35578">
        <name>X</name>
      </trkpt>
      <trkpt lat="51.20408" lon="4.35565">
        <name>X</name>
      </trkpt>
      <trkpt lat="51.20414" lon="4.35582">
        <name>X</name>
      </trkpt>
      <trkpt lat="51.20414" lon="4.35582">
        <name>X</name>
      </trkpt>
      <trkpt lat="51.20415" lon="4.35585">
        <name>X</name>
      </trkpt>
      <trkpt lat="51.20629" lon="4.3628">
        <name>X</name>
      </trkpt>
      <trkpt lat="51.20725" lon="4.36561">
        <name>X</name>
      </trkpt>
      <trkpt lat="51.20719" lon="4.36565">
        <name>X</name>
      </trkpt>
      <trkpt lat="51.2071" lon="4.36576">
        <name>X</name>
      </trkpt>
      <trkpt lat="51.2071" lon="4.36576">
        <name>X</name>
      </trkpt>
      <trkpt lat="51.20758" lon="4.36706">
        <name>X</name>
      </trkpt>
      <trkpt lat="51.20758" lon="4.36706">
        <name>X</name>
      </trkpt>
      <trkpt lat="51.20764" lon="4.36715">
        <name>X</name>
      </trkpt>
      <trkpt lat="51.20794" lon="4.3679">
        <name>X</name>
      </trkpt>
      <trkpt lat="51.2085" lon="4.36945">
        <name>X</name>
      </trkpt>
      <trkpt lat="51.2085" lon="4.36945">
        <name>X</name>
      </trkpt>
      <trkpt lat="51.20874" lon="4.37018">
        <name>X</name>
      </trkpt>
      <trkpt lat="51.2088" lon="4.37048">
        <name>X</name>
      </trkpt>
      <trkpt lat="51.20895" lon="4.37095">
        <name>X</name>
      </trkpt>
      <trkpt lat="51.21045" lon="4.37425">
        <name>X</name>
      </trkpt>
      <trkpt lat="51.2123" lon="4.37829">
        <name>X</name>
      </trkpt>
      <trkpt lat="51.2123" lon="4.37829">
        <name>X</name>
      </trkpt>
      <trkpt lat="51.21316" lon="4.38009">
        <name>X</name>
      </trkpt>
      <trkpt lat="51.21376" lon="4.38114">
        <name>X</name>
      </trkpt>
      <trkpt lat="51.21423" lon="4.38187">
        <name>X</name>
      </trkpt>
      <trkpt lat="51.21423" lon="4.38187">
        <name>X</name>
      </trkpt>
      <trkpt lat="51.21438" lon="4.38198">
        <name>X</name>
      </trkpt>
      <trkpt lat="51.21575" lon="4.38367">
        <name>X</name>
      </trkpt>
      <trkpt lat="51.21584" lon="4.3838">
        <name>X</name>
      </trkpt>
      <trkpt lat="51.21659" lon="4.3846">
        <name>X</name>
      </trkpt>
      <trkpt lat="51.21764" lon="4.38558">
        <name>X</name>
      </trkpt>
      <trkpt lat="51.21837" lon="4.38616">
        <name>X</name>
      </trkpt>
      <trkpt lat="51.21852" lon="4.38629">
        <name>X</name>
      </trkpt>
      <trkpt lat="51.22036" lon="4.38754">
        <name>X</name>
      </trkpt>
      <trkpt lat="51.22069" lon="4.38773">
        <name>X</name>
      </trkpt>
      <trkpt lat="51.22064" lon="4.38779">
        <name>X</name>
      </trkpt>
      <trkpt lat="51.22058" lon="4.38807">
        <name>X</name>
      </trkpt>
      <trkpt lat="51.22058" lon="4.38807">
        <name>X</name>
      </trkpt>
      <trkpt lat="51.22071" lon="4.38818">
        <name>X</name>
      </trkpt>
      <trkpt lat="51.22069" lon="4.38824">
        <name>X</name>
      </trkpt>
      <trkpt lat="51.22066" lon="4.38839">
        <name>X</name>
      </trkpt>
      <trkpt lat="51.22066" lon="4.38839">
        <name>X</name>
      </trkpt>
      <trkpt lat="51.2206" lon="4.38857">
        <name>X</name>
      </trkpt>
      <trkpt lat="51.21871" lon="4.39588">
        <name>X</name>
      </trkpt>
      <trkpt lat="51.21867" lon="4.39603">
        <name>X</name>
      </trkpt>
      <trkpt lat="51.21867" lon="4.39603">
        <name>X</name>
      </trkpt>
      <trkpt lat="51.21878" lon="4.39614">
        <name>X</name>
      </trkpt>
      <trkpt lat="51.21893" lon="4.39556">
        <name>X</name>
      </trkpt>
      <trkpt lat="51.21897" lon="4.39537">
        <name>X</name>
      </trkpt>
      <trkpt lat="51.22217" lon="4.3976">
        <name>X</name>
      </trkpt>
      <trkpt lat="51.22225" lon="4.39766">
        <name>X</name>
      </trkpt>
      <trkpt lat="51.22305" lon="4.39816">
        <name>X</name>
      </trkpt>
      <trkpt lat="51.22324" lon="4.39824">
        <name>X</name>
      </trkpt>
      <trkpt lat="51.22554" lon="4.39972">
        <name>X</name>
      </trkpt>
      <trkpt lat="51.2262" lon="4.40013">
        <name>X</name>
      </trkpt>
      <trkpt lat="51.22695" lon="4.40075">
        <name>X</name>
      </trkpt>
      <trkpt lat="51.22702" lon="4.4008">
        <name>X</name>
      </trkpt>
      <trkpt lat="51.22706" lon="4.40084">
        <name>X</name>
      </trkpt>
      <trkpt lat="51.2274" lon="4.40116">
        <name>X</name>
      </trkpt>
      <trkpt lat="51.22745" lon="4.40125">
        <name>X</name>
      </trkpt>
      <trkpt lat="51.22781" lon="4.40161">
        <name>X</name>
      </trkpt>
      <trkpt lat="51.22796" lon="4.40172">
        <name>X</name>
      </trkpt>
      <trkpt lat="51.22802" lon="4.40174">
        <name>X</name>
      </trkpt>
      <trkpt lat="51.22798" lon="4.40196">
        <name>X</name>
      </trkpt>
      <trkpt lat="51.22798" lon="4.40204">
        <name>X</name>
      </trkpt>
      <trkpt lat="51.22815" lon="4.40947">
        <name>X</name>
      </trkpt>
      <trkpt lat="51.2282" lon="4.41127">
        <name>X</name>
      </trkpt>
      <trkpt lat="51.2282" lon="4.41127">
        <name>X</name>
      </trkpt>
      <trkpt lat="51.22983" lon="4.41118">
        <name>X</name>
      </trkpt>
      <trkpt lat="51.22983" lon="4.41108">
        <name>X</name>
      </trkpt>
      <trkpt lat="51.22998" lon="4.41105">
        <name>X</name>
      </trkpt>
      <trkpt lat="51.23044" lon="4.41105">
        <name>X</name>
      </trkpt>
      <trkpt lat="51.23086" lon="4.41105">
        <name>X</name>
      </trkpt>
      <trkpt lat="51.23086" lon="4.41105">
        <name>X</name>
      </trkpt>
      <trkpt lat="51.23086" lon="4.4112">
        <name>X</name>
      </trkpt>
      <trkpt lat="51.23103" lon="4.4112">
        <name>X</name>
      </trkpt>
      <trkpt lat="51.23109" lon="4.4112">
        <name>X</name>
      </trkpt>
      <trkpt lat="51.23109" lon="4.41292">
        <name>X</name>
      </trkpt>
      <trkpt lat="51.23112" lon="4.41303">
        <name>X</name>
      </trkpt>
      <trkpt lat="51.23152" lon="4.41346">
        <name>X</name>
      </trkpt>
      <trkpt lat="51.23163" lon="4.41363">
        <name>X</name>
      </trkpt>
      <trkpt lat="51.23163" lon="4.41363">
        <name>X</name>
      </trkpt>
      <trkpt lat="51.23172" lon="4.41384">
        <name>X</name>
      </trkpt>
      <trkpt lat="51.23176" lon="4.41408">
        <name>X</name>
      </trkpt>
      <trkpt lat="51.23178" lon="4.41425">
        <name>X</name>
      </trkpt>
      <trkpt lat="51.23178" lon="4.41878">
        <name>X</name>
      </trkpt>
      <trkpt lat="51.23178" lon="4.41946">
        <name>X</name>
      </trkpt>
      <trkpt lat="51.2318" lon="4.41959">
        <name>X</name>
      </trkpt>
      <trkpt lat="51.23182" lon="4.41968">
        <name>X</name>
      </trkpt>
      <trkpt lat="51.23193" lon="4.41989">
        <name>X</name>
      </trkpt>
      <trkpt lat="51.232" lon="4.41998">
        <name>X</name>
      </trkpt>
      <trkpt lat="51.23217" lon="4.42009">
        <name>X</name>
      </trkpt>
      <trkpt lat="51.23281" lon="4.42013">
        <name>X</name>
      </trkpt>
      <trkpt lat="51.23281" lon="4.42013">
        <name>X</name>
      </trkpt>
      <trkpt lat="51.23466" lon="4.42013">
        <name>X</name>
      </trkpt>
      <trkpt lat="51.23489" lon="4.42007">
        <name>X</name>
      </trkpt>
      <trkpt lat="51.23493" lon="4.42007">
        <name>X</name>
      </trkpt>
      <trkpt lat="51.23493" lon="4.42058">
        <name>X</name>
      </trkpt>
      <trkpt lat="51.23496" lon="4.42069">
        <name>X</name>
      </trkpt>
      <trkpt lat="51.23601" lon="4.42062">
        <name>X</name>
      </trkpt>
      <trkpt lat="51.23618" lon="4.4206">
        <name>X</name>
      </trkpt>
      <trkpt lat="51.24023" lon="4.42056">
        <name>X</name>
      </trkpt>
      <trkpt lat="51.24098" lon="4.42056">
        <name>X</name>
      </trkpt>
      <trkpt lat="51.24335" lon="4.4205">
        <name>X</name>
      </trkpt>
      <trkpt lat="51.24438" lon="4.4205">
        <name>X</name>
      </trkpt>
      <trkpt lat="51.24453" lon="4.42067">
        <name>X</name>
      </trkpt>
      <trkpt lat="51.24455" lon="4.42073">
        <name>X</name>
      </trkpt>
      <trkpt lat="51.24455" lon="4.42301">
        <name>X</name>
      </trkpt>
      <trkpt lat="51.24455" lon="4.42382">
        <name>X</name>
      </trkpt>
      <trkpt lat="51.24483" lon="4.42382">
        <name>X</name>
      </trkpt>
      <trkpt lat="51.24493" lon="4.42382">
        <name>X</name>
      </trkpt>
      <trkpt lat="51.24491" lon="4.42436">
        <name>X</name>
      </trkpt>
      <trkpt lat="51.24491" lon="4.42444">
        <name>X</name>
      </trkpt>
      <trkpt lat="51.24493" lon="4.42522">
        <name>X</name>
      </trkpt>
      <trkpt lat="51.24491" lon="4.42567">
        <name>X</name>
      </trkpt>
      <trkpt lat="51.24478" lon="4.42672">
        <name>X</name>
      </trkpt>
      <trkpt lat="51.24478" lon="4.4268">
        <name>X</name>
      </trkpt>
      <trkpt lat="51.24478" lon="4.4268">
        <name>X</name>
      </trkpt>
      <trkpt lat="51.2448" lon="4.42691">
        <name>X</name>
      </trkpt>
      <trkpt lat="51.2448" lon="4.42691">
        <name>X</name>
      </trkpt>
      <trkpt lat="51.24491" lon="4.42704">
        <name>X</name>
      </trkpt>
      <trkpt lat="51.24496" lon="4.42715">
        <name>X</name>
      </trkpt>
      <trkpt lat="51.24502" lon="4.42749">
        <name>X</name>
      </trkpt>
      <trkpt lat="51.24498" lon="4.42764">
        <name>X</name>
      </trkpt>
      <trkpt lat="51.24476" lon="4.42807">
        <name>X</name>
      </trkpt>
      <trkpt lat="51.24476" lon="4.42807">
        <name>X</name>
      </trkpt>
      <trkpt lat="51.2447" lon="4.42828">
        <name>X</name>
      </trkpt>
      <trkpt lat="51.24466" lon="4.42858">
        <name>X</name>
      </trkpt>
      <trkpt lat="51.24459" lon="4.42871">
        <name>X</name>
      </trkpt>
      <trkpt lat="51.24425" lon="4.42871">
        <name>X</name>
      </trkpt>
      <trkpt lat="51.24418" lon="4.42873">
        <name>X</name>
      </trkpt>
      <trkpt lat="51.24395" lon="4.42925">
        <name>X</name>
      </trkpt>
      <trkpt lat="51.24388" lon="4.42942">
        <name>X</name>
      </trkpt>
      <trkpt lat="51.24506" lon="4.42992">
        <name>X</name>
      </trkpt>
      <trkpt lat="51.24521" lon="4.42998">
        <name>X</name>
      </trkpt>
      <trkpt lat="51.24553" lon="4.43032">
        <name>X</name>
      </trkpt>
      <trkpt lat="51.24568" lon="4.43049">
        <name>X</name>
      </trkpt>
      <trkpt lat="51.24652" lon="4.43131">
        <name>X</name>
      </trkpt>
      <trkpt lat="51.24669" lon="4.43144">
        <name>X</name>
      </trkpt>
      <trkpt lat="51.24747" lon="4.43182">
        <name>X</name>
      </trkpt>
      <trkpt lat="51.24802" lon="4.43215">
        <name>X</name>
      </trkpt>
      <trkpt lat="51.25176" lon="4.43444">
        <name>X</name>
      </trkpt>
      <trkpt lat="51.25289" lon="4.43513">
        <name>X</name>
      </trkpt>
      <trkpt lat="51.2536" lon="4.43545">
        <name>X</name>
      </trkpt>
      <trkpt lat="51.25408" lon="4.4356">
        <name>X</name>
      </trkpt>
      <trkpt lat="51.25478" lon="4.43569">
        <name>X</name>
      </trkpt>
      <trkpt lat="51.25489" lon="4.43569">
        <name>X</name>
      </trkpt>
      <trkpt lat="51.25495" lon="4.44043">
        <name>X</name>
      </trkpt>
      <trkpt lat="51.25495" lon="4.44073">
        <name>X</name>
      </trkpt>
      <trkpt lat="51.25495" lon="4.44073">
        <name>X</name>
      </trkpt>
      <trkpt lat="51.25506" lon="4.4415">
        <name>X</name>
      </trkpt>
      <trkpt lat="51.25506" lon="4.4415">
        <name>X</name>
      </trkpt>
      <trkpt lat="51.25506" lon="4.44172">
        <name>X</name>
      </trkpt>
      <trkpt lat="51.25526" lon="4.44328">
        <name>X</name>
      </trkpt>
      <trkpt lat="51.25526" lon="4.44371">
        <name>X</name>
      </trkpt>
      <trkpt lat="51.25523" lon="4.44397">
        <name>X</name>
      </trkpt>
      <trkpt lat="51.25521" lon="4.44421">
        <name>X</name>
      </trkpt>
      <trkpt lat="51.25515" lon="4.44444">
        <name>X</name>
      </trkpt>
      <trkpt lat="51.25506" lon="4.44476">
        <name>X</name>
      </trkpt>
      <trkpt lat="51.25478" lon="4.44562">
        <name>X</name>
      </trkpt>
      <trkpt lat="51.25472" lon="4.44584">
        <name>X</name>
      </trkpt>
      <trkpt lat="51.2547" lon="4.44603">
        <name>X</name>
      </trkpt>
      <trkpt lat="51.25468" lon="4.44609">
        <name>X</name>
      </trkpt>
      <trkpt lat="51.25418" lon="4.45663">
        <name>X</name>
      </trkpt>
      <trkpt lat="51.25416" lon="4.45706">
        <name>X</name>
      </trkpt>
      <trkpt lat="51.2541" lon="4.45903">
        <name>X</name>
      </trkpt>
      <trkpt lat="51.25408" lon="4.4592">
        <name>X</name>
      </trkpt>
      <trkpt lat="51.2542" lon="4.45931">
        <name>X</name>
      </trkpt>
      <trkpt lat="51.25429" lon="4.4594">
        <name>X</name>
      </trkpt>
      <trkpt lat="51.25435" lon="4.45942">
        <name>X</name>
      </trkpt>
      <trkpt lat="51.25442" lon="4.45946">
        <name>X</name>
      </trkpt>
      <trkpt lat="51.25472" lon="4.45978">
        <name>X</name>
      </trkpt>
      <trkpt lat="51.25476" lon="4.45983">
        <name>X</name>
      </trkpt>
      <trkpt lat="51.2554" lon="4.46038">
        <name>X</name>
      </trkpt>
      <trkpt lat="51.25592" lon="4.46081">
        <name>X</name>
      </trkpt>
      <trkpt lat="51.25592" lon="4.46081">
        <name>X</name>
      </trkpt>
      <trkpt lat="51.25753" lon="4.46232">
        <name>X</name>
      </trkpt>
      <trkpt lat="51.25757" lon="4.46244">
        <name>X</name>
      </trkpt>
      <trkpt lat="51.25759" lon="4.46253">
        <name>X</name>
      </trkpt>
      <trkpt lat="51.25779" lon="4.46255">
        <name>X</name>
      </trkpt>
      <trkpt lat="51.25783" lon="4.46257">
        <name>X</name>
      </trkpt>
      <trkpt lat="51.2586" lon="4.46341">
        <name>X</name>
      </trkpt>
      <trkpt lat="51.25901" lon="4.4638">
        <name>X</name>
      </trkpt>
      <trkpt lat="51.25933" lon="4.46403">
        <name>X</name>
      </trkpt>
      <trkpt lat="51.2594" lon="4.4641">
        <name>X</name>
      </trkpt>
      <trkpt lat="51.25959" lon="4.4642">
        <name>X</name>
      </trkpt>
      <trkpt lat="51.25963" lon="4.46429">
        <name>X</name>
      </trkpt>
      <trkpt lat="51.25968" lon="4.46425">
        <name>X</name>
      </trkpt>
      <trkpt lat="51.2597" lon="4.4642">
        <name>X</name>
      </trkpt>
      <trkpt lat="51.25982" lon="4.46425">
        <name>X</name>
      </trkpt>
      <trkpt lat="51.25991" lon="4.46425">
        <name>X</name>
      </trkpt>
      <trkpt lat="51.25995" lon="4.46429">
        <name>X</name>
      </trkpt>
      <trkpt lat="51.25998" lon="4.46433">
        <name>X</name>
      </trkpt>
      <trkpt lat="51.26004" lon="4.46427">
        <name>X</name>
      </trkpt>
      <trkpt lat="51.26008" lon="4.46425">
        <name>X</name>
      </trkpt>
      <trkpt lat="51.26058" lon="4.46425">
        <name>X</name>
      </trkpt>
      <trkpt lat="51.26092" lon="4.4642">
        <name>X</name>
      </trkpt>
      <trkpt lat="51.26403" lon="4.46363">
        <name>X</name>
      </trkpt>
      <trkpt lat="51.26485" lon="4.46348">
        <name>X</name>
      </trkpt>
      <trkpt lat="51.26508" lon="4.4635">
        <name>X</name>
      </trkpt>
      <trkpt lat="51.26525" lon="4.46348">
        <name>X</name>
      </trkpt>
      <trkpt lat="51.26543" lon="4.46341">
        <name>X</name>
      </trkpt>
      <trkpt lat="51.26583" lon="4.46332">
        <name>X</name>
      </trkpt>
      <trkpt lat="51.2663" lon="4.46326">
        <name>X</name>
      </trkpt>
      <trkpt lat="51.26663" lon="4.4632">
        <name>X</name>
      </trkpt>
      <trkpt lat="51.26669" lon="4.46315">
        <name>X</name>
      </trkpt>
      <trkpt lat="51.26678" lon="4.46313">
        <name>X</name>
      </trkpt>
      <trkpt lat="51.26695" lon="4.46311">
        <name>X</name>
      </trkpt>
      <trkpt lat="51.26712" lon="4.46311">
        <name>X</name>
      </trkpt>
      <trkpt lat="51.26744" lon="4.46322">
        <name>X</name>
      </trkpt>
      <trkpt lat="51.26751" lon="4.46326">
        <name>X</name>
      </trkpt>
      <trkpt lat="51.26806" lon="4.46392">
        <name>X</name>
      </trkpt>
      <trkpt lat="51.26813" lon="4.46412">
        <name>X</name>
      </trkpt>
      <trkpt lat="51.2689" lon="4.46489">
        <name>X</name>
      </trkpt>
      <trkpt lat="51.26907" lon="4.46508">
        <name>X</name>
      </trkpt>
      <trkpt lat="51.28197" lon="4.48023">
        <name>X</name>
      </trkpt>
      <trkpt lat="51.28446" lon="4.48313">
        <name>X</name>
      </trkpt>
      <trkpt lat="51.2845" lon="4.48322">
        <name>X</name>
      </trkpt>
      <trkpt lat="51.28452" lon="4.48326">
        <name>X</name>
      </trkpt>
      <trkpt lat="51.28465" lon="4.48337">
        <name>X</name>
      </trkpt>
      <trkpt lat="51.2847" lon="4.48328">
        <name>X</name>
      </trkpt>
      <trkpt lat="51.28491" lon="4.48349">
        <name>X</name>
      </trkpt>
      <trkpt lat="51.28514" lon="4.48369">
        <name>X</name>
      </trkpt>
      <trkpt lat="51.28594" lon="4.48465">
        <name>X</name>
      </trkpt>
      <trkpt lat="51.2863" lon="4.4851">
        <name>X</name>
      </trkpt>
      <trkpt lat="51.28742" lon="4.48639">
        <name>X</name>
      </trkpt>
      <trkpt lat="51.28759" lon="4.48661">
        <name>X</name>
      </trkpt>
      <trkpt lat="51.28759" lon="4.48661">
        <name>X</name>
      </trkpt>
      <trkpt lat="51.28789" lon="4.48699">
        <name>X</name>
      </trkpt>
      <trkpt lat="51.28924" lon="4.48991">
        <name>X</name>
      </trkpt>
      <trkpt lat="51.28946" lon="4.49036">
        <name>X</name>
      </trkpt>
      <trkpt lat="51.29008" lon="4.49154">
        <name>X</name>
      </trkpt>
      <trkpt lat="51.29017" lon="4.49167">
        <name>X</name>
      </trkpt>
      <trkpt lat="51.2903" lon="4.49197">
        <name>X</name>
      </trkpt>
      <trkpt lat="51.29036" lon="4.49212">
        <name>X</name>
      </trkpt>
      <trkpt lat="51.29158" lon="4.49362">
        <name>X</name>
      </trkpt>
      <trkpt lat="51.29167" lon="4.49373">
        <name>X</name>
      </trkpt>
      <trkpt lat="51.29598" lon="4.49731">
        <name>X</name>
      </trkpt>
      <trkpt lat="51.29611" lon="4.49742">
        <name>X</name>
      </trkpt>
      <trkpt lat="51.29632" lon="4.49761">
        <name>X</name>
      </trkpt>
      <trkpt lat="51.29648" lon="4.49774">
        <name>X</name>
      </trkpt>
      <trkpt lat="51.29648" lon="4.49774">
        <name>X</name>
      </trkpt>
      <trkpt lat="51.29643" lon="4.49785">
        <name>X</name>
      </trkpt>
      <trkpt lat="51.29658" lon="4.49796">
        <name>X</name>
      </trkpt>
      <trkpt lat="51.29667" lon="4.49809">
        <name>X</name>
      </trkpt>
      <trkpt lat="51.29684" lon="4.49817">
        <name>X</name>
      </trkpt>
      <trkpt lat="51.2971" lon="4.49836">
        <name>X</name>
      </trkpt>
      <trkpt lat="51.30656" lon="4.50628">
        <name>X</name>
      </trkpt>
      <trkpt lat="51.3072" lon="4.50682">
        <name>X</name>
      </trkpt>
      <trkpt lat="51.3072" lon="4.50682">
        <name>X</name>
      </trkpt>
      <trkpt lat="51.3075" lon="4.50712">
        <name>X</name>
      </trkpt>
      <trkpt lat="51.30759" lon="4.50725">
        <name>X</name>
      </trkpt>
      <trkpt lat="51.30774" lon="4.50742">
        <name>X</name>
      </trkpt>
      <trkpt lat="51.30774" lon="4.50751">
        <name>X</name>
      </trkpt>
      <trkpt lat="51.3078" lon="4.50761">
        <name>X</name>
      </trkpt>
      <trkpt lat="51.3078" lon="4.50761">
        <name>X</name>
      </trkpt>
      <trkpt lat="51.30789" lon="4.5077">
        <name>X</name>
      </trkpt>
      <trkpt lat="51.30793" lon="4.50768">
        <name>X</name>
      </trkpt>
      <trkpt lat="51.30798" lon="4.5077">
        <name>X</name>
      </trkpt>
      <trkpt lat="51.30828" lon="4.50806">
        <name>X</name>
      </trkpt>
      <trkpt lat="51.30849" lon="4.5083">
        <name>X</name>
      </trkpt>
      <trkpt lat="51.31154" lon="4.51163">
        <name>X</name>
      </trkpt>
      <trkpt lat="51.31287" lon="4.51308">
        <name>X</name>
      </trkpt>
      <trkpt lat="51.31293" lon="4.51321">
        <name>X</name>
      </trkpt>
      <trkpt lat="51.31295" lon="4.51328">
        <name>X</name>
      </trkpt>
      <trkpt lat="51.31295" lon="4.51328">
        <name>X</name>
      </trkpt>
      <trkpt lat="51.31338" lon="4.51369">
        <name>X</name>
      </trkpt>
      <trkpt lat="51.31628" lon="4.5169">
        <name>X</name>
      </trkpt>
      <trkpt lat="51.31652" lon="4.51712">
        <name>X</name>
      </trkpt>
      <trkpt lat="51.31707" lon="4.51742">
        <name>X</name>
      </trkpt>
      <trkpt lat="51.31716" lon="4.51746">
        <name>X</name>
      </trkpt>
      <trkpt lat="51.31725" lon="4.51763">
        <name>X</name>
      </trkpt>
      <trkpt lat="51.31735" lon="4.5177">
        <name>X</name>
      </trkpt>
      <trkpt lat="51.31746" lon="4.51774">
        <name>X</name>
      </trkpt>
      <trkpt lat="51.31778" lon="4.51763">
        <name>X</name>
      </trkpt>
      <trkpt lat="51.32787" lon="4.52233">
        <name>X</name>
      </trkpt>
      <trkpt lat="51.32806" lon="4.52242">
        <name>X</name>
      </trkpt>
      <trkpt lat="51.32828" lon="4.52253">
        <name>X</name>
      </trkpt>
      <trkpt lat="51.32836" lon="4.52268">
        <name>X</name>
      </trkpt>
      <trkpt lat="51.32868" lon="4.52283">
        <name>X</name>
      </trkpt>
      <trkpt lat="51.3287" lon="4.52291">
        <name>X</name>
      </trkpt>
      <trkpt lat="51.32881" lon="4.52293">
        <name>X</name>
      </trkpt>
      <trkpt lat="51.32898" lon="4.52302">
        <name>X</name>
      </trkpt>
      <trkpt lat="51.329" lon="4.52298">
        <name>X</name>
      </trkpt>
      <trkpt lat="51.32922" lon="4.52306">
        <name>X</name>
      </trkpt>
      <trkpt lat="51.32956" lon="4.52323">
        <name>X</name>
      </trkpt>
      <trkpt lat="51.32969" lon="4.52336">
        <name>X</name>
      </trkpt>
      <trkpt lat="51.33285" lon="4.52484">
        <name>X</name>
      </trkpt>
      <trkpt lat="51.33568" lon="4.52617">
        <name>X</name>
      </trkpt>
      <trkpt lat="51.33602" lon="4.52635">
        <name>X</name>
      </trkpt>
      <trkpt lat="51.33639" lon="4.52652">
        <name>X</name>
      </trkpt>
      <trkpt lat="51.33705" lon="4.52695">
        <name>X</name>
      </trkpt>
      <trkpt lat="51.33718" lon="4.52705">
        <name>X</name>
      </trkpt>
      <trkpt lat="51.33748" lon="4.52742">
        <name>X</name>
      </trkpt>
      <trkpt lat="51.3381" lon="4.52817">
        <name>X</name>
      </trkpt>
      <trkpt lat="51.3381" lon="4.52817">
        <name>X</name>
      </trkpt>
      <trkpt lat="51.33821" lon="4.52821">
        <name>X</name>
      </trkpt>
      <trkpt lat="51.33847" lon="4.52851">
        <name>X</name>
      </trkpt>
      <trkpt lat="51.3386" lon="4.52866">
        <name>X</name>
      </trkpt>
      <trkpt lat="51.3386" lon="4.52866">
        <name>X</name>
      </trkpt>
      <trkpt lat="51.33864" lon="4.52884">
        <name>X</name>
      </trkpt>
      <trkpt lat="51.34207" lon="4.53304">
        <name>X</name>
      </trkpt>
      <trkpt lat="51.34233" lon="4.53336">
        <name>X</name>
      </trkpt>
      <trkpt lat="51.34233" lon="4.53336">
        <name>X</name>
      </trkpt>
      <trkpt lat="51.34257" lon="4.53364">
        <name>X</name>
      </trkpt>
      <trkpt lat="51.34263" lon="4.53366">
        <name>X</name>
      </trkpt>
      <trkpt lat="51.34267" lon="4.53368">
        <name>X</name>
      </trkpt>
      <trkpt lat="51.34274" lon="4.53379">
        <name>X</name>
      </trkpt>
      <trkpt lat="51.34276" lon="4.53388">
        <name>X</name>
      </trkpt>
      <trkpt lat="51.34638" lon="4.53832">
        <name>X</name>
      </trkpt>
      <trkpt lat="51.34703" lon="4.53914">
        <name>X</name>
      </trkpt>
      <trkpt lat="51.34718" lon="4.53924">
        <name>X</name>
      </trkpt>
      <trkpt lat="51.34722" lon="4.53928">
        <name>X</name>
      </trkpt>
      <trkpt lat="51.35214" lon="4.54527">
        <name>X</name>
      </trkpt>
      <trkpt lat="51.35338" lon="4.5468">
        <name>X</name>
      </trkpt>
      <trkpt lat="51.35338" lon="4.5468">
        <name>X</name>
      </trkpt>
      <trkpt lat="51.35342" lon="4.54677">
        <name>X</name>
      </trkpt>
      <trkpt lat="51.35542" lon="4.5492">
        <name>X</name>
      </trkpt>
      <trkpt lat="51.35589" lon="4.54976">
        <name>X</name>
      </trkpt>
      <trkpt lat="51.35954" lon="4.55424">
        <name>X</name>
      </trkpt>
      <trkpt lat="51.35984" lon="4.5546">
        <name>X</name>
      </trkpt>
      <trkpt lat="51.35995" lon="4.55478">
        <name>X</name>
      </trkpt>
      <trkpt lat="51.3607" lon="4.5557">
        <name>X</name>
      </trkpt>
      <trkpt lat="51.36684" lon="4.56319">
        <name>X</name>
      </trkpt>
      <trkpt lat="51.36733" lon="4.56379">
        <name>X</name>
      </trkpt>
      <trkpt lat="51.37686" lon="4.57553">
        <name>X</name>
      </trkpt>
      <trkpt lat="51.37767" lon="4.57654">
        <name>X</name>
      </trkpt>
      <trkpt lat="51.37767" lon="4.57654">
        <name>X</name>
      </trkpt>
      <trkpt lat="51.3784" lon="4.57739">
        <name>X</name>
      </trkpt>
      <trkpt lat="51.3902" lon="4.59192">
        <name>X</name>
      </trkpt>
      <trkpt lat="51.39033" lon="4.59209">
        <name>X</name>
      </trkpt>
      <trkpt lat="51.39422" lon="4.59683">
        <name>X</name>
      </trkpt>
      <trkpt lat="51.3946" lon="4.59728">
        <name>X</name>
      </trkpt>
      <trkpt lat="51.40114" lon="4.60535">
        <name>X</name>
      </trkpt>
      <trkpt lat="51.40344" lon="4.60821">
        <name>X</name>
      </trkpt>
      <trkpt lat="51.40344" lon="4.60821">
        <name>X</name>
      </trkpt>
      <trkpt lat="51.40385" lon="4.60859">
        <name>X</name>
      </trkpt>
      <trkpt lat="51.40505" lon="4.60943">
        <name>X</name>
      </trkpt>
      <trkpt lat="51.40535" lon="4.60964">
        <name>X</name>
      </trkpt>
      <trkpt lat="51.40797" lon="4.61138">
        <name>X</name>
      </trkpt>
      <trkpt lat="51.40827" lon="4.61158">
        <name>X</name>
      </trkpt>
      <trkpt lat="51.40827" lon="4.61158">
        <name>X</name>
      </trkpt>
      <trkpt lat="51.40829" lon="4.61179">
        <name>X</name>
      </trkpt>
      <trkpt lat="51.40833" lon="4.61183">
        <name>X</name>
      </trkpt>
      <trkpt lat="51.40831" lon="4.61203">
        <name>X</name>
      </trkpt>
      <trkpt lat="51.40836" lon="4.61215">
        <name>X</name>
      </trkpt>
      <trkpt lat="51.40838" lon="4.6122">
        <name>X</name>
      </trkpt>
      <trkpt lat="51.40887" lon="4.61473">
        <name>X</name>
      </trkpt>
      <trkpt lat="51.40887" lon="4.61499">
        <name>X</name>
      </trkpt>
      <trkpt lat="51.40913" lon="4.61524">
        <name>X</name>
      </trkpt>
      <trkpt lat="51.40945" lon="4.61567">
        <name>X</name>
      </trkpt>
      <trkpt lat="51.4113" lon="4.61891">
        <name>X</name>
      </trkpt>
      <trkpt lat="51.41243" lon="4.62089">
        <name>X</name>
      </trkpt>
      <trkpt lat="51.41795" lon="4.62984">
        <name>X</name>
      </trkpt>
      <trkpt lat="51.41878" lon="4.63132">
        <name>X</name>
      </trkpt>
      <trkpt lat="51.41878" lon="4.63132">
        <name>X</name>
      </trkpt>
      <trkpt lat="51.41891" lon="4.63162">
        <name>X</name>
      </trkpt>
      <trkpt lat="51.41891" lon="4.63162">
        <name>X</name>
      </trkpt>
      <trkpt lat="51.4193" lon="4.63295">
        <name>X</name>
      </trkpt>
      <trkpt lat="51.4193" lon="4.63295">
        <name>X</name>
      </trkpt>
      <trkpt lat="51.41975" lon="4.63432">
        <name>X</name>
      </trkpt>
      <trkpt lat="51.42024" lon="4.63597">
        <name>X</name>
      </trkpt>
      <trkpt lat="51.42059" lon="4.63705">
        <name>X</name>
      </trkpt>
      <trkpt lat="51.42116" lon="4.63805">
        <name>X</name>
      </trkpt>
      <trkpt lat="51.42183" lon="4.63921">
        <name>X</name>
      </trkpt>
      <trkpt lat="51.42196" lon="4.63936">
        <name>X</name>
      </trkpt>
      <trkpt lat="51.42217" lon="4.6396">
        <name>X</name>
      </trkpt>
      <trkpt lat="51.42217" lon="4.6396">
        <name>X</name>
      </trkpt>
      <trkpt lat="51.42226" lon="4.63966">
        <name>X</name>
      </trkpt>
      <trkpt lat="51.42363" lon="4.64003">
        <name>X</name>
      </trkpt>
      <trkpt lat="51.42376" lon="4.64009">
        <name>X</name>
      </trkpt>
      <trkpt lat="51.42518" lon="4.64127">
        <name>X</name>
      </trkpt>
      <trkpt lat="51.42522" lon="4.64129">
        <name>X</name>
      </trkpt>
      <trkpt lat="51.42655" lon="4.64166">
        <name>X</name>
      </trkpt>
      <trkpt lat="51.42698" lon="4.64177">
        <name>X</name>
      </trkpt>
      <trkpt lat="51.43179" lon="4.64241">
        <name>X</name>
      </trkpt>
      <trkpt lat="51.43327" lon="4.6426">
        <name>X</name>
      </trkpt>
      <trkpt lat="51.43342" lon="4.64258">
        <name>X</name>
      </trkpt>
      <trkpt lat="51.43477" lon="4.64215">
        <name>X</name>
      </trkpt>
      <trkpt lat="51.43477" lon="4.64215">
        <name>X</name>
      </trkpt>
      <trkpt lat="51.43509" lon="4.64213">
        <name>X</name>
      </trkpt>
      <trkpt lat="51.43565" lon="4.64217">
        <name>X</name>
      </trkpt>
      <trkpt lat="51.43599" lon="4.64222">
        <name>X</name>
      </trkpt>
      <trkpt lat="51.43599" lon="4.64222">
        <name>X</name>
      </trkpt>
      <trkpt lat="51.43676" lon="4.64241">
        <name>X</name>
      </trkpt>
      <trkpt lat="51.44211" lon="4.64419">
        <name>X</name>
      </trkpt>
      <trkpt lat="51.44239" lon="4.64423">
        <name>X</name>
      </trkpt>
      <trkpt lat="51.44239" lon="4.64423">
        <name>X</name>
      </trkpt>
      <trkpt lat="51.44264" lon="4.64423">
        <name>X</name>
      </trkpt>
      <trkpt lat="51.44494" lon="4.64361">
        <name>X</name>
      </trkpt>
      <trkpt lat="51.44494" lon="4.64361">
        <name>X</name>
      </trkpt>
      <trkpt lat="51.44494" lon="4.64361">
        <name>X</name>
      </trkpt>
      <trkpt lat="51.44687" lon="4.6425">
        <name>X</name>
      </trkpt>
      <trkpt lat="51.44784" lon="4.64179">
        <name>X</name>
      </trkpt>
      <trkpt lat="51.449" lon="4.64125">
        <name>X</name>
      </trkpt>
      <trkpt lat="51.449" lon="4.64125">
        <name>X</name>
      </trkpt>
      <trkpt lat="51.44923" lon="4.64108">
        <name>X</name>
      </trkpt>
      <trkpt lat="51.44938" lon="4.64089">
        <name>X</name>
      </trkpt>
      <trkpt lat="51.44949" lon="4.64074">
        <name>X</name>
      </trkpt>
      <trkpt lat="51.45003" lon="4.63951">
        <name>X</name>
      </trkpt>
      <trkpt lat="51.45005" lon="4.63945">
        <name>X</name>
      </trkpt>
      <trkpt lat="51.45232" lon="4.64097">
        <name>X</name>
      </trkpt>
      <trkpt lat="51.45245" lon="4.6411">
        <name>X</name>
      </trkpt>
      <trkpt lat="51.45266" lon="4.64121">
        <name>X</name>
      </trkpt>
      <trkpt lat="51.45279" lon="4.64123">
        <name>X</name>
      </trkpt>
      <trkpt lat="51.45284" lon="4.64136">
        <name>X</name>
      </trkpt>
      <trkpt lat="51.45292" lon="4.64149">
        <name>X</name>
      </trkpt>
      <trkpt lat="51.45374" lon="4.64205">
        <name>X</name>
      </trkpt>
      <trkpt lat="51.45395" lon="4.64217">
        <name>X</name>
      </trkpt>
      <trkpt lat="51.45419" lon="4.64248">
        <name>X</name>
      </trkpt>
      <trkpt lat="51.45425" lon="4.64256">
        <name>X</name>
      </trkpt>
      <trkpt lat="51.45445" lon="4.64288">
        <name>X</name>
      </trkpt>
      <trkpt lat="51.45466" lon="4.64331">
        <name>X</name>
      </trkpt>
      <trkpt lat="51.455" lon="4.64408">
        <name>X</name>
      </trkpt>
      <trkpt lat="51.45505" lon="4.64428">
        <name>X</name>
      </trkpt>
      <trkpt lat="51.45522" lon="4.64456">
        <name>X</name>
      </trkpt>
      <trkpt lat="51.45541" lon="4.64488">
        <name>X</name>
      </trkpt>
      <trkpt lat="51.45541" lon="4.64488">
        <name>X</name>
      </trkpt>
      <trkpt lat="51.45546" lon="4.64503">
        <name>X</name>
      </trkpt>
      <trkpt lat="51.45571" lon="4.64559">
        <name>X</name>
      </trkpt>
      <trkpt lat="51.45578" lon="4.64569">
        <name>X</name>
      </trkpt>
      <trkpt lat="51.4559" lon="4.64582">
        <name>X</name>
      </trkpt>
      <trkpt lat="51.45599" lon="4.64591">
        <name>X</name>
      </trkpt>
      <trkpt lat="51.4561" lon="4.64597">
        <name>X</name>
      </trkpt>
      <trkpt lat="51.45616" lon="4.64602">
        <name>X</name>
      </trkpt>
      <trkpt lat="51.45621" lon="4.64602">
        <name>X</name>
      </trkpt>
      <trkpt lat="51.45634" lon="4.64597">
        <name>X</name>
      </trkpt>
      <trkpt lat="51.45642" lon="4.64591">
        <name>X</name>
      </trkpt>
      <trkpt lat="51.45655" lon="4.64595">
        <name>X</name>
      </trkpt>
      <trkpt lat="51.46116" lon="4.65041">
        <name>X</name>
      </trkpt>
      <trkpt lat="51.46144" lon="4.65071">
        <name>X</name>
      </trkpt>
      <trkpt lat="51.46155" lon="4.6508">
        <name>X</name>
      </trkpt>
      <trkpt lat="51.4623" lon="4.65149">
        <name>X</name>
      </trkpt>
      <trkpt lat="51.4635" lon="4.65265">
        <name>X</name>
      </trkpt>
      <trkpt lat="51.46363" lon="4.65277">
        <name>X</name>
      </trkpt>
      <trkpt lat="51.46363" lon="4.65277">
        <name>X</name>
      </trkpt>
      <trkpt lat="51.46363" lon="4.6529">
        <name>X</name>
      </trkpt>
      <trkpt lat="51.46367" lon="4.65303">
        <name>X</name>
      </trkpt>
      <trkpt lat="51.46374" lon="4.6531">
        <name>X</name>
      </trkpt>
      <trkpt lat="51.46387" lon="4.65312">
        <name>X</name>
      </trkpt>
      <trkpt lat="51.46391" lon="4.65308">
        <name>X</name>
      </trkpt>
      <trkpt lat="51.46432" lon="4.65344">
        <name>X</name>
      </trkpt>
      <trkpt lat="51.46442" lon="4.6535">
        <name>X</name>
      </trkpt>
      <trkpt lat="51.46816" lon="4.65711">
        <name>X</name>
      </trkpt>
      <trkpt lat="51.4682" lon="4.657">
        <name>X</name>
      </trkpt>
      <trkpt lat="51.46934" lon="4.6582">
        <name>X</name>
      </trkpt>
      <trkpt lat="51.46938" lon="4.65825">
        <name>X</name>
      </trkpt>
      <trkpt lat="51.46938" lon="4.65825">
        <name>X</name>
      </trkpt>
      <trkpt lat="51.4694" lon="4.65835">
        <name>X</name>
      </trkpt>
      <trkpt lat="51.46949" lon="4.65844">
        <name>X</name>
      </trkpt>
      <trkpt lat="51.46953" lon="4.65844">
        <name>X</name>
      </trkpt>
      <trkpt lat="51.46957" lon="4.65855">
        <name>X</name>
      </trkpt>
      <trkpt lat="51.46957" lon="4.65861">
        <name>X</name>
      </trkpt>
      <trkpt lat="51.47002" lon="4.65979">
        <name>X</name>
      </trkpt>
      <trkpt lat="51.47024" lon="4.66041">
        <name>X</name>
      </trkpt>
      <trkpt lat="51.47062" lon="4.66164">
        <name>X</name>
      </trkpt>
      <trkpt lat="51.47073" lon="4.66196">
        <name>X</name>
      </trkpt>
      <trkpt lat="51.47093" lon="4.66243">
        <name>X</name>
      </trkpt>
      <trkpt lat="51.47106" lon="4.66271">
        <name>X</name>
      </trkpt>
      <trkpt lat="51.47114" lon="4.66288">
        <name>X</name>
      </trkpt>
      <trkpt lat="51.47138" lon="4.66322">
        <name>X</name>
      </trkpt>
      <trkpt lat="51.47187" lon="4.66372">
        <name>X</name>
      </trkpt>
      <trkpt lat="51.47213" lon="4.66406">
        <name>X</name>
      </trkpt>
      <trkpt lat="51.47279" lon="4.66531">
        <name>X</name>
      </trkpt>
      <trkpt lat="51.47284" lon="4.66537">
        <name>X</name>
      </trkpt>
      <trkpt lat="51.47206" lon="4.66631">
        <name>X</name>
      </trkpt>
      <trkpt lat="51.472" lon="4.6664">
        <name>X</name>
      </trkpt>
      <trkpt lat="51.47181" lon="4.66621">
        <name>X</name>
      </trkpt>
      <trkpt lat="51.47176" lon="4.66616">
        <name>X</name>
      </trkpt>
      <trkpt lat="51.47176" lon="4.66616">
        <name>X</name>
      </trkpt>
      <trkpt lat="51.47168" lon="4.66612">
        <name>X</name>
      </trkpt>
      <trkpt lat="51.47161" lon="4.66616">
        <name>X</name>
      </trkpt>
      <trkpt lat="51.47153" lon="4.66629">
        <name>X</name>
      </trkpt>
      <trkpt lat="51.47178" lon="4.66682">
        <name>X</name>
      </trkpt>
      <trkpt lat="51.47212" lon="4.66642">
        <name>X</name>
      </trkpt>
      <trkpt lat="51.47234" lon="4.66683">
        <name>X</name>
      </trkpt>
      <trkpt lat="51.47243" lon="4.66711">
        <name>X</name>
      </trkpt>
      <trkpt lat="51.47243" lon="4.66711">
        <name>X</name>
      </trkpt>
      <trkpt lat="51.47247" lon="4.66743">
        <name>X</name>
      </trkpt>
      <trkpt lat="51.47238" lon="4.66784">
        <name>X</name>
      </trkpt>
      <trkpt lat="51.47226" lon="4.6681">
        <name>X</name>
      </trkpt>
      <trkpt lat="51.47204" lon="4.66822">
        <name>X</name>
      </trkpt>
      <trkpt lat="51.47189" lon="4.66827">
        <name>X</name>
      </trkpt>
      <trkpt lat="51.47178" lon="4.66803">
        <name>X</name>
      </trkpt>
      <trkpt lat="51.4717" lon="4.6679">
        <name>X</name>
      </trkpt>
      <trkpt lat="51.47159" lon="4.66792">
        <name>X</name>
      </trkpt>
      <trkpt lat="51.47148" lon="4.66801">
        <name>X</name>
      </trkpt>
      <trkpt lat="51.47125" lon="4.66752">
        <name>X</name>
      </trkpt>
      <trkpt lat="51.47101" lon="4.6678">
        <name>X</name>
      </trkpt>
      <trkpt lat="51.47144" lon="4.66872">
        <name>X</name>
      </trkpt>
      <trkpt lat="51.47155" lon="4.66882">
        <name>X</name>
      </trkpt>
      <trkpt lat="51.47155" lon="4.66882">
        <name>X</name>
      </trkpt>
      <trkpt lat="51.47174" lon="4.66893">
        <name>X</name>
      </trkpt>
      <trkpt lat="51.47268" lon="4.6691">
        <name>X</name>
      </trkpt>
      <trkpt lat="51.47275" lon="4.66906">
        <name>X</name>
      </trkpt>
      <trkpt lat="51.47275" lon="4.66912">
        <name>X</name>
      </trkpt>
      <trkpt lat="51.47277" lon="4.66925">
        <name>X</name>
      </trkpt>
      <trkpt lat="51.47275" lon="4.66962">
        <name>X</name>
      </trkpt>
      <trkpt lat="51.47268" lon="4.67058">
        <name>X</name>
      </trkpt>
      <trkpt lat="51.47268" lon="4.67058">
        <name>X</name>
      </trkpt>
      <trkpt lat="51.47266" lon="4.67078">
        <name>X</name>
      </trkpt>
      <trkpt lat="51.47258" lon="4.67106">
        <name>X</name>
      </trkpt>
      <trkpt lat="51.47238" lon="4.6717">
        <name>X</name>
      </trkpt>
      <trkpt lat="51.47279" lon="4.67209">
        <name>X</name>
      </trkpt>
      <trkpt lat="51.47284" lon="4.67215">
        <name>X</name>
      </trkpt>
      <trkpt lat="51.47337" lon="4.6732">
        <name>X</name>
      </trkpt>
      <trkpt lat="51.47342" lon="4.67324">
        <name>X</name>
      </trkpt>
      <trkpt lat="51.47344" lon="4.6734">
        <name>X</name>
      </trkpt>
      <trkpt lat="51.47356" lon="4.67367">
        <name>X</name>
      </trkpt>
      <trkpt lat="51.47356" lon="4.67422">
        <name>X</name>
      </trkpt>
      <trkpt lat="51.47356" lon="4.67513">
        <name>X</name>
      </trkpt>
      <trkpt lat="51.47356" lon="4.67513">
        <name>X</name>
      </trkpt>
      <trkpt lat="51.47376" lon="4.67513">
        <name>X</name>
      </trkpt>
      <trkpt lat="51.47406" lon="4.67505">
        <name>X</name>
      </trkpt>
      <trkpt lat="51.47432" lon="4.67481">
        <name>X</name>
      </trkpt>
      <trkpt lat="51.47432" lon="4.67481">
        <name>X</name>
      </trkpt>
      <trkpt lat="51.47449" lon="4.67442">
        <name>X</name>
      </trkpt>
      <trkpt lat="51.47567" lon="4.67076">
        <name>X</name>
      </trkpt>
      <trkpt lat="51.47573" lon="4.67054">
        <name>X</name>
      </trkpt>
      <trkpt lat="51.47588" lon="4.67026">
        <name>X</name>
      </trkpt>
      <trkpt lat="51.47612" lon="4.66947">
        <name>X</name>
      </trkpt>
      <trkpt lat="51.47625" lon="4.66958">
        <name>X</name>
      </trkpt>
      <trkpt lat="51.47629" lon="4.66962">
        <name>X</name>
      </trkpt>
      <trkpt lat="51.47638" lon="4.66962">
        <name>X</name>
      </trkpt>
      <trkpt lat="51.47648" lon="4.66953">
        <name>X</name>
      </trkpt>
      <trkpt lat="51.47784" lon="4.67056">
        <name>X</name>
      </trkpt>
      <trkpt lat="51.47814" lon="4.6708">
        <name>X</name>
      </trkpt>
      <trkpt lat="51.47814" lon="4.6708">
        <name>X</name>
      </trkpt>
      <trkpt lat="51.47902" lon="4.67157">
        <name>X</name>
      </trkpt>
      <trkpt lat="51.4867" lon="4.67777">
        <name>X</name>
      </trkpt>
      <trkpt lat="51.4879" lon="4.67874">
        <name>X</name>
      </trkpt>
      <trkpt lat="51.48803" lon="4.6788">
        <name>X</name>
      </trkpt>
      <trkpt lat="51.48822" lon="4.67887">
        <name>X</name>
      </trkpt>
      <trkpt lat="51.49022" lon="4.67927">
        <name>X</name>
      </trkpt>
      <trkpt lat="51.49067" lon="4.6794">
        <name>X</name>
      </trkpt>
      <trkpt lat="51.49112" lon="4.67966">
        <name>X</name>
      </trkpt>
      <trkpt lat="51.49165" lon="4.68003">
        <name>X</name>
      </trkpt>
      <trkpt lat="51.51341" lon="4.69749">
        <name>X</name>
      </trkpt>
      <trkpt lat="51.51427" lon="4.69818">
        <name>X</name>
      </trkpt>
      <trkpt lat="51.51442" lon="4.69831">
        <name>X</name>
      </trkpt>
      <trkpt lat="51.51457" lon="4.69848">
        <name>X</name>
      </trkpt>
      <trkpt lat="51.51489" lon="4.69914">
        <name>X</name>
      </trkpt>
      <trkpt lat="51.51496" lon="4.69925">
        <name>X</name>
      </trkpt>
      <trkpt lat="51.51513" lon="4.69972">
        <name>X</name>
      </trkpt>
      <trkpt lat="51.5153" lon="4.70007">
        <name>X</name>
      </trkpt>
      <trkpt lat="51.51569" lon="4.70127">
        <name>X</name>
      </trkpt>
      <trkpt lat="51.51592" lon="4.70185">
        <name>X</name>
      </trkpt>
      <trkpt lat="51.51603" lon="4.702">
        <name>X</name>
      </trkpt>
      <trkpt lat="51.51616" lon="4.70213">
        <name>X</name>
      </trkpt>
      <trkpt lat="51.51648" lon="4.70234">
        <name>X</name>
      </trkpt>
      <trkpt lat="51.51654" lon="4.70241">
        <name>X</name>
      </trkpt>
      <trkpt lat="51.51689" lon="4.70284">
        <name>X</name>
      </trkpt>
      <trkpt lat="51.517" lon="4.70296">
        <name>X</name>
      </trkpt>
      <trkpt lat="51.51717" lon="4.70305">
        <name>X</name>
      </trkpt>
      <trkpt lat="51.51734" lon="4.70305">
        <name>X</name>
      </trkpt>
      <trkpt lat="51.51871" lon="4.70275">
        <name>X</name>
      </trkpt>
      <trkpt lat="51.51899" lon="4.70271">
        <name>X</name>
      </trkpt>
      <trkpt lat="51.51923" lon="4.70273">
        <name>X</name>
      </trkpt>
      <trkpt lat="51.5194" lon="4.70277">
        <name>X</name>
      </trkpt>
      <trkpt lat="51.51972" lon="4.70296">
        <name>X</name>
      </trkpt>
      <trkpt lat="51.51985" lon="4.70307">
        <name>X</name>
      </trkpt>
      <trkpt lat="51.51985" lon="4.70307">
        <name>X</name>
      </trkpt>
      <trkpt lat="51.51989" lon="4.70316">
        <name>X</name>
      </trkpt>
      <trkpt lat="51.51987" lon="4.70331">
        <name>X</name>
      </trkpt>
      <trkpt lat="51.51985" lon="4.7035">
        <name>X</name>
      </trkpt>
      <trkpt lat="51.51936" lon="4.70466">
        <name>X</name>
      </trkpt>
      <trkpt lat="51.51918" lon="4.70507">
        <name>X</name>
      </trkpt>
      <trkpt lat="51.51818" lon="4.70648">
        <name>X</name>
      </trkpt>
      <trkpt lat="51.51802" lon="4.7067">
        <name>X</name>
      </trkpt>
      <trkpt lat="51.51802" lon="4.7067">
        <name>X</name>
      </trkpt>
      <trkpt lat="51.51788" lon="4.70678">
        <name>X</name>
      </trkpt>
      <trkpt lat="51.51764" lon="4.70685">
        <name>X</name>
      </trkpt>
      <trkpt lat="51.5176" lon="4.70691">
        <name>X</name>
      </trkpt>
      <trkpt lat="51.51751" lon="4.70738">
        <name>X</name>
      </trkpt>
      <trkpt lat="51.51747" lon="4.70753">
        <name>X</name>
      </trkpt>
      <trkpt lat="51.51747" lon="4.70753">
        <name>X</name>
      </trkpt>
      <trkpt lat="51.51738" lon="4.70779">
        <name>X</name>
      </trkpt>
      <trkpt lat="51.51738" lon="4.70779">
        <name>X</name>
      </trkpt>
      <trkpt lat="51.51734" lon="4.70784">
        <name>X</name>
      </trkpt>
      <trkpt lat="51.51723" lon="4.70809">
        <name>X</name>
      </trkpt>
      <trkpt lat="51.5171" lon="4.70841">
        <name>X</name>
      </trkpt>
      <trkpt lat="51.51586" lon="4.71011">
        <name>X</name>
      </trkpt>
      <trkpt lat="51.51528" lon="4.71092">
        <name>X</name>
      </trkpt>
      <trkpt lat="51.51511" lon="4.71125">
        <name>X</name>
      </trkpt>
      <trkpt lat="51.51485" lon="4.71189">
        <name>X</name>
      </trkpt>
      <trkpt lat="51.51485" lon="4.71189">
        <name>X</name>
      </trkpt>
      <trkpt lat="51.51448" lon="4.71249">
        <name>X</name>
      </trkpt>
      <trkpt lat="51.51376" lon="4.71352">
        <name>X</name>
      </trkpt>
      <trkpt lat="51.51311" lon="4.71444">
        <name>X</name>
      </trkpt>
      <trkpt lat="51.51268" lon="4.71494">
        <name>X</name>
      </trkpt>
      <trkpt lat="51.51133" lon="4.71629">
        <name>X</name>
      </trkpt>
      <trkpt lat="51.51133" lon="4.71629">
        <name>X</name>
      </trkpt>
      <trkpt lat="51.51118" lon="4.71642">
        <name>X</name>
      </trkpt>
      <trkpt lat="51.51118" lon="4.71642">
        <name>X</name>
      </trkpt>
      <trkpt lat="51.51107" lon="4.71642">
        <name>X</name>
      </trkpt>
      <trkpt lat="51.51082" lon="4.71657">
        <name>X</name>
      </trkpt>
      <trkpt lat="51.51073" lon="4.71659">
        <name>X</name>
      </trkpt>
      <trkpt lat="51.51054" lon="4.71702">
        <name>X</name>
      </trkpt>
      <trkpt lat="51.51052" lon="4.71715">
        <name>X</name>
      </trkpt>
      <trkpt lat="51.50959" lon="4.71848">
        <name>X</name>
      </trkpt>
      <trkpt lat="51.50912" lon="4.71906">
        <name>X</name>
      </trkpt>
      <trkpt lat="51.50854" lon="4.71955">
        <name>X</name>
      </trkpt>
      <trkpt lat="51.50807" lon="4.71992">
        <name>X</name>
      </trkpt>
      <trkpt lat="51.50558" lon="4.72178">
        <name>X</name>
      </trkpt>
      <trkpt lat="51.50532" lon="4.72204">
        <name>X</name>
      </trkpt>
      <trkpt lat="51.50466" lon="4.72286">
        <name>X</name>
      </trkpt>
      <trkpt lat="51.50436" lon="4.72335">
        <name>X</name>
      </trkpt>
      <trkpt lat="51.50436" lon="4.72335">
        <name>X</name>
      </trkpt>
      <trkpt lat="51.50418" lon="4.7238">
        <name>X</name>
      </trkpt>
      <trkpt lat="51.50381" lon="4.72505">
        <name>X</name>
      </trkpt>
      <trkpt lat="51.50376" lon="4.7253">
        <name>X</name>
      </trkpt>
      <trkpt lat="51.50374" lon="4.72545">
        <name>X</name>
      </trkpt>
      <trkpt lat="51.50374" lon="4.7256">
        <name>X</name>
      </trkpt>
      <trkpt lat="51.5038" lon="4.72603">
        <name>X</name>
      </trkpt>
      <trkpt lat="51.50412" lon="4.72736">
        <name>X</name>
      </trkpt>
      <trkpt lat="51.50412" lon="4.72736">
        <name>X</name>
      </trkpt>
      <trkpt lat="51.50423" lon="4.72755">
        <name>X</name>
      </trkpt>
      <trkpt lat="51.50485" lon="4.72837">
        <name>X</name>
      </trkpt>
      <trkpt lat="51.50506" lon="4.7288">
        <name>X</name>
      </trkpt>
      <trkpt lat="51.50562" lon="4.73013">
        <name>X</name>
      </trkpt>
      <trkpt lat="51.50573" lon="4.73041">
        <name>X</name>
      </trkpt>
      <trkpt lat="51.50577" lon="4.73067">
        <name>X</name>
      </trkpt>
      <trkpt lat="51.5058" lon="4.7309">
        <name>X</name>
      </trkpt>
      <trkpt lat="51.5058" lon="4.73114">
        <name>X</name>
      </trkpt>
      <trkpt lat="51.50575" lon="4.73144">
        <name>X</name>
      </trkpt>
      <trkpt lat="51.50511" lon="4.73264">
        <name>X</name>
      </trkpt>
      <trkpt lat="51.50502" lon="4.73279">
        <name>X</name>
      </trkpt>
      <trkpt lat="51.50502" lon="4.73279">
        <name>X</name>
      </trkpt>
      <trkpt lat="51.50492" lon="4.73292">
        <name>X</name>
      </trkpt>
      <trkpt lat="51.50468" lon="4.73307">
        <name>X</name>
      </trkpt>
      <trkpt lat="51.50391" lon="4.73352">
        <name>X</name>
      </trkpt>
      <trkpt lat="51.50324" lon="4.73412">
        <name>X</name>
      </trkpt>
      <trkpt lat="51.5029" lon="4.73444">
        <name>X</name>
      </trkpt>
      <trkpt lat="51.5029" lon="4.73444">
        <name>X</name>
      </trkpt>
      <trkpt lat="51.50264" lon="4.7347">
        <name>X</name>
      </trkpt>
      <trkpt lat="51.50264" lon="4.7347">
        <name>X</name>
      </trkpt>
      <trkpt lat="51.50255" lon="4.73491">
        <name>X</name>
      </trkpt>
      <trkpt lat="51.50251" lon="4.73515">
        <name>X</name>
      </trkpt>
      <trkpt lat="51.50251" lon="4.73528">
        <name>X</name>
      </trkpt>
      <trkpt lat="51.50264" lon="4.7356">
        <name>X</name>
      </trkpt>
      <trkpt lat="51.50279" lon="4.73579">
        <name>X</name>
      </trkpt>
      <trkpt lat="51.50397" lon="4.73687">
        <name>X</name>
      </trkpt>
      <trkpt lat="51.50453" lon="4.73745">
        <name>X</name>
      </trkpt>
      <trkpt lat="51.50476" lon="4.7376">
        <name>X</name>
      </trkpt>
      <trkpt lat="51.50509" lon="4.73772">
        <name>X</name>
      </trkpt>
      <trkpt lat="51.50509" lon="4.73772">
        <name>X</name>
      </trkpt>
      <trkpt lat="51.50554" lon="4.73781">
        <name>X</name>
      </trkpt>
      <trkpt lat="51.5056" lon="4.73785">
        <name>X</name>
      </trkpt>
      <trkpt lat="51.50567" lon="4.73794">
        <name>X</name>
      </trkpt>
      <trkpt lat="51.50536" lon="4.7427">
        <name>X</name>
      </trkpt>
      <trkpt lat="51.50534" lon="4.74326">
        <name>X</name>
      </trkpt>
      <trkpt lat="51.505" lon="4.74822">
        <name>X</name>
      </trkpt>
      <trkpt lat="51.505" lon="4.74916">
        <name>X</name>
      </trkpt>
      <trkpt lat="51.505" lon="4.74916">
        <name>X</name>
      </trkpt>
      <trkpt lat="51.50504" lon="4.74974">
        <name>X</name>
      </trkpt>
      <trkpt lat="51.50517" lon="4.75075">
        <name>X</name>
      </trkpt>
      <trkpt lat="51.50545" lon="4.75253">
        <name>X</name>
      </trkpt>
      <trkpt lat="51.50552" lon="4.7527">
        <name>X</name>
      </trkpt>
      <trkpt lat="51.50558" lon="4.75283">
        <name>X</name>
      </trkpt>
      <trkpt lat="51.5059" lon="4.75322">
        <name>X</name>
      </trkpt>
      <trkpt lat="51.50592" lon="4.75328">
        <name>X</name>
      </trkpt>
      <trkpt lat="51.50592" lon="4.75328">
        <name>X</name>
      </trkpt>
      <trkpt lat="51.50573" lon="4.75365">
        <name>X</name>
      </trkpt>
      <trkpt lat="51.50536" lon="4.75472">
        <name>X</name>
      </trkpt>
      <trkpt lat="51.50524" lon="4.75504">
        <name>X</name>
      </trkpt>
      <trkpt lat="51.50434" lon="4.75674">
        <name>X</name>
      </trkpt>
      <trkpt lat="51.50427" lon="4.75689">
        <name>X</name>
      </trkpt>
      <trkpt lat="51.50399" lon="4.75792">
        <name>X</name>
      </trkpt>
      <trkpt lat="51.50395" lon="4.75807">
        <name>X</name>
      </trkpt>
      <trkpt lat="51.50395" lon="4.75807">
        <name>X</name>
      </trkpt>
      <trkpt lat="51.50423" lon="4.75929">
        <name>X</name>
      </trkpt>
      <trkpt lat="51.50571" lon="4.76747">
        <name>X</name>
      </trkpt>
      <trkpt lat="51.50575" lon="4.76813">
        <name>X</name>
      </trkpt>
      <trkpt lat="51.50575" lon="4.76895">
        <name>X</name>
      </trkpt>
      <trkpt lat="51.50571" lon="4.76927">
        <name>X</name>
      </trkpt>
      <trkpt lat="51.50571" lon="4.76927">
        <name>X</name>
      </trkpt>
      <trkpt lat="51.50562" lon="4.7697">
        <name>X</name>
      </trkpt>
      <trkpt lat="51.50536" lon="4.77049">
        <name>X</name>
      </trkpt>
      <trkpt lat="51.50534" lon="4.77068">
        <name>X</name>
      </trkpt>
      <trkpt lat="51.50517" lon="4.7739">
        <name>X</name>
      </trkpt>
      <trkpt lat="51.50515" lon="4.7741">
        <name>X</name>
      </trkpt>
      <trkpt lat="51.50498" lon="4.7748">
        <name>X</name>
      </trkpt>
      <trkpt lat="51.50476" lon="4.77603">
        <name>X</name>
      </trkpt>
      <trkpt lat="51.50446" lon="4.77828">
        <name>X</name>
      </trkpt>
      <trkpt lat="51.50446" lon="4.7785">
        <name>X</name>
      </trkpt>
      <trkpt lat="51.50449" lon="4.77869">
        <name>X</name>
      </trkpt>
      <trkpt lat="51.50453" lon="4.77884">
        <name>X</name>
      </trkpt>
      <trkpt lat="51.50487" lon="4.77879">
        <name>X</name>
      </trkpt>
      <trkpt lat="51.50519" lon="4.77877">
        <name>X</name>
      </trkpt>
      <trkpt lat="51.50522" lon="4.7807">
        <name>X</name>
      </trkpt>
      <trkpt lat="51.50522" lon="4.78086">
        <name>X</name>
      </trkpt>
      <trkpt lat="51.50526" lon="4.78144">
        <name>X</name>
      </trkpt>
      <trkpt lat="51.50532" lon="4.78341">
        <name>X</name>
      </trkpt>
      <trkpt lat="51.50543" lon="4.78508">
        <name>X</name>
      </trkpt>
      <trkpt lat="51.50545" lon="4.78528">
        <name>X</name>
      </trkpt>
      <trkpt lat="51.50558" lon="4.7857">
        <name>X</name>
      </trkpt>
      <trkpt lat="51.50567" lon="4.78586">
        <name>X</name>
      </trkpt>
      <trkpt lat="51.50567" lon="4.78586">
        <name>X</name>
      </trkpt>
      <trkpt lat="51.50582" lon="4.78605">
        <name>X</name>
      </trkpt>
      <trkpt lat="51.50599" lon="4.7862">
        <name>X</name>
      </trkpt>
      <trkpt lat="51.5061" lon="4.78637">
        <name>X</name>
      </trkpt>
      <trkpt lat="51.5061" lon="4.78637">
        <name>X</name>
      </trkpt>
      <trkpt lat="51.50618" lon="4.78663">
        <name>X</name>
      </trkpt>
      <trkpt lat="51.5062" lon="4.78678">
        <name>X</name>
      </trkpt>
      <trkpt lat="51.5062" lon="4.78779">
        <name>X</name>
      </trkpt>
      <trkpt lat="51.50597" lon="4.78957">
        <name>X</name>
      </trkpt>
      <trkpt lat="51.50586" lon="4.79038">
        <name>X</name>
      </trkpt>
      <trkpt lat="51.50586" lon="4.79038">
        <name>X</name>
      </trkpt>
      <trkpt lat="51.50571" lon="4.79113">
        <name>X</name>
      </trkpt>
      <trkpt lat="51.50567" lon="4.79148">
        <name>X</name>
      </trkpt>
      <trkpt lat="51.50571" lon="4.7927">
        <name>X</name>
      </trkpt>
      <trkpt lat="51.50534" lon="4.79274">
        <name>X</name>
      </trkpt>
      <trkpt lat="51.50502" lon="4.79285">
        <name>X</name>
      </trkpt>
      <trkpt lat="51.50451" lon="4.79315">
        <name>X</name>
      </trkpt>
      <trkpt lat="51.50436" lon="4.79328">
        <name>X</name>
      </trkpt>
      <trkpt lat="51.50382" lon="4.79382">
        <name>X</name>
      </trkpt>
      <trkpt lat="51.50378" lon="4.79386">
        <name>X</name>
      </trkpt>
      <trkpt lat="51.50286" lon="4.79525">
        <name>X</name>
      </trkpt>
      <trkpt lat="51.50258" lon="4.79562">
        <name>X</name>
      </trkpt>
      <trkpt lat="51.50221" lon="4.79598">
        <name>X</name>
      </trkpt>
      <trkpt lat="51.5017" lon="4.79643">
        <name>X</name>
      </trkpt>
      <trkpt lat="51.50122" lon="4.7968">
        <name>X</name>
      </trkpt>
      <trkpt lat="51.50103" lon="4.79693">
        <name>X</name>
      </trkpt>
      <trkpt lat="51.50124" lon="4.79912">
        <name>X</name>
      </trkpt>
      <trkpt lat="51.50127" lon="4.79942">
        <name>X</name>
      </trkpt>
      <trkpt lat="51.50129" lon="4.80051">
        <name>X</name>
      </trkpt>
      <trkpt lat="51.50131" lon="4.80199">
        <name>X</name>
      </trkpt>
      <trkpt lat="51.50142" lon="4.80266">
        <name>X</name>
      </trkpt>
      <trkpt lat="51.50144" lon="4.80289">
        <name>X</name>
      </trkpt>
      <trkpt lat="51.50165" lon="4.80933">
        <name>X</name>
      </trkpt>
      <trkpt lat="51.50168" lon="4.80976">
        <name>X</name>
      </trkpt>
      <trkpt lat="51.50168" lon="4.80976">
        <name>X</name>
      </trkpt>
      <trkpt lat="51.50168" lon="4.81006">
        <name>X</name>
      </trkpt>
      <trkpt lat="51.50152" lon="4.8113">
        <name>X</name>
      </trkpt>
      <trkpt lat="51.50146" lon="4.81171">
        <name>X</name>
      </trkpt>
      <trkpt lat="51.5012" lon="4.81274">
        <name>X</name>
      </trkpt>
      <trkpt lat="51.5012" lon="4.81291">
        <name>X</name>
      </trkpt>
      <trkpt lat="51.50127" lon="4.81317">
        <name>X</name>
      </trkpt>
      <trkpt lat="51.50161" lon="4.81366">
        <name>X</name>
      </trkpt>
      <trkpt lat="51.50182" lon="4.81429">
        <name>X</name>
      </trkpt>
      <trkpt lat="51.5026" lon="4.81671">
        <name>X</name>
      </trkpt>
      <trkpt lat="51.50262" lon="4.81684">
        <name>X</name>
      </trkpt>
      <trkpt lat="51.50262" lon="4.81701">
        <name>X</name>
      </trkpt>
      <trkpt lat="51.5021" lon="4.8219">
        <name>X</name>
      </trkpt>
      <trkpt lat="51.50163" lon="4.82656">
        <name>X</name>
      </trkpt>
      <trkpt lat="51.50161" lon="4.82662">
        <name>X</name>
      </trkpt>
      <trkpt lat="51.50118" lon="4.82735">
        <name>X</name>
      </trkpt>
      <trkpt lat="51.49951" lon="4.8316">
        <name>X</name>
      </trkpt>
      <trkpt lat="51.49899" lon="4.83289">
        <name>X</name>
      </trkpt>
      <trkpt lat="51.49869" lon="4.83345">
        <name>X</name>
      </trkpt>
      <trkpt lat="51.49854" lon="4.83379">
        <name>X</name>
      </trkpt>
      <trkpt lat="51.49831" lon="4.83454">
        <name>X</name>
      </trkpt>
      <trkpt lat="51.49824" lon="4.8348">
        <name>X</name>
      </trkpt>
      <trkpt lat="51.49792" lon="4.83628">
        <name>X</name>
      </trkpt>
      <trkpt lat="51.49768" lon="4.83716">
        <name>X</name>
      </trkpt>
      <trkpt lat="51.49878" lon="4.8377">
        <name>X</name>
      </trkpt>
      <trkpt lat="51.4991" lon="4.83787">
        <name>X</name>
      </trkpt>
      <trkpt lat="51.49998" lon="4.8384">
        <name>X</name>
      </trkpt>
      <trkpt lat="51.50022" lon="4.83853">
        <name>X</name>
      </trkpt>
      <trkpt lat="51.50191" lon="4.83933">
        <name>X</name>
      </trkpt>
      <trkpt lat="51.50204" lon="4.83939">
        <name>X</name>
      </trkpt>
      <trkpt lat="51.50204" lon="4.83939">
        <name>X</name>
      </trkpt>
      <trkpt lat="51.5023" lon="4.83971">
        <name>X</name>
      </trkpt>
      <trkpt lat="51.50414" lon="4.84306">
        <name>X</name>
      </trkpt>
      <trkpt lat="51.50425" lon="4.84319">
        <name>X</name>
      </trkpt>
      <trkpt lat="51.50449" lon="4.84336">
        <name>X</name>
      </trkpt>
      <trkpt lat="51.50468" lon="4.84343">
        <name>X</name>
      </trkpt>
      <trkpt lat="51.50468" lon="4.84343">
        <name>X</name>
      </trkpt>
      <trkpt lat="51.50487" lon="4.84343">
        <name>X</name>
      </trkpt>
      <trkpt lat="51.50532" lon="4.84323">
        <name>X</name>
      </trkpt>
      <trkpt lat="51.50539" lon="4.84321">
        <name>X</name>
      </trkpt>
      <trkpt lat="51.50552" lon="4.84321">
        <name>X</name>
      </trkpt>
      <trkpt lat="51.50571" lon="4.84325">
        <name>X</name>
      </trkpt>
      <trkpt lat="51.50674" lon="4.84422">
        <name>X</name>
      </trkpt>
      <trkpt lat="51.50717" lon="4.84461">
        <name>X</name>
      </trkpt>
      <trkpt lat="51.5077" lon="4.84544">
        <name>X</name>
      </trkpt>
      <trkpt lat="51.50777" lon="4.84553">
        <name>X</name>
      </trkpt>
      <trkpt lat="51.50891" lon="4.84634">
        <name>X</name>
      </trkpt>
      <trkpt lat="51.50921" lon="4.84656">
        <name>X</name>
      </trkpt>
      <trkpt lat="51.50921" lon="4.84656">
        <name>X</name>
      </trkpt>
      <trkpt lat="51.50996" lon="4.84688">
        <name>X</name>
      </trkpt>
      <trkpt lat="51.51026" lon="4.8471">
        <name>X</name>
      </trkpt>
      <trkpt lat="51.51058" lon="4.84739">
        <name>X</name>
      </trkpt>
      <trkpt lat="51.51069" lon="4.84744">
        <name>X</name>
      </trkpt>
      <trkpt lat="51.51075" lon="4.84746">
        <name>X</name>
      </trkpt>
      <trkpt lat="51.51114" lon="4.84744">
        <name>X</name>
      </trkpt>
      <trkpt lat="51.5112" lon="4.84744">
        <name>X</name>
      </trkpt>
      <trkpt lat="51.51129" lon="4.8475">
        <name>X</name>
      </trkpt>
      <trkpt lat="51.51133" lon="4.84759">
        <name>X</name>
      </trkpt>
      <trkpt lat="51.51142" lon="4.84793">
        <name>X</name>
      </trkpt>
      <trkpt lat="51.51146" lon="4.84812">
        <name>X</name>
      </trkpt>
      <trkpt lat="51.51152" lon="4.84858">
        <name>X</name>
      </trkpt>
      <trkpt lat="51.51159" lon="4.84888">
        <name>X</name>
      </trkpt>
      <trkpt lat="51.50931" lon="4.8507">
        <name>X</name>
      </trkpt>
      <trkpt lat="51.5091" lon="4.85106">
        <name>X</name>
      </trkpt>
      <trkpt lat="51.50891" lon="4.85145">
        <name>X</name>
      </trkpt>
      <trkpt lat="51.50865" lon="4.85205">
        <name>X</name>
      </trkpt>
      <trkpt lat="51.5085" lon="4.85252">
        <name>X</name>
      </trkpt>
      <trkpt lat="51.50837" lon="4.85293">
        <name>X</name>
      </trkpt>
      <trkpt lat="51.5083" lon="4.85306">
        <name>X</name>
      </trkpt>
      <trkpt lat="51.50826" lon="4.85321">
        <name>X</name>
      </trkpt>
      <trkpt lat="51.50826" lon="4.85321">
        <name>X</name>
      </trkpt>
      <trkpt lat="51.50822" lon="4.85351">
        <name>X</name>
      </trkpt>
      <trkpt lat="51.50822" lon="4.85383">
        <name>X</name>
      </trkpt>
      <trkpt lat="51.50822" lon="4.85403">
        <name>X</name>
      </trkpt>
      <trkpt lat="51.50811" lon="4.8545">
        <name>X</name>
      </trkpt>
      <trkpt lat="51.50805" lon="4.85478">
        <name>X</name>
      </trkpt>
      <trkpt lat="51.5071" lon="4.85823">
        <name>X</name>
      </trkpt>
      <trkpt lat="51.50704" lon="4.85849">
        <name>X</name>
      </trkpt>
      <trkpt lat="51.50687" lon="4.85883">
        <name>X</name>
      </trkpt>
      <trkpt lat="51.50678" lon="4.85894">
        <name>X</name>
      </trkpt>
      <trkpt lat="51.50646" lon="4.85918">
        <name>X</name>
      </trkpt>
      <trkpt lat="51.50629" lon="4.8593">
        <name>X</name>
      </trkpt>
      <trkpt lat="51.50607" lon="4.85952">
        <name>X</name>
      </trkpt>
      <trkpt lat="51.50592" lon="4.85971">
        <name>X</name>
      </trkpt>
      <trkpt lat="51.50586" lon="4.85982">
        <name>X</name>
      </trkpt>
      <trkpt lat="51.50584" lon="4.85986">
        <name>X</name>
      </trkpt>
      <trkpt lat="51.50539" lon="4.861">
        <name>X</name>
      </trkpt>
      <trkpt lat="51.50528" lon="4.8613">
        <name>X</name>
      </trkpt>
      <trkpt lat="51.50536" lon="4.86139">
        <name>X</name>
      </trkpt>
      <trkpt lat="51.50543" lon="4.86124">
        <name>X</name>
      </trkpt>
      <trkpt lat="51.50652" lon="4.86207">
        <name>X</name>
      </trkpt>
      <trkpt lat="51.50672" lon="4.86229">
        <name>X</name>
      </trkpt>
      <trkpt lat="51.50691" lon="4.86254">
        <name>X</name>
      </trkpt>
      <trkpt lat="51.50732" lon="4.86321">
        <name>X</name>
      </trkpt>
      <trkpt lat="51.5073" lon="4.86325">
        <name>X</name>
      </trkpt>
      <trkpt lat="51.50839" lon="4.8651">
        <name>X</name>
      </trkpt>
      <trkpt lat="51.50863" lon="4.86548">
        <name>X</name>
      </trkpt>
      <trkpt lat="51.50886" lon="4.86583">
        <name>X</name>
      </trkpt>
      <trkpt lat="51.50908" lon="4.86623">
        <name>X</name>
      </trkpt>
      <trkpt lat="51.50916" lon="4.86638">
        <name>X</name>
      </trkpt>
      <trkpt lat="51.5094" lon="4.86671">
        <name>X</name>
      </trkpt>
      <trkpt lat="51.50948" lon="4.86679">
        <name>X</name>
      </trkpt>
      <trkpt lat="51.51103" lon="4.86802">
        <name>X</name>
      </trkpt>
      <trkpt lat="51.5115" lon="4.86834">
        <name>X</name>
      </trkpt>
      <trkpt lat="51.5118" lon="4.86849">
        <name>X</name>
      </trkpt>
      <trkpt lat="51.512" lon="4.86853">
        <name>X</name>
      </trkpt>
      <trkpt lat="51.51236" lon="4.8687">
        <name>X</name>
      </trkpt>
      <trkpt lat="51.51251" lon="4.86881">
        <name>X</name>
      </trkpt>
      <trkpt lat="51.51328" lon="4.86915">
        <name>X</name>
      </trkpt>
      <trkpt lat="51.51337" lon="4.86915">
        <name>X</name>
      </trkpt>
      <trkpt lat="51.51371" lon="4.86937">
        <name>X</name>
      </trkpt>
      <trkpt lat="51.51386" lon="4.86948">
        <name>X</name>
      </trkpt>
      <trkpt lat="51.51436" lon="4.86999">
        <name>X</name>
      </trkpt>
      <trkpt lat="51.51464" lon="4.87036">
        <name>X</name>
      </trkpt>
      <trkpt lat="51.51483" lon="4.87066">
        <name>X</name>
      </trkpt>
      <trkpt lat="51.51515" lon="4.87128">
        <name>X</name>
      </trkpt>
      <trkpt lat="51.51594" lon="4.87302">
        <name>X</name>
      </trkpt>
      <trkpt lat="51.51607" lon="4.8733">
        <name>X</name>
      </trkpt>
      <trkpt lat="51.51607" lon="4.8733">
        <name>X</name>
      </trkpt>
      <trkpt lat="51.51633" lon="4.8737">
        <name>X</name>
      </trkpt>
      <trkpt lat="51.51678" lon="4.8746">
        <name>X</name>
      </trkpt>
      <trkpt lat="51.51738" lon="4.87568">
        <name>X</name>
      </trkpt>
      <trkpt lat="51.51809" lon="4.87684">
        <name>X</name>
      </trkpt>
      <trkpt lat="51.5189" lon="4.87825">
        <name>X</name>
      </trkpt>
      <trkpt lat="51.51921" lon="4.87892">
        <name>X</name>
      </trkpt>
      <trkpt lat="51.51961" lon="4.87965">
        <name>X</name>
      </trkpt>
      <trkpt lat="51.51976" lon="4.87975">
        <name>X</name>
      </trkpt>
      <trkpt lat="51.51983" lon="4.87984">
        <name>X</name>
      </trkpt>
      <trkpt lat="51.52017" lon="4.88066">
        <name>X</name>
      </trkpt>
      <trkpt lat="51.52079" lon="4.88175">
        <name>X</name>
      </trkpt>
      <trkpt lat="51.52101" lon="4.88196">
        <name>X</name>
      </trkpt>
      <trkpt lat="51.52109" lon="4.88207">
        <name>X</name>
      </trkpt>
      <trkpt lat="51.52159" lon="4.88293">
        <name>X</name>
      </trkpt>
      <trkpt lat="51.52236" lon="4.88424">
        <name>X</name>
      </trkpt>
      <trkpt lat="51.52253" lon="4.88458">
        <name>X</name>
      </trkpt>
      <trkpt lat="51.5226" lon="4.88478">
        <name>X</name>
      </trkpt>
      <trkpt lat="51.52337" lon="4.8861">
        <name>X</name>
      </trkpt>
      <trkpt lat="51.52406" lon="4.88731">
        <name>X</name>
      </trkpt>
      <trkpt lat="51.52406" lon="4.88731">
        <name>X</name>
      </trkpt>
      <trkpt lat="51.52446" lon="4.88795">
        <name>X</name>
      </trkpt>
      <trkpt lat="51.52466" lon="4.88829">
        <name>X</name>
      </trkpt>
      <trkpt lat="51.525" lon="4.88892">
        <name>X</name>
      </trkpt>
      <trkpt lat="51.52893" lon="4.89568">
        <name>X</name>
      </trkpt>
      <trkpt lat="51.53116" lon="4.89956">
        <name>X</name>
      </trkpt>
      <trkpt lat="51.53116" lon="4.89956">
        <name>X</name>
      </trkpt>
      <trkpt lat="51.53165" lon="4.90035">
        <name>X</name>
      </trkpt>
      <trkpt lat="51.53324" lon="4.90312">
        <name>X</name>
      </trkpt>
      <trkpt lat="51.53326" lon="4.90316">
        <name>X</name>
      </trkpt>
      <trkpt lat="51.53461" lon="4.90542">
        <name>X</name>
      </trkpt>
      <trkpt lat="51.53538" lon="4.90681">
        <name>X</name>
      </trkpt>
      <trkpt lat="51.53547" lon="4.90705">
        <name>X</name>
      </trkpt>
      <trkpt lat="51.53667" lon="4.90926">
        <name>X</name>
      </trkpt>
      <trkpt lat="51.53781" lon="4.91164">
        <name>X</name>
      </trkpt>
      <trkpt lat="51.53824" lon="4.91241">
        <name>X</name>
      </trkpt>
      <trkpt lat="51.53824" lon="4.91241">
        <name>X</name>
      </trkpt>
      <trkpt lat="51.5383" lon="4.91263">
        <name>X</name>
      </trkpt>
      <trkpt lat="51.53835" lon="4.91271">
        <name>X</name>
      </trkpt>
      <trkpt lat="51.53848" lon="4.91291">
        <name>X</name>
      </trkpt>
      <trkpt lat="51.53895" lon="4.91385">
        <name>X</name>
      </trkpt>
      <trkpt lat="51.5391" lon="4.91428">
        <name>X</name>
      </trkpt>
      <trkpt lat="51.53925" lon="4.91452">
        <name>X</name>
      </trkpt>
      <trkpt lat="51.53938" lon="4.91473">
        <name>X</name>
      </trkpt>
      <trkpt lat="51.53998" lon="4.91602">
        <name>X</name>
      </trkpt>
      <trkpt lat="51.5401" lon="4.91636">
        <name>X</name>
      </trkpt>
      <trkpt lat="51.5403" lon="4.91672">
        <name>X</name>
      </trkpt>
      <trkpt lat="51.54058" lon="4.91752">
        <name>X</name>
      </trkpt>
      <trkpt lat="51.54064" lon="4.9179">
        <name>X</name>
      </trkpt>
      <trkpt lat="51.54071" lon="4.91844">
        <name>X</name>
      </trkpt>
      <trkpt lat="51.54066" lon="4.92048">
        <name>X</name>
      </trkpt>
      <trkpt lat="51.54066" lon="4.92084">
        <name>X</name>
      </trkpt>
      <trkpt lat="51.54064" lon="4.92158">
        <name>X</name>
      </trkpt>
      <trkpt lat="51.5406" lon="4.92215">
        <name>X</name>
      </trkpt>
      <trkpt lat="51.54058" lon="4.92333">
        <name>X</name>
      </trkpt>
      <trkpt lat="51.5406" lon="4.92364">
        <name>X</name>
      </trkpt>
      <trkpt lat="51.5406" lon="4.92364">
        <name>X</name>
      </trkpt>
      <trkpt lat="51.54066" lon="4.92396">
        <name>X</name>
      </trkpt>
      <trkpt lat="51.54081" lon="4.92428">
        <name>X</name>
      </trkpt>
      <trkpt lat="51.54096" lon="4.92451">
        <name>X</name>
      </trkpt>
      <trkpt lat="51.54118" lon="4.92473">
        <name>X</name>
      </trkpt>
      <trkpt lat="51.54148" lon="4.92499">
        <name>X</name>
      </trkpt>
      <trkpt lat="51.5421" lon="4.92537">
        <name>X</name>
      </trkpt>
      <trkpt lat="51.54212" lon="4.92542">
        <name>X</name>
      </trkpt>
      <trkpt lat="51.54216" lon="4.92565">
        <name>X</name>
      </trkpt>
      <trkpt lat="51.54219" lon="4.92595">
        <name>X</name>
      </trkpt>
      <trkpt lat="51.54229" lon="4.92647">
        <name>X</name>
      </trkpt>
      <trkpt lat="51.54242" lon="4.92743">
        <name>X</name>
      </trkpt>
      <trkpt lat="51.54242" lon="4.92743">
        <name>X</name>
      </trkpt>
      <trkpt lat="51.54253" lon="4.92765">
        <name>X</name>
      </trkpt>
      <trkpt lat="51.54255" lon="4.9279">
        <name>X</name>
      </trkpt>
      <trkpt lat="51.54262" lon="4.92831">
        <name>X</name>
      </trkpt>
      <trkpt lat="51.54264" lon="4.92861">
        <name>X</name>
      </trkpt>
      <trkpt lat="51.54264" lon="4.92898">
        <name>X</name>
      </trkpt>
      <trkpt lat="51.54236" lon="4.932">
        <name>X</name>
      </trkpt>
      <trkpt lat="51.54232" lon="4.93245">
        <name>X</name>
      </trkpt>
      <trkpt lat="51.54229" lon="4.93499">
        <name>X</name>
      </trkpt>
      <trkpt lat="51.54229" lon="4.93569">
        <name>X</name>
      </trkpt>
      <trkpt lat="51.54229" lon="4.93726">
        <name>X</name>
      </trkpt>
      <trkpt lat="51.54229" lon="4.93872">
        <name>X</name>
      </trkpt>
      <trkpt lat="51.54232" lon="4.93949">
        <name>X</name>
      </trkpt>
      <trkpt lat="51.54232" lon="4.93968">
        <name>X</name>
      </trkpt>
      <trkpt lat="51.54227" lon="4.94059">
        <name>X</name>
      </trkpt>
      <trkpt lat="51.54225" lon="4.94074">
        <name>X</name>
      </trkpt>
      <trkpt lat="51.54287" lon="4.94091">
        <name>X</name>
      </trkpt>
      <trkpt lat="51.54328" lon="4.94104">
        <name>X</name>
      </trkpt>
      <trkpt lat="51.54429" lon="4.94142">
        <name>X</name>
      </trkpt>
      <trkpt lat="51.54545" lon="4.94183">
        <name>X</name>
      </trkpt>
      <trkpt lat="51.54635" lon="4.94235">
        <name>X</name>
      </trkpt>
      <trkpt lat="51.54667" lon="4.94254">
        <name>X</name>
      </trkpt>
      <trkpt lat="51.54684" lon="4.9426">
        <name>X</name>
      </trkpt>
      <trkpt lat="51.54693" lon="4.94262">
        <name>X</name>
      </trkpt>
      <trkpt lat="51.54727" lon="4.9426">
        <name>X</name>
      </trkpt>
      <trkpt lat="51.54749" lon="4.94258">
        <name>X</name>
      </trkpt>
      <trkpt lat="51.54762" lon="4.94254">
        <name>X</name>
      </trkpt>
      <trkpt lat="51.54796" lon="4.94243">
        <name>X</name>
      </trkpt>
      <trkpt lat="51.54925" lon="4.94166">
        <name>X</name>
      </trkpt>
      <trkpt lat="51.54942" lon="4.94155">
        <name>X</name>
      </trkpt>
      <trkpt lat="51.54989" lon="4.94123">
        <name>X</name>
      </trkpt>
      <trkpt lat="51.55043" lon="4.94086">
        <name>X</name>
      </trkpt>
      <trkpt lat="51.55047" lon="4.94086">
        <name>X</name>
      </trkpt>
      <trkpt lat="51.55053" lon="4.94093">
        <name>X</name>
      </trkpt>
      <trkpt lat="51.55081" lon="4.94211">
        <name>X</name>
      </trkpt>
      <trkpt lat="51.55094" lon="4.94273">
        <name>X</name>
      </trkpt>
      <trkpt lat="51.55144" lon="4.94453">
        <name>X</name>
      </trkpt>
      <trkpt lat="51.5515" lon="4.94477">
        <name>X</name>
      </trkpt>
      <trkpt lat="51.55154" lon="4.94516">
        <name>X</name>
      </trkpt>
      <trkpt lat="51.55156" lon="4.94524">
        <name>X</name>
      </trkpt>
      <trkpt lat="51.55161" lon="4.94533">
        <name>X</name>
      </trkpt>
      <trkpt lat="51.55165" lon="4.94544">
        <name>X</name>
      </trkpt>
      <trkpt lat="51.55165" lon="4.94544">
        <name>X</name>
      </trkpt>
      <trkpt lat="51.55229" lon="4.94625">
        <name>X</name>
      </trkpt>
      <trkpt lat="51.55234" lon="4.94636">
        <name>X</name>
      </trkpt>
      <trkpt lat="51.55236" lon="4.9464">
        <name>X</name>
      </trkpt>
      <trkpt lat="51.55244" lon="4.94649">
        <name>X</name>
      </trkpt>
      <trkpt lat="51.55251" lon="4.94651">
        <name>X</name>
      </trkpt>
      <trkpt lat="51.55266" lon="4.94642">
        <name>X</name>
      </trkpt>
      <trkpt lat="51.55276" lon="4.94629">
        <name>X</name>
      </trkpt>
      <trkpt lat="51.55276" lon="4.94629">
        <name>X</name>
      </trkpt>
      <trkpt lat="51.55287" lon="4.94666">
        <name>X</name>
      </trkpt>
      <trkpt lat="51.55296" lon="4.94685">
        <name>X</name>
      </trkpt>
      <trkpt lat="51.55343" lon="4.94777">
        <name>X</name>
      </trkpt>
      <trkpt lat="51.55345" lon="4.94784">
        <name>X</name>
      </trkpt>
      <trkpt lat="51.55347" lon="4.94799">
        <name>X</name>
      </trkpt>
      <trkpt lat="51.55375" lon="4.94857">
        <name>X</name>
      </trkpt>
      <trkpt lat="51.5542" lon="4.94964">
        <name>X</name>
      </trkpt>
      <trkpt lat="51.5542" lon="4.94964">
        <name>X</name>
      </trkpt>
      <trkpt lat="51.55435" lon="4.95016">
        <name>X</name>
      </trkpt>
      <trkpt lat="51.55455" lon="4.95119">
        <name>X</name>
      </trkpt>
      <trkpt lat="51.55487" lon="4.95254">
        <name>X</name>
      </trkpt>
      <trkpt lat="51.55491" lon="4.9526">
        <name>X</name>
      </trkpt>
      <trkpt lat="51.55498" lon="4.95258">
        <name>X</name>
      </trkpt>
      <trkpt lat="51.55508" lon="4.9531">
        <name>X</name>
      </trkpt>
      <trkpt lat="51.5551" lon="4.95322">
        <name>X</name>
      </trkpt>
      <trkpt lat="51.5551" lon="4.95322">
        <name>X</name>
      </trkpt>
      <trkpt lat="51.555" lon="4.95359">
        <name>X</name>
      </trkpt>
      <trkpt lat="51.555" lon="4.95367">
        <name>X</name>
      </trkpt>
      <trkpt lat="51.55493" lon="4.95408">
        <name>X</name>
      </trkpt>
      <trkpt lat="51.5547" lon="4.95488">
        <name>X</name>
      </trkpt>
      <trkpt lat="51.55463" lon="4.95505">
        <name>X</name>
      </trkpt>
      <trkpt lat="51.55465" lon="4.95543">
        <name>X</name>
      </trkpt>
      <trkpt lat="51.55474" lon="4.95651">
        <name>X</name>
      </trkpt>
      <trkpt lat="51.55489" lon="4.95777">
        <name>X</name>
      </trkpt>
      <trkpt lat="51.55498" lon="4.95852">
        <name>X</name>
      </trkpt>
      <trkpt lat="51.55508" lon="4.95906">
        <name>X</name>
      </trkpt>
      <trkpt lat="51.55515" lon="4.9594">
        <name>X</name>
      </trkpt>
      <trkpt lat="51.55515" lon="4.9594">
        <name>X</name>
      </trkpt>
      <trkpt lat="51.556" lon="4.96286">
        <name>X</name>
      </trkpt>
      <trkpt lat="51.55622" lon="4.96352">
        <name>X</name>
      </trkpt>
      <trkpt lat="51.55639" lon="4.96393">
        <name>X</name>
      </trkpt>
      <trkpt lat="51.55639" lon="4.96393">
        <name>X</name>
      </trkpt>
      <trkpt lat="51.55669" lon="4.96453">
        <name>X</name>
      </trkpt>
      <trkpt lat="51.55768" lon="4.96623">
        <name>X</name>
      </trkpt>
      <trkpt lat="51.55796" lon="4.96655">
        <name>X</name>
      </trkpt>
      <trkpt lat="51.55796" lon="4.96655">
        <name>X</name>
      </trkpt>
      <trkpt lat="51.55869" lon="4.9673">
        <name>X</name>
      </trkpt>
      <trkpt lat="51.55922" lon="4.96779">
        <name>X</name>
      </trkpt>
      <trkpt lat="51.56019" lon="4.96861">
        <name>X</name>
      </trkpt>
      <trkpt lat="51.56028" lon="4.96867">
        <name>X</name>
      </trkpt>
      <trkpt lat="51.56047" lon="4.96878">
        <name>X</name>
      </trkpt>
      <trkpt lat="51.56047" lon="4.96878">
        <name>X</name>
      </trkpt>
      <trkpt lat="51.56073" lon="4.96882">
        <name>X</name>
      </trkpt>
      <trkpt lat="51.56094" lon="4.9688">
        <name>X</name>
      </trkpt>
      <trkpt lat="51.5633" lon="4.96827">
        <name>X</name>
      </trkpt>
      <trkpt lat="51.56328" lon="4.96837">
        <name>X</name>
      </trkpt>
      <trkpt lat="51.56347" lon="4.97035">
        <name>X</name>
      </trkpt>
      <trkpt lat="51.5639" lon="4.97026">
        <name>X</name>
      </trkpt>
      <trkpt lat="51.56397" lon="4.97028">
        <name>X</name>
      </trkpt>
      <trkpt lat="51.56399" lon="4.97035">
        <name>X</name>
      </trkpt>
      <trkpt lat="51.56401" lon="4.97046">
        <name>X</name>
      </trkpt>
      <trkpt lat="51.56418" lon="4.97181">
        <name>X</name>
      </trkpt>
      <trkpt lat="51.56422" lon="4.97196">
        <name>X</name>
      </trkpt>
      <trkpt lat="51.56427" lon="4.97202">
        <name>X</name>
      </trkpt>
      <trkpt lat="51.56431" lon="4.97206">
        <name>X</name>
      </trkpt>
      <trkpt lat="51.56431" lon="4.97206">
        <name>X</name>
      </trkpt>
      <trkpt lat="51.56461" lon="4.97202">
        <name>X</name>
      </trkpt>
      <trkpt lat="51.56472" lon="4.97209">
        <name>X</name>
      </trkpt>
      <trkpt lat="51.56476" lon="4.97215">
        <name>X</name>
      </trkpt>
      <trkpt lat="51.56489" lon="4.974">
        <name>X</name>
      </trkpt>
      <trkpt lat="51.56498" lon="4.9752">
        <name>X</name>
      </trkpt>
      <trkpt lat="51.56502" lon="4.97548">
        <name>X</name>
      </trkpt>
      <trkpt lat="51.56506" lon="4.97558">
        <name>X</name>
      </trkpt>
      <trkpt lat="51.56519" lon="4.97576">
        <name>X</name>
      </trkpt>
      <trkpt lat="51.56594" lon="4.97636">
        <name>X</name>
      </trkpt>
      <trkpt lat="51.56594" lon="4.97636">
        <name>X</name>
      </trkpt>
      <trkpt lat="51.56616" lon="4.97661">
        <name>X</name>
      </trkpt>
      <trkpt lat="51.56622" lon="4.97683">
        <name>X</name>
      </trkpt>
      <trkpt lat="51.56624" lon="4.97696">
        <name>X</name>
      </trkpt>
      <trkpt lat="51.56646" lon="4.97661">
        <name>X</name>
      </trkpt>
      <trkpt lat="51.56652" lon="4.97653">
        <name>X</name>
      </trkpt>
      <trkpt lat="51.56665" lon="4.97646">
        <name>X</name>
      </trkpt>
      <trkpt lat="51.56671" lon="4.97644">
        <name>X</name>
      </trkpt>
      <trkpt lat="51.56678" lon="4.97644">
        <name>X</name>
      </trkpt>
      <trkpt lat="51.56738" lon="4.97672">
        <name>X</name>
      </trkpt>
      <trkpt lat="51.56738" lon="4.97672">
        <name>X</name>
      </trkpt>
      <trkpt lat="51.56742" lon="4.97681">
        <name>X</name>
      </trkpt>
      <trkpt lat="51.56764" lon="4.97691">
        <name>X</name>
      </trkpt>
      <trkpt lat="51.5677" lon="4.97696">
        <name>X</name>
      </trkpt>
      <trkpt lat="51.56772" lon="4.97702">
        <name>X</name>
      </trkpt>
      <trkpt lat="51.56774" lon="4.97709">
        <name>X</name>
      </trkpt>
      <trkpt lat="51.56774" lon="4.97709">
        <name>X</name>
      </trkpt>
      <trkpt lat="51.56781" lon="4.97713">
        <name>X</name>
      </trkpt>
      <trkpt lat="51.56892" lon="4.9785">
        <name>X</name>
      </trkpt>
      <trkpt lat="51.56916" lon="4.97861">
        <name>X</name>
      </trkpt>
      <trkpt lat="51.56916" lon="4.97867">
        <name>X</name>
      </trkpt>
      <trkpt lat="51.56916" lon="4.97874">
        <name>X</name>
      </trkpt>
      <trkpt lat="51.56894" lon="4.98013">
        <name>X</name>
      </trkpt>
      <trkpt lat="51.56897" lon="4.98022">
        <name>X</name>
      </trkpt>
      <trkpt lat="51.57165" lon="4.98125">
        <name>X</name>
      </trkpt>
      <trkpt lat="51.57216" lon="4.98144">
        <name>X</name>
      </trkpt>
      <trkpt lat="51.57236" lon="4.98155">
        <name>X</name>
      </trkpt>
      <trkpt lat="51.57246" lon="4.98159">
        <name>X</name>
      </trkpt>
      <trkpt lat="51.57246" lon="4.98159">
        <name>X</name>
      </trkpt>
      <trkpt lat="51.57304" lon="4.98176">
        <name>X</name>
      </trkpt>
      <trkpt lat="51.57596" lon="4.98288">
        <name>X</name>
      </trkpt>
      <trkpt lat="51.57607" lon="4.9829">
        <name>X</name>
      </trkpt>
      <trkpt lat="51.57628" lon="4.98288">
        <name>X</name>
      </trkpt>
      <trkpt lat="51.57654" lon="4.98282">
        <name>X</name>
      </trkpt>
      <trkpt lat="51.57832" lon="4.98196">
        <name>X</name>
      </trkpt>
      <trkpt lat="51.57886" lon="4.98181">
        <name>X</name>
      </trkpt>
      <trkpt lat="51.57915" lon="4.98177">
        <name>X</name>
      </trkpt>
      <trkpt lat="51.57944" lon="4.98174">
        <name>X</name>
      </trkpt>
      <trkpt lat="51.57967" lon="4.98174">
        <name>X</name>
      </trkpt>
      <trkpt lat="51.57995" lon="4.98174">
        <name>X</name>
      </trkpt>
      <trkpt lat="51.58025" lon="4.98181">
        <name>X</name>
      </trkpt>
      <trkpt lat="51.58045" lon="4.98185">
        <name>X</name>
      </trkpt>
      <trkpt lat="51.58115" lon="4.98215">
        <name>X</name>
      </trkpt>
      <trkpt lat="51.58124" lon="4.98219">
        <name>X</name>
      </trkpt>
      <trkpt lat="51.58184" lon="4.9826">
        <name>X</name>
      </trkpt>
      <trkpt lat="51.5819" lon="4.98239">
        <name>X</name>
      </trkpt>
      <trkpt lat="51.58366" lon="4.98374">
        <name>X</name>
      </trkpt>
      <trkpt lat="51.58401" lon="4.984">
        <name>X</name>
      </trkpt>
      <trkpt lat="51.58457" lon="4.98425">
        <name>X</name>
      </trkpt>
      <trkpt lat="51.58484" lon="4.9843">
        <name>X</name>
      </trkpt>
      <trkpt lat="51.58508" lon="4.9843">
        <name>X</name>
      </trkpt>
      <trkpt lat="51.58536" lon="4.98421">
        <name>X</name>
      </trkpt>
      <trkpt lat="51.58536" lon="4.98421">
        <name>X</name>
      </trkpt>
      <trkpt lat="51.58566" lon="4.98406">
        <name>X</name>
      </trkpt>
      <trkpt lat="51.58585" lon="4.98389">
        <name>X</name>
      </trkpt>
      <trkpt lat="51.58607" lon="4.98367">
        <name>X</name>
      </trkpt>
      <trkpt lat="51.58628" lon="4.98337">
        <name>X</name>
      </trkpt>
      <trkpt lat="51.5865" lon="4.98299">
        <name>X</name>
      </trkpt>
      <trkpt lat="51.58663" lon="4.98264">
        <name>X</name>
      </trkpt>
      <trkpt lat="51.58682" lon="4.98215">
        <name>X</name>
      </trkpt>
      <trkpt lat="51.5871" lon="4.98164">
        <name>X</name>
      </trkpt>
      <trkpt lat="51.58729" lon="4.98142">
        <name>X</name>
      </trkpt>
      <trkpt lat="51.58815" lon="4.98339">
        <name>X</name>
      </trkpt>
      <trkpt lat="51.58828" lon="4.9837">
        <name>X</name>
      </trkpt>
      <trkpt lat="51.58871" lon="4.98462">
        <name>X</name>
      </trkpt>
      <trkpt lat="51.58875" lon="4.9847">
        <name>X</name>
      </trkpt>
      <trkpt lat="51.58875" lon="4.9847">
        <name>X</name>
      </trkpt>
      <trkpt lat="51.58881" lon="4.98475">
        <name>X</name>
      </trkpt>
      <trkpt lat="51.59051" lon="4.98498">
        <name>X</name>
      </trkpt>
      <trkpt lat="51.59077" lon="4.98466">
        <name>X</name>
      </trkpt>
      <trkpt lat="51.5909" lon="4.98477">
        <name>X</name>
      </trkpt>
      <trkpt lat="51.59145" lon="4.98526">
        <name>X</name>
      </trkpt>
      <trkpt lat="51.59156" lon="4.98526">
        <name>X</name>
      </trkpt>
      <trkpt lat="51.5918" lon="4.98545">
        <name>X</name>
      </trkpt>
      <trkpt lat="51.59422" lon="4.98754">
        <name>X</name>
      </trkpt>
      <trkpt lat="51.59439" lon="4.98766">
        <name>X</name>
      </trkpt>
      <trkpt lat="51.59439" lon="4.98766">
        <name>X</name>
      </trkpt>
      <trkpt lat="51.59448" lon="4.98779">
        <name>X</name>
      </trkpt>
      <trkpt lat="51.59454" lon="4.98833">
        <name>X</name>
      </trkpt>
      <trkpt lat="51.59504" lon="4.98874">
        <name>X</name>
      </trkpt>
      <trkpt lat="51.59626" lon="4.98906">
        <name>X</name>
      </trkpt>
      <trkpt lat="51.59684" lon="4.98921">
        <name>X</name>
      </trkpt>
      <trkpt lat="51.59708" lon="4.98923">
        <name>X</name>
      </trkpt>
      <trkpt lat="51.59718" lon="4.9893">
        <name>X</name>
      </trkpt>
      <trkpt lat="51.59714" lon="4.98951">
        <name>X</name>
      </trkpt>
      <trkpt lat="51.5971" lon="4.98964">
        <name>X</name>
      </trkpt>
      <trkpt lat="51.59684" lon="4.98998">
        <name>X</name>
      </trkpt>
      <trkpt lat="51.59654" lon="4.9903">
        <name>X</name>
      </trkpt>
      <trkpt lat="51.59648" lon="4.99022">
        <name>X</name>
      </trkpt>
      <trkpt lat="51.59656" lon="4.99">
        <name>X</name>
      </trkpt>
      <trkpt lat="51.59692" lon="4.98942">
        <name>X</name>
      </trkpt>
      <trkpt lat="51.59697" lon="4.9894">
        <name>X</name>
      </trkpt>
      <trkpt lat="51.5981" lon="4.9905">
        <name>X</name>
      </trkpt>
      <trkpt lat="51.59819" lon="4.9905">
        <name>X</name>
      </trkpt>
      <trkpt lat="51.5983" lon="4.9902">
        <name>X</name>
      </trkpt>
      <trkpt lat="51.59843" lon="4.9899">
        <name>X</name>
      </trkpt>
      <trkpt lat="51.59877" lon="4.98887">
        <name>X</name>
      </trkpt>
      <trkpt lat="51.59877" lon="4.98874">
        <name>X</name>
      </trkpt>
      <trkpt lat="51.59877" lon="4.98874">
        <name>X</name>
      </trkpt>
      <trkpt lat="51.5992" lon="4.98863">
        <name>X</name>
      </trkpt>
      <trkpt lat="51.59976" lon="4.98867">
        <name>X</name>
      </trkpt>
      <trkpt lat="51.60008" lon="4.98872">
        <name>X</name>
      </trkpt>
      <trkpt lat="51.60038" lon="4.98869">
        <name>X</name>
      </trkpt>
      <trkpt lat="51.60053" lon="4.98865">
        <name>X</name>
      </trkpt>
      <trkpt lat="51.60053" lon="4.98865">
        <name>X</name>
      </trkpt>
      <trkpt lat="51.60102" lon="4.98846">
        <name>X</name>
      </trkpt>
      <trkpt lat="51.60452" lon="4.98674">
        <name>X</name>
      </trkpt>
      <trkpt lat="51.60484" lon="4.98659">
        <name>X</name>
      </trkpt>
      <trkpt lat="51.60677" lon="4.98584">
        <name>X</name>
      </trkpt>
      <trkpt lat="51.60692" lon="4.9858">
        <name>X</name>
      </trkpt>
      <trkpt lat="51.60806" lon="4.9856">
        <name>X</name>
      </trkpt>
      <trkpt lat="51.60817" lon="4.98563">
        <name>X</name>
      </trkpt>
      <trkpt lat="51.60815" lon="4.98663">
        <name>X</name>
      </trkpt>
      <trkpt lat="51.60815" lon="4.98691">
        <name>X</name>
      </trkpt>
      <trkpt lat="51.60815" lon="4.98691">
        <name>X</name>
      </trkpt>
      <trkpt lat="51.60821" lon="4.98717">
        <name>X</name>
      </trkpt>
      <trkpt lat="51.60821" lon="4.98717">
        <name>X</name>
      </trkpt>
      <trkpt lat="51.60834" lon="4.98745">
        <name>X</name>
      </trkpt>
      <trkpt lat="51.60843" lon="4.98754">
        <name>X</name>
      </trkpt>
      <trkpt lat="51.60864" lon="4.98773">
        <name>X</name>
      </trkpt>
      <trkpt lat="51.60872" lon="4.98755">
        <name>X</name>
      </trkpt>
      <trkpt lat="51.60879" lon="4.98741">
        <name>X</name>
      </trkpt>
      <trkpt lat="51.60976" lon="4.98462">
        <name>X</name>
      </trkpt>
      <trkpt lat="51.60986" lon="4.98427">
        <name>X</name>
      </trkpt>
      <trkpt lat="51.60995" lon="4.98374">
        <name>X</name>
      </trkpt>
      <trkpt lat="51.60997" lon="4.98342">
        <name>X</name>
      </trkpt>
      <trkpt lat="51.60995" lon="4.98277">
        <name>X</name>
      </trkpt>
      <trkpt lat="51.60993" lon="4.98254">
        <name>X</name>
      </trkpt>
      <trkpt lat="51.60995" lon="4.98249">
        <name>X</name>
      </trkpt>
      <trkpt lat="51.60999" lon="4.98247">
        <name>X</name>
      </trkpt>
      <trkpt lat="51.61008" lon="4.98247">
        <name>X</name>
      </trkpt>
      <trkpt lat="51.61012" lon="4.98245">
        <name>X</name>
      </trkpt>
      <trkpt lat="51.61012" lon="4.98245">
        <name>X</name>
      </trkpt>
      <trkpt lat="51.61025" lon="4.98262">
        <name>X</name>
      </trkpt>
      <trkpt lat="51.6104" lon="4.98262">
        <name>X</name>
      </trkpt>
      <trkpt lat="51.61049" lon="4.98251">
        <name>X</name>
      </trkpt>
      <trkpt lat="51.61098" lon="4.98116">
        <name>X</name>
      </trkpt>
      <trkpt lat="51.61122" lon="4.98063">
        <name>X</name>
      </trkpt>
      <trkpt lat="51.61538" lon="4.97196">
        <name>X</name>
      </trkpt>
      <trkpt lat="51.61611" lon="4.97039">
        <name>X</name>
      </trkpt>
      <trkpt lat="51.61624" lon="4.97018">
        <name>X</name>
      </trkpt>
      <trkpt lat="51.61641" lon="4.96977">
        <name>X</name>
      </trkpt>
      <trkpt lat="51.61675" lon="4.96876">
        <name>X</name>
      </trkpt>
      <trkpt lat="51.6171" lon="4.96775">
        <name>X</name>
      </trkpt>
      <trkpt lat="51.61785" lon="4.96505">
        <name>X</name>
      </trkpt>
      <trkpt lat="51.61808" lon="4.96421">
        <name>X</name>
      </trkpt>
      <trkpt lat="51.61952" lon="4.95938">
        <name>X</name>
      </trkpt>
      <trkpt lat="51.61958" lon="4.95917">
        <name>X</name>
      </trkpt>
      <trkpt lat="51.6183" lon="4.95835">
        <name>X</name>
      </trkpt>
      <trkpt lat="51.61718" lon="4.95767">
        <name>X</name>
      </trkpt>
      <trkpt lat="51.61787" lon="4.95307">
        <name>X</name>
      </trkpt>
      <trkpt lat="51.618" lon="4.95222">
        <name>X</name>
      </trkpt>
      <trkpt lat="51.61806" lon="4.95198">
        <name>X</name>
      </trkpt>
      <trkpt lat="51.61812" lon="4.95174">
        <name>X</name>
      </trkpt>
      <trkpt lat="51.61819" lon="4.95164">
        <name>X</name>
      </trkpt>
      <trkpt lat="51.61826" lon="4.95144">
        <name>X</name>
      </trkpt>
      <trkpt lat="51.61838" lon="4.95158">
        <name>X</name>
      </trkpt>
      <trkpt lat="51.61841" lon="4.95152">
        <name>X</name>
      </trkpt>
      <trkpt lat="51.61845" lon="4.95142">
        <name>X</name>
      </trkpt>
      <trkpt lat="51.61832" lon="4.95126">
        <name>X</name>
      </trkpt>
      <trkpt lat="51.61864" lon="4.95043">
        <name>X</name>
      </trkpt>
      <trkpt lat="51.61875" lon="4.95013">
        <name>X</name>
      </trkpt>
      <trkpt lat="51.61922" lon="4.94896">
        <name>X</name>
      </trkpt>
      <trkpt lat="51.61946" lon="4.94838">
        <name>X</name>
      </trkpt>
      <trkpt lat="51.61961" lon="4.94808">
        <name>X</name>
      </trkpt>
      <trkpt lat="51.61974" lon="4.94786">
        <name>X</name>
      </trkpt>
      <trkpt lat="51.62036" lon="4.94709">
        <name>X</name>
      </trkpt>
      <trkpt lat="51.62076" lon="4.94657">
        <name>X</name>
      </trkpt>
      <trkpt lat="51.62076" lon="4.94657">
        <name>X</name>
      </trkpt>
      <trkpt lat="51.62106" lon="4.94616">
        <name>X</name>
      </trkpt>
      <trkpt lat="51.62147" lon="4.9455">
        <name>X</name>
      </trkpt>
      <trkpt lat="51.62197" lon="4.94468">
        <name>X</name>
      </trkpt>
      <trkpt lat="51.62263" lon="4.9435">
        <name>X</name>
      </trkpt>
      <trkpt lat="51.62282" lon="4.94316">
        <name>X</name>
      </trkpt>
      <trkpt lat="51.6239" lon="4.94114">
        <name>X</name>
      </trkpt>
      <trkpt lat="51.624" lon="4.94097">
        <name>X</name>
      </trkpt>
      <trkpt lat="51.62403" lon="4.94074">
        <name>X</name>
      </trkpt>
      <trkpt lat="51.62405" lon="4.94059">
        <name>X</name>
      </trkpt>
      <trkpt lat="51.62405" lon="4.94059">
        <name>X</name>
      </trkpt>
      <trkpt lat="51.62422" lon="4.94069">
        <name>X</name>
      </trkpt>
      <trkpt lat="51.62428" lon="4.9417">
        <name>X</name>
      </trkpt>
      <trkpt lat="51.62439" lon="4.94247">
        <name>X</name>
      </trkpt>
      <trkpt lat="51.62448" lon="4.94247">
        <name>X</name>
      </trkpt>
      <trkpt lat="51.62452" lon="4.9425">
        <name>X</name>
      </trkpt>
      <trkpt lat="51.62467" lon="4.94278">
        <name>X</name>
      </trkpt>
      <trkpt lat="51.62473" lon="4.94284">
        <name>X</name>
      </trkpt>
      <trkpt lat="51.62479" lon="4.94273">
        <name>X</name>
      </trkpt>
      <trkpt lat="51.6251" lon="4.94215">
        <name>X</name>
      </trkpt>
      <trkpt lat="51.62542" lon="4.94164">
        <name>X</name>
      </trkpt>
      <trkpt lat="51.62546" lon="4.94157">
        <name>X</name>
      </trkpt>
      <trkpt lat="51.62589" lon="4.94074">
        <name>X</name>
      </trkpt>
      <trkpt lat="51.62592" lon="4.94069">
        <name>X</name>
      </trkpt>
      <trkpt lat="51.62596" lon="4.94074">
        <name>X</name>
      </trkpt>
      <trkpt lat="51.62617" lon="4.94074">
        <name>X</name>
      </trkpt>
      <trkpt lat="51.62617" lon="4.94074">
        <name>X</name>
      </trkpt>
      <trkpt lat="51.62619" lon="4.9408">
        <name>X</name>
      </trkpt>
      <trkpt lat="51.62667" lon="4.94125">
        <name>X</name>
      </trkpt>
      <trkpt lat="51.62671" lon="4.94132">
        <name>X</name>
      </trkpt>
      <trkpt lat="51.62677" lon="4.94129">
        <name>X</name>
      </trkpt>
      <trkpt lat="51.62686" lon="4.94129">
        <name>X</name>
      </trkpt>
      <trkpt lat="51.62712" lon="4.94164">
        <name>X</name>
      </trkpt>
      <trkpt lat="51.62724" lon="4.94185">
        <name>X</name>
      </trkpt>
      <trkpt lat="51.62748" lon="4.94147">
        <name>X</name>
      </trkpt>
      <trkpt lat="51.62754" lon="4.94136">
        <name>X</name>
      </trkpt>
      <trkpt lat="51.62776" lon="4.94166">
        <name>X</name>
      </trkpt>
      <trkpt lat="51.628" lon="4.94201">
        <name>X</name>
      </trkpt>
      <trkpt lat="51.62796" lon="4.9421">
        <name>X</name>
      </trkpt>
      <trkpt lat="51.62811" lon="4.94228">
        <name>X</name>
      </trkpt>
      <trkpt lat="51.62813" lon="4.94223">
        <name>X</name>
      </trkpt>
      <trkpt lat="51.62806" lon="4.94209">
        <name>X</name>
      </trkpt>
      <trkpt lat="51.62826" lon="4.94169">
        <name>X</name>
      </trkpt>
      <trkpt lat="51.62834" lon="4.94153">
        <name>X</name>
      </trkpt>
      <trkpt lat="51.62793" lon="4.94095">
        <name>X</name>
      </trkpt>
      <trkpt lat="51.62787" lon="4.94086">
        <name>X</name>
      </trkpt>
      <trkpt lat="51.62918" lon="4.93866">
        <name>X</name>
      </trkpt>
      <trkpt lat="51.62922" lon="4.93863">
        <name>X</name>
      </trkpt>
      <trkpt lat="51.62922" lon="4.93855">
        <name>X</name>
      </trkpt>
      <trkpt lat="51.62928" lon="4.9382">
        <name>X</name>
      </trkpt>
      <trkpt lat="51.62928" lon="4.93808">
        <name>X</name>
      </trkpt>
      <trkpt lat="51.62926" lon="4.93799">
        <name>X</name>
      </trkpt>
      <trkpt lat="51.6292" lon="4.93788">
        <name>X</name>
      </trkpt>
      <trkpt lat="51.62916" lon="4.93784">
        <name>X</name>
      </trkpt>
      <trkpt lat="51.62838" lon="4.93627">
        <name>X</name>
      </trkpt>
      <trkpt lat="51.6283" lon="4.9361">
        <name>X</name>
      </trkpt>
      <trkpt lat="51.6283" lon="4.9361">
        <name>X</name>
      </trkpt>
      <trkpt lat="51.6283" lon="4.9358">
        <name>X</name>
      </trkpt>
      <trkpt lat="51.62834" lon="4.93574">
        <name>X</name>
      </trkpt>
      <trkpt lat="51.62834" lon="4.93546">
        <name>X</name>
      </trkpt>
      <trkpt lat="51.62819" lon="4.93537">
        <name>X</name>
      </trkpt>
      <trkpt lat="51.62815" lon="4.93535">
        <name>X</name>
      </trkpt>
      <trkpt lat="51.62544" lon="4.93636">
        <name>X</name>
      </trkpt>
      <trkpt lat="51.62471" lon="4.93664">
        <name>X</name>
      </trkpt>
      <trkpt lat="51.62474" lon="4.93624">
        <name>X</name>
      </trkpt>
      <trkpt lat="51.62476" lon="4.93544">
        <name>X</name>
      </trkpt>
      <trkpt lat="51.62473" lon="4.93529">
        <name>X</name>
      </trkpt>
      <trkpt lat="51.62476" lon="4.93441">
        <name>X</name>
      </trkpt>
      <trkpt lat="51.62478" lon="4.93428">
        <name>X</name>
      </trkpt>
      <trkpt lat="51.62478" lon="4.93383">
        <name>X</name>
      </trkpt>
      <trkpt lat="51.62456" lon="4.9323">
        <name>X</name>
      </trkpt>
      <trkpt lat="51.62452" lon="4.93202">
        <name>X</name>
      </trkpt>
      <trkpt lat="51.62448" lon="4.9319">
        <name>X</name>
      </trkpt>
      <trkpt lat="51.62441" lon="4.93144">
        <name>X</name>
      </trkpt>
      <trkpt lat="51.62441" lon="4.93144">
        <name>X</name>
      </trkpt>
      <trkpt lat="51.62428" lon="4.93151">
        <name>X</name>
      </trkpt>
      <trkpt lat="51.62413" lon="4.93166">
        <name>X</name>
      </trkpt>
      <trkpt lat="51.62386" lon="4.9319">
        <name>X</name>
      </trkpt>
      <trkpt lat="51.62347" lon="4.93421">
        <name>X</name>
      </trkpt>
      <trkpt lat="51.62336" lon="4.93477">
        <name>X</name>
      </trkpt>
      <trkpt lat="51.62338" lon="4.93499">
        <name>X</name>
      </trkpt>
      <trkpt lat="51.62329" lon="4.93502">
        <name>X</name>
      </trkpt>
      <trkpt lat="51.62326" lon="4.9353">
        <name>X</name>
      </trkpt>
      <trkpt lat="51.62326" lon="4.93592">
        <name>X</name>
      </trkpt>
      <trkpt lat="51.62334" lon="4.93592">
        <name>X</name>
      </trkpt>
      <trkpt lat="51.6234" lon="4.9363">
        <name>X</name>
      </trkpt>
      <trkpt lat="51.62308" lon="4.93755">
        <name>X</name>
      </trkpt>
      <trkpt lat="51.62298" lon="4.93799">
        <name>X</name>
      </trkpt>
      <trkpt lat="51.62293" lon="4.93808">
        <name>X</name>
      </trkpt>
      <trkpt lat="51.62289" lon="4.93823">
        <name>X</name>
      </trkpt>
      <trkpt lat="51.62201" lon="4.93769">
        <name>X</name>
      </trkpt>
      <trkpt lat="51.62175" lon="4.93754">
        <name>X</name>
      </trkpt>
      <trkpt lat="51.62175" lon="4.93754">
        <name>X</name>
      </trkpt>
      <trkpt lat="51.6219" lon="4.93685">
        <name>X</name>
      </trkpt>
      <trkpt lat="51.62167" lon="4.93664">
        <name>X</name>
      </trkpt>
      <trkpt lat="51.62162" lon="4.93655">
        <name>X</name>
      </trkpt>
      <trkpt lat="51.62162" lon="4.93655">
        <name>X</name>
      </trkpt>
      <trkpt lat="51.6216" lon="4.93642">
        <name>X</name>
      </trkpt>
      <trkpt lat="51.62164" lon="4.93535">
        <name>X</name>
      </trkpt>
      <trkpt lat="51.6214" lon="4.93528">
        <name>X</name>
      </trkpt>
      <trkpt lat="51.6215" lon="4.93418">
        <name>X</name>
      </trkpt>
      <trkpt lat="51.6214" lon="4.93397">
        <name>X</name>
      </trkpt>
      <trkpt lat="51.62162" lon="4.93262">
        <name>X</name>
      </trkpt>
      <trkpt lat="51.62173" lon="4.93262">
        <name>X</name>
      </trkpt>
      <trkpt lat="51.62171" lon="4.93245">
        <name>X</name>
      </trkpt>
      <trkpt lat="51.62167" lon="4.93232">
        <name>X</name>
      </trkpt>
      <trkpt lat="51.62188" lon="4.9311">
        <name>X</name>
      </trkpt>
      <trkpt lat="51.6219" lon="4.93087">
        <name>X</name>
      </trkpt>
      <trkpt lat="51.62199" lon="4.93078">
        <name>X</name>
      </trkpt>
      <trkpt lat="51.62203" lon="4.93063">
        <name>X</name>
      </trkpt>
      <trkpt lat="51.62218" lon="4.92966">
        <name>X</name>
      </trkpt>
      <trkpt lat="51.62216" lon="4.92947">
        <name>X</name>
      </trkpt>
      <trkpt lat="51.62231" lon="4.92866">
        <name>X</name>
      </trkpt>
      <trkpt lat="51.62246" lon="4.92853">
        <name>X</name>
      </trkpt>
      <trkpt lat="51.62259" lon="4.92722">
        <name>X</name>
      </trkpt>
      <trkpt lat="51.62261" lon="4.92696">
        <name>X</name>
      </trkpt>
      <trkpt lat="51.62259" lon="4.92679">
        <name>X</name>
      </trkpt>
      <trkpt lat="51.62257" lon="4.92664">
        <name>X</name>
      </trkpt>
      <trkpt lat="51.62257" lon="4.92664">
        <name>X</name>
      </trkpt>
      <trkpt lat="51.62259" lon="4.9266">
        <name>X</name>
      </trkpt>
      <trkpt lat="51.62259" lon="4.92621">
        <name>X</name>
      </trkpt>
      <trkpt lat="51.62263" lon="4.92563">
        <name>X</name>
      </trkpt>
      <trkpt lat="51.62285" lon="4.92376">
        <name>X</name>
      </trkpt>
      <trkpt lat="51.62287" lon="4.92366">
        <name>X</name>
      </trkpt>
      <trkpt lat="51.62291" lon="4.92357">
        <name>X</name>
      </trkpt>
      <trkpt lat="51.62298" lon="4.92355">
        <name>X</name>
      </trkpt>
      <trkpt lat="51.62298" lon="4.92355">
        <name>X</name>
      </trkpt>
      <trkpt lat="51.62323" lon="4.92368">
        <name>X</name>
      </trkpt>
      <trkpt lat="51.62345" lon="4.92368">
        <name>X</name>
      </trkpt>
      <trkpt lat="51.62347" lon="4.92316">
        <name>X</name>
      </trkpt>
      <trkpt lat="51.62409" lon="4.92316">
        <name>X</name>
      </trkpt>
      <trkpt lat="51.6245" lon="4.92314">
        <name>X</name>
      </trkpt>
      <trkpt lat="51.62452" lon="4.92323">
        <name>X</name>
      </trkpt>
      <trkpt lat="51.62458" lon="4.92327">
        <name>X</name>
      </trkpt>
      <trkpt lat="51.62514" lon="4.92329">
        <name>X</name>
      </trkpt>
      <trkpt lat="51.62516" lon="4.9234">
        <name>X</name>
      </trkpt>
      <trkpt lat="51.62557" lon="4.9234">
        <name>X</name>
      </trkpt>
      <trkpt lat="51.62566" lon="4.92348">
        <name>X</name>
      </trkpt>
      <trkpt lat="51.62566" lon="4.92348">
        <name>X</name>
      </trkpt>
      <trkpt lat="51.62572" lon="4.92348">
        <name>X</name>
      </trkpt>
      <trkpt lat="51.62579" lon="4.92341">
        <name>X</name>
      </trkpt>
      <trkpt lat="51.62592" lon="4.9234">
        <name>X</name>
      </trkpt>
      <trkpt lat="51.62592" lon="4.9234">
        <name>X</name>
      </trkpt>
      <trkpt lat="51.62592" lon="4.92218">
        <name>X</name>
      </trkpt>
      <trkpt lat="51.62594" lon="4.92188">
        <name>X</name>
      </trkpt>
      <trkpt lat="51.62619" lon="4.92181">
        <name>X</name>
      </trkpt>
      <trkpt lat="51.62619" lon="4.92181">
        <name>X</name>
      </trkpt>
      <trkpt lat="51.62615" lon="4.92164">
        <name>X</name>
      </trkpt>
      <trkpt lat="51.62615" lon="4.9208">
        <name>X</name>
      </trkpt>
      <trkpt lat="51.62613" lon="4.92048">
        <name>X</name>
      </trkpt>
      <trkpt lat="51.62615" lon="4.9178">
        <name>X</name>
      </trkpt>
      <trkpt lat="51.62617" lon="4.91752">
        <name>X</name>
      </trkpt>
      <trkpt lat="51.626" lon="4.9175">
        <name>X</name>
      </trkpt>
      <trkpt lat="51.62589" lon="4.91728">
        <name>X</name>
      </trkpt>
      <trkpt lat="51.62542" lon="4.91718">
        <name>X</name>
      </trkpt>
      <trkpt lat="51.62433" lon="4.91685">
        <name>X</name>
      </trkpt>
      <trkpt lat="51.62306" lon="4.91638">
        <name>X</name>
      </trkpt>
      <trkpt lat="51.623" lon="4.91636">
        <name>X</name>
      </trkpt>
      <trkpt lat="51.62227" lon="4.91604">
        <name>X</name>
      </trkpt>
      <trkpt lat="51.62096" lon="4.91546">
        <name>X</name>
      </trkpt>
      <trkpt lat="51.62076" lon="4.91535">
        <name>X</name>
      </trkpt>
      <trkpt lat="51.62055" lon="4.91524">
        <name>X</name>
      </trkpt>
      <trkpt lat="51.62021" lon="4.91499">
        <name>X</name>
      </trkpt>
      <trkpt lat="51.61997" lon="4.91484">
        <name>X</name>
      </trkpt>
      <trkpt lat="51.61997" lon="4.91484">
        <name>X</name>
      </trkpt>
      <trkpt lat="51.61967" lon="4.91454">
        <name>X</name>
      </trkpt>
      <trkpt lat="51.6192" lon="4.91391">
        <name>X</name>
      </trkpt>
      <trkpt lat="51.61916" lon="4.91385">
        <name>X</name>
      </trkpt>
      <trkpt lat="51.61935" lon="4.91346">
        <name>X</name>
      </trkpt>
      <trkpt lat="51.61939" lon="4.91338">
        <name>X</name>
      </trkpt>
      <trkpt lat="51.61887" lon="4.91269">
        <name>X</name>
      </trkpt>
      <trkpt lat="51.61823" lon="4.9119">
        <name>X</name>
      </trkpt>
      <trkpt lat="51.61795" lon="4.91166">
        <name>X</name>
      </trkpt>
      <trkpt lat="51.61768" lon="4.91145">
        <name>X</name>
      </trkpt>
      <trkpt lat="51.61722" lon="4.91125">
        <name>X</name>
      </trkpt>
      <trkpt lat="51.61669" lon="4.91119">
        <name>X</name>
      </trkpt>
      <trkpt lat="51.61669" lon="4.91119">
        <name>X</name>
      </trkpt>
      <trkpt lat="51.61619" lon="4.91128">
        <name>X</name>
      </trkpt>
      <trkpt lat="51.61596" lon="4.91138">
        <name>X</name>
      </trkpt>
      <trkpt lat="51.61581" lon="4.91147">
        <name>X</name>
      </trkpt>
      <trkpt lat="51.61523" lon="4.91192">
        <name>X</name>
      </trkpt>
      <trkpt lat="51.61461" lon="4.91248">
        <name>X</name>
      </trkpt>
      <trkpt lat="51.61347" lon="4.91355">
        <name>X</name>
      </trkpt>
      <trkpt lat="51.61274" lon="4.91424">
        <name>X</name>
      </trkpt>
      <trkpt lat="51.61218" lon="4.91482">
        <name>X</name>
      </trkpt>
      <trkpt lat="51.61158" lon="4.9154">
        <name>X</name>
      </trkpt>
      <trkpt lat="51.60903" lon="4.9172">
        <name>X</name>
      </trkpt>
      <trkpt lat="51.60862" lon="4.91746">
        <name>X</name>
      </trkpt>
      <trkpt lat="51.60843" lon="4.91754">
        <name>X</name>
      </trkpt>
      <trkpt lat="51.60796" lon="4.91767">
        <name>X</name>
      </trkpt>
      <trkpt lat="51.60701" lon="4.9178">
        <name>X</name>
      </trkpt>
      <trkpt lat="51.60654" lon="4.9179">
        <name>X</name>
      </trkpt>
      <trkpt lat="51.60654" lon="4.9179">
        <name>X</name>
      </trkpt>
      <trkpt lat="51.60493" lon="4.91844">
        <name>X</name>
      </trkpt>
      <trkpt lat="51.60431" lon="4.91857">
        <name>X</name>
      </trkpt>
      <trkpt lat="51.60332" lon="4.91866">
        <name>X</name>
      </trkpt>
      <trkpt lat="51.60173" lon="4.91866">
        <name>X</name>
      </trkpt>
      <trkpt lat="51.60158" lon="4.91864">
        <name>X</name>
      </trkpt>
      <trkpt lat="51.60079" lon="4.91825">
        <name>X</name>
      </trkpt>
      <trkpt lat="51.60047" lon="4.91806">
        <name>X</name>
      </trkpt>
      <trkpt lat="51.60047" lon="4.91806">
        <name>X</name>
      </trkpt>
      <trkpt lat="51.60027" lon="4.91801">
        <name>X</name>
      </trkpt>
      <trkpt lat="51.59999" lon="4.91786">
        <name>X</name>
      </trkpt>
      <trkpt lat="51.59933" lon="4.91756">
        <name>X</name>
      </trkpt>
      <trkpt lat="51.59761" lon="4.91696">
        <name>X</name>
      </trkpt>
      <trkpt lat="51.59757" lon="4.91688">
        <name>X</name>
      </trkpt>
      <trkpt lat="51.59753" lon="4.91688">
        <name>X</name>
      </trkpt>
      <trkpt lat="51.59744" lon="4.91685">
        <name>X</name>
      </trkpt>
      <trkpt lat="51.59742" lon="4.9169">
        <name>X</name>
      </trkpt>
      <trkpt lat="51.59738" lon="4.9169">
        <name>X</name>
      </trkpt>
      <trkpt lat="51.59568" lon="4.91664">
        <name>X</name>
      </trkpt>
      <trkpt lat="51.59508" lon="4.91653">
        <name>X</name>
      </trkpt>
      <trkpt lat="51.59508" lon="4.91653">
        <name>X</name>
      </trkpt>
      <trkpt lat="51.59484" lon="4.91655">
        <name>X</name>
      </trkpt>
      <trkpt lat="51.59306" lon="4.91728">
        <name>X</name>
      </trkpt>
      <trkpt lat="51.59276" lon="4.91741">
        <name>X</name>
      </trkpt>
      <trkpt lat="51.59124" lon="4.91793">
        <name>X</name>
      </trkpt>
      <trkpt lat="51.59118" lon="4.91803">
        <name>X</name>
      </trkpt>
      <trkpt lat="51.59034" lon="4.91829">
        <name>X</name>
      </trkpt>
      <trkpt lat="51.59006" lon="4.91838">
        <name>X</name>
      </trkpt>
      <trkpt lat="51.59002" lon="4.91814">
        <name>X</name>
      </trkpt>
      <trkpt lat="51.58997" lon="4.91801">
        <name>X</name>
      </trkpt>
      <trkpt lat="51.58959" lon="4.91713">
        <name>X</name>
      </trkpt>
      <trkpt lat="51.58946" lon="4.91681">
        <name>X</name>
      </trkpt>
      <trkpt lat="51.58879" lon="4.91501">
        <name>X</name>
      </trkpt>
      <trkpt lat="51.58866" lon="4.91458">
        <name>X</name>
      </trkpt>
      <trkpt lat="51.58856" lon="4.91415">
        <name>X</name>
      </trkpt>
      <trkpt lat="51.58854" lon="4.91404">
        <name>X</name>
      </trkpt>
      <trkpt lat="51.58834" lon="4.91265">
        <name>X</name>
      </trkpt>
      <trkpt lat="51.58832" lon="4.91252">
        <name>X</name>
      </trkpt>
      <trkpt lat="51.58789" lon="4.91239">
        <name>X</name>
      </trkpt>
      <trkpt lat="51.58774" lon="4.91239">
        <name>X</name>
      </trkpt>
      <trkpt lat="51.58585" lon="4.91303">
        <name>X</name>
      </trkpt>
      <trkpt lat="51.58577" lon="4.91308">
        <name>X</name>
      </trkpt>
      <trkpt lat="51.58572" lon="4.91306">
        <name>X</name>
      </trkpt>
      <trkpt lat="51.58557" lon="4.91299">
        <name>X</name>
      </trkpt>
      <trkpt lat="51.58547" lon="4.91299">
        <name>X</name>
      </trkpt>
      <trkpt lat="51.58536" lon="4.91301">
        <name>X</name>
      </trkpt>
      <trkpt lat="51.5848" lon="4.91359">
        <name>X</name>
      </trkpt>
      <trkpt lat="51.5845" lon="4.914">
        <name>X</name>
      </trkpt>
      <trkpt lat="51.58437" lon="4.91409">
        <name>X</name>
      </trkpt>
      <trkpt lat="51.58431" lon="4.91402">
        <name>X</name>
      </trkpt>
      <trkpt lat="51.58418" lon="4.91376">
        <name>X</name>
      </trkpt>
      <trkpt lat="51.58414" lon="4.91366">
        <name>X</name>
      </trkpt>
      <trkpt lat="51.58268" lon="4.90876">
        <name>X</name>
      </trkpt>
      <trkpt lat="51.58261" lon="4.90859">
        <name>X</name>
      </trkpt>
      <trkpt lat="51.58259" lon="4.90846">
        <name>X</name>
      </trkpt>
      <trkpt lat="51.58259" lon="4.90831">
        <name>X</name>
      </trkpt>
      <trkpt lat="51.5827" lon="4.90752">
        <name>X</name>
      </trkpt>
      <trkpt lat="51.5827" lon="4.90741">
        <name>X</name>
      </trkpt>
      <trkpt lat="51.5827" lon="4.90741">
        <name>X</name>
      </trkpt>
      <trkpt lat="51.58255" lon="4.90752">
        <name>X</name>
      </trkpt>
      <trkpt lat="51.58248" lon="4.9073">
        <name>X</name>
      </trkpt>
      <trkpt lat="51.58246" lon="4.9072">
        <name>X</name>
      </trkpt>
      <trkpt lat="51.58246" lon="4.9072">
        <name>X</name>
      </trkpt>
      <trkpt lat="51.5815" lon="4.90799">
        <name>X</name>
      </trkpt>
      <trkpt lat="51.58068" lon="4.90876">
        <name>X</name>
      </trkpt>
      <trkpt lat="51.58055" lon="4.90885">
        <name>X</name>
      </trkpt>
      <trkpt lat="51.58055" lon="4.90885">
        <name>X</name>
      </trkpt>
      <trkpt lat="51.58042" lon="4.90885">
        <name>X</name>
      </trkpt>
      <trkpt lat="51.58034" lon="4.90876">
        <name>X</name>
      </trkpt>
      <trkpt lat="51.58034" lon="4.90864">
        <name>X</name>
      </trkpt>
      <trkpt lat="51.58008" lon="4.90853">
        <name>X</name>
      </trkpt>
      <trkpt lat="51.57987" lon="4.90861">
        <name>X</name>
      </trkpt>
      <trkpt lat="51.57967" lon="4.90842">
        <name>X</name>
      </trkpt>
      <trkpt lat="51.5795" lon="4.90818">
        <name>X</name>
      </trkpt>
      <trkpt lat="51.57944" lon="4.90808">
        <name>X</name>
      </trkpt>
      <trkpt lat="51.57935" lon="4.90786">
        <name>X</name>
      </trkpt>
      <trkpt lat="51.57927" lon="4.9075">
        <name>X</name>
      </trkpt>
      <trkpt lat="51.57916" lon="4.90617">
        <name>X</name>
      </trkpt>
      <trkpt lat="51.57916" lon="4.90617">
        <name>X</name>
      </trkpt>
      <trkpt lat="51.57916" lon="4.90555">
        <name>X</name>
      </trkpt>
      <trkpt lat="51.57957" lon="4.90316">
        <name>X</name>
      </trkpt>
      <trkpt lat="51.57959" lon="4.90289">
        <name>X</name>
      </trkpt>
      <trkpt lat="51.57959" lon="4.90289">
        <name>X</name>
      </trkpt>
      <trkpt lat="51.57959" lon="4.90233">
        <name>X</name>
      </trkpt>
      <trkpt lat="51.57939" lon="4.90166">
        <name>X</name>
      </trkpt>
      <trkpt lat="51.57935" lon="4.90156">
        <name>X</name>
      </trkpt>
      <trkpt lat="51.57841" lon="4.90012">
        <name>X</name>
      </trkpt>
      <trkpt lat="51.57819" lon="4.8998">
        <name>X</name>
      </trkpt>
      <trkpt lat="51.57596" lon="4.89677">
        <name>X</name>
      </trkpt>
      <trkpt lat="51.57579" lon="4.8966">
        <name>X</name>
      </trkpt>
      <trkpt lat="51.57459" lon="4.89437">
        <name>X</name>
      </trkpt>
      <trkpt lat="51.5744" lon="4.89402">
        <name>X</name>
      </trkpt>
      <trkpt lat="51.57422" lon="4.89383">
        <name>X</name>
      </trkpt>
      <trkpt lat="51.57418" lon="4.89381">
        <name>X</name>
      </trkpt>
      <trkpt lat="51.5736" lon="4.89364">
        <name>X</name>
      </trkpt>
      <trkpt lat="51.57356" lon="4.89364">
        <name>X</name>
      </trkpt>
      <trkpt lat="51.5736" lon="4.89001">
        <name>X</name>
      </trkpt>
      <trkpt lat="51.57364" lon="4.88836">
        <name>X</name>
      </trkpt>
      <trkpt lat="51.57373" lon="4.88726">
        <name>X</name>
      </trkpt>
      <trkpt lat="51.57375" lon="4.88696">
        <name>X</name>
      </trkpt>
      <trkpt lat="51.57366" lon="4.88576">
        <name>X</name>
      </trkpt>
      <trkpt lat="51.57364" lon="4.88555">
        <name>X</name>
      </trkpt>
      <trkpt lat="51.57317" lon="4.88381">
        <name>X</name>
      </trkpt>
      <trkpt lat="51.57315" lon="4.88366">
        <name>X</name>
      </trkpt>
      <trkpt lat="51.57319" lon="4.88302">
        <name>X</name>
      </trkpt>
      <trkpt lat="51.57322" lon="4.88246">
        <name>X</name>
      </trkpt>
      <trkpt lat="51.57319" lon="4.88233">
        <name>X</name>
      </trkpt>
      <trkpt lat="51.57317" lon="4.88229">
        <name>X</name>
      </trkpt>
      <trkpt lat="51.57317" lon="4.88229">
        <name>X</name>
      </trkpt>
      <trkpt lat="51.57322" lon="4.8822">
        <name>X</name>
      </trkpt>
      <trkpt lat="51.57322" lon="4.88201">
        <name>X</name>
      </trkpt>
      <trkpt lat="51.57322" lon="4.88166">
        <name>X</name>
      </trkpt>
      <trkpt lat="51.57339" lon="4.87965">
        <name>X</name>
      </trkpt>
      <trkpt lat="51.57341" lon="4.87898">
        <name>X</name>
      </trkpt>
      <trkpt lat="51.57341" lon="4.87898">
        <name>X</name>
      </trkpt>
      <trkpt lat="51.57341" lon="4.87842">
        <name>X</name>
      </trkpt>
      <trkpt lat="51.57332" lon="4.87756">
        <name>X</name>
      </trkpt>
      <trkpt lat="51.5733" lon="4.87737">
        <name>X</name>
      </trkpt>
      <trkpt lat="51.57326" lon="4.87645">
        <name>X</name>
      </trkpt>
      <trkpt lat="51.57326" lon="4.87615">
        <name>X</name>
      </trkpt>
      <trkpt lat="51.57326" lon="4.87615">
        <name>X</name>
      </trkpt>
      <trkpt lat="51.57334" lon="4.87542">
        <name>X</name>
      </trkpt>
      <trkpt lat="51.57347" lon="4.87353">
        <name>X</name>
      </trkpt>
      <trkpt lat="51.57347" lon="4.87169">
        <name>X</name>
      </trkpt>
      <trkpt lat="51.57257" lon="4.87169">
        <name>X</name>
      </trkpt>
      <trkpt lat="51.57242" lon="4.87164">
        <name>X</name>
      </trkpt>
      <trkpt lat="51.57176" lon="4.87106">
        <name>X</name>
      </trkpt>
      <trkpt lat="51.57167" lon="4.87104">
        <name>X</name>
      </trkpt>
      <trkpt lat="51.57167" lon="4.87104">
        <name>X</name>
      </trkpt>
      <trkpt lat="51.5716" lon="4.87108">
        <name>X</name>
      </trkpt>
      <trkpt lat="51.57094" lon="4.87203">
        <name>X</name>
      </trkpt>
      <trkpt lat="51.57083" lon="4.87216">
        <name>X</name>
      </trkpt>
      <trkpt lat="51.57083" lon="4.87216">
        <name>X</name>
      </trkpt>
      <trkpt lat="51.5707" lon="4.87224">
        <name>X</name>
      </trkpt>
      <trkpt lat="51.57058" lon="4.87226">
        <name>X</name>
      </trkpt>
      <trkpt lat="51.57047" lon="4.87226">
        <name>X</name>
      </trkpt>
      <trkpt lat="51.57023" lon="4.87216">
        <name>X</name>
      </trkpt>
      <trkpt lat="51.5701" lon="4.87203">
        <name>X</name>
      </trkpt>
      <trkpt lat="51.57002" lon="4.87188">
        <name>X</name>
      </trkpt>
      <trkpt lat="51.56959" lon="4.87085">
        <name>X</name>
      </trkpt>
      <trkpt lat="51.56948" lon="4.87072">
        <name>X</name>
      </trkpt>
      <trkpt lat="51.56935" lon="4.8707">
        <name>X</name>
      </trkpt>
      <trkpt lat="51.56935" lon="4.8707">
        <name>X</name>
      </trkpt>
      <trkpt lat="51.56815" lon="4.87121">
        <name>X</name>
      </trkpt>
      <trkpt lat="51.56781" lon="4.87143">
        <name>X</name>
      </trkpt>
      <trkpt lat="51.56723" lon="4.87164">
        <name>X</name>
      </trkpt>
      <trkpt lat="51.56661" lon="4.87143">
        <name>X</name>
      </trkpt>
      <trkpt lat="51.56641" lon="4.87136">
        <name>X</name>
      </trkpt>
      <trkpt lat="51.56643" lon="4.87089">
        <name>X</name>
      </trkpt>
      <trkpt lat="51.56646" lon="4.87072">
        <name>X</name>
      </trkpt>
      <trkpt lat="51.56671" lon="4.86967">
        <name>X</name>
      </trkpt>
      <trkpt lat="51.5668" lon="4.8693">
        <name>X</name>
      </trkpt>
      <trkpt lat="51.56708" lon="4.86772">
        <name>X</name>
      </trkpt>
      <trkpt lat="51.56731" lon="4.86621">
        <name>X</name>
      </trkpt>
      <trkpt lat="51.56731" lon="4.86621">
        <name>X</name>
      </trkpt>
      <trkpt lat="51.5674" lon="4.86553">
        <name>X</name>
      </trkpt>
      <trkpt lat="51.56742" lon="4.86452">
        <name>X</name>
      </trkpt>
      <trkpt lat="51.56766" lon="4.86276">
        <name>X</name>
      </trkpt>
      <trkpt lat="51.56772" lon="4.86252">
        <name>X</name>
      </trkpt>
      <trkpt lat="51.56822" lon="4.861">
        <name>X</name>
      </trkpt>
      <trkpt lat="51.56922" lon="4.85877">
        <name>X</name>
      </trkpt>
      <trkpt lat="51.5694" lon="4.85821">
        <name>X</name>
      </trkpt>
      <trkpt lat="51.56948" lon="4.85754">
        <name>X</name>
      </trkpt>
      <trkpt lat="51.56957" lon="4.85679">
        <name>X</name>
      </trkpt>
      <trkpt lat="51.56961" lon="4.85654">
        <name>X</name>
      </trkpt>
      <trkpt lat="51.56974" lon="4.85589">
        <name>X</name>
      </trkpt>
      <trkpt lat="51.5698" lon="4.85531">
        <name>X</name>
      </trkpt>
      <trkpt lat="51.5698" lon="4.85484">
        <name>X</name>
      </trkpt>
      <trkpt lat="51.56929" lon="4.85257">
        <name>X</name>
      </trkpt>
      <trkpt lat="51.56924" lon="4.85235">
        <name>X</name>
      </trkpt>
      <trkpt lat="51.56899" lon="4.85016">
        <name>X</name>
      </trkpt>
      <trkpt lat="51.56875" lon="4.84819">
        <name>X</name>
      </trkpt>
      <trkpt lat="51.56856" lon="4.84686">
        <name>X</name>
      </trkpt>
      <trkpt lat="51.56845" lon="4.84647">
        <name>X</name>
      </trkpt>
      <trkpt lat="51.56834" lon="4.84617">
        <name>X</name>
      </trkpt>
      <trkpt lat="51.56824" lon="4.84596">
        <name>X</name>
      </trkpt>
      <trkpt lat="51.56806" lon="4.84576">
        <name>X</name>
      </trkpt>
      <trkpt lat="51.56796" lon="4.84572">
        <name>X</name>
      </trkpt>
      <trkpt lat="51.5677" lon="4.84579">
        <name>X</name>
      </trkpt>
      <trkpt lat="51.56704" lon="4.84598">
        <name>X</name>
      </trkpt>
      <trkpt lat="51.56673" lon="4.84598">
        <name>X</name>
      </trkpt>
      <trkpt lat="51.56648" lon="4.84596">
        <name>X</name>
      </trkpt>
      <trkpt lat="51.56648" lon="4.84596">
        <name>X</name>
      </trkpt>
      <trkpt lat="51.56596" lon="4.84583">
        <name>X</name>
      </trkpt>
      <trkpt lat="51.56596" lon="4.84583">
        <name>X</name>
      </trkpt>
      <trkpt lat="51.5657" lon="4.8457">
        <name>X</name>
      </trkpt>
      <trkpt lat="51.56553" lon="4.84549">
        <name>X</name>
      </trkpt>
      <trkpt lat="51.56549" lon="4.84542">
        <name>X</name>
      </trkpt>
      <trkpt lat="51.56551" lon="4.84529">
        <name>X</name>
      </trkpt>
      <trkpt lat="51.56558" lon="4.84396">
        <name>X</name>
      </trkpt>
      <trkpt lat="51.56555" lon="4.84373">
        <name>X</name>
      </trkpt>
      <trkpt lat="51.56551" lon="4.84345">
        <name>X</name>
      </trkpt>
      <trkpt lat="51.56551" lon="4.84345">
        <name>X</name>
      </trkpt>
      <trkpt lat="51.56523" lon="4.84255">
        <name>X</name>
      </trkpt>
      <trkpt lat="51.56517" lon="4.8422">
        <name>X</name>
      </trkpt>
      <trkpt lat="51.56515" lon="4.84203">
        <name>X</name>
      </trkpt>
      <trkpt lat="51.56515" lon="4.84203">
        <name>X</name>
      </trkpt>
      <trkpt lat="51.56525" lon="4.84156">
        <name>X</name>
      </trkpt>
      <trkpt lat="51.56532" lon="4.84092">
        <name>X</name>
      </trkpt>
      <trkpt lat="51.56532" lon="4.84068">
        <name>X</name>
      </trkpt>
      <trkpt lat="51.56525" lon="4.83958">
        <name>X</name>
      </trkpt>
      <trkpt lat="51.56515" lon="4.83875">
        <name>X</name>
      </trkpt>
      <trkpt lat="51.56515" lon="4.83875">
        <name>X</name>
      </trkpt>
      <trkpt lat="51.5651" lon="4.83849">
        <name>X</name>
      </trkpt>
      <trkpt lat="51.56489" lon="4.8377">
        <name>X</name>
      </trkpt>
      <trkpt lat="51.56487" lon="4.83757">
        <name>X</name>
      </trkpt>
      <trkpt lat="51.56487" lon="4.83757">
        <name>X</name>
      </trkpt>
      <trkpt lat="51.56487" lon="4.83748">
        <name>X</name>
      </trkpt>
      <trkpt lat="51.565" lon="4.83712">
        <name>X</name>
      </trkpt>
      <trkpt lat="51.56502" lon="4.83701">
        <name>X</name>
      </trkpt>
      <trkpt lat="51.56502" lon="4.83701">
        <name>X</name>
      </trkpt>
      <trkpt lat="51.5648" lon="4.83695">
        <name>X</name>
      </trkpt>
      <trkpt lat="51.56442" lon="4.83697">
        <name>X</name>
      </trkpt>
      <trkpt lat="51.56431" lon="4.83692">
        <name>X</name>
      </trkpt>
      <trkpt lat="51.56431" lon="4.83692">
        <name>X</name>
      </trkpt>
      <trkpt lat="51.5641" lon="4.83677">
        <name>X</name>
      </trkpt>
      <trkpt lat="51.5639" lon="4.83654">
        <name>X</name>
      </trkpt>
      <trkpt lat="51.56386" lon="4.83652">
        <name>X</name>
      </trkpt>
      <trkpt lat="51.56389" lon="4.8364">
        <name>X</name>
      </trkpt>
      <trkpt lat="51.56394" lon="4.83622">
        <name>X</name>
      </trkpt>
      <trkpt lat="51.56407" lon="4.83598">
        <name>X</name>
      </trkpt>
      <trkpt lat="51.56418" lon="4.83585">
        <name>X</name>
      </trkpt>
      <trkpt lat="51.5651" lon="4.83141">
        <name>X</name>
      </trkpt>
      <trkpt lat="51.56519" lon="4.831">
        <name>X</name>
      </trkpt>
      <trkpt lat="51.56538" lon="4.83044">
        <name>X</name>
      </trkpt>
      <trkpt lat="51.56545" lon="4.83036">
        <name>X</name>
      </trkpt>
      <trkpt lat="51.56562" lon="4.82984">
        <name>X</name>
      </trkpt>
      <trkpt lat="51.5656" lon="4.82963">
        <name>X</name>
      </trkpt>
      <trkpt lat="51.56577" lon="4.82959">
        <name>X</name>
      </trkpt>
      <trkpt lat="51.56635" lon="4.82946">
        <name>X</name>
      </trkpt>
      <trkpt lat="51.56635" lon="4.82946">
        <name>X</name>
      </trkpt>
      <trkpt lat="51.56652" lon="4.82937">
        <name>X</name>
      </trkpt>
      <trkpt lat="51.56671" lon="4.82916">
        <name>X</name>
      </trkpt>
      <trkpt lat="51.56673" lon="4.82909">
        <name>X</name>
      </trkpt>
      <trkpt lat="51.56673" lon="4.82909">
        <name>X</name>
      </trkpt>
      <trkpt lat="51.56678" lon="4.82909">
        <name>X</name>
      </trkpt>
      <trkpt lat="51.56682" lon="4.82903">
        <name>X</name>
      </trkpt>
      <trkpt lat="51.56684" lon="4.82899">
        <name>X</name>
      </trkpt>
      <trkpt lat="51.56684" lon="4.82888">
        <name>X</name>
      </trkpt>
      <trkpt lat="51.56682" lon="4.82884">
        <name>X</name>
      </trkpt>
      <trkpt lat="51.5665" lon="4.82864">
        <name>X</name>
      </trkpt>
      <trkpt lat="51.56596" lon="4.82823">
        <name>X</name>
      </trkpt>
      <trkpt lat="51.56603" lon="4.82802">
        <name>X</name>
      </trkpt>
      <trkpt lat="51.5663" lon="4.82703">
        <name>X</name>
      </trkpt>
      <trkpt lat="51.5663" lon="4.82703">
        <name>X</name>
      </trkpt>
      <trkpt lat="51.56658" lon="4.8262">
        <name>X</name>
      </trkpt>
      <trkpt lat="51.56658" lon="4.8262">
        <name>X</name>
      </trkpt>
      <trkpt lat="51.56671" lon="4.82594">
        <name>X</name>
      </trkpt>
      <trkpt lat="51.56697" lon="4.82559">
        <name>X</name>
      </trkpt>
      <trkpt lat="51.56701" lon="4.82553">
        <name>X</name>
      </trkpt>
      <trkpt lat="51.56725" lon="4.82529">
        <name>X</name>
      </trkpt>
      <trkpt lat="51.56734" lon="4.82523">
        <name>X</name>
      </trkpt>
      <trkpt lat="51.56809" lon="4.82486">
        <name>X</name>
      </trkpt>
      <trkpt lat="51.56817" lon="4.82476">
        <name>X</name>
      </trkpt>
      <trkpt lat="51.56817" lon="4.82476">
        <name>X</name>
      </trkpt>
      <trkpt lat="51.56811" lon="4.82328">
        <name>X</name>
      </trkpt>
      <trkpt lat="51.56822" lon="4.82266">
        <name>X</name>
      </trkpt>
      <trkpt lat="51.5683" lon="4.82225">
        <name>X</name>
      </trkpt>
      <trkpt lat="51.5683" lon="4.82225">
        <name>X</name>
      </trkpt>
      <trkpt lat="51.56832" lon="4.8222">
        <name>X</name>
      </trkpt>
      <trkpt lat="51.56852" lon="4.82223">
        <name>X</name>
      </trkpt>
      <trkpt lat="51.56854" lon="4.82214">
        <name>X</name>
      </trkpt>
      <trkpt lat="51.56854" lon="4.82214">
        <name>X</name>
      </trkpt>
      <trkpt lat="51.56849" lon="4.82208">
        <name>X</name>
      </trkpt>
      <trkpt lat="51.56671" lon="4.82169">
        <name>X</name>
      </trkpt>
      <trkpt lat="51.56667" lon="4.82167">
        <name>X</name>
      </trkpt>
      <trkpt lat="51.56673" lon="4.82087">
        <name>X</name>
      </trkpt>
      <trkpt lat="51.56678" lon="4.82057">
        <name>X</name>
      </trkpt>
      <trkpt lat="51.56708" lon="4.82049">
        <name>X</name>
      </trkpt>
      <trkpt lat="51.56839" lon="4.82019">
        <name>X</name>
      </trkpt>
      <trkpt lat="51.56839" lon="4.82019">
        <name>X</name>
      </trkpt>
      <trkpt lat="51.56843" lon="4.82017">
        <name>X</name>
      </trkpt>
      <trkpt lat="51.56845" lon="4.8201">
        <name>X</name>
      </trkpt>
      <trkpt lat="51.56845" lon="4.82002">
        <name>X</name>
      </trkpt>
      <trkpt lat="51.56834" lon="4.81969">
        <name>X</name>
      </trkpt>
      <trkpt lat="51.56832" lon="4.81956">
        <name>X</name>
      </trkpt>
      <trkpt lat="51.56695" lon="4.81652">
        <name>X</name>
      </trkpt>
      <trkpt lat="51.56663" lon="4.81577">
        <name>X</name>
      </trkpt>
      <trkpt lat="51.56663" lon="4.81577">
        <name>X</name>
      </trkpt>
      <trkpt lat="51.56652" lon="4.8154">
        <name>X</name>
      </trkpt>
      <trkpt lat="51.56635" lon="4.81459">
        <name>X</name>
      </trkpt>
      <trkpt lat="51.56622" lon="4.81401">
        <name>X</name>
      </trkpt>
      <trkpt lat="51.56592" lon="4.8125">
        <name>X</name>
      </trkpt>
      <trkpt lat="51.56579" lon="4.81188">
        <name>X</name>
      </trkpt>
      <trkpt lat="51.56577" lon="4.81156">
        <name>X</name>
      </trkpt>
      <trkpt lat="51.56573" lon="4.8115">
        <name>X</name>
      </trkpt>
      <trkpt lat="51.56549" lon="4.80989">
        <name>X</name>
      </trkpt>
      <trkpt lat="51.5654" lon="4.80914">
        <name>X</name>
      </trkpt>
      <trkpt lat="51.56542" lon="4.80641">
        <name>X</name>
      </trkpt>
      <trkpt lat="51.56542" lon="4.80628">
        <name>X</name>
      </trkpt>
      <trkpt lat="51.56564" lon="4.80448">
        <name>X</name>
      </trkpt>
      <trkpt lat="51.56564" lon="4.80392">
        <name>X</name>
      </trkpt>
      <trkpt lat="51.56558" lon="4.80289">
        <name>X</name>
      </trkpt>
      <trkpt lat="51.56551" lon="4.80182">
        <name>X</name>
      </trkpt>
      <trkpt lat="51.56534" lon="4.80015">
        <name>X</name>
      </trkpt>
      <trkpt lat="51.56528" lon="4.79952">
        <name>X</name>
      </trkpt>
      <trkpt lat="51.56528" lon="4.79952">
        <name>X</name>
      </trkpt>
      <trkpt lat="51.56523" lon="4.7992">
        <name>X</name>
      </trkpt>
      <trkpt lat="51.56489" lon="4.79785">
        <name>X</name>
      </trkpt>
      <trkpt lat="51.56487" lon="4.79772">
        <name>X</name>
      </trkpt>
      <trkpt lat="51.56485" lon="4.79731">
        <name>X</name>
      </trkpt>
      <trkpt lat="51.56482" lon="4.79725">
        <name>X</name>
      </trkpt>
      <trkpt lat="51.56485" lon="4.79676">
        <name>X</name>
      </trkpt>
      <trkpt lat="51.56485" lon="4.79669">
        <name>X</name>
      </trkpt>
      <trkpt lat="51.56525" lon="4.7941">
        <name>X</name>
      </trkpt>
      <trkpt lat="51.5653" lon="4.7939">
        <name>X</name>
      </trkpt>
      <trkpt lat="51.56686" lon="4.78804">
        <name>X</name>
      </trkpt>
      <trkpt lat="51.56686" lon="4.78768">
        <name>X</name>
      </trkpt>
      <trkpt lat="51.56701" lon="4.78755">
        <name>X</name>
      </trkpt>
      <trkpt lat="51.56706" lon="4.78753">
        <name>X</name>
      </trkpt>
      <trkpt lat="51.56723" lon="4.78727">
        <name>X</name>
      </trkpt>
      <trkpt lat="51.56736" lon="4.78682">
        <name>X</name>
      </trkpt>
      <trkpt lat="51.56736" lon="4.78671">
        <name>X</name>
      </trkpt>
      <trkpt lat="51.56742" lon="4.78635">
        <name>X</name>
      </trkpt>
      <trkpt lat="51.56744" lon="4.7857">
        <name>X</name>
      </trkpt>
      <trkpt lat="51.56746" lon="4.78553">
        <name>X</name>
      </trkpt>
      <trkpt lat="51.5677" lon="4.78472">
        <name>X</name>
      </trkpt>
      <trkpt lat="51.56779" lon="4.78455">
        <name>X</name>
      </trkpt>
      <trkpt lat="51.56789" lon="4.78444">
        <name>X</name>
      </trkpt>
      <trkpt lat="51.56796" lon="4.78437">
        <name>X</name>
      </trkpt>
      <trkpt lat="51.56824" lon="4.7842">
        <name>X</name>
      </trkpt>
      <trkpt lat="51.56843" lon="4.78414">
        <name>X</name>
      </trkpt>
      <trkpt lat="51.56864" lon="4.78412">
        <name>X</name>
      </trkpt>
      <trkpt lat="51.56888" lon="4.78414">
        <name>X</name>
      </trkpt>
      <trkpt lat="51.56954" lon="4.7844">
        <name>X</name>
      </trkpt>
      <trkpt lat="51.56965" lon="4.78442">
        <name>X</name>
      </trkpt>
      <trkpt lat="51.56965" lon="4.78442">
        <name>X</name>
      </trkpt>
      <trkpt lat="51.56982" lon="4.78437">
        <name>X</name>
      </trkpt>
      <trkpt lat="51.5706" lon="4.78384">
        <name>X</name>
      </trkpt>
      <trkpt lat="51.57081" lon="4.78377">
        <name>X</name>
      </trkpt>
      <trkpt lat="51.57184" lon="4.78364">
        <name>X</name>
      </trkpt>
      <trkpt lat="51.57201" lon="4.7836">
        <name>X</name>
      </trkpt>
      <trkpt lat="51.57294" lon="4.78324">
        <name>X</name>
      </trkpt>
      <trkpt lat="51.573" lon="4.78322">
        <name>X</name>
      </trkpt>
      <trkpt lat="51.5733" lon="4.78319">
        <name>X</name>
      </trkpt>
      <trkpt lat="51.57334" lon="4.78319">
        <name>X</name>
      </trkpt>
      <trkpt lat="51.57339" lon="4.78326">
        <name>X</name>
      </trkpt>
      <trkpt lat="51.57343" lon="4.78337">
        <name>X</name>
      </trkpt>
      <trkpt lat="51.57356" lon="4.78334">
        <name>X</name>
      </trkpt>
      <trkpt lat="51.57371" lon="4.78334">
        <name>X</name>
      </trkpt>
      <trkpt lat="51.5736" lon="4.78298">
        <name>X</name>
      </trkpt>
      <trkpt lat="51.57328" lon="4.78203">
        <name>X</name>
      </trkpt>
      <trkpt lat="51.573" lon="4.78141">
        <name>X</name>
      </trkpt>
      <trkpt lat="51.57268" lon="4.78051">
        <name>X</name>
      </trkpt>
      <trkpt lat="51.57236" lon="4.77938">
        <name>X</name>
      </trkpt>
      <trkpt lat="51.57214" lon="4.7785">
        <name>X</name>
      </trkpt>
      <trkpt lat="51.57201" lon="4.77759">
        <name>X</name>
      </trkpt>
      <trkpt lat="51.57201" lon="4.77749">
        <name>X</name>
      </trkpt>
      <trkpt lat="51.57146" lon="4.7774">
        <name>X</name>
      </trkpt>
      <trkpt lat="51.57137" lon="4.77738">
        <name>X</name>
      </trkpt>
      <trkpt lat="51.57019" lon="4.77671">
        <name>X</name>
      </trkpt>
      <trkpt lat="51.56991" lon="4.77665">
        <name>X</name>
      </trkpt>
      <trkpt lat="51.56927" lon="4.77663">
        <name>X</name>
      </trkpt>
      <trkpt lat="51.56918" lon="4.77663">
        <name>X</name>
      </trkpt>
      <trkpt lat="51.56918" lon="4.77663">
        <name>X</name>
      </trkpt>
      <trkpt lat="51.56869" lon="4.77671">
        <name>X</name>
      </trkpt>
      <trkpt lat="51.56843" lon="4.77671">
        <name>X</name>
      </trkpt>
      <trkpt lat="51.56826" lon="4.77671">
        <name>X</name>
      </trkpt>
      <trkpt lat="51.56776" lon="4.77661">
        <name>X</name>
      </trkpt>
      <trkpt lat="51.56768" lon="4.77658">
        <name>X</name>
      </trkpt>
      <trkpt lat="51.56725" lon="4.77639">
        <name>X</name>
      </trkpt>
      <trkpt lat="51.5671" lon="4.77631">
        <name>X</name>
      </trkpt>
      <trkpt lat="51.56684" lon="4.77573">
        <name>X</name>
      </trkpt>
      <trkpt lat="51.56678" lon="4.7756">
        <name>X</name>
      </trkpt>
      <trkpt lat="51.56678" lon="4.7756">
        <name>X</name>
      </trkpt>
      <trkpt lat="51.56671" lon="4.7756">
        <name>X</name>
      </trkpt>
      <trkpt lat="51.56667" lon="4.77553">
        <name>X</name>
      </trkpt>
      <trkpt lat="51.56656" lon="4.77551">
        <name>X</name>
      </trkpt>
      <trkpt lat="51.56635" lon="4.77508">
        <name>X</name>
      </trkpt>
      <trkpt lat="51.56605" lon="4.77457">
        <name>X</name>
      </trkpt>
      <trkpt lat="51.5647" lon="4.77232">
        <name>X</name>
      </trkpt>
      <trkpt lat="51.56444" lon="4.77189">
        <name>X</name>
      </trkpt>
      <trkpt lat="51.56442" lon="4.77178">
        <name>X</name>
      </trkpt>
      <trkpt lat="51.5644" lon="4.77068">
        <name>X</name>
      </trkpt>
      <trkpt lat="51.56437" lon="4.76562">
        <name>X</name>
      </trkpt>
      <trkpt lat="51.56433" lon="4.7648">
        <name>X</name>
      </trkpt>
      <trkpt lat="51.56382" lon="4.76238">
        <name>X</name>
      </trkpt>
      <trkpt lat="51.5633" lon="4.75998">
        <name>X</name>
      </trkpt>
      <trkpt lat="51.56257" lon="4.75884">
        <name>X</name>
      </trkpt>
      <trkpt lat="51.56214" lon="4.75813">
        <name>X</name>
      </trkpt>
      <trkpt lat="51.56276" lon="4.7573">
        <name>X</name>
      </trkpt>
      <trkpt lat="51.56287" lon="4.75716">
        <name>X</name>
      </trkpt>
      <trkpt lat="51.56287" lon="4.75716">
        <name>X</name>
      </trkpt>
      <trkpt lat="51.563" lon="4.75746">
        <name>X</name>
      </trkpt>
      <trkpt lat="51.56282" lon="4.75774">
        <name>X</name>
      </trkpt>
      <trkpt lat="51.56281" lon="4.7582">
        <name>X</name>
      </trkpt>
      <trkpt lat="51.56281" lon="4.7582">
        <name>X</name>
      </trkpt>
      <trkpt lat="51.56295" lon="4.75859">
        <name>X</name>
      </trkpt>
      <trkpt lat="51.56295" lon="4.75859">
        <name>X</name>
      </trkpt>
      <trkpt lat="51.56323" lon="4.7587">
        <name>X</name>
      </trkpt>
      <trkpt lat="51.56339" lon="4.75864">
        <name>X</name>
      </trkpt>
      <trkpt lat="51.56406" lon="4.75776">
        <name>X</name>
      </trkpt>
      <trkpt lat="51.56406" lon="4.75776">
        <name>X</name>
      </trkpt>
      <trkpt lat="51.56413" lon="4.75737">
        <name>X</name>
      </trkpt>
      <trkpt lat="51.5641" lon="4.75705">
        <name>X</name>
      </trkpt>
      <trkpt lat="51.56388" lon="4.75676">
        <name>X</name>
      </trkpt>
      <trkpt lat="51.56369" lon="4.75671">
        <name>X</name>
      </trkpt>
      <trkpt lat="51.56354" lon="4.75677">
        <name>X</name>
      </trkpt>
      <trkpt lat="51.56306" lon="4.75738">
        <name>X</name>
      </trkpt>
      <trkpt lat="51.56292" lon="4.75709">
        <name>X</name>
      </trkpt>
      <trkpt lat="51.56463" lon="4.75487">
        <name>X</name>
      </trkpt>
      <trkpt lat="51.5648" lon="4.75465">
        <name>X</name>
      </trkpt>
      <trkpt lat="51.56489" lon="4.75448">
        <name>X</name>
      </trkpt>
      <trkpt lat="51.56498" lon="4.75429">
        <name>X</name>
      </trkpt>
      <trkpt lat="51.56502" lon="4.7541">
        <name>X</name>
      </trkpt>
      <trkpt lat="51.56504" lon="4.75393">
        <name>X</name>
      </trkpt>
      <trkpt lat="51.56504" lon="4.75358">
        <name>X</name>
      </trkpt>
      <trkpt lat="51.56502" lon="4.75324">
        <name>X</name>
      </trkpt>
      <trkpt lat="51.56491" lon="4.753">
        <name>X</name>
      </trkpt>
      <trkpt lat="51.56482" lon="4.75283">
        <name>X</name>
      </trkpt>
      <trkpt lat="51.56467" lon="4.75257">
        <name>X</name>
      </trkpt>
      <trkpt lat="51.56424" lon="4.75204">
        <name>X</name>
      </trkpt>
      <trkpt lat="51.56424" lon="4.75204">
        <name>X</name>
      </trkpt>
      <trkpt lat="51.56388" lon="4.75161">
        <name>X</name>
      </trkpt>
      <trkpt lat="51.56356" lon="4.75131">
        <name>X</name>
      </trkpt>
      <trkpt lat="51.56315" lon="4.7509">
        <name>X</name>
      </trkpt>
      <trkpt lat="51.56311" lon="4.75079">
        <name>X</name>
      </trkpt>
      <trkpt lat="51.56285" lon="4.74998">
        <name>X</name>
      </trkpt>
      <trkpt lat="51.56287" lon="4.74974">
        <name>X</name>
      </trkpt>
      <trkpt lat="51.56289" lon="4.7497">
        <name>X</name>
      </trkpt>
      <trkpt lat="51.56611" lon="4.74611">
        <name>X</name>
      </trkpt>
      <trkpt lat="51.56637" lon="4.74579">
        <name>X</name>
      </trkpt>
      <trkpt lat="51.56697" lon="4.74541">
        <name>X</name>
      </trkpt>
      <trkpt lat="51.56721" lon="4.74526">
        <name>X</name>
      </trkpt>
      <trkpt lat="51.56725" lon="4.74517">
        <name>X</name>
      </trkpt>
      <trkpt lat="51.56731" lon="4.74509">
        <name>X</name>
      </trkpt>
      <trkpt lat="51.56727" lon="4.74491">
        <name>X</name>
      </trkpt>
      <trkpt lat="51.56684" lon="4.74348">
        <name>X</name>
      </trkpt>
      <trkpt lat="51.56708" lon="4.74328">
        <name>X</name>
      </trkpt>
      <trkpt lat="51.56727" lon="4.74313">
        <name>X</name>
      </trkpt>
      <trkpt lat="51.56779" lon="4.74307">
        <name>X</name>
      </trkpt>
      <trkpt lat="51.5689" lon="4.74315">
        <name>X</name>
      </trkpt>
      <trkpt lat="51.56901" lon="4.7433">
        <name>X</name>
      </trkpt>
      <trkpt lat="51.56905" lon="4.74333">
        <name>X</name>
      </trkpt>
      <trkpt lat="51.56912" lon="4.74333">
        <name>X</name>
      </trkpt>
      <trkpt lat="51.56916" lon="4.7433">
        <name>X</name>
      </trkpt>
      <trkpt lat="51.56924" lon="4.74322">
        <name>X</name>
      </trkpt>
      <trkpt lat="51.56927" lon="4.74318">
        <name>X</name>
      </trkpt>
      <trkpt lat="51.56946" lon="4.7432">
        <name>X</name>
      </trkpt>
      <trkpt lat="51.56965" lon="4.74324">
        <name>X</name>
      </trkpt>
      <trkpt lat="51.57025" lon="4.74318">
        <name>X</name>
      </trkpt>
      <trkpt lat="51.5704" lon="4.74315">
        <name>X</name>
      </trkpt>
      <trkpt lat="51.5727" lon="4.74333">
        <name>X</name>
      </trkpt>
      <trkpt lat="51.57332" lon="4.74339">
        <name>X</name>
      </trkpt>
      <trkpt lat="51.57349" lon="4.74348">
        <name>X</name>
      </trkpt>
      <trkpt lat="51.5736" lon="4.74358">
        <name>X</name>
      </trkpt>
      <trkpt lat="51.57386" lon="4.74401">
        <name>X</name>
      </trkpt>
      <trkpt lat="51.57388" lon="4.7441">
        <name>X</name>
      </trkpt>
      <trkpt lat="51.57405" lon="4.74393">
        <name>X</name>
      </trkpt>
      <trkpt lat="51.57422" lon="4.74373">
        <name>X</name>
      </trkpt>
      <trkpt lat="51.57435" lon="4.74356">
        <name>X</name>
      </trkpt>
      <trkpt lat="51.57446" lon="4.74339">
        <name>X</name>
      </trkpt>
      <trkpt lat="51.57648" lon="4.74088">
        <name>X</name>
      </trkpt>
      <trkpt lat="51.57669" lon="4.74056">
        <name>X</name>
      </trkpt>
      <trkpt lat="51.57684" lon="4.74019">
        <name>X</name>
      </trkpt>
      <trkpt lat="51.57688" lon="4.74011">
        <name>X</name>
      </trkpt>
      <trkpt lat="51.5771" lon="4.73931">
        <name>X</name>
      </trkpt>
      <trkpt lat="51.5771" lon="4.73921">
        <name>X</name>
      </trkpt>
      <trkpt lat="51.57726" lon="4.73916">
        <name>X</name>
      </trkpt>
      <trkpt lat="51.57733" lon="4.73914">
        <name>X</name>
      </trkpt>
      <trkpt lat="51.57731" lon="4.73906">
        <name>X</name>
      </trkpt>
      <trkpt lat="51.57731" lon="4.73882">
        <name>X</name>
      </trkpt>
      <trkpt lat="51.57733" lon="4.73734">
        <name>X</name>
      </trkpt>
      <trkpt lat="51.57736" lon="4.73704">
        <name>X</name>
      </trkpt>
      <trkpt lat="51.57733" lon="4.73682">
        <name>X</name>
      </trkpt>
      <trkpt lat="51.57733" lon="4.73674">
        <name>X</name>
      </trkpt>
      <trkpt lat="51.57817" lon="4.73118">
        <name>X</name>
      </trkpt>
      <trkpt lat="51.5783" lon="4.73034">
        <name>X</name>
      </trkpt>
      <trkpt lat="51.57826" lon="4.72805">
        <name>X</name>
      </trkpt>
      <trkpt lat="51.57826" lon="4.72798">
        <name>X</name>
      </trkpt>
      <trkpt lat="51.57806" lon="4.72517">
        <name>X</name>
      </trkpt>
      <trkpt lat="51.578" lon="4.72283">
        <name>X</name>
      </trkpt>
      <trkpt lat="51.57798" lon="4.72112">
        <name>X</name>
      </trkpt>
      <trkpt lat="51.57798" lon="4.72052">
        <name>X</name>
      </trkpt>
      <trkpt lat="51.578" lon="4.71871">
        <name>X</name>
      </trkpt>
      <trkpt lat="51.57808" lon="4.71807">
        <name>X</name>
      </trkpt>
      <trkpt lat="51.57798" lon="4.71796">
        <name>X</name>
      </trkpt>
      <trkpt lat="51.57796" lon="4.7179">
        <name>X</name>
      </trkpt>
      <trkpt lat="51.57778" lon="4.71698">
        <name>X</name>
      </trkpt>
      <trkpt lat="51.57768" lon="4.71663">
        <name>X</name>
      </trkpt>
      <trkpt lat="51.57566" lon="4.71103">
        <name>X</name>
      </trkpt>
      <trkpt lat="51.57517" lon="4.70938">
        <name>X</name>
      </trkpt>
      <trkpt lat="51.57491" lon="4.70835">
        <name>X</name>
      </trkpt>
      <trkpt lat="51.57472" lon="4.70745">
        <name>X</name>
      </trkpt>
      <trkpt lat="51.57472" lon="4.70745">
        <name>X</name>
      </trkpt>
      <trkpt lat="51.57437" lon="4.70558">
        <name>X</name>
      </trkpt>
      <trkpt lat="51.57427" lon="4.70479">
        <name>X</name>
      </trkpt>
      <trkpt lat="51.57409" lon="4.7032">
        <name>X</name>
      </trkpt>
      <trkpt lat="51.57409" lon="4.7032">
        <name>X</name>
      </trkpt>
      <trkpt lat="51.57399" lon="4.70178">
        <name>X</name>
      </trkpt>
      <trkpt lat="51.57397" lon="4.70048">
        <name>X</name>
      </trkpt>
      <trkpt lat="51.57397" lon="4.6979">
        <name>X</name>
      </trkpt>
      <trkpt lat="51.5739" lon="4.69721">
        <name>X</name>
      </trkpt>
      <trkpt lat="51.57384" lon="4.6958">
        <name>X</name>
      </trkpt>
      <trkpt lat="51.57384" lon="4.69502">
        <name>X</name>
      </trkpt>
      <trkpt lat="51.57384" lon="4.6947">
        <name>X</name>
      </trkpt>
      <trkpt lat="51.57397" lon="4.69226">
        <name>X</name>
      </trkpt>
      <trkpt lat="51.57397" lon="4.69153">
        <name>X</name>
      </trkpt>
      <trkpt lat="51.5739" lon="4.69127">
        <name>X</name>
      </trkpt>
      <trkpt lat="51.57384" lon="4.69118">
        <name>X</name>
      </trkpt>
      <trkpt lat="51.57384" lon="4.69118">
        <name>X</name>
      </trkpt>
      <trkpt lat="51.5739" lon="4.69108">
        <name>X</name>
      </trkpt>
      <trkpt lat="51.57392" lon="4.69097">
        <name>X</name>
      </trkpt>
      <trkpt lat="51.57375" lon="4.68859">
        <name>X</name>
      </trkpt>
      <trkpt lat="51.573" lon="4.68262">
        <name>X</name>
      </trkpt>
      <trkpt lat="51.57257" lon="4.67921">
        <name>X</name>
      </trkpt>
      <trkpt lat="51.57315" lon="4.67889">
        <name>X</name>
      </trkpt>
      <trkpt lat="51.57322" lon="4.6788">
        <name>X</name>
      </trkpt>
      <trkpt lat="51.57319" lon="4.6784">
        <name>X</name>
      </trkpt>
      <trkpt lat="51.57319" lon="4.67825">
        <name>X</name>
      </trkpt>
      <trkpt lat="51.57324" lon="4.67758">
        <name>X</name>
      </trkpt>
      <trkpt lat="51.57322" lon="4.67719">
        <name>X</name>
      </trkpt>
      <trkpt lat="51.573" lon="4.6752">
        <name>X</name>
      </trkpt>
      <trkpt lat="51.57294" lon="4.6747">
        <name>X</name>
      </trkpt>
      <trkpt lat="51.57287" lon="4.67438">
        <name>X</name>
      </trkpt>
      <trkpt lat="51.57261" lon="4.67297">
        <name>X</name>
      </trkpt>
      <trkpt lat="51.57261" lon="4.67297">
        <name>X</name>
      </trkpt>
      <trkpt lat="51.57229" lon="4.67159">
        <name>X</name>
      </trkpt>
      <trkpt lat="51.57188" lon="4.67007">
        <name>X</name>
      </trkpt>
      <trkpt lat="51.57163" lon="4.6693">
        <name>X</name>
      </trkpt>
      <trkpt lat="51.57163" lon="4.6693">
        <name>X</name>
      </trkpt>
      <trkpt lat="51.57124" lon="4.66837">
        <name>X</name>
      </trkpt>
      <trkpt lat="51.57124" lon="4.66837">
        <name>X</name>
      </trkpt>
      <trkpt lat="51.57055" lon="4.66706">
        <name>X</name>
      </trkpt>
      <trkpt lat="51.56982" lon="4.6658">
        <name>X</name>
      </trkpt>
      <trkpt lat="51.56976" lon="4.66567">
        <name>X</name>
      </trkpt>
      <trkpt lat="51.56982" lon="4.66558">
        <name>X</name>
      </trkpt>
      <trkpt lat="51.56991" lon="4.66554">
        <name>X</name>
      </trkpt>
      <trkpt lat="51.57079" lon="4.66518">
        <name>X</name>
      </trkpt>
      <trkpt lat="51.57085" lon="4.6652">
        <name>X</name>
      </trkpt>
      <trkpt lat="51.57092" lon="4.66526">
        <name>X</name>
      </trkpt>
      <trkpt lat="51.57146" lon="4.66636">
        <name>X</name>
      </trkpt>
      <trkpt lat="51.57214" lon="4.66837">
        <name>X</name>
      </trkpt>
      <trkpt lat="51.57221" lon="4.6685">
        <name>X</name>
      </trkpt>
      <trkpt lat="51.57234" lon="4.66855">
        <name>X</name>
      </trkpt>
      <trkpt lat="51.57274" lon="4.66844">
        <name>X</name>
      </trkpt>
      <trkpt lat="51.57274" lon="4.66844">
        <name>X</name>
      </trkpt>
      <trkpt lat="51.57272" lon="4.66816">
        <name>X</name>
      </trkpt>
      <trkpt lat="51.57276" lon="4.66807">
        <name>X</name>
      </trkpt>
      <trkpt lat="51.57278" lon="4.66799">
        <name>X</name>
      </trkpt>
      <trkpt lat="51.57259" lon="4.66597">
        <name>X</name>
      </trkpt>
      <trkpt lat="51.57255" lon="4.66552">
        <name>X</name>
      </trkpt>
      <trkpt lat="51.57255" lon="4.66552">
        <name>X</name>
      </trkpt>
      <trkpt lat="51.57244" lon="4.66456">
        <name>X</name>
      </trkpt>
      <trkpt lat="51.57236" lon="4.6641">
        <name>X</name>
      </trkpt>
      <trkpt lat="51.57231" lon="4.66393">
        <name>X</name>
      </trkpt>
      <trkpt lat="51.57203" lon="4.66101">
        <name>X</name>
      </trkpt>
      <trkpt lat="51.57193" lon="4.65986">
        <name>X</name>
      </trkpt>
      <trkpt lat="51.57193" lon="4.65986">
        <name>X</name>
      </trkpt>
      <trkpt lat="51.57193" lon="4.6597">
        <name>X</name>
      </trkpt>
      <trkpt lat="51.57199" lon="4.65953">
        <name>X</name>
      </trkpt>
      <trkpt lat="51.57201" lon="4.65945">
        <name>X</name>
      </trkpt>
      <trkpt lat="51.57199" lon="4.65908">
        <name>X</name>
      </trkpt>
      <trkpt lat="51.57199" lon="4.65895">
        <name>X</name>
      </trkpt>
      <trkpt lat="51.57195" lon="4.65878">
        <name>X</name>
      </trkpt>
      <trkpt lat="51.57184" lon="4.65844">
        <name>X</name>
      </trkpt>
      <trkpt lat="51.57165" lon="4.65655">
        <name>X</name>
      </trkpt>
      <trkpt lat="51.57158" lon="4.65571">
        <name>X</name>
      </trkpt>
      <trkpt lat="51.5715" lon="4.65503">
        <name>X</name>
      </trkpt>
      <trkpt lat="51.57143" lon="4.65458">
        <name>X</name>
      </trkpt>
      <trkpt lat="51.57128" lon="4.65365">
        <name>X</name>
      </trkpt>
      <trkpt lat="51.57122" lon="4.65329">
        <name>X</name>
      </trkpt>
      <trkpt lat="51.57094" lon="4.65194">
        <name>X</name>
      </trkpt>
      <trkpt lat="51.5709" lon="4.65166">
        <name>X</name>
      </trkpt>
      <trkpt lat="51.57075" lon="4.65022">
        <name>X</name>
      </trkpt>
      <trkpt lat="51.5707" lon="4.64981">
        <name>X</name>
      </trkpt>
      <trkpt lat="51.5707" lon="4.64968">
        <name>X</name>
      </trkpt>
      <trkpt lat="51.57075" lon="4.64926">
        <name>X</name>
      </trkpt>
      <trkpt lat="51.57079" lon="4.64904">
        <name>X</name>
      </trkpt>
      <trkpt lat="51.57079" lon="4.64889">
        <name>X</name>
      </trkpt>
      <trkpt lat="51.57075" lon="4.64853">
        <name>X</name>
      </trkpt>
      <trkpt lat="51.57055" lon="4.64857">
        <name>X</name>
      </trkpt>
      <trkpt lat="51.57049" lon="4.64752">
        <name>X</name>
      </trkpt>
      <trkpt lat="51.57036" lon="4.64619">
        <name>X</name>
      </trkpt>
      <trkpt lat="51.57034" lon="4.64507">
        <name>X</name>
      </trkpt>
      <trkpt lat="51.57032" lon="4.64438">
        <name>X</name>
      </trkpt>
      <trkpt lat="51.57045" lon="4.63975">
        <name>X</name>
      </trkpt>
      <trkpt lat="51.57045" lon="4.63964">
        <name>X</name>
      </trkpt>
      <trkpt lat="51.57167" lon="4.63967">
        <name>X</name>
      </trkpt>
      <trkpt lat="51.57176" lon="4.63966">
        <name>X</name>
      </trkpt>
      <trkpt lat="51.57176" lon="4.63958">
        <name>X</name>
      </trkpt>
      <trkpt lat="51.57173" lon="4.63951">
        <name>X</name>
      </trkpt>
      <trkpt lat="51.57176" lon="4.63947">
        <name>X</name>
      </trkpt>
      <trkpt lat="51.57176" lon="4.63928">
        <name>X</name>
      </trkpt>
      <trkpt lat="51.57171" lon="4.63917">
        <name>X</name>
      </trkpt>
      <trkpt lat="51.57148" lon="4.63906">
        <name>X</name>
      </trkpt>
      <trkpt lat="51.57148" lon="4.63906">
        <name>X</name>
      </trkpt>
      <trkpt lat="51.57137" lon="4.63883">
        <name>X</name>
      </trkpt>
      <trkpt lat="51.57137" lon="4.63883">
        <name>X</name>
      </trkpt>
      <trkpt lat="51.57137" lon="4.63861">
        <name>X</name>
      </trkpt>
      <trkpt lat="51.5713" lon="4.63848">
        <name>X</name>
      </trkpt>
      <trkpt lat="51.57122" lon="4.63827">
        <name>X</name>
      </trkpt>
      <trkpt lat="51.57128" lon="4.63814">
        <name>X</name>
      </trkpt>
      <trkpt lat="51.5713" lon="4.63803">
        <name>X</name>
      </trkpt>
      <trkpt lat="51.57137" lon="4.63773">
        <name>X</name>
      </trkpt>
      <trkpt lat="51.57139" lon="4.63756">
        <name>X</name>
      </trkpt>
      <trkpt lat="51.57128" lon="4.63754">
        <name>X</name>
      </trkpt>
      <trkpt lat="51.5712" lon="4.63752">
        <name>X</name>
      </trkpt>
      <trkpt lat="51.5712" lon="4.63752">
        <name>X</name>
      </trkpt>
      <trkpt lat="51.57098" lon="4.63741">
        <name>X</name>
      </trkpt>
      <trkpt lat="51.57094" lon="4.63735">
        <name>X</name>
      </trkpt>
      <trkpt lat="51.57092" lon="4.63728">
        <name>X</name>
      </trkpt>
      <trkpt lat="51.5704" lon="4.63782">
        <name>X</name>
      </trkpt>
      <trkpt lat="51.57021" lon="4.63805">
        <name>X</name>
      </trkpt>
      <trkpt lat="51.56991" lon="4.6369">
        <name>X</name>
      </trkpt>
      <trkpt lat="51.5697" lon="4.63617">
        <name>X</name>
      </trkpt>
      <trkpt lat="51.5697" lon="4.63617">
        <name>X</name>
      </trkpt>
      <trkpt lat="51.56961" lon="4.63617">
        <name>X</name>
      </trkpt>
      <trkpt lat="51.56959" lon="4.6361">
        <name>X</name>
      </trkpt>
      <trkpt lat="51.56946" lon="4.63569">
        <name>X</name>
      </trkpt>
      <trkpt lat="51.56879" lon="4.63542">
        <name>X</name>
      </trkpt>
      <trkpt lat="51.56867" lon="4.63527">
        <name>X</name>
      </trkpt>
      <trkpt lat="51.56811" lon="4.63531">
        <name>X</name>
      </trkpt>
      <trkpt lat="51.56774" lon="4.63535">
        <name>X</name>
      </trkpt>
      <trkpt lat="51.56731" lon="4.63548">
        <name>X</name>
      </trkpt>
      <trkpt lat="51.56723" lon="4.63552">
        <name>X</name>
      </trkpt>
      <trkpt lat="51.56712" lon="4.63544">
        <name>X</name>
      </trkpt>
      <trkpt lat="51.56701" lon="4.63548">
        <name>X</name>
      </trkpt>
      <trkpt lat="51.5668" lon="4.63563">
        <name>X</name>
      </trkpt>
      <trkpt lat="51.56652" lon="4.63589">
        <name>X</name>
      </trkpt>
      <trkpt lat="51.56609" lon="4.63649">
        <name>X</name>
      </trkpt>
      <trkpt lat="51.56592" lon="4.63675">
        <name>X</name>
      </trkpt>
      <trkpt lat="51.56444" lon="4.63934">
        <name>X</name>
      </trkpt>
      <trkpt lat="51.56427" lon="4.63964">
        <name>X</name>
      </trkpt>
      <trkpt lat="51.56388" lon="4.64048">
        <name>X</name>
      </trkpt>
      <trkpt lat="51.56367" lon="4.64095">
        <name>X</name>
      </trkpt>
      <trkpt lat="51.563" lon="4.64226">
        <name>X</name>
      </trkpt>
      <trkpt lat="51.56296" lon="4.64243">
        <name>X</name>
      </trkpt>
      <trkpt lat="51.56244" lon="4.64325">
        <name>X</name>
      </trkpt>
      <trkpt lat="51.5624" lon="4.64331">
        <name>X</name>
      </trkpt>
      <trkpt lat="51.56229" lon="4.64363">
        <name>X</name>
      </trkpt>
      <trkpt lat="51.56227" lon="4.64383">
        <name>X</name>
      </trkpt>
      <trkpt lat="51.56201" lon="4.64389">
        <name>X</name>
      </trkpt>
      <trkpt lat="51.56176" lon="4.64432">
        <name>X</name>
      </trkpt>
      <trkpt lat="51.56116" lon="4.64333">
        <name>X</name>
      </trkpt>
      <trkpt lat="51.56028" lon="4.64187">
        <name>X</name>
      </trkpt>
      <trkpt lat="51.55946" lon="4.64305">
        <name>X</name>
      </trkpt>
      <trkpt lat="51.55942" lon="4.64307">
        <name>X</name>
      </trkpt>
      <trkpt lat="51.55942" lon="4.64307">
        <name>X</name>
      </trkpt>
      <trkpt lat="51.55935" lon="4.64305">
        <name>X</name>
      </trkpt>
      <trkpt lat="51.55888" lon="4.64217">
        <name>X</name>
      </trkpt>
      <trkpt lat="51.55858" lon="4.64162">
        <name>X</name>
      </trkpt>
      <trkpt lat="51.55858" lon="4.64162">
        <name>X</name>
      </trkpt>
      <trkpt lat="51.55843" lon="4.64147">
        <name>X</name>
      </trkpt>
      <trkpt lat="51.55787" lon="4.64121">
        <name>X</name>
      </trkpt>
      <trkpt lat="51.55774" lon="4.64108">
        <name>X</name>
      </trkpt>
      <trkpt lat="51.55716" lon="4.63956">
        <name>X</name>
      </trkpt>
      <trkpt lat="51.55686" lon="4.63876">
        <name>X</name>
      </trkpt>
      <trkpt lat="51.55644" lon="4.63771">
        <name>X</name>
      </trkpt>
      <trkpt lat="51.55639" lon="4.63758">
        <name>X</name>
      </trkpt>
      <trkpt lat="51.55603" lon="4.63702">
        <name>X</name>
      </trkpt>
      <trkpt lat="51.55596" lon="4.63694">
        <name>X</name>
      </trkpt>
      <trkpt lat="51.5557" lon="4.63623">
        <name>X</name>
      </trkpt>
      <trkpt lat="51.55566" lon="4.63608">
        <name>X</name>
      </trkpt>
      <trkpt lat="51.55558" lon="4.63556">
        <name>X</name>
      </trkpt>
      <trkpt lat="51.55558" lon="4.63533">
        <name>X</name>
      </trkpt>
      <trkpt lat="51.5556" lon="4.63527">
        <name>X</name>
      </trkpt>
      <trkpt lat="51.55568" lon="4.63509">
        <name>X</name>
      </trkpt>
      <trkpt lat="51.55581" lon="4.63496">
        <name>X</name>
      </trkpt>
      <trkpt lat="51.55622" lon="4.63462">
        <name>X</name>
      </trkpt>
      <trkpt lat="51.55543" lon="4.63209">
        <name>X</name>
      </trkpt>
      <trkpt lat="51.55513" lon="4.63119">
        <name>X</name>
      </trkpt>
      <trkpt lat="51.555" lon="4.63067">
        <name>X</name>
      </trkpt>
      <trkpt lat="51.55498" lon="4.63061">
        <name>X</name>
      </trkpt>
      <trkpt lat="51.55498" lon="4.63061">
        <name>X</name>
      </trkpt>
      <trkpt lat="51.5548" lon="4.63067">
        <name>X</name>
      </trkpt>
      <trkpt lat="51.5548" lon="4.63067">
        <name>X</name>
      </trkpt>
      <trkpt lat="51.55446" lon="4.63091">
        <name>X</name>
      </trkpt>
      <trkpt lat="51.55433" lon="4.63104">
        <name>X</name>
      </trkpt>
      <trkpt lat="51.55418" lon="4.63121">
        <name>X</name>
      </trkpt>
      <trkpt lat="51.55386" lon="4.63177">
        <name>X</name>
      </trkpt>
      <trkpt lat="51.55362" lon="4.6322">
        <name>X</name>
      </trkpt>
      <trkpt lat="51.5533" lon="4.63269">
        <name>X</name>
      </trkpt>
      <trkpt lat="51.55317" lon="4.63284">
        <name>X</name>
      </trkpt>
      <trkpt lat="51.55276" lon="4.63323">
        <name>X</name>
      </trkpt>
      <trkpt lat="51.55262" lon="4.63336">
        <name>X</name>
      </trkpt>
      <trkpt lat="51.55246" lon="4.63346">
        <name>X</name>
      </trkpt>
      <trkpt lat="51.55234" lon="4.63357">
        <name>X</name>
      </trkpt>
      <trkpt lat="51.55197" lon="4.63378">
        <name>X</name>
      </trkpt>
      <trkpt lat="51.55174" lon="4.634">
        <name>X</name>
      </trkpt>
      <trkpt lat="51.5509" lon="4.63505">
        <name>X</name>
      </trkpt>
      <trkpt lat="51.55017" lon="4.63597">
        <name>X</name>
      </trkpt>
      <trkpt lat="51.5482" lon="4.63857">
        <name>X</name>
      </trkpt>
      <trkpt lat="51.54813" lon="4.63863">
        <name>X</name>
      </trkpt>
      <trkpt lat="51.54644" lon="4.63702">
        <name>X</name>
      </trkpt>
      <trkpt lat="51.54609" lon="4.63664">
        <name>X</name>
      </trkpt>
      <trkpt lat="51.54609" lon="4.63664">
        <name>X</name>
      </trkpt>
      <trkpt lat="51.54566" lon="4.63595">
        <name>X</name>
      </trkpt>
      <trkpt lat="51.54547" lon="4.63556">
        <name>X</name>
      </trkpt>
      <trkpt lat="51.5453" lon="4.63516">
        <name>X</name>
      </trkpt>
      <trkpt lat="51.54397" lon="4.63168">
        <name>X</name>
      </trkpt>
      <trkpt lat="51.54365" lon="4.63084">
        <name>X</name>
      </trkpt>
      <trkpt lat="51.54015" lon="4.62153">
        <name>X</name>
      </trkpt>
      <trkpt lat="51.54008" lon="4.6213">
        <name>X</name>
      </trkpt>
      <trkpt lat="51.54008" lon="4.6213">
        <name>X</name>
      </trkpt>
      <trkpt lat="51.54" lon="4.6199">
        <name>X</name>
      </trkpt>
      <trkpt lat="51.53985" lon="4.61874">
        <name>X</name>
      </trkpt>
      <trkpt lat="51.5395" lon="4.61649">
        <name>X</name>
      </trkpt>
      <trkpt lat="51.5395" lon="4.61649">
        <name>X</name>
      </trkpt>
      <trkpt lat="51.53948" lon="4.61591">
        <name>X</name>
      </trkpt>
      <trkpt lat="51.53961" lon="4.61443">
        <name>X</name>
      </trkpt>
      <trkpt lat="51.53963" lon="4.61422">
        <name>X</name>
      </trkpt>
      <trkpt lat="51.53972" lon="4.61355">
        <name>X</name>
      </trkpt>
      <trkpt lat="51.5397" lon="4.61346">
        <name>X</name>
      </trkpt>
      <trkpt lat="51.53974" lon="4.61338">
        <name>X</name>
      </trkpt>
      <trkpt lat="51.53974" lon="4.61331">
        <name>X</name>
      </trkpt>
      <trkpt lat="51.53972" lon="4.61323">
        <name>X</name>
      </trkpt>
      <trkpt lat="51.5397" lon="4.61318">
        <name>X</name>
      </trkpt>
      <trkpt lat="51.53966" lon="4.61316">
        <name>X</name>
      </trkpt>
      <trkpt lat="51.53961" lon="4.61318">
        <name>X</name>
      </trkpt>
      <trkpt lat="51.53959" lon="4.61254">
        <name>X</name>
      </trkpt>
      <trkpt lat="51.5395" lon="4.61093">
        <name>X</name>
      </trkpt>
      <trkpt lat="51.5395" lon="4.61093">
        <name>X</name>
      </trkpt>
      <trkpt lat="51.53946" lon="4.61057">
        <name>X</name>
      </trkpt>
      <trkpt lat="51.53935" lon="4.61007">
        <name>X</name>
      </trkpt>
      <trkpt lat="51.53923" lon="4.60954">
        <name>X</name>
      </trkpt>
      <trkpt lat="51.53918" lon="4.60922">
        <name>X</name>
      </trkpt>
      <trkpt lat="51.53916" lon="4.609">
        <name>X</name>
      </trkpt>
      <trkpt lat="51.5392" lon="4.6078">
        <name>X</name>
      </trkpt>
      <trkpt lat="51.53918" lon="4.60761">
        <name>X</name>
      </trkpt>
      <trkpt lat="51.53918" lon="4.60761">
        <name>X</name>
      </trkpt>
      <trkpt lat="51.53903" lon="4.60653">
        <name>X</name>
      </trkpt>
      <trkpt lat="51.5385" lon="4.60411">
        <name>X</name>
      </trkpt>
      <trkpt lat="51.53841" lon="4.60372">
        <name>X</name>
      </trkpt>
      <trkpt lat="51.53835" lon="4.6028">
        <name>X</name>
      </trkpt>
      <trkpt lat="51.5383" lon="4.60228">
        <name>X</name>
      </trkpt>
      <trkpt lat="51.53824" lon="4.6005">
        <name>X</name>
      </trkpt>
      <trkpt lat="51.53822" lon="4.60005">
        <name>X</name>
      </trkpt>
      <trkpt lat="51.53817" lon="4.59975">
        <name>X</name>
      </trkpt>
      <trkpt lat="51.53815" lon="4.59958">
        <name>X</name>
      </trkpt>
      <trkpt lat="51.53778" lon="4.59857">
        <name>X</name>
      </trkpt>
      <trkpt lat="51.53734" lon="4.59737">
        <name>X</name>
      </trkpt>
      <trkpt lat="51.53684" lon="4.59516">
        <name>X</name>
      </trkpt>
      <trkpt lat="51.53684" lon="4.59505">
        <name>X</name>
      </trkpt>
      <trkpt lat="51.53678" lon="4.59484">
        <name>X</name>
      </trkpt>
      <trkpt lat="51.53674" lon="4.59477">
        <name>X</name>
      </trkpt>
      <trkpt lat="51.53674" lon="4.59477">
        <name>X</name>
      </trkpt>
      <trkpt lat="51.53674" lon="4.59471">
        <name>X</name>
      </trkpt>
      <trkpt lat="51.53678" lon="4.59462">
        <name>X</name>
      </trkpt>
      <trkpt lat="51.53684" lon="4.59454">
        <name>X</name>
      </trkpt>
      <trkpt lat="51.53742" lon="4.59407">
        <name>X</name>
      </trkpt>
      <trkpt lat="51.53753" lon="4.594">
        <name>X</name>
      </trkpt>
      <trkpt lat="51.53845" lon="4.59379">
        <name>X</name>
      </trkpt>
      <trkpt lat="51.53927" lon="4.59364">
        <name>X</name>
      </trkpt>
      <trkpt lat="51.53968" lon="4.59362">
        <name>X</name>
      </trkpt>
      <trkpt lat="51.54023" lon="4.59357">
        <name>X</name>
      </trkpt>
      <trkpt lat="51.54126" lon="4.59329">
        <name>X</name>
      </trkpt>
      <trkpt lat="51.54176" lon="4.59316">
        <name>X</name>
      </trkpt>
      <trkpt lat="51.54182" lon="4.59316">
        <name>X</name>
      </trkpt>
      <trkpt lat="51.54186" lon="4.59319">
        <name>X</name>
      </trkpt>
      <trkpt lat="51.54189" lon="4.59323">
        <name>X</name>
      </trkpt>
      <trkpt lat="51.54195" lon="4.59329">
        <name>X</name>
      </trkpt>
      <trkpt lat="51.54202" lon="4.59331">
        <name>X</name>
      </trkpt>
      <trkpt lat="51.54208" lon="4.59331">
        <name>X</name>
      </trkpt>
      <trkpt lat="51.54208" lon="4.59331">
        <name>X</name>
      </trkpt>
      <trkpt lat="51.54214" lon="4.59327">
        <name>X</name>
      </trkpt>
      <trkpt lat="51.54227" lon="4.59306">
        <name>X</name>
      </trkpt>
      <trkpt lat="51.54238" lon="4.59291">
        <name>X</name>
      </trkpt>
      <trkpt lat="51.54373" lon="4.59254">
        <name>X</name>
      </trkpt>
      <trkpt lat="51.5445" lon="4.59233">
        <name>X</name>
      </trkpt>
      <trkpt lat="51.54568" lon="4.59192">
        <name>X</name>
      </trkpt>
      <trkpt lat="51.54588" lon="4.59186">
        <name>X</name>
      </trkpt>
      <trkpt lat="51.54633" lon="4.59179">
        <name>X</name>
      </trkpt>
      <trkpt lat="51.54654" lon="4.59175">
        <name>X</name>
      </trkpt>
      <trkpt lat="51.54654" lon="4.59134">
        <name>X</name>
      </trkpt>
      <trkpt lat="51.5465" lon="4.59119">
        <name>X</name>
      </trkpt>
      <trkpt lat="51.5465" lon="4.59119">
        <name>X</name>
      </trkpt>
      <trkpt lat="51.54667" lon="4.59106">
        <name>X</name>
      </trkpt>
      <trkpt lat="51.54686" lon="4.59031">
        <name>X</name>
      </trkpt>
      <trkpt lat="51.54714" lon="4.58932">
        <name>X</name>
      </trkpt>
      <trkpt lat="51.54725" lon="4.58904">
        <name>X</name>
      </trkpt>
      <trkpt lat="51.54732" lon="4.5889">
        <name>X</name>
      </trkpt>
      <trkpt lat="51.54746" lon="4.5887">
        <name>X</name>
      </trkpt>
      <trkpt lat="51.54762" lon="4.58853">
        <name>X</name>
      </trkpt>
      <trkpt lat="51.54794" lon="4.58829">
        <name>X</name>
      </trkpt>
      <trkpt lat="51.54828" lon="4.58804">
        <name>X</name>
      </trkpt>
      <trkpt lat="51.54864" lon="4.58763">
        <name>X</name>
      </trkpt>
      <trkpt lat="51.5486" lon="4.58741">
        <name>X</name>
      </trkpt>
      <trkpt lat="51.55026" lon="4.58653">
        <name>X</name>
      </trkpt>
      <trkpt lat="51.5503" lon="4.58651">
        <name>X</name>
      </trkpt>
      <trkpt lat="51.5503" lon="4.58651">
        <name>X</name>
      </trkpt>
      <trkpt lat="51.55034" lon="4.58668">
        <name>X</name>
      </trkpt>
      <trkpt lat="51.55038" lon="4.58666">
        <name>X</name>
      </trkpt>
      <trkpt lat="51.55043" lon="4.58664">
        <name>X</name>
      </trkpt>
      <trkpt lat="51.55043" lon="4.58664">
        <name>X</name>
      </trkpt>
      <trkpt lat="51.55043" lon="4.58647">
        <name>X</name>
      </trkpt>
      <trkpt lat="51.5506" lon="4.58638">
        <name>X</name>
      </trkpt>
      <trkpt lat="51.5507" lon="4.58626">
        <name>X</name>
      </trkpt>
      <trkpt lat="51.55152" lon="4.58583">
        <name>X</name>
      </trkpt>
      <trkpt lat="51.55214" lon="4.58553">
        <name>X</name>
      </trkpt>
      <trkpt lat="51.5535" lon="4.58465">
        <name>X</name>
      </trkpt>
      <trkpt lat="51.55382" lon="4.58445">
        <name>X</name>
      </trkpt>
      <trkpt lat="51.55407" lon="4.58441">
        <name>X</name>
      </trkpt>
      <trkpt lat="51.55459" lon="4.58441">
        <name>X</name>
      </trkpt>
      <trkpt lat="51.55472" lon="4.58448">
        <name>X</name>
      </trkpt>
      <trkpt lat="51.55478" lon="4.58448">
        <name>X</name>
      </trkpt>
      <trkpt lat="51.55478" lon="4.58448">
        <name>X</name>
      </trkpt>
      <trkpt lat="51.55495" lon="4.58445">
        <name>X</name>
      </trkpt>
      <trkpt lat="51.55534" lon="4.58426">
        <name>X</name>
      </trkpt>
      <trkpt lat="51.5554" lon="4.58428">
        <name>X</name>
      </trkpt>
      <trkpt lat="51.55547" lon="4.58422">
        <name>X</name>
      </trkpt>
      <trkpt lat="51.55549" lon="4.58417">
        <name>X</name>
      </trkpt>
      <trkpt lat="51.55551" lon="4.584">
        <name>X</name>
      </trkpt>
      <trkpt lat="51.55553" lon="4.58396">
        <name>X</name>
      </trkpt>
      <trkpt lat="51.55577" lon="4.58377">
        <name>X</name>
      </trkpt>
      <trkpt lat="51.55616" lon="4.58353">
        <name>X</name>
      </trkpt>
      <trkpt lat="51.55729" lon="4.58297">
        <name>X</name>
      </trkpt>
      <trkpt lat="51.55764" lon="4.58284">
        <name>X</name>
      </trkpt>
      <trkpt lat="51.55809" lon="4.58252">
        <name>X</name>
      </trkpt>
      <trkpt lat="51.55854" lon="4.58222">
        <name>X</name>
      </trkpt>
      <trkpt lat="51.5591" lon="4.58194">
        <name>X</name>
      </trkpt>
      <trkpt lat="51.5594" lon="4.58186">
        <name>X</name>
      </trkpt>
      <trkpt lat="51.56004" lon="4.58153">
        <name>X</name>
      </trkpt>
      <trkpt lat="51.56015" lon="4.58149">
        <name>X</name>
      </trkpt>
      <trkpt lat="51.56015" lon="4.58149">
        <name>X</name>
      </trkpt>
      <trkpt lat="51.56032" lon="4.58145">
        <name>X</name>
      </trkpt>
      <trkpt lat="51.56081" lon="4.58143">
        <name>X</name>
      </trkpt>
      <trkpt lat="51.56137" lon="4.58141">
        <name>X</name>
      </trkpt>
      <trkpt lat="51.5621" lon="4.58164">
        <name>X</name>
      </trkpt>
      <trkpt lat="51.56236" lon="4.58173">
        <name>X</name>
      </trkpt>
      <trkpt lat="51.56266" lon="4.5819">
        <name>X</name>
      </trkpt>
      <trkpt lat="51.56272" lon="4.58192">
        <name>X</name>
      </trkpt>
      <trkpt lat="51.56272" lon="4.5822">
        <name>X</name>
      </trkpt>
      <trkpt lat="51.56276" lon="4.58314">
        <name>X</name>
      </trkpt>
      <trkpt lat="51.56289" lon="4.5846">
        <name>X</name>
      </trkpt>
      <trkpt lat="51.56294" lon="4.58482">
        <name>X</name>
      </trkpt>
      <trkpt lat="51.56347" lon="4.58679">
        <name>X</name>
      </trkpt>
      <trkpt lat="51.5636" lon="4.58724">
        <name>X</name>
      </trkpt>
      <trkpt lat="51.5636" lon="4.58724">
        <name>X</name>
      </trkpt>
      <trkpt lat="51.56377" lon="4.58772">
        <name>X</name>
      </trkpt>
      <trkpt lat="51.56377" lon="4.58772">
        <name>X</name>
      </trkpt>
      <trkpt lat="51.56401" lon="4.58814">
        <name>X</name>
      </trkpt>
      <trkpt lat="51.56422" lon="4.5887">
        <name>X</name>
      </trkpt>
      <trkpt lat="51.56424" lon="4.58881">
        <name>X</name>
      </trkpt>
      <trkpt lat="51.56424" lon="4.58881">
        <name>X</name>
      </trkpt>
      <trkpt lat="51.56461" lon="4.58868">
        <name>X</name>
      </trkpt>
      <trkpt lat="51.56532" lon="4.58875">
        <name>X</name>
      </trkpt>
      <trkpt lat="51.56536" lon="4.58875">
        <name>X</name>
      </trkpt>
      <trkpt lat="51.5659" lon="4.58896">
        <name>X</name>
      </trkpt>
      <trkpt lat="51.5665" lon="4.58924">
        <name>X</name>
      </trkpt>
      <trkpt lat="51.56768" lon="4.58954">
        <name>X</name>
      </trkpt>
      <trkpt lat="51.56826" lon="4.58967">
        <name>X</name>
      </trkpt>
      <trkpt lat="51.57008" lon="4.58975">
        <name>X</name>
      </trkpt>
      <trkpt lat="51.57042" lon="4.58982">
        <name>X</name>
      </trkpt>
      <trkpt lat="51.57221" lon="4.59065">
        <name>X</name>
      </trkpt>
      <trkpt lat="51.573" lon="4.59104">
        <name>X</name>
      </trkpt>
      <trkpt lat="51.57334" lon="4.59115">
        <name>X</name>
      </trkpt>
      <trkpt lat="51.57352" lon="4.59117">
        <name>X</name>
      </trkpt>
      <trkpt lat="51.57384" lon="4.59117">
        <name>X</name>
      </trkpt>
      <trkpt lat="51.57397" lon="4.59117">
        <name>X</name>
      </trkpt>
      <trkpt lat="51.5742" lon="4.59113">
        <name>X</name>
      </trkpt>
      <trkpt lat="51.57433" lon="4.59108">
        <name>X</name>
      </trkpt>
      <trkpt lat="51.57454" lon="4.59098">
        <name>X</name>
      </trkpt>
      <trkpt lat="51.57461" lon="4.59093">
        <name>X</name>
      </trkpt>
      <trkpt lat="51.57461" lon="4.59093">
        <name>X</name>
      </trkpt>
      <trkpt lat="51.57506" lon="4.59055">
        <name>X</name>
      </trkpt>
      <trkpt lat="51.57564" lon="4.59014">
        <name>X</name>
      </trkpt>
      <trkpt lat="51.57583" lon="4.59007">
        <name>X</name>
      </trkpt>
      <trkpt lat="51.57583" lon="4.59007">
        <name>X</name>
      </trkpt>
      <trkpt lat="51.5766" lon="4.59001">
        <name>X</name>
      </trkpt>
      <trkpt lat="51.5768" lon="4.58992">
        <name>X</name>
      </trkpt>
      <trkpt lat="51.57688" lon="4.5898">
        <name>X</name>
      </trkpt>
      <trkpt lat="51.57703" lon="4.5899">
        <name>X</name>
      </trkpt>
      <trkpt lat="51.57712" lon="4.58992">
        <name>X</name>
      </trkpt>
      <trkpt lat="51.5774" lon="4.58986">
        <name>X</name>
      </trkpt>
      <trkpt lat="51.57755" lon="4.58984">
        <name>X</name>
      </trkpt>
      <trkpt lat="51.57755" lon="4.58984">
        <name>X</name>
      </trkpt>
      <trkpt lat="51.57768" lon="4.58984">
        <name>X</name>
      </trkpt>
      <trkpt lat="51.57778" lon="4.58992">
        <name>X</name>
      </trkpt>
      <trkpt lat="51.57785" lon="4.59005">
        <name>X</name>
      </trkpt>
      <trkpt lat="51.57785" lon="4.59005">
        <name>X</name>
      </trkpt>
      <trkpt lat="51.57796" lon="4.58995">
        <name>X</name>
      </trkpt>
      <trkpt lat="51.57815" lon="4.58988">
        <name>X</name>
      </trkpt>
      <trkpt lat="51.57826" lon="4.58982">
        <name>X</name>
      </trkpt>
      <trkpt lat="51.57826" lon="4.58982">
        <name>X</name>
      </trkpt>
      <trkpt lat="51.57905" lon="4.5895">
        <name>X</name>
      </trkpt>
      <trkpt lat="51.57939" lon="4.58941">
        <name>X</name>
      </trkpt>
      <trkpt lat="51.57946" lon="4.58941">
        <name>X</name>
      </trkpt>
      <trkpt lat="51.5797" lon="4.58875">
        <name>X</name>
      </trkpt>
      <trkpt lat="51.57982" lon="4.58838">
        <name>X</name>
      </trkpt>
      <trkpt lat="51.58014" lon="4.58778">
        <name>X</name>
      </trkpt>
      <trkpt lat="51.58019" lon="4.58769">
        <name>X</name>
      </trkpt>
      <trkpt lat="51.58032" lon="4.58761">
        <name>X</name>
      </trkpt>
      <trkpt lat="51.58036" lon="4.58756">
        <name>X</name>
      </trkpt>
      <trkpt lat="51.5807" lon="4.58716">
        <name>X</name>
      </trkpt>
      <trkpt lat="51.58079" lon="4.58705">
        <name>X</name>
      </trkpt>
      <trkpt lat="51.58206" lon="4.58362">
        <name>X</name>
      </trkpt>
      <trkpt lat="51.5821" lon="4.58349">
        <name>X</name>
      </trkpt>
      <trkpt lat="51.58231" lon="4.58317">
        <name>X</name>
      </trkpt>
      <trkpt lat="51.58238" lon="4.58306">
        <name>X</name>
      </trkpt>
      <trkpt lat="51.58218" lon="4.58259">
        <name>X</name>
      </trkpt>
      <trkpt lat="51.58199" lon="4.58222">
        <name>X</name>
      </trkpt>
      <trkpt lat="51.58143" lon="4.5813">
        <name>X</name>
      </trkpt>
      <trkpt lat="51.58133" lon="4.58113">
        <name>X</name>
      </trkpt>
      <trkpt lat="51.58002" lon="4.57982">
        <name>X</name>
      </trkpt>
      <trkpt lat="51.57978" lon="4.57958">
        <name>X</name>
      </trkpt>
      <trkpt lat="51.57957" lon="4.5793">
        <name>X</name>
      </trkpt>
      <trkpt lat="51.57948" lon="4.57924">
        <name>X</name>
      </trkpt>
      <trkpt lat="51.57948" lon="4.57924">
        <name>X</name>
      </trkpt>
      <trkpt lat="51.5795" lon="4.57915">
        <name>X</name>
      </trkpt>
      <trkpt lat="51.5795" lon="4.57915">
        <name>X</name>
      </trkpt>
      <trkpt lat="51.57948" lon="4.57907">
        <name>X</name>
      </trkpt>
      <trkpt lat="51.57944" lon="4.57902">
        <name>X</name>
      </trkpt>
      <trkpt lat="51.57939" lon="4.579">
        <name>X</name>
      </trkpt>
      <trkpt lat="51.57939" lon="4.579">
        <name>X</name>
      </trkpt>
      <trkpt lat="51.57942" lon="4.57883">
        <name>X</name>
      </trkpt>
      <trkpt lat="51.57939" lon="4.57834">
        <name>X</name>
      </trkpt>
      <trkpt lat="51.57939" lon="4.57827">
        <name>X</name>
      </trkpt>
      <trkpt lat="51.57957" lon="4.576">
        <name>X</name>
      </trkpt>
      <trkpt lat="51.57957" lon="4.57591">
        <name>X</name>
      </trkpt>
      <trkpt lat="51.57959" lon="4.57585">
        <name>X</name>
      </trkpt>
      <trkpt lat="51.57961" lon="4.57578">
        <name>X</name>
      </trkpt>
      <trkpt lat="51.57963" lon="4.57548">
        <name>X</name>
      </trkpt>
      <trkpt lat="51.57967" lon="4.57506">
        <name>X</name>
      </trkpt>
      <trkpt lat="51.57972" lon="4.57482">
        <name>X</name>
      </trkpt>
      <trkpt lat="51.57991" lon="4.57392">
        <name>X</name>
      </trkpt>
      <trkpt lat="51.58025" lon="4.57254">
        <name>X</name>
      </trkpt>
      <trkpt lat="51.58027" lon="4.57237">
        <name>X</name>
      </trkpt>
      <trkpt lat="51.58025" lon="4.57226">
        <name>X</name>
      </trkpt>
      <trkpt lat="51.58045" lon="4.57014">
        <name>X</name>
      </trkpt>
      <trkpt lat="51.58032" lon="4.56905">
        <name>X</name>
      </trkpt>
      <trkpt lat="51.58027" lon="4.56834">
        <name>X</name>
      </trkpt>
      <trkpt lat="51.58042" lon="4.566">
        <name>X</name>
      </trkpt>
      <trkpt lat="51.58042" lon="4.56583">
        <name>X</name>
      </trkpt>
      <trkpt lat="51.58038" lon="4.56561">
        <name>X</name>
      </trkpt>
      <trkpt lat="51.58034" lon="4.56546">
        <name>X</name>
      </trkpt>
      <trkpt lat="51.57884" lon="4.56529">
        <name>X</name>
      </trkpt>
      <trkpt lat="51.57862" lon="4.56525">
        <name>X</name>
      </trkpt>
      <trkpt lat="51.57821" lon="4.56501">
        <name>X</name>
      </trkpt>
      <trkpt lat="51.57808" lon="4.56488">
        <name>X</name>
      </trkpt>
      <trkpt lat="51.57808" lon="4.56488">
        <name>X</name>
      </trkpt>
      <trkpt lat="51.57796" lon="4.56469">
        <name>X</name>
      </trkpt>
      <trkpt lat="51.5774" lon="4.56362">
        <name>X</name>
      </trkpt>
      <trkpt lat="51.5768" lon="4.56227">
        <name>X</name>
      </trkpt>
      <trkpt lat="51.5762" lon="4.56145">
        <name>X</name>
      </trkpt>
      <trkpt lat="51.57579" lon="4.56094">
        <name>X</name>
      </trkpt>
      <trkpt lat="51.57579" lon="4.56094">
        <name>X</name>
      </trkpt>
      <trkpt lat="51.57607" lon="4.55999">
        <name>X</name>
      </trkpt>
      <trkpt lat="51.57633" lon="4.5589">
        <name>X</name>
      </trkpt>
      <trkpt lat="51.57635" lon="4.55862">
        <name>X</name>
      </trkpt>
      <trkpt lat="51.57635" lon="4.55862">
        <name>X</name>
      </trkpt>
      <trkpt lat="51.57633" lon="4.5584">
        <name>X</name>
      </trkpt>
      <trkpt lat="51.57605" lon="4.55731">
        <name>X</name>
      </trkpt>
      <trkpt lat="51.57572" lon="4.556">
        <name>X</name>
      </trkpt>
      <trkpt lat="51.57572" lon="4.556">
        <name>X</name>
      </trkpt>
      <trkpt lat="51.57566" lon="4.55555">
        <name>X</name>
      </trkpt>
      <trkpt lat="51.57566" lon="4.55531">
        <name>X</name>
      </trkpt>
      <trkpt lat="51.57555" lon="4.55446">
        <name>X</name>
      </trkpt>
      <trkpt lat="51.57547" lon="4.55304">
        <name>X</name>
      </trkpt>
      <trkpt lat="51.57532" lon="4.55171">
        <name>X</name>
      </trkpt>
      <trkpt lat="51.57523" lon="4.54997">
        <name>X</name>
      </trkpt>
      <trkpt lat="51.57519" lon="4.54907">
        <name>X</name>
      </trkpt>
      <trkpt lat="51.57519" lon="4.54907">
        <name>X</name>
      </trkpt>
      <trkpt lat="51.57521" lon="4.54875">
        <name>X</name>
      </trkpt>
      <trkpt lat="51.57521" lon="4.54875">
        <name>X</name>
      </trkpt>
      <trkpt lat="51.57525" lon="4.54858">
        <name>X</name>
      </trkpt>
      <trkpt lat="51.57544" lon="4.54699">
        <name>X</name>
      </trkpt>
      <trkpt lat="51.57562" lon="4.54546">
        <name>X</name>
      </trkpt>
      <trkpt lat="51.57545" lon="4.54544">
        <name>X</name>
      </trkpt>
      <trkpt lat="51.57493" lon="4.54546">
        <name>X</name>
      </trkpt>
      <trkpt lat="51.5744" lon="4.54541">
        <name>X</name>
      </trkpt>
      <trkpt lat="51.57405" lon="4.54538">
        <name>X</name>
      </trkpt>
      <trkpt lat="51.57405" lon="4.54538">
        <name>X</name>
      </trkpt>
      <trkpt lat="51.57375" lon="4.54538">
        <name>X</name>
      </trkpt>
      <trkpt lat="51.57366" lon="4.54544">
        <name>X</name>
      </trkpt>
      <trkpt lat="51.57362" lon="4.54531">
        <name>X</name>
      </trkpt>
      <trkpt lat="51.57405" lon="4.54461">
        <name>X</name>
      </trkpt>
      <trkpt lat="51.5742" lon="4.54424">
        <name>X</name>
      </trkpt>
      <trkpt lat="51.57439" lon="4.54358">
        <name>X</name>
      </trkpt>
      <trkpt lat="51.5748" lon="4.54197">
        <name>X</name>
      </trkpt>
      <trkpt lat="51.57519" lon="4.54066">
        <name>X</name>
      </trkpt>
      <trkpt lat="51.57549" lon="4.53958">
        <name>X</name>
      </trkpt>
      <trkpt lat="51.57551" lon="4.53946">
        <name>X</name>
      </trkpt>
      <trkpt lat="51.57551" lon="4.53862">
        <name>X</name>
      </trkpt>
      <trkpt lat="51.57551" lon="4.53862">
        <name>X</name>
      </trkpt>
      <trkpt lat="51.57545" lon="4.53755">
        <name>X</name>
      </trkpt>
      <trkpt lat="51.57545" lon="4.53755">
        <name>X</name>
      </trkpt>
      <trkpt lat="51.57542" lon="4.53742">
        <name>X</name>
      </trkpt>
      <trkpt lat="51.57536" lon="4.53733">
        <name>X</name>
      </trkpt>
      <trkpt lat="51.5753" lon="4.5372">
        <name>X</name>
      </trkpt>
      <trkpt lat="51.5753" lon="4.5372">
        <name>X</name>
      </trkpt>
      <trkpt lat="51.57562" lon="4.53613">
        <name>X</name>
      </trkpt>
      <trkpt lat="51.57575" lon="4.53555">
        <name>X</name>
      </trkpt>
      <trkpt lat="51.57581" lon="4.53534">
        <name>X</name>
      </trkpt>
      <trkpt lat="51.57624" lon="4.53328">
        <name>X</name>
      </trkpt>
      <trkpt lat="51.57641" lon="4.53246">
        <name>X</name>
      </trkpt>
      <trkpt lat="51.57652" lon="4.5322">
        <name>X</name>
      </trkpt>
      <trkpt lat="51.57667" lon="4.53177">
        <name>X</name>
      </trkpt>
      <trkpt lat="51.5777" lon="4.53062">
        <name>X</name>
      </trkpt>
      <trkpt lat="51.57896" lon="4.5292">
        <name>X</name>
      </trkpt>
      <trkpt lat="51.58032" lon="4.52832">
        <name>X</name>
      </trkpt>
      <trkpt lat="51.58053" lon="4.52813">
        <name>X</name>
      </trkpt>
      <trkpt lat="51.58053" lon="4.52813">
        <name>X</name>
      </trkpt>
      <trkpt lat="51.5809" lon="4.52789">
        <name>X</name>
      </trkpt>
      <trkpt lat="51.58118" lon="4.52776">
        <name>X</name>
      </trkpt>
      <trkpt lat="51.58184" lon="4.52731">
        <name>X</name>
      </trkpt>
      <trkpt lat="51.58188" lon="4.52725">
        <name>X</name>
      </trkpt>
      <trkpt lat="51.58195" lon="4.52703">
        <name>X</name>
      </trkpt>
      <trkpt lat="51.58199" lon="4.52699">
        <name>X</name>
      </trkpt>
      <trkpt lat="51.5822" lon="4.52684">
        <name>X</name>
      </trkpt>
      <trkpt lat="51.5822" lon="4.52684">
        <name>X</name>
      </trkpt>
      <trkpt lat="51.58227" lon="4.52684">
        <name>X</name>
      </trkpt>
      <trkpt lat="51.58231" lon="4.5269">
        <name>X</name>
      </trkpt>
      <trkpt lat="51.58236" lon="4.52718">
        <name>X</name>
      </trkpt>
      <trkpt lat="51.5827" lon="4.52718">
        <name>X</name>
      </trkpt>
      <trkpt lat="51.58274" lon="4.52722">
        <name>X</name>
      </trkpt>
      <trkpt lat="51.58274" lon="4.52722">
        <name>X</name>
      </trkpt>
      <trkpt lat="51.58306" lon="4.52712">
        <name>X</name>
      </trkpt>
      <trkpt lat="51.58351" lon="4.52703">
        <name>X</name>
      </trkpt>
      <trkpt lat="51.58382" lon="4.52699">
        <name>X</name>
      </trkpt>
      <trkpt lat="51.58409" lon="4.52684">
        <name>X</name>
      </trkpt>
      <trkpt lat="51.58437" lon="4.52658">
        <name>X</name>
      </trkpt>
      <trkpt lat="51.58487" lon="4.52787">
        <name>X</name>
      </trkpt>
      <trkpt lat="51.58532" lon="4.52871">
        <name>X</name>
      </trkpt>
      <trkpt lat="51.58532" lon="4.52871">
        <name>X</name>
      </trkpt>
      <trkpt lat="51.58624" lon="4.53032">
        <name>X</name>
      </trkpt>
      <trkpt lat="51.58789" lon="4.53298">
        <name>X</name>
      </trkpt>
      <trkpt lat="51.588" lon="4.53319">
        <name>X</name>
      </trkpt>
      <trkpt lat="51.58806" lon="4.53323">
        <name>X</name>
      </trkpt>
      <trkpt lat="51.58811" lon="4.53323">
        <name>X</name>
      </trkpt>
      <trkpt lat="51.58816" lon="4.5332">
        <name>X</name>
      </trkpt>
      <trkpt lat="51.58838" lon="4.53306">
        <name>X</name>
      </trkpt>
      <trkpt lat="51.5886" lon="4.53304">
        <name>X</name>
      </trkpt>
      <trkpt lat="51.58871" lon="4.53306">
        <name>X</name>
      </trkpt>
      <trkpt lat="51.58877" lon="4.5324">
        <name>X</name>
      </trkpt>
      <trkpt lat="51.58879" lon="4.53216">
        <name>X</name>
      </trkpt>
      <trkpt lat="51.58879" lon="4.53171">
        <name>X</name>
      </trkpt>
      <trkpt lat="51.58875" lon="4.53025">
        <name>X</name>
      </trkpt>
      <trkpt lat="51.58877" lon="4.52787">
        <name>X</name>
      </trkpt>
      <trkpt lat="51.58879" lon="4.52731">
        <name>X</name>
      </trkpt>
      <trkpt lat="51.58877" lon="4.52622">
        <name>X</name>
      </trkpt>
      <trkpt lat="51.58879" lon="4.52562">
        <name>X</name>
      </trkpt>
      <trkpt lat="51.58912" lon="4.52375">
        <name>X</name>
      </trkpt>
      <trkpt lat="51.5892" lon="4.52336">
        <name>X</name>
      </trkpt>
      <trkpt lat="51.58933" lon="4.52285">
        <name>X</name>
      </trkpt>
      <trkpt lat="51.58942" lon="4.52268">
        <name>X</name>
      </trkpt>
      <trkpt lat="51.59019" lon="4.51907">
        <name>X</name>
      </trkpt>
      <trkpt lat="51.59025" lon="4.51873">
        <name>X</name>
      </trkpt>
      <trkpt lat="51.5903" lon="4.51868">
        <name>X</name>
      </trkpt>
      <trkpt lat="51.59036" lon="4.51858">
        <name>X</name>
      </trkpt>
      <trkpt lat="51.59038" lon="4.51845">
        <name>X</name>
      </trkpt>
      <trkpt lat="51.59038" lon="4.51832">
        <name>X</name>
      </trkpt>
      <trkpt lat="51.59032" lon="4.51819">
        <name>X</name>
      </trkpt>
      <trkpt lat="51.59027" lon="4.51815">
        <name>X</name>
      </trkpt>
      <trkpt lat="51.59008" lon="4.51605">
        <name>X</name>
      </trkpt>
      <trkpt lat="51.58969" lon="4.51238">
        <name>X</name>
      </trkpt>
      <trkpt lat="51.58965" lon="4.51169">
        <name>X</name>
      </trkpt>
      <trkpt lat="51.58963" lon="4.51145">
        <name>X</name>
      </trkpt>
      <trkpt lat="51.58963" lon="4.51081">
        <name>X</name>
      </trkpt>
      <trkpt lat="51.58963" lon="4.50888">
        <name>X</name>
      </trkpt>
      <trkpt lat="51.58956" lon="4.50821">
        <name>X</name>
      </trkpt>
      <trkpt lat="51.58956" lon="4.50806">
        <name>X</name>
      </trkpt>
      <trkpt lat="51.58956" lon="4.50806">
        <name>X</name>
      </trkpt>
      <trkpt lat="51.58954" lon="4.50791">
        <name>X</name>
      </trkpt>
      <trkpt lat="51.58939" lon="4.50746">
        <name>X</name>
      </trkpt>
      <trkpt lat="51.58909" lon="4.50626">
        <name>X</name>
      </trkpt>
      <trkpt lat="51.58886" lon="4.50512">
        <name>X</name>
      </trkpt>
      <trkpt lat="51.58875" lon="4.5047">
        <name>X</name>
      </trkpt>
      <trkpt lat="51.58862" lon="4.50424">
        <name>X</name>
      </trkpt>
      <trkpt lat="51.58811" lon="4.50227">
        <name>X</name>
      </trkpt>
      <trkpt lat="51.588" lon="4.50199">
        <name>X</name>
      </trkpt>
      <trkpt lat="51.58796" lon="4.50178">
        <name>X</name>
      </trkpt>
      <trkpt lat="51.58761" lon="4.50096">
        <name>X</name>
      </trkpt>
      <trkpt lat="51.58667" lon="4.49877">
        <name>X</name>
      </trkpt>
      <trkpt lat="51.58667" lon="4.49877">
        <name>X</name>
      </trkpt>
      <trkpt lat="51.58652" lon="4.49845">
        <name>X</name>
      </trkpt>
      <trkpt lat="51.58639" lon="4.49828">
        <name>X</name>
      </trkpt>
      <trkpt lat="51.5863" lon="4.49817">
        <name>X</name>
      </trkpt>
      <trkpt lat="51.5862" lon="4.49809">
        <name>X</name>
      </trkpt>
      <trkpt lat="51.58555" lon="4.49751">
        <name>X</name>
      </trkpt>
      <trkpt lat="51.58538" lon="4.49731">
        <name>X</name>
      </trkpt>
      <trkpt lat="51.5853" lon="4.49721">
        <name>X</name>
      </trkpt>
      <trkpt lat="51.58487" lon="4.49654">
        <name>X</name>
      </trkpt>
      <trkpt lat="51.58482" lon="4.49646">
        <name>X</name>
      </trkpt>
      <trkpt lat="51.58469" lon="4.49594">
        <name>X</name>
      </trkpt>
      <trkpt lat="51.58467" lon="4.49579">
        <name>X</name>
      </trkpt>
      <trkpt lat="51.58467" lon="4.49534">
        <name>X</name>
      </trkpt>
      <trkpt lat="51.5848" lon="4.49444">
        <name>X</name>
      </trkpt>
      <trkpt lat="51.58517" lon="4.49272">
        <name>X</name>
      </trkpt>
      <trkpt lat="51.58523" lon="4.49236">
        <name>X</name>
      </trkpt>
      <trkpt lat="51.58534" lon="4.49188">
        <name>X</name>
      </trkpt>
      <trkpt lat="51.5854" lon="4.49174">
        <name>X</name>
      </trkpt>
      <trkpt lat="51.58542" lon="4.49156">
        <name>X</name>
      </trkpt>
      <trkpt lat="51.58542" lon="4.49126">
        <name>X</name>
      </trkpt>
      <trkpt lat="51.58557" lon="4.49066">
        <name>X</name>
      </trkpt>
      <trkpt lat="51.5856" lon="4.4906">
        <name>X</name>
      </trkpt>
      <trkpt lat="51.58572" lon="4.4906">
        <name>X</name>
      </trkpt>
      <trkpt lat="51.58579" lon="4.49051">
        <name>X</name>
      </trkpt>
      <trkpt lat="51.58585" lon="4.49019">
        <name>X</name>
      </trkpt>
      <trkpt lat="51.58588" lon="4.49012">
        <name>X</name>
      </trkpt>
      <trkpt lat="51.58588" lon="4.49012">
        <name>X</name>
      </trkpt>
      <trkpt lat="51.58588" lon="4.49006">
        <name>X</name>
      </trkpt>
      <trkpt lat="51.58577" lon="4.48991">
        <name>X</name>
      </trkpt>
      <trkpt lat="51.58577" lon="4.48974">
        <name>X</name>
      </trkpt>
      <trkpt lat="51.58577" lon="4.48974">
        <name>X</name>
      </trkpt>
      <trkpt lat="51.58583" lon="4.48942">
        <name>X</name>
      </trkpt>
      <trkpt lat="51.5859" lon="4.48882">
        <name>X</name>
      </trkpt>
      <trkpt lat="51.5859" lon="4.48819">
        <name>X</name>
      </trkpt>
      <trkpt lat="51.58585" lon="4.48779">
        <name>X</name>
      </trkpt>
      <trkpt lat="51.58579" lon="4.4874">
        <name>X</name>
      </trkpt>
      <trkpt lat="51.5845" lon="4.48264">
        <name>X</name>
      </trkpt>
      <trkpt lat="51.58405" lon="4.48101">
        <name>X</name>
      </trkpt>
      <trkpt lat="51.5839" lon="4.48036">
        <name>X</name>
      </trkpt>
      <trkpt lat="51.58375" lon="4.47933">
        <name>X</name>
      </trkpt>
      <trkpt lat="51.58375" lon="4.47933">
        <name>X</name>
      </trkpt>
      <trkpt lat="51.58358" lon="4.47768">
        <name>X</name>
      </trkpt>
      <trkpt lat="51.58358" lon="4.47768">
        <name>X</name>
      </trkpt>
      <trkpt lat="51.58356" lon="4.47712">
        <name>X</name>
      </trkpt>
      <trkpt lat="51.58358" lon="4.47704">
        <name>X</name>
      </trkpt>
      <trkpt lat="51.58358" lon="4.47693">
        <name>X</name>
      </trkpt>
      <trkpt lat="51.58356" lon="4.4768">
        <name>X</name>
      </trkpt>
      <trkpt lat="51.58356" lon="4.47671">
        <name>X</name>
      </trkpt>
      <trkpt lat="51.58351" lon="4.47663">
        <name>X</name>
      </trkpt>
      <trkpt lat="51.58349" lon="4.47592">
        <name>X</name>
      </trkpt>
      <trkpt lat="51.58351" lon="4.47416">
        <name>X</name>
      </trkpt>
      <trkpt lat="51.58354" lon="4.47217">
        <name>X</name>
      </trkpt>
      <trkpt lat="51.58358" lon="4.47081">
        <name>X</name>
      </trkpt>
      <trkpt lat="51.5836" lon="4.46998">
        <name>X</name>
      </trkpt>
      <trkpt lat="51.5836" lon="4.46998">
        <name>X</name>
      </trkpt>
      <trkpt lat="51.5836" lon="4.46935">
        <name>X</name>
      </trkpt>
      <trkpt lat="51.58356" lon="4.4686">
        <name>X</name>
      </trkpt>
      <trkpt lat="51.58358" lon="4.46847">
        <name>X</name>
      </trkpt>
      <trkpt lat="51.58356" lon="4.46841">
        <name>X</name>
      </trkpt>
      <trkpt lat="51.58356" lon="4.46835">
        <name>X</name>
      </trkpt>
      <trkpt lat="51.58362" lon="4.46813">
        <name>X</name>
      </trkpt>
      <trkpt lat="51.58364" lon="4.46802">
        <name>X</name>
      </trkpt>
      <trkpt lat="51.58366" lon="4.46772">
        <name>X</name>
      </trkpt>
      <trkpt lat="51.58366" lon="4.46738">
        <name>X</name>
      </trkpt>
      <trkpt lat="51.58347" lon="4.46541">
        <name>X</name>
      </trkpt>
      <trkpt lat="51.58332" lon="4.46438">
        <name>X</name>
      </trkpt>
      <trkpt lat="51.58332" lon="4.46438">
        <name>X</name>
      </trkpt>
      <trkpt lat="51.58347" lon="4.46436">
        <name>X</name>
      </trkpt>
      <trkpt lat="51.58347" lon="4.46436">
        <name>X</name>
      </trkpt>
      <trkpt lat="51.5836" lon="4.4642">
        <name>X</name>
      </trkpt>
      <trkpt lat="51.58369" lon="4.46416">
        <name>X</name>
      </trkpt>
      <trkpt lat="51.58375" lon="4.46414">
        <name>X</name>
      </trkpt>
      <trkpt lat="51.58532" lon="4.4638">
        <name>X</name>
      </trkpt>
      <trkpt lat="51.58564" lon="4.46373">
        <name>X</name>
      </trkpt>
      <trkpt lat="51.58564" lon="4.4636">
        <name>X</name>
      </trkpt>
      <trkpt lat="51.58555" lon="4.46244">
        <name>X</name>
      </trkpt>
      <trkpt lat="51.58555" lon="4.46244">
        <name>X</name>
      </trkpt>
      <trkpt lat="51.58568" lon="4.46236">
        <name>X</name>
      </trkpt>
      <trkpt lat="51.58568" lon="4.46236">
        <name>X</name>
      </trkpt>
      <trkpt lat="51.58581" lon="4.46236">
        <name>X</name>
      </trkpt>
      <trkpt lat="51.58714" lon="4.46197">
        <name>X</name>
      </trkpt>
      <trkpt lat="51.58755" lon="4.46184">
        <name>X</name>
      </trkpt>
      <trkpt lat="51.58748" lon="4.46131">
        <name>X</name>
      </trkpt>
      <trkpt lat="51.58746" lon="4.46107">
        <name>X</name>
      </trkpt>
      <trkpt lat="51.58762" lon="4.46102">
        <name>X</name>
      </trkpt>
      <trkpt lat="51.58778" lon="4.46096">
        <name>X</name>
      </trkpt>
      <trkpt lat="51.58778" lon="4.46086">
        <name>X</name>
      </trkpt>
      <trkpt lat="51.58791" lon="4.46081">
        <name>X</name>
      </trkpt>
      <trkpt lat="51.58789" lon="4.46066">
        <name>X</name>
      </trkpt>
      <trkpt lat="51.58787" lon="4.46058">
        <name>X</name>
      </trkpt>
      <trkpt lat="51.58787" lon="4.46058">
        <name>X</name>
      </trkpt>
      <trkpt lat="51.58789" lon="4.46054">
        <name>X</name>
      </trkpt>
      <trkpt lat="51.58783" lon="4.45991">
        <name>X</name>
      </trkpt>
      <trkpt lat="51.58778" lon="4.4597">
        <name>X</name>
      </trkpt>
      <trkpt lat="51.58733" lon="4.45987">
        <name>X</name>
      </trkpt>
      <trkpt lat="51.58731" lon="4.4598">
        <name>X</name>
      </trkpt>
      <trkpt lat="51.58723" lon="4.45931">
        <name>X</name>
      </trkpt>
      <trkpt lat="51.58725" lon="4.45925">
        <name>X</name>
      </trkpt>
      <trkpt lat="51.58714" lon="4.45871">
        <name>X</name>
      </trkpt>
      <trkpt lat="51.58712" lon="4.4585">
        <name>X</name>
      </trkpt>
      <trkpt lat="51.58706" lon="4.45837">
        <name>X</name>
      </trkpt>
      <trkpt lat="51.58701" lon="4.45835">
        <name>X</name>
      </trkpt>
      <trkpt lat="51.58693" lon="4.4577">
        <name>X</name>
      </trkpt>
      <trkpt lat="51.58686" lon="4.45732">
        <name>X</name>
      </trkpt>
      <trkpt lat="51.58686" lon="4.45712">
        <name>X</name>
      </trkpt>
      <trkpt lat="51.5869" lon="4.45704">
        <name>X</name>
      </trkpt>
      <trkpt lat="51.58675" lon="4.45616">
        <name>X</name>
      </trkpt>
      <trkpt lat="51.58671" lon="4.45579">
        <name>X</name>
      </trkpt>
      <trkpt lat="51.58671" lon="4.45579">
        <name>X</name>
      </trkpt>
      <trkpt lat="51.58665" lon="4.45547">
        <name>X</name>
      </trkpt>
      <trkpt lat="51.58648" lon="4.45496">
        <name>X</name>
      </trkpt>
      <trkpt lat="51.5863" lon="4.4545">
        <name>X</name>
      </trkpt>
      <trkpt lat="51.58605" lon="4.45407">
        <name>X</name>
      </trkpt>
      <trkpt lat="51.58594" lon="4.45393">
        <name>X</name>
      </trkpt>
      <trkpt lat="51.58564" lon="4.45373">
        <name>X</name>
      </trkpt>
      <trkpt lat="51.58538" lon="4.45354">
        <name>X</name>
      </trkpt>
      <trkpt lat="51.5853" lon="4.45335">
        <name>X</name>
      </trkpt>
      <trkpt lat="51.5853" lon="4.45324">
        <name>X</name>
      </trkpt>
      <trkpt lat="51.58525" lon="4.45318">
        <name>X</name>
      </trkpt>
      <trkpt lat="51.58521" lon="4.45313">
        <name>X</name>
      </trkpt>
      <trkpt lat="51.58514" lon="4.45313">
        <name>X</name>
      </trkpt>
      <trkpt lat="51.5851" lon="4.45313">
        <name>X</name>
      </trkpt>
      <trkpt lat="51.58506" lon="4.4532">
        <name>X</name>
      </trkpt>
      <trkpt lat="51.585" lon="4.4533">
        <name>X</name>
      </trkpt>
      <trkpt lat="51.58435" lon="4.4541">
        <name>X</name>
      </trkpt>
      <trkpt lat="51.5842" lon="4.45429">
        <name>X</name>
      </trkpt>
      <trkpt lat="51.58351" lon="4.4545">
        <name>X</name>
      </trkpt>
      <trkpt lat="51.58298" lon="4.4547">
        <name>X</name>
      </trkpt>
      <trkpt lat="51.58278" lon="4.45457">
        <name>X</name>
      </trkpt>
      <trkpt lat="51.58272" lon="4.45455">
        <name>X</name>
      </trkpt>
      <trkpt lat="51.58257" lon="4.45459">
        <name>X</name>
      </trkpt>
      <trkpt lat="51.5824" lon="4.45463">
        <name>X</name>
      </trkpt>
      <trkpt lat="51.5824" lon="4.45474">
        <name>X</name>
      </trkpt>
      <trkpt lat="51.58242" lon="4.45498">
        <name>X</name>
      </trkpt>
      <trkpt lat="51.58193" lon="4.45534">
        <name>X</name>
      </trkpt>
      <trkpt lat="51.58133" lon="4.45541">
        <name>X</name>
      </trkpt>
      <trkpt lat="51.58133" lon="4.45541">
        <name>X</name>
      </trkpt>
      <trkpt lat="51.5813" lon="4.45566">
        <name>X</name>
      </trkpt>
      <trkpt lat="51.58143" lon="4.45757">
        <name>X</name>
      </trkpt>
      <trkpt lat="51.58145" lon="4.45802">
        <name>X</name>
      </trkpt>
      <trkpt lat="51.58145" lon="4.45802">
        <name>X</name>
      </trkpt>
      <trkpt lat="51.58167" lon="4.45899">
        <name>X</name>
      </trkpt>
      <trkpt lat="51.58171" lon="4.45959">
        <name>X</name>
      </trkpt>
      <trkpt lat="51.58178" lon="4.46004">
        <name>X</name>
      </trkpt>
      <trkpt lat="51.58178" lon="4.46004">
        <name>X</name>
      </trkpt>
      <trkpt lat="51.58148" lon="4.46011">
        <name>X</name>
      </trkpt>
      <trkpt lat="51.58133" lon="4.46008">
        <name>X</name>
      </trkpt>
      <trkpt lat="51.58081" lon="4.46028">
        <name>X</name>
      </trkpt>
      <trkpt lat="51.57944" lon="4.46116">
        <name>X</name>
      </trkpt>
      <trkpt lat="51.57916" lon="4.46135">
        <name>X</name>
      </trkpt>
      <trkpt lat="51.57909" lon="4.4615">
        <name>X</name>
      </trkpt>
      <trkpt lat="51.57862" lon="4.4618">
        <name>X</name>
      </trkpt>
      <trkpt lat="51.57828" lon="4.46199">
        <name>X</name>
      </trkpt>
      <trkpt lat="51.57819" lon="4.46206">
        <name>X</name>
      </trkpt>
      <trkpt lat="51.57712" lon="4.46255">
        <name>X</name>
      </trkpt>
      <trkpt lat="51.57686" lon="4.46272">
        <name>X</name>
      </trkpt>
      <trkpt lat="51.57686" lon="4.46272">
        <name>X</name>
      </trkpt>
      <trkpt lat="51.57667" lon="4.46289">
        <name>X</name>
      </trkpt>
      <trkpt lat="51.57594" lon="4.4638">
        <name>X</name>
      </trkpt>
      <trkpt lat="51.57572" lon="4.4641">
        <name>X</name>
      </trkpt>
      <trkpt lat="51.57572" lon="4.4641">
        <name>X</name>
      </trkpt>
      <trkpt lat="51.57542" lon="4.46429">
        <name>X</name>
      </trkpt>
      <trkpt lat="51.57512" lon="4.46455">
        <name>X</name>
      </trkpt>
      <trkpt lat="51.5748" lon="4.46489">
        <name>X</name>
      </trkpt>
      <trkpt lat="51.57422" lon="4.4659">
        <name>X</name>
      </trkpt>
      <trkpt lat="51.57412" lon="4.46618">
        <name>X</name>
      </trkpt>
      <trkpt lat="51.57371" lon="4.46669">
        <name>X</name>
      </trkpt>
      <trkpt lat="51.57362" lon="4.46691">
        <name>X</name>
      </trkpt>
      <trkpt lat="51.57362" lon="4.46691">
        <name>X</name>
      </trkpt>
      <trkpt lat="51.57354" lon="4.46699">
        <name>X</name>
      </trkpt>
      <trkpt lat="51.57336" lon="4.46706">
        <name>X</name>
      </trkpt>
      <trkpt lat="51.57274" lon="4.46768">
        <name>X</name>
      </trkpt>
      <trkpt lat="51.56995" lon="4.46927">
        <name>X</name>
      </trkpt>
      <trkpt lat="51.56987" lon="4.46931">
        <name>X</name>
      </trkpt>
      <trkpt lat="51.56954" lon="4.46961">
        <name>X</name>
      </trkpt>
      <trkpt lat="51.56946" lon="4.46968">
        <name>X</name>
      </trkpt>
      <trkpt lat="51.56849" lon="4.47023">
        <name>X</name>
      </trkpt>
      <trkpt lat="51.56787" lon="4.47062">
        <name>X</name>
      </trkpt>
      <trkpt lat="51.56787" lon="4.47062">
        <name>X</name>
      </trkpt>
      <trkpt lat="51.56718" lon="4.47101">
        <name>X</name>
      </trkpt>
      <trkpt lat="51.56682" lon="4.47116">
        <name>X</name>
      </trkpt>
      <trkpt lat="51.56637" lon="4.47144">
        <name>X</name>
      </trkpt>
      <trkpt lat="51.56618" lon="4.47084">
        <name>X</name>
      </trkpt>
      <trkpt lat="51.56611" lon="4.47086">
        <name>X</name>
      </trkpt>
      <trkpt lat="51.56311" lon="4.47264">
        <name>X</name>
      </trkpt>
      <trkpt lat="51.56234" lon="4.47309">
        <name>X</name>
      </trkpt>
      <trkpt lat="51.56197" lon="4.47326">
        <name>X</name>
      </trkpt>
      <trkpt lat="51.56158" lon="4.47339">
        <name>X</name>
      </trkpt>
      <trkpt lat="51.56158" lon="4.47369">
        <name>X</name>
      </trkpt>
      <trkpt lat="51.56165" lon="4.47416">
        <name>X</name>
      </trkpt>
      <trkpt lat="51.56165" lon="4.47416">
        <name>X</name>
      </trkpt>
      <trkpt lat="51.56156" lon="4.47418">
        <name>X</name>
      </trkpt>
      <trkpt lat="51.56158" lon="4.4744">
        <name>X</name>
      </trkpt>
      <trkpt lat="51.56156" lon="4.47448">
        <name>X</name>
      </trkpt>
      <trkpt lat="51.56156" lon="4.47448">
        <name>X</name>
      </trkpt>
      <trkpt lat="51.56118" lon="4.47491">
        <name>X</name>
      </trkpt>
      <trkpt lat="51.56086" lon="4.47543">
        <name>X</name>
      </trkpt>
      <trkpt lat="51.56077" lon="4.47562">
        <name>X</name>
      </trkpt>
      <trkpt lat="51.56051" lon="4.47635">
        <name>X</name>
      </trkpt>
      <trkpt lat="51.5604" lon="4.47671">
        <name>X</name>
      </trkpt>
      <trkpt lat="51.5603" lon="4.47723">
        <name>X</name>
      </trkpt>
      <trkpt lat="51.56019" lon="4.478">
        <name>X</name>
      </trkpt>
      <trkpt lat="51.56008" lon="4.47828">
        <name>X</name>
      </trkpt>
      <trkpt lat="51.55995" lon="4.47832">
        <name>X</name>
      </trkpt>
      <trkpt lat="51.5598" lon="4.47826">
        <name>X</name>
      </trkpt>
      <trkpt lat="51.5597" lon="4.47817">
        <name>X</name>
      </trkpt>
      <trkpt lat="51.55802" lon="4.47669">
        <name>X</name>
      </trkpt>
      <trkpt lat="51.55613" lon="4.47495">
        <name>X</name>
      </trkpt>
      <trkpt lat="51.55613" lon="4.47495">
        <name>X</name>
      </trkpt>
      <trkpt lat="51.55605" lon="4.47483">
        <name>X</name>
      </trkpt>
      <trkpt lat="51.55592" lon="4.4744">
        <name>X</name>
      </trkpt>
      <trkpt lat="51.5559" lon="4.47422">
        <name>X</name>
      </trkpt>
      <trkpt lat="51.5559" lon="4.47422">
        <name>X</name>
      </trkpt>
      <trkpt lat="51.5559" lon="4.47412">
        <name>X</name>
      </trkpt>
      <trkpt lat="51.55594" lon="4.47401">
        <name>X</name>
      </trkpt>
      <trkpt lat="51.55598" lon="4.47397">
        <name>X</name>
      </trkpt>
      <trkpt lat="51.55598" lon="4.47373">
        <name>X</name>
      </trkpt>
      <trkpt lat="51.55598" lon="4.4736">
        <name>X</name>
      </trkpt>
      <trkpt lat="51.55472" lon="4.47362">
        <name>X</name>
      </trkpt>
      <trkpt lat="51.55459" lon="4.47362">
        <name>X</name>
      </trkpt>
      <trkpt lat="51.55448" lon="4.47371">
        <name>X</name>
      </trkpt>
      <trkpt lat="51.55444" lon="4.47371">
        <name>X</name>
      </trkpt>
      <trkpt lat="51.55343" lon="4.47356">
        <name>X</name>
      </trkpt>
      <trkpt lat="51.55298" lon="4.47352">
        <name>X</name>
      </trkpt>
      <trkpt lat="51.55234" lon="4.47339">
        <name>X</name>
      </trkpt>
      <trkpt lat="51.55206" lon="4.47339">
        <name>X</name>
      </trkpt>
      <trkpt lat="51.55206" lon="4.47339">
        <name>X</name>
      </trkpt>
      <trkpt lat="51.55124" lon="4.47322">
        <name>X</name>
      </trkpt>
      <trkpt lat="51.5497" lon="4.47279">
        <name>X</name>
      </trkpt>
      <trkpt lat="51.54948" lon="4.47279">
        <name>X</name>
      </trkpt>
      <trkpt lat="51.54948" lon="4.47279">
        <name>X</name>
      </trkpt>
      <trkpt lat="51.54927" lon="4.47281">
        <name>X</name>
      </trkpt>
      <trkpt lat="51.54888" lon="4.47302">
        <name>X</name>
      </trkpt>
      <trkpt lat="51.54839" lon="4.47339">
        <name>X</name>
      </trkpt>
      <trkpt lat="51.54839" lon="4.47339">
        <name>X</name>
      </trkpt>
      <trkpt lat="51.54768" lon="4.47371">
        <name>X</name>
      </trkpt>
      <trkpt lat="51.54768" lon="4.47371">
        <name>X</name>
      </trkpt>
      <trkpt lat="51.54751" lon="4.47369">
        <name>X</name>
      </trkpt>
      <trkpt lat="51.54738" lon="4.47375">
        <name>X</name>
      </trkpt>
      <trkpt lat="51.54712" lon="4.47386">
        <name>X</name>
      </trkpt>
      <trkpt lat="51.54712" lon="4.47386">
        <name>X</name>
      </trkpt>
      <trkpt lat="51.54669" lon="4.47412">
        <name>X</name>
      </trkpt>
      <trkpt lat="51.54661" lon="4.47422">
        <name>X</name>
      </trkpt>
      <trkpt lat="51.54654" lon="4.47427">
        <name>X</name>
      </trkpt>
      <trkpt lat="51.54575" lon="4.47472">
        <name>X</name>
      </trkpt>
      <trkpt lat="51.54562" lon="4.47476">
        <name>X</name>
      </trkpt>
      <trkpt lat="51.54523" lon="4.47478">
        <name>X</name>
      </trkpt>
      <trkpt lat="51.54498" lon="4.47474">
        <name>X</name>
      </trkpt>
      <trkpt lat="51.54498" lon="4.47474">
        <name>X</name>
      </trkpt>
      <trkpt lat="51.54442" lon="4.47446">
        <name>X</name>
      </trkpt>
      <trkpt lat="51.54442" lon="4.47446">
        <name>X</name>
      </trkpt>
      <trkpt lat="51.54405" lon="4.47425">
        <name>X</name>
      </trkpt>
      <trkpt lat="51.54403" lon="4.4742">
        <name>X</name>
      </trkpt>
      <trkpt lat="51.54395" lon="4.47418">
        <name>X</name>
      </trkpt>
      <trkpt lat="51.54395" lon="4.47418">
        <name>X</name>
      </trkpt>
      <trkpt lat="51.5439" lon="4.47427">
        <name>X</name>
      </trkpt>
      <trkpt lat="51.5439" lon="4.47435">
        <name>X</name>
      </trkpt>
      <trkpt lat="51.54392" lon="4.4744">
        <name>X</name>
      </trkpt>
      <trkpt lat="51.54356" lon="4.47594">
        <name>X</name>
      </trkpt>
      <trkpt lat="51.5435" lon="4.47624">
        <name>X</name>
      </trkpt>
      <trkpt lat="51.53991" lon="4.47635">
        <name>X</name>
      </trkpt>
      <trkpt lat="51.53974" lon="4.47635">
        <name>X</name>
      </trkpt>
      <trkpt lat="51.53903" lon="4.47652">
        <name>X</name>
      </trkpt>
      <trkpt lat="51.53871" lon="4.47658">
        <name>X</name>
      </trkpt>
      <trkpt lat="51.53871" lon="4.47658">
        <name>X</name>
      </trkpt>
      <trkpt lat="51.5386" lon="4.47652">
        <name>X</name>
      </trkpt>
      <trkpt lat="51.53841" lon="4.4765">
        <name>X</name>
      </trkpt>
      <trkpt lat="51.53835" lon="4.47646">
        <name>X</name>
      </trkpt>
      <trkpt lat="51.53747" lon="4.47656">
        <name>X</name>
      </trkpt>
      <trkpt lat="51.53721" lon="4.47656">
        <name>X</name>
      </trkpt>
      <trkpt lat="51.53717" lon="4.47652">
        <name>X</name>
      </trkpt>
      <trkpt lat="51.53714" lon="4.47648">
        <name>X</name>
      </trkpt>
      <trkpt lat="51.53697" lon="4.47646">
        <name>X</name>
      </trkpt>
      <trkpt lat="51.53684" lon="4.47644">
        <name>X</name>
      </trkpt>
      <trkpt lat="51.53682" lon="4.47648">
        <name>X</name>
      </trkpt>
      <trkpt lat="51.5368" lon="4.47652">
        <name>X</name>
      </trkpt>
      <trkpt lat="51.53667" lon="4.47652">
        <name>X</name>
      </trkpt>
      <trkpt lat="51.53654" lon="4.47656">
        <name>X</name>
      </trkpt>
      <trkpt lat="51.53654" lon="4.47656">
        <name>X</name>
      </trkpt>
      <trkpt lat="51.53532" lon="4.47637">
        <name>X</name>
      </trkpt>
      <trkpt lat="51.53532" lon="4.47637">
        <name>X</name>
      </trkpt>
      <trkpt lat="51.53408" lon="4.47603">
        <name>X</name>
      </trkpt>
      <trkpt lat="51.53395" lon="4.4759">
        <name>X</name>
      </trkpt>
      <trkpt lat="51.5339" lon="4.47588">
        <name>X</name>
      </trkpt>
      <trkpt lat="51.53373" lon="4.47592">
        <name>X</name>
      </trkpt>
      <trkpt lat="51.53361" lon="4.47588">
        <name>X</name>
      </trkpt>
      <trkpt lat="51.53204" lon="4.47551">
        <name>X</name>
      </trkpt>
      <trkpt lat="51.53202" lon="4.47566">
        <name>X</name>
      </trkpt>
      <trkpt lat="51.53099" lon="4.47886">
        <name>X</name>
      </trkpt>
      <trkpt lat="51.5306" lon="4.48006">
        <name>X</name>
      </trkpt>
      <trkpt lat="51.5306" lon="4.48006">
        <name>X</name>
      </trkpt>
      <trkpt lat="51.5306" lon="4.48021">
        <name>X</name>
      </trkpt>
      <trkpt lat="51.53051" lon="4.48043">
        <name>X</name>
      </trkpt>
      <trkpt lat="51.53049" lon="4.48047">
        <name>X</name>
      </trkpt>
      <trkpt lat="51.53029" lon="4.48059">
        <name>X</name>
      </trkpt>
      <trkpt lat="51.52993" lon="4.4809">
        <name>X</name>
      </trkpt>
      <trkpt lat="51.52978" lon="4.48107">
        <name>X</name>
      </trkpt>
      <trkpt lat="51.52972" lon="4.48118">
        <name>X</name>
      </trkpt>
      <trkpt lat="51.52944" lon="4.48141">
        <name>X</name>
      </trkpt>
      <trkpt lat="51.52764" lon="4.48304">
        <name>X</name>
      </trkpt>
      <trkpt lat="51.5273" lon="4.48332">
        <name>X</name>
      </trkpt>
      <trkpt lat="51.52721" lon="4.48339">
        <name>X</name>
      </trkpt>
      <trkpt lat="51.52704" lon="4.48347">
        <name>X</name>
      </trkpt>
      <trkpt lat="51.52693" lon="4.48352">
        <name>X</name>
      </trkpt>
      <trkpt lat="51.52672" lon="4.48354">
        <name>X</name>
      </trkpt>
      <trkpt lat="51.5265" lon="4.48354">
        <name>X</name>
      </trkpt>
      <trkpt lat="51.52631" lon="4.48349">
        <name>X</name>
      </trkpt>
      <trkpt lat="51.52605" lon="4.48341">
        <name>X</name>
      </trkpt>
      <trkpt lat="51.52476" lon="4.48315">
        <name>X</name>
      </trkpt>
      <trkpt lat="51.52448" lon="4.48309">
        <name>X</name>
      </trkpt>
      <trkpt lat="51.52408" lon="4.48294">
        <name>X</name>
      </trkpt>
      <trkpt lat="51.52401" lon="4.48287">
        <name>X</name>
      </trkpt>
      <trkpt lat="51.52395" lon="4.48279">
        <name>X</name>
      </trkpt>
      <trkpt lat="51.52382" lon="4.48257">
        <name>X</name>
      </trkpt>
      <trkpt lat="51.52328" lon="4.47972">
        <name>X</name>
      </trkpt>
      <trkpt lat="51.52324" lon="4.47955">
        <name>X</name>
      </trkpt>
      <trkpt lat="51.52288" lon="4.48006">
        <name>X</name>
      </trkpt>
      <trkpt lat="51.52268" lon="4.48023">
        <name>X</name>
      </trkpt>
      <trkpt lat="51.52178" lon="4.48163">
        <name>X</name>
      </trkpt>
      <trkpt lat="51.52112" lon="4.48266">
        <name>X</name>
      </trkpt>
      <trkpt lat="51.52092" lon="4.48236">
        <name>X</name>
      </trkpt>
      <trkpt lat="51.52075" lon="4.48201">
        <name>X</name>
      </trkpt>
      <trkpt lat="51.52024" lon="4.47922">
        <name>X</name>
      </trkpt>
      <trkpt lat="51.52021" lon="4.47912">
        <name>X</name>
      </trkpt>
      <trkpt lat="51.51764" lon="4.48032">
        <name>X</name>
      </trkpt>
      <trkpt lat="51.51719" lon="4.48049">
        <name>X</name>
      </trkpt>
      <trkpt lat="51.51719" lon="4.48049">
        <name>X</name>
      </trkpt>
      <trkpt lat="51.51712" lon="4.48043">
        <name>X</name>
      </trkpt>
      <trkpt lat="51.51612" lon="4.47483">
        <name>X</name>
      </trkpt>
      <trkpt lat="51.51605" lon="4.47448">
        <name>X</name>
      </trkpt>
      <trkpt lat="51.51753" lon="4.47382">
        <name>X</name>
      </trkpt>
      <trkpt lat="51.51839" lon="4.47345">
        <name>X</name>
      </trkpt>
      <trkpt lat="51.51882" lon="4.47337">
        <name>X</name>
      </trkpt>
      <trkpt lat="51.51886" lon="4.47337">
        <name>X</name>
      </trkpt>
      <trkpt lat="51.51886" lon="4.47337">
        <name>X</name>
      </trkpt>
      <trkpt lat="51.51897" lon="4.47315">
        <name>X</name>
      </trkpt>
      <trkpt lat="51.51912" lon="4.473">
        <name>X</name>
      </trkpt>
      <trkpt lat="51.51925" lon="4.47287">
        <name>X</name>
      </trkpt>
      <trkpt lat="51.52015" lon="4.47242">
        <name>X</name>
      </trkpt>
      <trkpt lat="51.52096" lon="4.47204">
        <name>X</name>
      </trkpt>
      <trkpt lat="51.52096" lon="4.47204">
        <name>X</name>
      </trkpt>
      <trkpt lat="51.52105" lon="4.47202">
        <name>X</name>
      </trkpt>
      <trkpt lat="51.52118" lon="4.47268">
        <name>X</name>
      </trkpt>
      <trkpt lat="51.5212" lon="4.47287">
        <name>X</name>
      </trkpt>
      <trkpt lat="51.5212" lon="4.47287">
        <name>X</name>
      </trkpt>
      <trkpt lat="51.52127" lon="4.47279">
        <name>X</name>
      </trkpt>
      <trkpt lat="51.52127" lon="4.47279">
        <name>X</name>
      </trkpt>
      <trkpt lat="51.52187" lon="4.47251">
        <name>X</name>
      </trkpt>
      <trkpt lat="51.52193" lon="4.47251">
        <name>X</name>
      </trkpt>
      <trkpt lat="51.52197" lon="4.47251">
        <name>X</name>
      </trkpt>
      <trkpt lat="51.52219" lon="4.4724">
        <name>X</name>
      </trkpt>
      <trkpt lat="51.5223" lon="4.47236">
        <name>X</name>
      </trkpt>
      <trkpt lat="51.52281" lon="4.47184">
        <name>X</name>
      </trkpt>
      <trkpt lat="51.52302" lon="4.47167">
        <name>X</name>
      </trkpt>
      <trkpt lat="51.52339" lon="4.4715">
        <name>X</name>
      </trkpt>
      <trkpt lat="51.52414" lon="4.47114">
        <name>X</name>
      </trkpt>
      <trkpt lat="51.52436" lon="4.47107">
        <name>X</name>
      </trkpt>
      <trkpt lat="51.52483" lon="4.47084">
        <name>X</name>
      </trkpt>
      <trkpt lat="51.52496" lon="4.4706">
        <name>X</name>
      </trkpt>
      <trkpt lat="51.52515" lon="4.47049">
        <name>X</name>
      </trkpt>
      <trkpt lat="51.52494" lon="4.46957">
        <name>X</name>
      </trkpt>
      <trkpt lat="51.52478" lon="4.4688">
        <name>X</name>
      </trkpt>
      <trkpt lat="51.52455" lon="4.46609">
        <name>X</name>
      </trkpt>
      <trkpt lat="51.52455" lon="4.46586">
        <name>X</name>
      </trkpt>
      <trkpt lat="51.52476" lon="4.46584">
        <name>X</name>
      </trkpt>
      <trkpt lat="51.52485" lon="4.46581">
        <name>X</name>
      </trkpt>
      <trkpt lat="51.52504" lon="4.46568">
        <name>X</name>
      </trkpt>
      <trkpt lat="51.52545" lon="4.46566">
        <name>X</name>
      </trkpt>
      <trkpt lat="51.52549" lon="4.46571">
        <name>X</name>
      </trkpt>
      <trkpt lat="51.52558" lon="4.46581">
        <name>X</name>
      </trkpt>
      <trkpt lat="51.52626" lon="4.46579">
        <name>X</name>
      </trkpt>
      <trkpt lat="51.5265" lon="4.46579">
        <name>X</name>
      </trkpt>
      <trkpt lat="51.52667" lon="4.46564">
        <name>X</name>
      </trkpt>
      <trkpt lat="51.52725" lon="4.46562">
        <name>X</name>
      </trkpt>
      <trkpt lat="51.52841" lon="4.46519">
        <name>X</name>
      </trkpt>
      <trkpt lat="51.52882" lon="4.46504">
        <name>X</name>
      </trkpt>
      <trkpt lat="51.52906" lon="4.4648">
        <name>X</name>
      </trkpt>
      <trkpt lat="51.52912" lon="4.46476">
        <name>X</name>
      </trkpt>
      <trkpt lat="51.52912" lon="4.46476">
        <name>X</name>
      </trkpt>
      <trkpt lat="51.52916" lon="4.46476">
        <name>X</name>
      </trkpt>
      <trkpt lat="51.52938" lon="4.46493">
        <name>X</name>
      </trkpt>
      <trkpt lat="51.5295" lon="4.46498">
        <name>X</name>
      </trkpt>
      <trkpt lat="51.52991" lon="4.46528">
        <name>X</name>
      </trkpt>
      <trkpt lat="51.52998" lon="4.46526">
        <name>X</name>
      </trkpt>
      <trkpt lat="51.53002" lon="4.46504">
        <name>X</name>
      </trkpt>
      <trkpt lat="51.53004" lon="4.46496">
        <name>X</name>
      </trkpt>
      <trkpt lat="51.53002" lon="4.46491">
        <name>X</name>
      </trkpt>
      <trkpt lat="51.53004" lon="4.46457">
        <name>X</name>
      </trkpt>
      <trkpt lat="51.53112" lon="4.46081">
        <name>X</name>
      </trkpt>
      <trkpt lat="51.53124" lon="4.46043">
        <name>X</name>
      </trkpt>
      <trkpt lat="51.53137" lon="4.46008">
        <name>X</name>
      </trkpt>
      <trkpt lat="51.5315" lon="4.45976">
        <name>X</name>
      </trkpt>
      <trkpt lat="51.53152" lon="4.45972">
        <name>X</name>
      </trkpt>
      <trkpt lat="51.53159" lon="4.45976">
        <name>X</name>
      </trkpt>
      <trkpt lat="51.53193" lon="4.45908">
        <name>X</name>
      </trkpt>
      <trkpt lat="51.53206" lon="4.45882">
        <name>X</name>
      </trkpt>
      <trkpt lat="51.53247" lon="4.45787">
        <name>X</name>
      </trkpt>
      <trkpt lat="51.53264" lon="4.45749">
        <name>X</name>
      </trkpt>
      <trkpt lat="51.53283" lon="4.45717">
        <name>X</name>
      </trkpt>
      <trkpt lat="51.53296" lon="4.45693">
        <name>X</name>
      </trkpt>
      <trkpt lat="51.53303" lon="4.45686">
        <name>X</name>
      </trkpt>
      <trkpt lat="51.53311" lon="4.45678">
        <name>X</name>
      </trkpt>
      <trkpt lat="51.53307" lon="4.45657">
        <name>X</name>
      </trkpt>
      <trkpt lat="51.533" lon="4.45594">
        <name>X</name>
      </trkpt>
      <trkpt lat="51.53302" lon="4.45481">
        <name>X</name>
      </trkpt>
      <trkpt lat="51.53311" lon="4.45412">
        <name>X</name>
      </trkpt>
      <trkpt lat="51.53322" lon="4.45363">
        <name>X</name>
      </trkpt>
      <trkpt lat="51.5333" lon="4.45335">
        <name>X</name>
      </trkpt>
      <trkpt lat="51.53365" lon="4.4526">
        <name>X</name>
      </trkpt>
      <trkpt lat="51.53369" lon="4.45253">
        <name>X</name>
      </trkpt>
      <trkpt lat="51.53388" lon="4.45193">
        <name>X</name>
      </trkpt>
      <trkpt lat="51.53388" lon="4.45184">
        <name>X</name>
      </trkpt>
      <trkpt lat="51.53384" lon="4.45187">
        <name>X</name>
      </trkpt>
      <trkpt lat="51.5338" lon="4.452">
        <name>X</name>
      </trkpt>
      <trkpt lat="51.53081" lon="4.45041">
        <name>X</name>
      </trkpt>
      <trkpt lat="51.53011" lon="4.45004">
        <name>X</name>
      </trkpt>
      <trkpt lat="51.53019" lon="4.4479">
        <name>X</name>
      </trkpt>
      <trkpt lat="51.5302" lon="4.44767">
        <name>X</name>
      </trkpt>
      <trkpt lat="51.5294" lon="4.44684">
        <name>X</name>
      </trkpt>
      <trkpt lat="51.52893" lon="4.44682">
        <name>X</name>
      </trkpt>
      <trkpt lat="51.52843" lon="4.44674">
        <name>X</name>
      </trkpt>
      <trkpt lat="51.52832" lon="4.44674">
        <name>X</name>
      </trkpt>
      <trkpt lat="51.52826" lon="4.4467">
        <name>X</name>
      </trkpt>
      <trkpt lat="51.5282" lon="4.44663">
        <name>X</name>
      </trkpt>
      <trkpt lat="51.52805" lon="4.4467">
        <name>X</name>
      </trkpt>
      <trkpt lat="51.52764" lon="4.44663">
        <name>X</name>
      </trkpt>
      <trkpt lat="51.52755" lon="4.44487">
        <name>X</name>
      </trkpt>
      <trkpt lat="51.52749" lon="4.44464">
        <name>X</name>
      </trkpt>
      <trkpt lat="51.52749" lon="4.44464">
        <name>X</name>
      </trkpt>
      <trkpt lat="51.52753" lon="4.44442">
        <name>X</name>
      </trkpt>
      <trkpt lat="51.5274" lon="4.44249">
        <name>X</name>
      </trkpt>
      <trkpt lat="51.52736" lon="4.44187">
        <name>X</name>
      </trkpt>
      <trkpt lat="51.52684" lon="4.43773">
        <name>X</name>
      </trkpt>
      <trkpt lat="51.52682" lon="4.43749">
        <name>X</name>
      </trkpt>
      <trkpt lat="51.52676" lon="4.43732">
        <name>X</name>
      </trkpt>
      <trkpt lat="51.52669" lon="4.43723">
        <name>X</name>
      </trkpt>
      <trkpt lat="51.52663" lon="4.43732">
        <name>X</name>
      </trkpt>
      <trkpt lat="51.52659" lon="4.43745">
        <name>X</name>
      </trkpt>
      <trkpt lat="51.52584" lon="4.4377">
        <name>X</name>
      </trkpt>
      <trkpt lat="51.52536" lon="4.43785">
        <name>X</name>
      </trkpt>
      <trkpt lat="51.52524" lon="4.43783">
        <name>X</name>
      </trkpt>
      <trkpt lat="51.52508" lon="4.43788">
        <name>X</name>
      </trkpt>
      <trkpt lat="51.52369" lon="4.43841">
        <name>X</name>
      </trkpt>
      <trkpt lat="51.52318" lon="4.43863">
        <name>X</name>
      </trkpt>
      <trkpt lat="51.52277" lon="4.43873">
        <name>X</name>
      </trkpt>
      <trkpt lat="51.52245" lon="4.43886">
        <name>X</name>
      </trkpt>
      <trkpt lat="51.52238" lon="4.43882">
        <name>X</name>
      </trkpt>
      <trkpt lat="51.52176" lon="4.43899">
        <name>X</name>
      </trkpt>
      <trkpt lat="51.52176" lon="4.43899">
        <name>X</name>
      </trkpt>
      <trkpt lat="51.52165" lon="4.43908">
        <name>X</name>
      </trkpt>
      <trkpt lat="51.52124" lon="4.43921">
        <name>X</name>
      </trkpt>
      <trkpt lat="51.52116" lon="4.43916">
        <name>X</name>
      </trkpt>
      <trkpt lat="51.52105" lon="4.43921">
        <name>X</name>
      </trkpt>
      <trkpt lat="51.5209" lon="4.43936">
        <name>X</name>
      </trkpt>
      <trkpt lat="51.52088" lon="4.43931">
        <name>X</name>
      </trkpt>
      <trkpt lat="51.52079" lon="4.43929">
        <name>X</name>
      </trkpt>
      <trkpt lat="51.52079" lon="4.43929">
        <name>X</name>
      </trkpt>
      <trkpt lat="51.51989" lon="4.43736">
        <name>X</name>
      </trkpt>
      <trkpt lat="51.51989" lon="4.43736">
        <name>X</name>
      </trkpt>
      <trkpt lat="51.51966" lon="4.43652">
        <name>X</name>
      </trkpt>
      <trkpt lat="51.51961" lon="4.43642">
        <name>X</name>
      </trkpt>
      <trkpt lat="51.51938" lon="4.43577">
        <name>X</name>
      </trkpt>
      <trkpt lat="51.51856" lon="4.43328">
        <name>X</name>
      </trkpt>
      <trkpt lat="51.51848" lon="4.43305">
        <name>X</name>
      </trkpt>
      <trkpt lat="51.51811" lon="4.43167">
        <name>X</name>
      </trkpt>
      <trkpt lat="51.5179" lon="4.43056">
        <name>X</name>
      </trkpt>
      <trkpt lat="51.51783" lon="4.43043">
        <name>X</name>
      </trkpt>
      <trkpt lat="51.51772" lon="4.4303">
        <name>X</name>
      </trkpt>
      <trkpt lat="51.51772" lon="4.4303">
        <name>X</name>
      </trkpt>
      <trkpt lat="51.51758" lon="4.43026">
        <name>X</name>
      </trkpt>
      <trkpt lat="51.51749" lon="4.43028">
        <name>X</name>
      </trkpt>
      <trkpt lat="51.51745" lon="4.43026">
        <name>X</name>
      </trkpt>
      <trkpt lat="51.51736" lon="4.42981">
        <name>X</name>
      </trkpt>
      <trkpt lat="51.51712" lon="4.42897">
        <name>X</name>
      </trkpt>
      <trkpt lat="51.51687" lon="4.42846">
        <name>X</name>
      </trkpt>
      <trkpt lat="51.51672" lon="4.4282">
        <name>X</name>
      </trkpt>
      <trkpt lat="51.5165" lon="4.42792">
        <name>X</name>
      </trkpt>
      <trkpt lat="51.51609" lon="4.42753">
        <name>X</name>
      </trkpt>
      <trkpt lat="51.51609" lon="4.42753">
        <name>X</name>
      </trkpt>
      <trkpt lat="51.51588" lon="4.42738">
        <name>X</name>
      </trkpt>
      <trkpt lat="51.51564" lon="4.4273">
        <name>X</name>
      </trkpt>
      <trkpt lat="51.51556" lon="4.42725">
        <name>X</name>
      </trkpt>
      <trkpt lat="51.51502" lon="4.42717">
        <name>X</name>
      </trkpt>
      <trkpt lat="51.51483" lon="4.42723">
        <name>X</name>
      </trkpt>
      <trkpt lat="51.51478" lon="4.42712">
        <name>X</name>
      </trkpt>
      <trkpt lat="51.5147" lon="4.4271">
        <name>X</name>
      </trkpt>
      <trkpt lat="51.51464" lon="4.42719">
        <name>X</name>
      </trkpt>
      <trkpt lat="51.51464" lon="4.42728">
        <name>X</name>
      </trkpt>
      <trkpt lat="51.51382" lon="4.42747">
        <name>X</name>
      </trkpt>
      <trkpt lat="51.51367" lon="4.42751">
        <name>X</name>
      </trkpt>
      <trkpt lat="51.5136" lon="4.42721">
        <name>X</name>
      </trkpt>
      <trkpt lat="51.51339" lon="4.42674">
        <name>X</name>
      </trkpt>
      <trkpt lat="51.51303" lon="4.42627">
        <name>X</name>
      </trkpt>
      <trkpt lat="51.51245" lon="4.4255">
        <name>X</name>
      </trkpt>
      <trkpt lat="51.51174" lon="4.42444">
        <name>X</name>
      </trkpt>
      <trkpt lat="51.51142" lon="4.42395">
        <name>X</name>
      </trkpt>
      <trkpt lat="51.51114" lon="4.42361">
        <name>X</name>
      </trkpt>
      <trkpt lat="51.51071" lon="4.4232">
        <name>X</name>
      </trkpt>
      <trkpt lat="51.50985" lon="4.42195">
        <name>X</name>
      </trkpt>
      <trkpt lat="51.50942" lon="4.42131">
        <name>X</name>
      </trkpt>
      <trkpt lat="51.50923" lon="4.4209">
        <name>X</name>
      </trkpt>
      <trkpt lat="51.50891" lon="4.42007">
        <name>X</name>
      </trkpt>
      <trkpt lat="51.50891" lon="4.42007">
        <name>X</name>
      </trkpt>
      <trkpt lat="51.50792" lon="4.41715">
        <name>X</name>
      </trkpt>
      <trkpt lat="51.50781" lon="4.41691">
        <name>X</name>
      </trkpt>
      <trkpt lat="51.5077" lon="4.4167">
        <name>X</name>
      </trkpt>
      <trkpt lat="51.5076" lon="4.41657">
        <name>X</name>
      </trkpt>
      <trkpt lat="51.5073" lon="4.41629">
        <name>X</name>
      </trkpt>
      <trkpt lat="51.5068" lon="4.41571">
        <name>X</name>
      </trkpt>
      <trkpt lat="51.50657" lon="4.41543">
        <name>X</name>
      </trkpt>
      <trkpt lat="51.50536" lon="4.41354">
        <name>X</name>
      </trkpt>
      <trkpt lat="51.50476" lon="4.41273">
        <name>X</name>
      </trkpt>
      <trkpt lat="51.50382" lon="4.41122">
        <name>X</name>
      </trkpt>
      <trkpt lat="51.50361" lon="4.41088">
        <name>X</name>
      </trkpt>
      <trkpt lat="51.50346" lon="4.41058">
        <name>X</name>
      </trkpt>
      <trkpt lat="51.50318" lon="4.40987">
        <name>X</name>
      </trkpt>
      <trkpt lat="51.50318" lon="4.40987">
        <name>X</name>
      </trkpt>
      <trkpt lat="51.50296" lon="4.40962">
        <name>X</name>
      </trkpt>
      <trkpt lat="51.50219" lon="4.40906">
        <name>X</name>
      </trkpt>
      <trkpt lat="51.50206" lon="4.40891">
        <name>X</name>
      </trkpt>
      <trkpt lat="51.50198" lon="4.40874">
        <name>X</name>
      </trkpt>
      <trkpt lat="51.50189" lon="4.40846">
        <name>X</name>
      </trkpt>
      <trkpt lat="51.50189" lon="4.40846">
        <name>X</name>
      </trkpt>
      <trkpt lat="51.50161" lon="4.40515">
        <name>X</name>
      </trkpt>
      <trkpt lat="51.50155" lon="4.40468">
        <name>X</name>
      </trkpt>
      <trkpt lat="51.50144" lon="4.40417">
        <name>X</name>
      </trkpt>
      <trkpt lat="51.50144" lon="4.40417">
        <name>X</name>
      </trkpt>
      <trkpt lat="51.50122" lon="4.4035">
        <name>X</name>
      </trkpt>
      <trkpt lat="51.50015" lon="4.40058">
        <name>X</name>
      </trkpt>
      <trkpt lat="51.49968" lon="4.39927">
        <name>X</name>
      </trkpt>
      <trkpt lat="51.49966" lon="4.39914">
        <name>X</name>
      </trkpt>
      <trkpt lat="51.49964" lon="4.39902">
        <name>X</name>
      </trkpt>
      <trkpt lat="51.49927" lon="4.3991">
        <name>X</name>
      </trkpt>
      <trkpt lat="51.49856" lon="4.3991">
        <name>X</name>
      </trkpt>
      <trkpt lat="51.49856" lon="4.3991">
        <name>X</name>
      </trkpt>
      <trkpt lat="51.49762" lon="4.39893">
        <name>X</name>
      </trkpt>
      <trkpt lat="51.49762" lon="4.39893">
        <name>X</name>
      </trkpt>
      <trkpt lat="51.49756" lon="4.39889">
        <name>X</name>
      </trkpt>
      <trkpt lat="51.49747" lon="4.39874">
        <name>X</name>
      </trkpt>
      <trkpt lat="51.49745" lon="4.39861">
        <name>X</name>
      </trkpt>
      <trkpt lat="51.4974" lon="4.39861">
        <name>X</name>
      </trkpt>
      <trkpt lat="51.49734" lon="4.39861">
        <name>X</name>
      </trkpt>
      <trkpt lat="51.49725" lon="4.39874">
        <name>X</name>
      </trkpt>
      <trkpt lat="51.49713" lon="4.39878">
        <name>X</name>
      </trkpt>
      <trkpt lat="51.49629" lon="4.39869">
        <name>X</name>
      </trkpt>
      <trkpt lat="51.49614" lon="4.39869">
        <name>X</name>
      </trkpt>
      <trkpt lat="51.4959" lon="4.39865">
        <name>X</name>
      </trkpt>
      <trkpt lat="51.4958" lon="4.39861">
        <name>X</name>
      </trkpt>
      <trkpt lat="51.49438" lon="4.39844">
        <name>X</name>
      </trkpt>
      <trkpt lat="51.49423" lon="4.39837">
        <name>X</name>
      </trkpt>
      <trkpt lat="51.49423" lon="4.39837">
        <name>X</name>
      </trkpt>
      <trkpt lat="51.49208" lon="4.39807">
        <name>X</name>
      </trkpt>
      <trkpt lat="51.49208" lon="4.39807">
        <name>X</name>
      </trkpt>
      <trkpt lat="51.4918" lon="4.39807">
        <name>X</name>
      </trkpt>
      <trkpt lat="51.49086" lon="4.39794">
        <name>X</name>
      </trkpt>
      <trkpt lat="51.49069" lon="4.39788">
        <name>X</name>
      </trkpt>
      <trkpt lat="51.49054" lon="4.39788">
        <name>X</name>
      </trkpt>
      <trkpt lat="51.49037" lon="4.39788">
        <name>X</name>
      </trkpt>
      <trkpt lat="51.48803" lon="4.39848">
        <name>X</name>
      </trkpt>
      <trkpt lat="51.48708" lon="4.39876">
        <name>X</name>
      </trkpt>
      <trkpt lat="51.48689" lon="4.39865">
        <name>X</name>
      </trkpt>
      <trkpt lat="51.48674" lon="4.39852">
        <name>X</name>
      </trkpt>
      <trkpt lat="51.48665" lon="4.39867">
        <name>X</name>
      </trkpt>
      <trkpt lat="51.48661" lon="4.39876">
        <name>X</name>
      </trkpt>
      <trkpt lat="51.4867" lon="4.39884">
        <name>X</name>
      </trkpt>
      <trkpt lat="51.48665" lon="4.39895">
        <name>X</name>
      </trkpt>
      <trkpt lat="51.48655" lon="4.39899">
        <name>X</name>
      </trkpt>
      <trkpt lat="51.48644" lon="4.39899">
        <name>X</name>
      </trkpt>
      <trkpt lat="51.48122" lon="4.39762">
        <name>X</name>
      </trkpt>
      <trkpt lat="51.48105" lon="4.39758">
        <name>X</name>
      </trkpt>
      <trkpt lat="51.48095" lon="4.39758">
        <name>X</name>
      </trkpt>
      <trkpt lat="51.48086" lon="4.3976">
        <name>X</name>
      </trkpt>
      <trkpt lat="51.48009" lon="4.39786">
        <name>X</name>
      </trkpt>
      <trkpt lat="51.48" lon="4.39786">
        <name>X</name>
      </trkpt>
      <trkpt lat="51.47588" lon="4.39736">
        <name>X</name>
      </trkpt>
      <trkpt lat="51.47406" lon="4.39715">
        <name>X</name>
      </trkpt>
      <trkpt lat="51.4715" lon="4.39681">
        <name>X</name>
      </trkpt>
      <trkpt lat="51.47093" lon="4.39676">
        <name>X</name>
      </trkpt>
      <trkpt lat="51.46784" lon="4.39636">
        <name>X</name>
      </trkpt>
      <trkpt lat="51.46644" lon="4.3961">
        <name>X</name>
      </trkpt>
      <trkpt lat="51.46412" lon="4.39588">
        <name>X</name>
      </trkpt>
      <trkpt lat="51.46279" lon="4.39573">
        <name>X</name>
      </trkpt>
      <trkpt lat="51.46189" lon="4.39558">
        <name>X</name>
      </trkpt>
      <trkpt lat="51.46112" lon="4.39539">
        <name>X</name>
      </trkpt>
      <trkpt lat="51.46112" lon="4.39539">
        <name>X</name>
      </trkpt>
      <trkpt lat="51.46112" lon="4.39498">
        <name>X</name>
      </trkpt>
      <trkpt lat="51.46112" lon="4.39498">
        <name>X</name>
      </trkpt>
      <trkpt lat="51.46108" lon="4.39468">
        <name>X</name>
      </trkpt>
      <trkpt lat="51.46101" lon="4.39447">
        <name>X</name>
      </trkpt>
      <trkpt lat="51.46088" lon="4.39417">
        <name>X</name>
      </trkpt>
      <trkpt lat="51.45917" lon="4.39097">
        <name>X</name>
      </trkpt>
      <trkpt lat="51.45906" lon="4.39082">
        <name>X</name>
      </trkpt>
      <trkpt lat="51.45608" lon="4.3885">
        <name>X</name>
      </trkpt>
      <trkpt lat="51.45445" lon="4.38728">
        <name>X</name>
      </trkpt>
      <trkpt lat="51.45288" lon="4.38601">
        <name>X</name>
      </trkpt>
      <trkpt lat="51.45275" lon="4.38588">
        <name>X</name>
      </trkpt>
      <trkpt lat="51.45256" lon="4.38556">
        <name>X</name>
      </trkpt>
      <trkpt lat="51.45241" lon="4.38513">
        <name>X</name>
      </trkpt>
      <trkpt lat="51.45241" lon="4.38513">
        <name>X</name>
      </trkpt>
      <trkpt lat="51.45236" lon="4.38483">
        <name>X</name>
      </trkpt>
      <trkpt lat="51.45236" lon="4.38483">
        <name>X</name>
      </trkpt>
      <trkpt lat="51.45236" lon="4.38462">
        <name>X</name>
      </trkpt>
      <trkpt lat="51.45241" lon="4.38432">
        <name>X</name>
      </trkpt>
      <trkpt lat="51.45273" lon="4.38252">
        <name>X</name>
      </trkpt>
      <trkpt lat="51.45104" lon="4.38166">
        <name>X</name>
      </trkpt>
      <trkpt lat="51.45058" lon="4.3814">
        <name>X</name>
      </trkpt>
      <trkpt lat="51.45058" lon="4.3814">
        <name>X</name>
      </trkpt>
      <trkpt lat="51.45054" lon="4.38136">
        <name>X</name>
      </trkpt>
      <trkpt lat="51.45054" lon="4.38108">
        <name>X</name>
      </trkpt>
      <trkpt lat="51.45054" lon="4.38099">
        <name>X</name>
      </trkpt>
      <trkpt lat="51.45046" lon="4.38099">
        <name>X</name>
      </trkpt>
      <trkpt lat="51.4485" lon="4.38005">
        <name>X</name>
      </trkpt>
      <trkpt lat="51.4484" lon="4.37998">
        <name>X</name>
      </trkpt>
      <trkpt lat="51.44812" lon="4.37975">
        <name>X</name>
      </trkpt>
      <trkpt lat="51.44782" lon="4.3796">
        <name>X</name>
      </trkpt>
      <trkpt lat="51.44773" lon="4.37955">
        <name>X</name>
      </trkpt>
      <trkpt lat="51.44758" lon="4.37955">
        <name>X</name>
      </trkpt>
      <trkpt lat="51.44681" lon="4.37917">
        <name>X</name>
      </trkpt>
      <trkpt lat="51.44612" lon="4.37893">
        <name>X</name>
      </trkpt>
      <trkpt lat="51.44211" lon="4.37782">
        <name>X</name>
      </trkpt>
      <trkpt lat="51.44022" lon="4.37736">
        <name>X</name>
      </trkpt>
      <trkpt lat="51.44009" lon="4.37734">
        <name>X</name>
      </trkpt>
      <trkpt lat="51.43996" lon="4.37726">
        <name>X</name>
      </trkpt>
      <trkpt lat="51.4394" lon="4.37702">
        <name>X</name>
      </trkpt>
      <trkpt lat="51.4394" lon="4.37702">
        <name>X</name>
      </trkpt>
      <trkpt lat="51.43889" lon="4.37674">
        <name>X</name>
      </trkpt>
      <trkpt lat="51.43889" lon="4.37674">
        <name>X</name>
      </trkpt>
      <trkpt lat="51.4385" lon="4.37646">
        <name>X</name>
      </trkpt>
      <trkpt lat="51.43827" lon="4.37621">
        <name>X</name>
      </trkpt>
      <trkpt lat="51.43816" lon="4.37616">
        <name>X</name>
      </trkpt>
      <trkpt lat="51.43754" lon="4.37539">
        <name>X</name>
      </trkpt>
      <trkpt lat="51.43743" lon="4.37524">
        <name>X</name>
      </trkpt>
      <trkpt lat="51.43743" lon="4.37524">
        <name>X</name>
      </trkpt>
      <trkpt lat="51.4373" lon="4.37496">
        <name>X</name>
      </trkpt>
      <trkpt lat="51.43717" lon="4.37449">
        <name>X</name>
      </trkpt>
      <trkpt lat="51.43702" lon="4.37415">
        <name>X</name>
      </trkpt>
      <trkpt lat="51.43696" lon="4.37404">
        <name>X</name>
      </trkpt>
      <trkpt lat="51.43689" lon="4.37398">
        <name>X</name>
      </trkpt>
      <trkpt lat="51.43676" lon="4.37393">
        <name>X</name>
      </trkpt>
      <trkpt lat="51.43666" lon="4.37391">
        <name>X</name>
      </trkpt>
      <trkpt lat="51.43649" lon="4.37393">
        <name>X</name>
      </trkpt>
      <trkpt lat="51.43642" lon="4.37395">
        <name>X</name>
      </trkpt>
      <trkpt lat="51.43627" lon="4.37406">
        <name>X</name>
      </trkpt>
      <trkpt lat="51.43616" lon="4.37408">
        <name>X</name>
      </trkpt>
      <trkpt lat="51.4347" lon="4.3752">
        <name>X</name>
      </trkpt>
      <trkpt lat="51.43419" lon="4.37556">
        <name>X</name>
      </trkpt>
      <trkpt lat="51.4341" lon="4.37571">
        <name>X</name>
      </trkpt>
      <trkpt lat="51.4341" lon="4.3758">
        <name>X</name>
      </trkpt>
      <trkpt lat="51.43307" lon="4.37664">
        <name>X</name>
      </trkpt>
      <trkpt lat="51.43299" lon="4.3767">
        <name>X</name>
      </trkpt>
      <trkpt lat="51.4329" lon="4.37683">
        <name>X</name>
      </trkpt>
      <trkpt lat="51.43288" lon="4.37689">
        <name>X</name>
      </trkpt>
      <trkpt lat="51.43192" lon="4.37668">
        <name>X</name>
      </trkpt>
      <trkpt lat="51.43179" lon="4.37666">
        <name>X</name>
      </trkpt>
      <trkpt lat="51.43159" lon="4.37696">
        <name>X</name>
      </trkpt>
      <trkpt lat="51.43153" lon="4.377">
        <name>X</name>
      </trkpt>
      <trkpt lat="51.43086" lon="4.37706">
        <name>X</name>
      </trkpt>
      <trkpt lat="51.43082" lon="4.37706">
        <name>X</name>
      </trkpt>
      <trkpt lat="51.43058" lon="4.37672">
        <name>X</name>
      </trkpt>
      <trkpt lat="51.43044" lon="4.37636">
        <name>X</name>
      </trkpt>
      <trkpt lat="51.4279" lon="4.36968">
        <name>X</name>
      </trkpt>
      <trkpt lat="51.42758" lon="4.36885">
        <name>X</name>
      </trkpt>
      <trkpt lat="51.42758" lon="4.36885">
        <name>X</name>
      </trkpt>
      <trkpt lat="51.42728" lon="4.36803">
        <name>X</name>
      </trkpt>
      <trkpt lat="51.42726" lon="4.36777">
        <name>X</name>
      </trkpt>
      <trkpt lat="51.42713" lon="4.36737">
        <name>X</name>
      </trkpt>
      <trkpt lat="51.42717" lon="4.36719">
        <name>X</name>
      </trkpt>
      <trkpt lat="51.42715" lon="4.36711">
        <name>X</name>
      </trkpt>
      <trkpt lat="51.42715" lon="4.36711">
        <name>X</name>
      </trkpt>
      <trkpt lat="51.42711" lon="4.36706">
        <name>X</name>
      </trkpt>
      <trkpt lat="51.427" lon="4.36709">
        <name>X</name>
      </trkpt>
      <trkpt lat="51.42696" lon="4.36717">
        <name>X</name>
      </trkpt>
      <trkpt lat="51.42679" lon="4.36711">
        <name>X</name>
      </trkpt>
      <trkpt lat="51.42664" lon="4.36702">
        <name>X</name>
      </trkpt>
      <trkpt lat="51.42604" lon="4.36636">
        <name>X</name>
      </trkpt>
      <trkpt lat="51.42574" lon="4.36606">
        <name>X</name>
      </trkpt>
      <trkpt lat="51.42537" lon="4.36576">
        <name>X</name>
      </trkpt>
      <trkpt lat="51.42496" lon="4.36544">
        <name>X</name>
      </trkpt>
      <trkpt lat="51.42396" lon="4.36475">
        <name>X</name>
      </trkpt>
      <trkpt lat="51.42361" lon="4.36443">
        <name>X</name>
      </trkpt>
      <trkpt lat="51.4232" lon="4.36398">
        <name>X</name>
      </trkpt>
      <trkpt lat="51.42308" lon="4.36382">
        <name>X</name>
      </trkpt>
      <trkpt lat="51.42308" lon="4.36376">
        <name>X</name>
      </trkpt>
      <trkpt lat="51.42299" lon="4.36348">
        <name>X</name>
      </trkpt>
      <trkpt lat="51.42132" lon="4.36095">
        <name>X</name>
      </trkpt>
      <trkpt lat="51.42104" lon="4.36067">
        <name>X</name>
      </trkpt>
      <trkpt lat="51.42007" lon="4.35992">
        <name>X</name>
      </trkpt>
      <trkpt lat="51.41998" lon="4.35986">
        <name>X</name>
      </trkpt>
      <trkpt lat="51.41771" lon="4.35827">
        <name>X</name>
      </trkpt>
      <trkpt lat="51.4172" lon="4.35792">
        <name>X</name>
      </trkpt>
      <trkpt lat="51.4169" lon="4.35765">
        <name>X</name>
      </trkpt>
      <trkpt lat="51.4167" lon="4.35758">
        <name>X</name>
      </trkpt>
      <trkpt lat="51.41653" lon="4.35741">
        <name>X</name>
      </trkpt>
      <trkpt lat="51.41634" lon="4.35726">
        <name>X</name>
      </trkpt>
      <trkpt lat="51.41634" lon="4.35726">
        <name>X</name>
      </trkpt>
      <trkpt lat="51.41621" lon="4.35722">
        <name>X</name>
      </trkpt>
      <trkpt lat="51.41589" lon="4.35696">
        <name>X</name>
      </trkpt>
      <trkpt lat="51.41488" lon="4.35608">
        <name>X</name>
      </trkpt>
      <trkpt lat="51.41477" lon="4.35602">
        <name>X</name>
      </trkpt>
      <trkpt lat="51.41462" lon="4.35591">
        <name>X</name>
      </trkpt>
      <trkpt lat="51.41445" lon="4.35586">
        <name>X</name>
      </trkpt>
      <trkpt lat="51.41434" lon="4.35582">
        <name>X</name>
      </trkpt>
      <trkpt lat="51.41393" lon="4.35544">
        <name>X</name>
      </trkpt>
      <trkpt lat="51.4134" lon="4.35494">
        <name>X</name>
      </trkpt>
      <trkpt lat="51.41235" lon="4.35383">
        <name>X</name>
      </trkpt>
      <trkpt lat="51.41119" lon="4.35254">
        <name>X</name>
      </trkpt>
      <trkpt lat="51.40962" lon="4.35059">
        <name>X</name>
      </trkpt>
      <trkpt lat="51.40947" lon="4.35039">
        <name>X</name>
      </trkpt>
      <trkpt lat="51.40947" lon="4.35039">
        <name>X</name>
      </trkpt>
      <trkpt lat="51.40934" lon="4.35018">
        <name>X</name>
      </trkpt>
      <trkpt lat="51.40926" lon="4.34981">
        <name>X</name>
      </trkpt>
      <trkpt lat="51.40924" lon="4.34975">
        <name>X</name>
      </trkpt>
      <trkpt lat="51.40926" lon="4.34962">
        <name>X</name>
      </trkpt>
      <trkpt lat="51.40928" lon="4.34958">
        <name>X</name>
      </trkpt>
      <trkpt lat="51.40919" lon="4.34941">
        <name>X</name>
      </trkpt>
      <trkpt lat="51.40908" lon="4.34926">
        <name>X</name>
      </trkpt>
      <trkpt lat="51.40894" lon="4.34941">
        <name>X</name>
      </trkpt>
      <trkpt lat="51.40887" lon="4.34938">
        <name>X</name>
      </trkpt>
      <trkpt lat="51.40883" lon="4.34954">
        <name>X</name>
      </trkpt>
      <trkpt lat="51.40881" lon="4.34962">
        <name>X</name>
      </trkpt>
      <trkpt lat="51.40872" lon="4.34968">
        <name>X</name>
      </trkpt>
      <trkpt lat="51.40859" lon="4.34977">
        <name>X</name>
      </trkpt>
      <trkpt lat="51.4079" lon="4.35059">
        <name>X</name>
      </trkpt>
      <trkpt lat="51.40763" lon="4.35089">
        <name>X</name>
      </trkpt>
      <trkpt lat="51.40503" lon="4.35329">
        <name>X</name>
      </trkpt>
      <trkpt lat="51.40387" lon="4.3543">
        <name>X</name>
      </trkpt>
      <trkpt lat="51.40387" lon="4.3543">
        <name>X</name>
      </trkpt>
      <trkpt lat="51.40344" lon="4.35451">
        <name>X</name>
      </trkpt>
      <trkpt lat="51.40014" lon="4.35565">
        <name>X</name>
      </trkpt>
      <trkpt lat="51.39973" lon="4.35574">
        <name>X</name>
      </trkpt>
      <trkpt lat="51.39973" lon="4.35574">
        <name>X</name>
      </trkpt>
      <trkpt lat="51.39954" lon="4.35576">
        <name>X</name>
      </trkpt>
      <trkpt lat="51.39756" lon="4.35554">
        <name>X</name>
      </trkpt>
      <trkpt lat="51.39733" lon="4.35556">
        <name>X</name>
      </trkpt>
      <trkpt lat="51.39677" lon="4.3558">
        <name>X</name>
      </trkpt>
      <trkpt lat="51.39638" lon="4.35599">
        <name>X</name>
      </trkpt>
      <trkpt lat="51.39402" lon="4.35765">
        <name>X</name>
      </trkpt>
      <trkpt lat="51.39394" lon="4.35762">
        <name>X</name>
      </trkpt>
      <trkpt lat="51.39374" lon="4.35722">
        <name>X</name>
      </trkpt>
      <trkpt lat="51.39364" lon="4.35704">
        <name>X</name>
      </trkpt>
      <trkpt lat="51.39364" lon="4.35704">
        <name>X</name>
      </trkpt>
      <trkpt lat="51.39351" lon="4.35689">
        <name>X</name>
      </trkpt>
      <trkpt lat="51.39351" lon="4.35689">
        <name>X</name>
      </trkpt>
      <trkpt lat="51.39316" lon="4.35666">
        <name>X</name>
      </trkpt>
      <trkpt lat="51.39306" lon="4.35653">
        <name>X</name>
      </trkpt>
      <trkpt lat="51.39293" lon="4.35636">
        <name>X</name>
      </trkpt>
      <trkpt lat="51.39284" lon="4.35619">
        <name>X</name>
      </trkpt>
      <trkpt lat="51.39269" lon="4.35586">
        <name>X</name>
      </trkpt>
      <trkpt lat="51.39224" lon="4.35462">
        <name>X</name>
      </trkpt>
      <trkpt lat="51.39211" lon="4.35428">
        <name>X</name>
      </trkpt>
      <trkpt lat="51.39205" lon="4.35393">
        <name>X</name>
      </trkpt>
      <trkpt lat="51.39181" lon="4.35286">
        <name>X</name>
      </trkpt>
      <trkpt lat="51.39175" lon="4.35241">
        <name>X</name>
      </trkpt>
      <trkpt lat="51.3917" lon="4.35205">
        <name>X</name>
      </trkpt>
      <trkpt lat="51.39164" lon="4.35123">
        <name>X</name>
      </trkpt>
      <trkpt lat="51.3916" lon="4.35059">
        <name>X</name>
      </trkpt>
      <trkpt lat="51.3916" lon="4.35044">
        <name>X</name>
      </trkpt>
      <trkpt lat="51.39158" lon="4.34968">
        <name>X</name>
      </trkpt>
      <trkpt lat="51.39166" lon="4.34904">
        <name>X</name>
      </trkpt>
      <trkpt lat="51.39166" lon="4.34896">
        <name>X</name>
      </trkpt>
      <trkpt lat="51.39134" lon="4.34578">
        <name>X</name>
      </trkpt>
      <trkpt lat="51.39132" lon="4.34569">
        <name>X</name>
      </trkpt>
      <trkpt lat="51.39104" lon="4.34202">
        <name>X</name>
      </trkpt>
      <trkpt lat="51.39104" lon="4.34187">
        <name>X</name>
      </trkpt>
      <trkpt lat="51.39128" lon="4.33943">
        <name>X</name>
      </trkpt>
      <trkpt lat="51.3914" lon="4.33818">
        <name>X</name>
      </trkpt>
      <trkpt lat="51.39151" lon="4.33793">
        <name>X</name>
      </trkpt>
      <trkpt lat="51.39164" lon="4.33754">
        <name>X</name>
      </trkpt>
      <trkpt lat="51.39256" lon="4.33805">
        <name>X</name>
      </trkpt>
      <trkpt lat="51.39286" lon="4.33816">
        <name>X</name>
      </trkpt>
      <trkpt lat="51.39398" lon="4.33838">
        <name>X</name>
      </trkpt>
      <trkpt lat="51.39443" lon="4.33842">
        <name>X</name>
      </trkpt>
      <trkpt lat="51.39443" lon="4.33842">
        <name>X</name>
      </trkpt>
      <trkpt lat="51.39447" lon="4.33735">
        <name>X</name>
      </trkpt>
      <trkpt lat="51.3946" lon="4.33537">
        <name>X</name>
      </trkpt>
      <trkpt lat="51.3946" lon="4.33524">
        <name>X</name>
      </trkpt>
      <trkpt lat="51.39475" lon="4.33323">
        <name>X</name>
      </trkpt>
      <trkpt lat="51.39482" lon="4.3323">
        <name>X</name>
      </trkpt>
      <trkpt lat="51.39484" lon="4.33215">
        <name>X</name>
      </trkpt>
      <trkpt lat="51.3949" lon="4.33162">
        <name>X</name>
      </trkpt>
      <trkpt lat="51.3952" lon="4.32977">
        <name>X</name>
      </trkpt>
      <trkpt lat="51.39516" lon="4.32958">
        <name>X</name>
      </trkpt>
      <trkpt lat="51.39668" lon="4.32833">
        <name>X</name>
      </trkpt>
      <trkpt lat="51.39677" lon="4.32814">
        <name>X</name>
      </trkpt>
      <trkpt lat="51.39677" lon="4.32814">
        <name>X</name>
      </trkpt>
      <trkpt lat="51.3969" lon="4.32823">
        <name>X</name>
      </trkpt>
      <trkpt lat="51.39776" lon="4.32911">
        <name>X</name>
      </trkpt>
      <trkpt lat="51.39788" lon="4.32928">
        <name>X</name>
      </trkpt>
      <trkpt lat="51.39803" lon="4.32958">
        <name>X</name>
      </trkpt>
      <trkpt lat="51.39812" lon="4.32979">
        <name>X</name>
      </trkpt>
      <trkpt lat="51.39939" lon="4.33303">
        <name>X</name>
      </trkpt>
      <trkpt lat="51.40005" lon="4.33482">
        <name>X</name>
      </trkpt>
      <trkpt lat="51.40005" lon="4.33482">
        <name>X</name>
      </trkpt>
      <trkpt lat="51.40003" lon="4.3349">
        <name>X</name>
      </trkpt>
      <trkpt lat="51.40005" lon="4.33505">
        <name>X</name>
      </trkpt>
      <trkpt lat="51.40012" lon="4.33531">
        <name>X</name>
      </trkpt>
      <trkpt lat="51.40095" lon="4.33784">
        <name>X</name>
      </trkpt>
      <trkpt lat="51.40104" lon="4.33793">
        <name>X</name>
      </trkpt>
      <trkpt lat="51.40104" lon="4.33793">
        <name>X</name>
      </trkpt>
      <trkpt lat="51.40134" lon="4.33889">
        <name>X</name>
      </trkpt>
      <trkpt lat="51.40136" lon="4.33908">
        <name>X</name>
      </trkpt>
      <trkpt lat="51.40138" lon="4.33919">
        <name>X</name>
      </trkpt>
      <trkpt lat="51.40147" lon="4.33934">
        <name>X</name>
      </trkpt>
      <trkpt lat="51.40175" lon="4.34001">
        <name>X</name>
      </trkpt>
      <trkpt lat="51.40196" lon="4.34067">
        <name>X</name>
      </trkpt>
      <trkpt lat="51.402" lon="4.3408">
        <name>X</name>
      </trkpt>
      <trkpt lat="51.402" lon="4.3408">
        <name>X</name>
      </trkpt>
      <trkpt lat="51.40211" lon="4.34084">
        <name>X</name>
      </trkpt>
      <trkpt lat="51.40211" lon="4.34084">
        <name>X</name>
      </trkpt>
      <trkpt lat="51.4023" lon="4.34132">
        <name>X</name>
      </trkpt>
      <trkpt lat="51.40239" lon="4.34144">
        <name>X</name>
      </trkpt>
      <trkpt lat="51.4025" lon="4.3416">
        <name>X</name>
      </trkpt>
      <trkpt lat="51.40303" lon="4.34224">
        <name>X</name>
      </trkpt>
      <trkpt lat="51.40323" lon="4.3425">
        <name>X</name>
      </trkpt>
      <trkpt lat="51.40323" lon="4.3425">
        <name>X</name>
      </trkpt>
      <trkpt lat="51.40351" lon="4.34277">
        <name>X</name>
      </trkpt>
      <trkpt lat="51.40364" lon="4.34284">
        <name>X</name>
      </trkpt>
      <trkpt lat="51.40368" lon="4.34286">
        <name>X</name>
      </trkpt>
      <trkpt lat="51.40387" lon="4.34305">
        <name>X</name>
      </trkpt>
      <trkpt lat="51.40494" lon="4.34419">
        <name>X</name>
      </trkpt>
      <trkpt lat="51.40524" lon="4.3446">
        <name>X</name>
      </trkpt>
      <trkpt lat="51.40542" lon="4.34488">
        <name>X</name>
      </trkpt>
      <trkpt lat="51.40542" lon="4.34488">
        <name>X</name>
      </trkpt>
      <trkpt lat="51.40604" lon="4.34608">
        <name>X</name>
      </trkpt>
      <trkpt lat="51.40612" lon="4.34619">
        <name>X</name>
      </trkpt>
      <trkpt lat="51.40617" lon="4.34625">
        <name>X</name>
      </trkpt>
      <trkpt lat="51.40675" lon="4.34516">
        <name>X</name>
      </trkpt>
      <trkpt lat="51.40732" lon="4.34411">
        <name>X</name>
      </trkpt>
      <trkpt lat="51.40988" lon="4.33951">
        <name>X</name>
      </trkpt>
      <trkpt lat="51.4102" lon="4.33891">
        <name>X</name>
      </trkpt>
      <trkpt lat="51.41207" lon="4.34254">
        <name>X</name>
      </trkpt>
      <trkpt lat="51.41254" lon="4.34325">
        <name>X</name>
      </trkpt>
      <trkpt lat="51.41465" lon="4.33903">
        <name>X</name>
      </trkpt>
      <trkpt lat="51.41473" lon="4.33887">
        <name>X</name>
      </trkpt>
      <trkpt lat="51.41509" lon="4.33799">
        <name>X</name>
      </trkpt>
      <trkpt lat="51.41524" lon="4.33765">
        <name>X</name>
      </trkpt>
      <trkpt lat="51.41524" lon="4.33765">
        <name>X</name>
      </trkpt>
      <trkpt lat="51.41593" lon="4.33632">
        <name>X</name>
      </trkpt>
      <trkpt lat="51.41593" lon="4.33632">
        <name>X</name>
      </trkpt>
      <trkpt lat="51.41608" lon="4.33614">
        <name>X</name>
      </trkpt>
      <trkpt lat="51.41644" lon="4.33544">
        <name>X</name>
      </trkpt>
      <trkpt lat="51.41655" lon="4.33524">
        <name>X</name>
      </trkpt>
      <trkpt lat="51.41655" lon="4.33515">
        <name>X</name>
      </trkpt>
      <trkpt lat="51.41655" lon="4.33507">
        <name>X</name>
      </trkpt>
      <trkpt lat="51.4166" lon="4.33494">
        <name>X</name>
      </trkpt>
      <trkpt lat="51.41666" lon="4.33486">
        <name>X</name>
      </trkpt>
      <trkpt lat="51.41683" lon="4.33486">
        <name>X</name>
      </trkpt>
      <trkpt lat="51.41687" lon="4.3349">
        <name>X</name>
      </trkpt>
      <trkpt lat="51.417" lon="4.33513">
        <name>X</name>
      </trkpt>
      <trkpt lat="51.41705" lon="4.33522">
        <name>X</name>
      </trkpt>
      <trkpt lat="51.41711" lon="4.3355">
        <name>X</name>
      </trkpt>
      <trkpt lat="51.41715" lon="4.33557">
        <name>X</name>
      </trkpt>
      <trkpt lat="51.41732" lon="4.33574">
        <name>X</name>
      </trkpt>
      <trkpt lat="51.4175" lon="4.33587">
        <name>X</name>
      </trkpt>
      <trkpt lat="51.41767" lon="4.33589">
        <name>X</name>
      </trkpt>
      <trkpt lat="51.41786" lon="4.33593">
        <name>X</name>
      </trkpt>
      <trkpt lat="51.41786" lon="4.33593">
        <name>X</name>
      </trkpt>
      <trkpt lat="51.41878" lon="4.33589">
        <name>X</name>
      </trkpt>
      <trkpt lat="51.42121" lon="4.33589">
        <name>X</name>
      </trkpt>
      <trkpt lat="51.42288" lon="4.33584">
        <name>X</name>
      </trkpt>
      <trkpt lat="51.42299" lon="4.33576">
        <name>X</name>
      </trkpt>
      <trkpt lat="51.42314" lon="4.33569">
        <name>X</name>
      </trkpt>
      <trkpt lat="51.42314" lon="4.33569">
        <name>X</name>
      </trkpt>
      <trkpt lat="51.42318" lon="4.33542">
        <name>X</name>
      </trkpt>
      <trkpt lat="51.42314" lon="4.3337">
        <name>X</name>
      </trkpt>
      <trkpt lat="51.42314" lon="4.33359">
        <name>X</name>
      </trkpt>
      <trkpt lat="51.42318" lon="4.33342">
        <name>X</name>
      </trkpt>
      <trkpt lat="51.42314" lon="4.33166">
        <name>X</name>
      </trkpt>
      <trkpt lat="51.42327" lon="4.33166">
        <name>X</name>
      </trkpt>
      <trkpt lat="51.42322" lon="4.33001">
        <name>X</name>
      </trkpt>
      <trkpt lat="51.4228" lon="4.32554">
        <name>X</name>
      </trkpt>
      <trkpt lat="51.42275" lon="4.32507">
        <name>X</name>
      </trkpt>
      <trkpt lat="51.42269" lon="4.32462">
        <name>X</name>
      </trkpt>
      <trkpt lat="51.42265" lon="4.32458">
        <name>X</name>
      </trkpt>
      <trkpt lat="51.42265" lon="4.32441">
        <name>X</name>
      </trkpt>
      <trkpt lat="51.4226" lon="4.32402">
        <name>X</name>
      </trkpt>
      <trkpt lat="51.4226" lon="4.32374">
        <name>X</name>
      </trkpt>
      <trkpt lat="51.4226" lon="4.32342">
        <name>X</name>
      </trkpt>
      <trkpt lat="51.42265" lon="4.32331">
        <name>X</name>
      </trkpt>
      <trkpt lat="51.42265" lon="4.32325">
        <name>X</name>
      </trkpt>
      <trkpt lat="51.42316" lon="4.32336">
        <name>X</name>
      </trkpt>
      <trkpt lat="51.4237" lon="4.32348">
        <name>X</name>
      </trkpt>
      <trkpt lat="51.42393" lon="4.32351">
        <name>X</name>
      </trkpt>
      <trkpt lat="51.42402" lon="4.32351">
        <name>X</name>
      </trkpt>
      <trkpt lat="51.42402" lon="4.32351">
        <name>X</name>
      </trkpt>
      <trkpt lat="51.42421" lon="4.32344">
        <name>X</name>
      </trkpt>
      <trkpt lat="51.42462" lon="4.32318">
        <name>X</name>
      </trkpt>
      <trkpt lat="51.42503" lon="4.32299">
        <name>X</name>
      </trkpt>
      <trkpt lat="51.42559" lon="4.32254">
        <name>X</name>
      </trkpt>
      <trkpt lat="51.42584" lon="4.32233">
        <name>X</name>
      </trkpt>
      <trkpt lat="51.42707" lon="4.32119">
        <name>X</name>
      </trkpt>
      <trkpt lat="51.42711" lon="4.32115">
        <name>X</name>
      </trkpt>
      <trkpt lat="51.42848" lon="4.31932">
        <name>X</name>
      </trkpt>
      <trkpt lat="51.42859" lon="4.31928">
        <name>X</name>
      </trkpt>
      <trkpt lat="51.42859" lon="4.31928">
        <name>X</name>
      </trkpt>
      <trkpt lat="51.42865" lon="4.31919">
        <name>X</name>
      </trkpt>
      <trkpt lat="51.4287" lon="4.31906">
        <name>X</name>
      </trkpt>
      <trkpt lat="51.42876" lon="4.31894">
        <name>X</name>
      </trkpt>
      <trkpt lat="51.43458" lon="4.3187">
        <name>X</name>
      </trkpt>
      <trkpt lat="51.43475" lon="4.3187">
        <name>X</name>
      </trkpt>
      <trkpt lat="51.43475" lon="4.3187">
        <name>X</name>
      </trkpt>
      <trkpt lat="51.43475" lon="4.31863">
        <name>X</name>
      </trkpt>
      <trkpt lat="51.43492" lon="4.31861">
        <name>X</name>
      </trkpt>
      <trkpt lat="51.43511" lon="4.31857">
        <name>X</name>
      </trkpt>
      <trkpt lat="51.43664" lon="4.31808">
        <name>X</name>
      </trkpt>
      <trkpt lat="51.43704" lon="4.31801">
        <name>X</name>
      </trkpt>
      <trkpt lat="51.43704" lon="4.31801">
        <name>X</name>
      </trkpt>
      <trkpt lat="51.43732" lon="4.31801">
        <name>X</name>
      </trkpt>
      <trkpt lat="51.4384" lon="4.31816">
        <name>X</name>
      </trkpt>
      <trkpt lat="51.43855" lon="4.31818">
        <name>X</name>
      </trkpt>
      <trkpt lat="51.4388" lon="4.31818">
        <name>X</name>
      </trkpt>
      <trkpt lat="51.43891" lon="4.31814">
        <name>X</name>
      </trkpt>
      <trkpt lat="51.43891" lon="4.31814">
        <name>X</name>
      </trkpt>
      <trkpt lat="51.43902" lon="4.31808">
        <name>X</name>
      </trkpt>
      <trkpt lat="51.43934" lon="4.31776">
        <name>X</name>
      </trkpt>
      <trkpt lat="51.43975" lon="4.31735">
        <name>X</name>
      </trkpt>
      <trkpt lat="51.44082" lon="4.31608">
        <name>X</name>
      </trkpt>
      <trkpt lat="51.44116" lon="4.31565">
        <name>X</name>
      </trkpt>
      <trkpt lat="51.44116" lon="4.31565">
        <name>X</name>
      </trkpt>
      <trkpt lat="51.44131" lon="4.31552">
        <name>X</name>
      </trkpt>
      <trkpt lat="51.44241" lon="4.31494">
        <name>X</name>
      </trkpt>
      <trkpt lat="51.44247" lon="4.31486">
        <name>X</name>
      </trkpt>
      <trkpt lat="51.44252" lon="4.31477">
        <name>X</name>
      </trkpt>
      <trkpt lat="51.44254" lon="4.31464">
        <name>X</name>
      </trkpt>
      <trkpt lat="51.44254" lon="4.31443">
        <name>X</name>
      </trkpt>
      <trkpt lat="51.44252" lon="4.31426">
        <name>X</name>
      </trkpt>
      <trkpt lat="51.44249" lon="4.31422">
        <name>X</name>
      </trkpt>
      <trkpt lat="51.44187" lon="4.31316">
        <name>X</name>
      </trkpt>
      <trkpt lat="51.44187" lon="4.31316">
        <name>X</name>
      </trkpt>
      <trkpt lat="51.44183" lon="4.31308">
        <name>X</name>
      </trkpt>
      <trkpt lat="51.44183" lon="4.31295">
        <name>X</name>
      </trkpt>
      <trkpt lat="51.44185" lon="4.31291">
        <name>X</name>
      </trkpt>
      <trkpt lat="51.44185" lon="4.31291">
        <name>X</name>
      </trkpt>
      <trkpt lat="51.44239" lon="4.31265">
        <name>X</name>
      </trkpt>
      <trkpt lat="51.4426" lon="4.31258">
        <name>X</name>
      </trkpt>
      <trkpt lat="51.44271" lon="4.31256">
        <name>X</name>
      </trkpt>
      <trkpt lat="51.44324" lon="4.31271">
        <name>X</name>
      </trkpt>
      <trkpt lat="51.44337" lon="4.31267">
        <name>X</name>
      </trkpt>
      <trkpt lat="51.44348" lon="4.31261">
        <name>X</name>
      </trkpt>
      <trkpt lat="51.44361" lon="4.31248">
        <name>X</name>
      </trkpt>
      <trkpt lat="51.44389" lon="4.31213">
        <name>X</name>
      </trkpt>
      <trkpt lat="51.44398" lon="4.31207">
        <name>X</name>
      </trkpt>
      <trkpt lat="51.44507" lon="4.31158">
        <name>X</name>
      </trkpt>
      <trkpt lat="51.44524" lon="4.31149">
        <name>X</name>
      </trkpt>
      <trkpt lat="51.44537" lon="4.31149">
        <name>X</name>
      </trkpt>
      <trkpt lat="51.44541" lon="4.31151">
        <name>X</name>
      </trkpt>
      <trkpt lat="51.44541" lon="4.31151">
        <name>X</name>
      </trkpt>
      <trkpt lat="51.44588" lon="4.31246">
        <name>X</name>
      </trkpt>
      <trkpt lat="51.44625" lon="4.3131">
        <name>X</name>
      </trkpt>
      <trkpt lat="51.44636" lon="4.31323">
        <name>X</name>
      </trkpt>
      <trkpt lat="51.44636" lon="4.31323">
        <name>X</name>
      </trkpt>
      <trkpt lat="51.44646" lon="4.31334">
        <name>X</name>
      </trkpt>
      <trkpt lat="51.44666" lon="4.31344">
        <name>X</name>
      </trkpt>
      <trkpt lat="51.44681" lon="4.31351">
        <name>X</name>
      </trkpt>
      <trkpt lat="51.44734" lon="4.31361">
        <name>X</name>
      </trkpt>
      <trkpt lat="51.44786" lon="4.3137">
        <name>X</name>
      </trkpt>
      <trkpt lat="51.44799" lon="4.3137">
        <name>X</name>
      </trkpt>
      <trkpt lat="51.44818" lon="4.31364">
        <name>X</name>
      </trkpt>
      <trkpt lat="51.44837" lon="4.31353">
        <name>X</name>
      </trkpt>
      <trkpt lat="51.44867" lon="4.31344">
        <name>X</name>
      </trkpt>
      <trkpt lat="51.44992" lon="4.31334">
        <name>X</name>
      </trkpt>
      <trkpt lat="51.45003" lon="4.31331">
        <name>X</name>
      </trkpt>
      <trkpt lat="51.45007" lon="4.31327">
        <name>X</name>
      </trkpt>
      <trkpt lat="51.45009" lon="4.31321">
        <name>X</name>
      </trkpt>
      <trkpt lat="51.45016" lon="4.31316">
        <name>X</name>
      </trkpt>
      <trkpt lat="51.45022" lon="4.3131">
        <name>X</name>
      </trkpt>
      <trkpt lat="51.45052" lon="4.31293">
        <name>X</name>
      </trkpt>
      <trkpt lat="51.45065" lon="4.31291">
        <name>X</name>
      </trkpt>
      <trkpt lat="51.4538" lon="4.31282">
        <name>X</name>
      </trkpt>
      <trkpt lat="51.45505" lon="4.3128">
        <name>X</name>
      </trkpt>
      <trkpt lat="51.45694" lon="4.31258">
        <name>X</name>
      </trkpt>
      <trkpt lat="51.45762" lon="4.31246">
        <name>X</name>
      </trkpt>
      <trkpt lat="51.45912" lon="4.31203">
        <name>X</name>
      </trkpt>
      <trkpt lat="51.45985" lon="4.31177">
        <name>X</name>
      </trkpt>
      <trkpt lat="51.46095" lon="4.31125">
        <name>X</name>
      </trkpt>
      <trkpt lat="51.46337" lon="4.30997">
        <name>X</name>
      </trkpt>
      <trkpt lat="51.46359" lon="4.30988">
        <name>X</name>
      </trkpt>
      <trkpt lat="51.46425" lon="4.30962">
        <name>X</name>
      </trkpt>
      <trkpt lat="51.46485" lon="4.30924">
        <name>X</name>
      </trkpt>
      <trkpt lat="51.46537" lon="4.30892">
        <name>X</name>
      </trkpt>
      <trkpt lat="51.46708" lon="4.30765">
        <name>X</name>
      </trkpt>
      <trkpt lat="51.46764" lon="4.30726">
        <name>X</name>
      </trkpt>
      <trkpt lat="51.46792" lon="4.30703">
        <name>X</name>
      </trkpt>
      <trkpt lat="51.4682" lon="4.30688">
        <name>X</name>
      </trkpt>
      <trkpt lat="51.46844" lon="4.30664">
        <name>X</name>
      </trkpt>
      <trkpt lat="51.46861" lon="4.3063">
        <name>X</name>
      </trkpt>
      <trkpt lat="51.46985" lon="4.30494">
        <name>X</name>
      </trkpt>
      <trkpt lat="51.47" lon="4.30477">
        <name>X</name>
      </trkpt>
      <trkpt lat="51.47" lon="4.30477">
        <name>X</name>
      </trkpt>
      <trkpt lat="51.47032" lon="4.3045">
        <name>X</name>
      </trkpt>
      <trkpt lat="51.47112" lon="4.30407">
        <name>X</name>
      </trkpt>
      <trkpt lat="51.47129" lon="4.30394">
        <name>X</name>
      </trkpt>
      <trkpt lat="51.47138" lon="4.30389">
        <name>X</name>
      </trkpt>
      <trkpt lat="51.47153" lon="4.30389">
        <name>X</name>
      </trkpt>
      <trkpt lat="51.47166" lon="4.30394">
        <name>X</name>
      </trkpt>
      <trkpt lat="51.47181" lon="4.30398">
        <name>X</name>
      </trkpt>
      <trkpt lat="51.47232" lon="4.304">
        <name>X</name>
      </trkpt>
      <trkpt lat="51.47277" lon="4.304">
        <name>X</name>
      </trkpt>
      <trkpt lat="51.47324" lon="4.30392">
        <name>X</name>
      </trkpt>
      <trkpt lat="51.47344" lon="4.30385">
        <name>X</name>
      </trkpt>
      <trkpt lat="51.47419" lon="4.30346">
        <name>X</name>
      </trkpt>
      <trkpt lat="51.47436" lon="4.30331">
        <name>X</name>
      </trkpt>
      <trkpt lat="51.4758" lon="4.30256">
        <name>X</name>
      </trkpt>
      <trkpt lat="51.47588" lon="4.30252">
        <name>X</name>
      </trkpt>
      <trkpt lat="51.47655" lon="4.30235">
        <name>X</name>
      </trkpt>
      <trkpt lat="51.4767" lon="4.30231">
        <name>X</name>
      </trkpt>
      <trkpt lat="51.47676" lon="4.30233">
        <name>X</name>
      </trkpt>
      <trkpt lat="51.47741" lon="4.30218">
        <name>X</name>
      </trkpt>
      <trkpt lat="51.47741" lon="4.30218">
        <name>X</name>
      </trkpt>
      <trkpt lat="51.4776" lon="4.30211">
        <name>X</name>
      </trkpt>
      <trkpt lat="51.47782" lon="4.30198">
        <name>X</name>
      </trkpt>
      <trkpt lat="51.47861" lon="4.30164">
        <name>X</name>
      </trkpt>
      <trkpt lat="51.47874" lon="4.30155">
        <name>X</name>
      </trkpt>
      <trkpt lat="51.47942" lon="4.30102">
        <name>X</name>
      </trkpt>
      <trkpt lat="51.47942" lon="4.30102">
        <name>X</name>
      </trkpt>
      <trkpt lat="51.47949" lon="4.30102">
        <name>X</name>
      </trkpt>
      <trkpt lat="51.47957" lon="4.30095">
        <name>X</name>
      </trkpt>
      <trkpt lat="51.47966" lon="4.30089">
        <name>X</name>
      </trkpt>
      <trkpt lat="51.47966" lon="4.30089">
        <name>X</name>
      </trkpt>
      <trkpt lat="51.47974" lon="4.3008">
        <name>X</name>
      </trkpt>
      <trkpt lat="51.47968" lon="4.30057">
        <name>X</name>
      </trkpt>
      <trkpt lat="51.47964" lon="4.30044">
        <name>X</name>
      </trkpt>
      <trkpt lat="51.47964" lon="4.30044">
        <name>X</name>
      </trkpt>
      <trkpt lat="51.47957" lon="4.30046">
        <name>X</name>
      </trkpt>
      <trkpt lat="51.47934" lon="4.29988">
        <name>X</name>
      </trkpt>
      <trkpt lat="51.47923" lon="4.2996">
        <name>X</name>
      </trkpt>
      <trkpt lat="51.47891" lon="4.299">
        <name>X</name>
      </trkpt>
      <trkpt lat="51.47872" lon="4.29881">
        <name>X</name>
      </trkpt>
      <trkpt lat="51.47831" lon="4.29868">
        <name>X</name>
      </trkpt>
      <trkpt lat="51.47826" lon="4.29868">
        <name>X</name>
      </trkpt>
      <trkpt lat="51.4779" lon="4.29892">
        <name>X</name>
      </trkpt>
      <trkpt lat="51.47777" lon="4.299">
        <name>X</name>
      </trkpt>
      <trkpt lat="51.4773" lon="4.29922">
        <name>X</name>
      </trkpt>
      <trkpt lat="51.47708" lon="4.29922">
        <name>X</name>
      </trkpt>
      <trkpt lat="51.477" lon="4.29917">
        <name>X</name>
      </trkpt>
      <trkpt lat="51.47689" lon="4.29913">
        <name>X</name>
      </trkpt>
      <trkpt lat="51.47638" lon="4.29857">
        <name>X</name>
      </trkpt>
      <trkpt lat="51.47631" lon="4.29838">
        <name>X</name>
      </trkpt>
      <trkpt lat="51.47646" lon="4.29784">
        <name>X</name>
      </trkpt>
      <trkpt lat="51.4765" lon="4.29752">
        <name>X</name>
      </trkpt>
      <trkpt lat="51.4765" lon="4.29752">
        <name>X</name>
      </trkpt>
      <trkpt lat="51.47653" lon="4.29733">
        <name>X</name>
      </trkpt>
      <trkpt lat="51.47653" lon="4.29664">
        <name>X</name>
      </trkpt>
      <trkpt lat="51.47648" lon="4.29546">
        <name>X</name>
      </trkpt>
      <trkpt lat="51.47642" lon="4.29486">
        <name>X</name>
      </trkpt>
      <trkpt lat="51.47636" lon="4.29422">
        <name>X</name>
      </trkpt>
      <trkpt lat="51.47631" lon="4.294">
        <name>X</name>
      </trkpt>
      <trkpt lat="51.47627" lon="4.29372">
        <name>X</name>
      </trkpt>
      <trkpt lat="51.4761" lon="4.29379">
        <name>X</name>
      </trkpt>
      <trkpt lat="51.47601" lon="4.29381">
        <name>X</name>
      </trkpt>
      <trkpt lat="51.476" lon="4.2937">
        <name>X</name>
      </trkpt>
      <trkpt lat="51.47582" lon="4.29237">
        <name>X</name>
      </trkpt>
      <trkpt lat="51.47554" lon="4.2907">
        <name>X</name>
      </trkpt>
      <trkpt lat="51.47541" lon="4.28969">
        <name>X</name>
      </trkpt>
      <trkpt lat="51.47541" lon="4.28969">
        <name>X</name>
      </trkpt>
      <trkpt lat="51.47541" lon="4.28894">
        <name>X</name>
      </trkpt>
      <trkpt lat="51.47543" lon="4.28868">
        <name>X</name>
      </trkpt>
      <trkpt lat="51.47548" lon="4.2884">
        <name>X</name>
      </trkpt>
      <trkpt lat="51.47578" lon="4.28737">
        <name>X</name>
      </trkpt>
      <trkpt lat="51.47578" lon="4.28729">
        <name>X</name>
      </trkpt>
      <trkpt lat="51.47575" lon="4.28722">
        <name>X</name>
      </trkpt>
      <trkpt lat="51.47537" lon="4.28666">
        <name>X</name>
      </trkpt>
      <trkpt lat="51.47526" lon="4.2866">
        <name>X</name>
      </trkpt>
      <trkpt lat="51.47517" lon="4.28656">
        <name>X</name>
      </trkpt>
      <trkpt lat="51.47502" lon="4.28632">
        <name>X</name>
      </trkpt>
      <trkpt lat="51.47485" lon="4.286">
        <name>X</name>
      </trkpt>
      <trkpt lat="51.47474" lon="4.28576">
        <name>X</name>
      </trkpt>
      <trkpt lat="51.47466" lon="4.28548">
        <name>X</name>
      </trkpt>
      <trkpt lat="51.47454" lon="4.28481">
        <name>X</name>
      </trkpt>
      <trkpt lat="51.47451" lon="4.28467">
        <name>X</name>
      </trkpt>
      <trkpt lat="51.47505" lon="4.28435">
        <name>X</name>
      </trkpt>
      <trkpt lat="51.47565" lon="4.28402">
        <name>X</name>
      </trkpt>
      <trkpt lat="51.47848" lon="4.28254">
        <name>X</name>
      </trkpt>
      <trkpt lat="51.47863" lon="4.28246">
        <name>X</name>
      </trkpt>
      <trkpt lat="51.47863" lon="4.28246">
        <name>X</name>
      </trkpt>
      <trkpt lat="51.47854" lon="4.28196">
        <name>X</name>
      </trkpt>
      <trkpt lat="51.47831" lon="4.28098">
        <name>X</name>
      </trkpt>
      <trkpt lat="51.47833" lon="4.28093">
        <name>X</name>
      </trkpt>
      <trkpt lat="51.48032" lon="4.2799">
        <name>X</name>
      </trkpt>
      <trkpt lat="51.48039" lon="4.27986">
        <name>X</name>
      </trkpt>
      <trkpt lat="51.48052" lon="4.27988">
        <name>X</name>
      </trkpt>
      <trkpt lat="51.48062" lon="4.27995">
        <name>X</name>
      </trkpt>
      <trkpt lat="51.48062" lon="4.27995">
        <name>X</name>
      </trkpt>
      <trkpt lat="51.48069" lon="4.28001">
        <name>X</name>
      </trkpt>
      <trkpt lat="51.48075" lon="4.28016">
        <name>X</name>
      </trkpt>
      <trkpt lat="51.48088" lon="4.28078">
        <name>X</name>
      </trkpt>
      <trkpt lat="51.48284" lon="4.27974">
        <name>X</name>
      </trkpt>
      <trkpt lat="51.48298" lon="4.27967">
        <name>X</name>
      </trkpt>
      <trkpt lat="51.48356" lon="4.28224">
        <name>X</name>
      </trkpt>
      <trkpt lat="51.48359" lon="4.28233">
        <name>X</name>
      </trkpt>
      <trkpt lat="51.48363" lon="4.28239">
        <name>X</name>
      </trkpt>
      <trkpt lat="51.48372" lon="4.28242">
        <name>X</name>
      </trkpt>
      <trkpt lat="51.48384" lon="4.28256">
        <name>X</name>
      </trkpt>
      <trkpt lat="51.48386" lon="4.28267">
        <name>X</name>
      </trkpt>
      <trkpt lat="51.48432" lon="4.28248">
        <name>X</name>
      </trkpt>
      <trkpt lat="51.48485" lon="4.28231">
        <name>X</name>
      </trkpt>
      <trkpt lat="51.48485" lon="4.28231">
        <name>X</name>
      </trkpt>
      <trkpt lat="51.4855" lon="4.28224">
        <name>X</name>
      </trkpt>
      <trkpt lat="51.48567" lon="4.28225">
        <name>X</name>
      </trkpt>
      <trkpt lat="51.48603" lon="4.28226">
        <name>X</name>
      </trkpt>
      <trkpt lat="51.48627" lon="4.28233">
        <name>X</name>
      </trkpt>
      <trkpt lat="51.4865" lon="4.28239">
        <name>X</name>
      </trkpt>
      <trkpt lat="51.4865" lon="4.28239">
        <name>X</name>
      </trkpt>
      <trkpt lat="51.4867" lon="4.2825">
        <name>X</name>
      </trkpt>
      <trkpt lat="51.48717" lon="4.28287">
        <name>X</name>
      </trkpt>
      <trkpt lat="51.48775" lon="4.28334">
        <name>X</name>
      </trkpt>
      <trkpt lat="51.48846" lon="4.28424">
        <name>X</name>
      </trkpt>
      <trkpt lat="51.48861" lon="4.28445">
        <name>X</name>
      </trkpt>
      <trkpt lat="51.48904" lon="4.28508">
        <name>X</name>
      </trkpt>
      <trkpt lat="51.4894" lon="4.28563">
        <name>X</name>
      </trkpt>
      <trkpt lat="51.48946" lon="4.28583">
        <name>X</name>
      </trkpt>
      <trkpt lat="51.48951" lon="4.28591">
        <name>X</name>
      </trkpt>
      <trkpt lat="51.48974" lon="4.28568">
        <name>X</name>
      </trkpt>
      <trkpt lat="51.48979" lon="4.28566">
        <name>X</name>
      </trkpt>
      <trkpt lat="51.48985" lon="4.28548">
        <name>X</name>
      </trkpt>
      <trkpt lat="51.49054" lon="4.28578">
        <name>X</name>
      </trkpt>
      <trkpt lat="51.49054" lon="4.28578">
        <name>X</name>
      </trkpt>
      <trkpt lat="51.49039" lon="4.28656">
        <name>X</name>
      </trkpt>
      <trkpt lat="51.49034" lon="4.2872">
        <name>X</name>
      </trkpt>
      <trkpt lat="51.49032" lon="4.28761">
        <name>X</name>
      </trkpt>
      <trkpt lat="51.49032" lon="4.28808">
        <name>X</name>
      </trkpt>
      <trkpt lat="51.49032" lon="4.28851">
        <name>X</name>
      </trkpt>
      <trkpt lat="51.49034" lon="4.28877">
        <name>X</name>
      </trkpt>
      <trkpt lat="51.49037" lon="4.28898">
        <name>X</name>
      </trkpt>
      <trkpt lat="51.49045" lon="4.28932">
        <name>X</name>
      </trkpt>
      <trkpt lat="51.4905" lon="4.28932">
        <name>X</name>
      </trkpt>
      <trkpt lat="51.49056" lon="4.28931">
        <name>X</name>
      </trkpt>
      <trkpt lat="51.49082" lon="4.28917">
        <name>X</name>
      </trkpt>
      <trkpt lat="51.49148" lon="4.2886">
        <name>X</name>
      </trkpt>
      <trkpt lat="51.49152" lon="4.2886">
        <name>X</name>
      </trkpt>
      <trkpt lat="51.49163" lon="4.28849">
        <name>X</name>
      </trkpt>
      <trkpt lat="51.49168" lon="4.2884">
        <name>X</name>
      </trkpt>
      <trkpt lat="51.49215" lon="4.28799">
        <name>X</name>
      </trkpt>
      <trkpt lat="51.49217" lon="4.28786">
        <name>X</name>
      </trkpt>
      <trkpt lat="51.49324" lon="4.28688">
        <name>X</name>
      </trkpt>
      <trkpt lat="51.49335" lon="4.28677">
        <name>X</name>
      </trkpt>
      <trkpt lat="51.49337" lon="4.2869">
        <name>X</name>
      </trkpt>
      <trkpt lat="51.49339" lon="4.28707">
        <name>X</name>
      </trkpt>
      <trkpt lat="51.49339" lon="4.28707">
        <name>X</name>
      </trkpt>
      <trkpt lat="51.49352" lon="4.28709">
        <name>X</name>
      </trkpt>
      <trkpt lat="51.49371" lon="4.28705">
        <name>X</name>
      </trkpt>
      <trkpt lat="51.4938" lon="4.28703">
        <name>X</name>
      </trkpt>
      <trkpt lat="51.49389" lon="4.2872">
        <name>X</name>
      </trkpt>
      <trkpt lat="51.49393" lon="4.28724">
        <name>X</name>
      </trkpt>
      <trkpt lat="51.49405" lon="4.2872">
        <name>X</name>
      </trkpt>
      <trkpt lat="51.49412" lon="4.28718">
        <name>X</name>
      </trkpt>
      <trkpt lat="51.49483" lon="4.28583">
        <name>X</name>
      </trkpt>
      <trkpt lat="51.49487" lon="4.28574">
        <name>X</name>
      </trkpt>
      <trkpt lat="51.49487" lon="4.28574">
        <name>X</name>
      </trkpt>
      <trkpt lat="51.49524" lon="4.28508">
        <name>X</name>
      </trkpt>
      <trkpt lat="51.49532" lon="4.28497">
        <name>X</name>
      </trkpt>
      <trkpt lat="51.49537" lon="4.28493">
        <name>X</name>
      </trkpt>
      <trkpt lat="51.49592" lon="4.28456">
        <name>X</name>
      </trkpt>
      <trkpt lat="51.49642" lon="4.2843">
        <name>X</name>
      </trkpt>
      <trkpt lat="51.49661" lon="4.28424">
        <name>X</name>
      </trkpt>
      <trkpt lat="51.49664" lon="4.28423">
        <name>X</name>
      </trkpt>
      <trkpt lat="51.49721" lon="4.28398">
        <name>X</name>
      </trkpt>
      <trkpt lat="51.49728" lon="4.28413">
        <name>X</name>
      </trkpt>
      <trkpt lat="51.49826" lon="4.2831">
        <name>X</name>
      </trkpt>
      <trkpt lat="51.49833" lon="4.28306">
        <name>X</name>
      </trkpt>
      <trkpt lat="51.49874" lon="4.28256">
        <name>X</name>
      </trkpt>
      <trkpt lat="51.49878" lon="4.28252">
        <name>X</name>
      </trkpt>
      <trkpt lat="51.49878" lon="4.28252">
        <name>X</name>
      </trkpt>
      <trkpt lat="51.49897" lon="4.28297">
        <name>X</name>
      </trkpt>
      <trkpt lat="51.49913" lon="4.28289">
        <name>X</name>
      </trkpt>
      <trkpt lat="51.4996" lon="4.28266">
        <name>X</name>
      </trkpt>
      <trkpt lat="51.4996" lon="4.28266">
        <name>X</name>
      </trkpt>
      <trkpt lat="51.49941" lon="4.28186">
        <name>X</name>
      </trkpt>
      <trkpt lat="51.49955" lon="4.28179">
        <name>X</name>
      </trkpt>
      <trkpt lat="51.49959" lon="4.28179">
        <name>X</name>
      </trkpt>
      <trkpt lat="51.49962" lon="4.28158">
        <name>X</name>
      </trkpt>
      <trkpt lat="51.49964" lon="4.28151">
        <name>X</name>
      </trkpt>
      <trkpt lat="51.5" lon="4.28104">
        <name>X</name>
      </trkpt>
      <trkpt lat="51.50002" lon="4.28093">
        <name>X</name>
      </trkpt>
      <trkpt lat="51.50002" lon="4.28093">
        <name>X</name>
      </trkpt>
      <trkpt lat="51.50013" lon="4.28085">
        <name>X</name>
      </trkpt>
      <trkpt lat="51.50019" lon="4.28074">
        <name>X</name>
      </trkpt>
      <trkpt lat="51.50024" lon="4.28063">
        <name>X</name>
      </trkpt>
      <trkpt lat="51.50129" lon="4.2798">
        <name>X</name>
      </trkpt>
      <trkpt lat="51.50135" lon="4.27975">
        <name>X</name>
      </trkpt>
      <trkpt lat="51.50234" lon="4.27952">
        <name>X</name>
      </trkpt>
      <trkpt lat="51.50262" lon="4.27947">
        <name>X</name>
      </trkpt>
      <trkpt lat="51.50616" lon="4.27967">
        <name>X</name>
      </trkpt>
      <trkpt lat="51.50633" lon="4.27969">
        <name>X</name>
      </trkpt>
      <trkpt lat="51.50672" lon="4.27967">
        <name>X</name>
      </trkpt>
      <trkpt lat="51.50702" lon="4.27967">
        <name>X</name>
      </trkpt>
      <trkpt lat="51.51105" lon="4.27885">
        <name>X</name>
      </trkpt>
      <trkpt lat="51.51129" lon="4.27879">
        <name>X</name>
      </trkpt>
      <trkpt lat="51.51129" lon="4.27879">
        <name>X</name>
      </trkpt>
      <trkpt lat="51.51135" lon="4.27881">
        <name>X</name>
      </trkpt>
      <trkpt lat="51.5114" lon="4.27894">
        <name>X</name>
      </trkpt>
      <trkpt lat="51.5114" lon="4.27902">
        <name>X</name>
      </trkpt>
      <trkpt lat="51.51163" lon="4.27898">
        <name>X</name>
      </trkpt>
      <trkpt lat="51.51172" lon="4.27898">
        <name>X</name>
      </trkpt>
      <trkpt lat="51.51187" lon="4.27881">
        <name>X</name>
      </trkpt>
      <trkpt lat="51.51193" lon="4.27877">
        <name>X</name>
      </trkpt>
      <trkpt lat="51.51238" lon="4.27868">
        <name>X</name>
      </trkpt>
      <trkpt lat="51.513" lon="4.27855">
        <name>X</name>
      </trkpt>
      <trkpt lat="51.51352" lon="4.27838">
        <name>X</name>
      </trkpt>
      <trkpt lat="51.51382" lon="4.27827">
        <name>X</name>
      </trkpt>
      <trkpt lat="51.51599" lon="4.27712">
        <name>X</name>
      </trkpt>
      <trkpt lat="51.51753" lon="4.27626">
        <name>X</name>
      </trkpt>
      <trkpt lat="51.51766" lon="4.27624">
        <name>X</name>
      </trkpt>
      <trkpt lat="51.51779" lon="4.27617">
        <name>X</name>
      </trkpt>
      <trkpt lat="51.51788" lon="4.27608">
        <name>X</name>
      </trkpt>
      <trkpt lat="51.51796" lon="4.27604">
        <name>X</name>
      </trkpt>
      <trkpt lat="51.51985" lon="4.27557">
        <name>X</name>
      </trkpt>
      <trkpt lat="51.51998" lon="4.27557">
        <name>X</name>
      </trkpt>
      <trkpt lat="51.52043" lon="4.27538">
        <name>X</name>
      </trkpt>
      <trkpt lat="51.52054" lon="4.27536">
        <name>X</name>
      </trkpt>
      <trkpt lat="51.52073" lon="4.27538">
        <name>X</name>
      </trkpt>
      <trkpt lat="51.52082" lon="4.2754">
        <name>X</name>
      </trkpt>
      <trkpt lat="51.52082" lon="4.2754">
        <name>X</name>
      </trkpt>
      <trkpt lat="51.52088" lon="4.27546">
        <name>X</name>
      </trkpt>
      <trkpt lat="51.52096" lon="4.27548">
        <name>X</name>
      </trkpt>
      <trkpt lat="51.52103" lon="4.27546">
        <name>X</name>
      </trkpt>
      <trkpt lat="51.52118" lon="4.27529">
        <name>X</name>
      </trkpt>
      <trkpt lat="51.5212" lon="4.27518">
        <name>X</name>
      </trkpt>
      <trkpt lat="51.5212" lon="4.27508">
        <name>X</name>
      </trkpt>
      <trkpt lat="51.5212" lon="4.27501">
        <name>X</name>
      </trkpt>
      <trkpt lat="51.52116" lon="4.27493">
        <name>X</name>
      </trkpt>
      <trkpt lat="51.52114" lon="4.27484">
        <name>X</name>
      </trkpt>
      <trkpt lat="51.52109" lon="4.2748">
        <name>X</name>
      </trkpt>
      <trkpt lat="51.52107" lon="4.27467">
        <name>X</name>
      </trkpt>
      <trkpt lat="51.52107" lon="4.27467">
        <name>X</name>
      </trkpt>
      <trkpt lat="51.52107" lon="4.27424">
        <name>X</name>
      </trkpt>
      <trkpt lat="51.52114" lon="4.27394">
        <name>X</name>
      </trkpt>
      <trkpt lat="51.52129" lon="4.27338">
        <name>X</name>
      </trkpt>
      <trkpt lat="51.52137" lon="4.27345">
        <name>X</name>
      </trkpt>
      <trkpt lat="51.52142" lon="4.27342">
        <name>X</name>
      </trkpt>
      <trkpt lat="51.52313" lon="4.27156">
        <name>X</name>
      </trkpt>
      <trkpt lat="51.52335" lon="4.2713">
        <name>X</name>
      </trkpt>
      <trkpt lat="51.52335" lon="4.2713">
        <name>X</name>
      </trkpt>
      <trkpt lat="51.5239" lon="4.27074">
        <name>X</name>
      </trkpt>
      <trkpt lat="51.52494" lon="4.26988">
        <name>X</name>
      </trkpt>
      <trkpt lat="51.52513" lon="4.26971">
        <name>X</name>
      </trkpt>
      <trkpt lat="51.5262" lon="4.26915">
        <name>X</name>
      </trkpt>
      <trkpt lat="51.52646" lon="4.26902">
        <name>X</name>
      </trkpt>
      <trkpt lat="51.52839" lon="4.26763">
        <name>X</name>
      </trkpt>
      <trkpt lat="51.52848" lon="4.26757">
        <name>X</name>
      </trkpt>
      <trkpt lat="51.52875" lon="4.26751">
        <name>X</name>
      </trkpt>
      <trkpt lat="51.5288" lon="4.26752">
        <name>X</name>
      </trkpt>
      <trkpt lat="51.52893" lon="4.26765">
        <name>X</name>
      </trkpt>
      <trkpt lat="51.52918" lon="4.26806">
        <name>X</name>
      </trkpt>
      <trkpt lat="51.53" lon="4.2689">
        <name>X</name>
      </trkpt>
      <trkpt lat="51.53024" lon="4.26915">
        <name>X</name>
      </trkpt>
      <trkpt lat="51.53024" lon="4.26924">
        <name>X</name>
      </trkpt>
      <trkpt lat="51.53026" lon="4.2693">
        <name>X</name>
      </trkpt>
      <trkpt lat="51.53026" lon="4.2693">
        <name>X</name>
      </trkpt>
      <trkpt lat="51.5303" lon="4.26935">
        <name>X</name>
      </trkpt>
      <trkpt lat="51.53034" lon="4.26933">
        <name>X</name>
      </trkpt>
      <trkpt lat="51.53041" lon="4.26939">
        <name>X</name>
      </trkpt>
      <trkpt lat="51.53131" lon="4.27212">
        <name>X</name>
      </trkpt>
      <trkpt lat="51.53139" lon="4.27237">
        <name>X</name>
      </trkpt>
      <trkpt lat="51.53455" lon="4.27149">
        <name>X</name>
      </trkpt>
      <trkpt lat="51.53476" lon="4.27145">
        <name>X</name>
      </trkpt>
      <trkpt lat="51.53804" lon="4.27134">
        <name>X</name>
      </trkpt>
      <trkpt lat="51.53852" lon="4.27134">
        <name>X</name>
      </trkpt>
      <trkpt lat="51.53953" lon="4.27128">
        <name>X</name>
      </trkpt>
      <trkpt lat="51.54019" lon="4.27126">
        <name>X</name>
      </trkpt>
      <trkpt lat="51.54053" lon="4.27119">
        <name>X</name>
      </trkpt>
      <trkpt lat="51.54081" lon="4.27106">
        <name>X</name>
      </trkpt>
      <trkpt lat="51.5412" lon="4.27081">
        <name>X</name>
      </trkpt>
      <trkpt lat="51.54152" lon="4.27051">
        <name>X</name>
      </trkpt>
      <trkpt lat="51.5424" lon="4.26928">
        <name>X</name>
      </trkpt>
      <trkpt lat="51.54358" lon="4.26763">
        <name>X</name>
      </trkpt>
      <trkpt lat="51.54412" lon="4.26692">
        <name>X</name>
      </trkpt>
      <trkpt lat="51.54502" lon="4.26578">
        <name>X</name>
      </trkpt>
      <trkpt lat="51.54513" lon="4.26572">
        <name>X</name>
      </trkpt>
      <trkpt lat="51.54521" lon="4.26572">
        <name>X</name>
      </trkpt>
      <trkpt lat="51.54534" lon="4.26578">
        <name>X</name>
      </trkpt>
      <trkpt lat="51.5454" lon="4.26587">
        <name>X</name>
      </trkpt>
      <trkpt lat="51.54594" lon="4.26688">
        <name>X</name>
      </trkpt>
      <trkpt lat="51.54628" lon="4.26757">
        <name>X</name>
      </trkpt>
      <trkpt lat="51.54648" lon="4.26832">
        <name>X</name>
      </trkpt>
      <trkpt lat="51.54661" lon="4.26868">
        <name>X</name>
      </trkpt>
      <trkpt lat="51.54727" lon="4.26988">
        <name>X</name>
      </trkpt>
      <trkpt lat="51.5474" lon="4.2702">
        <name>X</name>
      </trkpt>
      <trkpt lat="51.54757" lon="4.27076">
        <name>X</name>
      </trkpt>
      <trkpt lat="51.54759" lon="4.27091">
        <name>X</name>
      </trkpt>
      <trkpt lat="51.54762" lon="4.27113">
        <name>X</name>
      </trkpt>
      <trkpt lat="51.54762" lon="4.27196">
        <name>X</name>
      </trkpt>
      <trkpt lat="51.54768" lon="4.27224">
        <name>X</name>
      </trkpt>
      <trkpt lat="51.54785" lon="4.27278">
        <name>X</name>
      </trkpt>
      <trkpt lat="51.54826" lon="4.27291">
        <name>X</name>
      </trkpt>
      <trkpt lat="51.54847" lon="4.27291">
        <name>X</name>
      </trkpt>
      <trkpt lat="51.54875" lon="4.27287">
        <name>X</name>
      </trkpt>
      <trkpt lat="51.5492" lon="4.27282">
        <name>X</name>
      </trkpt>
      <trkpt lat="51.54942" lon="4.27269">
        <name>X</name>
      </trkpt>
      <trkpt lat="51.54961" lon="4.27244">
        <name>X</name>
      </trkpt>
      <trkpt lat="51.54961" lon="4.27244">
        <name>X</name>
      </trkpt>
      <trkpt lat="51.55015" lon="4.27353">
        <name>X</name>
      </trkpt>
      <trkpt lat="51.55064" lon="4.27445">
        <name>X</name>
      </trkpt>
      <trkpt lat="51.55109" lon="4.27529">
        <name>X</name>
      </trkpt>
      <trkpt lat="51.55174" lon="4.27636">
        <name>X</name>
      </trkpt>
      <trkpt lat="51.55212" lon="4.27694">
        <name>X</name>
      </trkpt>
      <trkpt lat="51.55309" lon="4.27915">
        <name>X</name>
      </trkpt>
      <trkpt lat="51.55315" lon="4.27926">
        <name>X</name>
      </trkpt>
      <trkpt lat="51.55315" lon="4.27926">
        <name>X</name>
      </trkpt>
      <trkpt lat="51.55324" lon="4.27937">
        <name>X</name>
      </trkpt>
      <trkpt lat="51.55452" lon="4.28048">
        <name>X</name>
      </trkpt>
      <trkpt lat="51.55472" lon="4.28076">
        <name>X</name>
      </trkpt>
      <trkpt lat="51.55607" lon="4.2843">
        <name>X</name>
      </trkpt>
      <trkpt lat="51.55618" lon="4.28454">
        <name>X</name>
      </trkpt>
      <trkpt lat="51.55644" lon="4.28473">
        <name>X</name>
      </trkpt>
      <trkpt lat="51.55781" lon="4.28557">
        <name>X</name>
      </trkpt>
      <trkpt lat="51.5609" lon="4.28795">
        <name>X</name>
      </trkpt>
      <trkpt lat="51.56092" lon="4.28801">
        <name>X</name>
      </trkpt>
      <trkpt lat="51.56092" lon="4.28801">
        <name>X</name>
      </trkpt>
      <trkpt lat="51.56113" lon="4.28769">
        <name>X</name>
      </trkpt>
      <trkpt lat="51.56148" lon="4.28733">
        <name>X</name>
      </trkpt>
      <trkpt lat="51.56216" lon="4.28675">
        <name>X</name>
      </trkpt>
      <trkpt lat="51.56216" lon="4.28675">
        <name>X</name>
      </trkpt>
      <trkpt lat="51.56279" lon="4.2863">
        <name>X</name>
      </trkpt>
      <trkpt lat="51.56367" lon="4.2858">
        <name>X</name>
      </trkpt>
      <trkpt lat="51.56442" lon="4.2855">
        <name>X</name>
      </trkpt>
      <trkpt lat="51.56482" lon="4.28538">
        <name>X</name>
      </trkpt>
      <trkpt lat="51.56538" lon="4.28531">
        <name>X</name>
      </trkpt>
      <trkpt lat="51.57197" lon="4.28482">
        <name>X</name>
      </trkpt>
      <trkpt lat="51.57341" lon="4.28478">
        <name>X</name>
      </trkpt>
      <trkpt lat="51.57338" lon="4.284">
        <name>X</name>
      </trkpt>
      <trkpt lat="51.57336" lon="4.28336">
        <name>X</name>
      </trkpt>
      <trkpt lat="51.57336" lon="4.28336">
        <name>X</name>
      </trkpt>
      <trkpt lat="51.57465" lon="4.2834">
        <name>X</name>
      </trkpt>
      <trkpt lat="51.57484" lon="4.28349">
        <name>X</name>
      </trkpt>
      <trkpt lat="51.57491" lon="4.28355">
        <name>X</name>
      </trkpt>
      <trkpt lat="51.57495" lon="4.28364">
        <name>X</name>
      </trkpt>
      <trkpt lat="51.57502" lon="4.28379">
        <name>X</name>
      </trkpt>
      <trkpt lat="51.57495" lon="4.28578">
        <name>X</name>
      </trkpt>
      <trkpt lat="51.57491" lon="4.28658">
        <name>X</name>
      </trkpt>
      <trkpt lat="51.57484" lon="4.28688">
        <name>X</name>
      </trkpt>
      <trkpt lat="51.57478" lon="4.28698">
        <name>X</name>
      </trkpt>
      <trkpt lat="51.57459" lon="4.28709">
        <name>X</name>
      </trkpt>
      <trkpt lat="51.57349" lon="4.28718">
        <name>X</name>
      </trkpt>
      <trkpt lat="51.5742" lon="4.30937">
        <name>X</name>
      </trkpt>
      <trkpt lat="51.57422" lon="4.31025">
        <name>X</name>
      </trkpt>
      <trkpt lat="51.57412" lon="4.31025">
        <name>X</name>
      </trkpt>
      <trkpt lat="51.57392" lon="4.31029">
        <name>X</name>
      </trkpt>
      <trkpt lat="51.5733" lon="4.3105">
        <name>X</name>
      </trkpt>
      <trkpt lat="51.57313" lon="4.31057">
        <name>X</name>
      </trkpt>
      <trkpt lat="51.57311" lon="4.31087">
        <name>X</name>
      </trkpt>
      <trkpt lat="51.57315" lon="4.31104">
        <name>X</name>
      </trkpt>
      <trkpt lat="51.57311" lon="4.31254">
        <name>X</name>
      </trkpt>
      <trkpt lat="51.57309" lon="4.31329">
        <name>X</name>
      </trkpt>
      <trkpt lat="51.573" lon="4.31364">
        <name>X</name>
      </trkpt>
      <trkpt lat="51.57289" lon="4.31385">
        <name>X</name>
      </trkpt>
      <trkpt lat="51.57244" lon="4.31454">
        <name>X</name>
      </trkpt>
      <trkpt lat="51.57218" lon="4.31488">
        <name>X</name>
      </trkpt>
      <trkpt lat="51.57299" lon="4.31632">
        <name>X</name>
      </trkpt>
      <trkpt lat="51.57306" lon="4.31645">
        <name>X</name>
      </trkpt>
      <trkpt lat="51.57336" lon="4.31598">
        <name>X</name>
      </trkpt>
      <trkpt lat="51.57349" lon="4.31587">
        <name>X</name>
      </trkpt>
      <trkpt lat="51.57504" lon="4.31535">
        <name>X</name>
      </trkpt>
      <trkpt lat="51.57532" lon="4.31524">
        <name>X</name>
      </trkpt>
      <trkpt lat="51.57532" lon="4.3169">
        <name>X</name>
      </trkpt>
      <trkpt lat="51.57532" lon="4.31709">
        <name>X</name>
      </trkpt>
      <trkpt lat="51.57665" lon="4.3169">
        <name>X</name>
      </trkpt>
      <trkpt lat="51.57701" lon="4.31683">
        <name>X</name>
      </trkpt>
      <trkpt lat="51.57721" lon="4.31683">
        <name>X</name>
      </trkpt>
      <trkpt lat="51.57783" lon="4.31679">
        <name>X</name>
      </trkpt>
      <trkpt lat="51.57808" lon="4.31679">
        <name>X</name>
      </trkpt>
      <trkpt lat="51.57808" lon="4.31707">
        <name>X</name>
      </trkpt>
      <trkpt lat="51.5789" lon="4.31705">
        <name>X</name>
      </trkpt>
      <trkpt lat="51.57946" lon="4.31703">
        <name>X</name>
      </trkpt>
      <trkpt lat="51.5803" lon="4.31692">
        <name>X</name>
      </trkpt>
      <trkpt lat="51.58047" lon="4.3169">
        <name>X</name>
      </trkpt>
      <trkpt lat="51.58047" lon="4.31668">
        <name>X</name>
      </trkpt>
      <trkpt lat="51.58062" lon="4.3167">
        <name>X</name>
      </trkpt>
      <trkpt lat="51.58063" lon="4.31592">
        <name>X</name>
      </trkpt>
      <trkpt lat="51.58064" lon="4.31563">
        <name>X</name>
      </trkpt>
      <trkpt lat="51.58049" lon="4.31563">
        <name>X</name>
      </trkpt>
      <trkpt lat="51.58051" lon="4.31527">
        <name>X</name>
      </trkpt>
      <trkpt lat="51.58051" lon="4.31527">
        <name>X</name>
      </trkpt>
      <trkpt lat="51.5806" lon="4.31542">
        <name>X</name>
      </trkpt>
      <trkpt lat="51.58077" lon="4.31552">
        <name>X</name>
      </trkpt>
      <trkpt lat="51.581" lon="4.31565">
        <name>X</name>
      </trkpt>
      <trkpt lat="51.58118" lon="4.31582">
        <name>X</name>
      </trkpt>
      <trkpt lat="51.58118" lon="4.31591">
        <name>X</name>
      </trkpt>
      <trkpt lat="51.58128" lon="4.31591">
        <name>X</name>
      </trkpt>
      <trkpt lat="51.58137" lon="4.31591">
        <name>X</name>
      </trkpt>
      <trkpt lat="51.58137" lon="4.3158">
        <name>X</name>
      </trkpt>
      <trkpt lat="51.58139" lon="4.31576">
        <name>X</name>
      </trkpt>
      <trkpt lat="51.58253" lon="4.3157">
        <name>X</name>
      </trkpt>
      <trkpt lat="51.5827" lon="4.31565">
        <name>X</name>
      </trkpt>
      <trkpt lat="51.58364" lon="4.31533">
        <name>X</name>
      </trkpt>
      <trkpt lat="51.58375" lon="4.31524">
        <name>X</name>
      </trkpt>
      <trkpt lat="51.58394" lon="4.3152">
        <name>X</name>
      </trkpt>
      <trkpt lat="51.58403" lon="4.31518">
        <name>X</name>
      </trkpt>
      <trkpt lat="51.58493" lon="4.31574">
        <name>X</name>
      </trkpt>
      <trkpt lat="51.5853" lon="4.31598">
        <name>X</name>
      </trkpt>
      <trkpt lat="51.5853" lon="4.31598">
        <name>X</name>
      </trkpt>
      <trkpt lat="51.58536" lon="4.31593">
        <name>X</name>
      </trkpt>
      <trkpt lat="51.58538" lon="4.31598">
        <name>X</name>
      </trkpt>
      <trkpt lat="51.58551" lon="4.31606">
        <name>X</name>
      </trkpt>
      <trkpt lat="51.58551" lon="4.31606">
        <name>X</name>
      </trkpt>
      <trkpt lat="51.58568" lon="4.31604">
        <name>X</name>
      </trkpt>
      <trkpt lat="51.58615" lon="4.31582">
        <name>X</name>
      </trkpt>
      <trkpt lat="51.58626" lon="4.31574">
        <name>X</name>
      </trkpt>
      <trkpt lat="51.58701" lon="4.31818">
        <name>X</name>
      </trkpt>
      <trkpt lat="51.58714" lon="4.31855">
        <name>X</name>
      </trkpt>
      <trkpt lat="51.58768" lon="4.32102">
        <name>X</name>
      </trkpt>
      <trkpt lat="51.5874" lon="4.32123">
        <name>X</name>
      </trkpt>
      <trkpt lat="51.58789" lon="4.32316">
        <name>X</name>
      </trkpt>
      <trkpt lat="51.58796" lon="4.32348">
        <name>X</name>
      </trkpt>
      <trkpt lat="51.58819" lon="4.32415">
        <name>X</name>
      </trkpt>
      <trkpt lat="51.58824" lon="4.32432">
        <name>X</name>
      </trkpt>
      <trkpt lat="51.58826" lon="4.32449">
        <name>X</name>
      </trkpt>
      <trkpt lat="51.58828" lon="4.32467">
        <name>X</name>
      </trkpt>
      <trkpt lat="51.58828" lon="4.32467">
        <name>X</name>
      </trkpt>
      <trkpt lat="51.58826" lon="4.32524">
        <name>X</name>
      </trkpt>
      <trkpt lat="51.58826" lon="4.32808">
        <name>X</name>
      </trkpt>
      <trkpt lat="51.58826" lon="4.32846">
        <name>X</name>
      </trkpt>
      <trkpt lat="51.58828" lon="4.32881">
        <name>X</name>
      </trkpt>
      <trkpt lat="51.58828" lon="4.32902">
        <name>X</name>
      </trkpt>
      <trkpt lat="51.58841" lon="4.33018">
        <name>X</name>
      </trkpt>
      <trkpt lat="51.58847" lon="4.33084">
        <name>X</name>
      </trkpt>
      <trkpt lat="51.58847" lon="4.33084">
        <name>X</name>
      </trkpt>
      <trkpt lat="51.58845" lon="4.33093">
        <name>X</name>
      </trkpt>
      <trkpt lat="51.58845" lon="4.33114">
        <name>X</name>
      </trkpt>
      <trkpt lat="51.58845" lon="4.3314">
        <name>X</name>
      </trkpt>
      <trkpt lat="51.58843" lon="4.33151">
        <name>X</name>
      </trkpt>
      <trkpt lat="51.58845" lon="4.33166">
        <name>X</name>
      </trkpt>
      <trkpt lat="51.58845" lon="4.33166">
        <name>X</name>
      </trkpt>
      <trkpt lat="51.58838" lon="4.33179">
        <name>X</name>
      </trkpt>
      <trkpt lat="51.58832" lon="4.33183">
        <name>X</name>
      </trkpt>
      <trkpt lat="51.58828" lon="4.33183">
        <name>X</name>
      </trkpt>
      <trkpt lat="51.5883" lon="4.33243">
        <name>X</name>
      </trkpt>
      <trkpt lat="51.5883" lon="4.33252">
        <name>X</name>
      </trkpt>
      <trkpt lat="51.58841" lon="4.33267">
        <name>X</name>
      </trkpt>
      <trkpt lat="51.58843" lon="4.33278">
        <name>X</name>
      </trkpt>
      <trkpt lat="51.58854" lon="4.33278">
        <name>X</name>
      </trkpt>
      <trkpt lat="51.58862" lon="4.33275">
        <name>X</name>
      </trkpt>
      <trkpt lat="51.58862" lon="4.33275">
        <name>X</name>
      </trkpt>
      <trkpt lat="51.58875" lon="4.33271">
        <name>X</name>
      </trkpt>
      <trkpt lat="51.58877" lon="4.33267">
        <name>X</name>
      </trkpt>
      <trkpt lat="51.58886" lon="4.33263">
        <name>X</name>
      </trkpt>
      <trkpt lat="51.58914" lon="4.33258">
        <name>X</name>
      </trkpt>
      <trkpt lat="51.58956" lon="4.3326">
        <name>X</name>
      </trkpt>
      <trkpt lat="51.59017" lon="4.33269">
        <name>X</name>
      </trkpt>
      <trkpt lat="51.59055" lon="4.3328">
        <name>X</name>
      </trkpt>
      <trkpt lat="51.59111" lon="4.33306">
        <name>X</name>
      </trkpt>
      <trkpt lat="51.59169" lon="4.33344">
        <name>X</name>
      </trkpt>
      <trkpt lat="51.59399" lon="4.33557">
        <name>X</name>
      </trkpt>
      <trkpt lat="51.59525" lon="4.33677">
        <name>X</name>
      </trkpt>
      <trkpt lat="51.59525" lon="4.33677">
        <name>X</name>
      </trkpt>
      <trkpt lat="51.59598" lon="4.33758">
        <name>X</name>
      </trkpt>
      <trkpt lat="51.59658" lon="4.33836">
        <name>X</name>
      </trkpt>
      <trkpt lat="51.59729" lon="4.33915">
        <name>X</name>
      </trkpt>
      <trkpt lat="51.59738" lon="4.33924">
        <name>X</name>
      </trkpt>
      <trkpt lat="51.59778" lon="4.33958">
        <name>X</name>
      </trkpt>
      <trkpt lat="51.59843" lon="4.34022">
        <name>X</name>
      </trkpt>
      <trkpt lat="51.59854" lon="4.34033">
        <name>X</name>
      </trkpt>
      <trkpt lat="51.59881" lon="4.34059">
        <name>X</name>
      </trkpt>
      <trkpt lat="51.59924" lon="4.34091">
        <name>X</name>
      </trkpt>
      <trkpt lat="51.6004" lon="4.34166">
        <name>X</name>
      </trkpt>
      <trkpt lat="51.60053" lon="4.34172">
        <name>X</name>
      </trkpt>
      <trkpt lat="51.60083" lon="4.34205">
        <name>X</name>
      </trkpt>
      <trkpt lat="51.60107" lon="4.34228">
        <name>X</name>
      </trkpt>
      <trkpt lat="51.60158" lon="4.34273">
        <name>X</name>
      </trkpt>
      <trkpt lat="51.60197" lon="4.3431">
        <name>X</name>
      </trkpt>
      <trkpt lat="51.60321" lon="4.34451">
        <name>X</name>
      </trkpt>
      <trkpt lat="51.60358" lon="4.3449">
        <name>X</name>
      </trkpt>
      <trkpt lat="51.60384" lon="4.34514">
        <name>X</name>
      </trkpt>
      <trkpt lat="51.60406" lon="4.34531">
        <name>X</name>
      </trkpt>
      <trkpt lat="51.60504" lon="4.34604">
        <name>X</name>
      </trkpt>
      <trkpt lat="51.60529" lon="4.34623">
        <name>X</name>
      </trkpt>
      <trkpt lat="51.60529" lon="4.34623">
        <name>X</name>
      </trkpt>
      <trkpt lat="51.60677" lon="4.34767">
        <name>X</name>
      </trkpt>
      <trkpt lat="51.60727" lon="4.34812">
        <name>X</name>
      </trkpt>
      <trkpt lat="51.60778" lon="4.34855">
        <name>X</name>
      </trkpt>
      <trkpt lat="51.61083" lon="4.3514">
        <name>X</name>
      </trkpt>
      <trkpt lat="51.61107" lon="4.35159">
        <name>X</name>
      </trkpt>
      <trkpt lat="51.62068" lon="4.35816">
        <name>X</name>
      </trkpt>
      <trkpt lat="51.62083" lon="4.35827">
        <name>X</name>
      </trkpt>
      <trkpt lat="51.62083" lon="4.35827">
        <name>X</name>
      </trkpt>
      <trkpt lat="51.62094" lon="4.35829">
        <name>X</name>
      </trkpt>
      <trkpt lat="51.62641" lon="4.362">
        <name>X</name>
      </trkpt>
      <trkpt lat="51.6272" lon="4.3625">
        <name>X</name>
      </trkpt>
      <trkpt lat="51.6272" lon="4.3625">
        <name>X</name>
      </trkpt>
      <trkpt lat="51.62752" lon="4.36282">
        <name>X</name>
      </trkpt>
      <trkpt lat="51.62767" lon="4.36303">
        <name>X</name>
      </trkpt>
      <trkpt lat="51.62774" lon="4.36314">
        <name>X</name>
      </trkpt>
      <trkpt lat="51.6278" lon="4.36329">
        <name>X</name>
      </trkpt>
      <trkpt lat="51.62785" lon="4.36344">
        <name>X</name>
      </trkpt>
      <trkpt lat="51.62782" lon="4.36365">
        <name>X</name>
      </trkpt>
      <trkpt lat="51.62782" lon="4.36372">
        <name>X</name>
      </trkpt>
      <trkpt lat="51.62789" lon="4.36395">
        <name>X</name>
      </trkpt>
      <trkpt lat="51.628" lon="4.36406">
        <name>X</name>
      </trkpt>
      <trkpt lat="51.62817" lon="4.36402">
        <name>X</name>
      </trkpt>
      <trkpt lat="51.62821" lon="4.364">
        <name>X</name>
      </trkpt>
      <trkpt lat="51.62834" lon="4.3637">
        <name>X</name>
      </trkpt>
      <trkpt lat="51.6284" lon="4.36365">
        <name>X</name>
      </trkpt>
      <trkpt lat="51.62849" lon="4.36363">
        <name>X</name>
      </trkpt>
      <trkpt lat="51.62868" lon="4.36363">
        <name>X</name>
      </trkpt>
      <trkpt lat="51.62869" lon="4.36363">
        <name>X</name>
      </trkpt>
      <trkpt lat="51.629" lon="4.36376">
        <name>X</name>
      </trkpt>
      <trkpt lat="51.62993" lon="4.36436">
        <name>X</name>
      </trkpt>
      <trkpt lat="51.63003" lon="4.36443">
        <name>X</name>
      </trkpt>
      <trkpt lat="51.63381" lon="4.367">
        <name>X</name>
      </trkpt>
      <trkpt lat="51.63394" lon="4.36711">
        <name>X</name>
      </trkpt>
      <trkpt lat="51.63409" lon="4.3673">
        <name>X</name>
      </trkpt>
      <trkpt lat="51.63422" lon="4.36752">
        <name>X</name>
      </trkpt>
      <trkpt lat="51.63433" lon="4.36777">
        <name>X</name>
      </trkpt>
      <trkpt lat="51.63458" lon="4.36844">
        <name>X</name>
      </trkpt>
      <trkpt lat="51.63458" lon="4.36844">
        <name>X</name>
      </trkpt>
      <trkpt lat="51.63473" lon="4.36876">
        <name>X</name>
      </trkpt>
      <trkpt lat="51.63488" lon="4.36898">
        <name>X</name>
      </trkpt>
      <trkpt lat="51.63506" lon="4.36919">
        <name>X</name>
      </trkpt>
      <trkpt lat="51.6351" lon="4.36949">
        <name>X</name>
      </trkpt>
      <trkpt lat="51.63512" lon="4.36958">
        <name>X</name>
      </trkpt>
      <trkpt lat="51.63512" lon="4.36958">
        <name>X</name>
      </trkpt>
      <trkpt lat="51.63531" lon="4.3699">
        <name>X</name>
      </trkpt>
      <trkpt lat="51.6354" lon="4.37013">
        <name>X</name>
      </trkpt>
      <trkpt lat="51.63544" lon="4.37007">
        <name>X</name>
      </trkpt>
      <trkpt lat="51.63615" lon="4.37159">
        <name>X</name>
      </trkpt>
      <trkpt lat="51.63619" lon="4.3717">
        <name>X</name>
      </trkpt>
      <trkpt lat="51.63619" lon="4.3717">
        <name>X</name>
      </trkpt>
      <trkpt lat="51.63639" lon="4.37198">
        <name>X</name>
      </trkpt>
      <trkpt lat="51.63656" lon="4.37213">
        <name>X</name>
      </trkpt>
      <trkpt lat="51.63662" lon="4.37217">
        <name>X</name>
      </trkpt>
      <trkpt lat="51.63744" lon="4.37307">
        <name>X</name>
      </trkpt>
      <trkpt lat="51.63759" lon="4.37324">
        <name>X</name>
      </trkpt>
      <trkpt lat="51.63761" lon="4.37318">
        <name>X</name>
      </trkpt>
      <trkpt lat="51.6378" lon="4.37284">
        <name>X</name>
      </trkpt>
      <trkpt lat="51.638" lon="4.37324">
        <name>X</name>
      </trkpt>
      <trkpt lat="51.6381" lon="4.37352">
        <name>X</name>
      </trkpt>
      <trkpt lat="51.63817" lon="4.37376">
        <name>X</name>
      </trkpt>
      <trkpt lat="51.63827" lon="4.37415">
        <name>X</name>
      </trkpt>
      <trkpt lat="51.63853" lon="4.37475">
        <name>X</name>
      </trkpt>
      <trkpt lat="51.6386" lon="4.37492">
        <name>X</name>
      </trkpt>
      <trkpt lat="51.6386" lon="4.37492">
        <name>X</name>
      </trkpt>
      <trkpt lat="51.63958" lon="4.37706">
        <name>X</name>
      </trkpt>
      <trkpt lat="51.64012" lon="4.37831">
        <name>X</name>
      </trkpt>
      <trkpt lat="51.64057" lon="4.37945">
        <name>X</name>
      </trkpt>
      <trkpt lat="51.64124" lon="4.38088">
        <name>X</name>
      </trkpt>
      <trkpt lat="51.64164" lon="4.38176">
        <name>X</name>
      </trkpt>
      <trkpt lat="51.64164" lon="4.38176">
        <name>X</name>
      </trkpt>
      <trkpt lat="51.64212" lon="4.38266">
        <name>X</name>
      </trkpt>
      <trkpt lat="51.64212" lon="4.38266">
        <name>X</name>
      </trkpt>
      <trkpt lat="51.64233" lon="4.38301">
        <name>X</name>
      </trkpt>
      <trkpt lat="51.6425" lon="4.38318">
        <name>X</name>
      </trkpt>
      <trkpt lat="51.64257" lon="4.38327">
        <name>X</name>
      </trkpt>
      <trkpt lat="51.64388" lon="4.38751">
        <name>X</name>
      </trkpt>
      <trkpt lat="51.64392" lon="4.38773">
        <name>X</name>
      </trkpt>
      <trkpt lat="51.64392" lon="4.38773">
        <name>X</name>
      </trkpt>
      <trkpt lat="51.6439" lon="4.3879">
        <name>X</name>
      </trkpt>
      <trkpt lat="51.64372" lon="4.38857">
        <name>X</name>
      </trkpt>
      <trkpt lat="51.64366" lon="4.3888">
        <name>X</name>
      </trkpt>
      <trkpt lat="51.64366" lon="4.3888">
        <name>X</name>
      </trkpt>
      <trkpt lat="51.64366" lon="4.38923">
        <name>X</name>
      </trkpt>
      <trkpt lat="51.6437" lon="4.38938">
        <name>X</name>
      </trkpt>
      <trkpt lat="51.64381" lon="4.3896">
        <name>X</name>
      </trkpt>
      <trkpt lat="51.64432" lon="4.39026">
        <name>X</name>
      </trkpt>
      <trkpt lat="51.64441" lon="4.39039">
        <name>X</name>
      </trkpt>
      <trkpt lat="51.64452" lon="4.39067">
        <name>X</name>
      </trkpt>
      <trkpt lat="51.64467" lon="4.3909">
        <name>X</name>
      </trkpt>
      <trkpt lat="51.6455" lon="4.39187">
        <name>X</name>
      </trkpt>
      <trkpt lat="51.64553" lon="4.39194">
        <name>X</name>
      </trkpt>
      <trkpt lat="51.64591" lon="4.39217">
        <name>X</name>
      </trkpt>
      <trkpt lat="51.64598" lon="4.39221">
        <name>X</name>
      </trkpt>
      <trkpt lat="51.64602" lon="4.39232">
        <name>X</name>
      </trkpt>
      <trkpt lat="51.64606" lon="4.39238">
        <name>X</name>
      </trkpt>
      <trkpt lat="51.64636" lon="4.39245">
        <name>X</name>
      </trkpt>
      <trkpt lat="51.64658" lon="4.39266">
        <name>X</name>
      </trkpt>
      <trkpt lat="51.64658" lon="4.39266">
        <name>X</name>
      </trkpt>
      <trkpt lat="51.64677" lon="4.39299">
        <name>X</name>
      </trkpt>
      <trkpt lat="51.64707" lon="4.39367">
        <name>X</name>
      </trkpt>
      <trkpt lat="51.64724" lon="4.39391">
        <name>X</name>
      </trkpt>
      <trkpt lat="51.64746" lon="4.39417">
        <name>X</name>
      </trkpt>
      <trkpt lat="51.64806" lon="4.39466">
        <name>X</name>
      </trkpt>
      <trkpt lat="51.64834" lon="4.39507">
        <name>X</name>
      </trkpt>
      <trkpt lat="51.64851" lon="4.39548">
        <name>X</name>
      </trkpt>
      <trkpt lat="51.6487" lon="4.39597">
        <name>X</name>
      </trkpt>
      <trkpt lat="51.64879" lon="4.39644">
        <name>X</name>
      </trkpt>
      <trkpt lat="51.64922" lon="4.39955">
        <name>X</name>
      </trkpt>
      <trkpt lat="51.64926" lon="4.39981">
        <name>X</name>
      </trkpt>
      <trkpt lat="51.64926" lon="4.39981">
        <name>X</name>
      </trkpt>
      <trkpt lat="51.64902" lon="4.3999">
        <name>X</name>
      </trkpt>
      <trkpt lat="51.64892" lon="4.40011">
        <name>X</name>
      </trkpt>
      <trkpt lat="51.64892" lon="4.40028">
        <name>X</name>
      </trkpt>
      <trkpt lat="51.64918" lon="4.40097">
        <name>X</name>
      </trkpt>
      <trkpt lat="51.64928" lon="4.4014">
        <name>X</name>
      </trkpt>
      <trkpt lat="51.64932" lon="4.40202">
        <name>X</name>
      </trkpt>
      <trkpt lat="51.64928" lon="4.40412">
        <name>X</name>
      </trkpt>
      <trkpt lat="51.64928" lon="4.40412">
        <name>X</name>
      </trkpt>
      <trkpt lat="51.64932" lon="4.40457">
        <name>X</name>
      </trkpt>
      <trkpt lat="51.64937" lon="4.40472">
        <name>X</name>
      </trkpt>
      <trkpt lat="51.64948" lon="4.40494">
        <name>X</name>
      </trkpt>
      <trkpt lat="51.64962" lon="4.40515">
        <name>X</name>
      </trkpt>
      <trkpt lat="51.6501" lon="4.40571">
        <name>X</name>
      </trkpt>
      <trkpt lat="51.65334" lon="4.41043">
        <name>X</name>
      </trkpt>
      <trkpt lat="51.6534" lon="4.4105">
        <name>X</name>
      </trkpt>
      <trkpt lat="51.65347" lon="4.41052">
        <name>X</name>
      </trkpt>
      <trkpt lat="51.65355" lon="4.41052">
        <name>X</name>
      </trkpt>
      <trkpt lat="51.65473" lon="4.41011">
        <name>X</name>
      </trkpt>
      <trkpt lat="51.65546" lon="4.40985">
        <name>X</name>
      </trkpt>
      <trkpt lat="51.65617" lon="4.40979">
        <name>X</name>
      </trkpt>
      <trkpt lat="51.65634" lon="4.40981">
        <name>X</name>
      </trkpt>
      <trkpt lat="51.65703" lon="4.41013">
        <name>X</name>
      </trkpt>
      <trkpt lat="51.65718" lon="4.41028">
        <name>X</name>
      </trkpt>
      <trkpt lat="51.65664" lon="4.41176">
        <name>X</name>
      </trkpt>
      <trkpt lat="51.65658" lon="4.41198">
        <name>X</name>
      </trkpt>
      <trkpt lat="51.65658" lon="4.41198">
        <name>X</name>
      </trkpt>
      <trkpt lat="51.65645" lon="4.41243">
        <name>X</name>
      </trkpt>
      <trkpt lat="51.65623" lon="4.41348">
        <name>X</name>
      </trkpt>
      <trkpt lat="51.65619" lon="4.41361">
        <name>X</name>
      </trkpt>
      <trkpt lat="51.6549" lon="4.41631">
        <name>X</name>
      </trkpt>
      <trkpt lat="51.65458" lon="4.41698">
        <name>X</name>
      </trkpt>
      <trkpt lat="51.65458" lon="4.41698">
        <name>X</name>
      </trkpt>
      <trkpt lat="51.65428" lon="4.41766">
        <name>X</name>
      </trkpt>
      <trkpt lat="51.65351" lon="4.41966">
        <name>X</name>
      </trkpt>
      <trkpt lat="51.65349" lon="4.41972">
        <name>X</name>
      </trkpt>
      <trkpt lat="51.65342" lon="4.41976">
        <name>X</name>
      </trkpt>
      <trkpt lat="51.65334" lon="4.41976">
        <name>X</name>
      </trkpt>
      <trkpt lat="51.65334" lon="4.41976">
        <name>X</name>
      </trkpt>
      <trkpt lat="51.65334" lon="4.42002">
        <name>X</name>
      </trkpt>
      <trkpt lat="51.6533" lon="4.42015">
        <name>X</name>
      </trkpt>
      <trkpt lat="51.65323" lon="4.42032">
        <name>X</name>
      </trkpt>
      <trkpt lat="51.65323" lon="4.4205">
        <name>X</name>
      </trkpt>
      <trkpt lat="51.65304" lon="4.4212">
        <name>X</name>
      </trkpt>
      <trkpt lat="51.65304" lon="4.4212">
        <name>X</name>
      </trkpt>
      <trkpt lat="51.65465" lon="4.42256">
        <name>X</name>
      </trkpt>
      <trkpt lat="51.6558" lon="4.42363">
        <name>X</name>
      </trkpt>
      <trkpt lat="51.65623" lon="4.42408">
        <name>X</name>
      </trkpt>
      <trkpt lat="51.65623" lon="4.42408">
        <name>X</name>
      </trkpt>
      <trkpt lat="51.65654" lon="4.42444">
        <name>X</name>
      </trkpt>
      <trkpt lat="51.65716" lon="4.42539">
        <name>X</name>
      </trkpt>
      <trkpt lat="51.65756" lon="4.42599">
        <name>X</name>
      </trkpt>
      <trkpt lat="51.65915" lon="4.42826">
        <name>X</name>
      </trkpt>
      <trkpt lat="51.65952" lon="4.42867">
        <name>X</name>
      </trkpt>
      <trkpt lat="51.65984" lon="4.42897">
        <name>X</name>
      </trkpt>
      <trkpt lat="51.66046" lon="4.42946">
        <name>X</name>
      </trkpt>
      <trkpt lat="51.66162" lon="4.43024">
        <name>X</name>
      </trkpt>
      <trkpt lat="51.66188" lon="4.43043">
        <name>X</name>
      </trkpt>
      <trkpt lat="51.66784" lon="4.43652">
        <name>X</name>
      </trkpt>
      <trkpt lat="51.66795" lon="4.43667">
        <name>X</name>
      </trkpt>
      <trkpt lat="51.66839" lon="4.43587">
        <name>X</name>
      </trkpt>
      <trkpt lat="51.66889" lon="4.43498">
        <name>X</name>
      </trkpt>
      <trkpt lat="51.66915" lon="4.43474">
        <name>X</name>
      </trkpt>
      <trkpt lat="51.66926" lon="4.43466">
        <name>X</name>
      </trkpt>
      <trkpt lat="51.67231" lon="4.43245">
        <name>X</name>
      </trkpt>
      <trkpt lat="51.67256" lon="4.43225">
        <name>X</name>
      </trkpt>
      <trkpt lat="51.67355" lon="4.43174">
        <name>X</name>
      </trkpt>
      <trkpt lat="51.67374" lon="4.43174">
        <name>X</name>
      </trkpt>
      <trkpt lat="51.67383" lon="4.43178">
        <name>X</name>
      </trkpt>
      <trkpt lat="51.67394" lon="4.43187">
        <name>X</name>
      </trkpt>
      <trkpt lat="51.67518" lon="4.433">
        <name>X</name>
      </trkpt>
      <trkpt lat="51.67531" lon="4.43313">
        <name>X</name>
      </trkpt>
      <trkpt lat="51.6757" lon="4.43198">
        <name>X</name>
      </trkpt>
      <trkpt lat="51.67572" lon="4.43182">
        <name>X</name>
      </trkpt>
      <trkpt lat="51.67587" lon="4.43191">
        <name>X</name>
      </trkpt>
      <trkpt lat="51.67595" lon="4.432">
        <name>X</name>
      </trkpt>
      <trkpt lat="51.67617" lon="4.43137">
        <name>X</name>
      </trkpt>
      <trkpt lat="51.67621" lon="4.43129">
        <name>X</name>
      </trkpt>
      <trkpt lat="51.67731" lon="4.43236">
        <name>X</name>
      </trkpt>
      <trkpt lat="51.67737" lon="4.43242">
        <name>X</name>
      </trkpt>
      <trkpt lat="51.67778" lon="4.43273">
        <name>X</name>
      </trkpt>
      <trkpt lat="51.67782" lon="4.43277">
        <name>X</name>
      </trkpt>
      <trkpt lat="51.67782" lon="4.43277">
        <name>X</name>
      </trkpt>
      <trkpt lat="51.67786" lon="4.43292">
        <name>X</name>
      </trkpt>
      <trkpt lat="51.67774" lon="4.43326">
        <name>X</name>
      </trkpt>
      <trkpt lat="51.67756" lon="4.43371">
        <name>X</name>
      </trkpt>
      <trkpt lat="51.67756" lon="4.43371">
        <name>X</name>
      </trkpt>
      <trkpt lat="51.67758" lon="4.4338">
        <name>X</name>
      </trkpt>
      <trkpt lat="51.67774" lon="4.43391">
        <name>X</name>
      </trkpt>
      <trkpt lat="51.67774" lon="4.43401">
        <name>X</name>
      </trkpt>
      <trkpt lat="51.67746" lon="4.43481">
        <name>X</name>
      </trkpt>
      <trkpt lat="51.67748" lon="4.43492">
        <name>X</name>
      </trkpt>
      <trkpt lat="51.67797" lon="4.43539">
        <name>X</name>
      </trkpt>
      <trkpt lat="51.67806" lon="4.43551">
        <name>X</name>
      </trkpt>
      <trkpt lat="51.67806" lon="4.43551">
        <name>X</name>
      </trkpt>
      <trkpt lat="51.6781" lon="4.43554">
        <name>X</name>
      </trkpt>
      <trkpt lat="51.67821" lon="4.43541">
        <name>X</name>
      </trkpt>
      <trkpt lat="51.67825" lon="4.43539">
        <name>X</name>
      </trkpt>
      <trkpt lat="51.67825" lon="4.43539">
        <name>X</name>
      </trkpt>
      <trkpt lat="51.67851" lon="4.43601">
        <name>X</name>
      </trkpt>
      <trkpt lat="51.68361" lon="4.44079">
        <name>X</name>
      </trkpt>
      <trkpt lat="51.684" lon="4.44116">
        <name>X</name>
      </trkpt>
      <trkpt lat="51.684" lon="4.44116">
        <name>X</name>
      </trkpt>
      <trkpt lat="51.68409" lon="4.44122">
        <name>X</name>
      </trkpt>
      <trkpt lat="51.68415" lon="4.44116">
        <name>X</name>
      </trkpt>
      <trkpt lat="51.68422" lon="4.4412">
        <name>X</name>
      </trkpt>
      <trkpt lat="51.68441" lon="4.44137">
        <name>X</name>
      </trkpt>
      <trkpt lat="51.68454" lon="4.44154">
        <name>X</name>
      </trkpt>
      <trkpt lat="51.6857" lon="4.44262">
        <name>X</name>
      </trkpt>
      <trkpt lat="51.68606" lon="4.44288">
        <name>X</name>
      </trkpt>
      <trkpt lat="51.68606" lon="4.44288">
        <name>X</name>
      </trkpt>
      <trkpt lat="51.6861" lon="4.44292">
        <name>X</name>
      </trkpt>
      <trkpt lat="51.68608" lon="4.44307">
        <name>X</name>
      </trkpt>
      <trkpt lat="51.6861" lon="4.44311">
        <name>X</name>
      </trkpt>
      <trkpt lat="51.68649" lon="4.44346">
        <name>X</name>
      </trkpt>
      <trkpt lat="51.68673" lon="4.4436">
        <name>X</name>
      </trkpt>
      <trkpt lat="51.68692" lon="4.44369">
        <name>X</name>
      </trkpt>
      <trkpt lat="51.68709" lon="4.44376">
        <name>X</name>
      </trkpt>
      <trkpt lat="51.68746" lon="4.4438">
        <name>X</name>
      </trkpt>
      <trkpt lat="51.68763" lon="4.4438">
        <name>X</name>
      </trkpt>
      <trkpt lat="51.68763" lon="4.4438">
        <name>X</name>
      </trkpt>
      <trkpt lat="51.68799" lon="4.44369">
        <name>X</name>
      </trkpt>
      <trkpt lat="51.68829" lon="4.4435">
        <name>X</name>
      </trkpt>
      <trkpt lat="51.68846" lon="4.44337">
        <name>X</name>
      </trkpt>
      <trkpt lat="51.68872" lon="4.44311">
        <name>X</name>
      </trkpt>
      <trkpt lat="51.68917" lon="4.44262">
        <name>X</name>
      </trkpt>
      <trkpt lat="51.68913" lon="4.44262">
        <name>X</name>
      </trkpt>
      <trkpt lat="51.68881" lon="4.44195">
        <name>X</name>
      </trkpt>
      <trkpt lat="51.68898" lon="4.44172">
        <name>X</name>
      </trkpt>
      <trkpt lat="51.68906" lon="4.4414">
        <name>X</name>
      </trkpt>
      <trkpt lat="51.68906" lon="4.4414">
        <name>X</name>
      </trkpt>
      <trkpt lat="51.68953" lon="4.44161">
        <name>X</name>
      </trkpt>
      <trkpt lat="51.68958" lon="4.44127">
        <name>X</name>
      </trkpt>
      <trkpt lat="51.6896" lon="4.4412">
        <name>X</name>
      </trkpt>
      <trkpt lat="51.6896" lon="4.4412">
        <name>X</name>
      </trkpt>
      <trkpt lat="51.69018" lon="4.44142">
        <name>X</name>
      </trkpt>
      <trkpt lat="51.69018" lon="4.44142">
        <name>X</name>
      </trkpt>
      <trkpt lat="51.69024" lon="4.4415">
        <name>X</name>
      </trkpt>
      <trkpt lat="51.69027" lon="4.44161">
        <name>X</name>
      </trkpt>
      <trkpt lat="51.69033" lon="4.44178">
        <name>X</name>
      </trkpt>
      <trkpt lat="51.69082" lon="4.44148">
        <name>X</name>
      </trkpt>
      <trkpt lat="51.691" lon="4.44135">
        <name>X</name>
      </trkpt>
      <trkpt lat="51.69121" lon="4.44109">
        <name>X</name>
      </trkpt>
      <trkpt lat="51.69136" lon="4.44079">
        <name>X</name>
      </trkpt>
      <trkpt lat="51.69188" lon="4.43959">
        <name>X</name>
      </trkpt>
      <trkpt lat="51.69211" lon="4.43901">
        <name>X</name>
      </trkpt>
      <trkpt lat="51.69175" lon="4.43863">
        <name>X</name>
      </trkpt>
      <trkpt lat="51.6917" lon="4.43858">
        <name>X</name>
      </trkpt>
      <trkpt lat="51.69179" lon="4.43841">
        <name>X</name>
      </trkpt>
      <trkpt lat="51.69192" lon="4.43809">
        <name>X</name>
      </trkpt>
      <trkpt lat="51.69192" lon="4.43809">
        <name>X</name>
      </trkpt>
      <trkpt lat="51.69194" lon="4.43813">
        <name>X</name>
      </trkpt>
      <trkpt lat="51.69202" lon="4.43808">
        <name>X</name>
      </trkpt>
      <trkpt lat="51.69209" lon="4.43803">
        <name>X</name>
      </trkpt>
      <trkpt lat="51.69239" lon="4.43835">
        <name>X</name>
      </trkpt>
      <trkpt lat="51.69235" lon="4.43843">
        <name>X</name>
      </trkpt>
      <trkpt lat="51.69396" lon="4.44022">
        <name>X</name>
      </trkpt>
      <trkpt lat="51.69404" lon="4.4403">
        <name>X</name>
      </trkpt>
      <trkpt lat="51.69361" lon="4.44134">
        <name>X</name>
      </trkpt>
      <trkpt lat="51.69357" lon="4.44144">
        <name>X</name>
      </trkpt>
      <trkpt lat="51.69364" lon="4.44144">
        <name>X</name>
      </trkpt>
      <trkpt lat="51.69372" lon="4.44154">
        <name>X</name>
      </trkpt>
      <trkpt lat="51.69376" lon="4.44154">
        <name>X</name>
      </trkpt>
      <trkpt lat="51.69389" lon="4.44133">
        <name>X</name>
      </trkpt>
      <trkpt lat="51.6943" lon="4.44039">
        <name>X</name>
      </trkpt>
      <trkpt lat="51.69447" lon="4.44">
        <name>X</name>
      </trkpt>
      <trkpt lat="51.69492" lon="4.44049">
        <name>X</name>
      </trkpt>
      <trkpt lat="51.69501" lon="4.44058">
        <name>X</name>
      </trkpt>
      <trkpt lat="51.6952" lon="4.44084">
        <name>X</name>
      </trkpt>
      <trkpt lat="51.69537" lon="4.44105">
        <name>X</name>
      </trkpt>
      <trkpt lat="51.69548" lon="4.44103">
        <name>X</name>
      </trkpt>
      <trkpt lat="51.69554" lon="4.44105">
        <name>X</name>
      </trkpt>
      <trkpt lat="51.69563" lon="4.44101">
        <name>X</name>
      </trkpt>
      <trkpt lat="51.69572" lon="4.44101">
        <name>X</name>
      </trkpt>
      <trkpt lat="51.69597" lon="4.44075">
        <name>X</name>
      </trkpt>
      <trkpt lat="51.69606" lon="4.44066">
        <name>X</name>
      </trkpt>
      <trkpt lat="51.69617" lon="4.44052">
        <name>X</name>
      </trkpt>
      <trkpt lat="51.69621" lon="4.44045">
        <name>X</name>
      </trkpt>
      <trkpt lat="51.69627" lon="4.44026">
        <name>X</name>
      </trkpt>
      <trkpt lat="51.6963" lon="4.44009">
        <name>X</name>
      </trkpt>
      <trkpt lat="51.69621" lon="4.43953">
        <name>X</name>
      </trkpt>
      <trkpt lat="51.69617" lon="4.4394">
        <name>X</name>
      </trkpt>
      <trkpt lat="51.69587" lon="4.43882">
        <name>X</name>
      </trkpt>
      <trkpt lat="51.6958" lon="4.43856">
        <name>X</name>
      </trkpt>
      <trkpt lat="51.6957" lon="4.43762">
        <name>X</name>
      </trkpt>
      <trkpt lat="51.69567" lon="4.437">
        <name>X</name>
      </trkpt>
      <trkpt lat="51.6957" lon="4.43685">
        <name>X</name>
      </trkpt>
      <trkpt lat="51.6957" lon="4.43676">
        <name>X</name>
      </trkpt>
      <trkpt lat="51.69574" lon="4.43674">
        <name>X</name>
      </trkpt>
      <trkpt lat="51.6958" lon="4.43672">
        <name>X</name>
      </trkpt>
      <trkpt lat="51.6958" lon="4.43672">
        <name>X</name>
      </trkpt>
      <trkpt lat="51.69584" lon="4.43652">
        <name>X</name>
      </trkpt>
      <trkpt lat="51.69638" lon="4.43517">
        <name>X</name>
      </trkpt>
      <trkpt lat="51.69645" lon="4.43487">
        <name>X</name>
      </trkpt>
      <trkpt lat="51.69647" lon="4.43444">
        <name>X</name>
      </trkpt>
      <trkpt lat="51.69647" lon="4.43429">
        <name>X</name>
      </trkpt>
      <trkpt lat="51.69636" lon="4.43099">
        <name>X</name>
      </trkpt>
      <trkpt lat="51.69636" lon="4.43026">
        <name>X</name>
      </trkpt>
      <trkpt lat="51.69655" lon="4.42895">
        <name>X</name>
      </trkpt>
      <trkpt lat="51.69668" lon="4.42807">
        <name>X</name>
      </trkpt>
      <trkpt lat="51.69668" lon="4.42807">
        <name>X</name>
      </trkpt>
      <trkpt lat="51.69685" lon="4.4267">
        <name>X</name>
      </trkpt>
      <trkpt lat="51.69685" lon="4.42637">
        <name>X</name>
      </trkpt>
      <trkpt lat="51.69683" lon="4.42607">
        <name>X</name>
      </trkpt>
      <trkpt lat="51.69679" lon="4.42582">
        <name>X</name>
      </trkpt>
      <trkpt lat="51.69672" lon="4.42552">
        <name>X</name>
      </trkpt>
      <trkpt lat="51.69664" lon="4.42528">
        <name>X</name>
      </trkpt>
      <trkpt lat="51.69627" lon="4.42455">
        <name>X</name>
      </trkpt>
      <trkpt lat="51.69318" lon="4.41884">
        <name>X</name>
      </trkpt>
      <trkpt lat="51.69222" lon="4.41704">
        <name>X</name>
      </trkpt>
      <trkpt lat="51.69218" lon="4.417">
        <name>X</name>
      </trkpt>
      <trkpt lat="51.69209" lon="4.417">
        <name>X</name>
      </trkpt>
      <trkpt lat="51.6914" lon="4.41794">
        <name>X</name>
      </trkpt>
      <trkpt lat="51.6913" lon="4.41807">
        <name>X</name>
      </trkpt>
      <trkpt lat="51.69115" lon="4.4182">
        <name>X</name>
      </trkpt>
      <trkpt lat="51.68909" lon="4.41979">
        <name>X</name>
      </trkpt>
      <trkpt lat="51.68891" lon="4.41996">
        <name>X</name>
      </trkpt>
      <trkpt lat="51.68876" lon="4.42">
        <name>X</name>
      </trkpt>
      <trkpt lat="51.68861" lon="4.41994">
        <name>X</name>
      </trkpt>
      <trkpt lat="51.68853" lon="4.41989">
        <name>X</name>
      </trkpt>
      <trkpt lat="51.68853" lon="4.41989">
        <name>X</name>
      </trkpt>
      <trkpt lat="51.68696" lon="4.41856">
        <name>X</name>
      </trkpt>
      <trkpt lat="51.68685" lon="4.41852">
        <name>X</name>
      </trkpt>
      <trkpt lat="51.68673" lon="4.41848">
        <name>X</name>
      </trkpt>
      <trkpt lat="51.68673" lon="4.41848">
        <name>X</name>
      </trkpt>
      <trkpt lat="51.68655" lon="4.41846">
        <name>X</name>
      </trkpt>
      <trkpt lat="51.68655" lon="4.41846">
        <name>X</name>
      </trkpt>
      <trkpt lat="51.68486" lon="4.41874">
        <name>X</name>
      </trkpt>
      <trkpt lat="51.68381" lon="4.41886">
        <name>X</name>
      </trkpt>
      <trkpt lat="51.68361" lon="4.4188">
        <name>X</name>
      </trkpt>
      <trkpt lat="51.68342" lon="4.41865">
        <name>X</name>
      </trkpt>
      <trkpt lat="51.68334" lon="4.41854">
        <name>X</name>
      </trkpt>
      <trkpt lat="51.68271" lon="4.41736">
        <name>X</name>
      </trkpt>
      <trkpt lat="51.68261" lon="4.4171">
        <name>X</name>
      </trkpt>
      <trkpt lat="51.68261" lon="4.4171">
        <name>X</name>
      </trkpt>
      <trkpt lat="51.68557" lon="4.41279">
        <name>X</name>
      </trkpt>
      <trkpt lat="51.68836" lon="4.40852">
        <name>X</name>
      </trkpt>
      <trkpt lat="51.6884" lon="4.40844">
        <name>X</name>
      </trkpt>
      <trkpt lat="51.68894" lon="4.40773">
        <name>X</name>
      </trkpt>
      <trkpt lat="51.69012" lon="4.40603">
        <name>X</name>
      </trkpt>
      <trkpt lat="51.69012" lon="4.40603">
        <name>X</name>
      </trkpt>
      <trkpt lat="51.69057" lon="4.4055">
        <name>X</name>
      </trkpt>
      <trkpt lat="51.69172" lon="4.40393">
        <name>X</name>
      </trkpt>
      <trkpt lat="51.69359" lon="4.40142">
        <name>X</name>
      </trkpt>
      <trkpt lat="51.69428" lon="4.40056">
        <name>X</name>
      </trkpt>
      <trkpt lat="51.69452" lon="4.40028">
        <name>X</name>
      </trkpt>
      <trkpt lat="51.69529" lon="4.39953">
        <name>X</name>
      </trkpt>
      <trkpt lat="51.69612" lon="4.39887">
        <name>X</name>
      </trkpt>
      <trkpt lat="51.69612" lon="4.39887">
        <name>X</name>
      </trkpt>
      <trkpt lat="51.69713" lon="4.39814">
        <name>X</name>
      </trkpt>
      <trkpt lat="51.69825" lon="4.39743">
        <name>X</name>
      </trkpt>
      <trkpt lat="51.69876" lon="4.39711">
        <name>X</name>
      </trkpt>
      <trkpt lat="51.69986" lon="4.39655">
        <name>X</name>
      </trkpt>
      <trkpt lat="51.70031" lon="4.39636">
        <name>X</name>
      </trkpt>
      <trkpt lat="51.70031" lon="4.39636">
        <name>X</name>
      </trkpt>
      <trkpt lat="51.70074" lon="4.3962">
        <name>X</name>
      </trkpt>
      <trkpt lat="51.70093" lon="4.39618">
        <name>X</name>
      </trkpt>
      <trkpt lat="51.70142" lon="4.39603">
        <name>X</name>
      </trkpt>
      <trkpt lat="51.70155" lon="4.39595">
        <name>X</name>
      </trkpt>
      <trkpt lat="51.70162" lon="4.39582">
        <name>X</name>
      </trkpt>
      <trkpt lat="51.70172" lon="4.39593">
        <name>X</name>
      </trkpt>
      <trkpt lat="51.70181" lon="4.39595">
        <name>X</name>
      </trkpt>
      <trkpt lat="51.70318" lon="4.39582">
        <name>X</name>
      </trkpt>
      <trkpt lat="51.70396" lon="4.3958">
        <name>X</name>
      </trkpt>
      <trkpt lat="51.70411" lon="4.39588">
        <name>X</name>
      </trkpt>
      <trkpt lat="51.70415" lon="4.3959">
        <name>X</name>
      </trkpt>
      <trkpt lat="51.70432" lon="4.39586">
        <name>X</name>
      </trkpt>
      <trkpt lat="51.70438" lon="4.39586">
        <name>X</name>
      </trkpt>
      <trkpt lat="51.7052" lon="4.39601">
        <name>X</name>
      </trkpt>
      <trkpt lat="51.70559" lon="4.39608">
        <name>X</name>
      </trkpt>
      <trkpt lat="51.70649" lon="4.39608">
        <name>X</name>
      </trkpt>
      <trkpt lat="51.70681" lon="4.3961">
        <name>X</name>
      </trkpt>
      <trkpt lat="51.7072" lon="4.39616">
        <name>X</name>
      </trkpt>
      <trkpt lat="51.70801" lon="4.39642">
        <name>X</name>
      </trkpt>
      <trkpt lat="51.70956" lon="4.39713">
        <name>X</name>
      </trkpt>
      <trkpt lat="51.7099" lon="4.39728">
        <name>X</name>
      </trkpt>
      <trkpt lat="51.71928" lon="4.40309">
        <name>X</name>
      </trkpt>
      <trkpt lat="51.71962" lon="4.40331">
        <name>X</name>
      </trkpt>
      <trkpt lat="51.72076" lon="4.40404">
        <name>X</name>
      </trkpt>
      <trkpt lat="51.72136" lon="4.40451">
        <name>X</name>
      </trkpt>
      <trkpt lat="51.72383" lon="4.40608">
        <name>X</name>
      </trkpt>
      <trkpt lat="51.72387" lon="4.40616">
        <name>X</name>
      </trkpt>
      <trkpt lat="51.72402" lon="4.4062">
        <name>X</name>
      </trkpt>
      <trkpt lat="51.72413" lon="4.40625">
        <name>X</name>
      </trkpt>
      <trkpt lat="51.72451" lon="4.40648">
        <name>X</name>
      </trkpt>
      <trkpt lat="51.72734" lon="4.40824">
        <name>X</name>
      </trkpt>
      <trkpt lat="51.72874" lon="4.40921">
        <name>X</name>
      </trkpt>
      <trkpt lat="51.72996" lon="4.40998">
        <name>X</name>
      </trkpt>
      <trkpt lat="51.72996" lon="4.40998">
        <name>X</name>
      </trkpt>
      <trkpt lat="51.73104" lon="4.4106">
        <name>X</name>
      </trkpt>
      <trkpt lat="51.73198" lon="4.41108">
        <name>X</name>
      </trkpt>
      <trkpt lat="51.73217" lon="4.41116">
        <name>X</name>
      </trkpt>
      <trkpt lat="51.73217" lon="4.41116">
        <name>X</name>
      </trkpt>
      <trkpt lat="51.73226" lon="4.41122">
        <name>X</name>
      </trkpt>
      <trkpt lat="51.7326" lon="4.41168">
        <name>X</name>
      </trkpt>
      <trkpt lat="51.73267" lon="4.41176">
        <name>X</name>
      </trkpt>
      <trkpt lat="51.73185" lon="4.4132">
        <name>X</name>
      </trkpt>
      <trkpt lat="51.73033" lon="4.41595">
        <name>X</name>
      </trkpt>
      <trkpt lat="51.7275" lon="4.42089">
        <name>X</name>
      </trkpt>
      <trkpt lat="51.72685" lon="4.42202">
        <name>X</name>
      </trkpt>
      <trkpt lat="51.72685" lon="4.42202">
        <name>X</name>
      </trkpt>
      <trkpt lat="51.72659" lon="4.42249">
        <name>X</name>
      </trkpt>
      <trkpt lat="51.72606" lon="4.42369">
        <name>X</name>
      </trkpt>
      <trkpt lat="51.72597" lon="4.42397">
        <name>X</name>
      </trkpt>
      <trkpt lat="51.72597" lon="4.42397">
        <name>X</name>
      </trkpt>
      <trkpt lat="51.72602" lon="4.42406">
        <name>X</name>
      </trkpt>
      <trkpt lat="51.72602" lon="4.42406">
        <name>X</name>
      </trkpt>
      <trkpt lat="51.72604" lon="4.42464">
        <name>X</name>
      </trkpt>
      <trkpt lat="51.7261" lon="4.42515">
        <name>X</name>
      </trkpt>
      <trkpt lat="51.72616" lon="4.42582">
        <name>X</name>
      </trkpt>
      <trkpt lat="51.72651" lon="4.43562">
        <name>X</name>
      </trkpt>
      <trkpt lat="51.72653" lon="4.43599">
        <name>X</name>
      </trkpt>
      <trkpt lat="51.7264" lon="4.43674">
        <name>X</name>
      </trkpt>
      <trkpt lat="51.72636" lon="4.43682">
        <name>X</name>
      </trkpt>
      <trkpt lat="51.72636" lon="4.43708">
        <name>X</name>
      </trkpt>
      <trkpt lat="51.72638" lon="4.43734">
        <name>X</name>
      </trkpt>
      <trkpt lat="51.72644" lon="4.43753">
        <name>X</name>
      </trkpt>
      <trkpt lat="51.72651" lon="4.43773">
        <name>X</name>
      </trkpt>
      <trkpt lat="51.72679" lon="4.43785">
        <name>X</name>
      </trkpt>
      <trkpt lat="51.72707" lon="4.4379">
        <name>X</name>
      </trkpt>
      <trkpt lat="51.7287" lon="4.43807">
        <name>X</name>
      </trkpt>
      <trkpt lat="51.7299" lon="4.43818">
        <name>X</name>
      </trkpt>
      <trkpt lat="51.72998" lon="4.43824">
        <name>X</name>
      </trkpt>
      <trkpt lat="51.73013" lon="4.43826">
        <name>X</name>
      </trkpt>
      <trkpt lat="51.73462" lon="4.43878">
        <name>X</name>
      </trkpt>
      <trkpt lat="51.73505" lon="4.43882">
        <name>X</name>
      </trkpt>
      <trkpt lat="51.7379" lon="4.43976">
        <name>X</name>
      </trkpt>
      <trkpt lat="51.73889" lon="4.44011">
        <name>X</name>
      </trkpt>
      <trkpt lat="51.73898" lon="4.44011">
        <name>X</name>
      </trkpt>
      <trkpt lat="51.73996" lon="4.44009">
        <name>X</name>
      </trkpt>
      <trkpt lat="51.74003" lon="4.44006">
        <name>X</name>
      </trkpt>
      <trkpt lat="51.74009" lon="4.43998">
        <name>X</name>
      </trkpt>
      <trkpt lat="51.74125" lon="4.43978">
        <name>X</name>
      </trkpt>
      <trkpt lat="51.7414" lon="4.43978">
        <name>X</name>
      </trkpt>
      <trkpt lat="51.74516" lon="4.44107">
        <name>X</name>
      </trkpt>
      <trkpt lat="51.74528" lon="4.44112">
        <name>X</name>
      </trkpt>
      <trkpt lat="51.74537" lon="4.44129">
        <name>X</name>
      </trkpt>
      <trkpt lat="51.74546" lon="4.44135">
        <name>X</name>
      </trkpt>
      <trkpt lat="51.74554" lon="4.44137">
        <name>X</name>
      </trkpt>
      <trkpt lat="51.74563" lon="4.44137">
        <name>X</name>
      </trkpt>
      <trkpt lat="51.74591" lon="4.44129">
        <name>X</name>
      </trkpt>
      <trkpt lat="51.74616" lon="4.44127">
        <name>X</name>
      </trkpt>
      <trkpt lat="51.74634" lon="4.44129">
        <name>X</name>
      </trkpt>
      <trkpt lat="51.74646" lon="4.44133">
        <name>X</name>
      </trkpt>
      <trkpt lat="51.74651" lon="4.44135">
        <name>X</name>
      </trkpt>
      <trkpt lat="51.74657" lon="4.4414">
        <name>X</name>
      </trkpt>
      <trkpt lat="51.74664" lon="4.44159">
        <name>X</name>
      </trkpt>
      <trkpt lat="51.74666" lon="4.44165">
        <name>X</name>
      </trkpt>
      <trkpt lat="51.74681" lon="4.4418">
        <name>X</name>
      </trkpt>
      <trkpt lat="51.74687" lon="4.44187">
        <name>X</name>
      </trkpt>
      <trkpt lat="51.74696" lon="4.44189">
        <name>X</name>
      </trkpt>
      <trkpt lat="51.747" lon="4.44193">
        <name>X</name>
      </trkpt>
      <trkpt lat="51.74704" lon="4.44187">
        <name>X</name>
      </trkpt>
      <trkpt lat="51.74709" lon="4.44178">
        <name>X</name>
      </trkpt>
      <trkpt lat="51.7487" lon="4.44238">
        <name>X</name>
      </trkpt>
      <trkpt lat="51.74994" lon="4.44285">
        <name>X</name>
      </trkpt>
      <trkpt lat="51.74994" lon="4.44285">
        <name>X</name>
      </trkpt>
      <trkpt lat="51.75" lon="4.4429">
        <name>X</name>
      </trkpt>
      <trkpt lat="51.75022" lon="4.4432">
        <name>X</name>
      </trkpt>
      <trkpt lat="51.75037" lon="4.44335">
        <name>X</name>
      </trkpt>
      <trkpt lat="51.75041" lon="4.44335">
        <name>X</name>
      </trkpt>
      <trkpt lat="51.7505" lon="4.44335">
        <name>X</name>
      </trkpt>
      <trkpt lat="51.7508" lon="4.44324">
        <name>X</name>
      </trkpt>
      <trkpt lat="51.75088" lon="4.44324">
        <name>X</name>
      </trkpt>
      <trkpt lat="51.75219" lon="4.44365">
        <name>X</name>
      </trkpt>
      <trkpt lat="51.75275" lon="4.44388">
        <name>X</name>
      </trkpt>
      <trkpt lat="51.75322" lon="4.44397">
        <name>X</name>
      </trkpt>
      <trkpt lat="51.75331" lon="4.44399">
        <name>X</name>
      </trkpt>
      <trkpt lat="51.75608" lon="4.445">
        <name>X</name>
      </trkpt>
      <trkpt lat="51.75625" lon="4.44504">
        <name>X</name>
      </trkpt>
      <trkpt lat="51.75655" lon="4.445">
        <name>X</name>
      </trkpt>
      <trkpt lat="51.7567" lon="4.44496">
        <name>X</name>
      </trkpt>
      <trkpt lat="51.75743" lon="4.44451">
        <name>X</name>
      </trkpt>
      <trkpt lat="51.75749" lon="4.44448">
        <name>X</name>
      </trkpt>
      <trkpt lat="51.75833" lon="4.44442">
        <name>X</name>
      </trkpt>
      <trkpt lat="51.75876" lon="4.4444">
        <name>X</name>
      </trkpt>
      <trkpt lat="51.75876" lon="4.4444">
        <name>X</name>
      </trkpt>
      <trkpt lat="51.75902" lon="4.44442">
        <name>X</name>
      </trkpt>
      <trkpt lat="51.75949" lon="4.44455">
        <name>X</name>
      </trkpt>
      <trkpt lat="51.75972" lon="4.44455">
        <name>X</name>
      </trkpt>
      <trkpt lat="51.76073" lon="4.44427">
        <name>X</name>
      </trkpt>
      <trkpt lat="51.76127" lon="4.44408">
        <name>X</name>
      </trkpt>
      <trkpt lat="51.76335" lon="4.44388">
        <name>X</name>
      </trkpt>
      <trkpt lat="51.76412" lon="4.4438">
        <name>X</name>
      </trkpt>
      <trkpt lat="51.76569" lon="4.4439">
        <name>X</name>
      </trkpt>
      <trkpt lat="51.76582" lon="4.44397">
        <name>X</name>
      </trkpt>
      <trkpt lat="51.76614" lon="4.44397">
        <name>X</name>
      </trkpt>
      <trkpt lat="51.76623" lon="4.44393">
        <name>X</name>
      </trkpt>
      <trkpt lat="51.76661" lon="4.44395">
        <name>X</name>
      </trkpt>
      <trkpt lat="51.76666" lon="4.44395">
        <name>X</name>
      </trkpt>
      <trkpt lat="51.76715" lon="4.44406">
        <name>X</name>
      </trkpt>
      <trkpt lat="51.76805" lon="4.44433">
        <name>X</name>
      </trkpt>
      <trkpt lat="51.76835" lon="4.44431">
        <name>X</name>
      </trkpt>
      <trkpt lat="51.76848" lon="4.44429">
        <name>X</name>
      </trkpt>
      <trkpt lat="51.76861" lon="4.44423">
        <name>X</name>
      </trkpt>
      <trkpt lat="51.76869" lon="4.44421">
        <name>X</name>
      </trkpt>
      <trkpt lat="51.76872" lon="4.44393">
        <name>X</name>
      </trkpt>
      <trkpt lat="51.76874" lon="4.44296">
        <name>X</name>
      </trkpt>
      <trkpt lat="51.76878" lon="4.4429">
        <name>X</name>
      </trkpt>
      <trkpt lat="51.76882" lon="4.44272">
        <name>X</name>
      </trkpt>
      <trkpt lat="51.76882" lon="4.44272">
        <name>X</name>
      </trkpt>
      <trkpt lat="51.76887" lon="4.4423">
        <name>X</name>
      </trkpt>
      <trkpt lat="51.76887" lon="4.4417">
        <name>X</name>
      </trkpt>
      <trkpt lat="51.76889" lon="4.44144">
        <name>X</name>
      </trkpt>
      <trkpt lat="51.76895" lon="4.43335">
        <name>X</name>
      </trkpt>
      <trkpt lat="51.76897" lon="4.43311">
        <name>X</name>
      </trkpt>
      <trkpt lat="51.76895" lon="4.43279">
        <name>X</name>
      </trkpt>
      <trkpt lat="51.76891" lon="4.43202">
        <name>X</name>
      </trkpt>
      <trkpt lat="51.76889" lon="4.43195">
        <name>X</name>
      </trkpt>
      <trkpt lat="51.76887" lon="4.43191">
        <name>X</name>
      </trkpt>
      <trkpt lat="51.76887" lon="4.43107">
        <name>X</name>
      </trkpt>
      <trkpt lat="51.76891" lon="4.43075">
        <name>X</name>
      </trkpt>
      <trkpt lat="51.77015" lon="4.42646">
        <name>X</name>
      </trkpt>
      <trkpt lat="51.77048" lon="4.42532">
        <name>X</name>
      </trkpt>
      <trkpt lat="51.77048" lon="4.42532">
        <name>X</name>
      </trkpt>
      <trkpt lat="51.77075" lon="4.42444">
        <name>X</name>
      </trkpt>
      <trkpt lat="51.77185" lon="4.42146">
        <name>X</name>
      </trkpt>
      <trkpt lat="51.77232" lon="4.42017">
        <name>X</name>
      </trkpt>
      <trkpt lat="51.77232" lon="4.42017">
        <name>X</name>
      </trkpt>
      <trkpt lat="51.77277" lon="4.41906">
        <name>X</name>
      </trkpt>
      <trkpt lat="51.77408" lon="4.41622">
        <name>X</name>
      </trkpt>
      <trkpt lat="51.77429" lon="4.41573">
        <name>X</name>
      </trkpt>
      <trkpt lat="51.77429" lon="4.41573">
        <name>X</name>
      </trkpt>
      <trkpt lat="51.77449" lon="4.41537">
        <name>X</name>
      </trkpt>
      <trkpt lat="51.77509" lon="4.41404">
        <name>X</name>
      </trkpt>
      <trkpt lat="51.77543" lon="4.41333">
        <name>X</name>
      </trkpt>
      <trkpt lat="51.77543" lon="4.41333">
        <name>X</name>
      </trkpt>
      <trkpt lat="51.77569" lon="4.41281">
        <name>X</name>
      </trkpt>
      <trkpt lat="51.77573" lon="4.41281">
        <name>X</name>
      </trkpt>
      <trkpt lat="51.77578" lon="4.41277">
        <name>X</name>
      </trkpt>
      <trkpt lat="51.77584" lon="4.41256">
        <name>X</name>
      </trkpt>
      <trkpt lat="51.77586" lon="4.41247">
        <name>X</name>
      </trkpt>
      <trkpt lat="51.77595" lon="4.41198">
        <name>X</name>
      </trkpt>
      <trkpt lat="51.77601" lon="4.4115">
        <name>X</name>
      </trkpt>
      <trkpt lat="51.77601" lon="4.4115">
        <name>X</name>
      </trkpt>
      <trkpt lat="51.77614" lon="4.41099">
        <name>X</name>
      </trkpt>
      <trkpt lat="51.77631" lon="4.40999">
        <name>X</name>
      </trkpt>
      <trkpt lat="51.77659" lon="4.40841">
        <name>X</name>
      </trkpt>
      <trkpt lat="51.77659" lon="4.40841">
        <name>X</name>
      </trkpt>
      <trkpt lat="51.77747" lon="4.40322">
        <name>X</name>
      </trkpt>
      <trkpt lat="51.77749" lon="4.40294">
        <name>X</name>
      </trkpt>
      <trkpt lat="51.77751" lon="4.40275">
        <name>X</name>
      </trkpt>
      <trkpt lat="51.77753" lon="4.40268">
        <name>X</name>
      </trkpt>
      <trkpt lat="51.77758" lon="4.40262">
        <name>X</name>
      </trkpt>
      <trkpt lat="51.77777" lon="4.40258">
        <name>X</name>
      </trkpt>
      <trkpt lat="51.77788" lon="4.40262">
        <name>X</name>
      </trkpt>
      <trkpt lat="51.77792" lon="4.40247">
        <name>X</name>
      </trkpt>
      <trkpt lat="51.77794" lon="4.40238">
        <name>X</name>
      </trkpt>
      <trkpt lat="51.77809" lon="4.40247">
        <name>X</name>
      </trkpt>
      <trkpt lat="51.77841" lon="4.4026">
        <name>X</name>
      </trkpt>
      <trkpt lat="51.77953" lon="4.40296">
        <name>X</name>
      </trkpt>
      <trkpt lat="51.78217" lon="4.40382">
        <name>X</name>
      </trkpt>
      <trkpt lat="51.78384" lon="4.40436">
        <name>X</name>
      </trkpt>
      <trkpt lat="51.7882" lon="4.40575">
        <name>X</name>
      </trkpt>
      <trkpt lat="51.79026" lon="4.40638">
        <name>X</name>
      </trkpt>
      <trkpt lat="51.79058" lon="4.40646">
        <name>X</name>
      </trkpt>
      <trkpt lat="51.79075" lon="4.40657">
        <name>X</name>
      </trkpt>
      <trkpt lat="51.79773" lon="4.40881">
        <name>X</name>
      </trkpt>
      <trkpt lat="51.80365" lon="4.41069">
        <name>X</name>
      </trkpt>
      <trkpt lat="51.80798" lon="4.41206">
        <name>X</name>
      </trkpt>
      <trkpt lat="51.8082" lon="4.41208">
        <name>X</name>
      </trkpt>
      <trkpt lat="51.80843" lon="4.41215">
        <name>X</name>
      </trkpt>
      <trkpt lat="51.80843" lon="4.41215">
        <name>X</name>
      </trkpt>
      <trkpt lat="51.80869" lon="4.41223">
        <name>X</name>
      </trkpt>
      <trkpt lat="51.80886" lon="4.41234">
        <name>X</name>
      </trkpt>
      <trkpt lat="51.80891" lon="4.41236">
        <name>X</name>
      </trkpt>
      <trkpt lat="51.81041" lon="4.41284">
        <name>X</name>
      </trkpt>
      <trkpt lat="51.81152" lon="4.4132">
        <name>X</name>
      </trkpt>
      <trkpt lat="51.81152" lon="4.4132">
        <name>X</name>
      </trkpt>
      <trkpt lat="51.81223" lon="4.41341">
        <name>X</name>
      </trkpt>
      <trkpt lat="51.81232" lon="4.41339">
        <name>X</name>
      </trkpt>
      <trkpt lat="51.81247" lon="4.41344">
        <name>X</name>
      </trkpt>
      <trkpt lat="51.81268" lon="4.41354">
        <name>X</name>
      </trkpt>
      <trkpt lat="51.81272" lon="4.41356">
        <name>X</name>
      </trkpt>
      <trkpt lat="51.81277" lon="4.41354">
        <name>X</name>
      </trkpt>
      <trkpt lat="51.81288" lon="4.41341">
        <name>X</name>
      </trkpt>
      <trkpt lat="51.81298" lon="4.41341">
        <name>X</name>
      </trkpt>
      <trkpt lat="51.81305" lon="4.41344">
        <name>X</name>
      </trkpt>
      <trkpt lat="51.81305" lon="4.41344">
        <name>X</name>
      </trkpt>
      <trkpt lat="51.81311" lon="4.41346">
        <name>X</name>
      </trkpt>
      <trkpt lat="51.81318" lon="4.41365">
        <name>X</name>
      </trkpt>
      <trkpt lat="51.81322" lon="4.41369">
        <name>X</name>
      </trkpt>
      <trkpt lat="51.8132" lon="4.41395">
        <name>X</name>
      </trkpt>
      <trkpt lat="51.8132" lon="4.41406">
        <name>X</name>
      </trkpt>
      <trkpt lat="51.81406" lon="4.41429">
        <name>X</name>
      </trkpt>
      <trkpt lat="51.81436" lon="4.41438">
        <name>X</name>
      </trkpt>
      <trkpt lat="51.81496" lon="4.41468">
        <name>X</name>
      </trkpt>
      <trkpt lat="51.81517" lon="4.41483">
        <name>X</name>
      </trkpt>
      <trkpt lat="51.81517" lon="4.41483">
        <name>X</name>
      </trkpt>
      <trkpt lat="51.81521" lon="4.41496">
        <name>X</name>
      </trkpt>
      <trkpt lat="51.81528" lon="4.41504">
        <name>X</name>
      </trkpt>
      <trkpt lat="51.81534" lon="4.41507">
        <name>X</name>
      </trkpt>
      <trkpt lat="51.81539" lon="4.41507">
        <name>X</name>
      </trkpt>
      <trkpt lat="51.81545" lon="4.41504">
        <name>X</name>
      </trkpt>
      <trkpt lat="51.81554" lon="4.41494">
        <name>X</name>
      </trkpt>
      <trkpt lat="51.81556" lon="4.41489">
        <name>X</name>
      </trkpt>
      <trkpt lat="51.81558" lon="4.41481">
        <name>X</name>
      </trkpt>
      <trkpt lat="51.8156" lon="4.4147">
        <name>X</name>
      </trkpt>
      <trkpt lat="51.81556" lon="4.41453">
        <name>X</name>
      </trkpt>
      <trkpt lat="51.8156" lon="4.41453">
        <name>X</name>
      </trkpt>
      <trkpt lat="51.81751" lon="4.41515">
        <name>X</name>
      </trkpt>
      <trkpt lat="51.81766" lon="4.41515">
        <name>X</name>
      </trkpt>
      <trkpt lat="51.81839" lon="4.41543">
        <name>X</name>
      </trkpt>
      <trkpt lat="51.81854" lon="4.41543">
        <name>X</name>
      </trkpt>
      <trkpt lat="51.81871" lon="4.41552">
        <name>X</name>
      </trkpt>
      <trkpt lat="51.81878" lon="4.41556">
        <name>X</name>
      </trkpt>
      <trkpt lat="51.81915" lon="4.41568">
        <name>X</name>
      </trkpt>
      <trkpt lat="51.81918" lon="4.41552">
        <name>X</name>
      </trkpt>
      <trkpt lat="51.81957" lon="4.41564">
        <name>X</name>
      </trkpt>
      <trkpt lat="51.81955" lon="4.41582">
        <name>X</name>
      </trkpt>
      <trkpt lat="51.82294" lon="4.41689">
        <name>X</name>
      </trkpt>
      <trkpt lat="51.82324" lon="4.417">
        <name>X</name>
      </trkpt>
      <trkpt lat="51.8235" lon="4.41513">
        <name>X</name>
      </trkpt>
      <trkpt lat="51.82356" lon="4.41468">
        <name>X</name>
      </trkpt>
      <trkpt lat="51.82367" lon="4.41376">
        <name>X</name>
      </trkpt>
      <trkpt lat="51.82375" lon="4.41307">
        <name>X</name>
      </trkpt>
      <trkpt lat="51.82378" lon="4.41271">
        <name>X</name>
      </trkpt>
      <trkpt lat="51.82378" lon="4.41247">
        <name>X</name>
      </trkpt>
      <trkpt lat="51.82463" lon="4.41219">
        <name>X</name>
      </trkpt>
      <trkpt lat="51.82487" lon="4.41213">
        <name>X</name>
      </trkpt>
      <trkpt lat="51.82485" lon="4.4118">
        <name>X</name>
      </trkpt>
      <trkpt lat="51.82506" lon="4.41172">
        <name>X</name>
      </trkpt>
      <trkpt lat="51.82654" lon="4.41125">
        <name>X</name>
      </trkpt>
      <trkpt lat="51.82659" lon="4.41122">
        <name>X</name>
      </trkpt>
      <trkpt lat="51.82663" lon="4.41127">
        <name>X</name>
      </trkpt>
      <trkpt lat="51.82667" lon="4.41129">
        <name>X</name>
      </trkpt>
      <trkpt lat="51.82667" lon="4.41129">
        <name>X</name>
      </trkpt>
      <trkpt lat="51.82672" lon="4.41127">
        <name>X</name>
      </trkpt>
      <trkpt lat="51.82693" lon="4.41133">
        <name>X</name>
      </trkpt>
      <trkpt lat="51.82699" lon="4.41129">
        <name>X</name>
      </trkpt>
      <trkpt lat="51.82699" lon="4.41142">
        <name>X</name>
      </trkpt>
      <trkpt lat="51.82697" lon="4.41161">
        <name>X</name>
      </trkpt>
      <trkpt lat="51.8268" lon="4.41264">
        <name>X</name>
      </trkpt>
      <trkpt lat="51.82678" lon="4.41281">
        <name>X</name>
      </trkpt>
      <trkpt lat="51.82676" lon="4.41331">
        <name>X</name>
      </trkpt>
      <trkpt lat="51.82676" lon="4.41341">
        <name>X</name>
      </trkpt>
      <trkpt lat="51.82646" lon="4.41485">
        <name>X</name>
      </trkpt>
      <trkpt lat="51.82644" lon="4.415">
        <name>X</name>
      </trkpt>
      <trkpt lat="51.82618" lon="4.41487">
        <name>X</name>
      </trkpt>
      <trkpt lat="51.82614" lon="4.41489">
        <name>X</name>
      </trkpt>
      <trkpt lat="51.82534" lon="4.41882">
        <name>X</name>
      </trkpt>
      <trkpt lat="51.8253" lon="4.41884">
        <name>X</name>
      </trkpt>
      <trkpt lat="51.82515" lon="4.41981">
        <name>X</name>
      </trkpt>
      <trkpt lat="51.82517" lon="4.41987">
        <name>X</name>
      </trkpt>
      <trkpt lat="51.82513" lon="4.41996">
        <name>X</name>
      </trkpt>
      <trkpt lat="51.82508" lon="4.42009">
        <name>X</name>
      </trkpt>
      <trkpt lat="51.82474" lon="4.42191">
        <name>X</name>
      </trkpt>
      <trkpt lat="51.82459" lon="4.42273">
        <name>X</name>
      </trkpt>
      <trkpt lat="51.82401" lon="4.42554">
        <name>X</name>
      </trkpt>
      <trkpt lat="51.82365" lon="4.42736">
        <name>X</name>
      </trkpt>
      <trkpt lat="51.82348" lon="4.42805">
        <name>X</name>
      </trkpt>
      <trkpt lat="51.82343" lon="4.42824">
        <name>X</name>
      </trkpt>
      <trkpt lat="51.82339" lon="4.42901">
        <name>X</name>
      </trkpt>
      <trkpt lat="51.82337" lon="4.42923">
        <name>X</name>
      </trkpt>
      <trkpt lat="51.82322" lon="4.4297">
        <name>X</name>
      </trkpt>
      <trkpt lat="51.82322" lon="4.42985">
        <name>X</name>
      </trkpt>
      <trkpt lat="51.82292" lon="4.43041">
        <name>X</name>
      </trkpt>
      <trkpt lat="51.82283" lon="4.43067">
        <name>X</name>
      </trkpt>
      <trkpt lat="51.82137" lon="4.43642">
        <name>X</name>
      </trkpt>
      <trkpt lat="51.82135" lon="4.4365">
        <name>X</name>
      </trkpt>
      <trkpt lat="51.82135" lon="4.4365">
        <name>X</name>
      </trkpt>
      <trkpt lat="51.82137" lon="4.43665">
        <name>X</name>
      </trkpt>
      <trkpt lat="51.82133" lon="4.43738">
        <name>X</name>
      </trkpt>
      <trkpt lat="51.82144" lon="4.43747">
        <name>X</name>
      </trkpt>
      <trkpt lat="51.82163" lon="4.43758">
        <name>X</name>
      </trkpt>
      <trkpt lat="51.82169" lon="4.43758">
        <name>X</name>
      </trkpt>
      <trkpt lat="51.8218" lon="4.43749">
        <name>X</name>
      </trkpt>
      <trkpt lat="51.82184" lon="4.43747">
        <name>X</name>
      </trkpt>
      <trkpt lat="51.8236" lon="4.43745">
        <name>X</name>
      </trkpt>
      <trkpt lat="51.82369" lon="4.43747">
        <name>X</name>
      </trkpt>
      <trkpt lat="51.82416" lon="4.43775">
        <name>X</name>
      </trkpt>
      <trkpt lat="51.82425" lon="4.43777">
        <name>X</name>
      </trkpt>
      <trkpt lat="51.8244" lon="4.43788">
        <name>X</name>
      </trkpt>
      <trkpt lat="51.82444" lon="4.43794">
        <name>X</name>
      </trkpt>
      <trkpt lat="51.82508" lon="4.43837">
        <name>X</name>
      </trkpt>
      <trkpt lat="51.82524" lon="4.43846">
        <name>X</name>
      </trkpt>
      <trkpt lat="51.82524" lon="4.43846">
        <name>X</name>
      </trkpt>
      <trkpt lat="51.8253" lon="4.43856">
        <name>X</name>
      </trkpt>
      <trkpt lat="51.82541" lon="4.43899">
        <name>X</name>
      </trkpt>
      <trkpt lat="51.82543" lon="4.43908">
        <name>X</name>
      </trkpt>
      <trkpt lat="51.82549" lon="4.43921">
        <name>X</name>
      </trkpt>
      <trkpt lat="51.82554" lon="4.43925">
        <name>X</name>
      </trkpt>
      <trkpt lat="51.82554" lon="4.43946">
        <name>X</name>
      </trkpt>
      <trkpt lat="51.82554" lon="4.43955">
        <name>X</name>
      </trkpt>
      <trkpt lat="51.82538" lon="4.43961">
        <name>X</name>
      </trkpt>
      <trkpt lat="51.82532" lon="4.43968">
        <name>X</name>
      </trkpt>
      <trkpt lat="51.82521" lon="4.43989">
        <name>X</name>
      </trkpt>
      <trkpt lat="51.82511" lon="4.44017">
        <name>X</name>
      </trkpt>
      <trkpt lat="51.82511" lon="4.44017">
        <name>X</name>
      </trkpt>
      <trkpt lat="51.82487" lon="4.44114">
        <name>X</name>
      </trkpt>
      <trkpt lat="51.82442" lon="4.4426">
        <name>X</name>
      </trkpt>
      <trkpt lat="51.8244" lon="4.44281">
        <name>X</name>
      </trkpt>
      <trkpt lat="51.82433" lon="4.44285">
        <name>X</name>
      </trkpt>
      <trkpt lat="51.82431" lon="4.4429">
        <name>X</name>
      </trkpt>
      <trkpt lat="51.82423" lon="4.44324">
        <name>X</name>
      </trkpt>
      <trkpt lat="51.82418" lon="4.44348">
        <name>X</name>
      </trkpt>
      <trkpt lat="51.82356" lon="4.44897">
        <name>X</name>
      </trkpt>
      <trkpt lat="51.82341" lon="4.45024">
        <name>X</name>
      </trkpt>
      <trkpt lat="51.82341" lon="4.45024">
        <name>X</name>
      </trkpt>
      <trkpt lat="51.82318" lon="4.45182">
        <name>X</name>
      </trkpt>
      <trkpt lat="51.82272" lon="4.45562">
        <name>X</name>
      </trkpt>
      <trkpt lat="51.82242" lon="4.45785">
        <name>X</name>
      </trkpt>
      <trkpt lat="51.82206" lon="4.46116">
        <name>X</name>
      </trkpt>
      <trkpt lat="51.82195" lon="4.46204">
        <name>X</name>
      </trkpt>
      <trkpt lat="51.82167" lon="4.46397">
        <name>X</name>
      </trkpt>
      <trkpt lat="51.82148" lon="4.46543">
        <name>X</name>
      </trkpt>
      <trkpt lat="51.82129" lon="4.46721">
        <name>X</name>
      </trkpt>
      <trkpt lat="51.82118" lon="4.46826">
        <name>X</name>
      </trkpt>
      <trkpt lat="51.82101" lon="4.47124">
        <name>X</name>
      </trkpt>
      <trkpt lat="51.8209" lon="4.47253">
        <name>X</name>
      </trkpt>
      <trkpt lat="51.82062" lon="4.4747">
        <name>X</name>
      </trkpt>
      <trkpt lat="51.8206" lon="4.47487">
        <name>X</name>
      </trkpt>
      <trkpt lat="51.82049" lon="4.47614">
        <name>X</name>
      </trkpt>
      <trkpt lat="51.82032" lon="4.47757">
        <name>X</name>
      </trkpt>
      <trkpt lat="51.82032" lon="4.47757">
        <name>X</name>
      </trkpt>
      <trkpt lat="51.82032" lon="4.47792">
        <name>X</name>
      </trkpt>
      <trkpt lat="51.82034" lon="4.478">
        <name>X</name>
      </trkpt>
      <trkpt lat="51.82036" lon="4.47807">
        <name>X</name>
      </trkpt>
      <trkpt lat="51.82054" lon="4.47828">
        <name>X</name>
      </trkpt>
      <trkpt lat="51.82058" lon="4.47834">
        <name>X</name>
      </trkpt>
      <trkpt lat="51.82064" lon="4.47849">
        <name>X</name>
      </trkpt>
      <trkpt lat="51.82069" lon="4.47871">
        <name>X</name>
      </trkpt>
      <trkpt lat="51.82069" lon="4.47871">
        <name>X</name>
      </trkpt>
      <trkpt lat="51.82066" lon="4.47886">
        <name>X</name>
      </trkpt>
      <trkpt lat="51.82058" lon="4.4791">
        <name>X</name>
      </trkpt>
      <trkpt lat="51.82056" lon="4.47925">
        <name>X</name>
      </trkpt>
      <trkpt lat="51.82002" lon="4.48043">
        <name>X</name>
      </trkpt>
      <trkpt lat="51.82" lon="4.48049">
        <name>X</name>
      </trkpt>
      <trkpt lat="51.81955" lon="4.48435">
        <name>X</name>
      </trkpt>
      <trkpt lat="51.81948" lon="4.4848">
        <name>X</name>
      </trkpt>
      <trkpt lat="51.81997" lon="4.48462">
        <name>X</name>
      </trkpt>
      <trkpt lat="51.82082" lon="4.48422">
        <name>X</name>
      </trkpt>
      <trkpt lat="51.82092" lon="4.4842">
        <name>X</name>
      </trkpt>
      <trkpt lat="51.82099" lon="4.4842">
        <name>X</name>
      </trkpt>
      <trkpt lat="51.82126" lon="4.4844">
        <name>X</name>
      </trkpt>
      <trkpt lat="51.82131" lon="4.4844">
        <name>X</name>
      </trkpt>
      <trkpt lat="51.82197" lon="4.48407">
        <name>X</name>
      </trkpt>
      <trkpt lat="51.82238" lon="4.4839">
        <name>X</name>
      </trkpt>
      <trkpt lat="51.82272" lon="4.48369">
        <name>X</name>
      </trkpt>
      <trkpt lat="51.82292" lon="4.48356">
        <name>X</name>
      </trkpt>
      <trkpt lat="51.82343" lon="4.48315">
        <name>X</name>
      </trkpt>
      <trkpt lat="51.82373" lon="4.48292">
        <name>X</name>
      </trkpt>
      <trkpt lat="51.82429" lon="4.48242">
        <name>X</name>
      </trkpt>
      <trkpt lat="51.82459" lon="4.48214">
        <name>X</name>
      </trkpt>
      <trkpt lat="51.8247" lon="4.4821">
        <name>X</name>
      </trkpt>
      <trkpt lat="51.82476" lon="4.48208">
        <name>X</name>
      </trkpt>
      <trkpt lat="51.82476" lon="4.48208">
        <name>X</name>
      </trkpt>
      <trkpt lat="51.82478" lon="4.4821">
        <name>X</name>
      </trkpt>
      <trkpt lat="51.82483" lon="4.48259">
        <name>X</name>
      </trkpt>
      <trkpt lat="51.82483" lon="4.48276">
        <name>X</name>
      </trkpt>
      <trkpt lat="51.82481" lon="4.48287">
        <name>X</name>
      </trkpt>
      <trkpt lat="51.82474" lon="4.48416">
        <name>X</name>
      </trkpt>
      <trkpt lat="51.82474" lon="4.486">
        <name>X</name>
      </trkpt>
      <trkpt lat="51.82474" lon="4.48607">
        <name>X</name>
      </trkpt>
      <trkpt lat="51.82472" lon="4.48643">
        <name>X</name>
      </trkpt>
      <trkpt lat="51.82472" lon="4.48663">
        <name>X</name>
      </trkpt>
      <trkpt lat="51.82466" lon="4.48688">
        <name>X</name>
      </trkpt>
      <trkpt lat="51.82459" lon="4.48706">
        <name>X</name>
      </trkpt>
      <trkpt lat="51.82442" lon="4.48736">
        <name>X</name>
      </trkpt>
      <trkpt lat="51.8244" lon="4.4874">
        <name>X</name>
      </trkpt>
      <trkpt lat="51.82373" lon="4.4883">
        <name>X</name>
      </trkpt>
      <trkpt lat="51.82348" lon="4.48871">
        <name>X</name>
      </trkpt>
      <trkpt lat="51.82307" lon="4.48952">
        <name>X</name>
      </trkpt>
      <trkpt lat="51.82272" lon="4.4901">
        <name>X</name>
      </trkpt>
      <trkpt lat="51.82118" lon="4.49257">
        <name>X</name>
      </trkpt>
      <trkpt lat="51.82073" lon="4.49322">
        <name>X</name>
      </trkpt>
      <trkpt lat="51.82062" lon="4.49341">
        <name>X</name>
      </trkpt>
      <trkpt lat="51.82017" lon="4.49427">
        <name>X</name>
      </trkpt>
      <trkpt lat="51.81951" lon="4.49528">
        <name>X</name>
      </trkpt>
      <trkpt lat="51.81929" lon="4.4956">
        <name>X</name>
      </trkpt>
      <trkpt lat="51.81929" lon="4.4956">
        <name>X</name>
      </trkpt>
      <trkpt lat="51.82006" lon="4.49682">
        <name>X</name>
      </trkpt>
      <trkpt lat="51.82172" lon="4.49914">
        <name>X</name>
      </trkpt>
      <trkpt lat="51.82202" lon="4.49957">
        <name>X</name>
      </trkpt>
      <trkpt lat="51.82448" lon="4.50384">
        <name>X</name>
      </trkpt>
      <trkpt lat="51.82485" lon="4.50444">
        <name>X</name>
      </trkpt>
      <trkpt lat="51.82485" lon="4.50444">
        <name>X</name>
      </trkpt>
      <trkpt lat="51.82541" lon="4.50527">
        <name>X</name>
      </trkpt>
      <trkpt lat="51.82704" lon="4.50751">
        <name>X</name>
      </trkpt>
      <trkpt lat="51.82712" lon="4.50763">
        <name>X</name>
      </trkpt>
      <trkpt lat="51.82712" lon="4.50763">
        <name>X</name>
      </trkpt>
      <trkpt lat="51.82721" lon="4.50836">
        <name>X</name>
      </trkpt>
      <trkpt lat="51.82721" lon="4.50843">
        <name>X</name>
      </trkpt>
      <trkpt lat="51.82719" lon="4.50854">
        <name>X</name>
      </trkpt>
      <trkpt lat="51.82721" lon="4.50884">
        <name>X</name>
      </trkpt>
      <trkpt lat="51.82723" lon="4.50888">
        <name>X</name>
      </trkpt>
      <trkpt lat="51.8273" lon="4.50896">
        <name>X</name>
      </trkpt>
      <trkpt lat="51.82738" lon="4.50907">
        <name>X</name>
      </trkpt>
      <trkpt lat="51.82839" lon="4.50995">
        <name>X</name>
      </trkpt>
      <trkpt lat="51.82852" lon="4.51008">
        <name>X</name>
      </trkpt>
      <trkpt lat="51.82852" lon="4.51008">
        <name>X</name>
      </trkpt>
      <trkpt lat="51.8298" lon="4.51111">
        <name>X</name>
      </trkpt>
      <trkpt lat="51.83138" lon="4.5122">
        <name>X</name>
      </trkpt>
      <trkpt lat="51.83468" lon="4.51446">
        <name>X</name>
      </trkpt>
      <trkpt lat="51.8351" lon="4.51472">
        <name>X</name>
      </trkpt>
      <trkpt lat="51.83631" lon="4.51538">
        <name>X</name>
      </trkpt>
      <trkpt lat="51.83755" lon="4.516">
        <name>X</name>
      </trkpt>
      <trkpt lat="51.83785" lon="4.51613">
        <name>X</name>
      </trkpt>
      <trkpt lat="51.83809" lon="4.516">
        <name>X</name>
      </trkpt>
      <trkpt lat="51.83813" lon="4.51596">
        <name>X</name>
      </trkpt>
      <trkpt lat="51.83835" lon="4.51568">
        <name>X</name>
      </trkpt>
      <trkpt lat="51.83847" lon="4.51557">
        <name>X</name>
      </trkpt>
      <trkpt lat="51.83875" lon="4.51519">
        <name>X</name>
      </trkpt>
      <trkpt lat="51.83884" lon="4.51515">
        <name>X</name>
      </trkpt>
      <trkpt lat="51.84094" lon="4.51555">
        <name>X</name>
      </trkpt>
      <trkpt lat="51.8412" lon="4.51562">
        <name>X</name>
      </trkpt>
      <trkpt lat="51.84253" lon="4.5163">
        <name>X</name>
      </trkpt>
      <trkpt lat="51.84277" lon="4.51639">
        <name>X</name>
      </trkpt>
      <trkpt lat="51.84277" lon="4.51639">
        <name>X</name>
      </trkpt>
      <trkpt lat="51.8432" lon="4.51648">
        <name>X</name>
      </trkpt>
      <trkpt lat="51.84371" lon="4.51652">
        <name>X</name>
      </trkpt>
      <trkpt lat="51.84388" lon="4.51654">
        <name>X</name>
      </trkpt>
      <trkpt lat="51.84373" lon="4.5201">
        <name>X</name>
      </trkpt>
      <trkpt lat="51.84365" lon="4.5218">
        <name>X</name>
      </trkpt>
      <trkpt lat="51.84358" lon="4.52248">
        <name>X</name>
      </trkpt>
      <trkpt lat="51.84343" lon="4.52396">
        <name>X</name>
      </trkpt>
      <trkpt lat="51.84343" lon="4.52396">
        <name>X</name>
      </trkpt>
      <trkpt lat="51.84326" lon="4.52514">
        <name>X</name>
      </trkpt>
      <trkpt lat="51.84279" lon="4.52757">
        <name>X</name>
      </trkpt>
      <trkpt lat="51.84268" lon="4.52815">
        <name>X</name>
      </trkpt>
      <trkpt lat="51.84268" lon="4.52815">
        <name>X</name>
      </trkpt>
      <trkpt lat="51.84206" lon="4.53102">
        <name>X</name>
      </trkpt>
      <trkpt lat="51.84199" lon="4.53124">
        <name>X</name>
      </trkpt>
      <trkpt lat="51.84189" lon="4.53173">
        <name>X</name>
      </trkpt>
      <trkpt lat="51.84189" lon="4.53173">
        <name>X</name>
      </trkpt>
      <trkpt lat="51.84167" lon="4.53306">
        <name>X</name>
      </trkpt>
      <trkpt lat="51.84154" lon="4.53501">
        <name>X</name>
      </trkpt>
      <trkpt lat="51.84152" lon="4.53523">
        <name>X</name>
      </trkpt>
      <trkpt lat="51.84135" lon="4.5357">
        <name>X</name>
      </trkpt>
      <trkpt lat="51.84133" lon="4.53587">
        <name>X</name>
      </trkpt>
      <trkpt lat="51.84135" lon="4.53643">
        <name>X</name>
      </trkpt>
      <trkpt lat="51.84136" lon="4.53647">
        <name>X</name>
      </trkpt>
      <trkpt lat="51.84178" lon="4.53641">
        <name>X</name>
      </trkpt>
      <trkpt lat="51.84182" lon="4.53637">
        <name>X</name>
      </trkpt>
      <trkpt lat="51.84418" lon="4.53637">
        <name>X</name>
      </trkpt>
      <trkpt lat="51.84422" lon="4.53637">
        <name>X</name>
      </trkpt>
      <trkpt lat="51.84427" lon="4.53641">
        <name>X</name>
      </trkpt>
      <trkpt lat="51.84431" lon="4.53656">
        <name>X</name>
      </trkpt>
      <trkpt lat="51.84435" lon="4.53656">
        <name>X</name>
      </trkpt>
      <trkpt lat="51.84442" lon="4.53656">
        <name>X</name>
      </trkpt>
      <trkpt lat="51.84446" lon="4.53654">
        <name>X</name>
      </trkpt>
      <trkpt lat="51.8445" lon="4.53641">
        <name>X</name>
      </trkpt>
      <trkpt lat="51.84465" lon="4.53637">
        <name>X</name>
      </trkpt>
      <trkpt lat="51.84472" lon="4.53634">
        <name>X</name>
      </trkpt>
      <trkpt lat="51.84605" lon="4.53634">
        <name>X</name>
      </trkpt>
      <trkpt lat="51.84609" lon="4.53634">
        <name>X</name>
      </trkpt>
      <trkpt lat="51.84614" lon="4.53641">
        <name>X</name>
      </trkpt>
      <trkpt lat="51.84622" lon="4.53643">
        <name>X</name>
      </trkpt>
      <trkpt lat="51.84656" lon="4.53643">
        <name>X</name>
      </trkpt>
      <trkpt lat="51.84684" lon="4.53654">
        <name>X</name>
      </trkpt>
      <trkpt lat="51.84721" lon="4.53639">
        <name>X</name>
      </trkpt>
      <trkpt lat="51.84736" lon="4.53634">
        <name>X</name>
      </trkpt>
      <trkpt lat="51.8483" lon="4.53634">
        <name>X</name>
      </trkpt>
      <trkpt lat="51.84869" lon="4.53634">
        <name>X</name>
      </trkpt>
      <trkpt lat="51.84869" lon="4.53634">
        <name>X</name>
      </trkpt>
      <trkpt lat="51.84882" lon="4.53639">
        <name>X</name>
      </trkpt>
      <trkpt lat="51.8494" lon="4.53641">
        <name>X</name>
      </trkpt>
      <trkpt lat="51.84976" lon="4.53643">
        <name>X</name>
      </trkpt>
      <trkpt lat="51.84989" lon="4.53658">
        <name>X</name>
      </trkpt>
      <trkpt lat="51.84995" lon="4.5366">
        <name>X</name>
      </trkpt>
      <trkpt lat="51.85006" lon="4.53656">
        <name>X</name>
      </trkpt>
      <trkpt lat="51.85013" lon="4.53645">
        <name>X</name>
      </trkpt>
      <trkpt lat="51.85086" lon="4.53641">
        <name>X</name>
      </trkpt>
      <trkpt lat="51.85137" lon="4.53639">
        <name>X</name>
      </trkpt>
      <trkpt lat="51.85225" lon="4.5365">
        <name>X</name>
      </trkpt>
      <trkpt lat="51.85274" lon="4.5365">
        <name>X</name>
      </trkpt>
      <trkpt lat="51.85279" lon="4.5366">
        <name>X</name>
      </trkpt>
      <trkpt lat="51.85287" lon="4.53669">
        <name>X</name>
      </trkpt>
      <trkpt lat="51.85294" lon="4.53669">
        <name>X</name>
      </trkpt>
      <trkpt lat="51.853" lon="4.53669">
        <name>X</name>
      </trkpt>
      <trkpt lat="51.85306" lon="4.53662">
        <name>X</name>
      </trkpt>
      <trkpt lat="51.85313" lon="4.5365">
        <name>X</name>
      </trkpt>
      <trkpt lat="51.8535" lon="4.53641">
        <name>X</name>
      </trkpt>
      <trkpt lat="51.8539" lon="4.53637">
        <name>X</name>
      </trkpt>
      <trkpt lat="51.85498" lon="4.53637">
        <name>X</name>
      </trkpt>
      <trkpt lat="51.85547" lon="4.53637">
        <name>X</name>
      </trkpt>
      <trkpt lat="51.85556" lon="4.53634">
        <name>X</name>
      </trkpt>
      <trkpt lat="51.8556" lon="4.53632">
        <name>X</name>
      </trkpt>
      <trkpt lat="51.8563" lon="4.53632">
        <name>X</name>
      </trkpt>
      <trkpt lat="51.85652" lon="4.53632">
        <name>X</name>
      </trkpt>
      <trkpt lat="51.85661" lon="4.53641">
        <name>X</name>
      </trkpt>
      <trkpt lat="51.85669" lon="4.53647">
        <name>X</name>
      </trkpt>
      <trkpt lat="51.85686" lon="4.53647">
        <name>X</name>
      </trkpt>
      <trkpt lat="51.85691" lon="4.53647">
        <name>X</name>
      </trkpt>
      <trkpt lat="51.85691" lon="4.53617">
        <name>X</name>
      </trkpt>
      <trkpt lat="51.85691" lon="4.53604">
        <name>X</name>
      </trkpt>
      <trkpt lat="51.85686" lon="4.536">
        <name>X</name>
      </trkpt>
      <trkpt lat="51.85684" lon="4.53594">
        <name>X</name>
      </trkpt>
      <trkpt lat="51.8568" lon="4.5351">
        <name>X</name>
      </trkpt>
      <trkpt lat="51.8568" lon="4.53489">
        <name>X</name>
      </trkpt>
      <trkpt lat="51.85699" lon="4.53491">
        <name>X</name>
      </trkpt>
      <trkpt lat="51.85704" lon="4.53486">
        <name>X</name>
      </trkpt>
      <trkpt lat="51.85736" lon="4.53428">
        <name>X</name>
      </trkpt>
      <trkpt lat="51.85749" lon="4.53405">
        <name>X</name>
      </trkpt>
      <trkpt lat="51.85794" lon="4.53332">
        <name>X</name>
      </trkpt>
      <trkpt lat="51.858" lon="4.53321">
        <name>X</name>
      </trkpt>
      <trkpt lat="51.85811" lon="4.53306">
        <name>X</name>
      </trkpt>
      <trkpt lat="51.85839" lon="4.53274">
        <name>X</name>
      </trkpt>
      <trkpt lat="51.85849" lon="4.5328">
        <name>X</name>
      </trkpt>
      <trkpt lat="51.85869" lon="4.53272">
        <name>X</name>
      </trkpt>
      <trkpt lat="51.85882" lon="4.5324">
        <name>X</name>
      </trkpt>
      <trkpt lat="51.85886" lon="4.53214">
        <name>X</name>
      </trkpt>
      <trkpt lat="51.85897" lon="4.53141">
        <name>X</name>
      </trkpt>
      <trkpt lat="51.85903" lon="4.53104">
        <name>X</name>
      </trkpt>
      <trkpt lat="51.85912" lon="4.5301">
        <name>X</name>
      </trkpt>
      <trkpt lat="51.85914" lon="4.52989">
        <name>X</name>
      </trkpt>
      <trkpt lat="51.85912" lon="4.52901">
        <name>X</name>
      </trkpt>
      <trkpt lat="51.85912" lon="4.52886">
        <name>X</name>
      </trkpt>
      <trkpt lat="51.8591" lon="4.52858">
        <name>X</name>
      </trkpt>
      <trkpt lat="51.85907" lon="4.52847">
        <name>X</name>
      </trkpt>
      <trkpt lat="51.85903" lon="4.52718">
        <name>X</name>
      </trkpt>
      <trkpt lat="51.85899" lon="4.52662">
        <name>X</name>
      </trkpt>
      <trkpt lat="51.85901" lon="4.52632">
        <name>X</name>
      </trkpt>
      <trkpt lat="51.85897" lon="4.5262">
        <name>X</name>
      </trkpt>
      <trkpt lat="51.85894" lon="4.5254">
        <name>X</name>
      </trkpt>
      <trkpt lat="51.85894" lon="4.5251">
        <name>X</name>
      </trkpt>
      <trkpt lat="51.85897" lon="4.52398">
        <name>X</name>
      </trkpt>
      <trkpt lat="51.85894" lon="4.52343">
        <name>X</name>
      </trkpt>
      <trkpt lat="51.85869" lon="4.51969">
        <name>X</name>
      </trkpt>
      <trkpt lat="51.85869" lon="4.51963">
        <name>X</name>
      </trkpt>
      <trkpt lat="51.85862" lon="4.51946">
        <name>X</name>
      </trkpt>
      <trkpt lat="51.85856" lon="4.51914">
        <name>X</name>
      </trkpt>
      <trkpt lat="51.85849" lon="4.51905">
        <name>X</name>
      </trkpt>
      <trkpt lat="51.85847" lon="4.51899">
        <name>X</name>
      </trkpt>
      <trkpt lat="51.85845" lon="4.51849">
        <name>X</name>
      </trkpt>
      <trkpt lat="51.85843" lon="4.51828">
        <name>X</name>
      </trkpt>
      <trkpt lat="51.85826" lon="4.51763">
        <name>X</name>
      </trkpt>
      <trkpt lat="51.85819" lon="4.51729">
        <name>X</name>
      </trkpt>
      <trkpt lat="51.85819" lon="4.51729">
        <name>X</name>
      </trkpt>
      <trkpt lat="51.8583" lon="4.5172">
        <name>X</name>
      </trkpt>
      <trkpt lat="51.85828" lon="4.51652">
        <name>X</name>
      </trkpt>
      <trkpt lat="51.85828" lon="4.51577">
        <name>X</name>
      </trkpt>
      <trkpt lat="51.85826" lon="4.5153">
        <name>X</name>
      </trkpt>
      <trkpt lat="51.85824" lon="4.51495">
        <name>X</name>
      </trkpt>
      <trkpt lat="51.85813" lon="4.51396">
        <name>X</name>
      </trkpt>
      <trkpt lat="51.85809" lon="4.51345">
        <name>X</name>
      </trkpt>
      <trkpt lat="51.85806" lon="4.51276">
        <name>X</name>
      </trkpt>
      <trkpt lat="51.85804" lon="4.51248">
        <name>X</name>
      </trkpt>
      <trkpt lat="51.85785" lon="4.5107">
        <name>X</name>
      </trkpt>
      <trkpt lat="51.85781" lon="4.51017">
        <name>X</name>
      </trkpt>
      <trkpt lat="51.85781" lon="4.51017">
        <name>X</name>
      </trkpt>
      <trkpt lat="51.85764" lon="4.5092">
        <name>X</name>
      </trkpt>
      <trkpt lat="51.8574" lon="4.50809">
        <name>X</name>
      </trkpt>
      <trkpt lat="51.85736" lon="4.50817">
        <name>X</name>
      </trkpt>
      <trkpt lat="51.85736" lon="4.50817">
        <name>X</name>
      </trkpt>
      <trkpt lat="51.85736" lon="4.50856">
        <name>X</name>
      </trkpt>
      <trkpt lat="51.85736" lon="4.50856">
        <name>X</name>
      </trkpt>
      <trkpt lat="51.85783" lon="4.50862">
        <name>X</name>
      </trkpt>
      <trkpt lat="51.8588" lon="4.50894">
        <name>X</name>
      </trkpt>
      <trkpt lat="51.85907" lon="4.50907">
        <name>X</name>
      </trkpt>
      <trkpt lat="51.85907" lon="4.50907">
        <name>X</name>
      </trkpt>
      <trkpt lat="51.8597" lon="4.50922">
        <name>X</name>
      </trkpt>
      <trkpt lat="51.86025" lon="4.50931">
        <name>X</name>
      </trkpt>
      <trkpt lat="51.8606" lon="4.50933">
        <name>X</name>
      </trkpt>
      <trkpt lat="51.8606" lon="4.50933">
        <name>X</name>
      </trkpt>
      <trkpt lat="51.861" lon="4.50931">
        <name>X</name>
      </trkpt>
      <trkpt lat="51.86156" lon="4.5092">
        <name>X</name>
      </trkpt>
      <trkpt lat="51.86169" lon="4.50916">
        <name>X</name>
      </trkpt>
      <trkpt lat="51.86169" lon="4.50916">
        <name>X</name>
      </trkpt>
      <trkpt lat="51.8618" lon="4.50892">
        <name>X</name>
      </trkpt>
      <trkpt lat="51.8618" lon="4.50892">
        <name>X</name>
      </trkpt>
      <trkpt lat="51.86173" lon="4.50856">
        <name>X</name>
      </trkpt>
      <trkpt lat="51.86173" lon="4.50856">
        <name>X</name>
      </trkpt>
      <trkpt lat="51.86171" lon="4.50849">
        <name>X</name>
      </trkpt>
      <trkpt lat="51.86167" lon="4.50847">
        <name>X</name>
      </trkpt>
      <trkpt lat="51.86161" lon="4.50847">
        <name>X</name>
      </trkpt>
      <trkpt lat="51.86156" lon="4.50751">
        <name>X</name>
      </trkpt>
      <trkpt lat="51.86158" lon="4.50733">
        <name>X</name>
      </trkpt>
      <trkpt lat="51.86158" lon="4.50733">
        <name>X</name>
      </trkpt>
      <trkpt lat="51.86195" lon="4.50701">
        <name>X</name>
      </trkpt>
      <trkpt lat="51.86195" lon="4.50701">
        <name>X</name>
      </trkpt>
      <trkpt lat="51.86218" lon="4.50671">
        <name>X</name>
      </trkpt>
      <trkpt lat="51.86234" lon="4.50643">
        <name>X</name>
      </trkpt>
      <trkpt lat="51.86248" lon="4.50605">
        <name>X</name>
      </trkpt>
      <trkpt lat="51.86253" lon="4.50562">
        <name>X</name>
      </trkpt>
      <trkpt lat="51.86251" lon="4.50519">
        <name>X</name>
      </trkpt>
      <trkpt lat="51.86236" lon="4.50435">
        <name>X</name>
      </trkpt>
      <trkpt lat="51.86231" lon="4.50414">
        <name>X</name>
      </trkpt>
      <trkpt lat="51.86231" lon="4.5039">
        <name>X</name>
      </trkpt>
      <trkpt lat="51.86236" lon="4.50366">
        <name>X</name>
      </trkpt>
      <trkpt lat="51.8624" lon="4.50366">
        <name>X</name>
      </trkpt>
      <trkpt lat="51.86246" lon="4.50364">
        <name>X</name>
      </trkpt>
      <trkpt lat="51.86304" lon="4.50377">
        <name>X</name>
      </trkpt>
      <trkpt lat="51.8636" lon="4.50373">
        <name>X</name>
      </trkpt>
      <trkpt lat="51.86654" lon="4.50315">
        <name>X</name>
      </trkpt>
      <trkpt lat="51.86738" lon="4.50298">
        <name>X</name>
      </trkpt>
      <trkpt lat="51.86774" lon="4.50281">
        <name>X</name>
      </trkpt>
      <trkpt lat="51.86802" lon="4.50259">
        <name>X</name>
      </trkpt>
      <trkpt lat="51.86845" lon="4.50212">
        <name>X</name>
      </trkpt>
      <trkpt lat="51.86852" lon="4.50208">
        <name>X</name>
      </trkpt>
      <trkpt lat="51.86946" lon="4.50208">
        <name>X</name>
      </trkpt>
      <trkpt lat="51.8695" lon="4.50212">
        <name>X</name>
      </trkpt>
      <trkpt lat="51.86957" lon="4.50201">
        <name>X</name>
      </trkpt>
      <trkpt lat="51.86965" lon="4.50186">
        <name>X</name>
      </trkpt>
      <trkpt lat="51.86993" lon="4.50173">
        <name>X</name>
      </trkpt>
      <trkpt lat="51.87025" lon="4.5016">
        <name>X</name>
      </trkpt>
      <trkpt lat="51.8709" lon="4.50141">
        <name>X</name>
      </trkpt>
      <trkpt lat="51.87128" lon="4.50133">
        <name>X</name>
      </trkpt>
      <trkpt lat="51.87158" lon="4.50131">
        <name>X</name>
      </trkpt>
      <trkpt lat="51.87201" lon="4.50131">
        <name>X</name>
      </trkpt>
      <trkpt lat="51.87231" lon="4.50139">
        <name>X</name>
      </trkpt>
      <trkpt lat="51.87272" lon="4.50154">
        <name>X</name>
      </trkpt>
      <trkpt lat="51.87319" lon="4.50122">
        <name>X</name>
      </trkpt>
      <trkpt lat="51.87358" lon="4.50088">
        <name>X</name>
      </trkpt>
      <trkpt lat="51.87422" lon="4.50051">
        <name>X</name>
      </trkpt>
      <trkpt lat="51.8745" lon="4.50028">
        <name>X</name>
      </trkpt>
      <trkpt lat="51.8747" lon="4.50025">
        <name>X</name>
      </trkpt>
      <trkpt lat="51.87476" lon="4.50025">
        <name>X</name>
      </trkpt>
      <trkpt lat="51.87489" lon="4.50077">
        <name>X</name>
      </trkpt>
      <trkpt lat="51.8751" lon="4.50137">
        <name>X</name>
      </trkpt>
      <trkpt lat="51.8751" lon="4.50137">
        <name>X</name>
      </trkpt>
      <trkpt lat="51.87527" lon="4.50169">
        <name>X</name>
      </trkpt>
      <trkpt lat="51.87551" lon="4.50206">
        <name>X</name>
      </trkpt>
      <trkpt lat="51.87581" lon="4.50244">
        <name>X</name>
      </trkpt>
      <trkpt lat="51.87611" lon="4.50296">
        <name>X</name>
      </trkpt>
      <trkpt lat="51.87626" lon="4.50326">
        <name>X</name>
      </trkpt>
      <trkpt lat="51.87626" lon="4.50326">
        <name>X</name>
      </trkpt>
      <trkpt lat="51.87639" lon="4.50356">
        <name>X</name>
      </trkpt>
      <trkpt lat="51.8766" lon="4.50422">
        <name>X</name>
      </trkpt>
      <trkpt lat="51.87682" lon="4.50493">
        <name>X</name>
      </trkpt>
      <trkpt lat="51.87701" lon="4.50534">
        <name>X</name>
      </trkpt>
      <trkpt lat="51.87725" lon="4.50581">
        <name>X</name>
      </trkpt>
      <trkpt lat="51.87725" lon="4.50581">
        <name>X</name>
      </trkpt>
      <trkpt lat="51.87757" lon="4.50637">
        <name>X</name>
      </trkpt>
      <trkpt lat="51.87757" lon="4.50637">
        <name>X</name>
      </trkpt>
      <trkpt lat="51.87772" lon="4.50673">
        <name>X</name>
      </trkpt>
      <trkpt lat="51.87866" lon="4.50854">
        <name>X</name>
      </trkpt>
      <trkpt lat="51.87869" lon="4.50884">
        <name>X</name>
      </trkpt>
      <trkpt lat="51.87882" lon="4.50905">
        <name>X</name>
      </trkpt>
      <trkpt lat="51.87892" lon="4.50924">
        <name>X</name>
      </trkpt>
      <trkpt lat="51.87901" lon="4.50916">
        <name>X</name>
      </trkpt>
      <trkpt lat="51.87912" lon="4.50922">
        <name>X</name>
      </trkpt>
      <trkpt lat="51.87912" lon="4.50922">
        <name>X</name>
      </trkpt>
      <trkpt lat="51.87959" lon="4.50987">
        <name>X</name>
      </trkpt>
      <trkpt lat="51.88083" lon="4.51115">
        <name>X</name>
      </trkpt>
      <trkpt lat="51.88105" lon="4.51141">
        <name>X</name>
      </trkpt>
      <trkpt lat="51.88122" lon="4.51169">
        <name>X</name>
      </trkpt>
      <trkpt lat="51.88152" lon="4.51225">
        <name>X</name>
      </trkpt>
      <trkpt lat="51.88152" lon="4.51225">
        <name>X</name>
      </trkpt>
      <trkpt lat="51.88201" lon="4.513">
        <name>X</name>
      </trkpt>
      <trkpt lat="51.88223" lon="4.51339">
        <name>X</name>
      </trkpt>
      <trkpt lat="51.88231" lon="4.51358">
        <name>X</name>
      </trkpt>
      <trkpt lat="51.88236" lon="4.51377">
        <name>X</name>
      </trkpt>
      <trkpt lat="51.88238" lon="4.51399">
        <name>X</name>
      </trkpt>
      <trkpt lat="51.88244" lon="4.51525">
        <name>X</name>
      </trkpt>
      <trkpt lat="51.8825" lon="4.51549">
        <name>X</name>
      </trkpt>
      <trkpt lat="51.88223" lon="4.51583">
        <name>X</name>
      </trkpt>
      <trkpt lat="51.88203" lon="4.51607">
        <name>X</name>
      </trkpt>
      <trkpt lat="51.88218" lon="4.51643">
        <name>X</name>
      </trkpt>
      <trkpt lat="51.88223" lon="4.5166">
        <name>X</name>
      </trkpt>
      <trkpt lat="51.88248" lon="4.51892">
        <name>X</name>
      </trkpt>
      <trkpt lat="51.88259" lon="4.51993">
        <name>X</name>
      </trkpt>
      <trkpt lat="51.88278" lon="4.5209">
        <name>X</name>
      </trkpt>
      <trkpt lat="51.88281" lon="4.52105">
        <name>X</name>
      </trkpt>
      <trkpt lat="51.88281" lon="4.52105">
        <name>X</name>
      </trkpt>
      <trkpt lat="51.88287" lon="4.52107">
        <name>X</name>
      </trkpt>
      <trkpt lat="51.88294" lon="4.52137">
        <name>X</name>
      </trkpt>
      <trkpt lat="51.88296" lon="4.52145">
        <name>X</name>
      </trkpt>
      <trkpt lat="51.88296" lon="4.52145">
        <name>X</name>
      </trkpt>
      <trkpt lat="51.88332" lon="4.52156">
        <name>X</name>
      </trkpt>
      <trkpt lat="51.885" lon="4.52225">
        <name>X</name>
      </trkpt>
      <trkpt lat="51.88538" lon="4.52238">
        <name>X</name>
      </trkpt>
      <trkpt lat="51.88587" lon="4.52242">
        <name>X</name>
      </trkpt>
      <trkpt lat="51.88628" lon="4.5224">
        <name>X</name>
      </trkpt>
      <trkpt lat="51.88693" lon="4.52231">
        <name>X</name>
      </trkpt>
      <trkpt lat="51.88731" lon="4.52227">
        <name>X</name>
      </trkpt>
      <trkpt lat="51.88766" lon="4.52218">
        <name>X</name>
      </trkpt>
      <trkpt lat="51.88819" lon="4.52205">
        <name>X</name>
      </trkpt>
      <trkpt lat="51.8889" lon="4.52236">
        <name>X</name>
      </trkpt>
      <trkpt lat="51.88903" lon="4.52229">
        <name>X</name>
      </trkpt>
      <trkpt lat="51.89051" lon="4.52107">
        <name>X</name>
      </trkpt>
      <trkpt lat="51.8913" lon="4.52034">
        <name>X</name>
      </trkpt>
      <trkpt lat="51.89216" lon="4.51965">
        <name>X</name>
      </trkpt>
      <trkpt lat="51.89289" lon="4.51905">
        <name>X</name>
      </trkpt>
      <trkpt lat="51.89373" lon="4.51832">
        <name>X</name>
      </trkpt>
      <trkpt lat="51.89461" lon="4.51759">
        <name>X</name>
      </trkpt>
      <trkpt lat="51.89472" lon="4.5174">
        <name>X</name>
      </trkpt>
      <trkpt lat="51.89476" lon="4.51733">
        <name>X</name>
      </trkpt>
      <trkpt lat="51.89484" lon="4.51727">
        <name>X</name>
      </trkpt>
      <trkpt lat="51.89491" lon="4.5172">
        <name>X</name>
      </trkpt>
      <trkpt lat="51.89504" lon="4.5172">
        <name>X</name>
      </trkpt>
      <trkpt lat="51.89508" lon="4.51718">
        <name>X</name>
      </trkpt>
      <trkpt lat="51.89626" lon="4.51628">
        <name>X</name>
      </trkpt>
      <trkpt lat="51.89753" lon="4.51544">
        <name>X</name>
      </trkpt>
      <trkpt lat="51.89753" lon="4.51544">
        <name>X</name>
      </trkpt>
      <trkpt lat="51.89783" lon="4.51521">
        <name>X</name>
      </trkpt>
      <trkpt lat="51.89836" lon="4.51469">
        <name>X</name>
      </trkpt>
      <trkpt lat="51.89858" lon="4.51441">
        <name>X</name>
      </trkpt>
      <trkpt lat="51.89858" lon="4.51441">
        <name>X</name>
      </trkpt>
      <trkpt lat="51.8986" lon="4.51448">
        <name>X</name>
      </trkpt>
      <trkpt lat="51.89864" lon="4.51448">
        <name>X</name>
      </trkpt>
      <trkpt lat="51.89871" lon="4.51459">
        <name>X</name>
      </trkpt>
      <trkpt lat="51.89875" lon="4.51459">
        <name>X</name>
      </trkpt>
      <trkpt lat="51.89901" lon="4.51437">
        <name>X</name>
      </trkpt>
      <trkpt lat="51.89901" lon="4.51437">
        <name>X</name>
      </trkpt>
      <trkpt lat="51.89974" lon="4.51375">
        <name>X</name>
      </trkpt>
      <trkpt lat="51.90004" lon="4.513">
        <name>X</name>
      </trkpt>
      <trkpt lat="51.90006" lon="4.51296">
        <name>X</name>
      </trkpt>
      <trkpt lat="51.90096" lon="4.51216">
        <name>X</name>
      </trkpt>
      <trkpt lat="51.901" lon="4.5121">
        <name>X</name>
      </trkpt>
      <trkpt lat="51.90117" lon="4.51229">
        <name>X</name>
      </trkpt>
      <trkpt lat="51.90126" lon="4.51238">
        <name>X</name>
      </trkpt>
      <trkpt lat="51.90139" lon="4.51203">
        <name>X</name>
      </trkpt>
      <trkpt lat="51.90145" lon="4.5119">
        <name>X</name>
      </trkpt>
      <trkpt lat="51.90109" lon="4.5115">
        <name>X</name>
      </trkpt>
      <trkpt lat="51.90098" lon="4.51137">
        <name>X</name>
      </trkpt>
      <trkpt lat="51.90094" lon="4.51128">
        <name>X</name>
      </trkpt>
      <trkpt lat="51.90094" lon="4.51122">
        <name>X</name>
      </trkpt>
      <trkpt lat="51.90252" lon="4.50751">
        <name>X</name>
      </trkpt>
      <trkpt lat="51.90261" lon="4.50731">
        <name>X</name>
      </trkpt>
      <trkpt lat="51.90287" lon="4.50667">
        <name>X</name>
      </trkpt>
      <trkpt lat="51.90302" lon="4.50628">
        <name>X</name>
      </trkpt>
      <trkpt lat="51.90323" lon="4.50562">
        <name>X</name>
      </trkpt>
      <trkpt lat="51.90336" lon="4.50521">
        <name>X</name>
      </trkpt>
      <trkpt lat="51.90424" lon="4.50311">
        <name>X</name>
      </trkpt>
      <trkpt lat="51.90433" lon="4.50296">
        <name>X</name>
      </trkpt>
      <trkpt lat="51.90452" lon="4.50242">
        <name>X</name>
      </trkpt>
      <trkpt lat="51.90469" lon="4.50199">
        <name>X</name>
      </trkpt>
      <trkpt lat="51.90613" lon="4.49869">
        <name>X</name>
      </trkpt>
      <trkpt lat="51.90624" lon="4.49845">
        <name>X</name>
      </trkpt>
      <trkpt lat="51.9063" lon="4.49828">
        <name>X</name>
      </trkpt>
      <trkpt lat="51.90639" lon="4.498">
        <name>X</name>
      </trkpt>
      <trkpt lat="51.90787" lon="4.49457">
        <name>X</name>
      </trkpt>
      <trkpt lat="51.90815" lon="4.49388">
        <name>X</name>
      </trkpt>
      <trkpt lat="51.90838" lon="4.49339">
        <name>X</name>
      </trkpt>
      <trkpt lat="51.90849" lon="4.49313">
        <name>X</name>
      </trkpt>
      <trkpt lat="51.90849" lon="4.49313">
        <name>X</name>
      </trkpt>
      <trkpt lat="51.90856" lon="4.49285">
        <name>X</name>
      </trkpt>
      <trkpt lat="51.90856" lon="4.49254">
        <name>X</name>
      </trkpt>
      <trkpt lat="51.90856" lon="4.49246">
        <name>X</name>
      </trkpt>
      <trkpt lat="51.90851" lon="4.49221">
        <name>X</name>
      </trkpt>
      <trkpt lat="51.90845" lon="4.49199">
        <name>X</name>
      </trkpt>
      <trkpt lat="51.90776" lon="4.4907">
        <name>X</name>
      </trkpt>
      <trkpt lat="51.90776" lon="4.4906">
        <name>X</name>
      </trkpt>
      <trkpt lat="51.90778" lon="4.49055">
        <name>X</name>
      </trkpt>
      <trkpt lat="51.90813" lon="4.48952">
        <name>X</name>
      </trkpt>
      <trkpt lat="51.91064" lon="4.48328">
        <name>X</name>
      </trkpt>
      <trkpt lat="51.91072" lon="4.48315">
        <name>X</name>
      </trkpt>
      <trkpt lat="51.91085" lon="4.483">
        <name>X</name>
      </trkpt>
      <trkpt lat="51.91107" lon="4.48285">
        <name>X</name>
      </trkpt>
      <trkpt lat="51.91167" lon="4.48266">
        <name>X</name>
      </trkpt>
      <trkpt lat="51.91212" lon="4.48255">
        <name>X</name>
      </trkpt>
      <trkpt lat="51.9122" lon="4.48259">
        <name>X</name>
      </trkpt>
      <trkpt lat="51.91229" lon="4.48257">
        <name>X</name>
      </trkpt>
      <trkpt lat="51.91242" lon="4.48253">
        <name>X</name>
      </trkpt>
      <trkpt lat="51.91248" lon="4.48251">
        <name>X</name>
      </trkpt>
      <trkpt lat="51.91261" lon="4.48236">
        <name>X</name>
      </trkpt>
      <trkpt lat="51.91265" lon="4.48234">
        <name>X</name>
      </trkpt>
      <trkpt lat="51.9136" lon="4.48221">
        <name>X</name>
      </trkpt>
      <trkpt lat="51.91388" lon="4.48219">
        <name>X</name>
      </trkpt>
      <trkpt lat="51.91388" lon="4.48219">
        <name>X</name>
      </trkpt>
      <trkpt lat="51.91564" lon="4.48212">
        <name>X</name>
      </trkpt>
      <trkpt lat="51.91564" lon="4.48212">
        <name>X</name>
      </trkpt>
      <trkpt lat="51.91606" lon="4.48212">
        <name>X</name>
      </trkpt>
      <trkpt lat="51.91624" lon="4.48214">
        <name>X</name>
      </trkpt>
      <trkpt lat="51.91634" lon="4.48219">
        <name>X</name>
      </trkpt>
      <trkpt lat="51.91654" lon="4.48219">
        <name>X</name>
      </trkpt>
      <trkpt lat="51.9168" lon="4.48212">
        <name>X</name>
      </trkpt>
      <trkpt lat="51.91808" lon="4.48148">
        <name>X</name>
      </trkpt>
      <trkpt lat="51.91821" lon="4.48141">
        <name>X</name>
      </trkpt>
      <trkpt lat="51.91821" lon="4.48141">
        <name>X</name>
      </trkpt>
      <trkpt lat="51.91817" lon="4.4812">
        <name>X</name>
      </trkpt>
      <trkpt lat="51.91832" lon="4.48107">
        <name>X</name>
      </trkpt>
      <trkpt lat="51.91838" lon="4.48096">
        <name>X</name>
      </trkpt>
      <trkpt lat="51.91866" lon="4.48076">
        <name>X</name>
      </trkpt>
      <trkpt lat="51.91892" lon="4.48058">
        <name>X</name>
      </trkpt>
      <trkpt lat="51.91916" lon="4.48045">
        <name>X</name>
      </trkpt>
      <trkpt lat="51.91924" lon="4.4804">
        <name>X</name>
      </trkpt>
      <trkpt lat="51.92081" lon="4.4798">
        <name>X</name>
      </trkpt>
      <trkpt lat="51.92089" lon="4.47977">
        <name>X</name>
      </trkpt>
      <trkpt lat="51.92243" lon="4.47897">
        <name>X</name>
      </trkpt>
    </trkseg>
  </trk>
</gpx>