<?xml version="1.0" encoding="utf-8"?>
<gpx xmlns:xsi="http://www.w3.org/2001/XMLSchema-instance" xsi:schemaLocation="http://www.topografix.com/GPX/1/1 http://www.topografix.com/GPX/1/1/gpx.xsd" version="1.1" creator="Roparun" xmlns="http://www.topografix.com/GPX/1/1">
  <wpt lat="49.758814428118662" lon="3.2240057047770634">
    <name>0.00</name>
  </wpt>
  <wpt lat="49.758047493622982" lon="3.2247284323843188">
    <name>0.1</name>
  </wpt>
  <wpt lat="49.757306732315463" lon="3.2255178067481647">
    <name>0.2</name>
  </wpt>
  <wpt lat="49.756565971008015" lon="3.2263071690537894">
    <name>0.3</name>
  </wpt>
  <wpt lat="49.755827565204136" lon="3.2271015797872975">
    <name>0.4</name>
  </wpt>
  <wpt lat="49.755089792015056" lon="3.2278975948536539">
    <name>0.5</name>
  </wpt>
  <wpt lat="49.75435201882604" lon="3.2286935978102895">
    <name>0.6</name>
  </wpt>
  <wpt lat="49.753604194451064" lon="3.229464830421322">
    <name>0.7</name>
  </wpt>
  <wpt lat="49.752724969797832" lon="3.2297395544235683">
    <name>0.8</name>
  </wpt>
  <wpt lat="49.751837633978091" lon="3.2299660220593811">
    <name>0.9</name>
  </wpt>
  <wpt lat="49.750961260476267" lon="3.2302613126605775">
    <name>1.0</name>
  </wpt>
  <wpt lat="49.7501081553453" lon="3.2304555884493782">
    <name>1.1</name>
  </wpt>
  <wpt lat="49.749222713034222" lon="3.2306852173712071">
    <name>1.2</name>
  </wpt>
  <wpt lat="49.748373808721531" lon="3.2311237216227089">
    <name>1.3</name>
  </wpt>
  <wpt lat="49.747542138371" lon="3.2312935283195983">
    <name>1.4</name>
  </wpt>
  <wpt lat="49.746681753770993" lon="3.2313480436709896">
    <name>1.5</name>
  </wpt>
  <wpt lat="49.745840368282614" lon="3.2315217016783375">
    <name>1.6</name>
  </wpt>
  <wpt lat="49.745128000039266" lon="3.2308930853615045">
    <name>1.7</name>
  </wpt>
  <wpt lat="49.744981795051757" lon="3.232241419296273">
    <name>1.8</name>
  </wpt>
  <wpt lat="49.745193772566388" lon="3.2335892110036673">
    <name>1.9</name>
  </wpt>
  <wpt lat="49.745597955872142" lon="3.2348316103521539">
    <name>2.0</name>
  </wpt>
  <wpt lat="49.746048677693885" lon="3.236002143988769">
    <name>2.1</name>
  </wpt>
  <wpt lat="49.746476362053407" lon="3.2371991300110454">
    <name>2.2</name>
  </wpt>
  <wpt lat="49.7462015053814" lon="3.2383985206617156">
    <name>2.3</name>
  </wpt>
  <wpt lat="49.745538914474515" lon="3.2393391367693058">
    <name>2.4</name>
  </wpt>
  <wpt lat="49.74487661747601" lon="3.2402804979456969">
    <name>2.5</name>
  </wpt>
  <wpt lat="49.744146806937032" lon="3.2410865490897094">
    <name>2.6</name>
  </wpt>
  <wpt lat="49.74339309835478" lon="3.2418188035593696">
    <name>2.7</name>
  </wpt>
  <wpt lat="49.743051233868471" lon="3.2430934860086968">
    <name>2.8</name>
  </wpt>
  <wpt lat="49.742780500607708" lon="3.2444205962335726">
    <name>2.9</name>
  </wpt>
  <wpt lat="49.742509767347023" lon="3.2457476990529979">
    <name>3.0</name>
  </wpt>
  <wpt lat="49.7422390340864" lon="3.2470747944670735">
    <name>3.1</name>
  </wpt>
  <wpt lat="49.74196830082586" lon="3.2484018824759024">
    <name>3.2</name>
  </wpt>
  <wpt lat="49.741697567565396" lon="3.2497289630795856">
    <name>3.3</name>
  </wpt>
  <wpt lat="49.741398836790331" lon="3.2510382485397731">
    <name>3.4</name>
  </wpt>
  <wpt lat="49.740556876690185" lon="3.2512849233804055">
    <name>3.5</name>
  </wpt>
  <wpt lat="49.739657694609157" lon="3.25126600000002">
    <name>3.6</name>
  </wpt>
  <wpt lat="49.739504075496015" lon="3.2521525134692686">
    <name>3.7</name>
  </wpt>
  <wpt lat="49.739682338922819" lon="3.2531066610880797">
    <name>3.8</name>
  </wpt>
  <wpt lat="49.740559169984088" lon="3.2529246690010378">
    <name>3.9</name>
  </wpt>
  <wpt lat="49.74136745164374" lon="3.2533919224571903">
    <name>4.0</name>
  </wpt>
  <wpt lat="49.74208960754158" lon="3.2542212535007162">
    <name>4.1</name>
  </wpt>
  <wpt lat="49.742815248449354" lon="3.2550433333868289">
    <name>4.2</name>
  </wpt>
  <wpt lat="49.743535354393629" lon="3.2558767138892679">
    <name>4.3</name>
  </wpt>
  <wpt lat="49.74419164608539" lon="3.2568271111033384">
    <name>4.4</name>
  </wpt>
  <wpt lat="49.744840482793187" lon="3.2577907925596885">
    <name>4.5</name>
  </wpt>
  <wpt lat="49.745472531085255" lon="3.2587804357356465">
    <name>4.6</name>
  </wpt>
  <wpt lat="49.746115832133079" lon="3.259752559740106">
    <name>4.7</name>
  </wpt>
  <wpt lat="49.746773034592906" lon="3.2607026060903452">
    <name>4.8</name>
  </wpt>
  <wpt lat="49.747503270768618" lon="3.2615051123619465">
    <name>4.9</name>
  </wpt>
  <wpt lat="49.748342099782178" lon="3.2620053033747047">
    <name>5.0</name>
  </wpt>
  <wpt lat="49.749185025652508" lon="3.2624904255479614">
    <name>5.1</name>
  </wpt>
  <wpt lat="49.7500256553653" lon="3.2629848148456859">
    <name>5.2</name>
  </wpt>
  <wpt lat="49.750861823604353" lon="3.2634972010246548">
    <name>5.3</name>
  </wpt>
  <wpt lat="49.751701329855869" lon="3.2639859994453482">
    <name>5.4</name>
  </wpt>
  <wpt lat="49.752456153014137" lon="3.2647407070759971">
    <name>5.5</name>
  </wpt>
  <wpt lat="49.753199562623969" lon="3.2655239978605923">
    <name>5.6</name>
  </wpt>
  <wpt lat="49.753946633179567" lon="3.2662989037202812">
    <name>5.7</name>
  </wpt>
  <wpt lat="49.754695637077063" lon="3.2670693624780345">
    <name>5.8</name>
  </wpt>
  <wpt lat="49.755444640974488" lon="3.2678398331353371">
    <name>5.9</name>
  </wpt>
  <wpt lat="49.756193775297987" lon="3.2686100117282573">
    <name>6.0</name>
  </wpt>
  <wpt lat="49.756943024864661" lon="3.2693799336790144">
    <name>6.1</name>
  </wpt>
  <wpt lat="49.757692274431278" lon="3.27014986752586">
    <name>6.2</name>
  </wpt>
  <wpt lat="49.758463312083812" lon="3.2708630889140884">
    <name>6.3</name>
  </wpt>
  <wpt lat="49.759303577873155" lon="3.2713592448122859">
    <name>6.4</name>
  </wpt>
  <wpt lat="49.760145430883846" lon="3.2718489132745772">
    <name>6.5</name>
  </wpt>
  <wpt lat="49.760987484899765" lon="3.2723377675873362">
    <name>6.6</name>
  </wpt>
  <wpt lat="49.76183439183967" lon="3.2728059989208518">
    <name>6.7</name>
  </wpt>
  <wpt lat="49.762685917918937" lon="3.2732523690767397">
    <name>6.8</name>
  </wpt>
  <wpt lat="49.763577858856152" lon="3.2733606898637388">
    <name>6.9</name>
  </wpt>
  <wpt lat="49.764476955045652" lon="3.2733295190716722">
    <name>7.0</name>
  </wpt>
  <wpt lat="49.7653746464694" lon="3.2732704558013768">
    <name>7.1</name>
  </wpt>
  <wpt lat="49.766265996440595" lon="3.2730854831607692">
    <name>7.2</name>
  </wpt>
  <wpt lat="49.767157346411786" lon="3.2729005071189525">
    <name>7.3</name>
  </wpt>
  <wpt lat="49.768048696382955" lon="3.2727155276758251">
    <name>7.4</name>
  </wpt>
  <wpt lat="49.768940118805006" lon="3.272574">
    <name>7.5</name>
  </wpt>
  <wpt lat="49.769795812074086" lon="3.2729815707069321">
    <name>7.6</name>
  </wpt>
  <wpt lat="49.770630056170326" lon="3.2735016238740209">
    <name>7.7</name>
  </wpt>
  <wpt lat="49.771465299076709" lon="3.274017773939109">
    <name>7.8</name>
  </wpt>
  <wpt lat="49.772195835527768" lon="3.2746182763209326">
    <name>7.9</name>
  </wpt>
  <wpt lat="49.771767434232352" lon="3.2758421671449125">
    <name>8.0</name>
  </wpt>
  <wpt lat="49.771826890505523" lon="3.2769926713877289">
    <name>8.1</name>
  </wpt>
  <wpt lat="49.772509291495609" lon="3.2778982730631721">
    <name>8.2</name>
  </wpt>
  <wpt lat="49.773220512973694" lon="3.2787501354947777">
    <name>8.3</name>
  </wpt>
  <wpt lat="49.798998209485681" lon="3.3210474189078441">
    <name>12.74</name>
  </wpt>
  <wpt lat="49.7993797552326" lon="3.3218528926245461">
    <name>12.8</name>
  </wpt>
  <wpt lat="49.799989872839255" lon="3.3228747835242132">
    <name>12.9</name>
  </wpt>
  <wpt lat="49.800656187121881" lon="3.3238104358659095">
    <name>13.0</name>
  </wpt>
  <wpt lat="49.801326916330758" lon="3.3247386087171029">
    <name>13.1</name>
  </wpt>
  <wpt lat="49.802034481457511" lon="3.3255969601096522">
    <name>13.2</name>
  </wpt>
  <wpt lat="49.990307927284853" lon="3.4519548961282331">
    <name>44.13</name>
  </wpt>
  <wpt lat="49.990806661482772" lon="3.452870934153478">
    <name>44.2</name>
  </wpt>
  <wpt lat="49.991615568363976" lon="3.4534741152171815">
    <name>44.3</name>
  </wpt>
  <wpt lat="49.992454435826225" lon="3.4539783092752478">
    <name>44.4</name>
  </wpt>
  <wpt lat="49.993299599734492" lon="3.454456002782146">
    <name>44.5</name>
  </wpt>
  <wpt lat="49.994147091362954" lon="3.4549237739280749">
    <name>44.6</name>
  </wpt>
  <wpt lat="49.9949260921215" lon="3.4556227966407373">
    <name>44.7</name>
  </wpt>
  <wpt lat="49.995723119816994" lon="3.4562693423597595">
    <name>44.8</name>
  </wpt>
  <wpt lat="49.9965352555121" lon="3.4568701888391278">
    <name>44.9</name>
  </wpt>
  <wpt lat="49.99716524043837" lon="3.4578290588072136">
    <name>45.0</name>
  </wpt>
  <wpt lat="49.997677126456743" lon="3.4589793410646155">
    <name>45.1</name>
  </wpt>
  <wpt lat="49.998189012475009" lon="3.4601296355685269">
    <name>45.2</name>
  </wpt>
  <wpt lat="49.99870089849319" lon="3.4612799423193548">
    <name>45.3</name>
  </wpt>
  <wpt lat="49.999198761098143" lon="3.4624437722897738">
    <name>45.4</name>
  </wpt>
  <wpt lat="49.999978169696483" lon="3.4630895454787294">
    <name>45.5</name>
  </wpt>
  <wpt lat="50.0008287730742" lon="3.4635437919962597">
    <name>45.6</name>
  </wpt>
  <wpt lat="50.001679376451882" lon="3.4639980465510773">
    <name>45.7</name>
  </wpt>
  <wpt lat="50.002529979829546" lon="3.4644523091434869">
    <name>45.8</name>
  </wpt>
  <wpt lat="50.003380583207175" lon="3.4649065797738965">
    <name>45.9</name>
  </wpt>
  <wpt lat="50.004231186584782" lon="3.4653608584426108">
    <name>46.0</name>
  </wpt>
  <wpt lat="50.005081789962361" lon="3.4658151451501387">
    <name>46.1</name>
  </wpt>
  <wpt lat="50.005932393339911" lon="3.4662694398967862">
    <name>46.2</name>
  </wpt>
  <wpt lat="50.006782996717426" lon="3.4667237426829596">
    <name>46.3</name>
  </wpt>
  <wpt lat="50.007633551781879" lon="3.467178272419877">
    <name>46.4</name>
  </wpt>
  <wpt lat="50.008484245603022" lon="3.4676321811064206">
    <name>46.5</name>
  </wpt>
  <wpt lat="50.009334939424129" lon="3.4680860978271979">
    <name>46.6</name>
  </wpt>
  <wpt lat="50.010185633245207" lon="3.4685400225826162">
    <name>46.7</name>
  </wpt>
  <wpt lat="50.011042318999856" lon="3.4689657259306066">
    <name>46.8</name>
  </wpt>
  <wpt lat="50.011899405074779" lon="3.4693895521181757">
    <name>46.9</name>
  </wpt>
  <wpt lat="50.012784918495178" lon="3.4695811134238572">
    <name>47.0</name>
  </wpt>
  <wpt lat="50.013682867497678" lon="3.4696554143263523">
    <name>47.1</name>
  </wpt>
  <wpt lat="50.014580362289969" lon="3.4697445684663326">
    <name>47.2</name>
  </wpt>
  <wpt lat="50.015478049280382" lon="3.4697973832372209">
    <name>47.3</name>
  </wpt>
  <wpt lat="50.01633818249514" lon="3.4696208861521627">
    <name>47.4</name>
  </wpt>
  <wpt lat="50.017236185732308" lon="3.4696767050854924">
    <name>47.5</name>
  </wpt>
  <wpt lat="50.018135411124867" lon="3.46969704940316">
    <name>47.6</name>
  </wpt>
  <wpt lat="50.019034189638838" lon="3.4697399411252641">
    <name>47.7</name>
  </wpt>
  <wpt lat="50.019932752432027" lon="3.46979099999995">
    <name>47.8</name>
  </wpt>
  <wpt lat="50.020829371207292" lon="3.4696993908645157">
    <name>47.9</name>
  </wpt>
  <wpt lat="50.021719950593976" lon="3.4695212701839493">
    <name>48.0</name>
  </wpt>
  <wpt lat="50.022534835352225" lon="3.4690039656005136">
    <name>48.1</name>
  </wpt>
  <wpt lat="50.023156222230895" lon="3.4679920792090804">
    <name>48.2</name>
  </wpt>
  <wpt lat="50.023778322142661" lon="3.4669812379432337">
    <name>48.3</name>
  </wpt>
  <wpt lat="50.02437529323452" lon="3.4659353762826925">
    <name>48.4</name>
  </wpt>
  <wpt lat="50.0249520238314" lon="3.4648613067835297">
    <name>48.5</name>
  </wpt>
  <wpt lat="50.025540687471157" lon="3.4638061446306856">
    <name>48.6</name>
  </wpt>
  <wpt lat="50.02622449748791" lon="3.462897513384291">
    <name>48.7</name>
  </wpt>
  <wpt lat="50.026808096291923" lon="3.461840302715665">
    <name>48.8</name>
  </wpt>
  <wpt lat="50.027420854330053" lon="3.4608323442438205">
    <name>48.9</name>
  </wpt>
  <wpt lat="50.773891466779091" lon="3.8868465332283986">
    <name>162.52</name>
  </wpt>
  <wpt lat="50.773273509594631" lon="3.887752903569814">
    <name>162.6</name>
  </wpt>
  <wpt lat="50.772477957385782" lon="3.8881473770337798">
    <name>162.7</name>
  </wpt>
  <wpt lat="50.771705178398356" lon="3.8881094012477266">
    <name>162.8</name>
  </wpt>
  <wpt lat="50.771696104310493" lon="3.8891428858583987">
    <name>162.9</name>
  </wpt>
  <wpt lat="50.772158811386426" lon="3.8900524171127131">
    <name>163.0</name>
  </wpt>
  <wpt lat="50.772710140760644" lon="3.89100599999997">
    <name>163.1</name>
  </wpt>
  <wpt lat="50.773328613078426" lon="3.8909745664154123">
    <name>163.2</name>
  </wpt>
  <wpt lat="50.774032229904549" lon="3.8918452968875843">
    <name>163.3</name>
  </wpt>
  <wpt lat="50.782573342359917" lon="3.9114329999999522">
    <name>165.07</name>
  </wpt>
  <wpt lat="50.782866742131795" lon="3.9118545730235539">
    <name>165.1</name>
  </wpt>
  <wpt lat="50.783442092127551" lon="3.9129450909766139">
    <name>165.2</name>
  </wpt>
  <wpt lat="50.784071042832011" lon="3.9139609263394468">
    <name>165.3</name>
  </wpt>
  <wpt lat="50.784713003700212" lon="3.9149569785696197">
    <name>165.4</name>
  </wpt>
  <wpt lat="50.785295522422778" lon="3.9160387244779598">
    <name>165.5</name>
  </wpt>
  <wpt lat="50.825853919190394" lon="4.0147651202877555">
    <name>174.92</name>
  </wpt>
  <wpt lat="50.826616640132094" lon="4.0142692132052158">
    <name>175.0</name>
  </wpt>
  <wpt lat="50.827452381388973" lon="4.0137433979007957">
    <name>175.1</name>
  </wpt>
  <wpt lat="50.827942758969392" lon="4.0128310243371246">
    <name>175.2</name>
  </wpt>
  <wpt lat="50.828775564280484" lon="4.0122936457404226">
    <name>175.3</name>
  </wpt>
  <wpt lat="50.829608210833349" lon="4.0117556435881889">
    <name>175.4</name>
  </wpt>
  <wpt lat="50.8296582531332" lon="4.0131478141487751">
    <name>175.5</name>
  </wpt>
  <wpt lat="50.829898068074925" lon="4.0145078894048556">
    <name>175.6</name>
  </wpt>
  <wpt lat="50.830209049060052" lon="4.0158377912159082">
    <name>175.7</name>
  </wpt>
  <wpt lat="50.830191747007014" lon="4.017257082775715">
    <name>175.8</name>
  </wpt>
  <wpt lat="50.830552069817351" lon="4.0185437403738131">
    <name>175.9</name>
  </wpt>
  <wpt lat="50.831066115148907" lon="4.01968664664166">
    <name>176.0</name>
  </wpt>
  <wpt lat="50.831384531740177" lon="4.0209946511911072">
    <name>176.1</name>
  </wpt>
  <wpt lat="50.8319588979716" lon="4.02209030130491">
    <name>176.2</name>
  </wpt>
  <wpt lat="50.832519053293325" lon="4.0232038180122247">
    <name>176.3</name>
  </wpt>
  <wpt lat="50.872204086109051" lon="4.0185914541076952">
    <name>181.13</name>
  </wpt>
  <wpt lat="50.872973986188171" lon="4.01839963589991">
    <name>181.2</name>
  </wpt>
  <wpt lat="50.873848991671522" lon="4.0185749916243463">
    <name>181.3</name>
  </wpt>
  <wpt lat="50.874547572743047" lon="4.0194664771217044">
    <name>181.4</name>
  </wpt>
  <wpt lat="50.87529639239083" lon="4.0202557143764688">
    <name>181.5</name>
  </wpt>
  <wpt lat="50.919499028840193" lon="4.0551166319719183">
    <name>188.39</name>
  </wpt>
  <wpt lat="50.919656587902757" lon="4.055254345628958">
    <name>188.4</name>
  </wpt>
  <wpt lat="50.9205437935396" lon="4.0550227844964457">
    <name>188.5</name>
  </wpt>
  <wpt lat="50.921429141068522" lon="4.0547724212155041">
    <name>188.6</name>
  </wpt>
  <wpt lat="50.922313356157176" lon="4.0545139438766844">
    <name>188.7</name>
  </wpt>
  <wpt lat="50.9231336510967" lon="4.0540124809715081">
    <name>188.8</name>
  </wpt>
  <wpt lat="50.923781773144604" lon="4.0530296068616849">
    <name>188.9</name>
  </wpt>
  <wpt lat="50.9246159462794" lon="4.0524990690624483">
    <name>189.0</name>
  </wpt>
  <wpt lat="50.92545213882093" lon="4.05197395206433">
    <name>189.1</name>
  </wpt>
  <wpt lat="50.943114859750359" lon="4.0574691402570613">
    <name>192.33</name>
  </wpt>
  <wpt lat="50.943419744251294" lon="4.0565704865288659">
    <name>192.4</name>
  </wpt>
  <wpt lat="50.943686428977038" lon="4.0555887573063663">
    <name>192.5</name>
  </wpt>
  <wpt lat="50.944243306944621" lon="4.0556762277114853">
    <name>192.6</name>
  </wpt>
  <wpt lat="50.944453975268651" lon="4.0570156775108481">
    <name>192.7</name>
  </wpt>
  <wpt lat="50.943590721668613" lon="4.0572745152292091">
    <name>192.8</name>
  </wpt>
  <wpt lat="50.949504644766066" lon="4.09826457347895">
    <name>196.37</name>
  </wpt>
  <wpt lat="50.949788857505865" lon="4.0986509749289173">
    <name>196.4</name>
  </wpt>
  <wpt lat="50.949666586138335" lon="4.1000000188665915">
    <name>196.5</name>
  </wpt>
  <wpt lat="50.971702899703452" lon="4.1682774991974476">
    <name>203.00</name>
  </wpt>
  <wpt lat="50.971629420481783" lon="4.1684125516160924">
    <name>203.0</name>
  </wpt>
  <wpt lat="50.972351520135668" lon="4.16921416876979">
    <name>203.1</name>
  </wpt>
  <wpt lat="50.998788926180644" lon="4.1767188715804213">
    <name>206.75</name>
  </wpt>
  <wpt lat="50.999261296131039" lon="4.17631265692084">
    <name>206.8</name>
  </wpt>
  <wpt lat="51.021495733122315" lon="4.1185388189542751">
    <name>212.41</name>
  </wpt>
  <wpt lat="51.021511971403044" lon="4.1184462106971029">
    <name>212.4</name>
  </wpt>
  <wpt lat="51.021416917233751" lon="4.1171206750480085">
    <name>212.5</name>
  </wpt>
  <wpt lat="51.02153075780582" lon="4.11581936556576">
    <name>212.6</name>
  </wpt>
  <wpt lat="51.021761868084937" lon="4.1144397521721441">
    <name>212.7</name>
  </wpt>
  <wpt lat="51.033065147307425" lon="4.1018060000000158">
    <name>215.67</name>
  </wpt>
  <wpt lat="51.033448540656124" lon="4.1017618904085129">
    <name>215.7</name>
  </wpt>
  <wpt lat="51.033585325335132" lon="4.1028099446627415">
    <name>215.8</name>
  </wpt>
  <wpt lat="51.033710665469805" lon="4.1042159130449871">
    <name>215.9</name>
  </wpt>
  <wpt lat="51.033953045159166" lon="4.1055894995580067">
    <name>216.0</name>
  </wpt>
  <wpt lat="51.033833704258221" lon="4.1065286574276856">
    <name>216.1</name>
  </wpt>
  <wpt lat="51.068466000000768" lon="4.0478167751792578">
    <name>222.71</name>
  </wpt>
  <wpt lat="51.068466000021836" lon="4.0477205387240263">
    <name>222.7</name>
  </wpt>
  <wpt lat="51.06837747507614" lon="4.0463083746784605">
    <name>222.8</name>
  </wpt>
  <wpt lat="51.068225997814743" lon="4.0449144117740419">
    <name>222.9</name>
  </wpt>
  <wpt lat="51.068854614635114" lon="4.0444316524719053">
    <name>223.0</name>
  </wpt>
  <wpt lat="51.068464261267955" lon="4.0431435298815179">
    <name>223.1</name>
  </wpt>
  <wpt lat="51.068269483334646" lon="4.0418800813192588">
    <name>223.2</name>
  </wpt>
  <wpt lat="51.068433919420578" lon="4.0404730718680844">
    <name>223.3</name>
  </wpt>
  <wpt lat="51.068181750025538" lon="4.0392373727551707">
    <name>223.4</name>
  </wpt>
  <wpt lat="51.068213550492779" lon="4.0380613212881284">
    <name>223.5</name>
  </wpt>
  <wpt lat="51.068905673733838" lon="4.0374793456759992">
    <name>223.6</name>
  </wpt>
  <wpt lat="51.069717690317844" lon="4.0368642323911414">
    <name>223.7</name>
  </wpt>
  <wpt lat="51.070300049314291" lon="4.0361142911216215">
    <name>223.8</name>
  </wpt>
  <wpt lat="51.071097295475973" lon="4.0354716065670777">
    <name>223.9</name>
  </wpt>
  <wpt lat="51.10067360674806" lon="4.1415719205844033">
    <name>234.85</name>
  </wpt>
  <wpt lat="51.101252678846421" lon="4.1417097851624778">
    <name>234.9</name>
  </wpt>
  <wpt lat="51.102138062627482" lon="4.1419542646971479">
    <name>235.0</name>
  </wpt>
  <wpt lat="51.103026519557957" lon="4.1421762148260628">
    <name>235.1</name>
  </wpt>
  <wpt lat="51.103916436735226" lon="4.1422168544496092">
    <name>235.2</name>
  </wpt>
  <wpt lat="51.104689814704251" lon="4.1415148491098632">
    <name>235.3</name>
  </wpt>
  <wpt lat="51.105420819047652" lon="4.1406821810264312">
    <name>235.4</name>
  </wpt>
  <wpt lat="51.106224160193008" lon="4.1408157349679069">
    <name>235.5</name>
  </wpt>
  <wpt lat="51.107041771749572" lon="4.1413443057817521">
    <name>235.6</name>
  </wpt>
  <wpt lat="51.107858655878381" lon="4.1418240000000335">
    <name>235.7</name>
  </wpt>
  <wpt lat="51.108757921649719" lon="4.1418369932201351">
    <name>235.8</name>
  </wpt>
  <wpt lat="51.109648081650086" lon="4.1419825893691966">
    <name>235.9</name>
  </wpt>
  <wpt lat="51.11222053465103" lon="4.1425495027540187">
    <name>236.21</name>
  </wpt>
  <wpt lat="51.1122808872152" lon="4.1425433998493109">
    <name>236.2</name>
  </wpt>
  <wpt lat="51.113164223574344" lon="4.1427798255616359">
    <name>236.3</name>
  </wpt>
  <wpt lat="51.113913179166168" lon="4.1429396498118392">
    <name>236.4</name>
  </wpt>
  <wpt lat="51.170242808406826" lon="4.3122089489767212">
    <name>251.83</name>
  </wpt>
  <wpt lat="51.169934253576685" lon="4.3133151773793719">
    <name>251.9</name>
  </wpt>
  <wpt lat="51.169631442171372" lon="4.3146285426039173">
    <name>252.0</name>
  </wpt>
  <wpt lat="51.169354308017681" lon="4.3159919436128522">
    <name>252.1</name>
  </wpt>
  <wpt lat="51.169568249767977" lon="4.3168598287437074">
    <name>252.2</name>
  </wpt>
  <wpt lat="51.170447072134834" lon="4.3171617590009346">
    <name>252.3</name>
  </wpt>
  <wpt lat="51.171340250604629" lon="4.3173291211995242">
    <name>252.4</name>
  </wpt>
  <wpt lat="51.172233495340635" lon="4.3174932142389792">
    <name>252.5</name>
  </wpt>
  <wpt lat="51.173123639074895" lon="4.3176935037662227">
    <name>252.6</name>
  </wpt>
  <wpt lat="51.17400284032103" lon="4.3179928929002038">
    <name>252.7</name>
  </wpt>
  <wpt lat="51.174870567974622" lon="4.3183412659205951">
    <name>252.8</name>
  </wpt>
  <wpt lat="51.175196000854143" lon="4.3194877210712033">
    <name>252.9</name>
  </wpt>
  <wpt lat="51.17519600967092" lon="4.32092218046922">
    <name>253.0</name>
  </wpt>
  <wpt lat="51.175196020318978" lon="4.3223566398675421">
    <name>253.1</name>
  </wpt>
  <wpt lat="51.175454788912155" lon="4.3234210000000015">
    <name>253.2</name>
  </wpt>
  <wpt lat="51.175559867287085" lon="4.3221559550143489">
    <name>253.3</name>
  </wpt>
  <wpt lat="51.175547071074789" lon="4.3207216297116728">
    <name>253.4</name>
  </wpt>
  <wpt lat="51.175539000874622" lon="4.3192872533068973">
    <name>253.5</name>
  </wpt>
  <wpt lat="51.1803394222144" lon="4.3174998554832529">
    <name>254.31</name>
  </wpt>
  <wpt lat="51.180354880093255" lon="4.3175018442107129">
    <name>254.3</name>
  </wpt>
  <wpt lat="51.181197465241205" lon="4.3179691720889952">
    <name>254.4</name>
  </wpt>
  <wpt lat="51.18201275496061" lon="4.3185746452156133">
    <name>254.5</name>
  </wpt>
  <wpt lat="51.182821439681852" lon="4.3192007008393745">
    <name>254.6</name>
  </wpt>
  <wpt lat="51.183375705328309" lon="4.3203059925220577">
    <name>254.7</name>
  </wpt>
  <wpt lat="51.183861876176195" lon="4.3215129810082606">
    <name>254.8</name>
  </wpt>
  <wpt lat="51.184430069319241" lon="4.3226047977493227">
    <name>254.9</name>
  </wpt>
  <wpt lat="51.185160147517038" lon="4.3234425842809818">
    <name>255.0</name>
  </wpt>
  <wpt lat="51.18589112077381" lon="4.3242783921140537">
    <name>255.1</name>
  </wpt>
  <wpt lat="51.18662151202625" lon="4.3251143912801355">
    <name>255.2</name>
  </wpt>
  <wpt lat="51.187377362354916" lon="4.3258727717755354">
    <name>255.3</name>
  </wpt>
  <wpt lat="51.188264530663695" lon="4.3257470606101638">
    <name>255.4</name>
  </wpt>
  <wpt lat="51.189150213951507" lon="4.3254981410322531">
    <name>255.5</name>
  </wpt>
  <wpt lat="51.19003561731445" lon="4.3252466852628375">
    <name>255.6</name>
  </wpt>
  <wpt lat="51.190694880036581" lon="4.3243509070868527">
    <name>255.7</name>
  </wpt>
  <wpt lat="51.191156008046931" lon="4.3231220914172992">
    <name>255.8</name>
  </wpt>
  <wpt lat="51.220671982846355" lon="4.3877506932333832">
    <name>261.83</name>
  </wpt>
  <wpt lat="51.22054666375606" lon="4.3887757239897613">
    <name>261.9</name>
  </wpt>
  <wpt lat="51.220202895350305" lon="4.3901025477355127">
    <name>262.0</name>
  </wpt>
  <wpt lat="51.219859126944641" lon="4.391429361572996">
    <name>262.1</name>
  </wpt>
  <wpt lat="51.21951535853907" lon="4.3927561655024157">
    <name>262.2</name>
  </wpt>
  <wpt lat="51.219171590133591" lon="4.3940829595238728">
    <name>262.3</name>
  </wpt>
  <wpt lat="51.218827821728212" lon="4.395409743637674">
    <name>262.4</name>
  </wpt>
  <wpt lat="51.218910688009892" lon="4.3956242092199718">
    <name>262.5</name>
  </wpt>
  <wpt lat="51.219639912439561" lon="4.3958237608667723">
    <name>262.6</name>
  </wpt>
  <wpt lat="51.220461793209033" lon="4.3964062883604038">
    <name>262.7</name>
  </wpt>
  <wpt lat="51.221280154139379" lon="4.3970014233251673">
    <name>262.8</name>
  </wpt>
  <wpt lat="51.222108465107041" lon="4.3975598589011815">
    <name>262.9</name>
  </wpt>
  <wpt lat="51.22294318753935" lon="4.3980934103489542">
    <name>263.0</name>
  </wpt>
  <wpt lat="51.223784849016326" lon="4.3985947487931734">
    <name>263.1</name>
  </wpt>
  <wpt lat="51.224619817239322" lon="4.3991281579345838">
    <name>263.2</name>
  </wpt>
  <wpt lat="51.2254516991237" lon="4.3996704187439919">
    <name>263.3</name>
  </wpt>
  <wpt lat="51.226288825080637" lon="4.40019464846445">
    <name>263.4</name>
  </wpt>
  <wpt lat="51.227084007234708" lon="4.4008634077446764">
    <name>263.5</name>
  </wpt>
  <wpt lat="51.227838441537052" lon="4.4016323422318271">
    <name>263.6</name>
  </wpt>
  <wpt lat="51.227997836041247" lon="4.4028469227447">
    <name>263.7</name>
  </wpt>
  <wpt lat="51.228025000021773" lon="4.4042823477346911">
    <name>263.8</name>
  </wpt>
  <wpt lat="51.228060064799784" lon="4.4057170827186614">
    <name>263.9</name>
  </wpt>
  <wpt lat="51.228102261474334" lon="4.4071516082325219">
    <name>264.0</name>
  </wpt>
  <wpt lat="51.228129569538368" lon="4.4085870030883605">
    <name>264.1</name>
  </wpt>
  <wpt lat="51.228167256363491" lon="4.4100214101356681">
    <name>264.2</name>
  </wpt>
  <wpt lat="51.228315050753487" lon="4.4112617717600715">
    <name>264.3</name>
  </wpt>
  <wpt lat="51.229213881922426" lon="4.411214349398076">
    <name>264.4</name>
  </wpt>
  <wpt lat="51.230045294262752" lon="4.4110540000000258">
    <name>264.5</name>
  </wpt>
  <wpt lat="51.230857000006004" lon="4.4111939203240711">
    <name>264.6</name>
  </wpt>
  <wpt lat="51.231093000298934" lon="4.4122532335166387">
    <name>264.7</name>
  </wpt>
  <wpt lat="51.231458321527882" lon="4.4133878086412839">
    <name>264.8</name>
  </wpt>
  <wpt lat="51.231780001354821" lon="4.4146450904309562">
    <name>264.9</name>
  </wpt>
  <wpt lat="51.231780001479173" lon="4.416081313075666">
    <name>265.0</name>
  </wpt>
  <wpt lat="51.231780000800654" lon="4.4175175357203749">
    <name>265.1</name>
  </wpt>
  <wpt lat="51.231780000382841" lon="4.4189537583650846">
    <name>265.2</name>
  </wpt>
  <wpt lat="51.232163804910279" lon="4.4200859024530637">
    <name>265.3</name>
  </wpt>
  <wpt lat="51.23306245884163" lon="4.4201299999999843">
    <name>265.4</name>
  </wpt>
  <wpt lat="51.233961780447544" lon="4.4201299999999843">
    <name>265.5</name>
  </wpt>
  <wpt lat="51.234857591247909" lon="4.4200734434268156">
    <name>265.6</name>
  </wpt>
  <wpt lat="51.4676554805677" lon="4.6566289960480658">
    <name>299.11</name>
  </wpt>
  <wpt lat="51.467668843727679" lon="4.6566416279567484">
    <name>299.1</name>
  </wpt>
  <wpt lat="51.468409313797487" lon="4.6572235457398783">
    <name>299.2</name>
  </wpt>
  <wpt lat="51.469160267604849" lon="4.65801751500283">
    <name>299.3</name>
  </wpt>
  <wpt lat="51.469734397775788" lon="4.6590225881211653">
    <name>299.4</name>
  </wpt>
  <wpt lat="51.470189067686704" lon="4.6602678682541541">
    <name>299.5</name>
  </wpt>
  <wpt lat="51.470597545157773" lon="4.661553634652587">
    <name>299.6</name>
  </wpt>
  <wpt lat="51.471083084319247" lon="4.6627658293187251">
    <name>299.7</name>
  </wpt>
  <wpt lat="51.471795379838369" lon="4.6636280372934129">
    <name>299.8</name>
  </wpt>
  <wpt lat="51.472445219380056" lon="4.6646199617687794">
    <name>299.9</name>
  </wpt>
  <wpt lat="51.472608917134373" lon="4.6656577331117139">
    <name>300.0</name>
  </wpt>
  <wpt lat="51.471885163203162" lon="4.6662870945226906">
    <name>300.1</name>
  </wpt>
  <wpt lat="51.471829029263645" lon="4.6667630834319178">
    <name>300.2</name>
  </wpt>
  <wpt lat="51.472428871749571" lon="4.6671145279136592">
    <name>300.3</name>
  </wpt>
  <wpt lat="51.472047607862606" lon="4.66822061957597">
    <name>300.4</name>
  </wpt>
  <wpt lat="51.471356079454765" lon="4.6677356984343277">
    <name>300.5</name>
  </wpt>
  <wpt lat="51.472388485100694" lon="4.6717032971443189">
    <name>300.99</name>
  </wpt>
  <wpt lat="51.472595544630593" lon="4.6718991907220042">
    <name>301.0</name>
  </wpt>
  <wpt lat="51.473227731990164" lon="4.6729026034748715">
    <name>301.1</name>
  </wpt>
  <wpt lat="51.473565000136013" lon="4.6741567505866923">
    <name>301.2</name>
  </wpt>
  <wpt lat="51.475195740576915" lon="4.6722588696445495">
    <name>301.57</name>
  </wpt>
  <wpt lat="51.475370757218279" lon="4.6717260156767457">
    <name>301.6</name>
  </wpt>
  <wpt lat="51.47578888454791" lon="4.670456334703597">
    <name>301.7</name>
  </wpt>
  <wpt lat="51.567514711762271" lon="4.9768620719478669">
    <name>333.74</name>
  </wpt>
  <wpt lat="51.568072820888254" lon="4.97745602800986">
    <name>333.8</name>
  </wpt>
  <wpt lat="51.568787200301415" lon="4.9783349146325406">
    <name>333.9</name>
  </wpt>
  <wpt lat="51.569062016491984" lon="4.9793672800050031">
    <name>334.0</name>
  </wpt>
  <wpt lat="51.569308335999395" lon="4.9803478887219566">
    <name>334.1</name>
  </wpt>
  <wpt lat="51.570184766960708" lon="4.9806719474213157">
    <name>334.2</name>
  </wpt>
  <wpt lat="51.571057794225773" lon="4.9810186444805282">
    <name>334.3</name>
  </wpt>
  <wpt lat="51.571932527905567" lon="4.9813546283491679">
    <name>334.4</name>
  </wpt>
  <wpt lat="51.572804431357092" lon="4.9816925413668116">
    <name>334.5</name>
  </wpt>
  <wpt lat="51.573679823140232" lon="4.9820207329377517">
    <name>334.6</name>
  </wpt>
  <wpt lat="51.574553914503539" lon="4.98236050664716">
    <name>334.7</name>
  </wpt>
  <wpt lat="51.5754305427542" lon="4.9826835276163068">
    <name>334.8</name>
  </wpt>
  <wpt lat="51.576314452816924" lon="4.9828711674311918">
    <name>334.9</name>
  </wpt>
  <wpt lat="51.588538774287166" lon="4.9842209797328634">
    <name>336.51</name>
  </wpt>
  <wpt lat="51.588546281784161" lon="4.9842428197153765">
    <name>336.5</name>
  </wpt>
  <wpt lat="51.589290723862753" lon="4.9848104764880388">
    <name>336.6</name>
  </wpt>
  <wpt lat="51.590185997237043" lon="4.9849476666109185">
    <name>336.7</name>
  </wpt>
  <wpt lat="51.590987030969757" lon="4.9848475891879849">
    <name>336.8</name>
  </wpt>
  <wpt lat="51.591792246079365" lon="4.9854501122374684">
    <name>336.9</name>
  </wpt>
  <wpt lat="51.592585688270113" lon="4.9861312479231072">
    <name>337.0</name>
  </wpt>
  <wpt lat="51.593381437721618" lon="4.9868055167848784">
    <name>337.1</name>
  </wpt>
  <wpt lat="51.594173530169876" lon="4.9874870937255089">
    <name>337.2</name>
  </wpt>
  <wpt lat="51.594717780065452" lon="4.9884733516186026">
    <name>337.3</name>
  </wpt>
  <wpt lat="51.5955668514716" lon="4.9888938149347677">
    <name>337.4</name>
  </wpt>
  <wpt lat="51.596456088861679" lon="4.9891097997893628">
    <name>337.5</name>
  </wpt>
  <wpt lat="51.597131473406087" lon="4.9895353815410326">
    <name>337.6</name>
  </wpt>
  <wpt lat="51.596500254134334" lon="4.99015412208332">
    <name>337.7</name>
  </wpt>
  <wpt lat="51.597168414004585" lon="4.9895773553110878">
    <name>337.8</name>
  </wpt>
  <wpt lat="51.597937018392663" lon="4.9903290179028064">
    <name>337.9</name>
  </wpt>
  <wpt lat="51.598508635332742" lon="4.9896515724802137">
    <name>338.0</name>
  </wpt>
  <wpt lat="51.599033033558314" lon="4.9886716445538148">
    <name>338.1</name>
  </wpt>
  <wpt lat="51.599929054205361" lon="4.9886958425661856">
    <name>338.2</name>
  </wpt>
  <wpt lat="51.600816861323764" lon="4.9885389271750622">
    <name>338.3</name>
  </wpt>
  <wpt lat="51.601679239296956" lon="4.9881300557445183">
    <name>338.4</name>
  </wpt>
  <wpt lat="51.602540666228045" lon="4.9877147113921865">
    <name>338.5</name>
  </wpt>
  <wpt lat="51.603403412724226" lon="4.9873063575219572">
    <name>338.6</name>
  </wpt>
  <wpt lat="51.604261989261751" lon="4.9868755962682343">
    <name>338.7</name>
  </wpt>
  <wpt lat="51.60512680388085" lon="4.9864806277801934">
    <name>338.8</name>
  </wpt>
  <wpt lat="51.606000986071095" lon="4.9861406489084192">
    <name>338.9</name>
  </wpt>
  <wpt lat="51.60687648571971" lon="4.9858108153565324">
    <name>339.0</name>
  </wpt>
  <wpt lat="51.607769544800838" lon="4.9856542210322772">
    <name>339.1</name>
  </wpt>
  <wpt lat="51.608152327156375" lon="4.9864263304579115">
    <name>339.2</name>
  </wpt>
  <wpt lat="51.608520716972066" lon="4.9876199579198861">
    <name>339.3</name>
  </wpt>
  <wpt lat="51.618262251708408" lon="4.95144222259262">
    <name>342.45</name>
  </wpt>
  <wpt lat="51.622016852317216" lon="4.9445857607797086">
    <name>343.12</name>
  </wpt>
  <wpt lat="51.622604969433475" lon="4.9435538955907408">
    <name>343.2</name>
  </wpt>
  <wpt lat="51.623190032697757" lon="4.9424544457044925">
    <name>343.3</name>
  </wpt>
  <wpt lat="51.623780494591806" lon="4.9413618354104569">
    <name>343.4</name>
  </wpt>
  <wpt lat="51.62421991658789" lon="4.9409214152500143">
    <name>343.5</name>
  </wpt>
  <wpt lat="51.624373428959487" lon="4.9423472230073049">
    <name>343.6</name>
  </wpt>
  <wpt lat="51.62498332125984" lon="4.9423704625577418">
    <name>343.7</name>
  </wpt>
  <wpt lat="51.625598772665633" lon="4.9413184776584176">
    <name>343.8</name>
  </wpt>
  <wpt lat="51.626270164304721" lon="4.9408696232409861">
    <name>343.9</name>
  </wpt>
  <wpt lat="51.627035795132088" lon="4.9415225730448231">
    <name>344.0</name>
  </wpt>
  <wpt lat="51.627675500458871" lon="4.9415539917095765">
    <name>344.1</name>
  </wpt>
  <wpt lat="51.628101252449468" lon="4.9420062592465959">
    <name>344.2</name>
  </wpt>
  <wpt lat="51.627949274738114" lon="4.9409755748253739">
    <name>344.3</name>
  </wpt>
  <wpt lat="51.628418153995305" lon="4.9399487795549666">
    <name>344.4</name>
  </wpt>
  <wpt lat="51.629023403683171" lon="4.9388809457381351">
    <name>344.5</name>
  </wpt>
  <wpt lat="51.624415551902445" lon="4.9314629777200949">
    <name>345.58</name>
  </wpt>
  <wpt lat="51.624166097530541" lon="4.9316272047091445">
    <name>345.6</name>
  </wpt>
  <wpt lat="51.623714745087511" lon="4.9327462684848866">
    <name>345.7</name>
  </wpt>
  <wpt lat="51.62348016926795" lon="4.9341446654430277">
    <name>345.8</name>
  </wpt>
  <wpt lat="51.623259000280875" lon="4.9354319494252641">
    <name>345.9</name>
  </wpt>
  <wpt lat="51.623294482837665" lon="4.9367029296153069">
    <name>346.0</name>
  </wpt>
  <wpt lat="51.622950793171547" lon="4.9380384136923823">
    <name>346.1</name>
  </wpt>
  <wpt lat="51.622171978890037" lon="4.937788304174922">
    <name>346.2</name>
  </wpt>
  <wpt lat="51.621901863289061" lon="4.9368526261464556">
    <name>346.3</name>
  </wpt>
  <wpt lat="51.62163187841886" lon="4.93565970339189">
    <name>346.4</name>
  </wpt>
  <wpt lat="51.621466368862059" lon="4.9345528692678151">
    <name>346.5</name>
  </wpt>
  <wpt lat="51.621529337721341" lon="4.9331906067892666">
    <name>346.6</name>
  </wpt>
  <wpt lat="51.621728746488564" lon="4.9319597124442325">
    <name>346.7</name>
  </wpt>
  <wpt lat="51.622028332752372" lon="4.9306393043798531">
    <name>346.8</name>
  </wpt>
  <wpt lat="51.622202504554771" lon="4.9292361943273928">
    <name>346.9</name>
  </wpt>
  <wpt lat="51.622515400519859" lon="4.9279648540410559">
    <name>347.0</name>
  </wpt>
  <wpt lat="51.622589000069091" lon="4.9265480156065369">
    <name>347.1</name>
  </wpt>
  <wpt lat="51.622696283711996" lon="4.9251138669591956">
    <name>347.2</name>
  </wpt>
  <wpt lat="51.622860789693632" lon="4.9236910683718129">
    <name>347.3</name>
  </wpt>
  <wpt lat="51.623480165282523" lon="4.9231620000000342">
    <name>347.42</name>
  </wpt>
  <wpt lat="51.624304919103373" lon="4.9231493856594124">
    <name>347.5</name>
  </wpt>
  <wpt lat="51.626188901369389" lon="4.9217906054080531">
    <name>347.84</name>
  </wpt>
  <wpt lat="51.626148377635168" lon="4.9207636174215779">
    <name>347.9</name>
  </wpt>
  <wpt lat="51.62612900003024" lon="4.9193166578195626">
    <name>348.0</name>
  </wpt>
  <wpt lat="51.626151000057462" lon="4.9178712120148118">
    <name>348.1</name>
  </wpt>
  <wpt lat="51.62556043239514" lon="4.9172076083810525">
    <name>348.2</name>
  </wpt>
  <wpt lat="51.624674839014915" lon="4.916956378692996">
    <name>348.3</name>
  </wpt>
  <wpt lat="51.623795332643041" lon="4.916655776332818">
    <name>348.4</name>
  </wpt>
  <wpt lat="51.622919568875851" lon="4.9163268358327494">
    <name>348.5</name>
  </wpt>
  <wpt lat="51.62205228692229" lon="4.9159438611902555">
    <name>348.6</name>
  </wpt>
  <wpt lat="51.621185176695093" lon="4.9155596544408766">
    <name>348.7</name>
  </wpt>
  <wpt lat="51.6203387148232" lon="4.9150809565323152">
    <name>348.8</name>
  </wpt>
  <wpt lat="51.619555826445847" lon="4.9143862086169472">
    <name>348.9</name>
  </wpt>
  <wpt lat="51.588324147308725" lon="4.9125383332501329">
    <name>352.92</name>
  </wpt>
  <wpt lat="51.587520471879714" lon="4.9124642117920905">
    <name>353.0</name>
  </wpt>
  <wpt lat="51.586640215276958" lon="4.9127606179022578">
    <name>353.1</name>
  </wpt>
  <wpt lat="51.585763236038254" lon="4.9130751617845076">
    <name>353.2</name>
  </wpt>
  <wpt lat="51.584950832358111" lon="4.9134351237320448">
    <name>353.3</name>
  </wpt>
  <wpt lat="51.584238527416531" lon="4.913882593059947">
    <name>353.4</name>
  </wpt>
  <wpt lat="51.583833580749356" lon="4.9125968560302988">
    <name>353.5</name>
  </wpt>
  <wpt lat="51.583432249987787" lon="4.9113018504222872">
    <name>353.6</name>
  </wpt>
  <wpt lat="51.583044566030736" lon="4.909995981052071">
    <name>353.7</name>
  </wpt>
  <wpt lat="51.582651147953321" lon="4.90869492642487">
    <name>353.8</name>
  </wpt>
  <wpt lat="51.582627713473848" lon="4.9074638511520741">
    <name>353.9</name>
  </wpt>
  <wpt lat="51.5684998446355" lon="4.8222242724089064">
    <name>362.37</name>
  </wpt>
  <wpt lat="51.568252943731785" lon="4.8220227535655242">
    <name>362.4</name>
  </wpt>
  <wpt lat="51.56736167380685" lon="4.8218295839076895">
    <name>362.5</name>
  </wpt>
  <wpt lat="51.566695700474554" lon="4.8213491617427788">
    <name>362.6</name>
  </wpt>
  <wpt lat="51.567178700433978" lon="4.8204639218340857">
    <name>362.7</name>
  </wpt>
  <wpt lat="51.56806903324626" lon="4.8202598745073377">
    <name>362.8</name>
  </wpt>
  <wpt lat="51.567352495703922" lon="4.7868357506363353">
    <name>365.33</name>
  </wpt>
  <wpt lat="51.5674553902658" lon="4.7856003127213613">
    <name>365.4</name>
  </wpt>
  <wpt lat="51.567921611717466" lon="4.784409941251532">
    <name>365.5</name>
  </wpt>
  <wpt lat="51.5687886843711" lon="4.7841298744308896">
    <name>365.6</name>
  </wpt>
  <wpt lat="51.569667837369266" lon="4.78441326897857">
    <name>365.7</name>
  </wpt>
  <wpt lat="51.570504731350951" lon="4.7839019803431713">
    <name>365.8</name>
  </wpt>
  <wpt lat="51.571390342346845" lon="4.7837010047737438">
    <name>365.9</name>
  </wpt>
  <wpt lat="51.572278360259844" lon="4.7834970649498461">
    <name>366.0</name>
  </wpt>
  <wpt lat="51.5731566295511" lon="4.7832045138691974">
    <name>366.1</name>
  </wpt>
  <wpt lat="51.572016492414427" lon="4.7776220952946291">
    <name>366.62</name>
  </wpt>
  <wpt lat="51.562873453045142" lon="4.7571811592436379">
    <name>368.75</name>
  </wpt>
  <wpt lat="51.562821156052109" lon="4.7579010564751805">
    <name>368.8</name>
  </wpt>
  <wpt lat="51.563374488250787" lon="4.7586415929356995">
    <name>368.9</name>
  </wpt>
  <wpt lat="51.564065697888061" lon="4.7577290820048379">
    <name>369.0</name>
  </wpt>
  <wpt lat="51.563700497301816" lon="4.75671416857336">
    <name>369.1</name>
  </wpt>
  <wpt lat="51.562985461265548" lon="4.7572198324311881">
    <name>369.2</name>
  </wpt>
  <wpt lat="51.5657032412771" lon="4.746566759289971">
    <name>370.34</name>
  </wpt>
  <wpt lat="51.566265022675147" lon="4.7459240187852458">
    <name>370.4</name>
  </wpt>
  <wpt lat="51.567081398529922" lon="4.745336196058795">
    <name>370.5</name>
  </wpt>
  <wpt lat="51.567055556605176" lon="4.7441918270030623">
    <name>370.6</name>
  </wpt>
  <wpt lat="51.575240692371906" lon="4.7424393850497673">
    <name>371.68</name>
  </wpt>
  <wpt lat="51.575500578515211" lon="4.74211144848817">
    <name>371.7</name>
  </wpt>
  <wpt lat="51.576208118018208" lon="4.741218209943165">
    <name>371.8</name>
  </wpt>
  <wpt lat="51.576837216131466" lon="4.7402044107702173">
    <name>371.9</name>
  </wpt>
  <wpt lat="51.577311976913393" lon="4.7391470853339479">
    <name>372.0</name>
  </wpt>
  <wpt lat="51.577589861117744" lon="4.7349932459555335">
    <name>372.31</name>
  </wpt>
  <wpt lat="51.577601902248105" lon="4.7348978961490777">
    <name>372.3</name>
  </wpt>
  <wpt lat="51.577814375550076" lon="4.7334918372679908">
    <name>372.4</name>
  </wpt>
  <wpt lat="51.578030690929758" lon="4.7320871907308861">
    <name>372.5</name>
  </wpt>
  <wpt lat="51.5782477774924" lon="4.7306828442866982">
    <name>372.6</name>
  </wpt>
  <wpt lat="51.578288695943833" lon="4.7292461700089241">
    <name>372.7</name>
  </wpt>
  <wpt lat="51.578242323635578" lon="4.7278033885066888">
    <name>372.8</name>
  </wpt>
  <wpt lat="51.578141449037069" lon="4.7263656647950754">
    <name>372.9</name>
  </wpt>
  <wpt lat="51.578057278703888" lon="4.7249272774505">
    <name>373.0</name>
  </wpt>
  <wpt lat="51.578017725739663" lon="4.7234815391142062">
    <name>373.1</name>
  </wpt>
  <wpt lat="51.570446000018919" lon="4.6396559315952555">
    <name>379.91</name>
  </wpt>
  <wpt lat="51.570497814540225" lon="4.6396419999999754">
    <name>379.9</name>
  </wpt>
  <wpt lat="51.571396568923561" lon="4.6396786276667576">
    <name>380.0</name>
  </wpt>
  <wpt lat="51.571512096720582" lon="4.6390793658111793">
    <name>380.1</name>
  </wpt>
  <wpt lat="51.571343577942059" lon="4.6378598479237905">
    <name>380.2</name>
  </wpt>
  <wpt lat="51.570763021471009" lon="4.6374373218507952">
    <name>380.3</name>
  </wpt>
  <wpt lat="51.548606287770156" lon="4.5874308295406037">
    <name>389.13</name>
  </wpt>
  <wpt lat="51.549286729467106" lon="4.5870392464737426">
    <name>389.2</name>
  </wpt>
  <wpt lat="51.550142308138319" lon="4.5865936879316971">
    <name>389.3</name>
  </wpt>
  <wpt lat="51.5836421682512" lon="4.4671371875390706">
    <name>404.59</name>
  </wpt>
  <wpt lat="51.5836037750948" lon="4.4667555379120945">
    <name>404.6</name>
  </wpt>
  <wpt lat="51.583459554197894" lon="4.4653274030710817">
    <name>404.7</name>
  </wpt>
  <wpt lat="51.58358547894283" lon="4.4642209975706679">
    <name>404.8</name>
  </wpt>
  <wpt lat="51.584470174418414" lon="4.463992630186592">
    <name>404.9</name>
  </wpt>
  <wpt lat="51.585360446274741" lon="4.4637882298434137">
    <name>405.0</name>
  </wpt>
  <wpt lat="51.58557510006581" lon="4.4627425648904593">
    <name>405.1</name>
  </wpt>
  <wpt lat="51.586247882822242" lon="4.4622278309424583">
    <name>405.2</name>
  </wpt>
  <wpt lat="51.58713338862956" lon="4.46197545906134">
    <name>405.3</name>
  </wpt>
  <wpt lat="51.587463792088947" lon="4.4610903054844018">
    <name>405.4</name>
  </wpt>
  <wpt lat="51.5878599104136" lon="4.4602626106752465">
    <name>405.5</name>
  </wpt>
  <wpt lat="51.582572129110439" lon="4.4545903013924759">
    <name>406.49</name>
  </wpt>
  <wpt lat="51.582398000009988" lon="4.454664795615904">
    <name>406.5</name>
  </wpt>
  <wpt lat="51.581767594771691" lon="4.4553591607335523">
    <name>406.6</name>
  </wpt>
  <wpt lat="51.581331908744581" lon="4.4561374408591732">
    <name>406.7</name>
  </wpt>
  <wpt lat="51.581433045706618" lon="4.457574981563603">
    <name>406.8</name>
  </wpt>
  <wpt lat="51.581662879882629" lon="4.4589625300185682">
    <name>406.9</name>
  </wpt>
  <wpt lat="51.581560186078214" lon="4.4600880403893495">
    <name>407.0</name>
  </wpt>
  <wpt lat="51.580685278081376" lon="4.4603565086163011">
    <name>407.1</name>
  </wpt>
  <wpt lat="51.579848669228376" lon="4.4608873494360912">
    <name>407.2</name>
  </wpt>
  <wpt lat="51.5790590436094" lon="4.4615232182751772">
    <name>407.3</name>
  </wpt>
  <wpt lat="51.578219210469115" lon="4.4620391897906426">
    <name>407.4</name>
  </wpt>
  <wpt lat="51.577355655488731" lon="4.4624405261534177">
    <name>407.5</name>
  </wpt>
  <wpt lat="51.576547366244796" lon="4.4630472561816088">
    <name>407.6</name>
  </wpt>
  <wpt lat="51.575841799471334" lon="4.4639340244780179">
    <name>407.7</name>
  </wpt>
  <wpt lat="51.5750571304972" lon="4.46461923104475">
    <name>407.8</name>
  </wpt>
  <wpt lat="51.574394678885483" lon="4.4655841095715045">
    <name>407.9</name>
  </wpt>
  <wpt lat="51.57377356639801" lon="4.4666102393080456">
    <name>408.0</name>
  </wpt>
  <wpt lat="51.573041892993245" lon="4.4673805909138782">
    <name>408.1</name>
  </wpt>
  <wpt lat="51.5722300865639" lon="4.46798583006892">
    <name>408.2</name>
  </wpt>
  <wpt lat="51.57137555439332" lon="4.4684367713789612">
    <name>408.3</name>
  </wpt>
  <wpt lat="51.5705302210858" lon="4.4689303635372681">
    <name>408.4</name>
  </wpt>
  <wpt lat="51.569695907847624" lon="4.469461092406215">
    <name>408.5</name>
  </wpt>
  <wpt lat="51.568869063890588" lon="4.4700171266738273">
    <name>408.6</name>
  </wpt>
  <wpt lat="51.568026786800743" lon="4.4705239436568682">
    <name>408.7</name>
  </wpt>
  <wpt lat="51.567179536723735" lon="4.47100875282151">
    <name>408.8</name>
  </wpt>
  <wpt lat="51.523265281230763" lon="4.4796475368193924">
    <name>414.74</name>
  </wpt>
  <wpt lat="51.522794612931492" lon="4.4801332239786484">
    <name>414.8</name>
  </wpt>
  <wpt lat="51.522126642244686" lon="4.481091905428185">
    <name>414.9</name>
  </wpt>
  <wpt lat="51.521478842301249" lon="4.4820944602389963">
    <name>415.0</name>
  </wpt>
  <wpt lat="51.520843660223441" lon="4.4822004036203005">
    <name>415.1</name>
  </wpt>
  <wpt lat="51.520529651028639" lon="4.4808615662626439">
    <name>415.2</name>
  </wpt>
  <wpt lat="51.520282114404466" lon="4.47947214147125">
    <name>415.3</name>
  </wpt>
  <wpt lat="51.516102764494782" lon="4.4747561567472545">
    <name>416.11</name>
  </wpt>
  <wpt lat="51.516085147521984" lon="4.47466319306498">
    <name>416.1</name>
  </wpt>
  <wpt lat="51.516800056772595" lon="4.4741237378127794">
    <name>416.2</name>
  </wpt>
  <wpt lat="51.517670141432305" lon="4.4737583955024594">
    <name>416.3</name>
  </wpt>
  <wpt lat="51.518543610585738" lon="4.4734222064572045">
    <name>416.4</name>
  </wpt>
  <wpt lat="51.519321769851793" lon="4.4728271083962392">
    <name>416.5</name>
  </wpt>
  <wpt lat="51.520181603655679" lon="4.4724079933801022">
    <name>416.6</name>
  </wpt>
  <wpt lat="51.5210465099393" lon="4.4720160964121378">
    <name>416.7</name>
  </wpt>
  <wpt lat="51.521509832977543" lon="4.4726736185893232">
    <name>416.8</name>
  </wpt>
  <wpt lat="51.522361890395" lon="4.4722731654309618">
    <name>416.9</name>
  </wpt>
  <wpt lat="51.523157533863881" lon="4.4716145686818507">
    <name>417.0</name>
  </wpt>
  <wpt lat="51.5240176747436" lon="4.4711949392376091">
    <name>417.1</name>
  </wpt>
  <wpt lat="51.52486376458728" lon="4.47076203651418">
    <name>417.2</name>
  </wpt>
  <wpt lat="51.524954053511905" lon="4.4696510887502443">
    <name>417.3</name>
  </wpt>
  <wpt lat="51.524729436365988" lon="4.4682552167129428">
    <name>417.4</name>
  </wpt>
  <wpt lat="51.5246077035467" lon="4.4668232268011909">
    <name>417.5</name>
  </wpt>
  <wpt lat="51.524842034587053" lon="4.4658157008596442">
    <name>417.6</name>
  </wpt>
  <wpt lat="51.525694028879251" lon="4.4658139999999635">
    <name>417.7</name>
  </wpt>
  <wpt lat="51.531583237310628" lon="4.4597605108187555">
    <name>418.64</name>
  </wpt>
  <wpt lat="51.531988042716456" lon="4.4589599148880383">
    <name>418.7</name>
  </wpt>
  <wpt lat="51.532507630332134" lon="4.4577805743178">
    <name>418.8</name>
  </wpt>
  <wpt lat="51.533102286113859" lon="4.4567414303947368">
    <name>418.9</name>
  </wpt>
  <wpt lat="51.533014630843496" lon="4.45531334654682">
    <name>419.0</name>
  </wpt>
  <wpt lat="51.533158642183857" lon="4.4538948837417545">
    <name>419.1</name>
  </wpt>
  <wpt lat="51.533618477116967" lon="4.45266970848817">
    <name>419.2</name>
  </wpt>
  <wpt lat="51.533631412289161" lon="4.4519002729175039">
    <name>419.3</name>
  </wpt>
  <wpt lat="51.532780074194591" lon="4.451434596912863">
    <name>419.4</name>
  </wpt>
  <wpt lat="51.531924138282839" lon="4.4509930245566407">
    <name>419.5</name>
  </wpt>
  <wpt lat="51.531071086059931" lon="4.45053554264841">
    <name>419.6</name>
  </wpt>
  <wpt lat="51.530214015335716" lon="4.4500976851005669">
    <name>419.7</name>
  </wpt>
  <wpt lat="51.53014774515718" lon="4.4487812954070867">
    <name>419.8</name>
  </wpt>
  <wpt lat="51.530217326196976" lon="4.4473400219754895">
    <name>419.9</name>
  </wpt>
  <wpt lat="51.513610853418086" lon="4.4272383156891344">
    <name>422.89</name>
  </wpt>
  <wpt lat="51.513474066419796" lon="4.42692221089385">
    <name>422.9</name>
  </wpt>
  <wpt lat="51.512802874275422" lon="4.4259700088417109">
    <name>423.0</name>
  </wpt>
  <wpt lat="51.512118164769269" lon="4.4250333849509884">
    <name>423.1</name>
  </wpt>
  <wpt lat="51.51146968641455" lon="4.4240321961978779">
    <name>423.2</name>
  </wpt>
  <wpt lat="51.510729356762624" lon="4.4232192613311261">
    <name>423.3</name>
  </wpt>
  <wpt lat="51.510059049825543" lon="4.4222570958232152">
    <name>423.4</name>
  </wpt>
  <wpt lat="51.509402433189038" lon="4.4212708458761139">
    <name>423.5</name>
  </wpt>
  <wpt lat="51.50890648637786" lon="4.4200672642597345">
    <name>423.6</name>
  </wpt>
  <wpt lat="51.508477027597749" lon="4.4187977297305192">
    <name>423.7</name>
  </wpt>
  <wpt lat="51.508047613488294" lon="4.4175281655260665">
    <name>423.8</name>
  </wpt>
  <wpt lat="51.507473633483087" lon="4.4164532683027637">
    <name>423.9</name>
  </wpt>
  <wpt lat="51.42325538366476" lon="4.3316600000000349">
    <name>446.18</name>
  </wpt>
  <wpt lat="51.423254754344278" lon="4.3311510249754273">
    <name>446.2</name>
  </wpt>
  <wpt lat="51.42319179098503" lon="4.3297145832065818">
    <name>446.3</name>
  </wpt>
  <wpt lat="51.423050910761354" lon="4.3282903344606085">
    <name>446.4</name>
  </wpt>
  <wpt lat="51.422914300335542" lon="4.326864917898618">
    <name>446.5</name>
  </wpt>
  <wpt lat="51.422786198618965" lon="4.3254374108388465">
    <name>446.6</name>
  </wpt>
  <wpt lat="51.422606855127476" lon="4.3240556956496112">
    <name>446.7</name>
  </wpt>
  <wpt lat="51.4230263149495" lon="4.323325992411255">
    <name>446.8</name>
  </wpt>
  <wpt lat="51.423917773972491" lon="4.3235060000000063">
    <name>446.9</name>
  </wpt>
  <wpt lat="51.424775586276731" lon="4.3231104020139375">
    <name>447.0</name>
  </wpt>
  <wpt lat="51.425596260761012" lon="4.3225324161475127">
    <name>447.1</name>
  </wpt>
  <wpt lat="51.426377580714558" lon="4.3218203496001655">
    <name>447.2</name>
  </wpt>
  <wpt lat="51.427151824621681" lon="4.3210890668515365">
    <name>447.3</name>
  </wpt>
  <wpt lat="51.427842507593979" lon="4.3201653939840634">
    <name>447.4</name>
  </wpt>
  <wpt lat="51.428551493809948" lon="4.3192944744741739">
    <name>447.5</name>
  </wpt>
  <wpt lat="51.429342983417364" lon="4.318895470084219">
    <name>447.6</name>
  </wpt>
  <wpt lat="51.43024194816698" lon="4.3188548390045076">
    <name>447.7</name>
  </wpt>
  <wpt lat="51.431140995462513" lon="4.3188215830933094">
    <name>447.8</name>
  </wpt>
  <wpt lat="51.432039970576263" lon="4.3187859999999691">
    <name>447.9</name>
  </wpt>
  <wpt lat="51.432939094305183" lon="4.318762315614407">
    <name>448.0</name>
  </wpt>
  <wpt lat="51.433838000784917" lon="4.3187190563095417">
    <name>448.1</name>
  </wpt>
  <wpt lat="51.434737226845847" lon="4.3186999999999856">
    <name>448.2</name>
  </wpt>
  <wpt lat="51.435581073000158" lon="4.3183955864200119">
    <name>448.3</name>
  </wpt>
  <wpt lat="51.436464670240156" lon="4.3181291196622809">
    <name>448.4</name>
  </wpt>
  <wpt lat="51.437358913187573" lon="4.3180179654249651">
    <name>448.5</name>
  </wpt>
  <wpt lat="51.438254852013216" lon="4.3181429699940335">
    <name>448.6</name>
  </wpt>
  <wpt lat="51.439123650519093" lon="4.3179723500785725">
    <name>448.7</name>
  </wpt>
  <wpt lat="51.439879480145692" lon="4.3171917978702306">
    <name>448.8</name>
  </wpt>
  <wpt lat="51.440602604147138" lon="4.3163340558497705">
    <name>448.9</name>
  </wpt>
  <wpt lat="51.441337957102462" lon="4.3155115979409437">
    <name>449.0</name>
  </wpt>
  <wpt lat="51.442193502881466" lon="4.3150669376830066">
    <name>449.1</name>
  </wpt>
  <wpt lat="51.442385163753237" lon="4.3140310950264977">
    <name>449.2</name>
  </wpt>
  <wpt lat="51.44183211962838" lon="4.31294290254897">
    <name>449.3</name>
  </wpt>
  <wpt lat="51.442692678292666" lon="4.3125662033321026">
    <name>449.4</name>
  </wpt>
  <wpt lat="51.475548764691084" lon="4.2907708924230636">
    <name>454.85</name>
  </wpt>
  <wpt lat="51.475427680991" lon="4.2898272911607389">
    <name>454.9</name>
  </wpt>
  <wpt lat="51.475476174187058" lon="4.288397503549219">
    <name>455.0</name>
  </wpt>
  <wpt lat="51.475683797015847" lon="4.287119695745492">
    <name>455.1</name>
  </wpt>
  <wpt lat="51.474985532868665" lon="4.2862475644617746">
    <name>455.2</name>
  </wpt>
  <wpt lat="51.474569074989127" lon="4.2849920359613689">
    <name>455.3</name>
  </wpt>
  <wpt lat="51.4751533684228" lon="4.2842883796035238">
    <name>455.4</name>
  </wpt>
  <wpt lat="51.476007595878727" lon="4.2838369685908981">
    <name>455.5</name>
  </wpt>
  <wpt lat="51.476862884314379" lon="4.2833909644144654">
    <name>455.6</name>
  </wpt>
  <wpt lat="51.477713955395551" lon="4.282924388414119">
    <name>455.7</name>
  </wpt>
  <wpt lat="51.478571347291677" lon="4.2824910542906345">
    <name>455.8</name>
  </wpt>
  <wpt lat="51.4783519433586" lon="4.2811902186249284">
    <name>455.9</name>
  </wpt>
  <wpt lat="51.479018121385089" lon="4.28057517768512">
    <name>456.0</name>
  </wpt>
  <wpt lat="51.479872591257489" lon="4.2801255410858339">
    <name>456.1</name>
  </wpt>
  <wpt lat="51.480712268346615" lon="4.2800579955339044">
    <name>456.2</name>
  </wpt>
  <wpt lat="51.483107747829472" lon="4.2801801827794428">
    <name>456.55</name>
  </wpt>
  <wpt lat="51.483294989622934" lon="4.2810177273045777">
    <name>456.6</name>
  </wpt>
  <wpt lat="51.483609480400304" lon="4.2823639475512">
    <name>456.7</name>
  </wpt>
  <wpt lat="51.48440363859148" lon="4.2824507745862892">
    <name>456.8</name>
  </wpt>
  <wpt lat="51.48529335902289" lon="4.2822634530920034">
    <name>456.9</name>
  </wpt>
  <wpt lat="51.4861898704953" lon="4.282307812263312">
    <name>457.0</name>
  </wpt>
  <wpt lat="51.487036097398466" lon="4.2827632248895382">
    <name>457.1</name>
  </wpt>
  <wpt lat="51.487831180798167" lon="4.2834339304278135">
    <name>457.2</name>
  </wpt>
  <wpt lat="51.48852963504919" lon="4.2843426257582635">
    <name>457.3</name>
  </wpt>
  <wpt lat="51.489193507322021" lon="4.2853167904231961">
    <name>457.4</name>
  </wpt>
  <wpt lat="51.489830468976656" lon="4.2855381774353631">
    <name>457.5</name>
  </wpt>
  <wpt lat="51.493320469679432" lon="4.28679953042846">
    <name>458.22</name>
  </wpt>
  <wpt lat="51.493972807222328" lon="4.28722794186121">
    <name>458.3</name>
  </wpt>
  <wpt lat="51.494596183694469" lon="4.2862550392972683">
    <name>458.4</name>
  </wpt>
  <wpt lat="51.495187365480625" lon="4.2851666794788">
    <name>458.5</name>
  </wpt>
  <wpt lat="51.495982570072456" lon="4.2845304110795039">
    <name>458.6</name>
  </wpt>
  <wpt lat="51.496852073327091" lon="4.2841746140719863">
    <name>458.7</name>
  </wpt>
  <wpt lat="51.498783654441915" lon="4.2825406489541749">
    <name>458.97</name>
  </wpt>
  <wpt lat="51.499019570587762" lon="4.2829417147683833">
    <name>459.0</name>
  </wpt>
  <wpt lat="51.499494219567175" lon="4.2822129847853567">
    <name>459.1</name>
  </wpt>
  <wpt lat="51.511401592134263" lon="4.2790236446108727">
    <name>460.55</name>
  </wpt>
  <wpt lat="51.511959355037568" lon="4.2787585594658415">
    <name>460.6</name>
  </wpt>
  <wpt lat="51.5212010000066" lon="4.275166915323342">
    <name>461.69</name>
  </wpt>
  <wpt lat="51.521121874986818" lon="4.2748248749758142">
    <name>461.7</name>
  </wpt>
  <wpt lat="51.521263387312395" lon="4.27346884009478">
    <name>461.8</name>
  </wpt>
  <wpt lat="51.522000044377769" lon="4.27280548850456">
    <name>461.9</name>
  </wpt>
  <wpt lat="51.522739008980125" lon="4.27198628224258">
    <name>462.0</name>
  </wpt>
  <wpt lat="51.523479616085822" lon="4.2711673853927952">
    <name>462.1</name>
  </wpt>
  <wpt lat="51.524257750127809" lon="4.2704446545528754">
    <name>462.2</name>
  </wpt>
  <wpt lat="51.525055225973205" lon="4.2697768558069811">
    <name>462.3</name>
  </wpt>
  <wpt lat="51.525903263526629" lon="4.2693028682578689">
    <name>462.4</name>
  </wpt>
  <wpt lat="51.526744766796824" lon="4.268804497585152">
    <name>462.5</name>
  </wpt>
  <wpt lat="51.527563109142356" lon="4.2682097184736705">
    <name>462.6</name>
  </wpt>
  <wpt lat="51.528387275016463" lon="4.2676322304927">
    <name>462.7</name>
  </wpt>
  <wpt lat="51.5291562092886" lon="4.2680174681226486">
    <name>462.8</name>
  </wpt>
  <wpt lat="51.529908452503115" lon="4.2688064521578317">
    <name>462.9</name>
  </wpt>
  <wpt lat="51.53052138530208" lon="4.26972489231018">
    <name>463.0</name>
  </wpt>
  <wpt lat="51.5309514280407" lon="4.2709943926730123">
    <name>463.1</name>
  </wpt>
  <wpt lat="51.531362929067306" lon="4.27227978689352">
    <name>463.2</name>
  </wpt>
  <wpt lat="51.532215810579281" lon="4.2721491194248031">
    <name>463.3</name>
  </wpt>
  <wpt lat="51.53310091498404" lon="4.2718939534803395">
    <name>463.4</name>
  </wpt>
  <wpt lat="51.533986053768743" lon="4.2716390859335815">
    <name>463.5</name>
  </wpt>
  <wpt lat="51.534876409164916" lon="4.2714499999999713">
    <name>463.6</name>
  </wpt>
  <wpt lat="51.535775638206005" lon="4.2714363277256444">
    <name>463.7</name>
  </wpt>
  <wpt lat="51.536674683368759" lon="4.2714018613729907">
    <name>463.8</name>
  </wpt>
  <wpt lat="51.537573440886433" lon="4.2713639999999877">
    <name>463.9</name>
  </wpt>
  <wpt lat="51.538472552946118" lon="4.2713430000000319">
    <name>464.0</name>
  </wpt>
  <wpt lat="51.5393709143917" lon="4.2712857724757747">
    <name>464.1</name>
  </wpt>
  <wpt lat="51.540269783503675" lon="4.271246923060966">
    <name>464.2</name>
  </wpt>
  <wpt lat="51.541129399603008" lon="4.2708530672866729">
    <name>464.3</name>
  </wpt>
  <wpt lat="51.541861838525932" lon="4.2700299104847952">
    <name>464.4</name>
  </wpt>
  <wpt lat="51.542542516950618" lon="4.2690848825043144">
    <name>464.5</name>
  </wpt>
  <wpt lat="51.543220772212443" lon="4.2681353366234633">
    <name>464.6</name>
  </wpt>
  <wpt lat="51.543906890948065" lon="4.2672007295179863">
    <name>464.7</name>
  </wpt>
  <wpt lat="51.544610582853366" lon="4.26630040163242">
    <name>464.8</name>
  </wpt>
  <wpt lat="51.545374927763582" lon="4.2658305903916984">
    <name>464.9</name>
  </wpt>
  <wpt lat="51.545963172317265" lon="4.2669223441033264">
    <name>465.0</name>
  </wpt>
  <wpt lat="51.546432311276149" lon="4.268139214155636">
    <name>465.1</name>
  </wpt>
  <wpt lat="51.546944889456007" lon="4.2693140414134421">
    <name>465.2</name>
  </wpt>
  <wpt lat="51.547480643115115" lon="4.2704633754909045">
    <name>465.3</name>
  </wpt>
  <wpt lat="51.547616000304714" lon="4.2718681228195319">
    <name>465.4</name>
  </wpt>
  <wpt lat="51.548125801979808" lon="4.2728667821867123">
    <name>465.5</name>
  </wpt>
  <wpt lat="51.549020810138" lon="4.272840409356137">
    <name>465.6</name>
  </wpt>
  <wpt lat="51.54975649181258" lon="4.272733397717098">
    <name>465.7</name>
  </wpt>
  <wpt lat="51.550322264143944" lon="4.273857255404188">
    <name>465.8</name>
  </wpt>
  <wpt lat="51.550909599314842" lon="4.2749524836471826">
    <name>465.9</name>
  </wpt>
  <wpt lat="51.551522784930341" lon="4.2760098630064238">
    <name>466.0</name>
  </wpt>
  <wpt lat="51.552159280626952" lon="4.27702849647725">
    <name>466.1</name>
  </wpt>
  <wpt lat="51.552676082589151" lon="4.2782121587701267">
    <name>466.2</name>
  </wpt>
  <wpt lat="51.553223626990736" lon="4.2793511657066361">
    <name>466.3</name>
  </wpt>
  <wpt lat="51.554012818793559" lon="4.2800438997569668">
    <name>466.4</name>
  </wpt>
  <wpt lat="51.554748904119634" lon="4.2808440587365677">
    <name>466.5</name>
  </wpt>
  <wpt lat="51.555219004518662" lon="4.2820771185368631">
    <name>466.6</name>
  </wpt>
  <wpt lat="51.555689851185811" lon="4.2833094537749465">
    <name>466.7</name>
  </wpt>
  <wpt lat="51.55617251158278" lon="4.2845291002701247">
    <name>466.8</name>
  </wpt>
  <wpt lat="51.557002752023742" lon="4.2850781030052056">
    <name>466.9</name>
  </wpt>
  <wpt lat="51.55784229250856" lon="4.2855959765968974">
    <name>467.0</name>
  </wpt>
  <wpt lat="51.55865606745499" lon="4.2862115233424039">
    <name>467.1</name>
  </wpt>
  <wpt lat="51.5594686285409" lon="4.2868313765505013">
    <name>467.2</name>
  </wpt>
  <wpt lat="51.56028049651708" lon="4.2874536189286818">
    <name>467.3</name>
  </wpt>
  <wpt lat="51.561038800680123" lon="4.2878361353342616">
    <name>467.4</name>
  </wpt>
  <wpt lat="51.561794143254765" lon="4.2870612541694166">
    <name>467.5</name>
  </wpt>
  <wpt lat="51.562603238702252" lon="4.2864312242102223">
    <name>467.6</name>
  </wpt>
  <wpt lat="51.563445711176335" lon="4.2859277002072957">
    <name>467.7</name>
  </wpt>
  <wpt lat="51.564312564026054" lon="4.285546719376061">
    <name>467.8</name>
  </wpt>
  <wpt lat="51.565199952653977" lon="4.2853329176417825">
    <name>467.9</name>
  </wpt>
  <wpt lat="51.566097833981864" lon="4.2852518296383382">
    <name>468.0</name>
  </wpt>
  <wpt lat="51.566995930452634" lon="4.2851763374731835">
    <name>468.1</name>
  </wpt>
  <wpt lat="51.567894157836719" lon="4.2851054644518163">
    <name>468.2</name>
  </wpt>
  <wpt lat="51.568792798965063" lon="4.2850491914939495">
    <name>468.3</name>
  </wpt>
  <wpt lat="51.569691440093408" lon="4.2849929174237538">
    <name>468.4</name>
  </wpt>
  <wpt lat="51.570590043653887" lon="4.2849351113517136">
    <name>468.5</name>
  </wpt>
  <wpt lat="51.571488144523634" lon="4.2848601581175556">
    <name>468.6</name>
  </wpt>
  <wpt lat="51.572386682264629" lon="4.2848055403791721">
    <name>468.7</name>
  </wpt>
  <wpt lat="51.573285848596619" lon="4.2847786530020233">
    <name>468.8</name>
  </wpt>
  <wpt lat="51.573369968322282" lon="4.28352608120367">
    <name>468.9</name>
  </wpt>
  <wpt lat="51.574160188430788" lon="4.2833855677796588">
    <name>469.0</name>
  </wpt>
  <wpt lat="51.574988237021607" lon="4.2837205866616976">
    <name>469.1</name>
  </wpt>
  <wpt lat="51.574978344483377" lon="4.2851515965169229">
    <name>469.2</name>
  </wpt>
  <wpt lat="51.574907944656" lon="4.28659397571726">
    <name>469.3</name>
  </wpt>
  <wpt lat="51.574175167503313" lon="4.2871254238613714">
    <name>469.4</name>
  </wpt>
  <wpt lat="51.573504328188953" lon="4.2875266131704617">
    <name>469.5</name>
  </wpt>
  <wpt lat="51.573551412117" lon="4.2889716237257192">
    <name>469.6</name>
  </wpt>
  <wpt lat="51.573593665967927" lon="4.2904170034960485">
    <name>469.7</name>
  </wpt>
  <wpt lat="51.573635991952443" lon="4.2918623003007177">
    <name>469.8</name>
  </wpt>
  <wpt lat="51.573680998930712" lon="4.2933072679702917">
    <name>469.9</name>
  </wpt>
  <wpt lat="51.573729964557437" lon="4.2947520445711724">
    <name>470.0</name>
  </wpt>
  <wpt lat="51.573772762139846" lon="4.2961972519302991">
    <name>470.1</name>
  </wpt>
  <wpt lat="51.573822007109094" lon="4.2976420251768905">
    <name>470.2</name>
  </wpt>
  <wpt lat="51.573865250162136" lon="4.2990873565171936">
    <name>470.3</name>
  </wpt>
  <wpt lat="51.573916940687653" lon="4.3005319194336531">
    <name>470.4</name>
  </wpt>
  <wpt lat="51.573967337458043" lon="4.3019766538444">
    <name>470.5</name>
  </wpt>
  <wpt lat="51.574019151779517" lon="4.3034212521586523">
    <name>470.6</name>
  </wpt>
  <wpt lat="51.574060670807839" lon="4.3048664272102641">
    <name>470.7</name>
  </wpt>
  <wpt lat="51.574095250683357" lon="4.3063121632716213">
    <name>470.8</name>
  </wpt>
  <wpt lat="51.574147411659034" lon="4.3077567412574975">
    <name>470.9</name>
  </wpt>
  <wpt lat="51.574198661392685" lon="4.3091997956941732">
    <name>471.0</name>
  </wpt>
  <wpt lat="51.573978854821895" lon="4.3102758451016525">
    <name>471.1</name>
  </wpt>
  <wpt lat="51.57312900001947" lon="4.3106152650797434">
    <name>471.2</name>
  </wpt>
  <wpt lat="51.578085000238531" lon="4.3170561197722579">
    <name>472.42</name>
  </wpt>
  <wpt lat="51.578901788143519" lon="4.31704796892661">
    <name>472.5</name>
  </wpt>
  <wpt lat="51.585365299177774" lon="4.3159428506905142">
    <name>473.42</name>
  </wpt>
  <wpt lat="51.586191516804952" lon="4.3157948463862565">
    <name>473.5</name>
  </wpt>
  <wpt lat="51.628069575482812" lon="4.3640460677917181">
    <name>479.77</name>
  </wpt>
  <wpt lat="51.628339959538906" lon="4.36369636522904">
    <name>479.8</name>
  </wpt>
  <wpt lat="51.629207691217317" lon="4.3638897271206174">
    <name>479.9</name>
  </wpt>
  <wpt lat="51.63004117945993" lon="4.3644313845733063">
    <name>480.0</name>
  </wpt>
  <wpt lat="51.630866056273582" lon="4.3650082437183118">
    <name>480.1</name>
  </wpt>
  <wpt lat="51.631693359915914" lon="4.36557634246757">
    <name>480.2</name>
  </wpt>
  <wpt lat="51.632522925438451" lon="4.3661347827765553">
    <name>480.3</name>
  </wpt>
  <wpt lat="51.633350570614589" lon="4.3667013786780018">
    <name>480.4</name>
  </wpt>
  <wpt lat="51.634135649398168" lon="4.3673770821156808">
    <name>480.5</name>
  </wpt>
  <wpt lat="51.63464363365555" lon="4.3685682977755596">
    <name>480.6</name>
  </wpt>
  <wpt lat="51.635174866076213" lon="4.3696675377921181">
    <name>480.7</name>
  </wpt>
  <wpt lat="51.635727657577156" lon="4.3706752175933286">
    <name>480.8</name>
  </wpt>
  <wpt lat="51.63627527678598" lon="4.37181893857354">
    <name>480.9</name>
  </wpt>
  <wpt lat="51.637015400665035" lon="4.3726307800986168">
    <name>481.0</name>
  </wpt>
  <wpt lat="51.637720782194506" lon="4.3729823410243833">
    <name>481.1</name>
  </wpt>
  <wpt lat="51.6382063947466" lon="4.3739021148850874">
    <name>481.2</name>
  </wpt>
  <wpt lat="51.638688621332356" lon="4.3751203757754356">
    <name>481.3</name>
  </wpt>
  <wpt lat="51.6392240866409" lon="4.3762845997276258">
    <name>481.4</name>
  </wpt>
  <wpt lat="51.639752898399252" lon="4.3774565560539314">
    <name>481.5</name>
  </wpt>
  <wpt lat="51.640257243630856" lon="4.3786560685513969">
    <name>481.6</name>
  </wpt>
  <wpt lat="51.640759680725424" lon="4.3798568733477188">
    <name>481.7</name>
  </wpt>
  <wpt lat="51.641297359416839" lon="4.3810184987593566">
    <name>481.8</name>
  </wpt>
  <wpt lat="51.641850592599845" lon="4.3821602692299582">
    <name>481.9</name>
  </wpt>
  <wpt lat="51.642488528033461" lon="4.3831674550455313">
    <name>482.0</name>
  </wpt>
  <wpt lat="51.64292636148194" lon="4.3844170990318547">
    <name>482.1</name>
  </wpt>
  <wpt lat="51.643317586531616" lon="4.38572200060671">
    <name>482.2</name>
  </wpt>
  <wpt lat="51.643719303612343" lon="4.3870185571662583">
    <name>482.3</name>
  </wpt>
  <wpt lat="51.643778435911074" lon="4.3883555376926831">
    <name>482.4</name>
  </wpt>
  <wpt lat="51.643855441683058" lon="4.38965467632199">
    <name>482.5</name>
  </wpt>
  <wpt lat="51.644505950865231" lon="4.3906366178616283">
    <name>482.6</name>
  </wpt>
  <wpt lat="51.645212624754279" lon="4.3915233229477453">
    <name>482.7</name>
  </wpt>
  <wpt lat="51.645981374517817" lon="4.39222488540772">
    <name>482.8</name>
  </wpt>
  <wpt lat="51.646724884332393" lon="4.39290906052403">
    <name>482.9</name>
  </wpt>
  <wpt lat="51.647312046401581" lon="4.39399153419702">
    <name>483.0</name>
  </wpt>
  <wpt lat="51.648090806482195" lon="4.3947065123471711">
    <name>483.1</name>
  </wpt>
  <wpt lat="51.648648527764571" lon="4.3958295726931205">
    <name>483.2</name>
  </wpt>
  <wpt lat="51.648895014417469" lon="4.3972151757715343">
    <name>483.3</name>
  </wpt>
  <wpt lat="51.649090566972575" lon="4.3986298980673029">
    <name>483.4</name>
  </wpt>
  <wpt lat="51.649117196359676" lon="4.3998621820217148">
    <name>483.5</name>
  </wpt>
  <wpt lat="51.649185236320058" lon="4.4010100405880559">
    <name>483.6</name>
  </wpt>
  <wpt lat="51.649316724676147" lon="4.4024248641598094">
    <name>483.7</name>
  </wpt>
  <wpt lat="51.649287108669981" lon="4.4038734905113026">
    <name>483.8</name>
  </wpt>
  <wpt lat="51.649615707980765" lon="4.405139681381395">
    <name>483.9</name>
  </wpt>
  <wpt lat="51.650321858892916" lon="4.4060347631831265">
    <name>484.0</name>
  </wpt>
  <wpt lat="51.650992522962717" lon="4.40700043723785">
    <name>484.1</name>
  </wpt>
  <wpt lat="51.651659365397734" lon="4.4079729607168225">
    <name>484.2</name>
  </wpt>
  <wpt lat="51.652324837839764" lon="4.4089479486746956">
    <name>484.3</name>
  </wpt>
  <wpt lat="51.652990310281695" lon="4.4099229509472018">
    <name>484.4</name>
  </wpt>
  <wpt lat="51.65375063747814" lon="4.4104498825114078">
    <name>484.5</name>
  </wpt>
  <wpt lat="51.654629891098772" lon="4.4101453653193436">
    <name>484.6</name>
  </wpt>
  <wpt lat="51.655509488542791" lon="4.4098484256118429">
    <name>484.7</name>
  </wpt>
  <wpt lat="51.656404699336889" lon="4.409838041732848">
    <name>484.8</name>
  </wpt>
  <wpt lat="51.65714086751354" lon="4.41038329616439">
    <name>484.9</name>
  </wpt>
  <wpt lat="51.656689348993389" lon="4.411635736556474">
    <name>485.0</name>
  </wpt>
  <wpt lat="51.656345382783975" lon="4.412969790676418">
    <name>485.1</name>
  </wpt>
  <wpt lat="51.655907625450887" lon="4.414217014368818">
    <name>485.2</name>
  </wpt>
  <wpt lat="51.655357294646549" lon="4.4153628044890549">
    <name>485.3</name>
  </wpt>
  <wpt lat="51.65480760119506" lon="4.4165100862928979">
    <name>485.4</name>
  </wpt>
  <wpt lat="51.654275931773569" lon="4.4176786319479815">
    <name>485.5</name>
  </wpt>
  <wpt lat="51.653799114253786" lon="4.41890767994367">
    <name>485.6</name>
  </wpt>
  <wpt lat="51.653337000017714" lon="4.4200056676043555">
    <name>485.7</name>
  </wpt>
  <wpt lat="51.653114379721174" lon="4.4212680176305081">
    <name>485.8</name>
  </wpt>
  <wpt lat="51.653911845250185" lon="4.4219380942669684">
    <name>485.9</name>
  </wpt>
  <wpt lat="51.654707908052259" lon="4.42261231274112">
    <name>486.0</name>
  </wpt>
  <wpt lat="51.655487753008032" lon="4.4233342856708386">
    <name>486.1</name>
  </wpt>
  <wpt lat="51.656251285803037" lon="4.42409896102134">
    <name>486.2</name>
  </wpt>
  <wpt lat="51.656931283500072" lon="4.4250444291559843">
    <name>486.3</name>
  </wpt>
  <wpt lat="51.65759236219376" lon="4.4260271977333741">
    <name>486.4</name>
  </wpt>
  <wpt lat="51.658264583781254" lon="4.4269902090217137">
    <name>486.5</name>
  </wpt>
  <wpt lat="51.658936805368654" lon="4.4279532345953738">
    <name>486.6</name>
  </wpt>
  <wpt lat="51.6596615384876" lon="4.4288051114464446">
    <name>486.7</name>
  </wpt>
  <wpt lat="51.660461985207178" lon="4.429464656798686">
    <name>486.8</name>
  </wpt>
  <wpt lat="51.661293005281088" lon="4.4300188600055987">
    <name>486.9</name>
  </wpt>
  <wpt lat="51.662098802371624" lon="4.4306543912597967">
    <name>487.0</name>
  </wpt>
  <wpt lat="51.66285957792811" lon="4.431427547158453">
    <name>487.1</name>
  </wpt>
  <wpt lat="51.663617266518891" lon="4.4322085036497976">
    <name>487.2</name>
  </wpt>
  <wpt lat="51.664376746474574" lon="4.43298497293287">
    <name>487.3</name>
  </wpt>
  <wpt lat="51.66513682040474" lon="4.4337599592131642">
    <name>487.4</name>
  </wpt>
  <wpt lat="51.665896894334836" lon="4.4345349584951581">
    <name>487.5</name>
  </wpt>
  <wpt lat="51.666656968264881" lon="4.4353099707795653">
    <name>487.6</name>
  </wpt>
  <wpt lat="51.667416382391174" lon="4.4360866739613414">
    <name>487.7</name>
  </wpt>
  <wpt lat="51.668117594458757" lon="4.4363705927230574">
    <name>487.8</name>
  </wpt>
  <wpt lat="51.668718511050187" lon="4.4352918012900764">
    <name>487.9</name>
  </wpt>
  <wpt lat="51.66946092619893" lon="4.4345100500056986">
    <name>488.0</name>
  </wpt>
  <wpt lat="51.670280679919678" lon="4.4339137151900658">
    <name>488.1</name>
  </wpt>
  <wpt lat="51.671099605271195" lon="4.4333144340133055">
    <name>488.2</name>
  </wpt>
  <wpt lat="51.671920812729475" lon="4.43272330858096">
    <name>488.3</name>
  </wpt>
  <wpt lat="51.672747470445721" lon="4.4321559758588824">
    <name>488.4</name>
  </wpt>
  <wpt lat="51.673605789220581" lon="4.4317389999999595">
    <name>488.5</name>
  </wpt>
  <wpt lat="51.67441585056487" lon="4.432309243766082">
    <name>488.6</name>
  </wpt>
  <wpt lat="51.675198653651123" lon="4.4330226535993758">
    <name>488.7</name>
  </wpt>
  <wpt lat="51.675677334138427" lon="4.4320496636098738">
    <name>488.8</name>
  </wpt>
  <wpt lat="51.676199366251751" lon="4.43131126752495">
    <name>488.9</name>
  </wpt>
  <wpt lat="51.6769602590964" lon="4.4320260993487226">
    <name>489.0</name>
  </wpt>
  <wpt lat="51.677748887146542" lon="4.4327027096098668">
    <name>489.1</name>
  </wpt>
  <wpt lat="51.677656437213408" lon="4.4338499584485076">
    <name>489.2</name>
  </wpt>
  <wpt lat="51.677570982596123" lon="4.435004796203998">
    <name>489.3</name>
  </wpt>
  <wpt lat="51.678301108248561" lon="4.4355106926977728">
    <name>489.4</name>
  </wpt>
  <wpt lat="51.6789640057003" lon="4.4364352910330727">
    <name>489.5</name>
  </wpt>
  <wpt lat="51.679742446395188" lon="4.4371615306959287">
    <name>489.6</name>
  </wpt>
  <wpt lat="51.680520880594194" lon="4.43788783223121">
    <name>489.7</name>
  </wpt>
  <wpt lat="51.681297969892725" lon="4.43861790004113">
    <name>489.8</name>
  </wpt>
  <wpt lat="51.68207505919122" lon="4.4393479803807061">
    <name>489.9</name>
  </wpt>
  <wpt lat="51.68285214848963" lon="4.4400780732505476">
    <name>490.0</name>
  </wpt>
  <wpt lat="51.683629175805976" lon="4.4408083500415358">
    <name>490.1</name>
  </wpt>
  <wpt lat="51.684413102146578" lon="4.4413798028371509">
    <name>490.2</name>
  </wpt>
  <wpt lat="51.685176487951381" lon="4.4421409937645064">
    <name>490.3</name>
  </wpt>
  <wpt lat="51.685972226102649" lon="4.4428130273559576">
    <name>490.4</name>
  </wpt>
  <wpt lat="51.686655870146147" lon="4.4435604257643764">
    <name>490.5</name>
  </wpt>
  <wpt lat="51.687536901055822" lon="4.4437980000000339">
    <name>490.6</name>
  </wpt>
  <wpt lat="51.688396519121277" lon="4.4434196107885668">
    <name>490.7</name>
  </wpt>
  <wpt lat="51.689151411842438" lon="4.4426405057214104">
    <name>490.8</name>
  </wpt>
  <wpt lat="51.689010363750683" lon="4.4415938404518469">
    <name>490.9</name>
  </wpt>
  <wpt lat="51.689609010544594" lon="4.4412049606811026">
    <name>491.0</name>
  </wpt>
  <wpt lat="51.690363351321842" lon="4.4417593766609151">
    <name>491.1</name>
  </wpt>
  <wpt lat="51.691170277260348" lon="4.4411418902678257">
    <name>491.2</name>
  </wpt>
  <wpt lat="51.691703768402533" lon="4.4399795562696216">
    <name>491.3</name>
  </wpt>
  <wpt lat="51.691965120848693" lon="4.4388583030703659">
    <name>491.4</name>
  </wpt>
  <wpt lat="51.692102509314729" lon="4.4380394265603558">
    <name>491.5</name>
  </wpt>
  <wpt lat="51.69274684268882" lon="4.438882406175189">
    <name>491.6</name>
  </wpt>
  <wpt lat="51.693485451588387" lon="4.4397098579589231">
    <name>491.7</name>
  </wpt>
  <wpt lat="51.693905283617852" lon="4.4406017967118885">
    <name>491.8</name>
  </wpt>
  <wpt lat="51.693810330019616" lon="4.44146718026168">
    <name>491.9</name>
  </wpt>
  <wpt lat="51.694338598198129" lon="4.4402993789646832">
    <name>492.0</name>
  </wpt>
  <wpt lat="51.695027727950631" lon="4.4406053719434828">
    <name>492.1</name>
  </wpt>
  <wpt lat="51.695806960651517" lon="4.4409180397487358">
    <name>492.2</name>
  </wpt>
  <wpt lat="51.696261276853747" lon="4.4398407235962472">
    <name>492.3</name>
  </wpt>
  <wpt lat="51.695814386069848" lon="4.4386111629394165">
    <name>492.4</name>
  </wpt>
  <wpt lat="51.695679562760994" lon="4.4371815373700842">
    <name>492.5</name>
  </wpt>
  <wpt lat="51.696059595237024" lon="4.4359837240655864">
    <name>492.6</name>
  </wpt>
  <wpt lat="51.696457755925444" lon="4.43470349979478">
    <name>492.7</name>
  </wpt>
  <wpt lat="51.696435959847456" lon="4.4332546223340668">
    <name>492.8</name>
  </wpt>
  <wpt lat="51.696380810606058" lon="4.4318082045976057">
    <name>492.9</name>
  </wpt>
  <wpt lat="51.696360000267347" lon="4.4303579721507784">
    <name>493.0</name>
  </wpt>
  <wpt lat="51.696553774795817" lon="4.4289437207256981">
    <name>493.1</name>
  </wpt>
  <wpt lat="51.696749863793968" lon="4.4275278953012043">
    <name>493.2</name>
  </wpt>
  <wpt lat="51.69683359124803" lon="4.4260956984776278">
    <name>493.3</name>
  </wpt>
  <wpt lat="51.696416643829707" lon="4.42483589438199">
    <name>493.4</name>
  </wpt>
  <wpt lat="51.695838223478596" lon="4.4237250307192486">
    <name>493.5</name>
  </wpt>
  <wpt lat="51.695239547632653" lon="4.4226424768362325">
    <name>493.6</name>
  </wpt>
  <wpt lat="51.694649731394108" lon="4.4215476556088715">
    <name>493.7</name>
  </wpt>
  <wpt lat="51.694060555486658" lon="4.4204519121049248">
    <name>493.8</name>
  </wpt>
  <wpt lat="51.693464218524568" lon="4.4193659948230923">
    <name>493.9</name>
  </wpt>
  <wpt lat="51.692876314406988" lon="4.4182681082027768">
    <name>494.0</name>
  </wpt>
  <wpt lat="51.692288585597176" lon="4.4171699915215932">
    <name>494.1</name>
  </wpt>
  <wpt lat="51.691590631663658" lon="4.4176839079260795">
    <name>494.2</name>
  </wpt>
  <wpt lat="51.690830617209137" lon="4.4184421307666248">
    <name>494.3</name>
  </wpt>
  <wpt lat="51.690019189378063" lon="4.4190676540766738">
    <name>494.4</name>
  </wpt>
  <wpt lat="51.689207761547038" lon="4.4196931661738681">
    <name>494.5</name>
  </wpt>
  <wpt lat="51.688382755220857" lon="4.4197706395533514">
    <name>494.6</name>
  </wpt>
  <wpt lat="51.687586997800913" lon="4.41909479378295">
    <name>494.7</name>
  </wpt>
  <wpt lat="51.686773970973363" lon="4.4184941152197705">
    <name>494.8</name>
  </wpt>
  <wpt lat="51.685879672933957" lon="4.4185679979440557">
    <name>494.9</name>
  </wpt>
  <wpt lat="51.684984997912352" lon="4.4187152634595046">
    <name>495.0</name>
  </wpt>
  <wpt lat="51.684089046455618" lon="4.4188404008833446">
    <name>495.1</name>
  </wpt>
  <wpt lat="51.683274853075964" lon="4.4184217061337945">
    <name>495.2</name>
  </wpt>
  <wpt lat="51.682611346231042" lon="4.4170972133821689">
    <name>495.33</name>
  </wpt>
  <wpt lat="51.683156814559155" lon="4.4163027422616823">
    <name>495.4</name>
  </wpt>
  <wpt lat="51.683824262593021" lon="4.4153305930832092">
    <name>495.5</name>
  </wpt>
  <wpt lat="51.684491710626787" lon="4.4143584295732072">
    <name>495.6</name>
  </wpt>
  <wpt lat="51.685159158660461" lon="4.4133862517310662">
    <name>495.7</name>
  </wpt>
  <wpt lat="51.685820653239169" lon="4.4124036847064945">
    <name>495.8</name>
  </wpt>
  <wpt lat="51.686472946927289" lon="4.4114050762519046">
    <name>495.9</name>
  </wpt>
  <wpt lat="51.6871252406153" lon="4.4104064534085863">
    <name>496.0</name>
  </wpt>
  <wpt lat="51.68777753430323" lon="4.4094078161760315">
    <name>496.1</name>
  </wpt>
  <wpt lat="51.688424605398836" lon="4.40840188627438">
    <name>496.2</name>
  </wpt>
  <wpt lat="51.689114465623938" lon="4.4074716526388089">
    <name>496.3</name>
  </wpt>
  <wpt lat="51.689786098439406" lon="4.4065069032689363">
    <name>496.4</name>
  </wpt>
  <wpt lat="51.690484146911963" lon="4.4055946531456955">
    <name>496.5</name>
  </wpt>
  <wpt lat="51.691177273373533" lon="4.4046707215243748">
    <name>496.6</name>
  </wpt>
  <wpt lat="51.69186678193843" lon="4.4037393218201073">
    <name>496.7</name>
  </wpt>
  <wpt lat="51.69255754164233" lon="4.4028103221898816">
    <name>496.8</name>
  </wpt>
  <wpt lat="51.693248301346138" lon="4.4018813083815074">
    <name>496.9</name>
  </wpt>
  <wpt lat="51.693949278376664" lon="4.4009727962958909">
    <name>497.0</name>
  </wpt>
  <wpt lat="51.694676178581624" lon="4.4001204264492779">
    <name>497.1</name>
  </wpt>
  <wpt lat="51.695455211611375" lon="4.3993973573858138">
    <name>497.2</name>
  </wpt>
  <wpt lat="51.696264366368382" lon="4.3987644486774693">
    <name>497.3</name>
  </wpt>
  <wpt lat="51.697084956860046" lon="4.3981707616881627">
    <name>497.4</name>
  </wpt>
  <wpt lat="51.697920848043005" lon="4.3976357380541442">
    <name>497.5</name>
  </wpt>
  <wpt lat="51.698758734909681" lon="4.397108666748986">
    <name>497.6</name>
  </wpt>
  <wpt lat="51.699614833263425" lon="4.3966648295036945">
    <name>497.7</name>
  </wpt>
  <wpt lat="51.700483893689665" lon="4.39629349906201">
    <name>497.8</name>
  </wpt>
  <wpt lat="51.701369140219263" lon="4.3960496917813874">
    <name>497.9</name>
  </wpt>
  <wpt lat="51.702197620601765" lon="4.3958893076856747">
    <name>498.0</name>
  </wpt>
  <wpt lat="51.703096007040195" lon="4.3958249657373214">
    <name>498.1</name>
  </wpt>
  <wpt lat="51.703993377361556" lon="4.3958156886597024">
    <name>498.2</name>
  </wpt>
  <wpt lat="51.704877076120148" lon="4.3959524545172481">
    <name>498.3</name>
  </wpt>
  <wpt lat="51.70577227042957" lon="4.3960759999999866">
    <name>498.4</name>
  </wpt>
  <wpt lat="51.706671427704741" lon="4.3960885322892178">
    <name>498.5</name>
  </wpt>
  <wpt lat="51.707561641266466" lon="4.3962776059920934">
    <name>498.6</name>
  </wpt>
  <wpt lat="51.708435651499009" lon="4.3966141343211111">
    <name>498.7</name>
  </wpt>
  <wpt lat="51.709300771014583" lon="4.3970105749530584">
    <name>498.8</name>
  </wpt>
  <wpt lat="51.710161952192827" lon="4.3974262439462857">
    <name>498.9</name>
  </wpt>
  <wpt lat="51.711003673927983" lon="4.3979369295376269">
    <name>499.0</name>
  </wpt>
  <wpt lat="51.711842701449086" lon="4.3984594201864571">
    <name>499.1</name>
  </wpt>
  <wpt lat="51.712681655631016" lon="4.3989822273128958">
    <name>499.2</name>
  </wpt>
  <wpt lat="51.71352060981291" lon="4.3995050441371255">
    <name>499.3</name>
  </wpt>
  <wpt lat="51.714359563994783" lon="4.4000278706596552">
    <name>499.4</name>
  </wpt>
  <wpt lat="51.715198518176607" lon="4.4005507068809928">
    <name>499.5</name>
  </wpt>
  <wpt lat="51.7160374723584" lon="4.4010735528015479">
    <name>499.6</name>
  </wpt>
  <wpt lat="51.716876426540153" lon="4.4015964084218266">
    <name>499.7</name>
  </wpt>
  <wpt lat="51.717715380721877" lon="4.40211927374234">
    <name>499.8</name>
  </wpt>
  <wpt lat="51.718554334903565" lon="4.4026421487634941">
    <name>499.9</name>
  </wpt>
  <wpt lat="51.7193931809035" lon="4.40316548565401">
    <name>500.0</name>
  </wpt>
  <wpt lat="51.72023071928075" lon="4.4036942490597539">
    <name>500.1</name>
  </wpt>
  <wpt lat="51.721055358811483" lon="4.4042713166470158">
    <name>500.2</name>
  </wpt>
  <wpt lat="51.721881820280018" lon="4.4048410575499366">
    <name>500.3</name>
  </wpt>
  <wpt lat="51.722718909663833" lon="4.4053717112021751">
    <name>500.4</name>
  </wpt>
  <wpt lat="51.723555999047605" lon="4.4059023746794272">
    <name>500.5</name>
  </wpt>
  <wpt lat="51.724385912747714" lon="4.4064054992861088">
    <name>500.6</name>
  </wpt>
  <wpt lat="51.725225502552391" lon="4.4069257758985119">
    <name>500.7</name>
  </wpt>
  <wpt lat="51.726064788284752" lon="4.4074473494274287">
    <name>500.8</name>
  </wpt>
  <wpt lat="51.726904074017064" lon="4.4079689326397862">
    <name>500.9</name>
  </wpt>
  <wpt lat="51.727737347801771" lon="4.4085144024802716">
    <name>501.0</name>
  </wpt>
  <wpt lat="51.72856398601089" lon="4.4090862317598232">
    <name>501.1</name>
  </wpt>
  <wpt lat="51.729399122469694" lon="4.4096245942978074">
    <name>501.2</name>
  </wpt>
  <wpt lat="51.730239493984065" lon="4.410141275892105">
    <name>501.3</name>
  </wpt>
  <wpt lat="51.731086660677533" lon="4.4106283298140756">
    <name>501.4</name>
  </wpt>
  <wpt lat="51.73194573361944" lon="4.4110578659206805">
    <name>501.5</name>
  </wpt>
  <wpt lat="51.7326364197728" lon="4.4118113930176728">
    <name>501.6</name>
  </wpt>
  <wpt lat="51.73202677110055" lon="4.412878417135305">
    <name>501.7</name>
  </wpt>
  <wpt lat="51.731428048358012" lon="4.4139618982811006">
    <name>501.8</name>
  </wpt>
  <wpt lat="51.730828233790213" lon="4.415043795754932">
    <name>501.9</name>
  </wpt>
  <wpt lat="51.7302262950254" lon="4.4161225499982217">
    <name>502.0</name>
  </wpt>
  <wpt lat="51.72961380731067" lon="4.4171857480756911">
    <name>502.1</name>
  </wpt>
  <wpt lat="51.729001319596058" lon="4.4182489317468256">
    <name>502.2</name>
  </wpt>
  <wpt lat="51.728388831881546" lon="4.4193121010122356">
    <name>502.3</name>
  </wpt>
  <wpt lat="51.727783407471321" lon="4.4203857458678586">
    <name>502.4</name>
  </wpt>
  <wpt lat="51.727174199863633" lon="4.4214537824367559">
    <name>502.5</name>
  </wpt>
  <wpt lat="51.726575721125585" lon="4.4225364847901005">
    <name>502.6</name>
  </wpt>
  <wpt lat="51.7260510608929" lon="4.4237145118732881">
    <name>502.7</name>
  </wpt>
  <wpt lat="51.726093088378377" lon="4.4251016308606514">
    <name>502.8</name>
  </wpt>
  <wpt lat="51.72619151076109" lon="4.4265427648939824">
    <name>502.9</name>
  </wpt>
  <wpt lat="51.726234538804917" lon="4.42799297303903">
    <name>503.0</name>
  </wpt>
  <wpt lat="51.726285036135053" lon="4.4294425610311814">
    <name>503.1</name>
  </wpt>
  <wpt lat="51.726348816632544" lon="4.4308904281399988">
    <name>503.2</name>
  </wpt>
  <wpt lat="51.726392955427443" lon="4.4323405224622068">
    <name>503.3</name>
  </wpt>
  <wpt lat="51.7264482757694" lon="4.4337896567276216">
    <name>503.4</name>
  </wpt>
  <wpt lat="51.726493572611886" lon="4.4352396360827">
    <name>503.5</name>
  </wpt>
  <wpt lat="51.726415470230592" lon="4.4366642707936146">
    <name>503.6</name>
  </wpt>
  <wpt lat="51.726687426848173" lon="4.43782571340478">
    <name>503.7</name>
  </wpt>
  <wpt lat="51.72758208782782" lon="4.4379416678218346">
    <name>503.8</name>
  </wpt>
  <wpt lat="51.7284791967851" lon="4.4380425167200093">
    <name>503.9</name>
  </wpt>
  <wpt lat="51.72937686725777" lon="4.4381295703219363">
    <name>504.0</name>
  </wpt>
  <wpt lat="51.730265482948361" lon="4.4382784352910081">
    <name>504.1</name>
  </wpt>
  <wpt lat="51.73116236015094" lon="4.4383853814864453">
    <name>504.2</name>
  </wpt>
  <wpt lat="51.732059311518782" lon="4.4384907349553622">
    <name>504.3</name>
  </wpt>
  <wpt lat="51.732956161539477" lon="4.4385982701491207">
    <name>504.4</name>
  </wpt>
  <wpt lat="51.733853792908008" lon="4.43868142783191">
    <name>504.5</name>
  </wpt>
  <wpt lat="51.734750575548539" lon="4.4387901881381833">
    <name>504.6</name>
  </wpt>
  <wpt lat="51.735637993480928" lon="4.4390073190807726">
    <name>504.7</name>
  </wpt>
  <wpt lat="51.73651931619986" lon="4.4392964010703819">
    <name>504.8</name>
  </wpt>
  <wpt lat="51.737399798011921" lon="4.439591333090652">
    <name>504.9</name>
  </wpt>
  <wpt lat="51.738279205796736" lon="4.4398950838924938">
    <name>505.0</name>
  </wpt>
  <wpt lat="51.739164550350324" lon="4.4401029670850285">
    <name>505.1</name>
  </wpt>
  <wpt lat="51.740054264245984" lon="4.4400270391028673">
    <name>505.2</name>
  </wpt>
  <wpt lat="51.740938683185838" lon="4.4398476115180321">
    <name>505.3</name>
  </wpt>
  <wpt lat="51.741826217346173" lon="4.43993017068852">
    <name>505.4</name>
  </wpt>
  <wpt lat="51.742704997263921" lon="4.4402388098800616">
    <name>505.5</name>
  </wpt>
  <wpt lat="51.7435836214238" lon="4.4405485892077365">
    <name>505.6</name>
  </wpt>
  <wpt lat="51.744466299941067" lon="4.4408232214144929">
    <name>505.7</name>
  </wpt>
  <wpt lat="51.745322506026667" lon="4.4411939179343785">
    <name>505.8</name>
  </wpt>
  <wpt lat="51.746178792235348" lon="4.4412680199300727">
    <name>505.9</name>
  </wpt>
  <wpt lat="51.746932936832536" lon="4.4418821241020785">
    <name>506.0</name>
  </wpt>
  <wpt lat="51.747764829382334" lon="4.4420370566805554">
    <name>506.1</name>
  </wpt>
  <wpt lat="51.748641371608741" lon="4.442361830431607">
    <name>506.2</name>
  </wpt>
  <wpt lat="51.749516922523135" lon="4.442693601363163">
    <name>506.3</name>
  </wpt>
  <wpt lat="51.750313648399072" lon="4.4432916482608986">
    <name>506.4</name>
  </wpt>
  <wpt lat="51.751190344036004" lon="4.4433354816962884">
    <name>506.5</name>
  </wpt>
  <wpt lat="51.752073377176281" lon="4.4436107120276755">
    <name>506.6</name>
  </wpt>
  <wpt lat="51.75294891330185" lon="4.443937671357995">
    <name>506.7</name>
  </wpt>
  <wpt lat="51.753832657031346" lon="4.4441855546753652">
    <name>506.8</name>
  </wpt>
  <wpt lat="51.754710112939208" lon="4.444503961751745">
    <name>506.9</name>
  </wpt>
  <wpt lat="51.755587568847069" lon="4.4448223750147875">
    <name>507.0</name>
  </wpt>
  <wpt lat="51.756471582357207" lon="4.4450154835760491">
    <name>507.1</name>
  </wpt>
  <wpt lat="51.757320920784991" lon="4.4445604585456513">
    <name>507.2</name>
  </wpt>
  <wpt lat="51.758212871101513" lon="4.4444278208097181">
    <name>507.3</name>
  </wpt>
  <wpt lat="51.759110243824388" lon="4.4444454837945">
    <name>507.4</name>
  </wpt>
  <wpt lat="51.76000108890036" lon="4.4444827477459539">
    <name>507.5</name>
  </wpt>
  <wpt lat="51.760884920479" lon="4.4442153996346381">
    <name>507.6</name>
  </wpt>
  <wpt lat="51.7617739997814" lon="4.444030258743604">
    <name>507.7</name>
  </wpt>
  <wpt lat="51.762671843474486" lon="4.44394699049822">
    <name>507.8</name>
  </wpt>
  <wpt lat="51.763569528282318" lon="4.44385965647498">
    <name>507.9</name>
  </wpt>
  <wpt lat="51.764467000398639" lon="4.4438090000913979">
    <name>508.0</name>
  </wpt>
  <wpt lat="51.765364737757636" lon="4.4438673067643224">
    <name>508.1</name>
  </wpt>
  <wpt lat="51.766252417990636" lon="4.44392700000001">
    <name>508.2</name>
  </wpt>
  <wpt lat="51.7671469716572" lon="4.4440555480855046">
    <name>508.3</name>
  </wpt>
  <wpt lat="51.768030239265535" lon="4.4443288808496249">
    <name>508.4</name>
  </wpt>
  <wpt lat="51.76871691568617" lon="4.4438428978146138">
    <name>508.5</name>
  </wpt>
  <wpt lat="51.768851770734884" lon="4.44243796355293">
    <name>508.6</name>
  </wpt>
  <wpt lat="51.768887000048544" lon="4.4409887954466161">
    <name>508.7</name>
  </wpt>
  <wpt lat="51.768905166236195" lon="4.4395372793676131">
    <name>508.8</name>
  </wpt>
  <wpt lat="51.768923839463056" lon="4.438085848069985">
    <name>508.9</name>
  </wpt>
  <wpt lat="51.768913872061951" lon="4.4366361438784825">
    <name>509.0</name>
  </wpt>
  <wpt lat="51.768930000059072" lon="4.4351845998098858">
    <name>509.1</name>
  </wpt>
  <wpt lat="51.768951000033866" lon="4.4337329226677964">
    <name>509.2</name>
  </wpt>
  <wpt lat="51.768923593593243" lon="4.4322862334432589">
    <name>509.3</name>
  </wpt>
  <wpt lat="51.768894574124424" lon="4.4308600271266405">
    <name>509.4</name>
  </wpt>
  <wpt lat="51.769259030581154" lon="4.4295342082864542">
    <name>509.5</name>
  </wpt>
  <wpt lat="51.769646557861741" lon="4.4282228038465936">
    <name>509.6</name>
  </wpt>
  <wpt lat="51.770027581726907" lon="4.4269064393554212">
    <name>509.7</name>
  </wpt>
  <wpt lat="51.770400988493563" lon="4.4255843436303071">
    <name>509.8</name>
  </wpt>
  <wpt lat="51.770810083417473" lon="4.4242908277568578">
    <name>509.9</name>
  </wpt>
  <wpt lat="51.771263663724191" lon="4.4230359108530974">
    <name>510.0</name>
  </wpt>
  <wpt lat="51.77172436836652" lon="4.4217878658032648">
    <name>510.1</name>
  </wpt>
  <wpt lat="51.772185468727457" lon="4.4205401174190841">
    <name>510.2</name>
  </wpt>
  <wpt lat="51.772667389919711" lon="4.4193133875453832">
    <name>510.3</name>
  </wpt>
  <wpt lat="51.7731955060888" lon="4.4181375867548009">
    <name>510.4</name>
  </wpt>
  <wpt lat="51.77373599896589" lon="4.416976002117468">
    <name>510.5</name>
  </wpt>
  <wpt lat="51.7742636811367" lon="4.4158009889794974">
    <name>510.6</name>
  </wpt>
  <wpt lat="51.774811128107352" lon="4.4146491807337895">
    <name>510.7</name>
  </wpt>
  <wpt lat="51.77535334117907" lon="4.4134898925529127">
    <name>510.8</name>
  </wpt>
  <wpt lat="51.775878434631835" lon="4.4123698533443063">
    <name>510.9</name>
  </wpt>
  <wpt lat="51.776140928931696" lon="4.4109836774768993">
    <name>511.0</name>
  </wpt>
  <wpt lat="51.776385216398111" lon="4.4095848413939756">
    <name>511.1</name>
  </wpt>
  <wpt lat="51.776628710114437" lon="4.4081856429498965">
    <name>511.2</name>
  </wpt>
  <wpt lat="51.776866336687831" lon="4.4067837978937">
    <name>511.3</name>
  </wpt>
  <wpt lat="51.777103963261162" lon="4.4053819454553595">
    <name>511.4</name>
  </wpt>
  <wpt lat="51.777341589834414" lon="4.4039800856346725">
    <name>511.5</name>
  </wpt>
  <wpt lat="51.777590283090596" lon="4.4026142040048857">
    <name>511.6</name>
  </wpt>
  <wpt lat="51.812984631919633" lon="4.4134145354728869">
    <name>515.64</name>
  </wpt>
  <wpt lat="51.813296661035174" lon="4.4140624825220129">
    <name>515.7</name>
  </wpt>
  <wpt lat="51.814180643751421" lon="4.4143298980727916">
    <name>515.8</name>
  </wpt>
  <wpt lat="51.8150413908211" lon="4.4147391522586146">
    <name>515.9</name>
  </wpt>
  <wpt lat="51.815579915303893" lon="4.4145300000000294">
    <name>516.0</name>
  </wpt>
  <wpt lat="51.816461055051953" lon="4.4148174683488079">
    <name>516.1</name>
  </wpt>
  <wpt lat="51.817343393146935" lon="4.415098861547162">
    <name>516.2</name>
  </wpt>
  <wpt lat="51.818222355966945" lon="4.4153749736079986">
    <name>516.3</name>
  </wpt>
  <wpt lat="51.819095996721387" lon="4.4156632521468495">
    <name>516.4</name>
  </wpt>
  <wpt lat="51.81978362265653" lon="4.4158850928319113">
    <name>516.5</name>
  </wpt>
  <wpt lat="51.820665174563388" lon="4.4161714013322415">
    <name>516.6</name>
  </wpt>
  <wpt lat="51.821549503503917" lon="4.4164343066301281">
    <name>516.7</name>
  </wpt>
  <wpt lat="51.822430843093088" lon="4.41672379944023">
    <name>516.8</name>
  </wpt>
  <wpt lat="51.823255023727263" lon="4.4168806444888826">
    <name>516.9</name>
  </wpt>
  <wpt lat="51.8234504900132" lon="4.415460498088188">
    <name>517.0</name>
  </wpt>
  <wpt lat="51.823634662053117" lon="4.41403672896121">
    <name>517.1</name>
  </wpt>
  <wpt lat="51.823776000058146" lon="4.4126025641103421">
    <name>517.2</name>
  </wpt>
  <wpt lat="51.824575281180515" lon="4.4122145973087106">
    <name>517.3</name>
  </wpt>
  <wpt lat="51.82523823238445" lon="4.4116606904484783">
    <name>517.4</name>
  </wpt>
  <wpt lat="51.8261204743173" lon="4.4113786466799283">
    <name>517.5</name>
  </wpt>
  <wpt lat="51.826989508849231" lon="4.4112930174962859">
    <name>517.6</name>
  </wpt>
  <wpt lat="51.826794402001944" lon="4.4126957267903064">
    <name>517.7</name>
  </wpt>
  <wpt lat="51.826615344487188" lon="4.4141082574542887">
    <name>517.8</name>
  </wpt>
  <wpt lat="51.826134944611461" lon="4.4149000224873021">
    <name>517.9</name>
  </wpt>
  <wpt lat="51.825847552767833" lon="4.4162787791347506">
    <name>518.0</name>
  </wpt>
  <wpt lat="51.825575317885594" lon="4.4176650449958759">
    <name>518.1</name>
  </wpt>
  <wpt lat="51.825274022768461" lon="4.4190036908276538">
    <name>518.2</name>
  </wpt>
  <wpt lat="51.825036846203169" lon="4.4203718145279387">
    <name>518.3</name>
  </wpt>
  <wpt lat="51.824769787735761" lon="4.4217612346485478">
    <name>518.4</name>
  </wpt>
  <wpt lat="51.824502748248406" lon="4.4231504558227641">
    <name>518.5</name>
  </wpt>
  <wpt lat="51.824216648444313" lon="4.4245298940318349">
    <name>518.6</name>
  </wpt>
  <wpt lat="51.823936966677586" lon="4.4259127693768878">
    <name>518.7</name>
  </wpt>
  <wpt lat="51.823659824228159" lon="4.4272969762921486">
    <name>518.8</name>
  </wpt>
  <wpt lat="51.82340132268218" lon="4.428678105965389">
    <name>518.9</name>
  </wpt>
  <wpt lat="51.823132381550863" lon="4.4300215734781672">
    <name>519.0</name>
  </wpt>
  <wpt lat="51.82267892305137" lon="4.431257874398538">
    <name>519.1</name>
  </wpt>
  <wpt lat="51.822330827343194" lon="4.4325994398349895">
    <name>519.2</name>
  </wpt>
  <wpt lat="51.821990034492323" lon="4.43394586399486">
    <name>519.3</name>
  </wpt>
  <wpt lat="51.821653185128966" lon="4.4352946559322506">
    <name>519.4</name>
  </wpt>
  <wpt lat="51.821372425736016" lon="4.4366490584420921">
    <name>519.5</name>
  </wpt>
  <wpt lat="51.821745603946255" lon="4.4375408620157835">
    <name>519.6</name>
  </wpt>
  <wpt lat="51.822634452658491" lon="4.4374512032085915">
    <name>519.7</name>
  </wpt>
  <wpt lat="51.823533757181771" lon="4.4374470000000361">
    <name>519.8</name>
  </wpt>
  <wpt lat="51.824387486603648" lon="4.4378680538136068">
    <name>519.9</name>
  </wpt>
  <wpt lat="51.825209234132885" lon="4.4384402275262644">
    <name>520.0</name>
  </wpt>
  <wpt lat="51.825440393766" lon="4.4395899960869363">
    <name>520.1</name>
  </wpt>
  <wpt lat="51.824961873239005" lon="4.44076133692319">
    <name>520.2</name>
  </wpt>
  <wpt lat="51.824573310776593" lon="4.4420720285389681">
    <name>520.3</name>
  </wpt>
  <wpt lat="51.824205411703367" lon="4.4433529966123579">
    <name>520.4</name>
  </wpt>
  <wpt lat="51.824022728504943" lon="4.4447769752594191">
    <name>520.5</name>
  </wpt>
  <wpt lat="51.8238653627074" lon="4.4462095511671507">
    <name>520.6</name>
  </wpt>
  <wpt lat="51.8237079969099" lon="4.4476421220705715">
    <name>520.7</name>
  </wpt>
  <wpt lat="51.823548592999757" lon="4.4490737197538772">
    <name>520.8</name>
  </wpt>
  <wpt lat="51.823371614040504" lon="4.4505000319387946">
    <name>520.9</name>
  </wpt>
  <wpt lat="51.823164001352218" lon="4.4519156359201464">
    <name>521.0</name>
  </wpt>
  <wpt lat="51.822994342988906" lon="4.4533445069756015">
    <name>521.1</name>
  </wpt>
  <wpt lat="51.822824684625651" lon="4.4547733726499645">
    <name>521.2</name>
  </wpt>
  <wpt lat="51.822646271415323" lon="4.4561993336938084">
    <name>521.3</name>
  </wpt>
  <wpt lat="51.822455180359327" lon="4.4576210884754595">
    <name>521.4</name>
  </wpt>
  <wpt lat="51.82229891897218" lon="4.4590535690916351">
    <name>521.5</name>
  </wpt>
  <wpt lat="51.822135730206767" lon="4.4604843838064472">
    <name>521.6</name>
  </wpt>
  <wpt lat="51.821967018099976" lon="4.4619134901648332">
    <name>521.7</name>
  </wpt>
  <wpt lat="51.821765012521084" lon="4.4633311946495322">
    <name>521.8</name>
  </wpt>
  <wpt lat="51.821569393148486" lon="4.4647512433713725">
    <name>521.9</name>
  </wpt>
  <wpt lat="51.82139846760203" lon="4.4661794114226687">
    <name>522.0</name>
  </wpt>
  <wpt lat="51.821245411568093" lon="4.4676131135541262">
    <name>522.1</name>
  </wpt>
  <wpt lat="51.821135849941221" lon="4.4690561325775384">
    <name>522.2</name>
  </wpt>
  <wpt lat="51.821054787013743" lon="4.4705051181572646">
    <name>522.3</name>
  </wpt>
  <wpt lat="51.820948661405225" lon="4.4719496892177757">
    <name>522.4</name>
  </wpt>
  <wpt lat="51.820796336011888" lon="4.4733829687107152">
    <name>522.5</name>
  </wpt>
  <wpt lat="51.820607784477311" lon="4.4748052416822786">
    <name>522.6</name>
  </wpt>
  <wpt lat="51.820479829484718" lon="4.4762450406216505">
    <name>522.7</name>
  </wpt>
  <wpt lat="51.82032100010543" lon="4.4776753016102386">
    <name>522.8</name>
  </wpt>
  <wpt lat="51.820650306624543" lon="4.478887386782346">
    <name>522.9</name>
  </wpt>
  <wpt lat="51.820165874276334" lon="4.4800972773005814">
    <name>523.0</name>
  </wpt>
  <wpt lat="51.819894083514882" lon="4.4814530381300628">
    <name>523.1</name>
  </wpt>
  <wpt lat="51.819728653239231" lon="4.4828830660092338">
    <name>523.2</name>
  </wpt>
  <wpt lat="51.819554221987509" lon="4.4843103230982706">
    <name>523.3</name>
  </wpt>
  <wpt lat="51.820053104482071" lon="4.4845806326381972">
    <name>523.4</name>
  </wpt>
  <wpt lat="51.8209204028022" lon="4.4842033134694441">
    <name>523.5</name>
  </wpt>
  <wpt lat="51.82177417449595" lon="4.4841774939407815">
    <name>523.6</name>
  </wpt>
  <wpt lat="51.822632700867054" lon="4.4837493416592205">
    <name>523.7</name>
  </wpt>
  <wpt lat="51.823448148655949" lon="4.4831383386847667">
    <name>523.8</name>
  </wpt>
  <wpt lat="51.82424577360964" lon="4.4824672264391427">
    <name>523.9</name>
  </wpt>
  <wpt lat="51.824820935531328" lon="4.4825752290079315">
    <name>524.0</name>
  </wpt>
  <wpt lat="51.824748126980651" lon="4.4840187899245816">
    <name>524.1</name>
  </wpt>
  <wpt lat="51.824741000018754" lon="4.4854733704208973">
    <name>524.2</name>
  </wpt>
  <wpt lat="51.824648983655528" lon="4.4869035663827646">
    <name>524.3</name>
  </wpt>
  <wpt lat="51.824016048164289" lon="4.4879227181792754">
    <name>524.4</name>
  </wpt>
  <wpt lat="51.823367348111447" lon="4.488924570807681">
    <name>524.5</name>
  </wpt>
  <wpt lat="51.82277512648124" lon="4.4900177992393129">
    <name>524.6</name>
  </wpt>
  <wpt lat="51.822133122337206" lon="4.4910363704506544">
    <name>524.7</name>
  </wpt>
  <wpt lat="51.821495361671545" lon="4.4920621873006121">
    <name>524.8</name>
  </wpt>
  <wpt lat="51.820839530363628" lon="4.4930568204267241">
    <name>524.9</name>
  </wpt>
  <wpt lat="51.820239123416862" lon="4.4941369618359115">
    <name>525.0</name>
  </wpt>
  <wpt lat="51.819591304882088" lon="4.4951446336884828">
    <name>525.1</name>
  </wpt>
  <wpt lat="51.819640591502377" lon="4.49615009763002">
    <name>525.2</name>
  </wpt>
  <wpt lat="51.820296513169765" lon="4.4971444943140018">
    <name>525.3</name>
  </wpt>
  <wpt lat="51.82097419668294" lon="4.49809615519125">
    <name>525.4</name>
  </wpt>
  <wpt lat="51.821653598652077" lon="4.499049423281047">
    <name>525.5</name>
  </wpt>
  <wpt lat="51.822304220171922" lon="4.5000521138403746">
    <name>525.6</name>
  </wpt>
  <wpt lat="51.822917973216562" lon="4.5011155698002714">
    <name>525.7</name>
  </wpt>
  <wpt lat="51.823530795719954" lon="4.5021804644488119">
    <name>525.8</name>
  </wpt>
  <wpt lat="51.824143618223232" lon="4.5032453735837867">
    <name>525.9</name>
  </wpt>
  <wpt lat="51.824764411762068" lon="4.5042979495294038">
    <name>526.0</name>
  </wpt>
  <wpt lat="51.825420659832659" lon="4.5052925277117133">
    <name>526.1</name>
  </wpt>
  <wpt lat="51.826108883502769" lon="4.5062291272754162">
    <name>526.2</name>
  </wpt>
  <wpt lat="51.8267925812075" lon="4.5071742875911953">
    <name>526.3</name>
  </wpt>
  <wpt lat="51.827209000001751" lon="4.5083710455686168">
    <name>526.4</name>
  </wpt>
  <wpt lat="51.827715118412208" lon="4.50936368567815">
    <name>526.5</name>
  </wpt>
  <wpt lat="51.828502655518072" lon="4.5100656554719158">
    <name>526.6</name>
  </wpt>
  <wpt lat="51.829307944009145" lon="4.5107131928918571">
    <name>526.7</name>
  </wpt>
  <wpt lat="51.83012239302721" lon="4.51132894994368">
    <name>526.8</name>
  </wpt>
  <wpt lat="51.830950252911535" lon="4.5118974423190972">
    <name>526.9</name>
  </wpt>
  <wpt lat="51.831778060837316" lon="4.5124661431910189">
    <name>527.0</name>
  </wpt>
  <wpt lat="51.832605816266152" lon="4.5130350546073146">
    <name>527.1</name>
  </wpt>
  <wpt lat="51.833433571694947" lon="4.5136039764807654">
    <name>527.2</name>
  </wpt>
  <wpt lat="51.834261327123684" lon="4.5141729088117781">
    <name>527.3</name>
  </wpt>
  <wpt lat="51.835096670094281" lon="4.514710990356356">
    <name>527.4</name>
  </wpt>
  <wpt lat="51.835947561258536" lon="4.5151821385217117">
    <name>527.5</name>
  </wpt>
  <wpt lat="51.836803398807461" lon="4.5156286954549358">
    <name>527.6</name>
  </wpt>
  <wpt lat="51.837663923838107" lon="4.5160511270422514">
    <name>527.7</name>
  </wpt>
  <wpt lat="51.838458052924437" lon="4.5155873307961132">
    <name>527.8</name>
  </wpt>
  <wpt lat="51.839259550181417" lon="4.5152357206079818">
    <name>527.9</name>
  </wpt>
  <wpt lat="51.840151706255433" lon="4.5154182812803914">
    <name>528.0</name>
  </wpt>
  <wpt lat="51.841045439404809" lon="4.5155787591402818">
    <name>528.1</name>
  </wpt>
  <wpt lat="51.841906393642638" lon="4.5159882908458355">
    <name>528.2</name>
  </wpt>
  <wpt lat="51.842769940839894" lon="4.5163897899976426">
    <name>528.3</name>
  </wpt>
  <wpt lat="51.8436647592917" lon="4.5165174528492766">
    <name>528.4</name>
  </wpt>
  <wpt lat="51.84383535756281" lon="4.5176405407511444">
    <name>528.5</name>
  </wpt>
  <wpt lat="51.843773806813083" lon="4.51909279403621">
    <name>528.6</name>
  </wpt>
  <wpt lat="51.843708805723026" lon="4.5205446274741146">
    <name>528.7</name>
  </wpt>
  <wpt lat="51.843627346676911" lon="4.5219938688132846">
    <name>528.8</name>
  </wpt>
  <wpt lat="51.843484970649591" lon="4.5234311520701844">
    <name>528.9</name>
  </wpt>
  <wpt lat="51.843301094020788" lon="4.5248552237574771">
    <name>529.0</name>
  </wpt>
  <wpt lat="51.843043855961966" lon="4.52624938615514">
    <name>529.1</name>
  </wpt>
  <wpt lat="51.8427742379473" lon="4.5276380591628431">
    <name>529.2</name>
  </wpt>
  <wpt lat="51.84249152450689" lon="4.5290195145305816">
    <name>529.3</name>
  </wpt>
  <wpt lat="51.842194401450854" lon="4.53039339501418">
    <name>529.4</name>
  </wpt>
  <wpt lat="51.841882006919313" lon="4.531756702344329">
    <name>529.5</name>
  </wpt>
  <wpt lat="51.841663053131974" lon="4.5331675825884625">
    <name>529.6</name>
  </wpt>
  <wpt lat="51.84156766780616" lon="4.5346148931565953">
    <name>529.7</name>
  </wpt>
  <wpt lat="51.841328000017491" lon="4.5359867457454994">
    <name>529.8</name>
  </wpt>
  <wpt lat="51.841947420212719" lon="4.5363659999999539">
    <name>529.9</name>
  </wpt>
  <wpt lat="51.842846741818647" lon="4.5363659999999539">
    <name>530.0</name>
  </wpt>
  <wpt lat="51.843746063424547" lon="4.5363659999999539">
    <name>530.1</name>
  </wpt>
  <wpt lat="51.844528288506368" lon="4.5364042331057046">
    <name>530.2</name>
  </wpt>
  <wpt lat="51.845423605712682" lon="4.5363449999999981">
    <name>530.3</name>
  </wpt>
  <wpt lat="51.846306433351238" lon="4.5364309999999817">
    <name>530.4</name>
  </wpt>
  <wpt lat="51.847187079933761" lon="4.5363969658004368">
    <name>530.5</name>
  </wpt>
  <wpt lat="51.84808334681432" lon="4.5363449999999981">
    <name>530.6</name>
  </wpt>
  <wpt lat="51.848979921109809" lon="4.5363939090011893">
    <name>530.7</name>
  </wpt>
  <wpt lat="51.849855014171389" lon="4.5365460141639558">
    <name>530.8</name>
  </wpt>
  <wpt lat="51.850712948373378" lon="4.5364090000000479">
    <name>530.9</name>
  </wpt>
  <wpt lat="51.851611426664135" lon="4.536417354869883">
    <name>531.0</name>
  </wpt>
  <wpt lat="51.852508949706056" lon="4.5364950000000315">
    <name>531.1</name>
  </wpt>
  <wpt lat="51.853306276710775" lon="4.5364534664853071">
    <name>531.2</name>
  </wpt>
  <wpt lat="51.854202744467379" lon="4.5363659999999539">
    <name>531.3</name>
  </wpt>
  <wpt lat="51.855102066073286" lon="4.5363659999999539">
    <name>531.4</name>
  </wpt>
  <wpt lat="51.8559984578623" lon="4.5363240000000422">
    <name>531.5</name>
  </wpt>
  <wpt lat="51.856874112828137" lon="4.5364739999999735">
    <name>531.6</name>
  </wpt>
  <wpt lat="51.856800004341913" lon="4.5351195482953486">
    <name>531.7</name>
  </wpt>
  <wpt lat="51.8573764017732" lon="4.5342495054248">
    <name>531.8</name>
  </wpt>
  <wpt lat="51.858002726054387" lon="4.5332095803053969">
    <name>531.9</name>
  </wpt>
  <wpt lat="51.858743254413426" lon="4.5325785825036169">
    <name>532.0</name>
  </wpt>
  <wpt lat="51.859004066336759" lon="4.5311962437756437">
    <name>532.1</name>
  </wpt>
  <wpt lat="51.859129175963638" lon="4.5297599409757661">
    <name>532.2</name>
  </wpt>
  <wpt lat="51.859074000002515" lon="4.5283124306646254">
    <name>532.3</name>
  </wpt>
  <wpt lat="51.859006236682276" lon="4.5268616484471664">
    <name>532.4</name>
  </wpt>
  <wpt lat="51.858945000004333" lon="4.5254332352158153">
    <name>532.5</name>
  </wpt>
  <wpt lat="51.858965769698372" lon="4.5239788801735">
    <name>532.6</name>
  </wpt>
  <wpt lat="51.858870191938934" lon="4.522531906548851">
    <name>532.7</name>
  </wpt>
  <wpt lat="51.858780427638536" lon="4.521084811063667">
    <name>532.8</name>
  </wpt>
  <wpt lat="51.858687000001936" lon="4.5196369952810631">
    <name>532.9</name>
  </wpt>
  <wpt lat="51.858431089549342" lon="4.5182891029243288">
    <name>533.0</name>
  </wpt>
  <wpt lat="51.8582951579246" lon="4.5170138674687532">
    <name>533.1</name>
  </wpt>
  <wpt lat="51.858270302112494" lon="4.5155589311808324">
    <name>533.2</name>
  </wpt>
  <wpt lat="51.858143982893438" lon="4.514119681573125">
    <name>533.3</name>
  </wpt>
  <wpt lat="51.858058189704316" lon="4.5126725193681478">
    <name>533.4</name>
  </wpt>
  <wpt lat="51.857914446419365" lon="4.5112353550178872">
    <name>533.5</name>
  </wpt>
  <wpt lat="51.857744110363726" lon="4.5098081719240222">
    <name>533.6</name>
  </wpt>
  <wpt lat="51.857467889847726" lon="4.5084236963208948">
    <name>533.7</name>
  </wpt>
  <wpt lat="51.8577281345069" lon="4.5086081095098729">
    <name>533.8</name>
  </wpt>
  <wpt lat="51.858613059047705" lon="4.5088629278451551">
    <name>533.9</name>
  </wpt>
  <wpt lat="51.8594899838578" lon="4.5091729859673277">
    <name>534.0</name>
  </wpt>
  <wpt lat="51.860384436618673" lon="4.5093163661575835">
    <name>534.1</name>
  </wpt>
  <wpt lat="51.8612814337918" lon="4.5092549924206162">
    <name>534.2</name>
  </wpt>
  <wpt lat="51.861689816785045" lon="4.5084811388147221">
    <name>534.3</name>
  </wpt>
  <wpt lat="51.861679509810259" lon="4.5072497426100151">
    <name>534.4</name>
  </wpt>
  <wpt lat="51.862369062084333" lon="4.5063453474141255">
    <name>534.5</name>
  </wpt>
  <wpt lat="51.862461257815085" lon="4.5049621034326073">
    <name>534.6</name>
  </wpt>
  <wpt lat="51.862426152366638" lon="4.503656418762036">
    <name>534.7</name>
  </wpt>
  <wpt lat="51.863318325237" lon="4.5037507833141754">
    <name>534.8</name>
  </wpt>
  <wpt lat="51.8642133014429" lon="4.503615174691018">
    <name>534.9</name>
  </wpt>
  <wpt lat="51.865105606030838" lon="4.5034337012264443">
    <name>535.0</name>
  </wpt>
  <wpt lat="51.865998303762261" lon="4.5032572664561368">
    <name>535.1</name>
  </wpt>
  <wpt lat="51.866890793334136" lon="4.5030781197174345">
    <name>535.2</name>
  </wpt>
  <wpt lat="51.867768485441282" lon="4.5027872901596906">
    <name>535.3</name>
  </wpt>
  <wpt lat="51.868545670968821" lon="4.5020736627564055">
    <name>535.4</name>
  </wpt>
  <wpt lat="51.869443345880761" lon="4.5020769999999688">
    <name>535.5</name>
  </wpt>
  <wpt lat="51.87024608568715" lon="4.5016077700397616">
    <name>535.6</name>
  </wpt>
  <wpt lat="51.871132052863558" lon="4.5013596308866131">
    <name>535.7</name>
  </wpt>
  <wpt lat="51.872029423463673" lon="4.5013096532848991">
    <name>535.8</name>
  </wpt>
  <wpt lat="51.872900984287313" lon="4.5014300688370046">
    <name>535.9</name>
  </wpt>
  <wpt lat="51.87371021591219" lon="4.500800835381626">
    <name>536.0</name>
  </wpt>
  <wpt lat="51.874543457409047" lon="4.5002750000000189">
    <name>536.1</name>
  </wpt>
  <wpt lat="51.875057740550034" lon="4.5012424828604125">
    <name>536.2</name>
  </wpt>
  <wpt lat="51.875682894579946" lon="4.5022777178010616">
    <name>536.3</name>
  </wpt>
  <wpt lat="51.87629547748049" lon="4.5033374471099235">
    <name>536.4</name>
  </wpt>
  <wpt lat="51.876723786226748" lon="4.504615991116693">
    <name>536.5</name>
  </wpt>
  <wpt lat="51.877242020584283" lon="4.5057990410607864">
    <name>536.6</name>
  </wpt>
  <wpt lat="51.877815796817984" lon="4.5069159620121608">
    <name>536.7</name>
  </wpt>
  <wpt lat="51.878397493664771" lon="4.5080269655323892">
    <name>536.8</name>
  </wpt>
  <wpt lat="51.87889173009399" lon="4.5091894008597064">
    <name>536.9</name>
  </wpt>
  <wpt lat="51.879605683276516" lon="4.50988468326449">
    <name>537.0</name>
  </wpt>
  <wpt lat="51.880353834538823" lon="4.5106869579854">
    <name>537.1</name>
  </wpt>
  <wpt lat="51.881098526359473" lon="4.5114962023012781">
    <name>537.2</name>
  </wpt>
  <wpt lat="51.881717417118047" lon="4.5125511595995311">
    <name>537.3</name>
  </wpt>
  <wpt lat="51.882321396320989" lon="4.513620392549492">
    <name>537.4</name>
  </wpt>
  <wpt lat="51.882424043914959" lon="4.5150614454717566">
    <name>537.5</name>
  </wpt>
  <wpt lat="51.882049629507868" lon="4.5161063757041626">
    <name>537.6</name>
  </wpt>
  <wpt lat="51.882324318529918" lon="4.5174696165835169">
    <name>537.7</name>
  </wpt>
  <wpt lat="51.88248213033657" lon="4.518903926095172">
    <name>537.8</name>
  </wpt>
  <wpt lat="51.8826701120241" lon="4.5203255543454">
    <name>537.9</name>
  </wpt>
  <wpt lat="51.883067478722808" lon="4.521485985296013">
    <name>538.0</name>
  </wpt>
  <wpt lat="51.883943986823191" lon="4.5218095947005486">
    <name>538.1</name>
  </wpt>
  <wpt lat="51.8848154725468" lon="4.522168902979673">
    <name>538.2</name>
  </wpt>
  <wpt lat="51.8856998190671" lon="4.5224038076403206">
    <name>538.3</name>
  </wpt>
  <wpt lat="51.8865968584885" lon="4.522344990947591">
    <name>538.4</name>
  </wpt>
  <wpt lat="51.887491961686045" lon="4.52221932462285">
    <name>538.5</name>
  </wpt>
  <wpt lat="51.88837843705096" lon="4.5221262182723923">
    <name>538.6</name>
  </wpt>
  <wpt lat="51.889227696703848" lon="4.5221258120001435">
    <name>538.7</name>
  </wpt>
  <wpt lat="51.890028844379231" lon="4.5214637909095323">
    <name>538.8</name>
  </wpt>
  <wpt lat="51.890822493709415" lon="4.5207791737048746">
    <name>538.9</name>
  </wpt>
  <wpt lat="51.891614123275012" lon="4.5200888872129967">
    <name>539.0</name>
  </wpt>
  <wpt lat="51.892418935027237" lon="4.5194386477907376">
    <name>539.1</name>
  </wpt>
  <wpt lat="51.89321822874733" lon="4.5187708035544638">
    <name>539.2</name>
  </wpt>
  <wpt lat="51.894011661526896" lon="4.5180856934017939">
    <name>539.3</name>
  </wpt>
  <wpt lat="51.894768081904296" lon="4.5173288418204027">
    <name>539.4</name>
  </wpt>
  <wpt lat="51.895591082960131" lon="4.5167927642959009">
    <name>539.5</name>
  </wpt>
  <wpt lat="51.8964080221876" lon="4.5161841396273674">
    <name>539.6</name>
  </wpt>
  <wpt lat="51.89724071285292" lon="4.5156336205893544">
    <name>539.7</name>
  </wpt>
  <wpt lat="51.898047471103737" lon="4.5149956340655137">
    <name>539.8</name>
  </wpt>
  <wpt lat="51.898779670587906" lon="4.5145613418725494">
    <name>539.9</name>
  </wpt>
  <wpt lat="51.899576564111221" lon="4.5138858500771217">
    <name>540.0</name>
  </wpt>
  <wpt lat="51.900172813409462" lon="4.5128550653077193">
    <name>540.1</name>
  </wpt>
  <wpt lat="51.900962143491618" lon="4.512157321320732">
    <name>540.2</name>
  </wpt>
  <wpt lat="51.901300579330794" lon="4.5117379230585417">
    <name>540.3</name>
  </wpt>
  <wpt lat="51.901163043091735" lon="4.5106857011087627">
    <name>540.4</name>
  </wpt>
  <wpt lat="51.901678542437665" lon="4.5094915683794943">
    <name>540.5</name>
  </wpt>
  <wpt lat="51.902189100881074" lon="4.5082917496708452">
    <name>540.6</name>
  </wpt>
  <wpt lat="51.9026994750054" lon="4.5070918412906034">
    <name>540.7</name>
  </wpt>
  <wpt lat="51.903164544200351" lon="4.5058453972223829">
    <name>540.8</name>
  </wpt>
  <wpt lat="51.903618829992908" lon="4.5045907841972639">
    <name>540.9</name>
  </wpt>
  <wpt lat="51.904125614364126" lon="4.5033876602819394">
    <name>541.0</name>
  </wpt>
  <wpt lat="51.904618965837976" lon="4.5021756558534785">
    <name>541.1</name>
  </wpt>
  <wpt lat="51.905133870653863" lon="4.50098079576718">
    <name>541.2</name>
  </wpt>
  <wpt lat="51.905644143733312" lon="4.4997805931576424">
    <name>541.3</name>
  </wpt>
  <wpt lat="51.906170187413352" lon="4.4985991833128285">
    <name>541.4</name>
  </wpt>
  <wpt lat="51.906655759077083" lon="4.4973755625823664">
    <name>541.5</name>
  </wpt>
  <wpt lat="51.907172765943059" lon="4.4961828611799541">
    <name>541.6</name>
  </wpt>
  <wpt lat="51.90768437446701" lon="4.4949840487843531">
    <name>541.7</name>
  </wpt>
  <wpt lat="51.908201027530382" lon="4.4937941146395719">
    <name>541.8</name>
  </wpt>
  <wpt lat="51.908555000006764" lon="4.4925052123811389">
    <name>541.9</name>
  </wpt>
  <wpt lat="51.908082916241867" lon="4.4912986737390543">
    <name>542.0</name>
  </wpt>
  <wpt lat="51.907930363084354" lon="4.4901114863522364">
    <name>542.1</name>
  </wpt>
  <wpt lat="51.908390919223315" lon="4.488860734077055">
    <name>542.2</name>
  </wpt>
  <wpt lat="51.908879673327519" lon="4.4876370425942635">
    <name>542.3</name>
  </wpt>
  <wpt lat="51.909368427431616" lon="4.4864133377942608">
    <name>542.4</name>
  </wpt>
  <wpt lat="51.909857181535607" lon="4.485189619676639">
    <name>542.5</name>
  </wpt>
  <wpt lat="51.910345935639477" lon="4.4839658882410935">
    <name>542.6</name>
  </wpt>
  <wpt lat="51.910951770562384" lon="4.4829306951518619">
    <name>542.7</name>
  </wpt>
  <wpt lat="51.911827542750906" lon="4.482619674142458">
    <name>542.8</name>
  </wpt>
  <wpt lat="51.912677542003124" lon="4.4823322175622407">
    <name>542.9</name>
  </wpt>
  <wpt lat="51.913573279011409" lon="4.482208949336342">
    <name>543.0</name>
  </wpt>
  <wpt lat="51.914472116261123" lon="4.4821640093496429">
    <name>543.1</name>
  </wpt>
  <wpt lat="51.915371204339557" lon="4.482130785711151">
    <name>543.2</name>
  </wpt>
  <wpt lat="51.91626895559645" lon="4.4821558419465868">
    <name>543.3</name>
  </wpt>
  <wpt lat="51.917146570425551" lon="4.4819452168643217">
    <name>543.4</name>
  </wpt>
  <wpt lat="51.918006038282357" lon="4.4815159810573446">
    <name>543.5</name>
  </wpt>
  <wpt lat="51.918641803148077" lon="4.48077598173633">
    <name>543.6</name>
  </wpt>
  <wpt lat="51.9194910983179" lon="4.480308214793415">
    <name>543.7</name>
  </wpt>
  <wpt lat="51.920366796085183" lon="4.479976331558559">
    <name>543.8</name>
  </wpt>
  <wpt lat="51.921233575073693" lon="4.4795912125039647">
    <name>543.9</name>
  </wpt>
  <wpt lat="51.92208697503159" lon="4.4791317978203873">
    <name>544.0</name>
  </wpt>
</gpx>