<?xml version="1.0" encoding="utf-8"?>
<gpx xmlns:xsi="http://www.w3.org/2001/XMLSchema-instance" xsi:schemaLocation="http://www.topografix.com/GPX/1/1 http://www.topografix.com/GPX/1/1/gpx.xsd" version="1.1" creator="Roparun" xmlns="http://www.topografix.com/GPX/1/1">
  <wpt lat="49.846537659652469" lon="3.3625978819960656">
    <name>21.08</name>
  </wpt>
  <wpt lat="49.84656900865189" lon="3.3630199964273233">
    <name>21.1</name>
  </wpt>
  <wpt lat="49.846601000295223" lon="3.3644124948246263">
    <name>21.2</name>
  </wpt>
  <wpt lat="49.846536655235028" lon="3.3658031815456173">
    <name>21.3</name>
  </wpt>
  <wpt lat="49.846473474369439" lon="3.3671942521515184">
    <name>21.4</name>
  </wpt>
  <wpt lat="49.846384482321646" lon="3.3685797827238697">
    <name>21.5</name>
  </wpt>
  <wpt lat="49.897662488677874" lon="3.36708070883409">
    <name>28.02</name>
  </wpt>
  <wpt lat="49.898497313088875" lon="3.3667698178551251">
    <name>28.1</name>
  </wpt>
  <wpt lat="49.964724237781752" lon="3.3548211503158125">
    <name>36.15</name>
  </wpt>
  <wpt lat="49.965023293563739" lon="3.355607836857017">
    <name>36.2</name>
  </wpt>
  <wpt lat="49.965424972121106" lon="3.3568571215865082">
    <name>36.3</name>
  </wpt>
  <wpt lat="49.965785680263693" lon="3.3581377313226288">
    <name>36.4</name>
  </wpt>
  <wpt lat="49.966133003539312" lon="3.3594265798437331">
    <name>36.5</name>
  </wpt>
  <wpt lat="49.966425147017638" lon="3.3607488685859734">
    <name>36.6</name>
  </wpt>
  <wpt lat="49.966726474300522" lon="3.3620661732181691">
    <name>36.7</name>
  </wpt>
  <wpt lat="49.967043641881446" lon="3.3633740523051658">
    <name>36.8</name>
  </wpt>
  <wpt lat="49.967468374581863" lon="3.3645993685131987">
    <name>36.9</name>
  </wpt>
  <wpt lat="49.968045120394535" lon="3.3656700112809159">
    <name>37.0</name>
  </wpt>
  <wpt lat="49.968629318207185" lon="3.3667328604040065">
    <name>37.1</name>
  </wpt>
  <wpt lat="49.969209805672115" lon="3.3678007765439744">
    <name>37.2</name>
  </wpt>
  <wpt lat="49.969705969790404" lon="3.3689646133091777">
    <name>37.3</name>
  </wpt>
  <wpt lat="49.970164296456019" lon="3.3701676295786549">
    <name>37.4</name>
  </wpt>
  <wpt lat="49.970622623121535" lon="3.3713706573047446">
    <name>37.5</name>
  </wpt>
  <wpt lat="49.971084683061292" lon="3.3725702212627704">
    <name>37.6</name>
  </wpt>
  <wpt lat="49.97161830832389" lon="3.3736869376151173">
    <name>37.7</name>
  </wpt>
  <wpt lat="49.972245599509669" lon="3.3746886164447849">
    <name>37.8</name>
  </wpt>
  <wpt lat="49.972872400769987" lon="3.3756912734490063">
    <name>37.9</name>
  </wpt>
  <wpt lat="49.973517378836867" lon="3.376665469419859">
    <name>38.0</name>
  </wpt>
  <wpt lat="49.974183301752831" lon="3.3776052710812343">
    <name>38.1</name>
  </wpt>
  <wpt lat="49.974795677816836" lon="3.3786240656913775">
    <name>38.2</name>
  </wpt>
  <wpt lat="49.975289769403389" lon="3.3797890471458443">
    <name>38.3</name>
  </wpt>
  <wpt lat="49.975799798140287" lon="3.3809385958477476">
    <name>38.4</name>
  </wpt>
  <wpt lat="49.9763905303684" lon="3.3819919709913386">
    <name>38.5</name>
  </wpt>
  <wpt lat="49.976933023055089" lon="3.3831067685336715">
    <name>38.6</name>
  </wpt>
  <wpt lat="49.977429299435606" lon="3.384272526915614">
    <name>38.7</name>
  </wpt>
  <wpt lat="49.977945199803059" lon="3.3854098505441184">
    <name>38.8</name>
  </wpt>
  <wpt lat="49.9784730494086" lon="3.3865420861690723">
    <name>38.9</name>
  </wpt>
  <wpt lat="49.978995596992888" lon="3.3876802253273173">
    <name>39.0</name>
  </wpt>
  <wpt lat="49.979441782553771" lon="3.3888905100934723">
    <name>39.1</name>
  </wpt>
  <wpt lat="49.979794855581829" lon="3.390176558490773">
    <name>39.2</name>
  </wpt>
  <wpt lat="49.980134040105966" lon="3.3914717912559333">
    <name>39.3</name>
  </wpt>
  <wpt lat="49.980473224630011" lon="3.3927670331526949">
    <name>39.4</name>
  </wpt>
  <wpt lat="49.980809340470671" lon="3.3940641998924486">
    <name>39.5</name>
  </wpt>
  <wpt lat="49.981114340164396" lon="3.3953777202841962">
    <name>39.6</name>
  </wpt>
  <wpt lat="49.981015201266615" lon="3.3967497084194855">
    <name>39.7</name>
  </wpt>
  <wpt lat="49.980852835748593" lon="3.3981252202423513">
    <name>39.8</name>
  </wpt>
  <wpt lat="49.980781274160449" lon="3.3995095768699346">
    <name>39.9</name>
  </wpt>
  <wpt lat="49.9810637169509" lon="3.4008331475641023">
    <name>40.0</name>
  </wpt>
  <wpt lat="49.981384182398848" lon="3.4021398908821467">
    <name>40.1</name>
  </wpt>
  <wpt lat="49.981822437857751" lon="3.4033574660346257">
    <name>40.2</name>
  </wpt>
  <wpt lat="49.982328381025262" lon="3.4045135174565018">
    <name>40.3</name>
  </wpt>
  <wpt lat="49.982822933978383" lon="3.4056814015364667">
    <name>40.4</name>
  </wpt>
  <wpt lat="49.983306276734169" lon="3.4068608278400068">
    <name>40.5</name>
  </wpt>
  <wpt lat="49.983772151950248" lon="3.408056886877052">
    <name>40.6</name>
  </wpt>
  <wpt lat="49.984238003945052" lon="3.4092532041064372">
    <name>40.7</name>
  </wpt>
  <wpt lat="49.984642627081541" lon="3.4105018540316152">
    <name>40.8</name>
  </wpt>
  <wpt lat="49.9850241232281" lon="3.4117680799919277">
    <name>40.9</name>
  </wpt>
  <wpt lat="49.985338662994074" lon="3.4130774639334871">
    <name>41.0</name>
  </wpt>
  <wpt lat="49.985558069084824" lon="3.4144338732317592">
    <name>41.1</name>
  </wpt>
  <wpt lat="49.985884128103969" lon="3.4157319665449513">
    <name>41.2</name>
  </wpt>
  <wpt lat="49.9862732235735" lon="3.4169927805967726">
    <name>41.3</name>
  </wpt>
  <wpt lat="49.986652682665472" lon="3.4182608777727697">
    <name>41.4</name>
  </wpt>
  <wpt lat="49.986937896000555" lon="3.4195866750865553">
    <name>41.5</name>
  </wpt>
  <wpt lat="49.9871402405446" lon="3.4209489832874347">
    <name>41.6</name>
  </wpt>
  <wpt lat="49.987361314710725" lon="3.4223047881071937">
    <name>41.7</name>
  </wpt>
  <wpt lat="49.987571179542847" lon="3.4236647504704774">
    <name>41.8</name>
  </wpt>
  <wpt lat="49.987740905346847" lon="3.4250383516863105">
    <name>41.9</name>
  </wpt>
  <wpt lat="49.987880163732775" lon="3.4264198525057532">
    <name>42.0</name>
  </wpt>
  <wpt lat="49.988005932023519" lon="3.4278048523177249">
    <name>42.1</name>
  </wpt>
  <wpt lat="49.988108100581805" lon="3.4291934467387568">
    <name>42.2</name>
  </wpt>
  <wpt lat="49.988131423476496" lon="3.4305909699206665">
    <name>42.3</name>
  </wpt>
  <wpt lat="49.9881208205372" lon="3.4319896233236231">
    <name>42.4</name>
  </wpt>
  <wpt lat="49.98810452967826" lon="3.4333881106558257">
    <name>42.5</name>
  </wpt>
  <wpt lat="49.988081400336732" lon="3.4347863976353725">
    <name>42.6</name>
  </wpt>
  <wpt lat="49.988058270995211" lon="3.4361846839424737">
    <name>42.7</name>
  </wpt>
  <wpt lat="49.988039628821014" lon="3.4375831215825041">
    <name>42.8</name>
  </wpt>
  <wpt lat="49.9880129610674" lon="3.438981066842238">
    <name>42.9</name>
  </wpt>
  <wpt lat="49.987834961584909" lon="3.4403495257098839">
    <name>43.0</name>
  </wpt>
  <wpt lat="49.987610573421847" lon="3.4417039927805071">
    <name>43.1</name>
  </wpt>
  <wpt lat="49.987391961340251" lon="3.4430597937812593">
    <name>43.2</name>
  </wpt>
  <wpt lat="49.988234935095235" lon="3.4433891458994537">
    <name>43.3</name>
  </wpt>
  <wpt lat="49.988801000272936" lon="3.444387417556">
    <name>43.4</name>
  </wpt>
  <wpt lat="49.98923307641153" lon="3.4515829623032661">
    <name>44.00</name>
  </wpt>
  <wpt lat="49.9893607584234" lon="3.45162390986944">
    <name>44.0</name>
  </wpt>
  <wpt lat="49.990230601502461" lon="3.4519599999999526">
    <name>44.1</name>
  </wpt>
  <wpt lat="50.027444193529163" lon="3.4608043661080128">
    <name>48.91</name>
  </wpt>
  <wpt lat="50.027447501863335" lon="3.460801654755679">
    <name>48.9</name>
  </wpt>
  <wpt lat="50.028230587471008" lon="3.4614426920888417">
    <name>49.0</name>
  </wpt>
  <wpt lat="50.029090411873668" lon="3.4618530148900466">
    <name>49.1</name>
  </wpt>
  <wpt lat="50.029949597953106" lon="3.4622665065314155">
    <name>49.2</name>
  </wpt>
  <wpt lat="50.03076372131251" lon="3.4628528730926593">
    <name>49.3</name>
  </wpt>
  <wpt lat="50.031608448540716" lon="3.4633211649169664">
    <name>49.4</name>
  </wpt>
  <wpt lat="50.032484793828189" lon="3.463623529160321">
    <name>49.5</name>
  </wpt>
  <wpt lat="50.033328817949929" lon="3.4640516972236419">
    <name>49.6</name>
  </wpt>
  <wpt lat="50.034227990847434" lon="3.4640620000000197">
    <name>49.7</name>
  </wpt>
  <wpt lat="50.035116055544634" lon="3.4642434211262">
    <name>49.8</name>
  </wpt>
  <wpt lat="50.035997630400985" lon="3.464519526055164">
    <name>49.9</name>
  </wpt>
  <wpt lat="50.036895182724415" lon="3.4645866359730833">
    <name>50.0</name>
  </wpt>
  <wpt lat="50.0377928613228" lon="3.4646493783916843">
    <name>50.1</name>
  </wpt>
  <wpt lat="50.038662953331809" lon="3.4650008130239862">
    <name>50.2</name>
  </wpt>
  <wpt lat="50.039295974606361" lon="3.4642680513205852">
    <name>50.3</name>
  </wpt>
  <wpt lat="50.039849693732556" lon="3.4631650161960557">
    <name>50.4</name>
  </wpt>
  <wpt lat="50.040350816878536" lon="3.4620027763286321">
    <name>50.5</name>
  </wpt>
  <wpt lat="50.04083955432732" lon="3.4608273252936232">
    <name>50.6</name>
  </wpt>
  <wpt lat="50.041354880304887" lon="3.459680101353281">
    <name>50.7</name>
  </wpt>
  <wpt lat="50.041920419264336" lon="3.4585913243768229">
    <name>50.8</name>
  </wpt>
  <wpt lat="50.042489886518105" lon="3.4575084847347592">
    <name>50.9</name>
  </wpt>
  <wpt lat="50.043239916994757" lon="3.4567459351894523">
    <name>51.0</name>
  </wpt>
  <wpt lat="50.044031718024037" lon="3.4560819470390496">
    <name>51.1</name>
  </wpt>
  <wpt lat="50.044823519053253" lon="3.455417947935834">
    <name>51.2</name>
  </wpt>
  <wpt lat="50.04559830604645" lon="3.454708694705638">
    <name>51.3</name>
  </wpt>
  <wpt lat="50.046346245450621" lon="3.453931162541851">
    <name>51.4</name>
  </wpt>
  <wpt lat="50.047090351882552" lon="3.4531447970472611">
    <name>51.5</name>
  </wpt>
  <wpt lat="50.047842778291951" lon="3.4523777597409273">
    <name>51.6</name>
  </wpt>
  <wpt lat="50.048597522876662" lon="3.4516218201937181">
    <name>51.7</name>
  </wpt>
  <wpt lat="50.04947914538301" lon="3.4515937891639124">
    <name>51.8</name>
  </wpt>
  <wpt lat="50.050375101439627" lon="3.4515299877711318">
    <name>51.9</name>
  </wpt>
  <wpt lat="50.051251190588374" lon="3.451226522987056">
    <name>52.0</name>
  </wpt>
  <wpt lat="50.052097967938927" lon="3.450754877223055">
    <name>52.1</name>
  </wpt>
  <wpt lat="50.05294258002467" lon="3.4502738121626018">
    <name>52.2</name>
  </wpt>
  <wpt lat="50.053804886580018" lon="3.4499035753283351">
    <name>52.3</name>
  </wpt>
  <wpt lat="50.054671593340565" lon="3.4495869141964306">
    <name>52.4</name>
  </wpt>
  <wpt lat="50.055495675016509" lon="3.4490260622550122">
    <name>52.5</name>
  </wpt>
  <wpt lat="50.05631975669241" lon="3.4484652006809404">
    <name>52.6</name>
  </wpt>
  <wpt lat="50.057133991835364" lon="3.4478710686081704">
    <name>52.7</name>
  </wpt>
  <wpt lat="50.0579109723642" lon="3.4471739510900004">
    <name>52.8</name>
  </wpt>
  <wpt lat="50.058617133122588" lon="3.4463065465583615">
    <name>52.9</name>
  </wpt>
  <wpt lat="50.059321096753735" lon="3.4454351260564549">
    <name>53.0</name>
  </wpt>
  <wpt lat="50.059980815623049" lon="3.444483105112631">
    <name>53.1</name>
  </wpt>
  <wpt lat="50.060754730598489" lon="3.4437938173820961">
    <name>53.2</name>
  </wpt>
  <wpt lat="50.061158228948528" lon="3.4428869424163175">
    <name>53.3</name>
  </wpt>
  <wpt lat="50.061562597922396" lon="3.4416533022878419">
    <name>53.4</name>
  </wpt>
  <wpt lat="50.062137840877156" lon="3.4405774405245393">
    <name>53.5</name>
  </wpt>
  <wpt lat="50.062943785414681" lon="3.4400209460707654">
    <name>53.6</name>
  </wpt>
  <wpt lat="50.063814323082887" lon="3.4402922034839745">
    <name>53.7</name>
  </wpt>
  <wpt lat="50.064657626585145" lon="3.4407782981681594">
    <name>53.8</name>
  </wpt>
  <wpt lat="50.065509510687924" lon="3.4412273025681328">
    <name>53.9</name>
  </wpt>
  <wpt lat="50.066352873676678" lon="3.4417097405952659">
    <name>54.0</name>
  </wpt>
  <wpt lat="50.067153717292882" lon="3.4423471982984069">
    <name>54.1</name>
  </wpt>
  <wpt lat="50.067954560909037" lon="3.442984666645668">
    <name>54.2</name>
  </wpt>
  <wpt lat="50.068778443422929" lon="3.4435380650676195">
    <name>54.3</name>
  </wpt>
  <wpt lat="50.069648737355976" lon="3.4438889580649956">
    <name>54.4</name>
  </wpt>
  <wpt lat="50.070524931532212" lon="3.4442021908761946">
    <name>54.5</name>
  </wpt>
  <wpt lat="50.071422316267409" lon="3.4442383712217262">
    <name>54.6</name>
  </wpt>
  <wpt lat="50.072315081386918" lon="3.4443860255956578">
    <name>54.7</name>
  </wpt>
  <wpt lat="50.07317316410564" lon="3.4447876033927605">
    <name>54.8</name>
  </wpt>
  <wpt lat="50.074008309659746" lon="3.4453070172384357">
    <name>54.9</name>
  </wpt>
  <wpt lat="50.074898669345053" lon="3.445479999999979">
    <name>55.0</name>
  </wpt>
  <wpt lat="50.075785914205255" lon="3.44527395560773">
    <name>55.1</name>
  </wpt>
  <wpt lat="50.076667794133428" lon="3.4450028803009709">
    <name>55.2</name>
  </wpt>
  <wpt lat="50.07756636143047" lon="3.4450158372974546">
    <name>55.3</name>
  </wpt>
  <wpt lat="50.078462398078223" lon="3.4449354009966875">
    <name>55.4</name>
  </wpt>
  <wpt lat="50.079347082063926" lon="3.4446941984742208">
    <name>55.5</name>
  </wpt>
  <wpt lat="50.080150224270994" lon="3.4440725000247308">
    <name>55.6</name>
  </wpt>
  <wpt lat="50.080989190503765" lon="3.4435749684032029">
    <name>55.7</name>
  </wpt>
  <wpt lat="50.081878827834636" lon="3.4434838121724449">
    <name>55.8</name>
  </wpt>
  <wpt lat="50.082566599107452" lon="3.443872060420496">
    <name>55.9</name>
  </wpt>
  <wpt lat="50.082619587050928" lon="3.4452650398407161">
    <name>56.0</name>
  </wpt>
  <wpt lat="50.0828075937692" lon="3.4466326343328331">
    <name>56.1</name>
  </wpt>
  <wpt lat="50.0831308162187" lon="3.4479306018195159">
    <name>56.2</name>
  </wpt>
  <wpt lat="50.083919560167352" lon="3.4480351382676484">
    <name>56.3</name>
  </wpt>
  <wpt lat="50.084814210965412" lon="3.4478924791155507">
    <name>56.4</name>
  </wpt>
  <wpt lat="50.085710793051049" lon="3.4478004808042906">
    <name>56.5</name>
  </wpt>
  <wpt lat="50.086607224863052" lon="3.4479127521125617">
    <name>56.6</name>
  </wpt>
  <wpt lat="50.087505630385252" lon="3.4479722594045747">
    <name>56.7</name>
  </wpt>
  <wpt lat="50.08840483295382" lon="3.44799339174278">
    <name>56.8</name>
  </wpt>
  <wpt lat="50.089304133612217" lon="3.4480029586765095">
    <name>56.9</name>
  </wpt>
  <wpt lat="50.090202449474482" lon="3.4480360447408973">
    <name>57.0</name>
  </wpt>
  <wpt lat="50.091086660101077" lon="3.4482757637254386">
    <name>57.1</name>
  </wpt>
  <wpt lat="50.091973370873731" lon="3.4483438514980249">
    <name>57.2</name>
  </wpt>
  <wpt lat="50.09256003115955" lon="3.4493307207173407">
    <name>57.3</name>
  </wpt>
  <wpt lat="50.093171892777974" lon="3.4503475406326309">
    <name>57.4</name>
  </wpt>
  <wpt lat="50.093720597395446" lon="3.4514530570920852">
    <name>57.5</name>
  </wpt>
  <wpt lat="50.094320990694584" lon="3.4524744729390164">
    <name>57.6</name>
  </wpt>
  <wpt lat="50.094916837659447" lon="3.4534930258758574">
    <name>57.7</name>
  </wpt>
  <wpt lat="50.095215081773887" lon="3.454815028341002">
    <name>57.8</name>
  </wpt>
  <wpt lat="50.095634829392672" lon="3.4560529025749078">
    <name>57.9</name>
  </wpt>
  <wpt lat="50.095867434921104" lon="3.4574023256018256">
    <name>58.0</name>
  </wpt>
  <wpt lat="50.096035612856177" lon="3.4587794880683496">
    <name>58.1</name>
  </wpt>
  <wpt lat="50.096267313322791" lon="3.4601303194546511">
    <name>58.2</name>
  </wpt>
  <wpt lat="50.09665129589888" lon="3.461397957644853">
    <name>58.3</name>
  </wpt>
  <wpt lat="50.096911830314788" lon="3.4627379929098319">
    <name>58.4</name>
  </wpt>
  <wpt lat="50.097142763608566" lon="3.4640923189778654">
    <name>58.5</name>
  </wpt>
  <wpt lat="50.097209335418789" lon="3.4654809031251457">
    <name>58.6</name>
  </wpt>
  <wpt lat="50.09778842309268" lon="3.4663266954939935">
    <name>58.7</name>
  </wpt>
  <wpt lat="50.0986763616788" lon="3.4665490490366277">
    <name>58.8</name>
  </wpt>
  <wpt lat="50.099554167501246" lon="3.466852530848223">
    <name>58.9</name>
  </wpt>
  <wpt lat="50.100432121300237" lon="3.4671509462182906">
    <name>59.0</name>
  </wpt>
  <wpt lat="50.101292170576691" lon="3.4675496543346402">
    <name>59.1</name>
  </wpt>
  <wpt lat="50.102087408701216" lon="3.4681793222365882">
    <name>59.2</name>
  </wpt>
  <wpt lat="50.102917309807118" lon="3.4686442708599756">
    <name>59.3</name>
  </wpt>
  <wpt lat="50.103755214885879" lon="3.4690946769733473">
    <name>59.4</name>
  </wpt>
  <wpt lat="50.104347356136159" lon="3.4701090888895685">
    <name>59.5</name>
  </wpt>
  <wpt lat="50.105141269272465" lon="3.4703054265052562">
    <name>59.6</name>
  </wpt>
  <wpt lat="50.106008949972114" lon="3.4702129127565611">
    <name>59.7</name>
  </wpt>
  <wpt lat="50.106843317207428" lon="3.4707346386898212">
    <name>59.8</name>
  </wpt>
  <wpt lat="50.107735929723816" lon="3.4708210000000026">
    <name>59.9</name>
  </wpt>
  <wpt lat="50.108585427295573" lon="3.4711547766743251">
    <name>60.0</name>
  </wpt>
  <wpt lat="50.18405735553366" lon="3.4929637886132641">
    <name>69.86</name>
  </wpt>
  <wpt lat="50.18426349631185" lon="3.493666440407416">
    <name>69.9</name>
  </wpt>
  <wpt lat="50.18503021739204" lon="3.4938884761035318">
    <name>70.0</name>
  </wpt>
  <wpt lat="50.185851381468218" lon="3.4942706386246183">
    <name>70.1</name>
  </wpt>
  <wpt lat="50.186439449510168" lon="3.4953298589302308">
    <name>70.2</name>
  </wpt>
  <wpt lat="50.186832643046145" lon="3.4965764924420593">
    <name>70.3</name>
  </wpt>
  <wpt lat="50.186926620026696" lon="3.4977444795088934">
    <name>70.4</name>
  </wpt>
  <wpt lat="50.187501078747758" lon="3.4987708077261939">
    <name>70.5</name>
  </wpt>
  <wpt lat="50.188376789146076" lon="3.4988490912805856">
    <name>70.6</name>
  </wpt>
  <wpt lat="50.189273379589139" lon="3.4987607382700157">
    <name>70.7</name>
  </wpt>
  <wpt lat="50.190171918289643" lon="3.4987139366368778">
    <name>70.8</name>
  </wpt>
  <wpt lat="50.191070636576271" lon="3.4986796476429447">
    <name>70.9</name>
  </wpt>
  <wpt lat="50.191949371874209" lon="3.4989357686044715">
    <name>71.0</name>
  </wpt>
  <wpt lat="50.1927895923248" lon="3.4994366001013528">
    <name>71.1</name>
  </wpt>
  <wpt lat="50.193584764818567" lon="3.5000807647561767">
    <name>71.2</name>
  </wpt>
  <wpt lat="50.194291325562808" lon="3.5007032195646737">
    <name>71.3</name>
  </wpt>
  <wpt lat="50.194653257028136" lon="3.5017420000000037">
    <name>71.4</name>
  </wpt>
  <wpt lat="50.19538956823429" lon="3.5024775386185225">
    <name>71.5</name>
  </wpt>
  <wpt lat="50.196062085397166" lon="3.5034098390355206">
    <name>71.6</name>
  </wpt>
  <wpt lat="50.196789220334168" lon="3.5042341864678144">
    <name>71.7</name>
  </wpt>
  <wpt lat="50.197543220839862" lon="3.5049998939453566">
    <name>71.8</name>
  </wpt>
  <wpt lat="50.198299090986175" lon="3.5057610858975123">
    <name>71.9</name>
  </wpt>
  <wpt lat="50.199043655888836" lon="3.506547599868028">
    <name>72.0</name>
  </wpt>
  <wpt lat="50.199629546180624" lon="3.5076134016266414">
    <name>72.1</name>
  </wpt>
  <wpt lat="50.200235058392039" lon="3.5086502426604866">
    <name>72.2</name>
  </wpt>
  <wpt lat="50.200890100348232" lon="3.5096118388506357">
    <name>72.3</name>
  </wpt>
  <wpt lat="50.20164265429468" lon="3.5103759171114843">
    <name>72.4</name>
  </wpt>
  <wpt lat="50.202409380097485" lon="3.5111100991367166">
    <name>72.5</name>
  </wpt>
  <wpt lat="50.203120649359462" lon="3.5119648439331277">
    <name>72.6</name>
  </wpt>
  <wpt lat="50.203815112233734" lon="3.5128575719814985">
    <name>72.7</name>
  </wpt>
  <wpt lat="50.204493491968428" lon="3.5137798687279953">
    <name>72.8</name>
  </wpt>
  <wpt lat="50.205169177007335" lon="3.5147071300676354">
    <name>72.9</name>
  </wpt>
  <wpt lat="50.205851191692595" lon="3.5156210650257513">
    <name>73.0</name>
  </wpt>
  <wpt lat="50.206513130477923" lon="3.5165722452727413">
    <name>73.1</name>
  </wpt>
  <wpt lat="50.207175319487241" lon="3.517520760110993">
    <name>73.2</name>
  </wpt>
  <wpt lat="50.207885342327714" lon="3.5183829894304091">
    <name>73.3</name>
  </wpt>
  <wpt lat="50.208646765379811" lon="3.5191231374194047">
    <name>73.4</name>
  </wpt>
  <wpt lat="50.209424641342622" lon="3.51982633966671">
    <name>73.5</name>
  </wpt>
  <wpt lat="50.210214495710396" lon="3.5204602683331414">
    <name>73.6</name>
  </wpt>
  <wpt lat="50.210797462135325" lon="3.5213891187008004">
    <name>73.7</name>
  </wpt>
  <wpt lat="50.211108357433133" lon="3.5227066848174391">
    <name>73.8</name>
  </wpt>
  <wpt lat="50.211752782663652" lon="3.5236437652427415">
    <name>73.9</name>
  </wpt>
  <wpt lat="50.2125505371736" lon="3.5242299999999678">
    <name>74.0</name>
  </wpt>
  <wpt lat="50.213287994480673" lon="3.5247369888050204">
    <name>74.1</name>
  </wpt>
  <wpt lat="50.213959536859434" lon="3.5256688243818655">
    <name>74.2</name>
  </wpt>
  <wpt lat="50.214649108001815" lon="3.5265679116918243">
    <name>74.3</name>
  </wpt>
  <wpt lat="50.215348179446188" lon="3.5274496976059675">
    <name>74.4</name>
  </wpt>
  <wpt lat="50.216018735738146" lon="3.5283831493418281">
    <name>74.5</name>
  </wpt>
  <wpt lat="50.216734573985711" lon="3.5292299684592718">
    <name>74.6</name>
  </wpt>
  <wpt lat="50.217408253954119" lon="3.5301526699115557">
    <name>74.7</name>
  </wpt>
  <wpt lat="50.21804866403977" lon="3.531139135401947">
    <name>74.8</name>
  </wpt>
  <wpt lat="50.218697412600683" lon="3.5321124994333308">
    <name>74.9</name>
  </wpt>
  <wpt lat="50.219373586219334" lon="3.5330378721025038">
    <name>75.0</name>
  </wpt>
  <wpt lat="50.2201409351357" lon="3.5337629762727345">
    <name>75.1</name>
  </wpt>
  <wpt lat="50.220943712909452" lon="3.5343965355727502">
    <name>75.2</name>
  </wpt>
  <wpt lat="50.221746490683159" lon="3.5350301055353084">
    <name>75.3</name>
  </wpt>
  <wpt lat="50.222503120221077" lon="3.5357830022762857">
    <name>75.4</name>
  </wpt>
  <wpt lat="50.223191937004025" lon="3.536686306119746">
    <name>75.5</name>
  </wpt>
  <wpt lat="50.223858857430074" lon="3.5376292178307933">
    <name>75.6</name>
  </wpt>
  <wpt lat="50.2245454505256" lon="3.538535395529625">
    <name>75.7</name>
  </wpt>
  <wpt lat="50.225236386809328" lon="3.539432483216713">
    <name>75.8</name>
  </wpt>
  <wpt lat="50.225741350664784" lon="3.5405848624467926">
    <name>75.9</name>
  </wpt>
  <wpt lat="50.226340962906654" lon="3.5416016038330169">
    <name>76.0</name>
  </wpt>
  <wpt lat="50.227108771805277" lon="3.5422095418680382">
    <name>76.1</name>
  </wpt>
  <wpt lat="50.22775337888379" lon="3.5431846450001574">
    <name>76.2</name>
  </wpt>
  <wpt lat="50.228306046261558" lon="3.5442836642246456">
    <name>76.3</name>
  </wpt>
  <wpt lat="50.228629687632051" lon="3.5455827510239386">
    <name>76.4</name>
  </wpt>
  <wpt lat="50.228925799251208" lon="3.5469063236021143">
    <name>76.5</name>
  </wpt>
  <wpt lat="50.229472897434576" lon="3.5479800587914951">
    <name>76.6</name>
  </wpt>
  <wpt lat="50.230270553896005" lon="3.5483743268525934">
    <name>76.7</name>
  </wpt>
  <wpt lat="50.231108999862442" lon="3.5479329459593512">
    <name>76.8</name>
  </wpt>
  <wpt lat="50.231957843114294" lon="3.5474782099429545">
    <name>76.9</name>
  </wpt>
  <wpt lat="50.232733592300207" lon="3.5467807320604074">
    <name>77.0</name>
  </wpt>
  <wpt lat="50.233612362044894" lon="3.5465539920580742">
    <name>77.1</name>
  </wpt>
  <wpt lat="50.234506708928159" lon="3.5466777213828777">
    <name>77.2</name>
  </wpt>
  <wpt lat="50.23538119399138" lon="3.5469580969025603">
    <name>77.3</name>
  </wpt>
  <wpt lat="50.23626742060268" lon="3.5471501496526914">
    <name>77.4</name>
  </wpt>
  <wpt lat="50.237165668240216" lon="3.5472167504898069">
    <name>77.5</name>
  </wpt>
  <wpt lat="50.238035458835185" lon="3.5475130717535643">
    <name>77.6</name>
  </wpt>
  <wpt lat="50.238860372361934" lon="3.5480711596812124">
    <name>77.7</name>
  </wpt>
  <wpt lat="50.239205698712773" lon="3.5490315006644897">
    <name>77.8</name>
  </wpt>
  <wpt lat="50.2391147597579" lon="3.55042979458589">
    <name>77.9</name>
  </wpt>
  <wpt lat="50.239007012775033" lon="3.5518257664232977">
    <name>78.0</name>
  </wpt>
  <wpt lat="50.2388992657922" lon="3.5532217351054936">
    <name>78.1</name>
  </wpt>
  <wpt lat="50.238788680271774" lon="3.554617111126896">
    <name>78.2</name>
  </wpt>
  <wpt lat="50.238658999657417" lon="3.5560085059427653">
    <name>78.3</name>
  </wpt>
  <wpt lat="50.2385026118002" lon="3.5573916852074761">
    <name>78.4</name>
  </wpt>
  <wpt lat="50.238280686972743" lon="3.5587538375477417">
    <name>78.5</name>
  </wpt>
  <wpt lat="50.237999174955206" lon="3.5600882008570909">
    <name>78.6</name>
  </wpt>
  <wpt lat="50.23780888107428" lon="3.561462286514149">
    <name>78.7</name>
  </wpt>
  <wpt lat="50.237610953535842" lon="3.562819647436112">
    <name>78.8</name>
  </wpt>
  <wpt lat="50.237239206094529" lon="3.5640531594019742">
    <name>78.9</name>
  </wpt>
  <wpt lat="50.236648880539384" lon="3.5651138777644138">
    <name>79.0</name>
  </wpt>
  <wpt lat="50.236059864573669" lon="3.5661762708877669">
    <name>79.1</name>
  </wpt>
  <wpt lat="50.236065031051211" lon="3.5675380191714852">
    <name>79.2</name>
  </wpt>
  <wpt lat="50.236246274686813" lon="3.5689148053189519">
    <name>79.3</name>
  </wpt>
  <wpt lat="50.236462887376334" lon="3.5702794258735655">
    <name>79.4</name>
  </wpt>
  <wpt lat="50.236594825413881" lon="3.5716701416868104">
    <name>79.5</name>
  </wpt>
  <wpt lat="50.23661238478644" lon="3.5730758862543897">
    <name>79.6</name>
  </wpt>
  <wpt lat="50.236647858101378" lon="3.5744807457140073">
    <name>79.7</name>
  </wpt>
  <wpt lat="50.2366598162753" lon="3.5758863740602509">
    <name>79.8</name>
  </wpt>
  <wpt lat="50.236675663754745" lon="3.5772921852222335">
    <name>79.9</name>
  </wpt>
  <wpt lat="50.236707790077944" lon="3.5786972003961086">
    <name>80.0</name>
  </wpt>
  <wpt lat="50.236719343510984" lon="3.5800994357882958">
    <name>80.1</name>
  </wpt>
  <wpt lat="50.23649675272906" lon="3.5814606804494495">
    <name>80.2</name>
  </wpt>
  <wpt lat="50.236349137485881" lon="3.5828441257751416">
    <name>80.3</name>
  </wpt>
  <wpt lat="50.236273001236917" lon="3.5842437334982891">
    <name>80.4</name>
  </wpt>
  <wpt lat="50.2362547648665" lon="3.5856488219156057">
    <name>80.5</name>
  </wpt>
  <wpt lat="50.23616838285016" lon="3.5870478382369506">
    <name>80.6</name>
  </wpt>
  <wpt lat="50.235998712818564" lon="3.5884279871190321">
    <name>80.7</name>
  </wpt>
  <wpt lat="50.2357349471044" lon="3.5896047882526854">
    <name>80.8</name>
  </wpt>
  <wpt lat="50.236206913267537" lon="3.5906759668108426">
    <name>80.9</name>
  </wpt>
  <wpt lat="50.236573000057987" lon="3.5918302135440596">
    <name>81.0</name>
  </wpt>
  <wpt lat="50.237029245064363" lon="3.5922950974758807">
    <name>81.1</name>
  </wpt>
  <wpt lat="50.23789697337623" lon="3.5919353491430472">
    <name>81.2</name>
  </wpt>
  <wpt lat="50.238748553425353" lon="3.5914842240750091">
    <name>81.3</name>
  </wpt>
  <wpt lat="50.239565760698767" lon="3.5912573360994307">
    <name>81.4</name>
  </wpt>
  <wpt lat="50.240291307339746" lon="3.5920831313810786">
    <name>81.5</name>
  </wpt>
  <wpt lat="50.241054256960652" lon="3.592739943814891">
    <name>81.6</name>
  </wpt>
  <wpt lat="50.241533043429243" lon="3.5939023620109776">
    <name>81.7</name>
  </wpt>
  <wpt lat="50.242174031808453" lon="3.5948881308053955">
    <name>81.8</name>
  </wpt>
  <wpt lat="50.242985596901988" lon="3.5952380806399664">
    <name>81.9</name>
  </wpt>
  <wpt lat="50.243798783848504" lon="3.5946550278667888">
    <name>82.0</name>
  </wpt>
  <wpt lat="50.244595724586816" lon="3.5940043208687942">
    <name>82.1</name>
  </wpt>
  <wpt lat="50.245419643150974" lon="3.5934410727180381">
    <name>82.2</name>
  </wpt>
  <wpt lat="50.246286122504117" lon="3.5930914614966154">
    <name>82.3</name>
  </wpt>
  <wpt lat="50.247169706739761" lon="3.5928341895110765">
    <name>82.4</name>
  </wpt>
  <wpt lat="50.248031081591819" lon="3.592429978099994">
    <name>82.5</name>
  </wpt>
  <wpt lat="50.248892456443862" lon="3.5920257593825924">
    <name>82.6</name>
  </wpt>
  <wpt lat="50.249755774036359" lon="3.5916322019660067">
    <name>82.7</name>
  </wpt>
  <wpt lat="50.250624081371058" lon="3.5912660351776462">
    <name>82.8</name>
  </wpt>
  <wpt lat="50.251469879381553" lon="3.5907964933216623">
    <name>82.9</name>
  </wpt>
  <wpt lat="50.252284794950135" lon="3.5902015984983446">
    <name>83.0</name>
  </wpt>
  <wpt lat="50.253089544144935" lon="3.58957449008269">
    <name>83.1</name>
  </wpt>
  <wpt lat="50.253908602734853" lon="3.5889957598176703">
    <name>83.2</name>
  </wpt>
  <wpt lat="50.254779343888487" lon="3.5886539368942851">
    <name>83.3</name>
  </wpt>
  <wpt lat="50.255663171042542" lon="3.5886531247063154">
    <name>83.4</name>
  </wpt>
  <wpt lat="50.2564881897038" lon="3.5892118621606319">
    <name>83.5</name>
  </wpt>
  <wpt lat="50.257350453564719" lon="3.5895708223180218">
    <name>83.6</name>
  </wpt>
  <wpt lat="50.258135534128932" lon="3.5899267412806264">
    <name>83.7</name>
  </wpt>
  <wpt lat="50.258492567772954" lon="3.5886990705974249">
    <name>83.8</name>
  </wpt>
  <wpt lat="50.25867414545192" lon="3.5873221082747087">
    <name>83.9</name>
  </wpt>
  <wpt lat="50.258753391572647" lon="3.5859251246644863">
    <name>84.0</name>
  </wpt>
  <wpt lat="50.258577526659373" lon="3.5845645831667738">
    <name>84.1</name>
  </wpt>
  <wpt lat="50.259137634054973" lon="3.5840009421922736">
    <name>84.2</name>
  </wpt>
  <wpt lat="50.260027235852434" lon="3.5838598821952847">
    <name>84.3</name>
  </wpt>
  <wpt lat="50.260841194010169" lon="3.5832663524473092">
    <name>84.4</name>
  </wpt>
  <wpt lat="50.261624720191215" lon="3.582583936225777">
    <name>84.5</name>
  </wpt>
  <wpt lat="50.262322757107228" lon="3.5816978286558636">
    <name>84.6</name>
  </wpt>
  <wpt lat="50.262991333960954" lon="3.5807569336991212">
    <name>84.7</name>
  </wpt>
  <wpt lat="50.263761637470985" lon="3.5800397551681642">
    <name>84.8</name>
  </wpt>
  <wpt lat="50.264556615089418" lon="3.5793820083976113">
    <name>84.9</name>
  </wpt>
  <wpt lat="50.265348097391779" lon="3.5787141418951141">
    <name>85.0</name>
  </wpt>
  <wpt lat="50.266116930970831" lon="3.5779875145249829">
    <name>85.1</name>
  </wpt>
  <wpt lat="50.266834594735286" lon="3.5771399883983239">
    <name>85.2</name>
  </wpt>
  <wpt lat="50.267539117004546" lon="3.5762655555207146">
    <name>85.3</name>
  </wpt>
  <wpt lat="50.268239988850119" lon="3.5753839541269854">
    <name>85.4</name>
  </wpt>
  <wpt lat="50.268904627129189" lon="3.5744392839185006">
    <name>85.5</name>
  </wpt>
  <wpt lat="50.26963639688163" lon="3.573625492319219">
    <name>85.6</name>
  </wpt>
  <wpt lat="50.270262677449573" lon="3.5726157399505158">
    <name>85.7</name>
  </wpt>
  <wpt lat="50.270849578427189" lon="3.5715528201222186">
    <name>85.8</name>
  </wpt>
  <wpt lat="50.271572974670029" lon="3.5707168707025567">
    <name>85.9</name>
  </wpt>
  <wpt lat="50.2722963709128" lon="3.569880908582558">
    <name>86.0</name>
  </wpt>
  <wpt lat="50.272996993798536" lon="3.5689988594485591">
    <name>86.1</name>
  </wpt>
  <wpt lat="50.273696381883482" lon="3.5681142746351004">
    <name>86.2</name>
  </wpt>
  <wpt lat="50.274399013996671" lon="3.5672359891609688">
    <name>86.3</name>
  </wpt>
  <wpt lat="50.275111128106154" lon="3.5663767037569607">
    <name>86.4</name>
  </wpt>
  <wpt lat="50.275826412426206" lon="3.5655237621871714">
    <name>86.5</name>
  </wpt>
  <wpt lat="50.276579915066144" lon="3.564767832675757">
    <name>86.6</name>
  </wpt>
  <wpt lat="50.277411363124777" lon="3.5642339223258483">
    <name>86.7</name>
  </wpt>
  <wpt lat="50.278264168746119" lon="3.5637876748368811">
    <name>86.8</name>
  </wpt>
  <wpt lat="50.278963482898192" lon="3.5629962936229274">
    <name>86.9</name>
  </wpt>
  <wpt lat="50.279697024541022" lon="3.5631549470324817">
    <name>87.0</name>
  </wpt>
  <wpt lat="50.280564906233018" lon="3.5633692477196597">
    <name>87.1</name>
  </wpt>
  <wpt lat="50.281438475086411" lon="3.5635844334155666">
    <name>87.2</name>
  </wpt>
  <wpt lat="50.282265608395711" lon="3.5641354458380148">
    <name>87.3</name>
  </wpt>
  <wpt lat="50.283044424820808" lon="3.5644101626795859">
    <name>87.4</name>
  </wpt>
  <wpt lat="50.283807162606287" lon="3.5651325504900173">
    <name>87.5</name>
  </wpt>
  <wpt lat="50.283419805660955" lon="3.5663590494910711">
    <name>87.6</name>
  </wpt>
  <wpt lat="50.282951005218962" lon="3.567559847497189">
    <name>87.7</name>
  </wpt>
  <wpt lat="50.292608729061854" lon="3.5791579245973026">
    <name>89.42</name>
  </wpt>
  <wpt lat="50.292724165975542" lon="3.5778464632174729">
    <name>89.5</name>
  </wpt>
  <wpt lat="50.2930057156651" lon="3.57652083329399">
    <name>89.6</name>
  </wpt>
  <wpt lat="50.2935626552003" lon="3.5757387608930769">
    <name>89.7</name>
  </wpt>
  <wpt lat="50.294456481406115" lon="3.5757553953132426">
    <name>89.8</name>
  </wpt>
  <wpt lat="50.295228564444649" lon="3.576277224870501">
    <name>89.9</name>
  </wpt>
  <wpt lat="50.2960218522467" lon="3.5769117551885685">
    <name>90.0</name>
  </wpt>
  <wpt lat="50.29686417883574" lon="3.5773934193287342">
    <name>90.1</name>
  </wpt>
  <wpt lat="50.297596028971277" lon="3.5782055291622488">
    <name>90.2</name>
  </wpt>
  <wpt lat="50.2982950397683" lon="3.5790912750177033">
    <name>90.3</name>
  </wpt>
  <wpt lat="50.2989900639904" lon="3.5799847188331628">
    <name>90.4</name>
  </wpt>
  <wpt lat="50.299691671340511" lon="3.5808652502352709">
    <name>90.5</name>
  </wpt>
  <wpt lat="50.30034380742741" lon="3.5818158016002926">
    <name>90.6</name>
  </wpt>
  <wpt lat="50.300765019421931" lon="3.5830596443603184">
    <name>90.7</name>
  </wpt>
  <wpt lat="50.301269013656722" lon="3.5842255417052238">
    <name>90.8</name>
  </wpt>
  <wpt lat="50.301774654556375" lon="3.5853898695940734">
    <name>90.9</name>
  </wpt>
  <wpt lat="50.302292459413813" lon="3.5865404833686791">
    <name>91.0</name>
  </wpt>
  <wpt lat="50.302878698621718" lon="3.5876055963839266">
    <name>91.1</name>
  </wpt>
  <wpt lat="50.303497226604428" lon="3.5886276979869449">
    <name>91.2</name>
  </wpt>
  <wpt lat="50.304057189969186" lon="3.5876048087191017">
    <name>91.3</name>
  </wpt>
  <wpt lat="50.304630337538448" lon="3.5865204482719681">
    <name>91.4</name>
  </wpt>
  <wpt lat="50.305229093449832" lon="3.5854698447963429">
    <name>91.5</name>
  </wpt>
  <wpt lat="50.305866322738993" lon="3.5844785756472461">
    <name>91.6</name>
  </wpt>
  <wpt lat="50.306443075743935" lon="3.5833982481435505">
    <name>91.7</name>
  </wpt>
  <wpt lat="50.307016255384276" lon="3.5823132001208489">
    <name>91.8</name>
  </wpt>
  <wpt lat="50.307599439530009" lon="3.5812417041467945">
    <name>91.9</name>
  </wpt>
  <wpt lat="50.308337117059487" lon="3.5804513953218366">
    <name>92.0</name>
  </wpt>
  <wpt lat="50.309137185964154" lon="3.5798084402408121">
    <name>92.1</name>
  </wpt>
  <wpt lat="50.309925980979756" lon="3.5791326181634573">
    <name>92.2</name>
  </wpt>
  <wpt lat="50.310709763655844" lon="3.5784421067287067">
    <name>92.3</name>
  </wpt>
  <wpt lat="50.311395040723539" lon="3.5775381490456435">
    <name>92.4</name>
  </wpt>
  <wpt lat="50.312030818829278" lon="3.57654237161509">
    <name>92.5</name>
  </wpt>
  <wpt lat="50.312787684565151" lon="3.5758204731907552">
    <name>92.6</name>
  </wpt>
  <wpt lat="50.313590166101527" lon="3.5751858341531864">
    <name>92.7</name>
  </wpt>
  <wpt lat="50.314260695135914" lon="3.5742605345809966">
    <name>92.8</name>
  </wpt>
  <wpt lat="50.334238622861122" lon="3.5889558674331319">
    <name>96.43</name>
  </wpt>
  <wpt lat="50.333751504098124" lon="3.5897933458114832">
    <name>96.5</name>
  </wpt>
  <wpt lat="50.333729176929346" lon="3.5910838728759691">
    <name>96.6</name>
  </wpt>
  <wpt lat="50.333379875200137" lon="3.5923815782463731">
    <name>96.7</name>
  </wpt>
  <wpt lat="50.333031574423714" lon="3.5936805087221666">
    <name>96.8</name>
  </wpt>
  <wpt lat="50.332671458171191" lon="3.5949712046605695">
    <name>96.9</name>
  </wpt>
  <wpt lat="50.3323146134035" lon="3.5962644114828279">
    <name>97.0</name>
  </wpt>
  <wpt lat="50.3319577686359" lon="3.5975576085926391">
    <name>97.1</name>
  </wpt>
  <wpt lat="50.331544076743583" lon="3.5987965776304618">
    <name>97.2</name>
  </wpt>
  <wpt lat="50.330929771022873" lon="3.5998249551134425">
    <name>97.3</name>
  </wpt>
  <wpt lat="50.330487428475244" lon="3.6010477452469858">
    <name>97.4</name>
  </wpt>
  <wpt lat="50.330157667012564" lon="3.6023500038928562">
    <name>97.5</name>
  </wpt>
  <wpt lat="50.330024917165083" lon="3.6037423264657376">
    <name>97.6</name>
  </wpt>
  <wpt lat="50.329775458729266" lon="3.6050864931544062">
    <name>97.7</name>
  </wpt>
  <wpt lat="50.329203969063578" lon="3.6061703848189239">
    <name>97.8</name>
  </wpt>
  <wpt lat="50.328607157643411" lon="3.607224139565024">
    <name>97.9</name>
  </wpt>
  <wpt lat="50.328474912397937" lon="3.608557248234709">
    <name>98.0</name>
  </wpt>
  <wpt lat="50.328219724086516" lon="3.6099079516253125">
    <name>98.1</name>
  </wpt>
  <wpt lat="50.3283648133989" lon="3.6111910547632293">
    <name>98.2</name>
  </wpt>
  <wpt lat="50.328895372879856" lon="3.6123285290611737">
    <name>98.3</name>
  </wpt>
  <wpt lat="50.32942631087549" lon="3.6134655826540722">
    <name>98.4</name>
  </wpt>
  <wpt lat="50.329949690985558" lon="3.6146108584225374">
    <name>98.5</name>
  </wpt>
  <wpt lat="50.330260249220878" lon="3.6159253918860887">
    <name>98.6</name>
  </wpt>
  <wpt lat="50.33050583490671" lon="3.6172806463744203">
    <name>98.7</name>
  </wpt>
  <wpt lat="50.330751420592485" lon="3.6186359078674015">
    <name>98.8</name>
  </wpt>
  <wpt lat="50.331109035751481" lon="3.61992174279778">
    <name>98.9</name>
  </wpt>
  <wpt lat="50.331675007584217" lon="3.6210145237339173">
    <name>99.0</name>
  </wpt>
  <wpt lat="50.332263445199416" lon="3.6220799282216078">
    <name>99.1</name>
  </wpt>
  <wpt lat="50.3328518828145" lon="3.6231453459041729">
    <name>99.2</name>
  </wpt>
  <wpt lat="50.3334403204295" lon="3.6242107767821214">
    <name>99.3</name>
  </wpt>
  <wpt lat="50.3339732862992" lon="3.6253426167953333">
    <name>99.4</name>
  </wpt>
  <wpt lat="50.334457975517509" lon="3.6265293986724214">
    <name>99.5</name>
  </wpt>
  <wpt lat="50.33493703729782" lon="3.6277217825694739">
    <name>99.6</name>
  </wpt>
  <wpt lat="50.335415482966617" lon="3.628914790451967">
    <name>99.7</name>
  </wpt>
  <wpt lat="50.335893928635315" lon="3.6301078103492217">
    <name>99.8</name>
  </wpt>
  <wpt lat="50.336418642637838" lon="3.6312496667713363">
    <name>99.9</name>
  </wpt>
  <wpt lat="50.337011010491935" lon="3.6323079251819492">
    <name>100.0</name>
  </wpt>
  <wpt lat="50.337608113318012" lon="3.6333615484382191">
    <name>100.1</name>
  </wpt>
  <wpt lat="50.33823920199594" lon="3.6343650050822323">
    <name>100.2</name>
  </wpt>
  <wpt lat="50.338769198308832" lon="3.6354952582584965">
    <name>100.3</name>
  </wpt>
  <wpt lat="50.339234090309361" lon="3.6367013927964025">
    <name>100.4</name>
  </wpt>
  <wpt lat="50.339565998877262" lon="3.6377652641783675">
    <name>100.5</name>
  </wpt>
  <wpt lat="50.340230801162129" lon="3.6387142208687413">
    <name>100.6</name>
  </wpt>
  <wpt lat="50.340219092215889" lon="3.6396014999691531">
    <name>100.7</name>
  </wpt>
  <wpt lat="50.340325973955174" lon="3.6409988596828673">
    <name>100.8</name>
  </wpt>
  <wpt lat="50.34063666741838" lon="3.6423176240019832">
    <name>100.9</name>
  </wpt>
  <wpt lat="50.3406860008698" lon="3.643720396245949">
    <name>101.0</name>
  </wpt>
  <wpt lat="50.34116566854248" lon="3.6447490260272191">
    <name>101.1</name>
  </wpt>
  <wpt lat="50.342061290199439" lon="3.6448577547089061">
    <name>101.2</name>
  </wpt>
  <wpt lat="50.342957036081557" lon="3.6448435530383261">
    <name>101.3</name>
  </wpt>
  <wpt lat="50.343656663977292" lon="3.6443683413512216">
    <name>101.4</name>
  </wpt>
  <wpt lat="50.344088354220126" lon="3.6439024881024622">
    <name>101.5</name>
  </wpt>
  <wpt lat="50.344139760532649" lon="3.6424965919668466">
    <name>101.6</name>
  </wpt>
  <wpt lat="50.344292311943349" lon="3.6411667996118608">
    <name>101.7</name>
  </wpt>
  <wpt lat="50.344482971462789" lon="3.6397938473121316">
    <name>101.8</name>
  </wpt>
  <wpt lat="50.345082635735075" lon="3.6391041628860235">
    <name>101.9</name>
  </wpt>
  <wpt lat="50.3459635194602" lon="3.6388205719207205">
    <name>102.0</name>
  </wpt>
  <wpt lat="50.346845107167717" lon="3.6385420866819347">
    <name>102.1</name>
  </wpt>
  <wpt lat="50.347726595156672" lon="3.6382628210347727">
    <name>102.2</name>
  </wpt>
  <wpt lat="50.348615814596933" lon="3.6380632345909731">
    <name>102.3</name>
  </wpt>
  <wpt lat="50.349514040357654" lon="3.6380038617582575">
    <name>102.4</name>
  </wpt>
  <wpt lat="50.350410375583969" lon="3.6381013072871533">
    <name>102.5</name>
  </wpt>
  <wpt lat="50.351298306887159" lon="3.6383192730016867">
    <name>102.6</name>
  </wpt>
  <wpt lat="50.352164541310259" lon="3.6386945112472997">
    <name>102.7</name>
  </wpt>
  <wpt lat="50.353013290206675" lon="3.6391581300827083">
    <name>102.8</name>
  </wpt>
  <wpt lat="50.353854384298906" lon="3.6396570558175845">
    <name>102.9</name>
  </wpt>
  <wpt lat="50.3546954783911" lon="3.6401559903915532">
    <name>103.0</name>
  </wpt>
  <wpt lat="50.355536444312229" lon="3.6406554631759316">
    <name>103.1</name>
  </wpt>
  <wpt lat="50.356376948615242" lon="3.6411568510368104">
    <name>103.2</name>
  </wpt>
  <wpt lat="50.357217452918221" lon="3.6416582477749486">
    <name>103.3</name>
  </wpt>
  <wpt lat="50.358063720509392" lon="3.6421303582782412">
    <name>103.4</name>
  </wpt>
  <wpt lat="50.358938390055293" lon="3.6424581469763089">
    <name>103.5</name>
  </wpt>
  <wpt lat="50.359723838645273" lon="3.6431312408736005">
    <name>103.6</name>
  </wpt>
  <wpt lat="50.360380639390485" lon="3.6440897692678229">
    <name>103.7</name>
  </wpt>
  <wpt lat="50.361006050526932" lon="3.6451027772786584">
    <name>103.8</name>
  </wpt>
  <wpt lat="50.361652029970365" lon="3.6460809408656791">
    <name>103.9</name>
  </wpt>
  <wpt lat="50.362472775058862" lon="3.6466466798309396">
    <name>104.0</name>
  </wpt>
  <wpt lat="50.363327341195884" lon="3.6470702046441086">
    <name>104.1</name>
  </wpt>
  <wpt lat="50.364221586782826" lon="3.6471442291638314">
    <name>104.2</name>
  </wpt>
  <wpt lat="50.365113954515387" lon="3.6470301580581368">
    <name>104.3</name>
  </wpt>
  <wpt lat="50.365984086435027" lon="3.6472022592223379">
    <name>104.4</name>
  </wpt>
  <wpt lat="50.366826686831836" lon="3.6476026150914502">
    <name>104.5</name>
  </wpt>
  <wpt lat="50.367698521415988" lon="3.6479293768913088">
    <name>104.6</name>
  </wpt>
  <wpt lat="50.368525244264482" lon="3.6484793101079926">
    <name>104.7</name>
  </wpt>
  <wpt lat="50.369289085011467" lon="3.6492173990822208">
    <name>104.8</name>
  </wpt>
  <wpt lat="50.370081287302845" lon="3.6498842870769432">
    <name>104.9</name>
  </wpt>
  <wpt lat="50.370824835535259" lon="3.6506769951957159">
    <name>105.0</name>
  </wpt>
  <wpt lat="50.37156254894478" lon="3.6514834285266797">
    <name>105.1</name>
  </wpt>
  <wpt lat="50.37230043606624" lon="3.6522894683691893">
    <name>105.2</name>
  </wpt>
  <wpt lat="50.37303388915047" lon="3.6531051833989912">
    <name>105.3</name>
  </wpt>
  <wpt lat="50.37376745401972" lon="3.6539208784388282">
    <name>105.4</name>
  </wpt>
  <wpt lat="50.374561842375741" lon="3.6545725447192892">
    <name>105.5</name>
  </wpt>
  <wpt lat="50.375408044051063" lon="3.6550494325761149">
    <name>105.6</name>
  </wpt>
  <wpt lat="50.376258102534159" lon="3.6555097456611518">
    <name>105.7</name>
  </wpt>
  <wpt lat="50.377108161017226" lon="3.6559700669947661">
    <name>105.8</name>
  </wpt>
  <wpt lat="50.377958219500258" lon="3.6564303965772638">
    <name>105.9</name>
  </wpt>
  <wpt lat="50.378808277983268" lon="3.6568907344090515">
    <name>106.0</name>
  </wpt>
  <wpt lat="50.379658336466235" lon="3.6573510804905367">
    <name>106.1</name>
  </wpt>
  <wpt lat="50.380524287517709" lon="3.6577188438140431">
    <name>106.2</name>
  </wpt>
  <wpt lat="50.3814065396162" lon="3.6579921824642749">
    <name>106.3</name>
  </wpt>
  <wpt lat="50.382288492942443" lon="3.6582680173598723">
    <name>106.4</name>
  </wpt>
  <wpt lat="50.3831597302807" lon="3.6586174791741022">
    <name>106.5</name>
  </wpt>
  <wpt lat="50.384034226475528" lon="3.6589463851221522">
    <name>106.6</name>
  </wpt>
  <wpt lat="50.384907461083237" lon="3.6592834807070149">
    <name>106.7</name>
  </wpt>
  <wpt lat="50.3857802257089" lon="3.6596237079726808">
    <name>106.8</name>
  </wpt>
  <wpt lat="50.38662803040247" lon="3.6600791016122676">
    <name>106.9</name>
  </wpt>
  <wpt lat="50.3874276351917" lon="3.6607232623139421">
    <name>107.0</name>
  </wpt>
  <wpt lat="50.388236697483094" lon="3.6613391462579883">
    <name>107.1</name>
  </wpt>
  <wpt lat="50.38904575977444" lon="3.6619550407104855">
    <name>107.2</name>
  </wpt>
  <wpt lat="50.389874641604081" lon="3.6625009991442194">
    <name>107.3</name>
  </wpt>
  <wpt lat="50.390740534884515" lon="3.6628661528125339">
    <name>107.4</name>
  </wpt>
  <wpt lat="50.39163837182727" lon="3.6629332438015219">
    <name>107.5</name>
  </wpt>
  <wpt lat="50.392537504785558" lon="3.6629452399984404">
    <name>107.6</name>
  </wpt>
  <wpt lat="50.393436773735026" lon="3.6629319999999663">
    <name>107.7</name>
  </wpt>
  <wpt lat="50.39433007444935" lon="3.6630821185666">
    <name>107.8</name>
  </wpt>
  <wpt lat="50.395202898211" lon="3.6634112758659985">
    <name>107.9</name>
  </wpt>
  <wpt lat="50.396044342330526" lon="3.6639087248800228">
    <name>108.0</name>
  </wpt>
  <wpt lat="50.396865642804222" lon="3.6644816055760439">
    <name>108.1</name>
  </wpt>
  <wpt lat="50.39766428563793" lon="3.665129638805479">
    <name>108.2</name>
  </wpt>
  <wpt lat="50.398499814715159" lon="3.6656324225657024">
    <name>108.3</name>
  </wpt>
  <wpt lat="50.3993714338901" lon="3.6659785464269792">
    <name>108.4</name>
  </wpt>
  <wpt lat="50.400228914347444" lon="3.6664030519290196">
    <name>108.5</name>
  </wpt>
  <wpt lat="50.40109280129299" lon="3.6667834271986224">
    <name>108.6</name>
  </wpt>
  <wpt lat="50.401983746127733" lon="3.6666898837042816">
    <name>108.7</name>
  </wpt>
  <wpt lat="50.402468337451836" lon="3.6674038843604673">
    <name>108.8</name>
  </wpt>
  <wpt lat="50.402681072476796" lon="3.6687747835566809">
    <name>108.9</name>
  </wpt>
  <wpt lat="50.402884742673606" lon="3.6701490712808407">
    <name>109.0</name>
  </wpt>
  <wpt lat="50.403090621798555" lon="3.6715225589829314">
    <name>109.1</name>
  </wpt>
  <wpt lat="50.403315553290348" lon="3.6728855530417777">
    <name>109.2</name>
  </wpt>
  <wpt lat="50.403510581075288" lon="3.6742623752500174">
    <name>109.3</name>
  </wpt>
  <wpt lat="50.403761557352659" lon="3.6756162292802772">
    <name>109.4</name>
  </wpt>
  <wpt lat="50.404063669263309" lon="3.6769402070096198">
    <name>109.5</name>
  </wpt>
  <wpt lat="50.404326999612671" lon="3.67828918239601">
    <name>109.6</name>
  </wpt>
  <wpt lat="50.404601129759044" lon="3.6796322759919917">
    <name>109.7</name>
  </wpt>
  <wpt lat="50.404953175158631" lon="3.68092774069297">
    <name>109.8</name>
  </wpt>
  <wpt lat="50.405194719215061" lon="3.6822854528522884">
    <name>109.9</name>
  </wpt>
  <wpt lat="50.40582836774032" lon="3.6828282016209708">
    <name>110.0</name>
  </wpt>
  <wpt lat="50.406722673231421" lon="3.6826886679283075">
    <name>110.1</name>
  </wpt>
  <wpt lat="50.407568056068776" lon="3.6829930671869304">
    <name>110.2</name>
  </wpt>
  <wpt lat="50.4076384208954" lon="3.684349159609237">
    <name>110.3</name>
  </wpt>
  <wpt lat="50.432295098959855" lon="3.6848010977332057">
    <name>113.48</name>
  </wpt>
  <wpt lat="50.432447769862478" lon="3.6845463379130052">
    <name>113.5</name>
  </wpt>
  <wpt lat="50.433252649560139" lon="3.6839399341812267">
    <name>113.6</name>
  </wpt>
  <wpt lat="50.434111673982464" lon="3.6835341596012054">
    <name>113.7</name>
  </wpt>
  <wpt lat="50.434763380633726" lon="3.6838557584515335">
    <name>113.8</name>
  </wpt>
  <wpt lat="50.434978488582423" lon="3.6852266416708797">
    <name>113.9</name>
  </wpt>
  <wpt lat="50.43519074555379" lon="3.6865985461913713">
    <name>114.0</name>
  </wpt>
  <wpt lat="50.435414640566535" lon="3.6879654748936512">
    <name>114.1</name>
  </wpt>
  <wpt lat="50.435621581811752" lon="3.6893391219434655">
    <name>114.2</name>
  </wpt>
  <wpt lat="50.43584295561579" lon="3.6907074981163843">
    <name>114.3</name>
  </wpt>
  <wpt lat="50.436545783807226" lon="3.6915042163396681">
    <name>114.4</name>
  </wpt>
  <wpt lat="50.437353866875981" lon="3.6920797958394371">
    <name>114.5</name>
  </wpt>
  <wpt lat="50.438243422995889" lon="3.6922422128341541">
    <name>114.6</name>
  </wpt>
  <wpt lat="50.439039871759412" lon="3.692887266407296">
    <name>114.7</name>
  </wpt>
  <wpt lat="50.439820117316835" lon="3.6935892178888015">
    <name>114.8</name>
  </wpt>
  <wpt lat="50.440631423138129" lon="3.6941940681623584">
    <name>114.9</name>
  </wpt>
  <wpt lat="50.441475190880972" lon="3.6946798798438407">
    <name>115.0</name>
  </wpt>
  <wpt lat="50.442340821759259" lon="3.6950611063505847">
    <name>115.1</name>
  </wpt>
  <wpt lat="50.443213497349412" lon="3.6954023081603919">
    <name>115.2</name>
  </wpt>
  <wpt lat="50.444086386055631" lon="3.6957421670326376">
    <name>115.3</name>
  </wpt>
  <wpt lat="50.444960010889211" lon="3.696077338436369">
    <name>115.4</name>
  </wpt>
  <wpt lat="50.445833635722778" lon="3.6964125160276793">
    <name>115.5</name>
  </wpt>
  <wpt lat="50.446707260556323" lon="3.6967476998069748">
    <name>115.6</name>
  </wpt>
  <wpt lat="50.447582421051393" lon="3.6970728181616104">
    <name>115.7</name>
  </wpt>
  <wpt lat="50.448455567169368" lon="3.697410808761278">
    <name>115.8</name>
  </wpt>
  <wpt lat="50.44932663094896" lon="3.69775339246113">
    <name>115.9</name>
  </wpt>
  <wpt lat="50.450196264271121" lon="3.6981129709030829">
    <name>116.0</name>
  </wpt>
  <wpt lat="50.451063344907418" lon="3.6984866721252394">
    <name>116.1</name>
  </wpt>
  <wpt lat="50.4518578105939" lon="3.6991307943787408">
    <name>116.2</name>
  </wpt>
  <wpt lat="50.452513409350004" lon="3.70009762357001">
    <name>116.3</name>
  </wpt>
  <wpt lat="50.453197017800122" lon="3.7010144029299319">
    <name>116.4</name>
  </wpt>
  <wpt lat="50.453925164313681" lon="3.7018420525749045">
    <name>116.5</name>
  </wpt>
  <wpt lat="50.454697062675734" lon="3.7025656439672767">
    <name>116.6</name>
  </wpt>
  <wpt lat="50.455515256919213" lon="3.7031498361747288">
    <name>116.7</name>
  </wpt>
  <wpt lat="50.456359596721917" lon="3.7036351370212683">
    <name>116.8</name>
  </wpt>
  <wpt lat="50.457227276062916" lon="3.7040041673670254">
    <name>116.9</name>
  </wpt>
  <wpt lat="50.45810510148528" lon="3.7043111411343372">
    <name>117.0</name>
  </wpt>
  <wpt lat="50.458979298729275" lon="3.7046427101737476">
    <name>117.1</name>
  </wpt>
  <wpt lat="50.459853495973256" lon="3.7049742853414">
    <name>117.2</name>
  </wpt>
  <wpt lat="50.460733436270324" lon="3.7052587870806724">
    <name>117.3</name>
  </wpt>
  <wpt lat="50.461629163508867" lon="3.7051858576867893">
    <name>117.4</name>
  </wpt>
  <wpt lat="50.462526784239429" lon="3.7052630388797572">
    <name>117.5</name>
  </wpt>
  <wpt lat="50.463415038494539" lon="3.7054828952491188">
    <name>117.6</name>
  </wpt>
  <wpt lat="50.464302935899831" lon="3.7057073656932262">
    <name>117.7</name>
  </wpt>
  <wpt lat="50.465005472950288" lon="3.7062878909640742">
    <name>117.8</name>
  </wpt>
  <wpt lat="50.46530415511269" lon="3.7076201898391945">
    <name>117.9</name>
  </wpt>
  <wpt lat="50.465613284951516" lon="3.7089469219324531">
    <name>118.0</name>
  </wpt>
  <wpt lat="50.4658910000833" lon="3.7102824214334378">
    <name>118.1</name>
  </wpt>
  <wpt lat="50.466632322129" lon="3.7098945089237212">
    <name>118.2</name>
  </wpt>
  <wpt lat="50.467386716316632" lon="3.7102031389516017">
    <name>118.3</name>
  </wpt>
  <wpt lat="50.46817057396354" lon="3.7108229827608294">
    <name>118.4</name>
  </wpt>
  <wpt lat="50.46906639350086" lon="3.7109088903057015">
    <name>118.5</name>
  </wpt>
  <wpt lat="50.4698450142792" lon="3.7115982645357213">
    <name>118.6</name>
  </wpt>
  <wpt lat="50.470583526827269" lon="3.7124031863056812">
    <name>118.7</name>
  </wpt>
  <wpt lat="50.471298279546" lon="3.7132607321977713">
    <name>118.8</name>
  </wpt>
  <wpt lat="50.47202216796812" lon="3.7140988888479827">
    <name>118.9</name>
  </wpt>
  <wpt lat="50.472743737132163" lon="3.7140497731322126">
    <name>119.0</name>
  </wpt>
  <wpt lat="50.473443599912805" lon="3.7131623759210628">
    <name>119.1</name>
  </wpt>
  <wpt lat="50.474143507817651" lon="3.7122750533881157">
    <name>119.2</name>
  </wpt>
  <wpt lat="50.47480365060283" lon="3.7113250917363017">
    <name>119.3</name>
  </wpt>
  <wpt lat="50.475290126209096" lon="3.7101387475826191">
    <name>119.4</name>
  </wpt>
  <wpt lat="50.475856935437967" lon="3.7090491723795536">
    <name>119.5</name>
  </wpt>
  <wpt lat="50.476659108657287" lon="3.7089339619862467">
    <name>119.6</name>
  </wpt>
  <wpt lat="50.477418010234629" lon="3.7096922155281522">
    <name>119.7</name>
  </wpt>
  <wpt lat="50.478228740190865" lon="3.710050848403514">
    <name>119.8</name>
  </wpt>
  <wpt lat="50.479065347561111" lon="3.7095323561772457">
    <name>119.9</name>
  </wpt>
  <wpt lat="50.479875221641159" lon="3.7099172164939715">
    <name>120.0</name>
  </wpt>
  <wpt lat="50.480633950392566" lon="3.71067594859618">
    <name>120.1</name>
  </wpt>
  <wpt lat="50.481382735207092" lon="3.7108019775046635">
    <name>120.2</name>
  </wpt>
  <wpt lat="50.481877514990011" lon="3.709621794081531">
    <name>120.3</name>
  </wpt>
  <wpt lat="50.48237229477283" lon="3.7084415983028856">
    <name>120.4</name>
  </wpt>
  <wpt lat="50.48286707455555" lon="3.7072613901683193">
    <name>120.5</name>
  </wpt>
  <wpt lat="50.483361854338163" lon="3.7060811696776286">
    <name>120.6</name>
  </wpt>
  <wpt lat="50.483848212817207" lon="3.7048931756638752">
    <name>120.7</name>
  </wpt>
  <wpt lat="50.484305764161476" lon="3.7036764775352533">
    <name>120.8</name>
  </wpt>
  <wpt lat="50.484791735251619" lon="3.7024896470060598">
    <name>120.9</name>
  </wpt>
  <wpt lat="50.485203954797065" lon="3.7012355631312994">
    <name>121.0</name>
  </wpt>
  <wpt lat="50.485720406032364" lon="3.7010496481093362">
    <name>121.1</name>
  </wpt>
  <wpt lat="50.486500961754622" lon="3.7017501418527616">
    <name>121.2</name>
  </wpt>
  <wpt lat="50.4873198757412" lon="3.702331365322332">
    <name>121.3</name>
  </wpt>
  <wpt lat="50.488148163927384" lon="3.7028819466131124">
    <name>121.4</name>
  </wpt>
  <wpt lat="50.488983278533937" lon="3.7034032027618564">
    <name>121.5</name>
  </wpt>
  <wpt lat="50.48982723387266" lon="3.7038793079618313">
    <name>121.6</name>
  </wpt>
  <wpt lat="50.490642512029616" lon="3.7044731086070635">
    <name>121.7</name>
  </wpt>
  <wpt lat="50.491446685601488" lon="3.7051059246865621">
    <name>121.8</name>
  </wpt>
  <wpt lat="50.492250164584881" lon="3.7057409266121888">
    <name>121.9</name>
  </wpt>
  <wpt lat="50.493053483062269" lon="3.7063764419490592">
    <name>122.0</name>
  </wpt>
  <wpt lat="50.4938568015396" lon="3.7070119680925888">
    <name>122.1</name>
  </wpt>
  <wpt lat="50.494660120016889" lon="3.7076475050431856">
    <name>122.2</name>
  </wpt>
  <wpt lat="50.495484019172729" lon="3.708209945138861">
    <name>122.3</name>
  </wpt>
  <wpt lat="50.496327260809842" lon="3.7087013041974624">
    <name>122.4</name>
  </wpt>
  <wpt lat="50.4971521752498" lon="3.709256175070994">
    <name>122.5</name>
  </wpt>
  <wpt lat="50.497915879973149" lon="3.7100026579847873">
    <name>122.6</name>
  </wpt>
  <wpt lat="50.510135192944738" lon="3.7172815929674341">
    <name>124.30</name>
  </wpt>
  <wpt lat="50.510153287183705" lon="3.7174260015335086">
    <name>124.3</name>
  </wpt>
  <wpt lat="50.510462360729221" lon="3.7187388699602981">
    <name>124.4</name>
  </wpt>
  <wpt lat="50.511045990355278" lon="3.7198106533227593">
    <name>124.5</name>
  </wpt>
  <wpt lat="50.511469018248683" lon="3.7210407893666639">
    <name>124.6</name>
  </wpt>
  <wpt lat="50.512207962132749" lon="3.7218434898689887">
    <name>124.7</name>
  </wpt>
  <wpt lat="50.513059338829542" lon="3.7222811514134446">
    <name>124.8</name>
  </wpt>
  <wpt lat="50.513488922483461" lon="3.7234872786264059">
    <name>124.9</name>
  </wpt>
  <wpt lat="50.514287902582751" lon="3.723961323618473">
    <name>125.0</name>
  </wpt>
  <wpt lat="50.515178898419009" lon="3.724153315611257">
    <name>125.1</name>
  </wpt>
  <wpt lat="50.516070168964006" lon="3.7243421399962018">
    <name>125.2</name>
  </wpt>
  <wpt lat="50.516961439509018" lon="3.7245309679465231">
    <name>125.3</name>
  </wpt>
  <wpt lat="50.517844072902783" lon="3.7248000244403188">
    <name>125.4</name>
  </wpt>
  <wpt lat="50.518726057235305" lon="3.725075434210662">
    <name>125.5</name>
  </wpt>
  <wpt lat="50.519607013846809" lon="3.7253587332635369">
    <name>125.6</name>
  </wpt>
  <wpt lat="50.520489232186108" lon="3.7256332767853353">
    <name>125.7</name>
  </wpt>
  <wpt lat="50.5213714505254" lon="3.725907825439073">
    <name>125.8</name>
  </wpt>
  <wpt lat="50.522253668864671" lon="3.7261823792251572">
    <name>125.9</name>
  </wpt>
  <wpt lat="50.523135887203949" lon="3.72645693814369">
    <name>126.0</name>
  </wpt>
  <wpt lat="50.524018105543213" lon="3.726731502195078">
    <name>126.1</name>
  </wpt>
  <wpt lat="50.52490032388247" lon="3.7270060713794235">
    <name>126.2</name>
  </wpt>
  <wpt lat="50.525782128582065" lon="3.7272839136858225">
    <name>126.3</name>
  </wpt>
  <wpt lat="50.526663915525226" lon="3.7275619007672036">
    <name>126.4</name>
  </wpt>
  <wpt lat="50.527545702468366" lon="3.7278398930435239">
    <name>126.5</name>
  </wpt>
  <wpt lat="50.5284274894115" lon="3.72811789051509">
    <name>126.6</name>
  </wpt>
  <wpt lat="50.529309598265243" lon="3.7283933384114802">
    <name>126.7</name>
  </wpt>
  <wpt lat="50.530192363918317" lon="3.728663484292174">
    <name>126.8</name>
  </wpt>
  <wpt lat="50.531072607454867" lon="3.7289531889838057">
    <name>126.9</name>
  </wpt>
  <wpt lat="50.531953633816009" lon="3.7292371122370755">
    <name>127.0</name>
  </wpt>
  <wpt lat="50.532834660177137" lon="3.7295210407926609">
    <name>127.1</name>
  </wpt>
  <wpt lat="50.533714976755931" lon="3.7298102341480939">
    <name>127.2</name>
  </wpt>
  <wpt lat="50.534593322534093" lon="3.7301140346752875">
    <name>127.3</name>
  </wpt>
  <wpt lat="50.535469153412848" lon="3.7304353071983645">
    <name>127.4</name>
  </wpt>
  <wpt lat="50.536345040035251" lon="3.73075620587538">
    <name>127.5</name>
  </wpt>
  <wpt lat="50.537222103602495" lon="3.7310690585998119">
    <name>127.6</name>
  </wpt>
  <wpt lat="50.53809916716974" lon="3.7313819171416562">
    <name>127.7</name>
  </wpt>
  <wpt lat="50.53897535192845" lon="3.731700777853884">
    <name>127.8</name>
  </wpt>
  <wpt lat="50.539850463397194" lon="3.7320268931289067">
    <name>127.9</name>
  </wpt>
  <wpt lat="50.5407255702478" lon="3.7323530178329256">
    <name>128.0</name>
  </wpt>
  <wpt lat="50.541603059763489" lon="3.7326625651620882">
    <name>128.1</name>
  </wpt>
  <wpt lat="50.542479497947028" lon="3.7329797620629579">
    <name>128.2</name>
  </wpt>
  <wpt lat="50.543355936130567" lon="3.7332969648588969">
    <name>128.3</name>
  </wpt>
  <wpt lat="50.544231035395754" lon="3.7336188932270051">
    <name>128.4</name>
  </wpt>
  <wpt lat="50.5451072642156" lon="3.7339362696875398">
    <name>128.5</name>
  </wpt>
  <wpt lat="50.545981093674492" lon="3.7342705807999819">
    <name>128.6</name>
  </wpt>
  <wpt lat="50.546861064158726" lon="3.7345621759343364">
    <name>128.7</name>
  </wpt>
  <wpt lat="50.547736798481459" lon="3.73488407365177">
    <name>128.8</name>
  </wpt>
  <wpt lat="50.548608169668157" lon="3.7352338323300178">
    <name>128.9</name>
  </wpt>
  <wpt lat="50.549394426369567" lon="3.7356405660711864">
    <name>129.0</name>
  </wpt>
  <wpt lat="50.55028074882604" lon="3.7358113743958876">
    <name>129.1</name>
  </wpt>
  <wpt lat="50.55114106243056" lon="3.7362236932012549">
    <name>129.2</name>
  </wpt>
  <wpt lat="50.552002787628929" lon="3.736626988541548">
    <name>129.3</name>
  </wpt>
  <wpt lat="50.552860226246935" lon="3.7370535945344177">
    <name>129.4</name>
  </wpt>
  <wpt lat="50.553653099423912" lon="3.7377121188455553">
    <name>129.5</name>
  </wpt>
  <wpt lat="50.554303512375448" lon="3.7386832110952768">
    <name>129.6</name>
  </wpt>
  <wpt lat="50.554811091862128" lon="3.73985013704093">
    <name>129.7</name>
  </wpt>
  <wpt lat="50.55530730763023" lon="3.7410306656769889">
    <name>129.8</name>
  </wpt>
  <wpt lat="50.555798380712659" lon="3.7422164806299332">
    <name>129.9</name>
  </wpt>
  <wpt lat="50.556348478989761" lon="3.7433362304813445">
    <name>130.0</name>
  </wpt>
  <wpt lat="50.556942619696734" lon="3.7443988573600979">
    <name>130.1</name>
  </wpt>
  <wpt lat="50.557538067746236" lon="3.7454596885150826">
    <name>130.2</name>
  </wpt>
  <wpt lat="50.558204425101984" lon="3.7464061914184095">
    <name>130.3</name>
  </wpt>
  <wpt lat="50.558915568523808" lon="3.7472713559724062">
    <name>130.4</name>
  </wpt>
  <wpt lat="50.559475475385909" lon="3.7483754037374055">
    <name>130.5</name>
  </wpt>
  <wpt lat="50.560011342923914" lon="3.7495122896683561">
    <name>130.6</name>
  </wpt>
  <wpt lat="50.56054716193325" lon="3.7506492061040317">
    <name>130.7</name>
  </wpt>
  <wpt lat="50.561089156159937" lon="3.7517788701219805">
    <name>130.8</name>
  </wpt>
  <wpt lat="50.561694807999075" lon="3.7527819832107205">
    <name>130.9</name>
  </wpt>
  <wpt lat="50.562535879534579" lon="3.7523721892044661">
    <name>131.0</name>
  </wpt>
  <wpt lat="50.563374969931139" lon="3.7520098626893779">
    <name>131.1</name>
  </wpt>
  <wpt lat="50.563938010186462" lon="3.7530697224912584">
    <name>131.2</name>
  </wpt>
  <wpt lat="50.564655117831919" lon="3.7538641177250329">
    <name>131.3</name>
  </wpt>
  <wpt lat="50.565323511518095" lon="3.7547895112933509">
    <name>131.4</name>
  </wpt>
  <wpt lat="50.566092373818194" lon="3.7551894291083818">
    <name>131.5</name>
  </wpt>
  <wpt lat="50.566859901740088" lon="3.7545060895234812">
    <name>131.6</name>
  </wpt>
  <wpt lat="50.56743596595242" lon="3.7548216165989459">
    <name>131.7</name>
  </wpt>
  <wpt lat="50.56789597688433" lon="3.7560379068426508">
    <name>131.8</name>
  </wpt>
  <wpt lat="50.568403110799139" lon="3.7572014839798369">
    <name>131.9</name>
  </wpt>
  <wpt lat="50.568969579117763" lon="3.75829929288999">
    <name>132.0</name>
  </wpt>
  <wpt lat="50.569715279085827" lon="3.7590749818013256">
    <name>132.1</name>
  </wpt>
  <wpt lat="50.570528174556671" lon="3.75966117849632">
    <name>132.2</name>
  </wpt>
  <wpt lat="50.571245102625547" lon="3.7605160502338078">
    <name>132.3</name>
  </wpt>
  <wpt lat="50.571964426285682" lon="3.76136542593637">
    <name>132.4</name>
  </wpt>
  <wpt lat="50.572768530825527" lon="3.7619877183053387">
    <name>132.5</name>
  </wpt>
  <wpt lat="50.573629490677661" lon="3.7623948131758462">
    <name>132.6</name>
  </wpt>
  <wpt lat="50.574471238560669" lon="3.7628919951678017">
    <name>132.7</name>
  </wpt>
  <wpt lat="50.575350521441514" lon="3.7631779146554551">
    <name>132.8</name>
  </wpt>
  <wpt lat="50.57619755021669" lon="3.7636251164945356">
    <name>132.9</name>
  </wpt>
  <wpt lat="50.577047797640688" lon="3.764046694770887">
    <name>133.0</name>
  </wpt>
  <wpt lat="50.5779041011126" lon="3.7644508141652149">
    <name>133.1</name>
  </wpt>
  <wpt lat="50.578763429040038" lon="3.7648634489833706">
    <name>133.2</name>
  </wpt>
  <wpt lat="50.579631801926986" lon="3.7652317845663208">
    <name>133.3</name>
  </wpt>
  <wpt lat="50.580476860812574" lon="3.7657065167368189">
    <name>133.4</name>
  </wpt>
  <wpt lat="50.581309233665039" lon="3.7662425568189142">
    <name>133.5</name>
  </wpt>
  <wpt lat="50.5821500134908" lon="3.7667451300135939">
    <name>133.6</name>
  </wpt>
  <wpt lat="50.582991272891768" lon="3.7672457909642474">
    <name>133.7</name>
  </wpt>
  <wpt lat="50.583832532292682" lon="3.7677464608590276">
    <name>133.8</name>
  </wpt>
  <wpt lat="50.584643358594811" lon="3.7683508116164468">
    <name>133.9</name>
  </wpt>
  <wpt lat="50.585383856750042" lon="3.7691527839988161">
    <name>134.0</name>
  </wpt>
  <wpt lat="50.586153900301653" lon="3.7698830286541924">
    <name>134.1</name>
  </wpt>
  <wpt lat="50.586941026460153" lon="3.770565567300312">
    <name>134.2</name>
  </wpt>
  <wpt lat="50.587764340311615" lon="3.7711354841592533">
    <name>134.3</name>
  </wpt>
  <wpt lat="50.5885887602037" lon="3.771701438620783">
    <name>134.4</name>
  </wpt>
  <wpt lat="50.589414332295689" lon="3.7722631988901463">
    <name>134.5</name>
  </wpt>
  <wpt lat="50.5902507003448" lon="3.7727799846381953">
    <name>134.6</name>
  </wpt>
  <wpt lat="50.5911110942602" lon="3.7731897817466358">
    <name>134.7</name>
  </wpt>
  <wpt lat="50.591990695036053" lon="3.7734840581121993">
    <name>134.8</name>
  </wpt>
  <wpt lat="50.592873629183529" lon="3.7737532621764047">
    <name>134.9</name>
  </wpt>
  <wpt lat="50.593755316590482" lon="3.7735441575022768">
    <name>135.0</name>
  </wpt>
  <wpt lat="50.594609503471354" lon="3.7731009916573206">
    <name>135.1</name>
  </wpt>
  <wpt lat="50.595465572960492" lon="3.7726669954638732">
    <name>135.2</name>
  </wpt>
  <wpt lat="50.59633028663913" lon="3.7722899620758459">
    <name>135.3</name>
  </wpt>
  <wpt lat="50.597223826371923" lon="3.7723984331887852">
    <name>135.4</name>
  </wpt>
  <wpt lat="50.598114128872353" lon="3.7725985814207261">
    <name>135.5</name>
  </wpt>
  <wpt lat="50.598990703991028" lon="3.7729036336706341">
    <name>135.6</name>
  </wpt>
  <wpt lat="50.599818215897095" lon="3.7734492989075048">
    <name>135.7</name>
  </wpt>
  <wpt lat="50.6006227892366" lon="3.77408204604357">
    <name>135.8</name>
  </wpt>
  <wpt lat="50.601429879413423" lon="3.7747070769375983">
    <name>135.9</name>
  </wpt>
  <wpt lat="50.602249928347121" lon="3.7752844380118922">
    <name>136.0</name>
  </wpt>
  <wpt lat="50.603093997897957" lon="3.7757734358269017">
    <name>136.1</name>
  </wpt>
  <wpt lat="50.603909534811031" lon="3.7763634035552558">
    <name>136.2</name>
  </wpt>
  <wpt lat="50.604679313417407" lon="3.7770958758904687">
    <name>136.3</name>
  </wpt>
  <wpt lat="50.60544922964803" lon="3.7778281339930855">
    <name>136.4</name>
  </wpt>
  <wpt lat="50.606226983058072" lon="3.7785395943941888">
    <name>136.5</name>
  </wpt>
  <wpt lat="50.606959873611316" lon="3.7793584499666832">
    <name>136.6</name>
  </wpt>
  <wpt lat="50.607677797203131" lon="3.7802119083896364">
    <name>136.7</name>
  </wpt>
  <wpt lat="50.60839572079486" lon="3.7810653798353577">
    <name>136.8</name>
  </wpt>
  <wpt lat="50.609113644386504" lon="3.7819188643044579">
    <name>136.9</name>
  </wpt>
  <wpt lat="50.609831567978063" lon="3.7827723617975484">
    <name>137.0</name>
  </wpt>
  <wpt lat="50.610549491569543" lon="3.7836258723150351">
    <name>137.1</name>
  </wpt>
  <wpt lat="50.611267415160953" lon="3.7844793958575296">
    <name>137.2</name>
  </wpt>
  <wpt lat="50.611985338752291" lon="3.7853329324255407">
    <name>137.3</name>
  </wpt>
  <wpt lat="50.612704235031735" lon="3.7861842349966754">
    <name>137.4</name>
  </wpt>
  <wpt lat="50.620440186648977" lon="3.7634404676576">
    <name>139.29</name>
  </wpt>
  <wpt lat="50.62057292991144" lon="3.763734633232994">
    <name>139.3</name>
  </wpt>
  <wpt lat="50.621034017098651" lon="3.76494913109297">
    <name>139.4</name>
  </wpt>
  <wpt lat="50.6216215161776" lon="3.7660209334230381">
    <name>139.5</name>
  </wpt>
  <wpt lat="50.622245812601612" lon="3.7670397352741594">
    <name>139.6</name>
  </wpt>
  <wpt lat="50.623045517896237" lon="3.7676784858266732">
    <name>139.7</name>
  </wpt>
  <wpt lat="50.6238473249038" lon="3.7683163231280483">
    <name>139.8</name>
  </wpt>
  <wpt lat="50.624588512834464" lon="3.7691169523420234">
    <name>139.9</name>
  </wpt>
  <wpt lat="50.625299998552237" lon="3.7699839982201691">
    <name>140.0</name>
  </wpt>
  <wpt lat="50.6259944129821" lon="3.7708848102565886">
    <name>140.1</name>
  </wpt>
  <wpt lat="50.626502000094177" lon="3.7719722310861576">
    <name>140.2</name>
  </wpt>
  <wpt lat="50.626739059031451" lon="3.7723942607473382">
    <name>140.3</name>
  </wpt>
  <wpt lat="50.627533319467048" lon="3.7728877229812587">
    <name>140.4</name>
  </wpt>
  <wpt lat="50.627385313154782" lon="3.7742670549085076">
    <name>140.5</name>
  </wpt>
  <wpt lat="50.635426170346577" lon="3.784352624270801">
    <name>142.12</name>
  </wpt>
  <wpt lat="50.636183263858719" lon="3.784814138282397">
    <name>142.2</name>
  </wpt>
  <wpt lat="50.636964415706153" lon="3.7855111299138056">
    <name>142.3</name>
  </wpt>
  <wpt lat="50.637636493241878" lon="3.7864370636031053">
    <name>142.4</name>
  </wpt>
  <wpt lat="50.638225145789406" lon="3.7873590595766067">
    <name>142.5</name>
  </wpt>
  <wpt lat="50.638844198979477" lon="3.7883871249439709">
    <name>142.6</name>
  </wpt>
  <wpt lat="50.639442287072967" lon="3.7893635741440304">
    <name>142.7</name>
  </wpt>
  <wpt lat="50.640060674406584" lon="3.7903927756143814">
    <name>142.8</name>
  </wpt>
  <wpt lat="50.640734524886426" lon="3.7913302813304282">
    <name>142.9</name>
  </wpt>
  <wpt lat="50.641427464043346" lon="3.792233752503023">
    <name>143.0</name>
  </wpt>
  <wpt lat="50.642139229752253" lon="3.79310055745349">
    <name>143.1</name>
  </wpt>
  <wpt lat="50.642854825160747" lon="3.7939594035456472">
    <name>143.2</name>
  </wpt>
  <wpt lat="50.64356321858692" lon="3.7948330770585494">
    <name>143.3</name>
  </wpt>
  <wpt lat="50.644271347915144" lon="3.7957072960566296">
    <name>143.4</name>
  </wpt>
  <wpt lat="50.644979477243275" lon="3.7965815282295341">
    <name>143.5</name>
  </wpt>
  <wpt lat="50.645687606571336" lon="3.7974557735777723">
    <name>143.6</name>
  </wpt>
  <wpt lat="50.646402456680853" lon="3.7983162649426738">
    <name>143.7</name>
  </wpt>
  <wpt lat="50.647185711704374" lon="3.7990073703135949">
    <name>143.8</name>
  </wpt>
  <wpt lat="50.647958723565317" lon="3.79972818305564">
    <name>143.9</name>
  </wpt>
  <wpt lat="50.64872145889079" lon="3.8004760412075891">
    <name>144.0</name>
  </wpt>
  <wpt lat="50.649414429144272" lon="3.8013791436754256">
    <name>144.1</name>
  </wpt>
  <wpt lat="50.650026675252484" lon="3.8024167006233265">
    <name>144.2</name>
  </wpt>
  <wpt lat="50.650629552838993" lon="3.8034691726707561">
    <name>144.3</name>
  </wpt>
  <wpt lat="50.651197112954939" lon="3.804569113937843">
    <name>144.4</name>
  </wpt>
  <wpt lat="50.65179211538522" lon="3.8056258473776228">
    <name>144.5</name>
  </wpt>
  <wpt lat="50.652581805572353" lon="3.8062628993146554">
    <name>144.6</name>
  </wpt>
  <wpt lat="50.653380585095157" lon="3.8068081153251994">
    <name>144.7</name>
  </wpt>
  <wpt lat="50.654179273965596" lon="3.8074464966996882">
    <name>144.8</name>
  </wpt>
  <wpt lat="50.654960548663915" lon="3.8081490405391984">
    <name>144.9</name>
  </wpt>
  <wpt lat="50.655741837701129" lon="3.8088515568069128">
    <name>145.0</name>
  </wpt>
  <wpt lat="50.656523126738279" lon="3.8095540847603417">
    <name>145.1</name>
  </wpt>
  <wpt lat="50.657278927040949" lon="3.8103184236283094">
    <name>145.2</name>
  </wpt>
  <wpt lat="50.657944543488611" lon="3.8112681214145891">
    <name>145.3</name>
  </wpt>
  <wpt lat="50.658532973458826" lon="3.8123407372760938">
    <name>145.4</name>
  </wpt>
  <wpt lat="50.659114028401255" lon="3.8134233173372638">
    <name>145.5</name>
  </wpt>
  <wpt lat="50.659698732816409" lon="3.8145011312867614">
    <name>145.6</name>
  </wpt>
  <wpt lat="50.66028224484382" lon="3.8155805432080996">
    <name>145.7</name>
  </wpt>
  <wpt lat="50.660956581774471" lon="3.8163971993648458">
    <name>145.8</name>
  </wpt>
  <wpt lat="50.661842098203032" lon="3.8166448264982562">
    <name>145.9</name>
  </wpt>
  <wpt lat="50.6627269795197" lon="3.8168980056645072">
    <name>146.0</name>
  </wpt>
  <wpt lat="50.663475148816445" lon="3.817151982545627">
    <name>146.1</name>
  </wpt>
  <wpt lat="50.664358784431656" lon="3.8174157510628479">
    <name>146.2</name>
  </wpt>
  <wpt lat="50.665249762920041" lon="3.8175770000000289">
    <name>146.3</name>
  </wpt>
  <wpt lat="50.66611889478957" lon="3.8172632869715852">
    <name>146.4</name>
  </wpt>
  <wpt lat="50.666982483122588" lon="3.8169119999999692">
    <name>146.5</name>
  </wpt>
  <wpt lat="50.667813433837487" lon="3.8173621725483668">
    <name>146.6</name>
  </wpt>
  <wpt lat="50.668455234717676" lon="3.8183548520319461">
    <name>146.7</name>
  </wpt>
  <wpt lat="50.66910535815375" lon="3.8193351643600821">
    <name>146.8</name>
  </wpt>
  <wpt lat="50.669630008914488" lon="3.8204685907990594">
    <name>146.9</name>
  </wpt>
  <wpt lat="50.66984700015454" lon="3.8218354866114526">
    <name>147.0</name>
  </wpt>
  <wpt lat="50.669848154743256" lon="3.8232502481268695">
    <name>147.1</name>
  </wpt>
  <wpt lat="50.670262637612" lon="3.8244985381561531">
    <name>147.2</name>
  </wpt>
  <wpt lat="50.670710681836326" lon="3.825728797584206">
    <name>147.3</name>
  </wpt>
  <wpt lat="50.671080172182684" lon="3.8270220712576526">
    <name>147.4</name>
  </wpt>
  <wpt lat="50.671362714586365" lon="3.8283677153631297">
    <name>147.5</name>
  </wpt>
  <wpt lat="50.671597014866713" lon="3.8297376859932997">
    <name>147.6</name>
  </wpt>
  <wpt lat="50.671840281303034" lon="3.8311037841897519">
    <name>147.7</name>
  </wpt>
  <wpt lat="50.6720749291186" lon="3.8324735418503875">
    <name>147.8</name>
  </wpt>
  <wpt lat="50.672317218205606" lon="3.8338399222986257">
    <name>147.9</name>
  </wpt>
  <wpt lat="50.672846299791175" lon="3.8349527433427055">
    <name>148.0</name>
  </wpt>
  <wpt lat="50.673594492536793" lon="3.8357388190637267">
    <name>148.1</name>
  </wpt>
  <wpt lat="50.674350875285512" lon="3.8365064239244204">
    <name>148.2</name>
  </wpt>
  <wpt lat="50.67511122236683" lon="3.8372634482733381">
    <name>148.3</name>
  </wpt>
  <wpt lat="50.675863110061577" lon="3.8380419607112528">
    <name>148.4</name>
  </wpt>
  <wpt lat="50.676614512301285" lon="3.8388217276772836">
    <name>148.5</name>
  </wpt>
  <wpt lat="50.677372034401444" lon="3.8395865410435026">
    <name>148.6</name>
  </wpt>
  <wpt lat="50.678131374686757" lon="3.8403469381147906">
    <name>148.7</name>
  </wpt>
  <wpt lat="50.678889054845015" lon="3.8411114650373031">
    <name>148.8</name>
  </wpt>
  <wpt lat="50.67964673500321" lon="3.841876004303014">
    <name>148.9</name>
  </wpt>
  <wpt lat="50.680404280611555" lon="3.8426408854626795">
    <name>149.0</name>
  </wpt>
  <wpt lat="50.6811580135409" lon="3.843415105698389">
    <name>149.1</name>
  </wpt>
  <wpt lat="50.681911003181462" lon="3.8441911377152413">
    <name>149.2</name>
  </wpt>
  <wpt lat="50.682673963297084" lon="3.8449339816448749">
    <name>149.3</name>
  </wpt>
  <wpt lat="50.68341882841932" lon="3.8457288361933903">
    <name>149.4</name>
  </wpt>
  <wpt lat="50.684163161502227" lon="3.8465254357354719">
    <name>149.5</name>
  </wpt>
  <wpt lat="50.684907494585055" lon="3.8473220479142785">
    <name>149.6</name>
  </wpt>
  <wpt lat="50.68565251045635" lon="3.8481170751882865">
    <name>149.7</name>
  </wpt>
  <wpt lat="50.686399171014727" lon="3.8489082680457214">
    <name>149.8</name>
  </wpt>
  <wpt lat="50.687144032894068" lon="3.8497036835097362">
    <name>149.9</name>
  </wpt>
  <wpt lat="50.687888694168493" lon="3.8504995817097911">
    <name>150.0</name>
  </wpt>
  <wpt lat="50.688635452705562" lon="3.8512905528867374">
    <name>150.1</name>
  </wpt>
  <wpt lat="50.689392252089469" lon="3.8520572960016355">
    <name>150.2</name>
  </wpt>
  <wpt lat="50.690178460867628" lon="3.8527452512445368">
    <name>150.3</name>
  </wpt>
  <wpt lat="50.690970800710296" lon="3.8534165468601809">
    <name>150.4</name>
  </wpt>
  <wpt lat="50.691768786318164" lon="3.8540709823136279">
    <name>150.5</name>
  </wpt>
  <wpt lat="50.692365107983427" lon="3.8543716577555225">
    <name>150.6</name>
  </wpt>
  <wpt lat="50.693150359514675" lon="3.8536796818603731">
    <name>150.7</name>
  </wpt>
  <wpt lat="50.6939382812297" lon="3.8529953841194819">
    <name>150.8</name>
  </wpt>
  <wpt lat="50.694723301603631" lon="3.8523033638489284">
    <name>150.9</name>
  </wpt>
  <wpt lat="50.695500663240622" lon="3.8515896440964825">
    <name>151.0</name>
  </wpt>
  <wpt lat="50.69628356469957" lon="3.8508913533200348">
    <name>151.1</name>
  </wpt>
  <wpt lat="50.697063305006253" lon="3.8501839465037109">
    <name>151.2</name>
  </wpt>
  <wpt lat="50.697843045312858" lon="3.8494765279263574">
    <name>151.3</name>
  </wpt>
  <wpt lat="50.698631812669916" lon="3.8487950764814585">
    <name>151.4</name>
  </wpt>
  <wpt lat="50.699409829100254" lon="3.8480829880546432">
    <name>151.5</name>
  </wpt>
  <wpt lat="50.700189975676913" lon="3.8473766723260252">
    <name>151.6</name>
  </wpt>
  <wpt lat="50.7009739249515" lon="3.8466809967573563">
    <name>151.7</name>
  </wpt>
  <wpt lat="50.701751200966442" lon="3.8459668005563947">
    <name>151.8</name>
  </wpt>
  <wpt lat="50.702517418907796" lon="3.8452251694150075">
    <name>151.9</name>
  </wpt>
  <wpt lat="50.703264271137648" lon="3.8444347289707581">
    <name>152.0</name>
  </wpt>
  <wpt lat="50.704060083574369" lon="3.8437735819974352">
    <name>152.1</name>
  </wpt>
  <wpt lat="50.704887437911928" lon="3.8432241868224137">
    <name>152.2</name>
  </wpt>
  <wpt lat="50.705742683515034" lon="3.8427853101638858">
    <name>152.3</name>
  </wpt>
  <wpt lat="50.706590670712295" lon="3.8423149653964646">
    <name>152.4</name>
  </wpt>
  <wpt lat="50.707414843885687" lon="3.8417482961970233">
    <name>152.5</name>
  </wpt>
  <wpt lat="50.708284893155529" lon="3.8414032995024439">
    <name>152.6</name>
  </wpt>
  <wpt lat="50.766101532160384" lon="3.8883409291196771">
    <name>161.24</name>
  </wpt>
  <wpt lat="50.76641527184568" lon="3.8874262825624752">
    <name>161.3</name>
  </wpt>
  <wpt lat="50.767234603036066" lon="3.8868910224944693">
    <name>161.4</name>
  </wpt>
  <wpt lat="50.768124278372852" lon="3.8867035239994152">
    <name>161.5</name>
  </wpt>
  <wpt lat="50.769018995856712" lon="3.8865616031904415">
    <name>161.6</name>
  </wpt>
  <wpt lat="50.769909523577574" lon="3.8863638832241656">
    <name>161.7</name>
  </wpt>
  <wpt lat="50.770807440234087" lon="3.8863347445855809">
    <name>161.8</name>
  </wpt>
  <wpt lat="50.770879941908937" lon="3.8853917997593106">
    <name>161.9</name>
  </wpt>
  <wpt lat="50.771637589673169" lon="3.8846168964222847">
    <name>162.21</name>
  </wpt>
  <wpt lat="50.771683845503638" lon="3.8846291330080702">
    <name>162.2</name>
  </wpt>
  <wpt lat="50.772526873601144" lon="3.8850833255922481">
    <name>162.3</name>
  </wpt>
  <wpt lat="50.773171529732082" lon="3.8860390012126302">
    <name>162.4</name>
  </wpt>
  <wpt lat="50.774179791513724" lon="3.8919596820138698">
    <name>163.33</name>
  </wpt>
  <wpt lat="50.774260993419517" lon="3.8931361259143387">
    <name>163.4</name>
  </wpt>
  <wpt lat="50.774518895389733" lon="3.8944952233940189">
    <name>163.5</name>
  </wpt>
  <wpt lat="50.774716951463162" lon="3.8958809037807756">
    <name>163.6</name>
  </wpt>
  <wpt lat="50.77493587984366" lon="3.8972602622523738">
    <name>163.7</name>
  </wpt>
  <wpt lat="50.775174510202874" lon="3.8986287772465813">
    <name>163.8</name>
  </wpt>
  <wpt lat="50.77572901559796" lon="3.8997307755864141">
    <name>163.9</name>
  </wpt>
  <wpt lat="50.776396266103319" lon="3.9006819412452938">
    <name>164.0</name>
  </wpt>
  <wpt lat="50.776985239488489" lon="3.9017548919847038">
    <name>164.1</name>
  </wpt>
  <wpt lat="50.777553903700806" lon="3.9028566891257013">
    <name>164.2</name>
  </wpt>
  <wpt lat="50.778119987136705" lon="3.9039617830890245">
    <name>164.3</name>
  </wpt>
  <wpt lat="50.7786295380649" lon="3.9051310187778121">
    <name>164.4</name>
  </wpt>
  <wpt lat="50.779252371547145" lon="3.906140742991838">
    <name>164.5</name>
  </wpt>
  <wpt lat="50.779728976759181" lon="3.9073419641699929">
    <name>164.6</name>
  </wpt>
  <wpt lat="50.78015549214269" lon="3.9085931385256445">
    <name>164.7</name>
  </wpt>
  <wpt lat="50.780661305699631" lon="3.9097641470009568">
    <name>164.8</name>
  </wpt>
  <wpt lat="50.781345864702622" lon="3.9106818812974353">
    <name>164.9</name>
  </wpt>
  <wpt lat="50.782152332758905" lon="3.9112171521600909">
    <name>165.0</name>
  </wpt>
  <wpt lat="50.785481366372181" lon="3.916409719975074">
    <name>165.54</name>
  </wpt>
  <wpt lat="50.785759378125483" lon="3.917306927358394">
    <name>165.6</name>
  </wpt>
  <wpt lat="50.786260295738373" lon="3.9184473560347026">
    <name>165.7</name>
  </wpt>
  <wpt lat="50.786877507381227" lon="3.9194819522296953">
    <name>165.8</name>
  </wpt>
  <wpt lat="50.787499406954524" lon="3.920509415287226">
    <name>165.9</name>
  </wpt>
  <wpt lat="50.788038809702194" lon="3.9216417144958955">
    <name>166.0</name>
  </wpt>
  <wpt lat="50.788791141048506" lon="3.922415576570716">
    <name>166.1</name>
  </wpt>
  <wpt lat="50.789552041348919" lon="3.9231733256392971">
    <name>166.2</name>
  </wpt>
  <wpt lat="50.790202796674109" lon="3.9241447033856827">
    <name>166.3</name>
  </wpt>
  <wpt lat="50.790688005442156" lon="3.9253421628347955">
    <name>166.4</name>
  </wpt>
  <wpt lat="50.791304823863811" lon="3.926373672768833">
    <name>166.5</name>
  </wpt>
  <wpt lat="50.791758698278969" lon="3.9275942726294253">
    <name>166.6</name>
  </wpt>
  <wpt lat="50.791684067845907" lon="3.9289926303070537">
    <name>166.7</name>
  </wpt>
  <wpt lat="50.791619732994974" lon="3.9304090558483762">
    <name>166.8</name>
  </wpt>
  <wpt lat="50.791661205901256" lon="3.9318300258644427">
    <name>166.9</name>
  </wpt>
  <wpt lat="50.791677812330981" lon="3.9332521528477318">
    <name>167.0</name>
  </wpt>
  <wpt lat="50.791714110604509" lon="3.9346736520171084">
    <name>167.1</name>
  </wpt>
  <wpt lat="50.791755540913819" lon="3.9360944638512141">
    <name>167.2</name>
  </wpt>
  <wpt lat="50.792085805625938" lon="3.9373967433156212">
    <name>167.3</name>
  </wpt>
  <wpt lat="50.792488345746925" lon="3.9386689458128781">
    <name>167.4</name>
  </wpt>
  <wpt lat="50.7928908858678" lon="3.9399411592664082">
    <name>167.5</name>
  </wpt>
  <wpt lat="50.79329342598858" lon="3.9412133836765162">
    <name>167.6</name>
  </wpt>
  <wpt lat="50.793541118938563" lon="3.9425698338221689">
    <name>167.7</name>
  </wpt>
  <wpt lat="50.793818006750875" lon="3.9439211182251026">
    <name>167.8</name>
  </wpt>
  <wpt lat="50.794131877664974" lon="3.9452543842737215">
    <name>167.9</name>
  </wpt>
  <wpt lat="50.794459384663114" lon="3.9465790698118455">
    <name>168.0</name>
  </wpt>
  <wpt lat="50.794809693999852" lon="3.9478868651465424">
    <name>168.1</name>
  </wpt>
  <wpt lat="50.795047341347555" lon="3.9492590482883059">
    <name>168.2</name>
  </wpt>
  <wpt lat="50.795011139759239" lon="3.95063272055427">
    <name>168.3</name>
  </wpt>
  <wpt lat="50.79511921978326" lon="3.951952550866872">
    <name>168.4</name>
  </wpt>
  <wpt lat="50.7951681071717" lon="3.9533732105448705">
    <name>168.5</name>
  </wpt>
  <wpt lat="50.795243139308546" lon="3.9547891268231052">
    <name>168.6</name>
  </wpt>
  <wpt lat="50.795485033676208" lon="3.9561581416754237">
    <name>168.7</name>
  </wpt>
  <wpt lat="50.795612188993104" lon="3.957564580738135">
    <name>168.8</name>
  </wpt>
  <wpt lat="50.795937431667859" lon="3.9588738848287397">
    <name>168.9</name>
  </wpt>
  <wpt lat="50.79632348167052" lon="3.9601572065562567">
    <name>169.0</name>
  </wpt>
  <wpt lat="50.796666287546294" lon="3.9614721495311338">
    <name>169.1</name>
  </wpt>
  <wpt lat="50.797057553483668" lon="3.9627502323682631">
    <name>169.2</name>
  </wpt>
  <wpt lat="50.797654216708004" lon="3.9637920236230122">
    <name>169.3</name>
  </wpt>
  <wpt lat="50.7985025608162" lon="3.9642439590031548">
    <name>169.4</name>
  </wpt>
  <wpt lat="50.799370153062654" lon="3.9646185787736763">
    <name>169.5</name>
  </wpt>
  <wpt lat="50.800235020380839" lon="3.9650082792068133">
    <name>169.6</name>
  </wpt>
  <wpt lat="50.801048104881225" lon="3.9656061189905931">
    <name>169.7</name>
  </wpt>
  <wpt lat="50.801862655975221" lon="3.9661720000000367">
    <name>169.8</name>
  </wpt>
  <wpt lat="50.80262434719188" lon="3.9664487650058491">
    <name>169.9</name>
  </wpt>
  <wpt lat="50.802359465337034" lon="3.9678085814516959">
    <name>170.0</name>
  </wpt>
  <wpt lat="50.802086558328007" lon="3.9691626442160093">
    <name>170.1</name>
  </wpt>
  <wpt lat="50.80140829737757" lon="3.9700780154472777">
    <name>170.2</name>
  </wpt>
  <wpt lat="50.800647529927353" lon="3.970835925551464">
    <name>170.3</name>
  </wpt>
  <wpt lat="50.800026528201826" lon="3.9717964455695385">
    <name>170.4</name>
  </wpt>
  <wpt lat="50.822543935881093" lon="4.00693002237373">
    <name>174.25</name>
  </wpt>
  <wpt lat="50.822878273229875" lon="4.007608907905376">
    <name>174.3</name>
  </wpt>
  <wpt lat="50.823377275602262" lon="4.0087859307991085">
    <name>174.4</name>
  </wpt>
  <wpt lat="50.823784902203194" lon="4.01005492349941">
    <name>174.5</name>
  </wpt>
  <wpt lat="50.82425632048799" lon="4.0112619444229951">
    <name>174.6</name>
  </wpt>
  <wpt lat="50.82477705243339" lon="4.0124226644436884">
    <name>174.7</name>
  </wpt>
  <wpt lat="50.825303433752673" lon="4.0135769654629181">
    <name>174.8</name>
  </wpt>
  <wpt lat="50.825826663811405" lon="4.0147348814321022">
    <name>174.9</name>
  </wpt>
  <wpt lat="50.833017978202" lon="4.0242658582431128">
    <name>176.40</name>
  </wpt>
  <wpt lat="50.833053011503608" lon="4.0244031923005954">
    <name>176.4</name>
  </wpt>
  <wpt lat="50.833569206750639" lon="4.0255689282997782">
    <name>176.5</name>
  </wpt>
  <wpt lat="50.834060612871873" lon="4.0267613003537681">
    <name>176.6</name>
  </wpt>
  <wpt lat="50.834715996952909" lon="4.0267952827454874">
    <name>176.7</name>
  </wpt>
  <wpt lat="50.835541359060244" lon="4.0262390186263639">
    <name>176.8</name>
  </wpt>
  <wpt lat="50.836118850842638" lon="4.0266060041007972">
    <name>176.9</name>
  </wpt>
  <wpt lat="50.836909683881181" lon="4.025944386229">
    <name>177.0</name>
  </wpt>
  <wpt lat="50.83761386784812" lon="4.0250587738229022">
    <name>177.1</name>
  </wpt>
  <wpt lat="50.838309525493038" lon="4.0241575417081847">
    <name>177.2</name>
  </wpt>
  <wpt lat="50.838946858752173" lon="4.0231529955136152">
    <name>177.3</name>
  </wpt>
  <wpt lat="50.839651535100415" lon="4.0223156525670474">
    <name>177.4</name>
  </wpt>
  <wpt lat="50.840509555309545" lon="4.0218919580181076">
    <name>177.5</name>
  </wpt>
  <wpt lat="50.841360440516553" lon="4.0214405382141232">
    <name>177.6</name>
  </wpt>
  <wpt lat="50.842241589695178" lon="4.0212178264904486">
    <name>177.7</name>
  </wpt>
  <wpt lat="50.843140355320486" lon="4.0211732072977515">
    <name>177.8</name>
  </wpt>
  <wpt lat="50.844038281668716" lon="4.0210942008783928">
    <name>177.9</name>
  </wpt>
  <wpt lat="50.844937132155884" lon="4.0210599999999719">
    <name>178.0</name>
  </wpt>
  <wpt lat="50.845836453761819" lon="4.0210599999999719">
    <name>178.1</name>
  </wpt>
  <wpt lat="50.846735525507924" lon="4.0210820000000078">
    <name>178.2</name>
  </wpt>
  <wpt lat="50.847625697337179" lon="4.0212695468687034">
    <name>178.3</name>
  </wpt>
  <wpt lat="50.848509285163267" lon="4.02153457057356">
    <name>178.4</name>
  </wpt>
  <wpt lat="50.849400678127004" lon="4.021718241817398">
    <name>178.5</name>
  </wpt>
  <wpt lat="50.850298774375212" lon="4.0217666514870762">
    <name>178.6</name>
  </wpt>
  <wpt lat="50.85119794766517" lon="4.02174299713572">
    <name>178.7</name>
  </wpt>
  <wpt lat="50.852096282205714" lon="4.0216842018268011">
    <name>178.8</name>
  </wpt>
  <wpt lat="50.85299503302047" lon="4.0216366667855388">
    <name>178.9</name>
  </wpt>
  <wpt lat="50.853893916867406" lon="4.0215929140840254">
    <name>179.0</name>
  </wpt>
  <wpt lat="50.854792405993393" lon="4.021533898406533">
    <name>179.1</name>
  </wpt>
  <wpt lat="50.855691338773333" lon="4.0214920113443009">
    <name>179.2</name>
  </wpt>
  <wpt lat="50.85659027155328" lon="4.0214501234746667">
    <name>179.3</name>
  </wpt>
  <wpt lat="50.857489204333213" lon="4.0214082347975282">
    <name>179.4</name>
  </wpt>
  <wpt lat="50.858388228034336" lon="4.0213716108032935">
    <name>179.5</name>
  </wpt>
  <wpt lat="50.859287140872588" lon="4.0213342076992653">
    <name>179.6</name>
  </wpt>
  <wpt lat="50.860185925375895" lon="4.0212851038784647">
    <name>179.7</name>
  </wpt>
  <wpt lat="50.861084761856205" lon="4.0212383122709436">
    <name>179.8</name>
  </wpt>
  <wpt lat="50.8619739568829" lon="4.02104603685593">
    <name>179.9</name>
  </wpt>
  <wpt lat="50.862844083645264" lon="4.0206861936209419">
    <name>180.0</name>
  </wpt>
  <wpt lat="50.86370968335185" lon="4.0203000540512317">
    <name>180.1</name>
  </wpt>
  <wpt lat="50.864572982854718" lon="4.0199008236522831">
    <name>180.2</name>
  </wpt>
  <wpt lat="50.865426250345173" lon="4.01945086164368">
    <name>180.3</name>
  </wpt>
  <wpt lat="50.866276019033776" lon="4.0189848164771975">
    <name>180.4</name>
  </wpt>
  <wpt lat="50.867120008555986" lon="4.0184927096753809">
    <name>180.5</name>
  </wpt>
  <wpt lat="50.867977411534952" lon="4.018064109559405">
    <name>180.6</name>
  </wpt>
  <wpt lat="50.868847421866306" lon="4.0177051685336878">
    <name>180.7</name>
  </wpt>
  <wpt lat="50.869732302804884" lon="4.0174885948064674">
    <name>180.8</name>
  </wpt>
  <wpt lat="50.870624155490312" lon="4.0174567240148225">
    <name>180.9</name>
  </wpt>
  <wpt lat="50.871297576325873" lon="4.0182709999999613">
    <name>181.0</name>
  </wpt>
  <wpt lat="50.872128789689768" lon="4.0185332281050359">
    <name>181.1</name>
  </wpt>
  <wpt lat="50.875572188329208" lon="4.0205521970028437">
    <name>181.55</name>
  </wpt>
  <wpt lat="50.876127452107241" lon="4.0202719503691089">
    <name>181.6</name>
  </wpt>
  <wpt lat="50.877008286852522" lon="4.0200066710975744">
    <name>181.7</name>
  </wpt>
  <wpt lat="50.87790427529351" lon="4.0198840735508146">
    <name>181.8</name>
  </wpt>
  <wpt lat="50.878797982521256" lon="4.0197400537713674">
    <name>181.9</name>
  </wpt>
  <wpt lat="50.879655470664645" lon="4.0198544705828985">
    <name>182.0</name>
  </wpt>
  <wpt lat="50.880220650947919" lon="4.0209598088092591">
    <name>182.1</name>
  </wpt>
  <wpt lat="50.880849536767016" lon="4.0219652403714257">
    <name>182.2</name>
  </wpt>
  <wpt lat="50.881574298226013" lon="4.0228091487878155">
    <name>182.3</name>
  </wpt>
  <wpt lat="50.882240695764473" lon="4.02269962660323">
    <name>182.4</name>
  </wpt>
  <wpt lat="50.8829954795067" lon="4.0219605491075185">
    <name>182.5</name>
  </wpt>
  <wpt lat="50.88382350513843" lon="4.0214043100730485">
    <name>182.6</name>
  </wpt>
  <wpt lat="50.884684254402792" lon="4.0210847698032017">
    <name>182.7</name>
  </wpt>
  <wpt lat="50.885579490990558" lon="4.0212186359974913">
    <name>182.8</name>
  </wpt>
  <wpt lat="50.886437667749547" lon="4.0209518609929189">
    <name>182.9</name>
  </wpt>
  <wpt lat="50.887105145732221" lon="4.0218848664339575">
    <name>183.0</name>
  </wpt>
  <wpt lat="50.8879439274695" lon="4.0221142072965614">
    <name>183.1</name>
  </wpt>
  <wpt lat="50.888834087020207" lon="4.0219133632080082">
    <name>183.2</name>
  </wpt>
  <wpt lat="50.88972500264876" lon="4.0220482819630536">
    <name>183.3</name>
  </wpt>
  <wpt lat="50.890611543515213" lon="4.0222877812033264">
    <name>183.4</name>
  </wpt>
  <wpt lat="50.89150041114447" lon="4.0225041432682458">
    <name>183.5</name>
  </wpt>
  <wpt lat="50.892378581190592" lon="4.0228100313612067">
    <name>183.6</name>
  </wpt>
  <wpt lat="50.893254654182073" lon="4.0231321154345139">
    <name>183.7</name>
  </wpt>
  <wpt lat="50.8940361055173" lon="4.0237725515703762">
    <name>183.8</name>
  </wpt>
  <wpt lat="50.894609243395244" lon="4.0248637604263227">
    <name>183.9</name>
  </wpt>
  <wpt lat="50.8949983990486" lon="4.0261380576799448">
    <name>184.0</name>
  </wpt>
  <wpt lat="50.895829491213867" lon="4.0265012605901074">
    <name>184.1</name>
  </wpt>
  <wpt lat="50.896650185670225" lon="4.0259201482128848">
    <name>184.2</name>
  </wpt>
  <wpt lat="50.897455209859942" lon="4.0252946095634021">
    <name>184.3</name>
  </wpt>
  <wpt lat="50.898111600909651" lon="4.0243267419245914">
    <name>184.4</name>
  </wpt>
  <wpt lat="50.909427796804259" lon="4.0276632032066564">
    <name>185.72</name>
  </wpt>
  <wpt lat="50.91020420750592" lon="4.02819907521552">
    <name>185.8</name>
  </wpt>
  <wpt lat="50.911012967317788" lon="4.0288070312476965">
    <name>185.9</name>
  </wpt>
  <wpt lat="50.911730482187" lon="4.0296666766008284">
    <name>186.0</name>
  </wpt>
  <wpt lat="50.912451204036714" lon="4.030519764006022">
    <name>186.1</name>
  </wpt>
  <wpt lat="50.913137094637904" lon="4.0314225955654068">
    <name>186.2</name>
  </wpt>
  <wpt lat="50.913473585734806" lon="4.0324559799278452">
    <name>186.3</name>
  </wpt>
  <wpt lat="50.913855672863136" lon="4.0334895690093067">
    <name>186.4</name>
  </wpt>
  <wpt lat="50.913964486070263" lon="4.034903509251258">
    <name>186.5</name>
  </wpt>
  <wpt lat="50.91447921787357" lon="4.0360423490771495">
    <name>186.6</name>
  </wpt>
  <wpt lat="50.915242636059645" lon="4.0367946359326705">
    <name>186.7</name>
  </wpt>
  <wpt lat="50.9159533834539" lon="4.0376541925050713">
    <name>186.8</name>
  </wpt>
  <wpt lat="50.916653000040064" lon="4.0384640569418888">
    <name>186.9</name>
  </wpt>
  <wpt lat="50.91664456545552" lon="4.0398452800690867">
    <name>187.0</name>
  </wpt>
  <wpt lat="50.916138000030621" lon="4.0408509553449958">
    <name>187.1</name>
  </wpt>
  <wpt lat="50.915790666325158" lon="4.0421396673842747">
    <name>187.2</name>
  </wpt>
  <wpt lat="50.915530550708937" lon="4.0434783875821037">
    <name>187.3</name>
  </wpt>
  <wpt lat="50.915116172891608" lon="4.0447043205934268">
    <name>187.4</name>
  </wpt>
  <wpt lat="50.915343207464673" lon="4.0458473420692087">
    <name>187.5</name>
  </wpt>
  <wpt lat="50.915956482712353" lon="4.0458625757958915">
    <name>187.6</name>
  </wpt>
  <wpt lat="50.916410919198185" lon="4.0470935226149889">
    <name>187.7</name>
  </wpt>
  <wpt lat="50.916794336910613" lon="4.0483762875637632">
    <name>187.8</name>
  </wpt>
  <wpt lat="50.917054902199922" lon="4.0497404726799839">
    <name>187.9</name>
  </wpt>
  <wpt lat="50.917662902287653" lon="4.0507838660260278">
    <name>188.0</name>
  </wpt>
  <wpt lat="50.918204159095247" lon="4.0519049128271316">
    <name>188.1</name>
  </wpt>
  <wpt lat="50.918591055844658" lon="4.0531909774210382">
    <name>188.2</name>
  </wpt>
  <wpt lat="50.919114660798151" lon="4.0543491652455126">
    <name>188.3</name>
  </wpt>
  <wpt lat="50.926262797751036" lon="4.0514571462260651">
    <name>189.21</name>
  </wpt>
  <wpt lat="50.926308329973587" lon="4.0514865670592375">
    <name>189.2</name>
  </wpt>
  <wpt lat="50.927102947725636" lon="4.0511553749461919">
    <name>189.3</name>
  </wpt>
  <wpt lat="50.927997228021518" lon="4.0510054991007642">
    <name>189.4</name>
  </wpt>
  <wpt lat="50.928829925361704" lon="4.0505396242988363">
    <name>189.5</name>
  </wpt>
  <wpt lat="50.929523521928331" lon="4.0497249638535395">
    <name>189.6</name>
  </wpt>
  <wpt lat="50.930320982687569" lon="4.0491088950728562">
    <name>189.7</name>
  </wpt>
  <wpt lat="50.931200182865574" lon="4.0488107914466109">
    <name>189.8</name>
  </wpt>
  <wpt lat="50.932077848672961" lon="4.0485782302991584">
    <name>189.9</name>
  </wpt>
  <wpt lat="50.932918104163932" lon="4.0481258789963031">
    <name>190.0</name>
  </wpt>
  <wpt lat="50.93363165546009" lon="4.0472574278898641">
    <name>190.1</name>
  </wpt>
  <wpt lat="50.934444634919473" lon="4.046648871756533">
    <name>190.2</name>
  </wpt>
  <wpt lat="50.942491431284452" lon="4.0534076206307068">
    <name>192.03</name>
  </wpt>
  <wpt lat="50.942681057246261" lon="4.0545770523443565">
    <name>192.1</name>
  </wpt>
  <wpt lat="50.942796501224421" lon="4.0559539093967176">
    <name>192.2</name>
  </wpt>
  <wpt lat="50.943064071290188" lon="4.0572895672234752">
    <name>192.3</name>
  </wpt>
  <wpt lat="50.943177329375835" lon="4.0576190446695692">
    <name>192.89</name>
  </wpt>
  <wpt lat="50.943275068529047" lon="4.0578594215745936">
    <name>192.9</name>
  </wpt>
  <wpt lat="50.943526795662976" lon="4.05919051470062">
    <name>193.0</name>
  </wpt>
  <wpt lat="50.9436644591985" lon="4.0605980263162911">
    <name>193.1</name>
  </wpt>
  <wpt lat="50.943925882386296" lon="4.0619605290528211">
    <name>193.2</name>
  </wpt>
  <wpt lat="50.944279644072353" lon="4.0632727420960393">
    <name>193.3</name>
  </wpt>
  <wpt lat="50.944634548162554" lon="4.0645842006516384">
    <name>193.4</name>
  </wpt>
  <wpt lat="50.944784000340007" lon="4.0659760876003821">
    <name>193.5</name>
  </wpt>
  <wpt lat="50.944757230590334" lon="4.0673978099630714">
    <name>193.6</name>
  </wpt>
  <wpt lat="50.944801395014935" lon="4.0688193026665074">
    <name>193.7</name>
  </wpt>
  <wpt lat="50.944906478980855" lon="4.0702368184888451">
    <name>193.8</name>
  </wpt>
  <wpt lat="50.9450816540916" lon="4.07163437121531">
    <name>193.9</name>
  </wpt>
  <wpt lat="50.945291551317766" lon="4.0730093310880742">
    <name>194.0</name>
  </wpt>
  <wpt lat="50.945464919020537" lon="4.0744066207065366">
    <name>194.1</name>
  </wpt>
  <wpt lat="50.945722027933954" lon="4.0757546899348833">
    <name>194.2</name>
  </wpt>
  <wpt lat="50.9459670720999" lon="4.077127390144561">
    <name>194.3</name>
  </wpt>
  <wpt lat="50.946059088085178" lon="4.0785242109668705">
    <name>194.4</name>
  </wpt>
  <wpt lat="50.946769038079466" lon="4.0789161989488756">
    <name>194.5</name>
  </wpt>
  <wpt lat="50.947595626403377" lon="4.0792677810179523">
    <name>194.6</name>
  </wpt>
  <wpt lat="50.948227588052653" lon="4.0802833254716822">
    <name>194.7</name>
  </wpt>
  <wpt lat="50.948863492229066" lon="4.0812926308127633">
    <name>194.8</name>
  </wpt>
  <wpt lat="50.949491100208235" lon="4.0823033003040266">
    <name>194.9</name>
  </wpt>
  <wpt lat="50.9498061097453" lon="4.0836370905782839">
    <name>195.0</name>
  </wpt>
  <wpt lat="50.950205871559788" lon="4.0848860864741239">
    <name>195.1</name>
  </wpt>
  <wpt lat="50.950524539091283" lon="4.0861869236846129">
    <name>195.2</name>
  </wpt>
  <wpt lat="50.950690716225388" lon="4.0875862280970381">
    <name>195.3</name>
  </wpt>
  <wpt lat="50.951343954687843" lon="4.0884982303386348">
    <name>195.4</name>
  </wpt>
  <wpt lat="50.9521579829745" lon="4.0890959828726245">
    <name>195.5</name>
  </wpt>
  <wpt lat="50.952738290656711" lon="4.0901734736416353">
    <name>195.6</name>
  </wpt>
  <wpt lat="50.952814557660631" lon="4.0915589396218577">
    <name>195.7</name>
  </wpt>
  <wpt lat="50.953098636648022" lon="4.0928478833553346">
    <name>195.8</name>
  </wpt>
  <wpt lat="50.952383965640387" lon="4.0937142008660006">
    <name>195.9</name>
  </wpt>
  <wpt lat="50.951681334524025" lon="4.094605223134959">
    <name>196.0</name>
  </wpt>
  <wpt lat="50.9510033202836" lon="4.0955389677909491">
    <name>196.1</name>
  </wpt>
  <wpt lat="50.950412240758482" lon="4.09661285097963">
    <name>196.2</name>
  </wpt>
  <wpt lat="50.949836351555859" lon="4.0977078713869641">
    <name>196.3</name>
  </wpt>
  <wpt lat="50.9495762538848" lon="4.1002996959566973">
    <name>196.53</name>
  </wpt>
  <wpt lat="50.9500495187532" lon="4.1011436724578214">
    <name>196.6</name>
  </wpt>
  <wpt lat="50.950593486496814" lon="4.1022804045395915">
    <name>196.7</name>
  </wpt>
  <wpt lat="50.951035640767643" lon="4.1034939173350669">
    <name>196.8</name>
  </wpt>
  <wpt lat="50.95140699542096" lon="4.1047889743772776">
    <name>196.9</name>
  </wpt>
  <wpt lat="50.951393228456176" lon="4.1059620629010531">
    <name>197.0</name>
  </wpt>
  <wpt lat="50.950797379677041" lon="4.1070309939076752">
    <name>197.1</name>
  </wpt>
  <wpt lat="50.950258733721171" lon="4.1081721187758529">
    <name>197.2</name>
  </wpt>
  <wpt lat="50.9497511996679" lon="4.1093428183410383">
    <name>197.3</name>
  </wpt>
  <wpt lat="50.94929348873962" lon="4.1105623599114987">
    <name>197.4</name>
  </wpt>
  <wpt lat="50.948768668252455" lon="4.111709877238316">
    <name>197.5</name>
  </wpt>
  <wpt lat="50.948131027458679" lon="4.1127124788036884">
    <name>197.6</name>
  </wpt>
  <wpt lat="50.94799046645992" lon="4.1139556277358373">
    <name>197.7</name>
  </wpt>
  <wpt lat="50.9482933301616" lon="4.1152970919902438">
    <name>197.8</name>
  </wpt>
  <wpt lat="50.948626923764827" lon="4.1166225442786795">
    <name>197.9</name>
  </wpt>
  <wpt lat="50.948895684369958" lon="4.1179833312599481">
    <name>198.0</name>
  </wpt>
  <wpt lat="50.949169361078738" lon="4.1193430744270367">
    <name>198.1</name>
  </wpt>
  <wpt lat="50.949435271429131" lon="4.1207067251847276">
    <name>198.2</name>
  </wpt>
  <wpt lat="50.9496765920446" lon="4.1220687181903992">
    <name>198.3</name>
  </wpt>
  <wpt lat="50.949976493509013" lon="4.1234124604509912">
    <name>198.4</name>
  </wpt>
  <wpt lat="50.950245676829638" lon="4.1247745133685427">
    <name>198.5</name>
  </wpt>
  <wpt lat="50.950455978220589" lon="4.1261595395145907">
    <name>198.6</name>
  </wpt>
  <wpt lat="50.950692799017965" lon="4.1275340713792472">
    <name>198.7</name>
  </wpt>
  <wpt lat="50.95076286934782" lon="4.1289527858384494">
    <name>198.8</name>
  </wpt>
  <wpt lat="50.950769018122038" lon="4.1303769941029334">
    <name>198.9</name>
  </wpt>
  <wpt lat="50.950997813533974" lon="4.1317519453318159">
    <name>199.0</name>
  </wpt>
  <wpt lat="50.9510457355599" lon="4.1330828768429173">
    <name>199.1</name>
  </wpt>
  <wpt lat="50.951610646073824" lon="4.134193554651854">
    <name>199.2</name>
  </wpt>
  <wpt lat="50.951423463511546" lon="4.135433649165031">
    <name>199.3</name>
  </wpt>
  <wpt lat="50.951220621021434" lon="4.1367378999846585">
    <name>199.4</name>
  </wpt>
  <wpt lat="50.951641357750994" lon="4.1379849299957305">
    <name>199.5</name>
  </wpt>
  <wpt lat="50.952282902568527" lon="4.1389845792413968">
    <name>199.6</name>
  </wpt>
  <wpt lat="50.953013345234943" lon="4.1398146041616535">
    <name>199.7</name>
  </wpt>
  <wpt lat="50.953710592112273" lon="4.1407091902670672">
    <name>199.8</name>
  </wpt>
  <wpt lat="50.954482935456952" lon="4.1414200709554407">
    <name>199.9</name>
  </wpt>
  <wpt lat="50.955128939281551" lon="4.142155756962187">
    <name>200.0</name>
  </wpt>
  <wpt lat="50.955717826080168" lon="4.1431991296014452">
    <name>200.1</name>
  </wpt>
  <wpt lat="50.956485117626826" lon="4.1439335818464">
    <name>200.2</name>
  </wpt>
  <wpt lat="50.957326023065157" lon="4.144386149434709">
    <name>200.3</name>
  </wpt>
  <wpt lat="50.958144731650847" lon="4.14497134918438">
    <name>200.4</name>
  </wpt>
  <wpt lat="50.958627363782995" lon="4.1461428689369617">
    <name>200.5</name>
  </wpt>
  <wpt lat="50.9589901713594" lon="4.1474492921431185">
    <name>200.6</name>
  </wpt>
  <wpt lat="50.959362961513143" lon="4.1487485656860592">
    <name>200.7</name>
  </wpt>
  <wpt lat="50.959729988968412" lon="4.1500519828448494">
    <name>200.8</name>
  </wpt>
  <wpt lat="50.960104966899529" lon="4.1513497354726985">
    <name>200.9</name>
  </wpt>
  <wpt lat="50.960504671857265" lon="4.1526273140132908">
    <name>201.0</name>
  </wpt>
  <wpt lat="50.961031929116359" lon="4.1537791191271944">
    <name>201.1</name>
  </wpt>
  <wpt lat="50.96163482035854" lon="4.1548385998940791">
    <name>201.2</name>
  </wpt>
  <wpt lat="50.961425243309925" lon="4.1558217901993819">
    <name>201.3</name>
  </wpt>
  <wpt lat="50.962075661375096" lon="4.1565813209472164">
    <name>201.4</name>
  </wpt>
  <wpt lat="50.962637366645552" lon="4.1576918387170538">
    <name>201.5</name>
  </wpt>
  <wpt lat="50.963383342456417" lon="4.1584813788402135">
    <name>201.6</name>
  </wpt>
  <wpt lat="50.964169998613535" lon="4.1591719982132194">
    <name>201.7</name>
  </wpt>
  <wpt lat="50.964891799781483" lon="4.1600227101551459">
    <name>201.8</name>
  </wpt>
  <wpt lat="50.96550951714115" lon="4.1610430884634111">
    <name>201.9</name>
  </wpt>
  <wpt lat="50.966228314270886" lon="4.1618743142273793">
    <name>202.0</name>
  </wpt>
  <wpt lat="50.966819361163282" lon="4.1629135915744557">
    <name>202.1</name>
  </wpt>
  <wpt lat="50.967140941051873" lon="4.1642287944151031">
    <name>202.2</name>
  </wpt>
  <wpt lat="50.967393050529736" lon="4.1655967262700289">
    <name>202.3</name>
  </wpt>
  <wpt lat="50.967701657074947" lon="4.1669378654180083">
    <name>202.4</name>
  </wpt>
  <wpt lat="51.022311715596189" lon="4.1069340000000381">
    <name>213.43</name>
  </wpt>
  <wpt lat="51.022612455901992" lon="4.1059453986214329">
    <name>213.5</name>
  </wpt>
  <wpt lat="51.023218784578489" lon="4.104929668722332">
    <name>213.6</name>
  </wpt>
  <wpt lat="51.023961077119843" lon="4.10412482552052">
    <name>213.7</name>
  </wpt>
  <wpt lat="51.024650938006495" lon="4.1032077101833915">
    <name>213.8</name>
  </wpt>
  <wpt lat="51.025362054630811" lon="4.1023407657318627">
    <name>213.9</name>
  </wpt>
  <wpt lat="51.033882761583634" lon="4.1076187227920888">
    <name>216.20</name>
  </wpt>
  <wpt lat="51.033974848833616" lon="4.1075877090112334">
    <name>216.2</name>
  </wpt>
  <wpt lat="51.034734191507248" lon="4.1068574359582364">
    <name>216.3</name>
  </wpt>
  <wpt lat="51.035429980349747" lon="4.1059513501521945">
    <name>216.4</name>
  </wpt>
  <wpt lat="51.036120811870838" lon="4.105036282223506">
    <name>216.5</name>
  </wpt>
  <wpt lat="51.036621617428978" lon="4.1038692304499191">
    <name>216.6</name>
  </wpt>
  <wpt lat="51.037121441099579" lon="4.1027015589057116">
    <name>216.7</name>
  </wpt>
  <wpt lat="51.037953307570234" lon="4.10220683120104">
    <name>216.8</name>
  </wpt>
  <wpt lat="51.038849043293" lon="4.1020792387088738">
    <name>216.9</name>
  </wpt>
  <wpt lat="51.039745921153937" lon="4.1020629999999887">
    <name>217.0</name>
  </wpt>
  <wpt lat="51.040634332301323" lon="4.102191999999965">
    <name>217.1</name>
  </wpt>
  <wpt lat="51.041339690372254" lon="4.1016542038978034">
    <name>217.2</name>
  </wpt>
  <wpt lat="51.041845773819993" lon="4.1004732172416167">
    <name>217.3</name>
  </wpt>
  <wpt lat="51.042340166546438" lon="4.0992784192509415">
    <name>217.4</name>
  </wpt>
  <wpt lat="51.042831594155949" lon="4.09808056839707">
    <name>217.5</name>
  </wpt>
  <wpt lat="51.043328774689954" lon="4.0968886871263814">
    <name>217.6</name>
  </wpt>
  <wpt lat="51.043831346897541" lon="4.0957025273191752">
    <name>217.7</name>
  </wpt>
  <wpt lat="51.044335195399086" lon="4.0945178695294766">
    <name>217.8</name>
  </wpt>
  <wpt lat="51.044830567835575" lon="4.09332402858175">
    <name>217.9</name>
  </wpt>
  <wpt lat="51.045331939041496" lon="4.0921365606021238">
    <name>218.0</name>
  </wpt>
  <wpt lat="51.045946426829246" lon="4.0911293196931346">
    <name>218.1</name>
  </wpt>
  <wpt lat="51.046791640399931" lon="4.0906418545030521">
    <name>218.2</name>
  </wpt>
  <wpt lat="51.047634587538823" lon="4.0901441648746211">
    <name>218.3</name>
  </wpt>
  <wpt lat="51.04843524735265" lon="4.0895070543762992">
    <name>218.4</name>
  </wpt>
  <wpt lat="51.049080828865975" lon="4.0885201846625474">
    <name>218.5</name>
  </wpt>
  <wpt lat="51.049530577247616" lon="4.087290417969486">
    <name>218.6</name>
  </wpt>
  <wpt lat="51.049819513602834" lon="4.0859363584872">
    <name>218.7</name>
  </wpt>
  <wpt lat="51.050088552602517" lon="4.0845712969461863">
    <name>218.8</name>
  </wpt>
  <wpt lat="51.050356777001895" lon="4.0832058216420819">
    <name>218.9</name>
  </wpt>
  <wpt lat="51.050623322608409" lon="4.0818396698881418">
    <name>219.0</name>
  </wpt>
  <wpt lat="51.050896324144162" lon="4.0804765766605167">
    <name>219.1</name>
  </wpt>
  <wpt lat="51.051172344012883" lon="4.0791150179563811">
    <name>219.2</name>
  </wpt>
  <wpt lat="51.051449589047913" lon="4.0777540775356895">
    <name>219.3</name>
  </wpt>
  <wpt lat="51.051748484684296" lon="4.0764076239939051">
    <name>219.4</name>
  </wpt>
  <wpt lat="51.051986225075169" lon="4.0750342182862083">
    <name>219.5</name>
  </wpt>
  <wpt lat="51.05226132280891" lon="4.0736721517243328">
    <name>219.6</name>
  </wpt>
  <wpt lat="51.052536420542573" lon="4.0723100770714309">
    <name>219.7</name>
  </wpt>
  <wpt lat="51.052811518276151" lon="4.070947994327299">
    <name>219.8</name>
  </wpt>
  <wpt lat="51.053086616009651" lon="4.0695859034918369">
    <name>219.9</name>
  </wpt>
  <wpt lat="51.053359873090038" lon="4.0682228672106948">
    <name>220.0</name>
  </wpt>
  <wpt lat="51.053653796394379" lon="4.0668725705413831">
    <name>220.1</name>
  </wpt>
  <wpt lat="51.053990145760928" lon="4.0655776271089925">
    <name>220.2</name>
  </wpt>
  <wpt lat="51.054310139715362" lon="4.0642405522031444">
    <name>220.3</name>
  </wpt>
  <wpt lat="51.054662096885714" lon="4.0629243278307241">
    <name>220.4</name>
  </wpt>
  <wpt lat="51.055098000009345" lon="4.061835790219452">
    <name>220.5</name>
  </wpt>
  <wpt lat="51.055572387546171" lon="4.0606485254316729">
    <name>220.6</name>
  </wpt>
  <wpt lat="51.056183132501737" lon="4.0596008022457069">
    <name>220.7</name>
  </wpt>
  <wpt lat="51.056871397344018" lon="4.05868147517131">
    <name>220.8</name>
  </wpt>
  <wpt lat="51.057651916031681" lon="4.0579782968268141">
    <name>220.9</name>
  </wpt>
  <wpt lat="51.0583562591456" lon="4.05730198675731">
    <name>221.0</name>
  </wpt>
  <wpt lat="51.059122090583834" lon="4.0565589279117447">
    <name>221.1</name>
  </wpt>
  <wpt lat="51.059905060322158" lon="4.0558554470509023">
    <name>221.2</name>
  </wpt>
  <wpt lat="51.060720305968559" lon="4.055258822019578">
    <name>221.3</name>
  </wpt>
  <wpt lat="51.061555903908634" lon="4.0548560972220429">
    <name>221.4</name>
  </wpt>
  <wpt lat="51.06233013093069" lon="4.0542407788125772">
    <name>221.5</name>
  </wpt>
  <wpt lat="51.081833542768479" lon="4.036209016379094">
    <name>225.46</name>
  </wpt>
  <wpt lat="51.081499668247915" lon="4.0366967122650355">
    <name>225.5</name>
  </wpt>
  <wpt lat="51.080830744011962" lon="4.0376535424425422">
    <name>225.6</name>
  </wpt>
  <wpt lat="51.080161820577125" lon="4.038610360194717">
    <name>225.7</name>
  </wpt>
  <wpt lat="51.079493133546642" lon="4.0395675827160851">
    <name>225.8</name>
  </wpt>
  <wpt lat="51.07881576100867" lon="4.040507515835027">
    <name>225.9</name>
  </wpt>
  <wpt lat="51.0780265979838" lon="4.041192352201378">
    <name>226.0</name>
  </wpt>
  <wpt lat="51.07828557252963" lon="4.0418932489814354">
    <name>226.1</name>
  </wpt>
  <wpt lat="51.079035534776551" lon="4.0426563368302793">
    <name>226.2</name>
  </wpt>
  <wpt lat="51.079711996590774" lon="4.0434046221837479">
    <name>226.3</name>
  </wpt>
  <wpt lat="51.080450950541149" lon="4.0442205104102733">
    <name>226.4</name>
  </wpt>
  <wpt lat="51.081188105966156" lon="4.0450404085551579">
    <name>226.5</name>
  </wpt>
  <wpt lat="51.081903489554669" lon="4.04590137553013">
    <name>226.6</name>
  </wpt>
  <wpt lat="51.082490150453474" lon="4.0469842968337746">
    <name>226.7</name>
  </wpt>
  <wpt lat="51.0830502010137" lon="4.0481044014264436">
    <name>226.8</name>
  </wpt>
  <wpt lat="51.083542676319965" lon="4.0492967128042032">
    <name>226.9</name>
  </wpt>
  <wpt lat="51.083977060433689" lon="4.0505502342648887">
    <name>227.0</name>
  </wpt>
  <wpt lat="51.08448104890288" lon="4.0517343095700422">
    <name>227.1</name>
  </wpt>
  <wpt lat="51.084987785888977" lon="4.0529167955603675">
    <name>227.2</name>
  </wpt>
  <wpt lat="51.085487912517543" lon="4.05408276250446">
    <name>227.3</name>
  </wpt>
  <wpt lat="51.085891633532121" lon="4.055358352519824">
    <name>227.4</name>
  </wpt>
  <wpt lat="51.086135956187853" lon="4.0567223129234948">
    <name>227.5</name>
  </wpt>
  <wpt lat="51.086168000322147" lon="4.058152303673328">
    <name>227.6</name>
  </wpt>
  <wpt lat="51.086594638171881" lon="4.0593582840394182">
    <name>227.7</name>
  </wpt>
  <wpt lat="51.087229065500232" lon="4.0603725302228888">
    <name>227.8</name>
  </wpt>
  <wpt lat="51.08787992147299" lon="4.0613604498602349">
    <name>227.9</name>
  </wpt>
  <wpt lat="51.088528573780323" lon="4.0623520554323242">
    <name>228.0</name>
  </wpt>
  <wpt lat="51.089169849709364" lon="4.0633558713310318">
    <name>228.1</name>
  </wpt>
  <wpt lat="51.089896378697873" lon="4.0641852031384">
    <name>228.2</name>
  </wpt>
  <wpt lat="51.0907535643298" lon="4.0645963973340322">
    <name>228.3</name>
  </wpt>
  <wpt lat="51.09163916118213" lon="4.0648409304285309">
    <name>228.4</name>
  </wpt>
  <wpt lat="51.092509333601093" lon="4.065189790370165">
    <name>228.5</name>
  </wpt>
  <wpt lat="51.093225362299364" lon="4.0660256717929268">
    <name>228.6</name>
  </wpt>
  <wpt lat="51.093748061916649" lon="4.0671886428283459">
    <name>228.7</name>
  </wpt>
  <wpt lat="51.094261268088246" lon="4.0683645327577134">
    <name>228.8</name>
  </wpt>
  <wpt lat="51.094769438453355" lon="4.0695457761426761">
    <name>228.9</name>
  </wpt>
  <wpt lat="51.09492300001223" lon="4.0709371651852031">
    <name>229.0</name>
  </wpt>
  <wpt lat="51.094938429463092" lon="4.072368863444976">
    <name>229.1</name>
  </wpt>
  <wpt lat="51.094842859862943" lon="4.0737880339376051">
    <name>229.2</name>
  </wpt>
  <wpt lat="51.094687000131358" lon="4.0751752076477086">
    <name>229.3</name>
  </wpt>
  <wpt lat="51.094646551022876" lon="4.0766018988905222">
    <name>229.4</name>
  </wpt>
  <wpt lat="51.094632022275007" lon="4.078014858930608">
    <name>229.5</name>
  </wpt>
  <wpt lat="51.094694361981766" lon="4.079432218727554">
    <name>229.6</name>
  </wpt>
  <wpt lat="51.094959610796728" lon="4.0807969754776909">
    <name>229.7</name>
  </wpt>
  <wpt lat="51.095096797092694" lon="4.0822120081480664">
    <name>229.8</name>
  </wpt>
  <wpt lat="51.095270415383887" lon="4.08361471431985">
    <name>229.9</name>
  </wpt>
  <wpt lat="51.095353638107596" lon="4.085034023851267">
    <name>230.0</name>
  </wpt>
  <wpt lat="51.095368472516789" lon="4.086465810362629">
    <name>230.1</name>
  </wpt>
  <wpt lat="51.09541514671583" lon="4.0878952220057165">
    <name>230.2</name>
  </wpt>
  <wpt lat="51.095516354442509" lon="4.0892286063588585">
    <name>230.3</name>
  </wpt>
  <wpt lat="51.0952353142867" lon="4.090547750572993">
    <name>230.4</name>
  </wpt>
  <wpt lat="51.094630968254187" lon="4.0913716463362935">
    <name>230.5</name>
  </wpt>
  <wpt lat="51.093801503798538" lon="4.0919249798183408">
    <name>230.6</name>
  </wpt>
  <wpt lat="51.092975052475957" lon="4.0924894425336706">
    <name>230.7</name>
  </wpt>
  <wpt lat="51.092543556248884" lon="4.0934434213058415">
    <name>230.8</name>
  </wpt>
  <wpt lat="51.092784176437732" lon="4.0948179779594867">
    <name>230.9</name>
  </wpt>
  <wpt lat="51.093035000004186" lon="4.0961857444295386">
    <name>231.0</name>
  </wpt>
  <wpt lat="51.092990231825759" lon="4.0976098026517365">
    <name>231.1</name>
  </wpt>
  <wpt lat="51.092814198501983" lon="4.0990106428851139">
    <name>231.2</name>
  </wpt>
  <wpt lat="51.0925275761469" lon="4.1003646522827726">
    <name>231.3</name>
  </wpt>
  <wpt lat="51.092262000046347" lon="4.1017213068805871">
    <name>231.4</name>
  </wpt>
  <wpt lat="51.09230443476487" lon="4.1031457929875392">
    <name>231.5</name>
  </wpt>
  <wpt lat="51.09195139041308" lon="4.1044179727166048">
    <name>231.6</name>
  </wpt>
  <wpt lat="51.091585375876114" lon="4.1056690175954884">
    <name>231.7</name>
  </wpt>
  <wpt lat="51.091456213415874" lon="4.1070859891780005">
    <name>231.8</name>
  </wpt>
  <wpt lat="51.091754250899548" lon="4.1079152186969994">
    <name>231.9</name>
  </wpt>
  <wpt lat="51.092598371533349" lon="4.1079336510071718">
    <name>232.0</name>
  </wpt>
  <wpt lat="51.093056000137835" lon="4.1091344840791857">
    <name>232.1</name>
  </wpt>
  <wpt lat="51.093060141838215" lon="4.1103067902109354">
    <name>232.2</name>
  </wpt>
  <wpt lat="51.093957782547491" lon="4.1102670858491868">
    <name>232.3</name>
  </wpt>
  <wpt lat="51.094854651644866" lon="4.1101614440006493">
    <name>232.4</name>
  </wpt>
  <wpt lat="51.095426668138231" lon="4.1110120262467822">
    <name>232.5</name>
  </wpt>
  <wpt lat="51.09564168187066" lon="4.112395267257611">
    <name>232.6</name>
  </wpt>
  <wpt lat="51.095839387676769" lon="4.1137911013335424">
    <name>232.7</name>
  </wpt>
  <wpt lat="51.096096073377417" lon="4.1151635332119838">
    <name>232.8</name>
  </wpt>
  <wpt lat="51.09643035899272" lon="4.1164851561647948">
    <name>232.9</name>
  </wpt>
  <wpt lat="51.09684389799483" lon="4.1177567973428006">
    <name>233.0</name>
  </wpt>
  <wpt lat="51.097249834814008" lon="4.1190341406915012">
    <name>233.1</name>
  </wpt>
  <wpt lat="51.097624263525439" lon="4.1203323675367951">
    <name>233.2</name>
  </wpt>
  <wpt lat="51.097887848771116" lon="4.1216294881587094">
    <name>233.3</name>
  </wpt>
  <wpt lat="51.098107727494771" lon="4.1229995798751915">
    <name>233.4</name>
  </wpt>
  <wpt lat="51.098514011012554" lon="4.1242764978614961">
    <name>233.5</name>
  </wpt>
  <wpt lat="51.09881809746242" lon="4.1256228314202392">
    <name>233.6</name>
  </wpt>
  <wpt lat="51.099003538011488" lon="4.1270162400865926">
    <name>233.7</name>
  </wpt>
  <wpt lat="51.098999471146129" lon="4.128446333042354">
    <name>233.8</name>
  </wpt>
  <wpt lat="51.099060482827028" lon="4.1298549172362264">
    <name>233.9</name>
  </wpt>
  <wpt lat="51.099314695845038" lon="4.1312087754021229">
    <name>234.0</name>
  </wpt>
  <wpt lat="51.099890086321324" lon="4.1322810676521122">
    <name>234.1</name>
  </wpt>
  <wpt lat="51.100561247646837" lon="4.1332118367738078">
    <name>234.2</name>
  </wpt>
  <wpt lat="51.1006179118713" lon="4.1344910129372447">
    <name>234.3</name>
  </wpt>
  <wpt lat="51.100412867812643" lon="4.1358854176511395">
    <name>234.4</name>
  </wpt>
  <wpt lat="51.10021534427878" lon="4.1372824541079316">
    <name>234.5</name>
  </wpt>
  <wpt lat="51.1000658444096" lon="4.1385069551605627">
    <name>234.6</name>
  </wpt>
  <wpt lat="51.100412890909411" lon="4.1398273874404135">
    <name>234.7</name>
  </wpt>
  <wpt lat="51.100614086009074" lon="4.1412077852481746">
    <name>234.8</name>
  </wpt>
  <wpt lat="51.110388316967509" lon="4.1423455725965646">
    <name>236.00</name>
  </wpt>
  <wpt lat="51.110525268526409" lon="4.14237672237692">
    <name>236.0</name>
  </wpt>
  <wpt lat="51.111421008371195" lon="4.1425044418077208">
    <name>236.1</name>
  </wpt>
  <wpt lat="51.113956026729412" lon="4.1428539999999847">
    <name>236.40</name>
  </wpt>
  <wpt lat="51.113897541306777" lon="4.1429871122238886">
    <name>236.4</name>
  </wpt>
  <wpt lat="51.114110147175545" lon="4.1441639856543491">
    <name>236.5</name>
  </wpt>
  <wpt lat="51.114019203323323" lon="4.1455876423930427">
    <name>236.6</name>
  </wpt>
  <wpt lat="51.113891223599907" lon="4.1470028660926213">
    <name>236.7</name>
  </wpt>
  <wpt lat="51.113688337440657" lon="4.148398397558875">
    <name>236.8</name>
  </wpt>
  <wpt lat="51.113686647117724" lon="4.1498190367586814">
    <name>236.9</name>
  </wpt>
  <wpt lat="51.1138219669805" lon="4.1512352616588082">
    <name>237.0</name>
  </wpt>
  <wpt lat="51.113780140680504" lon="4.152658080984426">
    <name>237.1</name>
  </wpt>
  <wpt lat="51.11381272224493" lon="4.1540863631281724">
    <name>237.2</name>
  </wpt>
  <wpt lat="51.1138802097664" lon="4.1555147342140692">
    <name>237.3</name>
  </wpt>
  <wpt lat="51.114046706437442" lon="4.156917135391117">
    <name>237.4</name>
  </wpt>
  <wpt lat="51.1143584555404" lon="4.1582599759736176">
    <name>237.5</name>
  </wpt>
  <wpt lat="51.114683410280108" lon="4.1595927529881891">
    <name>237.6</name>
  </wpt>
  <wpt lat="51.114732517452623" lon="4.1609945345766972">
    <name>237.7</name>
  </wpt>
  <wpt lat="51.11455988893082" lon="4.1624003384128194">
    <name>237.8</name>
  </wpt>
  <wpt lat="51.114378816652845" lon="4.1638031120945991">
    <name>237.9</name>
  </wpt>
  <wpt lat="51.114116109972912" lon="4.1651727676287944">
    <name>238.0</name>
  </wpt>
  <wpt lat="51.114175586944285" lon="4.1665609175207461">
    <name>238.1</name>
  </wpt>
  <wpt lat="51.114184188051517" lon="4.1679747237094924">
    <name>238.2</name>
  </wpt>
  <wpt lat="51.114026190572957" lon="4.16938486278617">
    <name>238.3</name>
  </wpt>
  <wpt lat="51.113875939200419" lon="4.1707972491250285">
    <name>238.4</name>
  </wpt>
  <wpt lat="51.113740382127055" lon="4.1722133125348062">
    <name>238.5</name>
  </wpt>
  <wpt lat="51.113592404740729" lon="4.1736263350776257">
    <name>238.6</name>
  </wpt>
  <wpt lat="51.113443442289118" lon="4.1750390905671306">
    <name>238.7</name>
  </wpt>
  <wpt lat="51.113416530762237" lon="4.176456566749172">
    <name>238.8</name>
  </wpt>
  <wpt lat="51.113686899340649" lon="4.1778207684434614">
    <name>238.9</name>
  </wpt>
  <wpt lat="51.113990158223181" lon="4.179169145252005">
    <name>239.0</name>
  </wpt>
  <wpt lat="51.114350940601312" lon="4.1804810617561818">
    <name>239.1</name>
  </wpt>
  <wpt lat="51.114752720512662" lon="4.1817616174485215">
    <name>239.2</name>
  </wpt>
  <wpt lat="51.11518414614914" lon="4.1830176933910881">
    <name>239.3</name>
  </wpt>
  <wpt lat="51.115653827194649" lon="4.1842392801236521">
    <name>239.4</name>
  </wpt>
  <wpt lat="51.116084662511561" lon="4.1854957638301222">
    <name>239.5</name>
  </wpt>
  <wpt lat="51.116433201476724" lon="4.1868142693145787">
    <name>239.6</name>
  </wpt>
  <wpt lat="51.116689700795419" lon="4.1881847248355255">
    <name>239.7</name>
  </wpt>
  <wpt lat="51.116903378462304" lon="4.1895673153581914">
    <name>239.8</name>
  </wpt>
  <wpt lat="51.117340794439265" lon="4.1908190772700751">
    <name>239.9</name>
  </wpt>
  <wpt lat="51.117878115203787" lon="4.1919642443585294">
    <name>240.0</name>
  </wpt>
  <wpt lat="51.118551933230407" lon="4.1929063116196881">
    <name>240.1</name>
  </wpt>
  <wpt lat="51.119235035421738" lon="4.1938380496565033">
    <name>240.2</name>
  </wpt>
  <wpt lat="51.119927503521765" lon="4.194752019929564">
    <name>240.3</name>
  </wpt>
  <wpt lat="51.120626183732014" lon="4.195654024555215">
    <name>240.4</name>
  </wpt>
  <wpt lat="51.121314140139376" lon="4.1965764630812723">
    <name>240.5</name>
  </wpt>
  <wpt lat="51.122006763231248" lon="4.1974901894764232">
    <name>240.6</name>
  </wpt>
  <wpt lat="51.12268700061211" lon="4.1984249574452974">
    <name>240.7</name>
  </wpt>
  <wpt lat="51.123345655673134" lon="4.1993999139888576">
    <name>240.8</name>
  </wpt>
  <wpt lat="51.123962715761" lon="4.2004413619257814">
    <name>240.9</name>
  </wpt>
  <wpt lat="51.124574033027407" lon="4.201492050412595">
    <name>241.0</name>
  </wpt>
  <wpt lat="51.125160182639085" lon="4.20257691967703">
    <name>241.1</name>
  </wpt>
  <wpt lat="51.125630382418862" lon="4.203788011338407">
    <name>241.2</name>
  </wpt>
  <wpt lat="51.125886000001707" lon="4.2050568138824529">
    <name>241.3</name>
  </wpt>
  <wpt lat="51.12595914985544" lon="4.2062748484698727">
    <name>241.4</name>
  </wpt>
  <wpt lat="51.12582885040004" lon="4.2076875721937279">
    <name>241.5</name>
  </wpt>
  <wpt lat="51.12560861841277" lon="4.2090768644110526">
    <name>241.6</name>
  </wpt>
  <wpt lat="51.125249216768758" lon="4.2103605892320957">
    <name>241.7</name>
  </wpt>
  <wpt lat="51.124861830214847" lon="4.2116345765575085">
    <name>241.8</name>
  </wpt>
  <wpt lat="51.124717542998113" lon="4.2130397780984534">
    <name>241.9</name>
  </wpt>
  <wpt lat="51.12472773802255" lon="4.2144600303859709">
    <name>242.0</name>
  </wpt>
  <wpt lat="51.124543069494194" lon="4.2158623637152219">
    <name>242.1</name>
  </wpt>
  <wpt lat="51.124385567373579" lon="4.2172624564930086">
    <name>242.2</name>
  </wpt>
  <wpt lat="51.124231554704622" lon="4.218669113461984">
    <name>242.3</name>
  </wpt>
  <wpt lat="51.124148904854025" lon="4.2199003874306973">
    <name>242.4</name>
  </wpt>
  <wpt lat="51.124105000012925" lon="4.2213307415353416">
    <name>242.5</name>
  </wpt>
  <wpt lat="51.124335786555193" lon="4.2227063065814567">
    <name>242.6</name>
  </wpt>
  <wpt lat="51.124765051703918" lon="4.2239140617327831">
    <name>242.7</name>
  </wpt>
  <wpt lat="51.125385071705651" lon="4.22483431054068">
    <name>242.8</name>
  </wpt>
  <wpt lat="51.126107480534571" lon="4.2256614894033069">
    <name>242.9</name>
  </wpt>
  <wpt lat="51.126680786981048" lon="4.2267644259224992">
    <name>243.0</name>
  </wpt>
  <wpt lat="51.127168448718784" lon="4.2279650853745974">
    <name>243.1</name>
  </wpt>
  <wpt lat="51.127731106220239" lon="4.2290615313722872">
    <name>243.2</name>
  </wpt>
  <wpt lat="51.128578961658086" lon="4.2292826535142725">
    <name>243.3</name>
  </wpt>
  <wpt lat="51.128826000115019" lon="4.2302105885052663">
    <name>243.4</name>
  </wpt>
  <wpt lat="51.128822219736115" lon="4.2316370179916865">
    <name>243.5</name>
  </wpt>
  <wpt lat="51.128783000192378" lon="4.2330685768563479">
    <name>243.6</name>
  </wpt>
  <wpt lat="51.128751817678349" lon="4.2345002691416651">
    <name>243.7</name>
  </wpt>
  <wpt lat="51.128711658563113" lon="4.2359317932915648">
    <name>243.8</name>
  </wpt>
  <wpt lat="51.128674599884469" lon="4.2373635898225395">
    <name>243.9</name>
  </wpt>
  <wpt lat="51.128636474162619" lon="4.2387953149206981">
    <name>244.0</name>
  </wpt>
  <wpt lat="51.128590000045286" lon="4.2402262574819">
    <name>244.1</name>
  </wpt>
  <wpt lat="51.128554749894242" lon="4.2416564963857333">
    <name>244.2</name>
  </wpt>
  <wpt lat="51.128522392511762" lon="4.243088503672678">
    <name>244.3</name>
  </wpt>
  <wpt lat="51.128470312880253" lon="4.2445190258249053">
    <name>244.4</name>
  </wpt>
  <wpt lat="51.128515274946551" lon="4.2459482589814721">
    <name>244.5</name>
  </wpt>
  <wpt lat="51.128682882532679" lon="4.2473534271999744">
    <name>244.6</name>
  </wpt>
  <wpt lat="51.128900948027663" lon="4.2487436684508486">
    <name>244.7</name>
  </wpt>
  <wpt lat="51.129118779371289" lon="4.2501318306202505">
    <name>244.8</name>
  </wpt>
  <wpt lat="51.129351427274962" lon="4.2515151788875256">
    <name>244.9</name>
  </wpt>
  <wpt lat="51.1295703166477" lon="4.252905076777421">
    <name>245.0</name>
  </wpt>
  <wpt lat="51.129790033356841" lon="4.254293279849672">
    <name>245.1</name>
  </wpt>
  <wpt lat="51.129827724989838" lon="4.25571353656788">
    <name>245.2</name>
  </wpt>
  <wpt lat="51.129732045340788" lon="4.2571383506051843">
    <name>245.3</name>
  </wpt>
  <wpt lat="51.129634718389681" lon="4.2585624940905724">
    <name>245.4</name>
  </wpt>
  <wpt lat="51.12962758268354" lon="4.259989203469571">
    <name>245.5</name>
  </wpt>
  <wpt lat="51.129679048683521" lon="4.2614196801753863">
    <name>245.6</name>
  </wpt>
  <wpt lat="51.129730109718032" lon="4.262850220730761">
    <name>245.7</name>
  </wpt>
  <wpt lat="51.129770000011781" lon="4.2642817351492832">
    <name>245.8</name>
  </wpt>
  <wpt lat="51.1297898516972" lon="4.2657137078302654">
    <name>245.9</name>
  </wpt>
  <wpt lat="51.129821456079071" lon="4.2671430619756423">
    <name>246.0</name>
  </wpt>
  <wpt lat="51.130121270145487" lon="4.268475834894474">
    <name>246.1</name>
  </wpt>
  <wpt lat="51.1305995138246" lon="4.2696885005409149">
    <name>246.2</name>
  </wpt>
  <wpt lat="51.130914944918679" lon="4.2710181813006685">
    <name>246.3</name>
  </wpt>
  <wpt lat="51.131263895159087" lon="4.2723363038825743">
    <name>246.4</name>
  </wpt>
  <wpt lat="51.1316757290772" lon="4.27360998750532">
    <name>246.5</name>
  </wpt>
  <wpt lat="51.132062762425981" lon="4.2749035504159663">
    <name>246.6</name>
  </wpt>
  <wpt lat="51.132580405301" lon="4.2760724250576514">
    <name>246.7</name>
  </wpt>
  <wpt lat="51.132998186343414" lon="4.2773327178844456">
    <name>246.8</name>
  </wpt>
  <wpt lat="51.133368554290115" lon="4.2786356700247694">
    <name>246.9</name>
  </wpt>
  <wpt lat="51.1338115936163" lon="4.2798707240802782">
    <name>247.0</name>
  </wpt>
  <wpt lat="51.13444132422719" lon="4.2808938878885128">
    <name>247.1</name>
  </wpt>
  <wpt lat="51.135092225429432" lon="4.2818821691327376">
    <name>247.2</name>
  </wpt>
  <wpt lat="51.135758595917835" lon="4.2828446330882262">
    <name>247.3</name>
  </wpt>
  <wpt lat="51.136424620136637" lon="4.2838076019510192">
    <name>247.4</name>
  </wpt>
  <wpt lat="51.137101736568873" lon="4.2847508523870692">
    <name>247.5</name>
  </wpt>
  <wpt lat="51.137782811956427" lon="4.2856868170562832">
    <name>247.6</name>
  </wpt>
  <wpt lat="51.138447709264668" lon="4.2866502639146145">
    <name>247.7</name>
  </wpt>
  <wpt lat="51.139128728004856" lon="4.287586343249898">
    <name>247.8</name>
  </wpt>
  <wpt lat="51.139732231543526" lon="4.288644765976108">
    <name>247.9</name>
  </wpt>
  <wpt lat="51.140309493307953" lon="4.2897438233440477">
    <name>248.0</name>
  </wpt>
  <wpt lat="51.1408716227163" lon="4.2908626303865347">
    <name>248.1</name>
  </wpt>
  <wpt lat="51.141439391868637" lon="4.2919740835044777">
    <name>248.2</name>
  </wpt>
  <wpt lat="51.141998653162119" lon="4.2930962996373756">
    <name>248.3</name>
  </wpt>
  <wpt lat="51.142559154542006" lon="4.2942172803191747">
    <name>248.4</name>
  </wpt>
  <wpt lat="51.143120985652551" lon="4.29533656415775">
    <name>248.5</name>
  </wpt>
  <wpt lat="51.143686848891228" lon="4.2964506794805688">
    <name>248.6</name>
  </wpt>
  <wpt lat="51.144453087108758" lon="4.2971262649097959">
    <name>248.7</name>
  </wpt>
  <wpt lat="51.145326440643188" lon="4.2974576670821429">
    <name>248.8</name>
  </wpt>
  <wpt lat="51.146198052371332" lon="4.297810616362673">
    <name>248.9</name>
  </wpt>
  <wpt lat="51.1470688313397" lon="4.2981635432440584">
    <name>249.0</name>
  </wpt>
  <wpt lat="51.14793211971552" lon="4.2985060784483382">
    <name>249.1</name>
  </wpt>
  <wpt lat="51.148767281136827" lon="4.2990146659340116">
    <name>249.2</name>
  </wpt>
  <wpt lat="51.149631854556851" lon="4.2994061727321888">
    <name>249.3</name>
  </wpt>
  <wpt lat="51.150506192713813" lon="4.2997405479855795">
    <name>249.4</name>
  </wpt>
  <wpt lat="51.151401749747563" lon="4.2997785650421037">
    <name>249.5</name>
  </wpt>
  <wpt lat="51.152288216651186" lon="4.2999715747840908">
    <name>249.6</name>
  </wpt>
  <wpt lat="51.153154409493304" lon="4.30034168000731">
    <name>249.7</name>
  </wpt>
  <wpt lat="51.154043975918974" lon="4.300550412566718">
    <name>249.8</name>
  </wpt>
  <wpt lat="51.154931553209572" lon="4.3007805785711577">
    <name>249.9</name>
  </wpt>
  <wpt lat="51.155827491131745" lon="4.3008689999999881">
    <name>250.0</name>
  </wpt>
  <wpt lat="51.156670353461671" lon="4.30125222686973">
    <name>250.1</name>
  </wpt>
  <wpt lat="51.157337794016094" lon="4.30221325500976">
    <name>250.2</name>
  </wpt>
  <wpt lat="51.158063365789765" lon="4.303030219446323">
    <name>250.3</name>
  </wpt>
  <wpt lat="51.158949301529049" lon="4.3032681128645356">
    <name>250.4</name>
  </wpt>
  <wpt lat="51.1597965121242" lon="4.30372990007387">
    <name>250.5</name>
  </wpt>
  <wpt lat="51.16059047355877" lon="4.3044031241477541">
    <name>250.6</name>
  </wpt>
  <wpt lat="51.161380318343177" lon="4.3050888277699437">
    <name>250.7</name>
  </wpt>
  <wpt lat="51.162132649336932" lon="4.3058693961481236">
    <name>250.8</name>
  </wpt>
  <wpt lat="51.162857608890967" lon="4.3067135139652111">
    <name>250.9</name>
  </wpt>
  <wpt lat="51.163617888485888" lon="4.3074773768019519">
    <name>251.0</name>
  </wpt>
  <wpt lat="51.164390684362161" lon="4.3082072469863517">
    <name>251.1</name>
  </wpt>
  <wpt lat="51.165168948688574" lon="4.3089228932882966">
    <name>251.2</name>
  </wpt>
  <wpt lat="51.165981557945109" lon="4.3095367077334492">
    <name>251.3</name>
  </wpt>
  <wpt lat="51.166801228445848" lon="4.3101264025393728">
    <name>251.4</name>
  </wpt>
  <wpt lat="51.167629069829125" lon="4.3106853599652277">
    <name>251.5</name>
  </wpt>
  <wpt lat="51.168481399751236" lon="4.311142843912882">
    <name>251.6</name>
  </wpt>
  <wpt lat="51.169324098713346" lon="4.3116430242610617">
    <name>251.7</name>
  </wpt>
  <wpt lat="51.17016268907394" lon="4.3121602783941837">
    <name>251.8</name>
  </wpt>
  <wpt lat="51.175389465031095" lon="4.3180066587781027">
    <name>253.60</name>
  </wpt>
  <wpt lat="51.175400400989368" lon="4.3178575333048093">
    <name>253.6</name>
  </wpt>
  <wpt lat="51.175601078137504" lon="4.31646310625538">
    <name>253.7</name>
  </wpt>
  <wpt lat="51.176068277350623" lon="4.3157455782764229">
    <name>253.8</name>
  </wpt>
  <wpt lat="51.202182179755873" lon="4.3436143699085088">
    <name>257.87</name>
  </wpt>
  <wpt lat="51.202039976819663" lon="4.3442205185455531">
    <name>257.9</name>
  </wpt>
  <wpt lat="51.201678964014661" lon="4.3455249291320248">
    <name>258.0</name>
  </wpt>
  <wpt lat="51.201592894572784" lon="4.3469505292656567">
    <name>258.1</name>
  </wpt>
  <wpt lat="51.201634492224137" lon="4.3483668171208185">
    <name>258.2</name>
  </wpt>
  <wpt lat="51.202017299116847" lon="4.3496581293533172">
    <name>258.3</name>
  </wpt>
  <wpt lat="51.202273225576469" lon="4.3510242143072624">
    <name>258.4</name>
  </wpt>
  <wpt lat="51.202689021667084" lon="4.3522965201456776">
    <name>258.5</name>
  </wpt>
  <wpt lat="51.203125834957021" lon="4.3535511606472266">
    <name>258.6</name>
  </wpt>
  <wpt lat="51.203562719574251" lon="4.3548057497905015">
    <name>258.7</name>
  </wpt>
  <wpt lat="51.204084125351443" lon="4.3556662085730879">
    <name>258.8</name>
  </wpt>
  <wpt lat="51.204485269859248" lon="4.3569501230669418">
    <name>258.9</name>
  </wpt>
  <wpt lat="51.204877219711086" lon="4.3582420055883659">
    <name>259.0</name>
  </wpt>
  <wpt lat="51.205269169562825" lon="4.3595338991034147">
    <name>259.1</name>
  </wpt>
  <wpt lat="51.205661119414458" lon="4.3608258036124958">
    <name>259.2</name>
  </wpt>
  <wpt lat="51.206063638561105" lon="4.362109229075763">
    <name>259.3</name>
  </wpt>
  <wpt lat="51.206487403216293" lon="4.3633752252658846">
    <name>259.4</name>
  </wpt>
  <wpt lat="51.206919911144155" lon="4.3646337631146146">
    <name>259.5</name>
  </wpt>
  <wpt lat="51.207116845689683" lon="4.3657925969112714">
    <name>259.6</name>
  </wpt>
  <wpt lat="51.2075657080575" lon="4.3670364769988979">
    <name>259.7</name>
  </wpt>
  <wpt lat="51.208058958438372" lon="4.3682291838897767">
    <name>259.8</name>
  </wpt>
  <wpt lat="51.208506771999183" lon="4.3694740188548264">
    <name>259.9</name>
  </wpt>
  <wpt lat="51.208891626244" lon="4.3707684628457839">
    <name>260.0</name>
  </wpt>
  <wpt lat="51.209405739733995" lon="4.3719433966900327">
    <name>260.1</name>
  </wpt>
  <wpt lat="51.209932239226511" lon="4.3731072050914053">
    <name>260.2</name>
  </wpt>
  <wpt lat="51.210458770892956" lon="4.37427098935415">
    <name>260.3</name>
  </wpt>
  <wpt lat="51.21098907674066" lon="4.3754304125438228">
    <name>260.4</name>
  </wpt>
  <wpt lat="51.21151938258825" lon="4.3765898490858195">
    <name>260.5</name>
  </wpt>
  <wpt lat="51.212049688435741" lon="4.3777492989804472">
    <name>260.6</name>
  </wpt>
  <wpt lat="51.212587602911555" lon="4.3788997070789124">
    <name>260.7</name>
  </wpt>
  <wpt lat="51.213132208769" lon="4.3800421674788961">
    <name>260.8</name>
  </wpt>
  <wpt lat="51.213735410624707" lon="4.3811065666757933">
    <name>260.9</name>
  </wpt>
  <wpt lat="51.214415660882523" lon="4.38202585708038">
    <name>261.0</name>
  </wpt>
  <wpt lat="51.215119109012377" lon="4.38291859286966">
    <name>261.1</name>
  </wpt>
  <wpt lat="51.215830907359113" lon="4.3837929318607562">
    <name>261.2</name>
  </wpt>
  <wpt lat="51.216579614557631" lon="4.3845876145361675">
    <name>261.3</name>
  </wpt>
  <wpt lat="51.21735463061124" lon="4.3853159418943548">
    <name>261.4</name>
  </wpt>
  <wpt lat="51.218145152549489" lon="4.3859989375067956">
    <name>261.5</name>
  </wpt>
  <wpt lat="51.218962814442705" lon="4.386592346265962">
    <name>261.6</name>
  </wpt>
  <wpt lat="51.219792062763482" lon="4.387147369281454">
    <name>261.7</name>
  </wpt>
  <wpt lat="51.22062403502926" lon="4.3876917435781">
    <name>261.8</name>
  </wpt>
  <wpt lat="51.234931691830248" lon="4.4200660000000367">
    <name>265.62</name>
  </wpt>
  <wpt lat="51.235416313722716" lon="4.420644639624947">
    <name>265.7</name>
  </wpt>
  <wpt lat="51.236314933350307" lon="4.4205993721716972">
    <name>265.8</name>
  </wpt>
  <wpt lat="51.237214189086082" lon="4.4205819876532813">
    <name>265.9</name>
  </wpt>
  <wpt lat="51.238113443260538" lon="4.42056439812659">
    <name>266.0</name>
  </wpt>
  <wpt lat="51.239012655084991" lon="4.4205758347911681">
    <name>266.1</name>
  </wpt>
  <wpt lat="51.239911398765685" lon="4.4205590000000274">
    <name>266.2</name>
  </wpt>
  <wpt lat="51.2408107203716" lon="4.4205590000000274">
    <name>266.3</name>
  </wpt>
  <wpt lat="51.241709695146056" lon="4.420528795288468">
    <name>266.4</name>
  </wpt>
  <wpt lat="51.242608941592692" lon="4.4205102232531184">
    <name>266.5</name>
  </wpt>
  <wpt lat="51.243508201590174" lon="4.4204949999999776">
    <name>266.6</name>
  </wpt>
  <wpt lat="51.244400123364542" lon="4.4205274157330017">
    <name>266.7</name>
  </wpt>
  <wpt lat="51.244547002260539" lon="4.4218500424398632">
    <name>266.8</name>
  </wpt>
  <wpt lat="51.244547000638867" lon="4.4232866637178923">
    <name>266.9</name>
  </wpt>
  <wpt lat="51.244922365526655" lon="4.4241044655716033">
    <name>267.0</name>
  </wpt>
  <wpt lat="51.244918220068669" lon="4.425538774944636">
    <name>267.1</name>
  </wpt>
  <wpt lat="51.2448236744835" lon="4.426933514041389">
    <name>267.2</name>
  </wpt>
  <wpt lat="51.244745768555383" lon="4.4281242740728155">
    <name>267.3</name>
  </wpt>
  <wpt lat="51.244131650454193" lon="4.4288374010256426">
    <name>267.4</name>
  </wpt>
  <wpt lat="51.244322777546344" lon="4.4296066836816514">
    <name>267.5</name>
  </wpt>
  <wpt lat="51.245192793233" lon="4.4299704355172835">
    <name>267.6</name>
  </wpt>
  <wpt lat="51.245944706885119" lon="4.4307544782724326">
    <name>267.7</name>
  </wpt>
  <wpt lat="51.246727280000343" lon="4.431456552870717">
    <name>267.8</name>
  </wpt>
  <wpt lat="51.247583651475246" lon="4.431892891377502">
    <name>267.9</name>
  </wpt>
  <wpt lat="51.248426088529676" lon="4.43239541841699">
    <name>268.0</name>
  </wpt>
  <wpt lat="51.249264785212141" lon="4.4329139961896953">
    <name>268.1</name>
  </wpt>
  <wpt lat="51.250103381874183" lon="4.4334330024392985">
    <name>268.2</name>
  </wpt>
  <wpt lat="51.250942681330784" lon="4.4339490531089485">
    <name>268.3</name>
  </wpt>
  <wpt lat="51.251783465258946" lon="4.4344589671924792">
    <name>268.4</name>
  </wpt>
  <wpt lat="51.252624797867831" lon="4.4349665753947294">
    <name>268.5</name>
  </wpt>
  <wpt lat="51.253480696087436" lon="4.43540207809734">
    <name>268.6</name>
  </wpt>
  <wpt lat="51.254365811382485" lon="4.4356430059425254">
    <name>268.7</name>
  </wpt>
  <wpt lat="51.254900827612659" lon="4.4362845688605681">
    <name>268.8</name>
  </wpt>
  <wpt lat="51.254928593323847" lon="4.4377208273144548">
    <name>268.9</name>
  </wpt>
  <wpt lat="51.254921871789492" lon="4.4391548468212">
    <name>269.0</name>
  </wpt>
  <wpt lat="51.254954000096184" lon="4.4405878715748131">
    <name>269.1</name>
  </wpt>
  <wpt lat="51.25510121327418" lon="4.4419987134466989">
    <name>269.2</name>
  </wpt>
  <wpt lat="51.255255000165121" lon="4.4434123551912013">
    <name>269.3</name>
  </wpt>
  <wpt lat="51.255053000680618" lon="4.4447916757897721">
    <name>269.4</name>
  </wpt>
  <wpt lat="51.254676943391871" lon="4.44608834650294">
    <name>269.5</name>
  </wpt>
  <wpt lat="51.254602949795604" lon="4.4475165927064184">
    <name>269.6</name>
  </wpt>
  <wpt lat="51.254537976604169" lon="4.44894977213178">
    <name>269.7</name>
  </wpt>
  <wpt lat="51.254475820157623" lon="4.4503832487182473">
    <name>269.8</name>
  </wpt>
  <wpt lat="51.254401024749825" lon="4.4518139346260908">
    <name>269.9</name>
  </wpt>
  <wpt lat="51.254332686181094" lon="4.4532467080599059">
    <name>270.0</name>
  </wpt>
  <wpt lat="51.254275111167857" lon="4.4546806853155516">
    <name>270.1</name>
  </wpt>
  <wpt lat="51.2542090220257" lon="4.4561136560942867">
    <name>270.2</name>
  </wpt>
  <wpt lat="51.2541400641343" lon="4.4575462984914882">
    <name>270.3</name>
  </wpt>
  <wpt lat="51.254096000012183" lon="4.4589808242261046">
    <name>270.4</name>
  </wpt>
  <wpt lat="51.254729269896849" lon="4.4597952698875769">
    <name>270.5</name>
  </wpt>
  <wpt lat="51.255519649718224" lon="4.4604805033836845">
    <name>270.6</name>
  </wpt>
  <wpt lat="51.256306680954935" lon="4.4611749550761326">
    <name>270.7</name>
  </wpt>
  <wpt lat="51.257083200738862" lon="4.4618998263014191">
    <name>270.8</name>
  </wpt>
  <wpt lat="51.25782451754138" lon="4.4625711950187288">
    <name>270.9</name>
  </wpt>
  <wpt lat="51.258570209170443" lon="4.4633724165608877">
    <name>271.0</name>
  </wpt>
  <wpt lat="51.259358324212023" lon="4.4640593241861746">
    <name>271.1</name>
  </wpt>
  <wpt lat="51.260155710919172" lon="4.4642469999999506">
    <name>271.2</name>
  </wpt>
  <wpt lat="51.261053160800735" lon="4.4641803352236105">
    <name>271.3</name>
  </wpt>
  <wpt lat="51.261946972129721" lon="4.4640214877355913">
    <name>271.4</name>
  </wpt>
  <wpt lat="51.262840783458714" lon="4.4638626371586172">
    <name>271.5</name>
  </wpt>
  <wpt lat="51.26373361287213" lon="4.4636912576456833">
    <name>271.6</name>
  </wpt>
  <wpt lat="51.26462612486273" lon="4.4635154683441653">
    <name>271.7</name>
  </wpt>
  <wpt lat="51.265517583090777" lon="4.463390873442652">
    <name>271.8</name>
  </wpt>
  <wpt lat="51.266411652421972" lon="4.4632388021031764">
    <name>271.9</name>
  </wpt>
  <wpt lat="51.267297652971962" lon="4.4631756097815281">
    <name>272.0</name>
  </wpt>
  <wpt lat="51.26805255426099" lon="4.4639114467198935">
    <name>272.1</name>
  </wpt>
  <wpt lat="51.268759582303964" lon="4.4647593014585105">
    <name>272.2</name>
  </wpt>
  <wpt lat="51.269492220898336" lon="4.465590169315627">
    <name>272.3</name>
  </wpt>
  <wpt lat="51.270216208746241" lon="4.466442876197223">
    <name>272.4</name>
  </wpt>
  <wpt lat="51.270940196594061" lon="4.467295596513889">
    <name>272.5</name>
  </wpt>
  <wpt lat="51.271664184441796" lon="4.4681483302661338">
    <name>272.6</name>
  </wpt>
  <wpt lat="51.27238817228946" lon="4.4690010774545676">
    <name>272.7</name>
  </wpt>
  <wpt lat="51.273112160137053" lon="4.4698538380798034">
    <name>272.8</name>
  </wpt>
  <wpt lat="51.27384683527071" lon="4.4706785821394792">
    <name>272.9</name>
  </wpt>
  <wpt lat="51.274568986361" lon="4.4715353398723074">
    <name>273.0</name>
  </wpt>
  <wpt lat="51.275292412926611" lon="4.4723893400170027">
    <name>273.1</name>
  </wpt>
  <wpt lat="51.276018980842423" lon="4.4732365291111211">
    <name>273.2</name>
  </wpt>
  <wpt lat="51.276743375786531" lon="4.474088470384352">
    <name>273.3</name>
  </wpt>
  <wpt lat="51.277467454080309" lon="4.4749411156053229">
    <name>273.4</name>
  </wpt>
  <wpt lat="51.278191532374024" lon="4.4757937742656386">
    <name>273.5</name>
  </wpt>
  <wpt lat="51.278915610667653" lon="4.4766464463657067">
    <name>273.6</name>
  </wpt>
  <wpt lat="51.2796396889612" lon="4.4774991319062387">
    <name>273.7</name>
  </wpt>
  <wpt lat="51.280361115873745" lon="4.47835720088202">
    <name>273.8</name>
  </wpt>
  <wpt lat="51.281086749558753" lon="4.4792065272447648">
    <name>273.9</name>
  </wpt>
  <wpt lat="51.281814141422551" lon="4.4800520124288221">
    <name>274.0</name>
  </wpt>
  <wpt lat="51.282541333430864" lon="4.4808979520020866">
    <name>274.1</name>
  </wpt>
  <wpt lat="51.28326840329148" lon="4.4817441735269936">
    <name>274.2</name>
  </wpt>
  <wpt lat="51.283995473152011" lon="4.4825904084477868">
    <name>274.3</name>
  </wpt>
  <wpt lat="51.284702214146954" lon="4.4832872478188683">
    <name>274.4</name>
  </wpt>
  <wpt lat="51.285456156369875" lon="4.48406397959439">
    <name>274.5</name>
  </wpt>
  <wpt lat="51.286170037866228" lon="4.4849384731040587">
    <name>274.6</name>
  </wpt>
  <wpt lat="51.286894915648169" lon="4.4857893769798913">
    <name>274.7</name>
  </wpt>
  <wpt lat="51.287617697270562" lon="4.4866402360966164">
    <name>274.8</name>
  </wpt>
  <wpt lat="51.288218267498308" lon="4.4876950247004883">
    <name>274.9</name>
  </wpt>
  <wpt lat="51.288744378201358" lon="4.4888612177893474">
    <name>275.0</name>
  </wpt>
  <wpt lat="51.289288890537463" lon="4.4900053953417967">
    <name>275.1</name>
  </wpt>
  <wpt lat="51.289864393114748" lon="4.4911092541908042">
    <name>275.2</name>
  </wpt>
  <wpt lat="51.290432080113433" lon="4.49221508010337">
    <name>275.3</name>
  </wpt>
  <wpt lat="51.291144688777941" lon="4.4930919353308125">
    <name>275.4</name>
  </wpt>
  <wpt lat="51.2918808898898" lon="4.4939107359951267">
    <name>275.5</name>
  </wpt>
  <wpt lat="51.292680622161669" lon="4.4945684576780751">
    <name>275.6</name>
  </wpt>
  <wpt lat="51.293476497464383" lon="4.4952365334851914">
    <name>275.7</name>
  </wpt>
  <wpt lat="51.294274480414252" lon="4.4958996102305013">
    <name>275.8</name>
  </wpt>
  <wpt lat="51.29507482652398" lon="4.4965551224150877">
    <name>275.9</name>
  </wpt>
  <wpt lat="51.295871749003616" lon="4.497221623521134">
    <name>276.0</name>
  </wpt>
  <wpt lat="51.296554400022288" lon="4.4979373119581521">
    <name>276.1</name>
  </wpt>
  <wpt lat="51.297348937830776" lon="4.4985763983016192">
    <name>276.2</name>
  </wpt>
  <wpt lat="51.298147616793713" lon="4.4992372835125432">
    <name>276.3</name>
  </wpt>
  <wpt lat="51.298942193580544" lon="4.4999109541014963">
    <name>276.4</name>
  </wpt>
  <wpt lat="51.299736770367318" lon="4.5005846363515323">
    <name>276.5</name>
  </wpt>
  <wpt lat="51.300531347154035" lon="4.5012583302632638">
    <name>276.6</name>
  </wpt>
  <wpt lat="51.301328387425755" lon="4.5019245234230185">
    <name>276.7</name>
  </wpt>
  <wpt lat="51.30212662560195" lon="4.5025870758796893">
    <name>276.8</name>
  </wpt>
  <wpt lat="51.302924863778081" lon="4.5032496398591277">
    <name>276.9</name>
  </wpt>
  <wpt lat="51.303723101954155" lon="4.5039122153619457">
    <name>277.0</name>
  </wpt>
  <wpt lat="51.304520303453678" lon="4.5045758071224133">
    <name>277.1</name>
  </wpt>
  <wpt lat="51.305318396789254" lon="4.5052388382279336">
    <name>277.2</name>
  </wpt>
  <wpt lat="51.306114410767535" lon="4.5059082595225526">
    <name>277.3</name>
  </wpt>
  <wpt lat="51.306911205233725" lon="4.506575305344235">
    <name>277.4</name>
  </wpt>
  <wpt lat="51.30766937960226" lon="4.5073390217678808">
    <name>277.5</name>
  </wpt>
  <wpt lat="51.308356733690388" lon="4.5081519302934323">
    <name>277.6</name>
  </wpt>
  <wpt lat="51.309104025238383" lon="4.5089520355278676">
    <name>277.7</name>
  </wpt>
  <wpt lat="51.309847403858129" lon="4.5097616780151979">
    <name>277.8</name>
  </wpt>
  <wpt lat="51.310587853865883" lon="4.5105781906390581">
    <name>277.9</name>
  </wpt>
  <wpt lat="51.311328303873552" lon="4.51139471643927">
    <name>278.0</name>
  </wpt>
  <wpt lat="51.312069767989186" lon="4.51220889467258">
    <name>278.1</name>
  </wpt>
  <wpt lat="51.312811648428635" lon="4.51302211702107">
    <name>278.2</name>
  </wpt>
  <wpt lat="51.313532999344616" lon="4.5138524491419929">
    <name>278.3</name>
  </wpt>
  <wpt lat="51.3142703515447" lon="4.5146761708673768">
    <name>278.4</name>
  </wpt>
  <wpt lat="51.3150102419811" lon="4.515494057818584">
    <name>278.5</name>
  </wpt>
  <wpt lat="51.315750262674392" lon="4.5163116578715456">
    <name>278.6</name>
  </wpt>
  <wpt lat="51.316499879938739" lon="4.5171043142692069">
    <name>278.7</name>
  </wpt>
  <wpt lat="51.317304227913972" lon="4.51766882787158">
    <name>278.8</name>
  </wpt>
  <wpt lat="51.318173379830185" lon="4.5178188025845234">
    <name>278.9</name>
  </wpt>
  <wpt lat="51.319035748045494" lon="4.5182270451918258">
    <name>279.0</name>
  </wpt>
  <wpt lat="51.319898869327304" lon="4.5186308580408321">
    <name>279.1</name>
  </wpt>
  <wpt lat="51.320764476201056" lon="4.5190207450359434">
    <name>279.2</name>
  </wpt>
  <wpt lat="51.321628460308979" lon="4.5194195831120982">
    <name>279.3</name>
  </wpt>
  <wpt lat="51.322490608561282" lon="4.51982631326438">
    <name>279.4</name>
  </wpt>
  <wpt lat="51.3233536150795" lon="4.5202309557470812">
    <name>279.5</name>
  </wpt>
  <wpt lat="51.32421735987041" lon="4.5206305668245337">
    <name>279.6</name>
  </wpt>
  <wpt lat="51.325081912133854" lon="4.5210264560460054">
    <name>279.7</name>
  </wpt>
  <wpt lat="51.325944061269823" lon="4.52143575522309">
    <name>279.8</name>
  </wpt>
  <wpt lat="51.326806829658075" lon="4.5218416175459124">
    <name>279.9</name>
  </wpt>
  <wpt lat="51.327669947970257" lon="4.5222452711283134">
    <name>280.0</name>
  </wpt>
  <wpt lat="51.32849732358779" lon="4.5227399278721121">
    <name>280.1</name>
  </wpt>
  <wpt lat="51.329319010357359" lon="4.5231127724656552">
    <name>280.2</name>
  </wpt>
  <wpt lat="51.330163654447141" lon="4.5235849469769738">
    <name>280.3</name>
  </wpt>
  <wpt lat="51.331026553822042" lon="4.5239904128603987">
    <name>280.4</name>
  </wpt>
  <wpt lat="51.331889245573244" lon="4.5243970160429017">
    <name>280.5</name>
  </wpt>
  <wpt lat="51.3327524914772" lon="4.5248005903847091">
    <name>280.6</name>
  </wpt>
  <wpt lat="51.333615519560873" lon="4.5252053746443242">
    <name>280.7</name>
  </wpt>
  <wpt lat="51.334478463186521" lon="4.5256106298954384">
    <name>280.8</name>
  </wpt>
  <wpt lat="51.335341406812155" lon="4.5260158927746934">
    <name>280.9</name>
  </wpt>
  <wpt lat="51.336202481091313" lon="4.52643102229333">
    <name>281.0</name>
  </wpt>
  <wpt lat="51.337042520156388" lon="4.5269416442888435">
    <name>281.1</name>
  </wpt>
  <wpt lat="51.3377742298105" lon="4.5277730410916437">
    <name>281.2</name>
  </wpt>
  <wpt lat="51.338515043123763" lon="4.5285681285371657">
    <name>281.3</name>
  </wpt>
  <wpt lat="51.339183102363783" lon="4.529496526774067">
    <name>281.4</name>
  </wpt>
  <wpt lat="51.339899268320423" lon="4.5303672652630684">
    <name>281.5</name>
  </wpt>
  <wpt lat="51.340615419003612" lon="4.5312380495459506">
    <name>281.6</name>
  </wpt>
  <wpt lat="51.341331433857896" lon="4.532109128877746">
    <name>281.7</name>
  </wpt>
  <wpt lat="51.342038474606461" lon="4.532998813059768">
    <name>281.8</name>
  </wpt>
  <wpt lat="51.342749867302189" lon="4.5338400342782288">
    <name>281.9</name>
  </wpt>
  <wpt lat="51.343451270167094" lon="4.5347323794843009">
    <name>282.0</name>
  </wpt>
  <wpt lat="51.344168001860368" lon="4.5356019595941177">
    <name>282.1</name>
  </wpt>
  <wpt lat="51.34488112156054" lon="4.5364791669391922">
    <name>282.2</name>
  </wpt>
  <wpt lat="51.345600615330937" lon="4.5373429544091914">
    <name>282.3</name>
  </wpt>
  <wpt lat="51.346311257918956" lon="4.5382251027591947">
    <name>282.4</name>
  </wpt>
  <wpt lat="51.347016309447362" lon="4.5391189197541726">
    <name>282.5</name>
  </wpt>
  <wpt lat="51.347750894419924" lon="4.5399354670734571">
    <name>282.6</name>
  </wpt>
  <wpt lat="51.34846660241675" lon="4.5408073319509628">
    <name>282.7</name>
  </wpt>
  <wpt lat="51.349181519708729" lon="4.5416808727263422">
    <name>282.8</name>
  </wpt>
  <wpt lat="51.349897759173786" lon="4.5425516344399064">
    <name>282.9</name>
  </wpt>
  <wpt lat="51.350615532108662" lon="4.5434189336193613">
    <name>283.0</name>
  </wpt>
  <wpt lat="51.351324984750249" lon="4.5443036520590665">
    <name>283.1</name>
  </wpt>
  <wpt lat="51.352046265782143" lon="4.5451636543418816">
    <name>283.2</name>
  </wpt>
  <wpt lat="51.352761476931072" lon="4.54603663067221">
    <name>283.3</name>
  </wpt>
  <wpt lat="51.353482916328559" lon="4.546845641902487">
    <name>283.4</name>
  </wpt>
  <wpt lat="51.354197552986328" lon="4.54771985777253">
    <name>283.5</name>
  </wpt>
  <wpt lat="51.354916189121283" lon="4.5485853722601091">
    <name>283.6</name>
  </wpt>
  <wpt lat="51.355634160321877" lon="4.5494523614471323">
    <name>283.7</name>
  </wpt>
  <wpt lat="51.356347225378123" lon="4.55032914078074">
    <name>283.8</name>
  </wpt>
  <wpt lat="51.357061888557361" lon="4.5512032648176346">
    <name>283.9</name>
  </wpt>
  <wpt lat="51.357774371105556" lon="4.5520819898307847">
    <name>284.0</name>
  </wpt>
  <wpt lat="51.358486011426109" lon="4.5529625298498049">
    <name>284.1</name>
  </wpt>
  <wpt lat="51.359202207254029" lon="4.5538333111270886">
    <name>284.2</name>
  </wpt>
  <wpt lat="51.35991044092377" lon="4.554718776150251">
    <name>284.3</name>
  </wpt>
  <wpt lat="51.360619541801213" lon="4.5556035708470377">
    <name>284.4</name>
  </wpt>
  <wpt lat="51.361334069174404" lon="4.5564781598710526">
    <name>284.5</name>
  </wpt>
  <wpt lat="51.362049630957117" lon="4.5573505832129442">
    <name>284.6</name>
  </wpt>
  <wpt lat="51.362765988957769" lon="4.5582213512480267">
    <name>284.7</name>
  </wpt>
  <wpt lat="51.363481111671476" lon="4.5590947215249118">
    <name>284.8</name>
  </wpt>
  <wpt lat="51.364198477850685" lon="4.5599632842911095">
    <name>284.9</name>
  </wpt>
  <wpt lat="51.364911315532375" lon="4.5608414722516732">
    <name>285.0</name>
  </wpt>
  <wpt lat="51.365627327764059" lon="4.5617129722100449">
    <name>285.1</name>
  </wpt>
  <wpt lat="51.36634223900974" lon="4.56258682435104">
    <name>285.2</name>
  </wpt>
  <wpt lat="51.367057552534504" lon="4.5634598529501469">
    <name>285.3</name>
  </wpt>
  <wpt lat="51.36776848260665" lon="4.56434195065147">
    <name>285.4</name>
  </wpt>
  <wpt lat="51.368483179510164" lon="4.565216321963006">
    <name>285.5</name>
  </wpt>
  <wpt lat="51.3691978764136" lon="4.5660907069221244">
    <name>285.6</name>
  </wpt>
  <wpt lat="51.369912573316945" lon="4.5669651055293334">
    <name>285.7</name>
  </wpt>
  <wpt lat="51.370625431478629" lon="4.5678433577888056">
    <name>285.8</name>
  </wpt>
  <wpt lat="51.371337871986839" lon="4.568722495655968">
    <name>285.9</name>
  </wpt>
  <wpt lat="51.372050312494963" lon="4.5696016472031795">
    <name>286.0</name>
  </wpt>
  <wpt lat="51.372763614025658" lon="4.57047901884777">
    <name>286.1</name>
  </wpt>
  <wpt lat="51.373476958029464" lon="4.5713563157538033">
    <name>286.2</name>
  </wpt>
  <wpt lat="51.3741848687931" lon="4.5722440764170642">
    <name>286.3</name>
  </wpt>
  <wpt lat="51.374900535918513" lon="4.5731163953395644">
    <name>286.4</name>
  </wpt>
  <wpt lat="51.375614191137672" lon="4.573993041835803">
    <name>286.5</name>
  </wpt>
  <wpt lat="51.376326178101138" lon="4.5748732179024749">
    <name>286.6</name>
  </wpt>
  <wpt lat="51.3770382100439" lon="4.575753314230961">
    <name>286.7</name>
  </wpt>
  <wpt lat="51.377751773077115" lon="4.5766301753428884">
    <name>286.8</name>
  </wpt>
  <wpt lat="51.3784750757239" lon="4.5774863368423206">
    <name>286.9</name>
  </wpt>
  <wpt lat="51.379188430523193" lon="4.5783637206814127">
    <name>287.0</name>
  </wpt>
  <wpt lat="51.379901785322417" lon="4.57924111819465">
    <name>287.1</name>
  </wpt>
  <wpt lat="51.380615140121556" lon="4.5801185293824407">
    <name>287.2</name>
  </wpt>
  <wpt lat="51.3813284949206" lon="4.5809959542453944">
    <name>287.3</name>
  </wpt>
  <wpt lat="51.38204184971957" lon="4.5818733927841233">
    <name>287.4</name>
  </wpt>
  <wpt lat="51.382755194507091" lon="4.5827508658073928">
    <name>287.5</name>
  </wpt>
  <wpt lat="51.383466378442591" lon="4.5836327943220363">
    <name>287.6</name>
  </wpt>
  <wpt lat="51.384177119511556" lon="4.5845156670780236">
    <name>287.7</name>
  </wpt>
  <wpt lat="51.384891228914981" lon="4.585391569667153">
    <name>287.8</name>
  </wpt>
  <wpt lat="51.38560621964227" lon="4.586265638801466">
    <name>287.9</name>
  </wpt>
  <wpt lat="51.386319168687187" lon="4.5871440041224814">
    <name>288.0</name>
  </wpt>
  <wpt lat="51.38703050561346" lon="4.5880257336737351">
    <name>288.1</name>
  </wpt>
  <wpt lat="51.387754215612929" lon="4.588880783704977">
    <name>288.2</name>
  </wpt>
  <wpt lat="51.388459172586735" lon="4.5897744863505157">
    <name>288.3</name>
  </wpt>
  <wpt lat="51.389168336667225" lon="4.5906606363296909">
    <name>288.4</name>
  </wpt>
  <wpt lat="51.389888581647625" lon="4.5915223266103284">
    <name>288.5</name>
  </wpt>
  <wpt lat="51.390598305354068" lon="4.5924065608202014">
    <name>288.6</name>
  </wpt>
  <wpt lat="51.39131350395899" lon="4.5932796644770395">
    <name>288.7</name>
  </wpt>
  <wpt lat="51.392031848166447" lon="4.5941464350948182">
    <name>288.8</name>
  </wpt>
  <wpt lat="51.392745750698914" lon="4.5950227586915791">
    <name>288.9</name>
  </wpt>
  <wpt lat="51.393452246405232" lon="4.5959135577812695">
    <name>289.0</name>
  </wpt>
  <wpt lat="51.394170728831732" lon="4.5967792248404136">
    <name>289.1</name>
  </wpt>
  <wpt lat="51.394883813712987" lon="4.5976565500587778">
    <name>289.2</name>
  </wpt>
  <wpt lat="51.395597048477491" lon="4.5985344064196978">
    <name>289.3</name>
  </wpt>
  <wpt lat="51.3963123639187" lon="4.5994080095571537">
    <name>289.4</name>
  </wpt>
  <wpt lat="51.397025196751194" lon="4.6002866787474472">
    <name>289.5</name>
  </wpt>
  <wpt lat="51.397741871632782" lon="4.6011574071263563">
    <name>289.6</name>
  </wpt>
  <wpt lat="51.398451531765268" lon="4.6020428195496583">
    <name>289.7</name>
  </wpt>
  <wpt lat="51.3991608472498" lon="4.6029289378921359">
    <name>289.8</name>
  </wpt>
  <wpt lat="51.399874163889159" lon="4.6038067106016181">
    <name>289.9</name>
  </wpt>
  <wpt lat="51.400590488409534" lon="4.6046782692800514">
    <name>290.0</name>
  </wpt>
  <wpt lat="51.4013055271599" lon="4.6055525281757221">
    <name>290.1</name>
  </wpt>
  <wpt lat="51.402016212544375" lon="4.6064358956675493">
    <name>290.2</name>
  </wpt>
  <wpt lat="51.402726897928765" lon="4.6073192768863453">
    <name>290.3</name>
  </wpt>
  <wpt lat="51.403437583313064" lon="4.6082026718327214">
    <name>290.4</name>
  </wpt>
  <wpt lat="51.4042353331555" lon="4.608862013760044">
    <name>290.5</name>
  </wpt>
  <wpt lat="51.405060156082449" lon="4.6094365312931638">
    <name>290.6</name>
  </wpt>
  <wpt lat="51.405889043089189" lon="4.60999539184319">
    <name>290.7</name>
  </wpt>
  <wpt lat="51.40671929638372" lon="4.6105494663764643">
    <name>290.8</name>
  </wpt>
  <wpt lat="51.407549759411566" lon="4.6111027425174358">
    <name>290.9</name>
  </wpt>
  <wpt lat="51.408288814267962" lon="4.6117687386094115">
    <name>291.0</name>
  </wpt>
  <wpt lat="51.408540280210566" lon="4.6131012420313473">
    <name>291.1</name>
  </wpt>
  <wpt lat="51.408821598434358" lon="4.6144704524080868">
    <name>291.2</name>
  </wpt>
  <wpt lat="51.450038091280085" lon="4.639476150404696">
    <name>296.76</name>
  </wpt>
  <wpt lat="51.450448216308786" lon="4.6397176091850136">
    <name>296.8</name>
  </wpt>
  <wpt lat="51.451278195394117" lon="4.6402732801185769">
    <name>296.9</name>
  </wpt>
  <wpt lat="51.45210804489183" lon="4.6408294590677386">
    <name>297.0</name>
  </wpt>
  <wpt lat="51.452886867932826" lon="4.641433801814129">
    <name>297.1</name>
  </wpt>
  <wpt lat="51.453704539611429" lon="4.6420216009049371">
    <name>297.2</name>
  </wpt>
  <wpt lat="51.454424219442977" lon="4.6428456612441824">
    <name>297.3</name>
  </wpt>
  <wpt lat="51.454965418634544" lon="4.6439971626585734">
    <name>297.4</name>
  </wpt>
  <wpt lat="51.455500567839046" lon="4.6451308601738344">
    <name>297.5</name>
  </wpt>
  <wpt lat="51.456178206693856" lon="4.6460150000000091">
    <name>297.6</name>
  </wpt>
  <wpt lat="51.456984704253877" lon="4.64638670421366">
    <name>297.7</name>
  </wpt>
  <wpt lat="51.457754502053405" lon="4.6471328004235044">
    <name>297.8</name>
  </wpt>
  <wpt lat="51.458518118878004" lon="4.6478763271876948">
    <name>297.9</name>
  </wpt>
  <wpt lat="51.459292192507704" lon="4.6486110280008859">
    <name>298.0</name>
  </wpt>
  <wpt lat="51.46006389950832" lon="4.6493521818833">
    <name>298.1</name>
  </wpt>
  <wpt lat="51.46083536088144" lon="4.6500940069144558">
    <name>298.2</name>
  </wpt>
  <wpt lat="51.4616013813071" lon="4.6508479165347749">
    <name>298.3</name>
  </wpt>
  <wpt lat="51.462381591081808" lon="4.6515657354913325">
    <name>298.4</name>
  </wpt>
  <wpt lat="51.463152334506468" lon="4.6523095184072192">
    <name>298.5</name>
  </wpt>
  <wpt lat="51.463827965545583" lon="4.6531180000000294">
    <name>298.6</name>
  </wpt>
  <wpt lat="51.464619871316437" lon="4.65369169012218">
    <name>298.7</name>
  </wpt>
  <wpt lat="51.465392059245481" lon="4.6544316393300695">
    <name>298.8</name>
  </wpt>
  <wpt lat="51.466162023513256" lon="4.6551770232724525">
    <name>298.9</name>
  </wpt>
  <wpt lat="51.466932389995172" lon="4.6559179188664492">
    <name>299.0</name>
  </wpt>
  <wpt lat="51.467697764296076" lon="4.6566692602399549">
    <name>299.1</name>
  </wpt>
  <wpt lat="51.468437332041695" lon="4.6572534783723381">
    <name>299.2</name>
  </wpt>
  <wpt lat="51.469188372804325" lon="4.6580472373118749">
    <name>299.3</name>
  </wpt>
  <wpt lat="51.47623866983804" lon="4.6695717380532837">
    <name>301.80</name>
  </wpt>
  <wpt lat="51.476323225505887" lon="4.6696352264062044">
    <name>301.8</name>
  </wpt>
  <wpt lat="51.477133871304829" lon="4.6700295133528762">
    <name>301.9</name>
  </wpt>
  <wpt lat="51.47794592686121" lon="4.6706499721499846">
    <name>302.0</name>
  </wpt>
  <wpt lat="51.478739423540581" lon="4.6713289655718473">
    <name>302.1</name>
  </wpt>
  <wpt lat="51.479538814775346" lon="4.6719899847935347">
    <name>302.2</name>
  </wpt>
  <wpt lat="51.480343783946076" lon="4.6726338689840956">
    <name>302.3</name>
  </wpt>
  <wpt lat="51.481147960529235" lon="4.6732802682104335">
    <name>302.4</name>
  </wpt>
  <wpt lat="51.481946255714327" lon="4.6739452533868686">
    <name>302.5</name>
  </wpt>
  <wpt lat="51.482748885410849" lon="4.6745966205086313">
    <name>302.6</name>
  </wpt>
  <wpt lat="51.483552419765992" lon="4.6752451544826616">
    <name>302.7</name>
  </wpt>
  <wpt lat="51.484355954121064" lon="4.6758936998845018">
    <name>302.8</name>
  </wpt>
  <wpt lat="51.485159488476086" lon="4.67654225671466">
    <name>302.9</name>
  </wpt>
  <wpt lat="51.485960283856265" lon="4.6771994678947655">
    <name>303.0</name>
  </wpt>
  <wpt lat="51.4867690968574" lon="4.6778308798069022">
    <name>303.1</name>
  </wpt>
  <wpt lat="51.4875735037954" lon="4.6784766754041636">
    <name>303.2</name>
  </wpt>
  <wpt lat="51.48842276551256" lon="4.6789051854355339">
    <name>303.3</name>
  </wpt>
  <wpt lat="51.489314512536957" lon="4.6790907312987082">
    <name>303.4</name>
  </wpt>
  <wpt lat="51.490206312682957" lon="4.6792734528719695">
    <name>303.5</name>
  </wpt>
  <wpt lat="51.49107347556145" lon="4.6796360458392732">
    <name>303.6</name>
  </wpt>
  <wpt lat="51.491895288871675" lon="4.6802205862774651">
    <name>303.7</name>
  </wpt>
  <wpt lat="51.492698878380658" lon="4.6808690740163064">
    <name>303.8</name>
  </wpt>
  <wpt lat="51.493503003336073" lon="4.6815158454565973">
    <name>303.9</name>
  </wpt>
  <wpt lat="51.494309316159089" lon="4.6821555763552967">
    <name>304.0</name>
  </wpt>
  <wpt lat="51.495113009523514" lon="4.6828037335740511">
    <name>304.1</name>
  </wpt>
  <wpt lat="51.49591543915264" lon="4.6834559618699227">
    <name>304.2</name>
  </wpt>
  <wpt lat="51.496720665114395" lon="4.6840985665377879">
    <name>304.3</name>
  </wpt>
  <wpt lat="51.497526126223946" lon="4.6847408546967992">
    <name>304.4</name>
  </wpt>
  <wpt lat="51.498327653671254" lon="4.685395957232763">
    <name>304.5</name>
  </wpt>
  <wpt lat="51.499129826217988" lon="4.686049027129255">
    <name>304.6</name>
  </wpt>
  <wpt lat="51.49993550540411" lon="4.6866908833959116">
    <name>304.7</name>
  </wpt>
  <wpt lat="51.500742934204638" lon="4.6873270529271815">
    <name>304.8</name>
  </wpt>
  <wpt lat="51.501551967693246" lon="4.6879578546606409">
    <name>304.9</name>
  </wpt>
  <wpt lat="51.502356448104294" lon="4.6886036235641431">
    <name>305.0</name>
  </wpt>
  <wpt lat="51.503160928515285" lon="4.6892494038678727">
    <name>305.1</name>
  </wpt>
  <wpt lat="51.503965408926234" lon="4.6898951955723387">
    <name>305.2</name>
  </wpt>
  <wpt lat="51.504769888747553" lon="4.6905410005623631">
    <name>305.3</name>
  </wpt>
  <wpt lat="51.505574410665844" lon="4.6911866815983858">
    <name>305.4</name>
  </wpt>
  <wpt lat="51.506380980152819" lon="4.6918256824894575">
    <name>305.5</name>
  </wpt>
  <wpt lat="51.507185538094362" lon="4.6924711565363042">
    <name>305.6</name>
  </wpt>
  <wpt lat="51.507988338554888" lon="4.693122360663545">
    <name>305.7</name>
  </wpt>
  <wpt lat="51.508794221728131" lon="4.6937636847950071">
    <name>305.8</name>
  </wpt>
  <wpt lat="51.5095978405928" lon="4.6944122881669088">
    <name>305.9</name>
  </wpt>
  <wpt lat="51.510402151337971" lon="4.6950584545115062">
    <name>306.0</name>
  </wpt>
  <wpt lat="51.511203941171196" lon="4.6957129291753406">
    <name>306.1</name>
  </wpt>
  <wpt lat="51.512006305997382" lon="4.6963655921612339">
    <name>306.2</name>
  </wpt>
  <wpt lat="51.51281083926925" lon="4.697011251117388">
    <name>306.3</name>
  </wpt>
  <wpt lat="51.5136159124205" lon="4.6976552698970133">
    <name>306.4</name>
  </wpt>
  <wpt lat="51.514418804128361" lon="4.6983061240496546">
    <name>306.5</name>
  </wpt>
  <wpt lat="51.515005096405737" lon="4.6993839846029806">
    <name>306.6</name>
  </wpt>
  <wpt lat="51.515485492010619" lon="4.7006010373737288">
    <name>306.7</name>
  </wpt>
  <wpt lat="51.515927638769071" lon="4.7018545029270822">
    <name>306.8</name>
  </wpt>
  <wpt lat="51.516698779784662" lon="4.7025773089036118">
    <name>306.9</name>
  </wpt>
  <wpt lat="51.517501747413327" lon="4.7030266729413714">
    <name>307.0</name>
  </wpt>
  <wpt lat="51.518390943806338" lon="4.7028138094814107">
    <name>307.1</name>
  </wpt>
  <wpt lat="51.519285139566911" lon="4.7027425348549148">
    <name>307.2</name>
  </wpt>
  <wpt lat="51.51984381018373" lon="4.7035122010758439">
    <name>307.3</name>
  </wpt>
  <wpt lat="51.519336408114256" lon="4.70470547410047">
    <name>307.4</name>
  </wpt>
  <wpt lat="51.518716638463175" lon="4.70574014154579">
    <name>307.5</name>
  </wpt>
  <wpt lat="51.518035014059471" lon="4.7066828079502727">
    <name>307.6</name>
  </wpt>
  <wpt lat="51.517457963771548" lon="4.7075614277383586">
    <name>307.7</name>
  </wpt>
  <wpt lat="51.516915324997839" lon="4.7086922349017035">
    <name>307.8</name>
  </wpt>
  <wpt lat="51.516223957046563" lon="4.7096164692171767">
    <name>307.9</name>
  </wpt>
  <wpt lat="51.515540756369575" lon="4.7105561033889138">
    <name>308.0</name>
  </wpt>
  <wpt lat="51.514951775938428" lon="4.7116349680566856">
    <name>308.1</name>
  </wpt>
  <wpt lat="51.514343593071814" lon="4.7126905229363816">
    <name>308.2</name>
  </wpt>
  <wpt lat="51.513668471481843" lon="4.7136452102444331">
    <name>308.3</name>
  </wpt>
  <wpt lat="51.512987336598428" lon="4.714586929241368">
    <name>308.4</name>
  </wpt>
  <wpt lat="51.512237019434679" lon="4.7153823205107761">
    <name>308.5</name>
  </wpt>
  <wpt lat="51.511473648169904" lon="4.7161462611204747">
    <name>308.6</name>
  </wpt>
  <wpt lat="51.505708648403669" lon="4.7926898305325736">
    <name>315.15</name>
  </wpt>
  <wpt lat="51.50517608315144" lon="4.7927987986485547">
    <name>315.2</name>
  </wpt>
  <wpt lat="51.504337007084544" lon="4.7932975317725">
    <name>315.3</name>
  </wpt>
  <wpt lat="51.503600592170706" lon="4.7941178000496771">
    <name>315.4</name>
  </wpt>
  <wpt lat="51.502947585441575" lon="4.79511110524556">
    <name>315.5</name>
  </wpt>
  <wpt lat="51.5022266088543" lon="4.7959673912885936">
    <name>315.6</name>
  </wpt>
  <wpt lat="51.501427265793978" lon="4.7966272410775241">
    <name>315.7</name>
  </wpt>
  <wpt lat="51.511582889732416" lon="4.8488520441773382">
    <name>320.58</name>
  </wpt>
  <wpt lat="51.511316177556033" lon="4.8490918290160527">
    <name>320.6</name>
  </wpt>
  <wpt lat="51.510509923150579" lon="4.8497319886867034">
    <name>320.7</name>
  </wpt>
  <wpt lat="51.509703668745182" lon="4.8503721370284723">
    <name>320.8</name>
  </wpt>
  <wpt lat="51.509007396863616" lon="4.851248206996404">
    <name>320.9</name>
  </wpt>
  <wpt lat="51.508519298907146" lon="4.852456979991282">
    <name>321.0</name>
  </wpt>
  <wpt lat="51.508219000055917" lon="4.8537849967572928">
    <name>321.1</name>
  </wpt>
  <wpt lat="51.507944253300963" lon="4.8551452677424685">
    <name>321.2</name>
  </wpt>
  <wpt lat="51.5075809242612" lon="4.8564669729662038">
    <name>321.3</name>
  </wpt>
  <wpt lat="51.50722177234163" lon="4.857791641224094">
    <name>321.4</name>
  </wpt>
  <wpt lat="51.506741646820672" lon="4.8589717594994921">
    <name>321.5</name>
  </wpt>
  <wpt lat="51.505957899186377" lon="4.8596670965300222">
    <name>321.6</name>
  </wpt>
  <wpt lat="51.505440048437272" lon="4.8608408550039011">
    <name>321.7</name>
  </wpt>
  <wpt lat="51.505750659775444" lon="4.86148893281993">
    <name>321.8</name>
  </wpt>
  <wpt lat="51.506561028369433" lon="4.8621132490446444">
    <name>321.9</name>
  </wpt>
  <wpt lat="51.507231837891013" lon="4.8630695627071958">
    <name>322.0</name>
  </wpt>
  <wpt lat="51.507809201165514" lon="4.8641167956448044">
    <name>322.1</name>
  </wpt>
  <wpt lat="51.508430135567636" lon="4.8651620094492571">
    <name>322.2</name>
  </wpt>
  <wpt lat="51.50905688283288" lon="4.8661952689932955">
    <name>322.3</name>
  </wpt>
  <wpt lat="51.509781475925408" lon="4.8670245212921905">
    <name>322.4</name>
  </wpt>
  <wpt lat="51.510590322947266" lon="4.8676561708296235">
    <name>322.5</name>
  </wpt>
  <wpt lat="51.511403495404529" lon="4.8682707992304222">
    <name>322.6</name>
  </wpt>
  <wpt lat="51.51226666529061" lon="4.8686585461080467">
    <name>322.7</name>
  </wpt>
  <wpt lat="51.51312486266626" lon="4.8690827385177089">
    <name>322.8</name>
  </wpt>
  <wpt lat="51.513961449985764" lon="4.8695737197651923">
    <name>322.9</name>
  </wpt>
  <wpt lat="51.514683297047988" lon="4.8704303230234158">
    <name>323.0</name>
  </wpt>
  <wpt lat="51.515264907831181" lon="4.8715295164621">
    <name>323.1</name>
  </wpt>
  <wpt lat="51.515797109403451" lon="4.872694451496753">
    <name>323.2</name>
  </wpt>
  <wpt lat="51.516377143036564" lon="4.8737936829138038">
    <name>323.3</name>
  </wpt>
  <wpt lat="51.516950300441223" lon="4.8749062572197133">
    <name>323.4</name>
  </wpt>
  <wpt lat="51.517564592184684" lon="4.875960820188217">
    <name>323.5</name>
  </wpt>
  <wpt lat="51.518186913295018" lon="4.8770034941187452">
    <name>323.6</name>
  </wpt>
  <wpt lat="51.518797344034617" lon="4.87806481441271">
    <name>323.7</name>
  </wpt>
  <wpt lat="51.519358931665408" lon="4.8791909218080063">
    <name>323.8</name>
  </wpt>
  <wpt lat="51.519986898034233" lon="4.8801876939787654">
    <name>323.9</name>
  </wpt>
  <wpt lat="51.520544783859343" lon="4.8813124211875731">
    <name>324.0</name>
  </wpt>
  <wpt lat="51.521207540796752" lon="4.8822702476336826">
    <name>324.1</name>
  </wpt>
  <wpt lat="51.521821570799624" lon="4.8833262154347672">
    <name>324.2</name>
  </wpt>
  <wpt lat="51.522433394798867" lon="4.88438478903377">
    <name>324.3</name>
  </wpt>
  <wpt lat="51.5230089743483" lon="4.8854874087943454">
    <name>324.4</name>
  </wpt>
  <wpt lat="51.523620628720515" lon="4.8865470016144616">
    <name>324.5</name>
  </wpt>
  <wpt lat="51.524238669345756" lon="4.8875964571759951">
    <name>324.6</name>
  </wpt>
  <wpt lat="51.524852959309449" lon="4.88865116631923">
    <name>324.7</name>
  </wpt>
  <wpt lat="51.52547228207311" lon="4.8896988639969443">
    <name>324.8</name>
  </wpt>
  <wpt lat="51.526081740508538" lon="4.8907616896849957">
    <name>324.9</name>
  </wpt>
  <wpt lat="51.526688500985607" lon="4.891828616458521">
    <name>325.0</name>
  </wpt>
  <wpt lat="51.527304478395308" lon="4.8928818148360422">
    <name>325.1</name>
  </wpt>
  <wpt lat="51.5279209026963" lon="4.8939343613498751">
    <name>325.2</name>
  </wpt>
  <wpt lat="51.528534694310252" lon="4.8949908828207995">
    <name>325.3</name>
  </wpt>
  <wpt lat="51.529143862962407" lon="4.8960542561121256">
    <name>325.4</name>
  </wpt>
  <wpt lat="51.5297539581324" lon="4.89711633013058">
    <name>325.5</name>
  </wpt>
  <wpt lat="51.5303640533023" lon="4.8981784183820425">
    <name>325.6</name>
  </wpt>
  <wpt lat="51.5309741484721" lon="4.8992405208669192">
    <name>325.7</name>
  </wpt>
  <wpt lat="51.531602305396049" lon="4.9002747326259772">
    <name>325.8</name>
  </wpt>
  <wpt lat="51.532214016982863" lon="4.9013343446416817">
    <name>325.9</name>
  </wpt>
  <wpt lat="51.532823718019124" lon="4.9023970749637789">
    <name>326.0</name>
  </wpt>
  <wpt lat="51.533434849006383" lon="4.9034573650256">
    <name>326.1</name>
  </wpt>
  <wpt lat="51.53406841670877" lon="4.9044820533293656">
    <name>326.2</name>
  </wpt>
  <wpt lat="51.534680603489377" lon="4.905540802656609">
    <name>326.3</name>
  </wpt>
  <wpt lat="51.535278805347609" lon="4.9066203468043428">
    <name>326.4</name>
  </wpt>
  <wpt lat="51.53584522798397" lon="4.9077378743189435">
    <name>326.5</name>
  </wpt>
  <wpt lat="51.536437207736917" lon="4.908826274517633">
    <name>326.6</name>
  </wpt>
  <wpt lat="51.537008067160336" lon="4.9099428971190342">
    <name>326.7</name>
  </wpt>
  <wpt lat="51.537542066457249" lon="4.9111046642166976">
    <name>326.8</name>
  </wpt>
  <wpt lat="51.538124247397008" lon="4.91220597673093">
    <name>326.9</name>
  </wpt>
  <wpt lat="51.538684392918569" lon="4.9133247815511">
    <name>327.0</name>
  </wpt>
  <wpt lat="51.539219208624409" lon="4.9144776552990121">
    <name>327.1</name>
  </wpt>
  <wpt lat="51.539782657209386" lon="4.9156008213164224">
    <name>327.2</name>
  </wpt>
  <wpt lat="51.540312204533208" lon="4.916765423766833">
    <name>327.3</name>
  </wpt>
  <wpt lat="51.540663130646564" lon="4.9180822968900708">
    <name>327.4</name>
  </wpt>
  <wpt lat="51.540687962174616" lon="4.9195210969818941">
    <name>327.5</name>
  </wpt>
  <wpt lat="51.540659517245608" lon="4.9209660781156463">
    <name>327.6</name>
  </wpt>
  <wpt lat="51.540594281268874" lon="4.9224071491615771">
    <name>327.7</name>
  </wpt>
  <wpt lat="51.540639935738021" lon="4.9238403177006891">
    <name>327.8</name>
  </wpt>
  <wpt lat="51.541274727122008" lon="4.9248115871861833">
    <name>327.9</name>
  </wpt>
  <wpt lat="51.552287340240113" lon="4.9462438174777432">
    <name>330.48</name>
  </wpt>
  <wpt lat="51.552538384753625" lon="4.9464957893257928">
    <name>330.5</name>
  </wpt>
  <wpt lat="51.553109412533558" lon="4.9471471387824995">
    <name>330.6</name>
  </wpt>
  <wpt lat="51.553626609003715" lon="4.9483120273480781">
    <name>330.7</name>
  </wpt>
  <wpt lat="51.554143531042683" lon="4.9494943573138244">
    <name>330.8</name>
  </wpt>
  <wpt lat="51.55447905432284" lon="4.9508287187015085">
    <name>330.9</name>
  </wpt>
  <wpt lat="51.5547846987359" lon="4.9521882300802549">
    <name>331.0</name>
  </wpt>
  <wpt lat="51.608624753078374" lon="4.9877142709946725">
    <name>339.32</name>
  </wpt>
  <wpt lat="51.6090602934617" lon="4.9866440995282657">
    <name>339.4</name>
  </wpt>
  <wpt lat="51.609498585262017" lon="4.98537964728605">
    <name>339.5</name>
  </wpt>
  <wpt lat="51.609890640922778" lon="4.9840835443004678">
    <name>339.6</name>
  </wpt>
  <wpt lat="51.609939541701173" lon="4.9826544679498257">
    <name>339.7</name>
  </wpt>
  <wpt lat="51.610583213407686" lon="4.982260807796032">
    <name>339.8</name>
  </wpt>
  <wpt lat="51.6110435368388" lon="4.9810184278669434">
    <name>339.9</name>
  </wpt>
  <wpt lat="51.611580808769105" lon="4.9798573467319756">
    <name>340.0</name>
  </wpt>
  <wpt lat="51.612126200657" lon="4.9787058364342185">
    <name>340.1</name>
  </wpt>
  <wpt lat="51.612675068122066" lon="4.9775586052709127">
    <name>340.2</name>
  </wpt>
  <wpt lat="51.613224339194446" lon="4.9764118587019057">
    <name>340.3</name>
  </wpt>
  <wpt lat="51.613773610266726" lon="4.9752650982559095">
    <name>340.4</name>
  </wpt>
  <wpt lat="51.614322881338886" lon="4.9741183239324149">
    <name>340.5</name>
  </wpt>
  <wpt lat="51.61487862487396" lon="4.97297975333035">
    <name>340.6</name>
  </wpt>
  <wpt lat="51.615433453440858" lon="4.9718400292267981">
    <name>340.7</name>
  </wpt>
  <wpt lat="51.615972913365084" lon="4.9706811971438745">
    <name>340.8</name>
  </wpt>
  <wpt lat="51.616495243840362" lon="4.9695094627876149">
    <name>340.9</name>
  </wpt>
  <wpt lat="51.616928775334642" lon="4.9682405020461378">
    <name>341.0</name>
  </wpt>
  <wpt lat="51.617326622899647" lon="4.9669424782696421">
    <name>341.1</name>
  </wpt>
  <wpt lat="51.617696889914846" lon="4.9656230057491877">
    <name>341.2</name>
  </wpt>
  <wpt lat="51.618058513880221" lon="4.9642974776749025">
    <name>341.3</name>
  </wpt>
  <wpt lat="51.61844388973531" lon="4.9629887944687745">
    <name>341.4</name>
  </wpt>
  <wpt lat="51.61883523401378" lon="4.9616851858360116">
    <name>341.5</name>
  </wpt>
  <wpt lat="51.619230521399516" lon="4.9603845598727743">
    <name>341.6</name>
  </wpt>
  <wpt lat="51.619354675344518" lon="4.9134523790732247">
    <name>349.00</name>
  </wpt>
  <wpt lat="51.619363525628891" lon="4.9133421100685482">
    <name>349.0</name>
  </wpt>
  <wpt lat="51.618661619638438" lon="4.9124366648392463">
    <name>349.1</name>
  </wpt>
  <wpt lat="51.617917766894735" lon="4.9116332081336349">
    <name>349.2</name>
  </wpt>
  <wpt lat="51.617060827793431" lon="4.9112335165909995">
    <name>349.3</name>
  </wpt>
  <wpt lat="51.616166477045311" lon="4.9112874786873979">
    <name>349.4</name>
  </wpt>
  <wpt lat="51.615336711635315" lon="4.9118351012363979">
    <name>349.5</name>
  </wpt>
  <wpt lat="51.61454834955353" lon="4.912531356200657">
    <name>349.6</name>
  </wpt>
  <wpt lat="51.61377225388329" lon="4.9132630899304655">
    <name>349.7</name>
  </wpt>
  <wpt lat="51.6129961018106" lon="4.9139946559712522">
    <name>349.8</name>
  </wpt>
  <wpt lat="51.6122328944543" lon="4.9147602006052091">
    <name>349.9</name>
  </wpt>
  <wpt lat="51.611456910430995" lon="4.9154901801744311">
    <name>350.0</name>
  </wpt>
  <wpt lat="51.610634299201145" lon="4.9160750878848587">
    <name>350.1</name>
  </wpt>
  <wpt lat="51.6098091675584" lon="4.9166510595583173">
    <name>350.2</name>
  </wpt>
  <wpt lat="51.608983420593567" lon="4.9172246255131391">
    <name>350.3</name>
  </wpt>
  <wpt lat="51.608122784035288" lon="4.917623499553887">
    <name>350.4</name>
  </wpt>
  <wpt lat="51.607228442191904" lon="4.917768380885752">
    <name>350.5</name>
  </wpt>
  <wpt lat="51.606338783547891" lon="4.917971490135427">
    <name>350.6</name>
  </wpt>
  <wpt lat="51.6054581809306" lon="4.9182653927332982">
    <name>350.7</name>
  </wpt>
  <wpt lat="51.6045730483568" lon="4.9185158232045518">
    <name>350.8</name>
  </wpt>
  <wpt lat="51.603676825630984" lon="4.9186252707628411">
    <name>350.9</name>
  </wpt>
  <wpt lat="51.602778014095541" lon="4.9186559999999773">
    <name>351.0</name>
  </wpt>
  <wpt lat="51.60187869248962" lon="4.9186559999999773">
    <name>351.1</name>
  </wpt>
  <wpt lat="51.601005193001022" lon="4.9183575955408916">
    <name>351.2</name>
  </wpt>
  <wpt lat="51.600146492756814" lon="4.9179445316792423">
    <name>351.3</name>
  </wpt>
  <wpt lat="51.599282343426161" lon="4.9175450696936744">
    <name>351.4</name>
  </wpt>
  <wpt lat="51.598403906540412" lon="4.9172359545154842">
    <name>351.5</name>
  </wpt>
  <wpt lat="51.597548664329672" lon="4.9168749999999832">
    <name>351.6</name>
  </wpt>
  <wpt lat="51.582478146706556" lon="4.9072751760164648">
    <name>353.94</name>
  </wpt>
  <wpt lat="51.58190337235996" lon="4.9076579884452753">
    <name>354.0</name>
  </wpt>
  <wpt lat="51.581117149255228" lon="4.9083588769937521">
    <name>354.1</name>
  </wpt>
  <wpt lat="51.580338000015487" lon="4.9087211768420529">
    <name>354.2</name>
  </wpt>
  <wpt lat="51.57957389932816" lon="4.9082842291861732">
    <name>354.3</name>
  </wpt>
  <wpt lat="51.565004653055695" lon="4.837006026938151">
    <name>360.88</name>
  </wpt>
  <wpt lat="51.564689116063164" lon="4.8369459999999895">
    <name>360.9</name>
  </wpt>
  <wpt lat="51.572008037815863" lon="4.7774850261111963">
    <name>366.63</name>
  </wpt>
  <wpt lat="51.571250449836612" lon="4.7773144499100928">
    <name>366.7</name>
  </wpt>
  <wpt lat="51.570405656073106" lon="4.7768190921561651">
    <name>366.8</name>
  </wpt>
  <wpt lat="51.569519596246423" lon="4.7766280000000076">
    <name>366.9</name>
  </wpt>
  <wpt lat="51.568623164208084" lon="4.7767139999999921">
    <name>367.0</name>
  </wpt>
  <wpt lat="51.567729125296417" lon="4.7765980785540432">
    <name>367.1</name>
  </wpt>
  <wpt lat="51.566953754587672" lon="4.775994206453209">
    <name>367.2</name>
  </wpt>
  <wpt lat="51.566332651253319" lon="4.7750566510593409">
    <name>367.3</name>
  </wpt>
  <wpt lat="51.565711738191212" lon="4.7740101347970851">
    <name>367.4</name>
  </wpt>
  <wpt lat="51.565088814128906" lon="4.7729667172973489">
    <name>367.5</name>
  </wpt>
  <wpt lat="51.564463060951887" lon="4.7719276707901468">
    <name>367.6</name>
  </wpt>
  <wpt lat="51.564395000355276" lon="4.7705030534832282">
    <name>367.7</name>
  </wpt>
  <wpt lat="51.564395002524442" lon="4.7690563490855613">
    <name>367.8</name>
  </wpt>
  <wpt lat="51.564387865432217" lon="4.767609859772981">
    <name>367.9</name>
  </wpt>
  <wpt lat="51.564374001112796" lon="4.7661635739745787">
    <name>368.0</name>
  </wpt>
  <wpt lat="51.564315223212205" lon="4.7647236688049857">
    <name>368.1</name>
  </wpt>
  <wpt lat="51.564029249980187" lon="4.7633523129829989">
    <name>368.2</name>
  </wpt>
  <wpt lat="51.563731790986914" lon="4.7619870597270042">
    <name>368.3</name>
  </wpt>
  <wpt lat="51.563438681894425" lon="4.7606193747936514">
    <name>368.4</name>
  </wpt>
  <wpt lat="51.562963859560782" lon="4.7594348920640233">
    <name>368.5</name>
  </wpt>
  <wpt lat="51.562320069569111" lon="4.7584251911408177">
    <name>368.6</name>
  </wpt>
  <wpt lat="51.562634503075259" lon="4.7574647095643012">
    <name>368.7</name>
  </wpt>
  <wpt lat="51.562938691639431" lon="4.7570703458447392">
    <name>369.22</name>
  </wpt>
  <wpt lat="51.563573507565827" lon="4.7562517915622706">
    <name>369.3</name>
  </wpt>
  <wpt lat="51.564266315814372" lon="4.7553294619865465">
    <name>369.4</name>
  </wpt>
  <wpt lat="51.5649362499674" lon="4.75437796246072">
    <name>369.5</name>
  </wpt>
  <wpt lat="51.564918201771953" lon="4.7530209223149482">
    <name>369.6</name>
  </wpt>
  <wpt lat="51.564256155274876" lon="4.7520519374261552">
    <name>369.7</name>
  </wpt>
  <wpt lat="51.563506733521777" lon="4.7512557330338474">
    <name>369.8</name>
  </wpt>
  <wpt lat="51.56292592140025" lon="4.7502178264174946">
    <name>369.9</name>
  </wpt>
  <wpt lat="51.563341166662127" lon="4.7491983564119336">
    <name>370.0</name>
  </wpt>
  <wpt lat="51.564079841815243" lon="4.7483731733100161">
    <name>370.1</name>
  </wpt>
  <wpt lat="51.56481857875346" lon="4.7475482901957777">
    <name>370.2</name>
  </wpt>
  <wpt lat="51.565554049905337" lon="4.7467159503901675">
    <name>370.3</name>
  </wpt>
  <wpt lat="51.567069324616156" lon="4.7432915951749282">
    <name>370.69</name>
  </wpt>
  <wpt lat="51.567234560758216" lon="4.7431613207631287">
    <name>370.7</name>
  </wpt>
  <wpt lat="51.568126776339952" lon="4.7430942600940371">
    <name>370.8</name>
  </wpt>
  <wpt lat="51.568992022210985" lon="4.743287022199361">
    <name>370.9</name>
  </wpt>
  <wpt lat="51.569853610460342" lon="4.74321860173933">
    <name>371.0</name>
  </wpt>
  <wpt lat="51.570750899733419" lon="4.7431825488047838">
    <name>371.1</name>
  </wpt>
  <wpt lat="51.571649556996945" lon="4.7432292675932759">
    <name>371.2</name>
  </wpt>
  <wpt lat="51.57254715753642" lon="4.7433106977224222">
    <name>371.3</name>
  </wpt>
  <wpt lat="51.573440563772948" lon="4.7434407694001708">
    <name>371.4</name>
  </wpt>
  <wpt lat="51.548111124424267" lon="4.6386154296148341">
    <name>384.14</name>
  </wpt>
  <wpt lat="51.547563176175309" lon="4.6381034715355733">
    <name>384.2</name>
  </wpt>
  <wpt lat="51.546786225954513" lon="4.637375225624929">
    <name>384.3</name>
  </wpt>
  <wpt lat="51.546044445920117" lon="4.6365619568589667">
    <name>384.4</name>
  </wpt>
  <wpt lat="51.545440282448496" lon="4.6354946795218552">
    <name>384.5</name>
  </wpt>
  <wpt lat="51.544959307153924" lon="4.6342731322154469">
    <name>384.6</name>
  </wpt>
  <wpt lat="51.544488506048523" lon="4.63304104229258">
    <name>384.7</name>
  </wpt>
  <wpt lat="51.544017630879651" lon="4.6318090470235287">
    <name>384.8</name>
  </wpt>
  <wpt lat="51.543546929483689" lon="4.6305769347085395">
    <name>384.9</name>
  </wpt>
  <wpt lat="51.543087583524276" lon="4.6293337534826158">
    <name>385.0</name>
  </wpt>
  <wpt lat="51.542616235054425" lon="4.628102295374239">
    <name>385.1</name>
  </wpt>
  <wpt lat="51.54214964029363" lon="4.6268661384982881">
    <name>385.2</name>
  </wpt>
  <wpt lat="51.541683045532956" lon="4.6256299942969248">
    <name>385.3</name>
  </wpt>
  <wpt lat="51.541220117219218" lon="4.6243903095509422">
    <name>385.4</name>
  </wpt>
  <wpt lat="51.540757111195454" lon="4.62315071512335">
    <name>385.5</name>
  </wpt>
  <wpt lat="51.540286896729533" lon="4.6219181622097327">
    <name>385.6</name>
  </wpt>
  <wpt lat="51.540038468302519" lon="4.62055739943162">
    <name>385.7</name>
  </wpt>
  <wpt lat="51.539898369466471" lon="4.6191311773870831">
    <name>385.8</name>
  </wpt>
  <wpt lat="51.539692971210869" lon="4.6177236520584888">
    <name>385.9</name>
  </wpt>
  <wpt lat="51.5394983703567" lon="4.6163145118879845">
    <name>386.0</name>
  </wpt>
  <wpt lat="51.539572769849833" lon="4.6148794099906461">
    <name>386.1</name>
  </wpt>
  <wpt lat="51.539699111561276" lon="4.6134617768811559">
    <name>386.2</name>
  </wpt>
  <wpt lat="51.539508450143046" lon="4.5936160000000177">
    <name>387.91</name>
  </wpt>
  <wpt lat="51.539557613973948" lon="4.5936160000000177">
    <name>387.9</name>
  </wpt>
  <wpt lat="51.5404534198735" lon="4.5935157024480961">
    <name>388.0</name>
  </wpt>
  <wpt lat="51.541339630043751" lon="4.59327425063813">
    <name>388.1</name>
  </wpt>
  <wpt lat="51.542185371045271" lon="4.5932104244939165">
    <name>388.2</name>
  </wpt>
  <wpt lat="51.542999116755986" lon="4.5927458941196786">
    <name>388.3</name>
  </wpt>
  <wpt lat="51.543885371359686" lon="4.5925002870631069">
    <name>388.4</name>
  </wpt>
  <wpt lat="51.544768945063439" lon="4.5922327782422823">
    <name>388.5</name>
  </wpt>
  <wpt lat="51.54564856758" lon="4.5919319332406916">
    <name>388.6</name>
  </wpt>
  <wpt lat="51.555424019019213" lon="4.5842619810032108">
    <name>389.95</name>
  </wpt>
  <wpt lat="51.555853811395238" lon="4.5837142807577891">
    <name>390.0</name>
  </wpt>
  <wpt lat="51.556707793056049" lon="4.5832672355521211">
    <name>390.1</name>
  </wpt>
  <wpt lat="51.557571428080422" lon="4.58286828521867">
    <name>390.2</name>
  </wpt>
  <wpt lat="51.558400665481578" lon="4.582312890359594">
    <name>390.3</name>
  </wpt>
  <wpt lat="51.559259821734877" lon="4.5818959082189483">
    <name>390.4</name>
  </wpt>
  <wpt lat="51.560123732192636" lon="4.5815013506319069">
    <name>390.5</name>
  </wpt>
  <wpt lat="51.56102002666578" lon="4.5814197982949594">
    <name>390.6</name>
  </wpt>
  <wpt lat="51.56190861050483" lon="4.5815764955827767">
    <name>390.7</name>
  </wpt>
  <wpt lat="51.577869295940353" lon="4.5900337041063839">
    <name>392.89</name>
  </wpt>
  <wpt lat="51.578082119383026" lon="4.5899254726024905">
    <name>392.9</name>
  </wpt>
  <wpt lat="51.578947407053128" lon="4.5895380119039508">
    <name>393.0</name>
  </wpt>
  <wpt lat="51.575341677657327" lon="4.537295068961793">
    <name>397.61</name>
  </wpt>
  <wpt lat="51.575311005385181" lon="4.53723324517135">
    <name>397.6</name>
  </wpt>
  <wpt lat="51.5756634725307" lon="4.5359259041965485">
    <name>397.7</name>
  </wpt>
  <wpt lat="51.575965615583705" lon="4.5345647216497449">
    <name>397.8</name>
  </wpt>
  <wpt lat="51.576257118282562" lon="4.533195789162292">
    <name>397.9</name>
  </wpt>
  <wpt lat="51.576629256251721" lon="4.5318886678314048">
    <name>398.0</name>
  </wpt>
  <wpt lat="51.577344913248162" lon="4.5310329054811014">
    <name>398.1</name>
  </wpt>
  <wpt lat="51.57807703645247" lon="4.5301931827555864">
    <name>398.2</name>
  </wpt>
  <wpt lat="51.578815496082591" lon="4.5293672329416257">
    <name>398.3</name>
  </wpt>
  <wpt lat="51.579627063838736" lon="4.5287575034810112">
    <name>398.4</name>
  </wpt>
  <wpt lat="51.580454765324724" lon="4.5281963318351215">
    <name>398.5</name>
  </wpt>
  <wpt lat="51.581293029663748" lon="4.5276820740546286">
    <name>398.6</name>
  </wpt>
  <wpt lat="51.582034798481608" lon="4.5269583002555631">
    <name>398.7</name>
  </wpt>
  <wpt lat="51.582758647664527" lon="4.5272194680501157">
    <name>398.8</name>
  </wpt>
  <wpt lat="51.583647755835955" lon="4.5270128920940529">
    <name>398.9</name>
  </wpt>
  <wpt lat="51.584429482809355" lon="4.5267389655398143">
    <name>399.0</name>
  </wpt>
  <wpt lat="51.584913291199442" lon="4.5279567652958388">
    <name>399.1</name>
  </wpt>
  <wpt lat="51.585508941307133" lon="4.5290409519345642">
    <name>399.2</name>
  </wpt>
  <wpt lat="51.586118636924773" lon="4.5301049364096242">
    <name>399.3</name>
  </wpt>
  <wpt lat="51.586751444274569" lon="4.5311330652094624">
    <name>399.4</name>
  </wpt>
  <wpt lat="51.587388991618973" lon="4.5321532351588267">
    <name>399.5</name>
  </wpt>
  <wpt lat="51.588007860412958" lon="4.5331969530820535">
    <name>399.6</name>
  </wpt>
  <wpt lat="51.588733729910061" lon="4.5327842645040759">
    <name>399.7</name>
  </wpt>
  <wpt lat="51.588782228268315" lon="4.5313444547618094">
    <name>399.8</name>
  </wpt>
  <wpt lat="51.588758022252549" lon="4.5298984405540752">
    <name>399.9</name>
  </wpt>
  <wpt lat="51.588771000176038" lon="4.5284513424321355">
    <name>400.0</name>
  </wpt>
  <wpt lat="51.588783437222723" lon="4.5270056506773813">
    <name>400.1</name>
  </wpt>
  <wpt lat="51.588801801881864" lon="4.5255619034852606">
    <name>400.2</name>
  </wpt>
  <wpt lat="51.589045645729549" lon="4.5241702701711475">
    <name>400.3</name>
  </wpt>
  <wpt lat="51.589346430515825" lon="4.5228131390616131">
    <name>400.4</name>
  </wpt>
  <wpt lat="51.589664035549006" lon="4.5214696531563741">
    <name>400.5</name>
  </wpt>
  <wpt lat="51.5899573075945" lon="4.5201012692672773">
    <name>400.6</name>
  </wpt>
  <wpt lat="51.590250968052842" lon="4.518733546766434">
    <name>400.7</name>
  </wpt>
  <wpt lat="51.590204681528377" lon="4.5174607823073014">
    <name>400.8</name>
  </wpt>
  <wpt lat="51.590078300396378" lon="4.51602984243924">
    <name>400.9</name>
  </wpt>
  <wpt lat="51.589928164452061" lon="4.5146026365043106">
    <name>401.0</name>
  </wpt>
  <wpt lat="51.589778028507787" lon="4.5131754352860662">
    <name>401.1</name>
  </wpt>
  <wpt lat="51.5896542868345" lon="4.5117425106066475">
    <name>401.2</name>
  </wpt>
  <wpt lat="51.589630003087841" lon="4.5102976767044858">
    <name>401.3</name>
  </wpt>
  <wpt lat="51.589627216235556" lon="4.5088505191212365">
    <name>401.4</name>
  </wpt>
  <wpt lat="51.58939756598236" lon="4.5074737216254483">
    <name>401.5</name>
  </wpt>
  <wpt lat="51.589065562732529" lon="4.5061288095002556">
    <name>401.6</name>
  </wpt>
  <wpt lat="51.588767172895231" lon="4.5047638515167794">
    <name>401.7</name>
  </wpt>
  <wpt lat="51.588410098445912" lon="4.5034355915402156">
    <name>401.8</name>
  </wpt>
  <wpt lat="51.588046187586954" lon="4.50211404015589">
    <name>401.9</name>
  </wpt>
  <wpt lat="51.587580750849227" lon="4.500886329072622">
    <name>402.0</name>
  </wpt>
  <wpt lat="51.587067444687492" lon="4.49969782664023">
    <name>402.1</name>
  </wpt>
  <wpt lat="51.586548323809012" lon="4.4985160947860861">
    <name>402.2</name>
  </wpt>
  <wpt lat="51.585800822836646" lon="4.4977301539332046">
    <name>402.3</name>
  </wpt>
  <wpt lat="51.585080537379724" lon="4.4968762342134907">
    <name>402.4</name>
  </wpt>
  <wpt lat="51.584673000188246" lon="4.4956453747148171">
    <name>402.5</name>
  </wpt>
  <wpt lat="51.584840666173207" lon="4.4942307742341914">
    <name>402.6</name>
  </wpt>
  <wpt lat="51.585135118568353" lon="4.4928633382407677">
    <name>402.7</name>
  </wpt>
  <wpt lat="51.585424000059767" lon="4.491505147257949">
    <name>402.8</name>
  </wpt>
  <wpt lat="51.58581506936364" lon="4.4903802464872395">
    <name>402.9</name>
  </wpt>
  <wpt lat="51.585877763104847" lon="4.4890582906954375">
    <name>403.0</name>
  </wpt>
  <wpt lat="51.585826167267619" lon="4.4876241640208949">
    <name>403.1</name>
  </wpt>
  <wpt lat="51.58548555071642" lon="4.486287083769068">
    <name>403.2</name>
  </wpt>
  <wpt lat="51.585126982167722" lon="4.484959736988988">
    <name>403.3</name>
  </wpt>
  <wpt lat="51.584769223276652" lon="4.4836318353118312">
    <name>403.4</name>
  </wpt>
  <wpt lat="51.584407726321395" lon="4.4823065653177281">
    <name>403.5</name>
  </wpt>
  <wpt lat="51.5840453637195" lon="4.480981961476604">
    <name>403.6</name>
  </wpt>
  <wpt lat="51.58378874007586" lon="4.4795980086072573">
    <name>403.7</name>
  </wpt>
  <wpt lat="51.583630122139063" lon="4.4781738569388363">
    <name>403.8</name>
  </wpt>
  <wpt lat="51.58355700000736" lon="4.4767462434937348">
    <name>403.9</name>
  </wpt>
  <wpt lat="51.583500115582872" lon="4.4753242320318556">
    <name>404.0</name>
  </wpt>
  <wpt lat="51.583517130359432" lon="4.4738771784625149">
    <name>404.1</name>
  </wpt>
  <wpt lat="51.583533083577123" lon="4.4724300928093665">
    <name>404.2</name>
  </wpt>
  <wpt lat="51.583579000062329" lon="4.4709863779969217">
    <name>404.3</name>
  </wpt>
  <wpt lat="51.583600000344276" lon="4.4695397445236908">
    <name>404.4</name>
  </wpt>
  <wpt lat="51.583621143905894" lon="4.4681335682888887">
    <name>404.5</name>
  </wpt>
  <wpt lat="51.566355733095349" lon="4.4713934186475717">
    <name>408.91</name>
  </wpt>
  <wpt lat="51.566332406222394" lon="4.4713237968489858">
    <name>408.9</name>
  </wpt>
  <wpt lat="51.565651978766049" lon="4.4711353855003377">
    <name>409.0</name>
  </wpt>
  <wpt lat="51.564809749186033" lon="4.471642520562459">
    <name>409.1</name>
  </wpt>
  <wpt lat="51.563961075978462" lon="4.4721211697147965">
    <name>409.2</name>
  </wpt>
  <wpt lat="51.563119366366728" lon="4.4726298403704989">
    <name>409.3</name>
  </wpt>
  <wpt lat="51.562273102863351" lon="4.4731190691305205">
    <name>409.4</name>
  </wpt>
  <wpt lat="51.561584531116658" lon="4.473692856662832">
    <name>409.5</name>
  </wpt>
  <wpt lat="51.561298486963338" lon="4.4747769804876887">
    <name>409.6</name>
  </wpt>
  <wpt lat="51.560704606453484" lon="4.4758354840906716">
    <name>409.7</name>
  </wpt>
  <wpt lat="51.560316794860789" lon="4.4771337266706031">
    <name>409.8</name>
  </wpt>
  <wpt lat="51.559945347025362" lon="4.4783202044199992">
    <name>409.9</name>
  </wpt>
  <wpt lat="51.559142000285007" lon="4.4776831894739884">
    <name>410.0</name>
  </wpt>
  <wpt lat="51.558353889677775" lon="4.47698640593584">
    <name>410.1</name>
  </wpt>
  <wpt lat="51.557570167990917" lon="4.4762770503759537">
    <name>410.2</name>
  </wpt>
  <wpt lat="51.556789647377954" lon="4.4755585282409935">
    <name>410.3</name>
  </wpt>
  <wpt lat="51.556035576696338" lon="4.474788730020328">
    <name>410.4</name>
  </wpt>
  <wpt lat="51.538350971201744" lon="4.4764603400089022">
    <name>412.61</name>
  </wpt>
  <wpt lat="51.538302546565816" lon="4.4764655282561066">
    <name>412.6</name>
  </wpt>
  <wpt lat="51.537408202164947" lon="4.4765639999999776">
    <name>412.7</name>
  </wpt>
  <wpt lat="51.536558916142447" lon="4.4765586946326374">
    <name>412.8</name>
  </wpt>
  <wpt lat="51.535664156986982" lon="4.47642530990176">
    <name>412.9</name>
  </wpt>
  <wpt lat="51.534774500816887" lon="4.4762201522177252">
    <name>413.0</name>
  </wpt>
  <wpt lat="51.5339123314705" lon="4.4758812626093922">
    <name>413.1</name>
  </wpt>
  <wpt lat="51.533028939935846" lon="4.4757035721522289">
    <name>413.2</name>
  </wpt>
  <wpt lat="51.532145667015875" lon="4.4754316734286652">
    <name>413.3</name>
  </wpt>
  <wpt lat="51.531727013287309" lon="4.4765894863710836">
    <name>413.4</name>
  </wpt>
  <wpt lat="51.5313161985808" lon="4.4778754818681774">
    <name>413.5</name>
  </wpt>
  <wpt lat="51.530893276627879" lon="4.4791487449702965">
    <name>413.6</name>
  </wpt>
  <wpt lat="51.530509886673556" lon="4.4804340396890092">
    <name>413.7</name>
  </wpt>
  <wpt lat="51.529738950598762" lon="4.4811453170159607">
    <name>413.8</name>
  </wpt>
  <wpt lat="51.528955847462136" lon="4.4818518853692684">
    <name>413.9</name>
  </wpt>
  <wpt lat="51.528172116034376" lon="4.482560862344525">
    <name>414.0</name>
  </wpt>
  <wpt lat="51.527381904086255" lon="4.4832494900865552">
    <name>414.1</name>
  </wpt>
  <wpt lat="51.526514528552248" lon="4.4835380000000216">
    <name>414.2</name>
  </wpt>
  <wpt lat="51.525624954781968" lon="4.4833365927669337">
    <name>414.3</name>
  </wpt>
  <wpt lat="51.524733630791111" lon="4.4831442629399065">
    <name>414.4</name>
  </wpt>
  <wpt lat="51.523900284584" lon="4.4827074740883592">
    <name>414.5</name>
  </wpt>
  <wpt lat="51.523595766291834" lon="4.4813670752437424">
    <name>414.6</name>
  </wpt>
  <wpt lat="51.523334055216573" lon="4.4799842446009031">
    <name>414.7</name>
  </wpt>
  <wpt lat="51.525992887178823" lon="4.46579200000003">
    <name>417.74</name>
  </wpt>
  <wpt lat="51.5266114059576" lon="4.4656957158841095">
    <name>417.8</name>
  </wpt>
  <wpt lat="51.527495690799263" lon="4.4655305902666358">
    <name>417.9</name>
  </wpt>
  <wpt lat="51.528371972678762" lon="4.4652054817050555">
    <name>418.0</name>
  </wpt>
  <wpt lat="51.529206079651381" lon="4.4647972635723514">
    <name>418.1</name>
  </wpt>
  <wpt lat="51.5300026808533" lon="4.465164708299441">
    <name>418.2</name>
  </wpt>
  <wpt lat="51.5302227702145" lon="4.4469507741594052">
    <name>419.94</name>
  </wpt>
  <wpt lat="51.529546125184332" lon="4.4468682351897648">
    <name>420.0</name>
  </wpt>
  <wpt lat="51.5286493060486" lon="4.446775830376442">
    <name>420.1</name>
  </wpt>
  <wpt lat="51.452727280869759" lon="4.3825302968126314">
    <name>431.26</name>
  </wpt>
  <wpt lat="51.452263736643154" lon="4.3822789732960743">
    <name>431.3</name>
  </wpt>
  <wpt lat="51.451406075428267" lon="4.3818448258181446">
    <name>431.4</name>
  </wpt>
  <wpt lat="51.4505573336311" lon="4.3813723336196908">
    <name>431.5</name>
  </wpt>
  <wpt lat="51.449912492697791" lon="4.3807286314439793">
    <name>431.6</name>
  </wpt>
  <wpt lat="51.449051428867911" lon="4.38031220987574">
    <name>431.7</name>
  </wpt>
  <wpt lat="51.448207995842282" lon="4.3798248169085729">
    <name>431.8</name>
  </wpt>
  <wpt lat="51.447349868572516" lon="4.3794390817099034">
    <name>431.9</name>
  </wpt>
  <wpt lat="51.446483579678" lon="4.3790567349621332">
    <name>432.0</name>
  </wpt>
  <wpt lat="51.44560026377679" lon="4.3787871740004061">
    <name>432.1</name>
  </wpt>
  <wpt lat="51.444714155571141" lon="4.3785407363698168">
    <name>432.2</name>
  </wpt>
  <wpt lat="51.443828047365493" lon="4.37829430352105">
    <name>432.3</name>
  </wpt>
  <wpt lat="51.442941939159844" lon="4.3780478754539045">
    <name>432.4</name>
  </wpt>
  <wpt lat="51.442055699321564" lon="4.3778027243851634">
    <name>432.5</name>
  </wpt>
  <wpt lat="51.441167426439279" lon="4.3775772562473616">
    <name>432.6</name>
  </wpt>
  <wpt lat="51.440278122948641" lon="4.3773816618222678">
    <name>432.7</name>
  </wpt>
  <wpt lat="51.4394099419139" lon="4.3770245130360612">
    <name>432.8</name>
  </wpt>
  <wpt lat="51.438570251832246" lon="4.3765124835053593">
    <name>432.9</name>
  </wpt>
  <wpt lat="51.437820147344425" lon="4.3757411859230757">
    <name>433.0</name>
  </wpt>
  <wpt lat="51.437238645946188" lon="4.3746861742744869">
    <name>433.1</name>
  </wpt>
  <wpt lat="51.436567409660796" lon="4.3739111742749586">
    <name>433.2</name>
  </wpt>
  <wpt lat="51.435734364987141" lon="4.3744190123546742">
    <name>433.3</name>
  </wpt>
  <wpt lat="51.43492156295175" lon="4.3750354524226251">
    <name>433.4</name>
  </wpt>
  <wpt lat="51.42714380331865" lon="4.3673397836894576">
    <name>434.71</name>
  </wpt>
  <wpt lat="51.427146391762726" lon="4.367334483540569">
    <name>434.7</name>
  </wpt>
  <wpt lat="51.426480846457011" lon="4.3668761304884862">
    <name>434.8</name>
  </wpt>
  <wpt lat="51.425739705383279" lon="4.36606070535459">
    <name>434.9</name>
  </wpt>
  <wpt lat="51.42493535033649" lon="4.365415975598351">
    <name>435.0</name>
  </wpt>
  <wpt lat="51.42410761365651" lon="4.3648521127603663">
    <name>435.1</name>
  </wpt>
  <wpt lat="51.423335131748708" lon="4.3641206295217829">
    <name>435.2</name>
  </wpt>
  <wpt lat="51.42274109903417" lon="4.3630938031211244">
    <name>435.3</name>
  </wpt>
  <wpt lat="51.422088324444886" lon="4.3621019268248">
    <name>435.4</name>
  </wpt>
  <wpt lat="51.421429808392531" lon="4.3611197260974341">
    <name>435.5</name>
  </wpt>
  <wpt lat="51.420663478622622" lon="4.3603806080558076">
    <name>435.6</name>
  </wpt>
  <wpt lat="51.419847754534374" lon="4.3597768124750482">
    <name>435.7</name>
  </wpt>
  <wpt lat="51.419024702201014" lon="4.3591956168237793">
    <name>435.8</name>
  </wpt>
  <wpt lat="51.4182016498677" lon="4.3586144316378075">
    <name>435.9</name>
  </wpt>
  <wpt lat="51.417375715782491" lon="4.3580440422065561">
    <name>436.0</name>
  </wpt>
  <wpt lat="51.416566406008535" lon="4.357444612934823">
    <name>436.1</name>
  </wpt>
  <wpt lat="51.415755090357642" lon="4.3568439523865088">
    <name>436.2</name>
  </wpt>
  <wpt lat="51.414965076011242" lon="4.3561549390646643">
    <name>436.3</name>
  </wpt>
  <wpt lat="51.414139435651379" lon="4.3556298607430071">
    <name>436.4</name>
  </wpt>
  <wpt lat="51.4133626017752" lon="4.3549037202955443">
    <name>436.5</name>
  </wpt>
  <wpt lat="51.412612252789806" lon="4.3541090404874154">
    <name>436.6</name>
  </wpt>
  <wpt lat="51.411869443880981" lon="4.3532963462321179">
    <name>436.7</name>
  </wpt>
  <wpt lat="51.411132501712537" lon="4.3524701735542992">
    <name>436.8</name>
  </wpt>
  <wpt lat="51.41042115127334" lon="4.3515880066846133">
    <name>436.9</name>
  </wpt>
  <wpt lat="51.4097122865257" lon="4.3507007361161287">
    <name>437.0</name>
  </wpt>
  <wpt lat="51.409277103075524" lon="4.3495787530810457">
    <name>437.1</name>
  </wpt>
  <wpt lat="51.408611607792835" lon="4.3497572615068494">
    <name>437.2</name>
  </wpt>
  <wpt lat="51.40788588519051" lon="4.3506065537016845">
    <name>437.3</name>
  </wpt>
  <wpt lat="51.407118752037938" lon="4.3513576463467558">
    <name>437.4</name>
  </wpt>
  <wpt lat="51.406340809548112" lon="4.3520809752772109">
    <name>437.5</name>
  </wpt>
  <wpt lat="51.405561416980049" lon="4.3528002625120541">
    <name>437.6</name>
  </wpt>
  <wpt lat="51.404778120446089" lon="4.3535083871728526">
    <name>437.7</name>
  </wpt>
  <wpt lat="51.403987801269089" lon="4.3541963359720013">
    <name>437.8</name>
  </wpt>
  <wpt lat="51.403131946705237" lon="4.3546184802844943">
    <name>437.9</name>
  </wpt>
  <wpt lat="51.402252494736615" lon="4.3549198322334224">
    <name>438.0</name>
  </wpt>
  <wpt lat="51.401373324869631" lon="4.3552232902321792">
    <name>438.1</name>
  </wpt>
  <wpt lat="51.400494155002654" lon="4.35552674239785">
    <name>438.2</name>
  </wpt>
  <wpt lat="51.399606811763348" lon="4.3557492951137391">
    <name>438.3</name>
  </wpt>
  <wpt lat="51.398709994298585" lon="4.3556572480212177">
    <name>438.4</name>
  </wpt>
  <wpt lat="51.397812474884184" lon="4.3555716661506922">
    <name>438.5</name>
  </wpt>
  <wpt lat="51.396928195655263" lon="4.3557322476085254">
    <name>438.6</name>
  </wpt>
  <wpt lat="51.396077997022189" lon="4.3561958446961668">
    <name>438.7</name>
  </wpt>
  <wpt lat="51.3952513624068" lon="4.3567634256431838">
    <name>438.8</name>
  </wpt>
  <wpt lat="51.394430331270854" lon="4.3573515643378444">
    <name>438.9</name>
  </wpt>
  <wpt lat="51.393710981584569" lon="4.3571653040503353">
    <name>439.0</name>
  </wpt>
  <wpt lat="51.392959246335394" lon="4.356400994991442">
    <name>439.1</name>
  </wpt>
  <wpt lat="51.392455617425995" lon="4.3552137672715272">
    <name>439.2</name>
  </wpt>
  <wpt lat="51.392047768743723" lon="4.3539382763524763">
    <name>439.3</name>
  </wpt>
  <wpt lat="51.391769661071166" lon="4.3525693341270291">
    <name>439.4</name>
  </wpt>
  <wpt lat="51.391634360940358" lon="4.3511455421658063">
    <name>439.5</name>
  </wpt>
  <wpt lat="51.391575682744929" lon="4.3497083039544151">
    <name>439.6</name>
  </wpt>
  <wpt lat="51.391594084998282" lon="4.348291689346877">
    <name>439.7</name>
  </wpt>
  <wpt lat="51.39145014029625" lon="4.34686903940203">
    <name>439.8</name>
  </wpt>
  <wpt lat="51.391297699394606" lon="4.3454508547429347">
    <name>439.9</name>
  </wpt>
  <wpt lat="51.391190425818039" lon="4.3440200826433824">
    <name>440.0</name>
  </wpt>
  <wpt lat="51.391081965979218" lon="4.3425893863662184">
    <name>440.1</name>
  </wpt>
  <wpt lat="51.391105746662454" lon="4.3411603886033685">
    <name>440.2</name>
  </wpt>
  <wpt lat="51.412534422505551" lon="4.3432401274022547">
    <name>444.38</name>
  </wpt>
  <wpt lat="51.412735525031607" lon="4.3428570567639033">
    <name>444.4</name>
  </wpt>
  <wpt lat="51.413301308641032" lon="4.3417362521174088">
    <name>444.5</name>
  </wpt>
  <wpt lat="51.413865994204507" lon="4.3406140237783051">
    <name>444.6</name>
  </wpt>
  <wpt lat="51.414424379257866" lon="4.339483693364433">
    <name>444.7</name>
  </wpt>
  <wpt lat="51.450097920111716" lon="4.3132017605485835">
    <name>450.32</name>
  </wpt>
  <wpt lat="51.450920978876695" lon="4.3128997384642132">
    <name>450.4</name>
  </wpt>
  <wpt lat="51.4518202086146" lon="4.3128791117031122">
    <name>450.5</name>
  </wpt>
  <wpt lat="51.4527194383525" lon="4.312858484535715">
    <name>450.6</name>
  </wpt>
  <wpt lat="51.4536185592216" lon="4.312831117022438">
    <name>450.7</name>
  </wpt>
  <wpt lat="51.4545177112343" lon="4.3128079350788182">
    <name>450.8</name>
  </wpt>
  <wpt lat="51.455416117634122" lon="4.3127579342367666">
    <name>450.9</name>
  </wpt>
  <wpt lat="51.456313189965776" lon="4.3126559411330776">
    <name>451.0</name>
  </wpt>
  <wpt lat="51.457209057202576" lon="4.31253293886109">
    <name>451.1</name>
  </wpt>
  <wpt lat="51.458099820637493" lon="4.3123363129875081">
    <name>451.2</name>
  </wpt>
  <wpt lat="51.458983642663057" lon="4.3120696626100958">
    <name>451.3</name>
  </wpt>
  <wpt lat="51.459862573085026" lon="4.3117647134692927">
    <name>451.4</name>
  </wpt>
  <wpt lat="51.460725175179768" lon="4.3113567617513491">
    <name>451.5</name>
  </wpt>
  <wpt lat="51.461581736326785" lon="4.3109176763341379">
    <name>451.6</name>
  </wpt>
  <wpt lat="51.46243559259819" lon="4.3104645264864168">
    <name>451.7</name>
  </wpt>
  <wpt lat="51.463289448869567" lon="4.310011368159997">
    <name>451.8</name>
  </wpt>
  <wpt lat="51.464161362156034" lon="4.3096594245676005">
    <name>451.9</name>
  </wpt>
  <wpt lat="51.465000747766076" lon="4.309144622584939">
    <name>452.0</name>
  </wpt>
  <wpt lat="51.465829463983781" lon="4.3085851977096548">
    <name>452.1</name>
  </wpt>
  <wpt lat="51.466645083634994" lon="4.3079770328535547">
    <name>452.2</name>
  </wpt>
  <wpt lat="51.467465436629773" lon="4.3073858316942895">
    <name>452.3</name>
  </wpt>
  <wpt lat="51.468282587598736" lon="4.3067946499552363">
    <name>452.4</name>
  </wpt>
  <wpt lat="51.468975337011457" lon="4.3058981020881726">
    <name>452.5</name>
  </wpt>
  <wpt lat="51.4697202314913" lon="4.305089192947289">
    <name>452.6</name>
  </wpt>
  <wpt lat="51.470504519190129" lon="4.3043993875452973">
    <name>452.7</name>
  </wpt>
  <wpt lat="51.471349009424436" lon="4.3039076540741394">
    <name>452.8</name>
  </wpt>
  <wpt lat="51.476313467751133" lon="4.2983737552953185">
    <name>454.27</name>
  </wpt>
  <wpt lat="51.476471744761795" lon="4.2977700282295084">
    <name>454.3</name>
  </wpt>
  <wpt lat="51.476514858247079" lon="4.2963352181638879">
    <name>454.4</name>
  </wpt>
  <wpt lat="51.476423384341608" lon="4.2949009198214254">
    <name>454.5</name>
  </wpt>
  <wpt lat="51.476124531749505" lon="4.2937761931644571">
    <name>454.6</name>
  </wpt>
  <wpt lat="51.475845877694937" lon="4.292578665125486">
    <name>454.7</name>
  </wpt>
  <wpt lat="51.475610585266679" lon="4.2911854335440713">
    <name>454.8</name>
  </wpt>
  <wpt lat="51.480880086230307" lon="4.2807747646228469">
    <name>456.26</name>
  </wpt>
  <wpt lat="51.481306022362169" lon="4.28055282548888">
    <name>456.3</name>
  </wpt>
  <wpt lat="51.482162317742834" lon="4.280111841600208">
    <name>456.4</name>
  </wpt>
  <wpt lat="51.482995798472622" lon="4.2797150743343524">
    <name>456.5</name>
  </wpt>
  <wpt lat="51.683079894876386" lon="4.4180555329233595">
    <name>495.24</name>
  </wpt>
  <wpt lat="51.682674846722229" lon="4.4172703605249559">
    <name>495.3</name>
  </wpt>
</gpx>