<?xml version="1.0" encoding="utf-8"?>
<gpx xmlns:xsi="http://www.w3.org/2001/XMLSchema-instance" xsi:schemaLocation="http://www.topografix.com/GPX/1/1 http://www.topografix.com/GPX/1/1/gpx.xsd" version="1.1" creator="Roparun" xmlns="http://www.topografix.com/GPX/1/1">
  <wpt lat="49.759001" lon="3.223914">
    <name>BOmleiding1 - 0.0</name>
  </wpt>
  <wpt lat="49.7593579173253" lon="3.2251785119324832">
    <name>0.1</name>
  </wpt>
  <wpt lat="49.759982178258177" lon="3.2261704416936774">
    <name>0.2</name>
  </wpt>
  <wpt lat="49.760782798760864" lon="3.2267761537608655">
    <name>0.3</name>
  </wpt>
  <wpt lat="49.76166855101259" lon="3.2269609209443582">
    <name>0.4</name>
  </wpt>
  <wpt lat="49.762540717309626" lon="3.2266862688401532">
    <name>0.5</name>
  </wpt>
  <wpt lat="49.763289957471521" lon="3.2259351615731808">
    <name>0.6</name>
  </wpt>
  <wpt lat="49.763917345262549" lon="3.2249440281469526">
    <name>0.7</name>
  </wpt>
  <wpt lat="49.764496538754308" lon="3.2238804246971529">
    <name>0.8</name>
  </wpt>
  <wpt lat="49.765095593286709" lon="3.2228419858300885">
    <name>0.9</name>
  </wpt>
  <wpt lat="49.765705649181385" lon="3.221819245243966">
    <name>1.0</name>
  </wpt>
  <wpt lat="49.766247350894844" lon="3.2207178353091916">
    <name>1.1</name>
  </wpt>
  <wpt lat="49.766566454070336" lon="3.2194275596652635">
    <name>1.2</name>
  </wpt>
  <wpt lat="49.767250915890784" lon="3.219127885246519">
    <name>1.3</name>
  </wpt>
  <wpt lat="49.768095255558592" lon="3.2187409227525068">
    <name>1.4</name>
  </wpt>
  <wpt lat="49.768786135481058" lon="3.2178719833380014">
    <name>1.5</name>
  </wpt>
  <wpt lat="49.769424400045168" lon="3.2168996851607696">
    <name>1.6</name>
  </wpt>
  <wpt lat="49.770218111400411" lon="3.2162508817222077">
    <name>1.7</name>
  </wpt>
  <wpt lat="49.771045724202253" lon="3.2157088917983518">
    <name>1.8</name>
  </wpt>
  <wpt lat="49.771892880429085" lon="3.2152415343524119">
    <name>1.9</name>
  </wpt>
  <wpt lat="49.772740896136312" lon="3.2147780531413854">
    <name>2.0</name>
  </wpt>
  <wpt lat="49.773595140585996" lon="3.2143427107230567">
    <name>2.1</name>
  </wpt>
  <wpt lat="49.774449385035652" lon="3.2139073606310928">
    <name>2.2</name>
  </wpt>
  <wpt lat="49.775302089415995" lon="3.2134648833490504">
    <name>2.3</name>
  </wpt>
  <wpt lat="49.776110272731216" lon="3.2128793469179726">
    <name>2.4</name>
  </wpt>
  <wpt lat="49.776828603276087" lon="3.212043292327087">
    <name>2.5</name>
  </wpt>
  <wpt lat="49.777578234799165" lon="3.2118198770762172">
    <name>2.6</name>
  </wpt>
  <wpt lat="49.778251805409077" lon="3.2112014486954488">
    <name>2.7</name>
  </wpt>
  <wpt lat="49.778922414612381" lon="3.2115883172349595">
    <name>2.8</name>
  </wpt>
  <wpt lat="49.779039409206689" lon="3.2126472857939188">
    <name>2.9</name>
  </wpt>
  <wpt lat="49.778362799201773" lon="3.2135642986126607">
    <name>3.0</name>
  </wpt>
  <wpt lat="49.777628059374294" lon="3.214367140078696">
    <name>3.1</name>
  </wpt>
  <wpt lat="49.776932424941023" lon="3.215248416791836">
    <name>3.2</name>
  </wpt>
  <wpt lat="49.776396394267145" lon="3.2163446125027728">
    <name>3.3</name>
  </wpt>
  <wpt lat="49.777047698124093" lon="3.2172369689377809">
    <name>3.4</name>
  </wpt>
  <wpt lat="49.777822992701495" lon="3.2179398615420585">
    <name>3.5</name>
  </wpt>
  <wpt lat="49.778606574453022" lon="3.2186214754396145">
    <name>3.6</name>
  </wpt>
  <wpt lat="49.77937730513132" lon="3.219339127288404">
    <name>3.7</name>
  </wpt>
  <wpt lat="49.780147922915774" lon="3.2200570816566954">
    <name>3.8</name>
  </wpt>
  <wpt lat="49.780729238973663" lon="3.220933563606506">
    <name>3.9</name>
  </wpt>
  <wpt lat="49.78009886325156" lon="3.2219268896236737">
    <name>4.0</name>
  </wpt>
  <wpt lat="49.779513391848013" lon="3.2229803963338353">
    <name>4.1</name>
  </wpt>
  <wpt lat="49.779565934761131" lon="3.224312373197284">
    <name>4.2</name>
  </wpt>
  <wpt lat="49.779855492429071" lon="3.225630675148734">
    <name>4.3</name>
  </wpt>
  <wpt lat="49.780146448357378" lon="3.2269465857670183">
    <name>4.4</name>
  </wpt>
  <wpt lat="49.780353159224489" lon="3.228300374986937">
    <name>4.5</name>
  </wpt>
  <wpt lat="49.78027776768328" lon="3.2296843178534647">
    <name>4.6</name>
  </wpt>
  <wpt lat="49.780165137542269" lon="3.2310660236813864">
    <name>4.7</name>
  </wpt>
  <wpt lat="49.780047497896341" lon="3.2324467928938656">
    <name>4.8</name>
  </wpt>
  <wpt lat="49.779929858250448" lon="3.2338275587539895">
    <name>4.9</name>
  </wpt>
  <wpt lat="49.7798122186046" lon="3.2352083212617577">
    <name>5.0</name>
  </wpt>
  <wpt lat="49.779694578958768" lon="3.2365890804171706">
    <name>5.1</name>
  </wpt>
  <wpt lat="49.779576939312982" lon="3.2379698362202278">
    <name>5.2</name>
  </wpt>
  <wpt lat="49.779459299667231" lon="3.2393505886710314">
    <name>5.3</name>
  </wpt>
  <wpt lat="49.779341660021515" lon="3.240731337769581">
    <name>5.4</name>
  </wpt>
  <wpt lat="49.779224020375828" lon="3.242112083515877">
    <name>5.5</name>
  </wpt>
  <wpt lat="49.779106380730177" lon="3.2434928259099194">
    <name>5.6</name>
  </wpt>
  <wpt lat="49.779010000120358" lon="3.2448771978217725">
    <name>5.7</name>
  </wpt>
  <wpt lat="49.779020065201422" lon="3.2462695284675633">
    <name>5.8</name>
  </wpt>
  <wpt lat="49.779063203612012" lon="3.2476606309368208">
    <name>5.9</name>
  </wpt>
  <wpt lat="49.77910634202258" lon="3.2490517346446115">
    <name>6.0</name>
  </wpt>
  <wpt lat="49.779149480433148" lon="3.2504428395908338">
    <name>6.1</name>
  </wpt>
  <wpt lat="49.779192618843695" lon="3.25183394577559">
    <name>6.2</name>
  </wpt>
  <wpt lat="49.779235757254241" lon="3.2532250531987774">
    <name>6.3</name>
  </wpt>
  <wpt lat="49.779279813469607" lon="3.2546160921528156">
    <name>6.4</name>
  </wpt>
  <wpt lat="49.779324432242568" lon="3.2560070901130151">
    <name>6.5</name>
  </wpt>
  <wpt lat="49.7793690510155" lon="3.2573980893540879">
    <name>6.6</name>
  </wpt>
  <wpt lat="49.77941366978844" lon="3.2587890898760339">
    <name>6.7</name>
  </wpt>
  <wpt lat="49.779442640979575" lon="3.2601806489564078">
    <name>6.8</name>
  </wpt>
  <wpt lat="49.779408659996427" lon="3.2615658327277943">
    <name>6.9</name>
  </wpt>
  <wpt lat="49.779312101385038" lon="3.2629408619957845">
    <name>7.0</name>
  </wpt>
  <wpt lat="49.779058764292905" lon="3.2642767371474517">
    <name>7.1</name>
  </wpt>
  <wpt lat="49.779041396785544" lon="3.2656618580431909">
    <name>7.2</name>
  </wpt>
  <wpt lat="49.779130039307226" lon="3.2670477831798896">
    <name>7.3</name>
  </wpt>
  <wpt lat="49.779150792760646" lon="3.2684389298697472">
    <name>7.4</name>
  </wpt>
  <wpt lat="49.779114694999649" lon="3.2698305018006817">
    <name>7.5</name>
  </wpt>
  <wpt lat="49.779074649609441" lon="3.2712218270796516">
    <name>7.6</name>
  </wpt>
  <wpt lat="49.77886250083931" lon="3.2725746879632394">
    <name>7.7</name>
  </wpt>
  <wpt lat="49.778749451615987" lon="3.2739503922717481">
    <name>7.8</name>
  </wpt>
  <wpt lat="49.778685274001454" lon="3.275338724345974">
    <name>7.9</name>
  </wpt>
  <wpt lat="49.778633002023504" lon="3.2767288270667456">
    <name>8.0</name>
  </wpt>
  <wpt lat="49.778418300081633" lon="3.2780758308205713">
    <name>8.1</name>
  </wpt>
  <wpt lat="49.777773660495534" lon="3.2781508871306548">
    <name>8.2</name>
  </wpt>
  <wpt lat="49.776944608878" lon="3.2776113740676758">
    <name>8.3</name>
  </wpt>
  <wpt lat="49.776099853207612" lon="3.2771348718920352">
    <name>8.4</name>
  </wpt>
  <wpt lat="49.775275502813827" lon="3.2765809341643419">
    <name>8.5</name>
  </wpt>
  <wpt lat="49.774657485384388" lon="3.2768040656587432">
    <name>8.6</name>
  </wpt>
  <wpt lat="49.77429166256357" lon="3.2780751699504673">
    <name>8.7</name>
  </wpt>
  <wpt lat="49.773619586565324" lon="3.2788503440148826">
    <name>8.8</name>
  </wpt>
  <wpt lat="49.773538" lon="3.279045">
    <name>8.9</name>
  </wpt>
  <wpt lat="49.798975" lon="3.321036">
    <name>BOmleiding2 - 0.0</name>
  </wpt>
  <wpt lat="49.799840013300752" lon="3.320689003407467">
    <name>0.1</name>
  </wpt>
  <wpt lat="49.800700989329961" lon="3.3202865053665858">
    <name>0.2</name>
  </wpt>
  <wpt lat="49.801565745351077" lon="3.3199045815243986">
    <name>0.3</name>
  </wpt>
  <wpt lat="49.802192289295625" lon="3.3203358813344743">
    <name>0.4</name>
  </wpt>
  <wpt lat="49.802206000842112" lon="3.3217232874513218">
    <name>0.5</name>
  </wpt>
  <wpt lat="49.80220600075981" lon="3.323116659316673">
    <name>0.6</name>
  </wpt>
  <wpt lat="49.8022355531998" lon="3.3245087949140575">
    <name>0.7</name>
  </wpt>
  <wpt lat="49.802365164704078" lon="3.3258868962309611">
    <name>0.8</name>
  </wpt>
  <wpt lat="49.802419" lon="3.326357">
    <name>0.9</name>
  </wpt>
  <wpt lat="49.990302" lon="3.451947">
    <name>BOmleiding3 - 0.0</name>
  </wpt>
  <wpt lat="49.991162818231487" lon="3.4515420952086879">
    <name>0.1</name>
  </wpt>
  <wpt lat="49.992031102271795" lon="3.4511790391597468">
    <name>0.2</name>
  </wpt>
  <wpt lat="49.99291202886927" lon="3.4509300000000023">
    <name>0.3</name>
  </wpt>
  <wpt lat="49.993804863287515" lon="3.4510868431279054">
    <name>0.4</name>
  </wpt>
  <wpt lat="49.9946948354403" lon="3.4512880093085347">
    <name>0.5</name>
  </wpt>
  <wpt lat="49.995585182641371" lon="3.4514851506774633">
    <name>0.6</name>
  </wpt>
  <wpt lat="49.996475529842435" lon="3.4516822956968545">
    <name>0.7</name>
  </wpt>
  <wpt lat="49.99736752907679" lon="3.4518603352601471">
    <name>0.8</name>
  </wpt>
  <wpt lat="49.998258864914639" lon="3.452045787915258">
    <name>0.9</name>
  </wpt>
  <wpt lat="49.999138093301717" lon="3.4523319097873566">
    <name>1.0</name>
  </wpt>
  <wpt lat="50.000004931582438" lon="3.4527043834522972">
    <name>1.1</name>
  </wpt>
  <wpt lat="50.000871183785804" lon="3.4530802994467344">
    <name>1.2</name>
  </wpt>
  <wpt lat="50.001739114349228" lon="3.4534467340046198">
    <name>1.3</name>
  </wpt>
  <wpt lat="50.002607044912622" lon="3.4538131751782624">
    <name>1.4</name>
  </wpt>
  <wpt lat="50.003474975476" lon="3.4541796229680695">
    <name>1.5</name>
  </wpt>
  <wpt lat="50.004343808645089" lon="3.4545406936847538">
    <name>1.6</name>
  </wpt>
  <wpt lat="50.005216812539786" lon="3.4548766095684007">
    <name>1.7</name>
  </wpt>
  <wpt lat="50.006098574801065" lon="3.4551514682617945">
    <name>1.8</name>
  </wpt>
  <wpt lat="50.006980560699937" lon="3.455424889227428">
    <name>1.9</name>
  </wpt>
  <wpt lat="50.007862546598794" lon="3.4556983152103991">
    <name>2.0</name>
  </wpt>
  <wpt lat="50.008744532497637" lon="3.4559717462110133">
    <name>2.1</name>
  </wpt>
  <wpt lat="50.009626518396487" lon="3.4562451822294742">
    <name>2.2</name>
  </wpt>
  <wpt lat="50.010508504295309" lon="3.4565186232660867">
    <name>2.3</name>
  </wpt>
  <wpt lat="50.01138996750479" lon="3.4567960789596275">
    <name>2.4</name>
  </wpt>
  <wpt lat="50.012270690115578" lon="3.45707921785188">
    <name>2.5</name>
  </wpt>
  <wpt lat="50.013152677598434" lon="3.4573526557331786">
    <name>2.6</name>
  </wpt>
  <wpt lat="50.014048275617071" lon="3.457301494669561">
    <name>2.7</name>
  </wpt>
  <wpt lat="50.014937899567741" lon="3.4570980953405761">
    <name>2.8</name>
  </wpt>
  <wpt lat="50.015818103330481" lon="3.4568121039122364">
    <name>2.9</name>
  </wpt>
  <wpt lat="50.016696710603313" lon="3.4565134473415218">
    <name>3.0</name>
  </wpt>
  <wpt lat="50.017575317876123" lon="3.4562147853095149">
    <name>3.1</name>
  </wpt>
  <wpt lat="50.018453782931282" lon="3.455915138635385">
    <name>3.2</name>
  </wpt>
  <wpt lat="50.019334512418212" lon="3.4556537392186932">
    <name>3.3</name>
  </wpt>
  <wpt lat="50.020200649202764" lon="3.4559895016039874">
    <name>3.4</name>
  </wpt>
  <wpt lat="50.021041648028593" lon="3.4564853541726337">
    <name>3.5</name>
  </wpt>
  <wpt lat="50.021885237049446" lon="3.4569700508127119">
    <name>3.6</name>
  </wpt>
  <wpt lat="50.022721424065729" lon="3.4574824812941105">
    <name>3.7</name>
  </wpt>
  <wpt lat="50.023562477584491" lon="3.4579781351079104">
    <name>3.8</name>
  </wpt>
  <wpt lat="50.024402188343522" lon="3.45847923513999">
    <name>3.9</name>
  </wpt>
  <wpt lat="50.025238120981385" lon="3.4589954542991426">
    <name>4.0</name>
  </wpt>
  <wpt lat="50.02607365095394" lon="3.4595132725946769">
    <name>4.1</name>
  </wpt>
  <wpt lat="50.026876339098791" lon="3.4601198273426523">
    <name>4.2</name>
  </wpt>
  <wpt lat="50.02745" lon="3.460802">
    <name>4.3</name>
  </wpt>
  <wpt lat="50.743505" lon="3.922869">
    <name>BOmleiding4 - 0.0</name>
  </wpt>
  <wpt lat="50.743688" lon="3.922566">
    <name>0.1</name>
  </wpt>
  <wpt lat="50.773891" lon="3.886844">
    <name>BOmleiding5 - 0.0</name>
  </wpt>
  <wpt lat="50.774066000028519" lon="3.8877907477905178">
    <name>0.1</name>
  </wpt>
  <wpt lat="50.7743369404553" lon="3.8891320813906898">
    <name>0.2</name>
  </wpt>
  <wpt lat="50.77446988233212" lon="3.8904771021667854">
    <name>0.3</name>
  </wpt>
  <wpt lat="50.774208681339694" lon="3.8918264024660219">
    <name>0.4</name>
  </wpt>
  <wpt lat="50.774194" lon="3.891971">
    <name>0.5</name>
  </wpt>
  <wpt lat="50.782656" lon="3.911442">
    <name>BOmleiding6 - 0.0</name>
  </wpt>
  <wpt lat="50.783338361725029" lon="3.9105226517563025">
    <name>0.1</name>
  </wpt>
  <wpt lat="50.784063293616377" lon="3.9096824921609912">
    <name>0.2</name>
  </wpt>
  <wpt lat="50.784817514582038" lon="3.9089082367515022">
    <name>0.3</name>
  </wpt>
  <wpt lat="50.785575351250685" lon="3.9081426500398755">
    <name>0.4</name>
  </wpt>
  <wpt lat="50.786204489033857" lon="3.9078626839836836">
    <name>0.5</name>
  </wpt>
  <wpt lat="50.786262079762551" lon="3.9092685155024376">
    <name>0.6</name>
  </wpt>
  <wpt lat="50.786285057336883" lon="3.9106615471851249">
    <name>0.7</name>
  </wpt>
  <wpt lat="50.786098395629011" lon="3.9120511612253233">
    <name>0.8</name>
  </wpt>
  <wpt lat="50.785957887605882" lon="3.91345611353495">
    <name>0.9</name>
  </wpt>
  <wpt lat="50.785793137695734" lon="3.9148540743932436">
    <name>1.0</name>
  </wpt>
  <wpt lat="50.785579579048211" lon="3.9162265099962421">
    <name>1.1</name>
  </wpt>
  <wpt lat="50.785488" lon="3.916416">
    <name>1.2</name>
  </wpt>
  <wpt lat="50.825852" lon="4.014778">
    <name>BOmleiding7 - 0.0</name>
  </wpt>
  <wpt lat="50.826361944495659" lon="4.0159507008626232">
    <name>0.1</name>
  </wpt>
  <wpt lat="50.826310513804088" lon="4.01711468308248">
    <name>0.2</name>
  </wpt>
  <wpt lat="50.826013907147939" lon="4.01844902272606">
    <name>0.3</name>
  </wpt>
  <wpt lat="50.825989165088622" lon="4.0198600765924493">
    <name>0.4</name>
  </wpt>
  <wpt lat="50.826275365555141" lon="4.0212028756026061">
    <name>0.5</name>
  </wpt>
  <wpt lat="50.826752492579779" lon="4.0224042078154012">
    <name>0.6</name>
  </wpt>
  <wpt lat="50.827247186670611" lon="4.023592869759276">
    <name>0.7</name>
  </wpt>
  <wpt lat="50.827744192788494" lon="4.0247790454298684">
    <name>0.8</name>
  </wpt>
  <wpt lat="50.828308437427658" lon="4.0249962409165478">
    <name>0.9</name>
  </wpt>
  <wpt lat="50.828869031453557" lon="4.0238856146915261">
    <name>1.0</name>
  </wpt>
  <wpt lat="50.829487911490489" lon="4.02286171481602">
    <name>1.1</name>
  </wpt>
  <wpt lat="50.830333967242332" lon="4.02243399999996">
    <name>1.2</name>
  </wpt>
  <wpt lat="50.831054079818507" lon="4.0231573567507519">
    <name>1.3</name>
  </wpt>
  <wpt lat="50.831850513938278" lon="4.0234573058493233">
    <name>1.4</name>
  </wpt>
  <wpt lat="50.832640253468561" lon="4.0238380468748769">
    <name>1.5</name>
  </wpt>
  <wpt lat="50.833035" lon="4.0243">
    <name>1.6</name>
  </wpt>
  <wpt lat="50.872195" lon="4.018588">
    <name>BOmleiding8 - 0.0</name>
  </wpt>
  <wpt lat="50.87277168384373" lon="4.017535937398014">
    <name>0.1</name>
  </wpt>
  <wpt lat="50.873472237658746" lon="4.0166443207084237">
    <name>0.2</name>
  </wpt>
  <wpt lat="50.874198879361963" lon="4.015805453673436">
    <name>0.3</name>
  </wpt>
  <wpt lat="50.874925127296976" lon="4.0149652268551428">
    <name>0.4</name>
  </wpt>
  <wpt lat="50.875682524604215" lon="4.0143403698470763">
    <name>0.5</name>
  </wpt>
  <wpt lat="50.875987607708119" lon="4.0156582601477311">
    <name>0.6</name>
  </wpt>
  <wpt lat="50.875875922512179" lon="4.0170723372235564">
    <name>0.7</name>
  </wpt>
  <wpt lat="50.875747564227453" lon="4.0184828585219927">
    <name>0.8</name>
  </wpt>
  <wpt lat="50.875637685755571" lon="4.0198974019146645">
    <name>0.9</name>
  </wpt>
  <wpt lat="50.87556" lon="4.020561">
    <name>1.0</name>
  </wpt>
  <wpt lat="50.919495" lon="4.05509">
    <name>BOmleiding9 - 0.0</name>
  </wpt>
  <wpt lat="50.920184951121968" lon="4.0541750215241086">
    <name>0.1</name>
  </wpt>
  <wpt lat="50.920875248372319" lon="4.0532606510057718">
    <name>0.2</name>
  </wpt>
  <wpt lat="50.921557720537272" lon="4.0523316155412292">
    <name>0.3</name>
  </wpt>
  <wpt lat="50.922209954595331" lon="4.0513504520421071">
    <name>0.4</name>
  </wpt>
  <wpt lat="50.922912602643756" lon="4.0504611096603025">
    <name>0.5</name>
  </wpt>
  <wpt lat="50.923749620959043" lon="4.0502367987236081">
    <name>0.6</name>
  </wpt>
  <wpt lat="50.924628852392757" lon="4.0505364101779548">
    <name>0.7</name>
  </wpt>
  <wpt lat="50.925507541242652" lon="4.05084027016605">
    <name>0.8</name>
  </wpt>
  <wpt lat="50.926265873248127" lon="4.0512918880095876">
    <name>0.9</name>
  </wpt>
  <wpt lat="50.926243" lon="4.051459">
    <name>1.0</name>
  </wpt>
  <wpt lat="50.943109" lon="4.057471">
    <name>BOmleiding10 - 0.0</name>
  </wpt>
  <wpt lat="50.943175" lon="4.057627">
    <name>0.1</name>
  </wpt>
  <wpt lat="50.949507" lon="4.098274">
    <name>BOmleiding11 - 0.0</name>
  </wpt>
  <wpt lat="50.948748787909189" lon="4.0976105338497568">
    <name>0.1</name>
  </wpt>
  <wpt lat="50.947988974477731" lon="4.0983332180752639">
    <name>0.2</name>
  </wpt>
  <wpt lat="50.948230065231336" lon="4.0991454922837116">
    <name>0.3</name>
  </wpt>
  <wpt lat="50.948910586954646" lon="4.100063337951104">
    <name>0.4</name>
  </wpt>
  <wpt lat="50.949575" lon="4.100312">
    <name>0.5</name>
  </wpt>
  <wpt lat="50.971715" lon="4.168282">
    <name>BOmleiding12 - 0.0</name>
  </wpt>
  <wpt lat="50.972438820463857" lon="4.1690710714123691">
    <name>0.1</name>
  </wpt>
  <wpt lat="50.97252" lon="4.169212">
    <name>0.2</name>
  </wpt>
  <wpt lat="50.998773" lon="4.17674">
    <name>BOmleiding13 - 0.0</name>
  </wpt>
  <wpt lat="50.999219736952064" lon="4.1779493610284275">
    <name>0.1</name>
  </wpt>
  <wpt lat="51.000036902429414" lon="4.1774722577228633">
    <name>0.2</name>
  </wpt>
  <wpt lat="51.000375350220743" lon="4.1764869401449349">
    <name>0.3</name>
  </wpt>
  <wpt lat="50.999905" lon="4.175627">
    <name>0.4</name>
  </wpt>
  <wpt lat="51.021496" lon="4.118546">
    <name>BOmleiding14 - 0.0</name>
  </wpt>
  <wpt lat="51.022346302101134" lon="4.11901115985868">
    <name>0.1</name>
  </wpt>
  <wpt lat="51.023197570648122" lon="4.1194687853099738">
    <name>0.2</name>
  </wpt>
  <wpt lat="51.024050508066132" lon="4.119921816186733">
    <name>0.3</name>
  </wpt>
  <wpt lat="51.024821398557961" lon="4.1199856575127258">
    <name>0.4</name>
  </wpt>
  <wpt lat="51.025297852806972" lon="4.1187729982444932">
    <name>0.5</name>
  </wpt>
  <wpt lat="51.025290362743533" lon="4.117751315957662">
    <name>0.6</name>
  </wpt>
  <wpt lat="51.024559521044871" lon="4.1169701302243533">
    <name>0.7</name>
  </wpt>
  <wpt lat="51.023754495663518" lon="4.1164653465832526">
    <name>0.8</name>
  </wpt>
  <wpt lat="51.023235292930437" lon="4.1152988713084575">
    <name>0.9</name>
  </wpt>
  <wpt lat="51.022676195213165" lon="4.1142231920979">
    <name>1.0</name>
  </wpt>
  <wpt lat="51.021778038020791" lon="4.1142298664132246">
    <name>1.1</name>
  </wpt>
  <wpt lat="51.021776" lon="4.114222">
    <name>1.2</name>
  </wpt>
  <wpt lat="51.031488" lon="4.098738">
    <name>BOmleiding15 - 0.0</name>
  </wpt>
  <wpt lat="51.031557977131392" lon="4.0973189236575873">
    <name>0.1</name>
  </wpt>
  <wpt lat="51.031612093443542" lon="4.0958920931267331">
    <name>0.2</name>
  </wpt>
  <wpt lat="51.031671071956687" lon="4.0944663086302384">
    <name>0.3</name>
  </wpt>
  <wpt lat="51.03173141985522" lon="4.0930401837525112">
    <name>0.4</name>
  </wpt>
  <wpt lat="51.031790787926539" lon="4.0916133502936125">
    <name>0.5</name>
  </wpt>
  <wpt lat="51.032589983806538" lon="4.0917558689352163">
    <name>0.6</name>
  </wpt>
  <wpt lat="51.033092799247875" lon="4.092941266059456">
    <name>0.7</name>
  </wpt>
  <wpt lat="51.033487803127862" lon="4.0939910757825215">
    <name>0.8</name>
  </wpt>
  <wpt lat="51.033432110815319" lon="4.0954165481264537">
    <name>0.9</name>
  </wpt>
  <wpt lat="51.033367942336561" lon="4.0968429674965732">
    <name>1.0</name>
  </wpt>
  <wpt lat="51.033280795342428" lon="4.0982662373330543">
    <name>1.1</name>
  </wpt>
  <wpt lat="51.03320474713275" lon="4.0996908204119125">
    <name>1.2</name>
  </wpt>
  <wpt lat="51.033159031422372" lon="4.10111880636368">
    <name>1.3</name>
  </wpt>
  <wpt lat="51.033122163212987" lon="4.1025468517962986">
    <name>1.4</name>
  </wpt>
  <wpt lat="51.033095911665434" lon="4.1039751886342879">
    <name>1.5</name>
  </wpt>
  <wpt lat="51.032776077996836" lon="4.1053068340361039">
    <name>1.6</name>
  </wpt>
  <wpt lat="51.032476620524427" lon="4.1066407413715673">
    <name>1.7</name>
  </wpt>
  <wpt lat="51.03301041922608" lon="4.1075075273160575">
    <name>1.8</name>
  </wpt>
  <wpt lat="51.033870640887528" lon="4.1078494718515381">
    <name>1.9</name>
  </wpt>
  <wpt lat="51.034663160933967" lon="4.1072408932853728">
    <name>2.0</name>
  </wpt>
  <wpt lat="51.035357930954071" lon="4.1063328340540535">
    <name>2.1</name>
  </wpt>
  <wpt lat="51.036052700974089" lon="4.1054247612076189">
    <name>2.2</name>
  </wpt>
  <wpt lat="51.036637710171583" lon="4.1043585816980377">
    <name>2.3</name>
  </wpt>
  <wpt lat="51.037066106336" lon="4.103107311647892">
    <name>2.4</name>
  </wpt>
  <wpt lat="51.037833600814963" lon="4.102405362655972">
    <name>2.5</name>
  </wpt>
  <wpt lat="51.038729075699926" lon="4.1022794589622116">
    <name>2.6</name>
  </wpt>
  <wpt lat="51.039025" lon="4.102063">
    <name>2.7</name>
  </wpt>
  <wpt lat="51.068468" lon="4.047823">
    <name>BOmleiding16 - 0.0</name>
  </wpt>
  <wpt lat="51.069167440421054" lon="4.0474189781287766">
    <name>0.1</name>
  </wpt>
  <wpt lat="51.069245054502993" lon="4.0460149537531533">
    <name>0.2</name>
  </wpt>
  <wpt lat="51.068914184747527" lon="4.0446979236896432">
    <name>0.3</name>
  </wpt>
  <wpt lat="51.069587030330588" lon="4.044061653340286">
    <name>0.4</name>
  </wpt>
  <wpt lat="51.070424809576991" lon="4.043541383030572">
    <name>0.5</name>
  </wpt>
  <wpt lat="51.071256571522255" lon="4.0429977385336224">
    <name>0.6</name>
  </wpt>
  <wpt lat="51.072092394885956" lon="4.0424705398028236">
    <name>0.7</name>
  </wpt>
  <wpt lat="51.07286033187124" lon="4.0421344488131021">
    <name>0.8</name>
  </wpt>
  <wpt lat="51.073373088956025" lon="4.0409605298847691">
    <name>0.9</name>
  </wpt>
  <wpt lat="51.073953360811551" lon="4.0400994918485713">
    <name>1.0</name>
  </wpt>
  <wpt lat="51.073978146188324" lon="4.0389302921033083">
    <name>1.1</name>
  </wpt>
  <wpt lat="51.0734202192241" lon="4.0378095218250225">
    <name>1.2</name>
  </wpt>
  <wpt lat="51.072693166194988" lon="4.0369836708905886">
    <name>1.3</name>
  </wpt>
  <wpt lat="51.071976684619308" lon="4.0361294718771576">
    <name>1.4</name>
  </wpt>
  <wpt lat="51.071287283474241" lon="4.03521305090743">
    <name>1.5</name>
  </wpt>
  <wpt lat="51.071261" lon="4.035214">
    <name>1.6</name>
  </wpt>
  <wpt lat="51.100659" lon="4.14159">
    <name>BOmleiding17 - 0.0</name>
  </wpt>
  <wpt lat="51.100833306757785" lon="4.1429880882017738">
    <name>0.1</name>
  </wpt>
  <wpt lat="51.101042215143778" lon="4.1443798526683233">
    <name>0.2</name>
  </wpt>
  <wpt lat="51.1012617681937" lon="4.1457675825974949">
    <name>0.3</name>
  </wpt>
  <wpt lat="51.101479703029895" lon="4.1468667705806874">
    <name>0.4</name>
  </wpt>
  <wpt lat="51.102315700674218" lon="4.146338868999516">
    <name>0.5</name>
  </wpt>
  <wpt lat="51.103149940086205" lon="4.1458039497221941">
    <name>0.6</name>
  </wpt>
  <wpt lat="51.1039838956997" lon="4.1452678947137809">
    <name>0.7</name>
  </wpt>
  <wpt lat="51.104817851313143" lon="4.14473183003414">
    <name>0.8</name>
  </wpt>
  <wpt lat="51.10565172069365" lon="4.1441954159354042">
    <name>0.9</name>
  </wpt>
  <wpt lat="51.106485260325975" lon="4.1436576933720444">
    <name>1.0</name>
  </wpt>
  <wpt lat="51.107324409287457" lon="4.1431432946050428">
    <name>1.1</name>
  </wpt>
  <wpt lat="51.108184585839531" lon="4.1427272651927831">
    <name>1.2</name>
  </wpt>
  <wpt lat="51.109065593563379" lon="4.1424428503305908">
    <name>1.3</name>
  </wpt>
  <wpt lat="51.109962920168492" lon="4.1423930476190804">
    <name>1.4</name>
  </wpt>
  <wpt lat="51.110416" lon="4.142442">
    <name>1.5</name>
  </wpt>
  <wpt lat="51.112092" lon="4.142683">
    <name>BOmleiding18 - 0.0</name>
  </wpt>
  <wpt lat="51.112963540428829" lon="4.1430225744968618">
    <name>0.1</name>
  </wpt>
  <wpt lat="51.113856727763256" lon="4.143177959148491">
    <name>0.2</name>
  </wpt>
  <wpt lat="51.113921" lon="4.143186">
    <name>0.3</name>
  </wpt>
  <wpt lat="51.170254" lon="4.312226">
    <name>BOmleiding19 - 0.0</name>
  </wpt>
  <wpt lat="51.171081290236458" lon="4.3127759346658818">
    <name>0.1</name>
  </wpt>
  <wpt lat="51.1719031677239" lon="4.3133563168231683">
    <name>0.2</name>
  </wpt>
  <wpt lat="51.172744193618549" lon="4.3138636091960336">
    <name>0.3</name>
  </wpt>
  <wpt lat="51.173595256638848" lon="4.3143267090470525">
    <name>0.4</name>
  </wpt>
  <wpt lat="51.174440589614953" lon="4.31481357922558">
    <name>0.5</name>
  </wpt>
  <wpt lat="51.175287319113238" lon="4.3152968165982655">
    <name>0.6</name>
  </wpt>
  <wpt lat="51.175532782900042" lon="4.3163008942395242">
    <name>0.7</name>
  </wpt>
  <wpt lat="51.175310804518119" lon="4.3176909770201011">
    <name>0.8</name>
  </wpt>
  <wpt lat="51.175396" lon="4.317836">
    <name>0.9</name>
  </wpt>
  <wpt lat="51.180323" lon="4.317485">
    <name>BOmleiding20 - 0.0</name>
  </wpt>
  <wpt lat="51.180309076970843" lon="4.3160512560956361">
    <name>0.1</name>
  </wpt>
  <wpt lat="51.180456758059556" lon="4.3146373877960009">
    <name>0.2</name>
  </wpt>
  <wpt lat="51.180684195861936" lon="4.3132495559693895">
    <name>0.3</name>
  </wpt>
  <wpt lat="51.181059075691863" lon="4.3119478528901904">
    <name>0.4</name>
  </wpt>
  <wpt lat="51.181414761339077" lon="4.3106529999999985">
    <name>0.5</name>
  </wpt>
  <wpt lat="51.182268578962614" lon="4.3110771590146513">
    <name>0.6</name>
  </wpt>
  <wpt lat="51.183152412275533" lon="4.3109396804014164">
    <name>0.7</name>
  </wpt>
  <wpt lat="51.184042241451024" lon="4.3107366977314054">
    <name>0.8</name>
  </wpt>
  <wpt lat="51.18494105618629" lon="4.3107014257596195">
    <name>0.9</name>
  </wpt>
  <wpt lat="51.185776393049842" lon="4.3103223551753276">
    <name>1.0</name>
  </wpt>
  <wpt lat="51.186504471048131" lon="4.30949015989972">
    <name>1.1</name>
  </wpt>
  <wpt lat="51.187156971351541" lon="4.30850744719689">
    <name>1.2</name>
  </wpt>
  <wpt lat="51.187847871561161" lon="4.3077936440366624">
    <name>1.3</name>
  </wpt>
  <wpt lat="51.188312928756687" lon="4.3089890440209473">
    <name>1.4</name>
  </wpt>
  <wpt lat="51.188688644591764" lon="4.3102853915843644">
    <name>1.5</name>
  </wpt>
  <wpt lat="51.188436835035382" lon="4.3114285181341732">
    <name>1.6</name>
  </wpt>
  <wpt lat="51.188856456440718" lon="4.31269691280582">
    <name>1.7</name>
  </wpt>
  <wpt lat="51.189367563028917" lon="4.31387189462179">
    <name>1.8</name>
  </wpt>
  <wpt lat="51.18998997156401" lon="4.3136126492544324">
    <name>1.9</name>
  </wpt>
  <wpt lat="51.190634117573794" lon="4.3126113037016047">
    <name>2.0</name>
  </wpt>
  <wpt lat="51.191278895931632" lon="4.3116109807772061">
    <name>2.1</name>
  </wpt>
  <wpt lat="51.19192367428937" lon="4.3106106438558225">
    <name>2.2</name>
  </wpt>
  <wpt lat="51.192287338232859" lon="4.3114640627607139">
    <name>2.3</name>
  </wpt>
  <wpt lat="51.192540311424843" lon="4.3128409772312981">
    <name>2.4</name>
  </wpt>
  <wpt lat="51.19269955747545" lon="4.3142499627457278">
    <name>2.5</name>
  </wpt>
  <wpt lat="51.192788532336316" lon="4.31567792697446">
    <name>2.6</name>
  </wpt>
  <wpt lat="51.192969261928589" lon="4.3170823645586891">
    <name>2.7</name>
  </wpt>
  <wpt lat="51.193129702963738" lon="4.3184706061097486">
    <name>2.8</name>
  </wpt>
  <wpt lat="51.192854099180153" lon="4.3197970680553439">
    <name>2.9</name>
  </wpt>
  <wpt lat="51.192469985723235" lon="4.321010352513353">
    <name>3.0</name>
  </wpt>
  <wpt lat="51.1917830000637" lon="4.3218193242859231">
    <name>3.1</name>
  </wpt>
  <wpt lat="51.191699" lon="4.322588">
    <name>3.2</name>
  </wpt>
  <wpt lat="51.220608" lon="4.38768">
    <name>BOmleiding21 - 0.0</name>
  </wpt>
  <wpt lat="51.220644000096243" lon="4.3862662410817963">
    <name>0.1</name>
  </wpt>
  <wpt lat="51.220616361675582" lon="4.3848345600825116">
    <name>0.2</name>
  </wpt>
  <wpt lat="51.2205892395676" lon="4.3833993393248418">
    <name>0.3</name>
  </wpt>
  <wpt lat="51.220579000009607" lon="4.3819637129282869">
    <name>0.4</name>
  </wpt>
  <wpt lat="51.220553467807882" lon="4.3805284616746452">
    <name>0.5</name>
  </wpt>
  <wpt lat="51.220516670680809" lon="4.3790938378934507">
    <name>0.6</name>
  </wpt>
  <wpt lat="51.22086884322075" lon="4.3782287136527049">
    <name>0.7</name>
  </wpt>
  <wpt lat="51.2217672616671" lon="4.3782626452855187">
    <name>0.8</name>
  </wpt>
  <wpt lat="51.222666360139534" lon="4.378282074781108">
    <name>0.9</name>
  </wpt>
  <wpt lat="51.223565022639043" lon="4.3783202577135834">
    <name>1.0</name>
  </wpt>
  <wpt lat="51.224463828434693" lon="4.3783520000000307">
    <name>1.1</name>
  </wpt>
  <wpt lat="51.225362850415372" lon="4.3783790850899234">
    <name>1.2</name>
  </wpt>
  <wpt lat="51.226262053147245" lon="4.3783998498960539">
    <name>1.3</name>
  </wpt>
  <wpt lat="51.227155590186328" lon="4.3784944330563169">
    <name>1.4</name>
  </wpt>
  <wpt lat="51.227314639461461" lon="4.3797213823355712">
    <name>1.5</name>
  </wpt>
  <wpt lat="51.227281973157048" lon="4.3811565174322009">
    <name>1.6</name>
  </wpt>
  <wpt lat="51.227314510113409" lon="4.3825893774605609">
    <name>1.7</name>
  </wpt>
  <wpt lat="51.227302147792408" lon="4.3840253248646484">
    <name>1.8</name>
  </wpt>
  <wpt lat="51.227287615676822" lon="4.38546121447139">
    <name>1.9</name>
  </wpt>
  <wpt lat="51.227270149728319" lon="4.3868970257844788">
    <name>2.0</name>
  </wpt>
  <wpt lat="51.227252683779817" lon="4.3883328365526495">
    <name>2.1</name>
  </wpt>
  <wpt lat="51.227235217831321" lon="4.3897686467759014">
    <name>2.2</name>
  </wpt>
  <wpt lat="51.22721775188284" lon="4.3912044564542354">
    <name>2.3</name>
  </wpt>
  <wpt lat="51.2271936524436" lon="4.3926399940652763">
    <name>2.4</name>
  </wpt>
  <wpt lat="51.227165327814383" lon="4.3940753605764185">
    <name>2.5</name>
  </wpt>
  <wpt lat="51.227137209621915" lon="4.3955107366670862">
    <name>2.6</name>
  </wpt>
  <wpt lat="51.227109091429455" lon="4.3969461118808368">
    <name>2.7</name>
  </wpt>
  <wpt lat="51.227080973236994" lon="4.3983814862175681">
    <name>2.8</name>
  </wpt>
  <wpt lat="51.227052855044555" lon="4.399816859677383">
    <name>2.9</name>
  </wpt>
  <wpt lat="51.227024736852115" lon="4.4012522322601786">
    <name>3.0</name>
  </wpt>
  <wpt lat="51.22699661865969" lon="4.402687603966057">
    <name>3.1</name>
  </wpt>
  <wpt lat="51.226968500467272" lon="4.4041229747949169">
    <name>3.2</name>
  </wpt>
  <wpt lat="51.226952000458454" lon="4.4055586214832081">
    <name>3.3</name>
  </wpt>
  <wpt lat="51.227006748259981" lon="4.4069916641085864">
    <name>3.4</name>
  </wpt>
  <wpt lat="51.227069012864476" lon="4.4084242927171422">
    <name>3.5</name>
  </wpt>
  <wpt lat="51.227131277468949" lon="4.4098569232639528">
    <name>3.6</name>
  </wpt>
  <wpt lat="51.227084163766932" lon="4.4112854395527057">
    <name>3.7</name>
  </wpt>
  <wpt lat="51.22671010896876" lon="4.4125825045217315">
    <name>3.8</name>
  </wpt>
  <wpt lat="51.226221266637168" lon="4.4137682467963044">
    <name>3.9</name>
  </wpt>
  <wpt lat="51.226483261036975" lon="4.4147273202702229">
    <name>4.0</name>
  </wpt>
  <wpt lat="51.2273515507709" lon="4.414358357032337">
    <name>4.1</name>
  </wpt>
  <wpt lat="51.228230023107976" lon="4.4140519174556214">
    <name>4.2</name>
  </wpt>
  <wpt lat="51.229107443386972" lon="4.4137369071487429">
    <name>4.3</name>
  </wpt>
  <wpt lat="51.22998779384681" lon="4.4134567838069465">
    <name>4.4</name>
  </wpt>
  <wpt lat="51.230804209119967" lon="4.4134501130609669">
    <name>4.5</name>
  </wpt>
  <wpt lat="51.230857002802423" lon="4.4148740053871629">
    <name>4.6</name>
  </wpt>
  <wpt lat="51.2308570031401" lon="4.41631019922368">
    <name>4.7</name>
  </wpt>
  <wpt lat="51.230857001479819" lon="4.4177463930602991">
    <name>4.8</name>
  </wpt>
  <wpt lat="51.230994529694243" lon="4.419143365278436">
    <name>4.9</name>
  </wpt>
  <wpt lat="51.231618965736658" lon="4.420140965422692">
    <name>5.0</name>
  </wpt>
  <wpt lat="51.23248693670687" lon="4.420408999999994">
    <name>5.1</name>
  </wpt>
  <wpt lat="51.2333862583128" lon="4.420408999999994">
    <name>5.2</name>
  </wpt>
  <wpt lat="51.234285579918705" lon="4.420408999999994">
    <name>5.3</name>
  </wpt>
  <wpt lat="51.234928" lon="4.420425">
    <name>5.4</name>
  </wpt>
  <wpt lat="51.467663" lon="4.656641">
    <name>BOmleiding22 - 0.0</name>
  </wpt>
  <wpt lat="51.467149426317413" lon="4.6576845354755578">
    <name>0.1</name>
  </wpt>
  <wpt lat="51.467741921122212" lon="4.6587705530198731">
    <name>0.2</name>
  </wpt>
  <wpt lat="51.467970583233644" lon="4.65979260662023">
    <name>0.3</name>
  </wpt>
  <wpt lat="51.467872480097554" lon="4.6607994801060464">
    <name>0.4</name>
  </wpt>
  <wpt lat="51.46834769005882" lon="4.6620250055730006">
    <name>0.5</name>
  </wpt>
  <wpt lat="51.468857987941107" lon="4.6632136383600944">
    <name>0.6</name>
  </wpt>
  <wpt lat="51.469387008398861" lon="4.6643805805671859">
    <name>0.7</name>
  </wpt>
  <wpt lat="51.469944833854655" lon="4.6655117305338694">
    <name>0.8</name>
  </wpt>
  <wpt lat="51.470479499761296" lon="4.6666722260583926">
    <name>0.9</name>
  </wpt>
  <wpt lat="51.471013" lon="4.667793">
    <name>1.0</name>
  </wpt>
  <wpt lat="51.472386" lon="4.671703">
    <name>BOmleiding23 - 0.0</name>
  </wpt>
  <wpt lat="51.472085000069065" lon="4.673038502765003">
    <name>0.1</name>
  </wpt>
  <wpt lat="51.472462102318119" lon="4.674335871318533">
    <name>0.2</name>
  </wpt>
  <wpt lat="51.472802235993008" lon="4.6754533914321614">
    <name>0.3</name>
  </wpt>
  <wpt lat="51.473568" lon="4.675132">
    <name>0.4</name>
  </wpt>
  <wpt lat="51.475198" lon="4.672262">
    <name>BOmleiding24 - 0.0</name>
  </wpt>
  <wpt lat="51.475657151386713" lon="4.6711741888936773">
    <name>0.1</name>
  </wpt>
  <wpt lat="51.476070813399751" lon="4.6698921057951672">
    <name>0.2</name>
  </wpt>
  <wpt lat="51.476252" lon="4.669586">
    <name>0.3</name>
  </wpt>
  <wpt lat="51.518231" lon="4.702844">
    <name>BOmleiding25 - 0.0</name>
  </wpt>
  <wpt lat="51.519080534947555" lon="4.7026209999999695">
    <name>0.1</name>
  </wpt>
  <wpt lat="51.519917693257284" lon="4.7030536932360887">
    <name>0.2</name>
  </wpt>
  <wpt lat="51.519527991433989" lon="4.7042646384066131">
    <name>0.3</name>
  </wpt>
  <wpt lat="51.518965791687307" lon="4.705381288180841">
    <name>0.4</name>
  </wpt>
  <wpt lat="51.51864" lon="4.70585">
    <name>0.5</name>
  </wpt>
  <wpt lat="51.542318" lon="4.93949">
    <name>BOmleiding26 - 0.0</name>
  </wpt>
  <wpt lat="51.543175084958705" lon="4.939338801226075">
    <name>0.1</name>
  </wpt>
  <wpt lat="51.543899970686837" lon="4.93875357648732">
    <name>0.2</name>
  </wpt>
  <wpt lat="51.544230338653982" lon="4.9394837659173776">
    <name>0.3</name>
  </wpt>
  <wpt lat="51.544268000233274" lon="4.9409278423502379">
    <name>0.4</name>
  </wpt>
  <wpt lat="51.544288" lon="4.941427">
    <name>0.5</name>
  </wpt>
  <wpt lat="51.567529" lon="4.976876">
    <name>BOmleiding27 - 0.0</name>
  </wpt>
  <wpt lat="51.567283146601326" lon="4.9782676741376362">
    <name>0.1</name>
  </wpt>
  <wpt lat="51.56704418775896" lon="4.9796624587454295">
    <name>0.2</name>
  </wpt>
  <wpt lat="51.566803489467866" lon="4.9810564597656146">
    <name>0.3</name>
  </wpt>
  <wpt lat="51.566561652421214" lon="4.98244994514715">
    <name>0.4</name>
  </wpt>
  <wpt lat="51.566319815374641" lon="4.9838434231168227">
    <name>0.5</name>
  </wpt>
  <wpt lat="51.566083254061091" lon="4.9852392147281259">
    <name>0.6</name>
  </wpt>
  <wpt lat="51.565850547081972" lon="4.9866366957035151">
    <name>0.7</name>
  </wpt>
  <wpt lat="51.5656268937196" lon="4.9880369377055986">
    <name>0.8</name>
  </wpt>
  <wpt lat="51.565415880383057" lon="4.9894428764466019">
    <name>0.9</name>
  </wpt>
  <wpt lat="51.565198735903309" lon="4.9908467057633352">
    <name>1.0</name>
  </wpt>
  <wpt lat="51.56497936600644" lon="4.9922496767654039">
    <name>1.1</name>
  </wpt>
  <wpt lat="51.565334693552231" lon="4.9929757739555933">
    <name>1.2</name>
  </wpt>
  <wpt lat="51.566233638168491" lon="4.9930176600395377">
    <name>1.3</name>
  </wpt>
  <wpt lat="51.567131833499282" lon="4.9930416169497827">
    <name>1.4</name>
  </wpt>
  <wpt lat="51.56800453248033" lon="4.9933664756629668">
    <name>1.5</name>
  </wpt>
  <wpt lat="51.5689013407636" lon="4.9934370963397363">
    <name>1.6</name>
  </wpt>
  <wpt lat="51.569799259423853" lon="4.9934584351850981">
    <name>1.7</name>
  </wpt>
  <wpt lat="51.570649414498078" lon="4.9934102373798517">
    <name>1.8</name>
  </wpt>
  <wpt lat="51.571409402912074" lon="4.9927988361011257">
    <name>1.9</name>
  </wpt>
  <wpt lat="51.57230023597527" lon="4.9926818720317963">
    <name>2.0</name>
  </wpt>
  <wpt lat="51.573195408317368" lon="4.9928207077112789">
    <name>2.1</name>
  </wpt>
  <wpt lat="51.574090580659451" lon="4.9929595461249177">
    <name>2.2</name>
  </wpt>
  <wpt lat="51.574985753001535" lon="4.9930983872729184">
    <name>2.3</name>
  </wpt>
  <wpt lat="51.575880925343618" lon="4.9932372311553816">
    <name>2.4</name>
  </wpt>
  <wpt lat="51.576484599366069" lon="4.9931992149993878">
    <name>2.5</name>
  </wpt>
  <wpt lat="51.576486866806619" lon="4.9918746259890119">
    <name>2.6</name>
  </wpt>
  <wpt lat="51.576495829505077" lon="4.9904377463536616">
    <name>2.7</name>
  </wpt>
  <wpt lat="51.57615886742461" lon="4.9891107315415582">
    <name>2.8</name>
  </wpt>
  <wpt lat="51.575537077975611" lon="4.9880779281899228">
    <name>2.9</name>
  </wpt>
  <wpt lat="51.575017000082013" lon="4.9869790680525057">
    <name>3.0</name>
  </wpt>
  <wpt lat="51.575195299363479" lon="4.9855644993996142">
    <name>3.1</name>
  </wpt>
  <wpt lat="51.575401461230641" lon="4.9841559912607938">
    <name>3.2</name>
  </wpt>
  <wpt lat="51.575632055880327" lon="4.9827576010213077">
    <name>3.3</name>
  </wpt>
  <wpt lat="51.576368316880782" lon="4.9826429999999879">
    <name>3.4</name>
  </wpt>
  <wpt lat="51.576583" lon="4.982774">
    <name>3.5</name>
  </wpt>
  <wpt lat="51.588538" lon="4.984201">
    <name>BOmleiding28 - 0.0</name>
  </wpt>
  <wpt lat="51.589237983299036" lon="4.9832935405052581">
    <name>0.1</name>
  </wpt>
  <wpt lat="51.589982131994425" lon="4.9825484822253134">
    <name>0.2</name>
  </wpt>
  <wpt lat="51.589456685382061" lon="4.9813740497198387">
    <name>0.3</name>
  </wpt>
  <wpt lat="51.58905347002203" lon="4.9802214980906685">
    <name>0.4</name>
  </wpt>
  <wpt lat="51.589611314533315" lon="4.9791093763084815">
    <name>0.5</name>
  </wpt>
  <wpt lat="51.589838356632306" lon="4.9777257327942337">
    <name>0.6</name>
  </wpt>
  <wpt lat="51.590381295252186" lon="4.9769213676199184">
    <name>0.7</name>
  </wpt>
  <wpt lat="51.591271422844919" lon="4.9767964582561994">
    <name>0.8</name>
  </wpt>
  <wpt lat="51.592082640974965" lon="4.9769317567358877">
    <name>0.9</name>
  </wpt>
  <wpt lat="51.592119000167855" lon="4.9756528151954047">
    <name>1.0</name>
  </wpt>
  <wpt lat="51.592249477429881" lon="4.9743767753080359">
    <name>1.1</name>
  </wpt>
  <wpt lat="51.593148179983835" lon="4.9743267184330575">
    <name>1.2</name>
  </wpt>
  <wpt lat="51.59404523147446" lon="4.97422392483668">
    <name>1.3</name>
  </wpt>
  <wpt lat="51.594940254162587" lon="4.974084965497843">
    <name>1.4</name>
  </wpt>
  <wpt lat="51.595835610414404" lon="4.9739521492722343">
    <name>1.5</name>
  </wpt>
  <wpt lat="51.596734164147016" lon="4.9739442598764247">
    <name>1.6</name>
  </wpt>
  <wpt lat="51.59762849943597" lon="4.9740881179536212">
    <name>1.7</name>
  </wpt>
  <wpt lat="51.598508971351677" lon="4.9743762964811769">
    <name>1.8</name>
  </wpt>
  <wpt lat="51.599369818367371" lon="4.9747931811460155">
    <name>1.9</name>
  </wpt>
  <wpt lat="51.600194703268656" lon="4.9753664558510842">
    <name>2.0</name>
  </wpt>
  <wpt lat="51.600989288610371" lon="4.97604313616962">
    <name>2.1</name>
  </wpt>
  <wpt lat="51.601753474507142" lon="4.9768064719025489">
    <name>2.2</name>
  </wpt>
  <wpt lat="51.602517428392972" lon="4.9775704222571626">
    <name>2.3</name>
  </wpt>
  <wpt lat="51.603290000132738" lon="4.9783114531607078">
    <name>2.4</name>
  </wpt>
  <wpt lat="51.604056868335974" lon="4.9790676591121947">
    <name>2.5</name>
  </wpt>
  <wpt lat="51.604790805599158" lon="4.9799034575469063">
    <name>2.6</name>
  </wpt>
  <wpt lat="51.605488038332467" lon="4.9808170915992065">
    <name>2.7</name>
  </wpt>
  <wpt lat="51.60613488165496" lon="4.98182021730167">
    <name>2.8</name>
  </wpt>
  <wpt lat="51.606675157141638" lon="4.9829746986513275">
    <name>2.9</name>
  </wpt>
  <wpt lat="51.607099312322049" lon="4.9842467009638618">
    <name>3.0</name>
  </wpt>
  <wpt lat="51.607372462164" lon="4.9856244485805927">
    <name>3.1</name>
  </wpt>
  <wpt lat="51.607508044129005" lon="4.9870557153376156">
    <name>3.2</name>
  </wpt>
  <wpt lat="51.607547002325546" lon="4.988500734067153">
    <name>3.3</name>
  </wpt>
  <wpt lat="51.60753733211299" lon="4.9899486391465011">
    <name>3.4</name>
  </wpt>
  <wpt lat="51.607517236218406" lon="4.9913963560043895">
    <name>3.5</name>
  </wpt>
  <wpt lat="51.607497140323837" lon="4.9928440722214846">
    <name>3.6</name>
  </wpt>
  <wpt lat="51.607476246095914" lon="4.9942917571379528">
    <name>3.7</name>
  </wpt>
  <wpt lat="51.607453214678074" lon="4.9957393586319832">
    <name>3.8</name>
  </wpt>
  <wpt lat="51.607456582578131" lon="4.9971843964995033">
    <name>3.9</name>
  </wpt>
  <wpt lat="51.607428703300542" lon="4.9986317762517745">
    <name>4.0</name>
  </wpt>
  <wpt lat="51.607382028201606" lon="5.0000775205105148">
    <name>4.1</name>
  </wpt>
  <wpt lat="51.607260753134653" lon="5.0015110249045973">
    <name>4.2</name>
  </wpt>
  <wpt lat="51.607059464221422" lon="5.0029220587584282">
    <name>4.3</name>
  </wpt>
  <wpt lat="51.6070712041375" lon="5.004048028834065">
    <name>4.4</name>
  </wpt>
  <wpt lat="51.6077567349215" lon="5.0039066010124911">
    <name>4.5</name>
  </wpt>
  <wpt lat="51.607777822056541" lon="5.0024614855421854">
    <name>4.6</name>
  </wpt>
  <wpt lat="51.607823842481523" lon="5.00101529561425">
    <name>4.7</name>
  </wpt>
  <wpt lat="51.607929422433912" lon="4.9995773814328048">
    <name>4.8</name>
  </wpt>
  <wpt lat="51.608008029677528" lon="4.9981352104754437">
    <name>4.9</name>
  </wpt>
  <wpt lat="51.608062000065061" lon="4.99669141993038">
    <name>5.0</name>
  </wpt>
  <wpt lat="51.608040466741983" lon="4.9952453645520194">
    <name>5.1</name>
  </wpt>
  <wpt lat="51.6080190017914" lon="4.9937993562376244">
    <name>5.2</name>
  </wpt>
  <wpt lat="51.608044557234983" lon="4.9923520427087755">
    <name>5.3</name>
  </wpt>
  <wpt lat="51.608077690221172" lon="4.99090547425056">
    <name>5.4</name>
  </wpt>
  <wpt lat="51.60827873753508" lon="4.9894981643527911">
    <name>5.5</name>
  </wpt>
  <wpt lat="51.608655378557394" lon="4.9881864644034737">
    <name>5.6</name>
  </wpt>
  <wpt lat="51.608642" lon="4.98773">
    <name>5.7</name>
  </wpt>
  <wpt lat="51.618259" lon="4.951439">
    <name>BOmleiding29 - 0.0</name>
  </wpt>
  <wpt lat="51.618325" lon="4.951255">
    <name>0.1</name>
  </wpt>
  <wpt lat="51.622031" lon="4.944597">
    <name>BOmleiding30 - 0.0</name>
  </wpt>
  <wpt lat="51.622772461598942" lon="4.945415839233636">
    <name>0.1</name>
  </wpt>
  <wpt lat="51.6235143504197" lon="4.9462343589152313">
    <name>0.2</name>
  </wpt>
  <wpt lat="51.6242675401941" lon="4.9469193441941348">
    <name>0.3</name>
  </wpt>
  <wpt lat="51.624880040638274" lon="4.9466177921709127">
    <name>0.4</name>
  </wpt>
  <wpt lat="51.625594629087772" lon="4.9474939580060546">
    <name>0.5</name>
  </wpt>
  <wpt lat="51.626297416616453" lon="4.9483898883449671">
    <name>0.6</name>
  </wpt>
  <wpt lat="51.626712377268241" lon="4.9477024437558441">
    <name>0.7</name>
  </wpt>
  <wpt lat="51.627262376949631" lon="4.9465618798968007">
    <name>0.8</name>
  </wpt>
  <wpt lat="51.627740559912986" lon="4.9454293431577945">
    <name>0.9</name>
  </wpt>
  <wpt lat="51.628295055593824" lon="4.9442887572217327">
    <name>1.0</name>
  </wpt>
  <wpt lat="51.628851845079339" lon="4.94315109035825">
    <name>1.1</name>
  </wpt>
  <wpt lat="51.629490428275091" lon="4.9421633087816081">
    <name>1.2</name>
  </wpt>
  <wpt lat="51.630185279603182" lon="4.9412435512006621">
    <name>1.3</name>
  </wpt>
  <wpt lat="51.630254386509648" lon="4.9401516439626922">
    <name>1.4</name>
  </wpt>
  <wpt lat="51.629569402831876" lon="4.9392138044736393">
    <name>1.5</name>
  </wpt>
  <wpt lat="51.629217" lon="4.938633">
    <name>1.6</name>
  </wpt>
  <wpt lat="51.62441" lon="4.931446">
    <name>BOmleiding31 - 0.0</name>
  </wpt>
  <wpt lat="51.624190898291175" lon="4.9300428503543836">
    <name>0.1</name>
  </wpt>
  <wpt lat="51.623995822306362" lon="4.9286344746576267">
    <name>0.2</name>
  </wpt>
  <wpt lat="51.623817967582823" lon="4.9272150009595137">
    <name>0.3</name>
  </wpt>
  <wpt lat="51.62360006203933" lon="4.9258144797119545">
    <name>0.4</name>
  </wpt>
  <wpt lat="51.623473604002022" lon="4.9243824843993664">
    <name>0.5</name>
  </wpt>
  <wpt lat="51.623441" lon="4.92368">
    <name>0.6</name>
  </wpt>
  <wpt lat="51.623476" lon="4.923167">
    <name>BOmleiding32 - 0.0</name>
  </wpt>
  <wpt lat="51.62351100006709" lon="4.9217196920592876">
    <name>0.1</name>
  </wpt>
  <wpt lat="51.624341750528281" lon="4.9217625131524168">
    <name>0.2</name>
  </wpt>
  <wpt lat="51.6251420000315" lon="4.9220452729966455">
    <name>0.3</name>
  </wpt>
  <wpt lat="51.625142" lon="4.923304">
    <name>0.4</name>
  </wpt>
  <wpt lat="51.626191" lon="4.921827">
    <name>BOmleiding33 - 0.0</name>
  </wpt>
  <wpt lat="51.626666000000547" lon="4.9226887874716931">
    <name>0.1</name>
  </wpt>
  <wpt lat="51.627311091114777" lon="4.9230864241227819">
    <name>0.2</name>
  </wpt>
  <wpt lat="51.62820981795997" lon="4.9230549999999926">
    <name>0.3</name>
  </wpt>
  <wpt lat="51.629069000005714" lon="4.9231409617350028">
    <name>0.4</name>
  </wpt>
  <wpt lat="51.629261873732027" lon="4.9223227725528345">
    <name>0.5</name>
  </wpt>
  <wpt lat="51.629198109821004" lon="4.9208776528406348">
    <name>0.6</name>
  </wpt>
  <wpt lat="51.629135952728035" lon="4.9194323482452855">
    <name>0.7</name>
  </wpt>
  <wpt lat="51.62917874257402" lon="4.918022700734479">
    <name>0.8</name>
  </wpt>
  <wpt lat="51.628580092340428" lon="4.9177452912542456">
    <name>0.9</name>
  </wpt>
  <wpt lat="51.627685829187449" lon="4.9176456309884875">
    <name>1.0</name>
  </wpt>
  <wpt lat="51.626796853036595" lon="4.9174272340181178">
    <name>1.1</name>
  </wpt>
  <wpt lat="51.625910571948133" lon="4.917181425436004">
    <name>1.2</name>
  </wpt>
  <wpt lat="51.625024290859692" lon="4.91693562165546">
    <name>1.3</name>
  </wpt>
  <wpt lat="51.62414338199995" lon="4.9166448615440332">
    <name>1.4</name>
  </wpt>
  <wpt lat="51.62326768701535" lon="4.9163155184585126">
    <name>1.5</name>
  </wpt>
  <wpt lat="51.622398821439269" lon="4.9159417532354528">
    <name>1.6</name>
  </wpt>
  <wpt lat="51.62152764226294" lon="4.9155825382540579">
    <name>1.7</name>
  </wpt>
  <wpt lat="51.620706622678874" lon="4.9150082825657764">
    <name>1.8</name>
  </wpt>
  <wpt lat="51.6199440362241" lon="4.9142515086525123">
    <name>1.9</name>
  </wpt>
  <wpt lat="51.619349" lon="4.913471">
    <name>2.0</name>
  </wpt>
  <wpt lat="51.588322" lon="4.912514">
    <name>BOmleiding34 - 0.0</name>
  </wpt>
  <wpt lat="51.588121512736421" lon="4.911102963739193">
    <name>0.1</name>
  </wpt>
  <wpt lat="51.58792844752449" lon="4.9096893271970607">
    <name>0.2</name>
  </wpt>
  <wpt lat="51.587715543703993" lon="4.9082853267394126">
    <name>0.3</name>
  </wpt>
  <wpt lat="51.587646082138448" lon="4.9070035009619231">
    <name>0.4</name>
  </wpt>
  <wpt lat="51.588533715685095" lon="4.9067721967555338">
    <name>0.5</name>
  </wpt>
  <wpt lat="51.588682585465527" lon="4.9059265095605564">
    <name>0.6</name>
  </wpt>
  <wpt lat="51.588380935341227" lon="4.9045629054696933">
    <name>0.7</name>
  </wpt>
  <wpt lat="51.588171000003548" lon="4.9032099023544484">
    <name>0.8</name>
  </wpt>
  <wpt lat="51.58748434475811" lon="4.903562583915325">
    <name>0.9</name>
  </wpt>
  <wpt lat="51.586666269226825" lon="4.9041637826361884">
    <name>1.0</name>
  </wpt>
  <wpt lat="51.585858606738761" lon="4.904789393291189">
    <name>1.1</name>
  </wpt>
  <wpt lat="51.58505268673116" lon="4.9053858282724123">
    <name>1.2</name>
  </wpt>
  <wpt lat="51.5842412050791" lon="4.9060097130065916">
    <name>1.3</name>
  </wpt>
  <wpt lat="51.583417511929468" lon="4.9065898638825924">
    <name>1.4</name>
  </wpt>
  <wpt lat="51.582651" lon="4.90718">
    <name>1.5</name>
  </wpt>
  <wpt lat="51.56851" lon="4.822223">
    <name>BOmleiding35 - 0.0</name>
  </wpt>
  <wpt lat="51.569266103510955" lon="4.82269764240025">
    <name>0.1</name>
  </wpt>
  <wpt lat="51.569661166754919" lon="4.82398025600663">
    <name>0.2</name>
  </wpt>
  <wpt lat="51.570110333738207" lon="4.8252335827404247">
    <name>0.3</name>
  </wpt>
  <wpt lat="51.57081856013717" lon="4.8259782607928425">
    <name>0.4</name>
  </wpt>
  <wpt lat="51.571656545970143" lon="4.826499972729219">
    <name>0.5</name>
  </wpt>
  <wpt lat="51.572423555907214" lon="4.8270762482325686">
    <name>0.6</name>
  </wpt>
  <wpt lat="51.572506835321946" lon="4.8259496697571258">
    <name>0.7</name>
  </wpt>
  <wpt lat="51.5724837274099" lon="4.8245066803125658">
    <name>0.8</name>
  </wpt>
  <wpt lat="51.572370062112526" lon="4.8230715399478186">
    <name>0.9</name>
  </wpt>
  <wpt lat="51.572325241158175" lon="4.8216290764387635">
    <name>1.0</name>
  </wpt>
  <wpt lat="51.572569339110061" lon="4.8202421777320374">
    <name>1.1</name>
  </wpt>
  <wpt lat="51.572959288482693" lon="4.8190861345688152">
    <name>1.2</name>
  </wpt>
  <wpt lat="51.572305934892682" lon="4.8187774756692336">
    <name>1.3</name>
  </wpt>
  <wpt lat="51.571416931202748" lon="4.8189932994651192">
    <name>1.4</name>
  </wpt>
  <wpt lat="51.57052641635201" lon="4.8191908634588261">
    <name>1.5</name>
  </wpt>
  <wpt lat="51.569635987265137" lon="4.8193937922298851">
    <name>1.6</name>
  </wpt>
  <wpt lat="51.568745912021356" lon="4.81960073423451">
    <name>1.7</name>
  </wpt>
  <wpt lat="51.568345" lon="4.819702">
    <name>1.8</name>
  </wpt>
  <wpt lat="51.567354" lon="4.786825">
    <name>BOmleiding36 - 0.0</name>
  </wpt>
  <wpt lat="51.568171948820428" lon="4.7874261648519738">
    <name>0.1</name>
  </wpt>
  <wpt lat="51.569030005031991" lon="4.787159943506758">
    <name>0.2</name>
  </wpt>
  <wpt lat="51.569822066772758" lon="4.7865727440787476">
    <name>0.3</name>
  </wpt>
  <wpt lat="51.570394926586125" lon="4.785457761239436">
    <name>0.4</name>
  </wpt>
  <wpt lat="51.57107753255211" lon="4.7845448081585493">
    <name>0.5</name>
  </wpt>
  <wpt lat="51.571908029393441" lon="4.7847746749253108">
    <name>0.6</name>
  </wpt>
  <wpt lat="51.572644589932182" lon="4.7850480539519973">
    <name>0.7</name>
  </wpt>
  <wpt lat="51.5730948915756" lon="4.7838443072388763">
    <name>0.8</name>
  </wpt>
  <wpt lat="51.573707" lon="4.783339">
    <name>0.9</name>
  </wpt>
  <wpt lat="51.572013" lon="4.777596">
    <name>BOmleiding37 - 0.0</name>
  </wpt>
  <wpt lat="51.572895003641037" lon="4.7776620072756586">
    <name>0.1</name>
  </wpt>
  <wpt lat="51.573535526944653" lon="4.7773196591305362">
    <name>0.2</name>
  </wpt>
  <wpt lat="51.572799548722642" lon="4.77742134613581">
    <name>0.3</name>
  </wpt>
  <wpt lat="51.572012" lon="4.777487">
    <name>0.4</name>
  </wpt>
  <wpt lat="51.562867" lon="4.757164">
    <name>BOmleiding38 - 0.0</name>
  </wpt>
  <wpt lat="51.562926" lon="4.757089">
    <name>0.1</name>
  </wpt>
  <wpt lat="51.565725" lon="4.746545">
    <name>BOmleiding39 - 0.0</name>
  </wpt>
  <wpt lat="51.566160616544487" lon="4.7477955562318073">
    <name>0.1</name>
  </wpt>
  <wpt lat="51.566974521836933" lon="4.74833863383758">
    <name>0.2</name>
  </wpt>
  <wpt lat="51.567848237220574" lon="4.7481438099541222">
    <name>0.3</name>
  </wpt>
  <wpt lat="51.568156162538912" lon="4.7471740495073753">
    <name>0.4</name>
  </wpt>
  <wpt lat="51.567797810499407" lon="4.745847215023054">
    <name>0.5</name>
  </wpt>
  <wpt lat="51.567429838204738" lon="4.7445270630333241">
    <name>0.6</name>
  </wpt>
  <wpt lat="51.56708" lon="4.743292">
    <name>0.7</name>
  </wpt>
  <wpt lat="51.575253" lon="4.742429">
    <name>BOmleiding40 - 0.0</name>
  </wpt>
  <wpt lat="51.576101620980779" lon="4.74277242835169">
    <name>0.1</name>
  </wpt>
  <wpt lat="51.5769954475456" lon="4.7428773948081684">
    <name>0.2</name>
  </wpt>
  <wpt lat="51.5778908984056" lon="4.7427461255708723">
    <name>0.3</name>
  </wpt>
  <wpt lat="51.578089111600875" lon="4.74175910238584">
    <name>0.4</name>
  </wpt>
  <wpt lat="51.577728517424511" lon="4.7404491776989941">
    <name>0.5</name>
  </wpt>
  <wpt lat="51.5773324393823" lon="4.7391527876225013">
    <name>0.6</name>
  </wpt>
  <wpt lat="51.577332" lon="4.739144">
    <name>0.7</name>
  </wpt>
  <wpt lat="51.577591" lon="4.734982">
    <name>BOmleiding41 - 0.0</name>
  </wpt>
  <wpt lat="51.578465854701506" lon="4.7353145828319692">
    <name>0.1</name>
  </wpt>
  <wpt lat="51.579149233702367" lon="4.7361746475765019">
    <name>0.2</name>
  </wpt>
  <wpt lat="51.579671198913651" lon="4.7370391602670123">
    <name>0.3</name>
  </wpt>
  <wpt lat="51.580517894873047" lon="4.7365605377331192">
    <name>0.4</name>
  </wpt>
  <wpt lat="51.58125814193631" lon="4.7359741718913417">
    <name>0.5</name>
  </wpt>
  <wpt lat="51.580875374229144" lon="4.7346656799893179">
    <name>0.6</name>
  </wpt>
  <wpt lat="51.580396194317125" lon="4.7334422421689428">
    <name>0.7</name>
  </wpt>
  <wpt lat="51.579901665975221" lon="4.7322356683490066">
    <name>0.8</name>
  </wpt>
  <wpt lat="51.579597778683819" lon="4.7308833638470249">
    <name>0.9</name>
  </wpt>
  <wpt lat="51.579404783164968" lon="4.7294699836354122">
    <name>1.0</name>
  </wpt>
  <wpt lat="51.579246585845837" lon="4.7280453702668845">
    <name>1.1</name>
  </wpt>
  <wpt lat="51.579097754264552" lon="4.7266181651295867">
    <name>1.2</name>
  </wpt>
  <wpt lat="51.578950565554422" lon="4.7251905090932453">
    <name>1.3</name>
  </wpt>
  <wpt lat="51.578799916640371" lon="4.7237638109934617">
    <name>1.4</name>
  </wpt>
  <wpt lat="51.578603862620447" lon="4.72240399999995">
    <name>1.5</name>
  </wpt>
  <wpt lat="51.578002" lon="4.722508">
    <name>1.6</name>
  </wpt>
  <wpt lat="51.570443" lon="4.639647">
    <name>BOmleiding42 - 0.0</name>
  </wpt>
  <wpt lat="51.570241895459056" lon="4.6382411032540949">
    <name>0.1</name>
  </wpt>
  <wpt lat="51.570211" lon="4.638051">
    <name>0.2</name>
  </wpt>
  <wpt lat="51.548607" lon="4.587422">
    <name>BOmleiding43 - 0.0</name>
  </wpt>
  <wpt lat="51.548356501024756" lon="4.5860331927621045">
    <name>0.1</name>
  </wpt>
  <wpt lat="51.549055521541035" lon="4.58546081177682">
    <name>0.2</name>
  </wpt>
  <wpt lat="51.549916154609285" lon="4.5850413377226742">
    <name>0.3</name>
  </wpt>
  <wpt lat="51.550279897821483" lon="4.5861889549899493">
    <name>0.4</name>
  </wpt>
  <wpt lat="51.550297" lon="4.586514">
    <name>0.5</name>
  </wpt>
  <wpt lat="51.583648" lon="4.467159">
    <name>BOmleiding44 - 0.0</name>
  </wpt>
  <wpt lat="51.584452990241338" lon="4.4665138646919615">
    <name>0.1</name>
  </wpt>
  <wpt lat="51.58529044405423" lon="4.4659880413664368">
    <name>0.2</name>
  </wpt>
  <wpt lat="51.586131202054744" lon="4.46547427353823">
    <name>0.3</name>
  </wpt>
  <wpt lat="51.58698206731362" lon="4.4650072066974849">
    <name>0.4</name>
  </wpt>
  <wpt lat="51.587850137056805" lon="4.4646373575806706">
    <name>0.5</name>
  </wpt>
  <wpt lat="51.58873510642038" lon="4.4643811550295194">
    <name>0.6</name>
  </wpt>
  <wpt lat="51.589624427262187" lon="4.4641658867881935">
    <name>0.7</name>
  </wpt>
  <wpt lat="51.590514676916094" lon="4.4639609268527289">
    <name>0.8</name>
  </wpt>
  <wpt lat="51.591403860690868" lon="4.4637444144826324">
    <name>0.9</name>
  </wpt>
  <wpt lat="51.59227314569587" lon="4.4633963666590466">
    <name>1.0</name>
  </wpt>
  <wpt lat="51.592383721434665" lon="4.4622532250740186">
    <name>1.1</name>
  </wpt>
  <wpt lat="51.592128937966415" lon="4.4608685429870425">
    <name>1.2</name>
  </wpt>
  <wpt lat="51.591467393183294" lon="4.4600599430480825">
    <name>1.3</name>
  </wpt>
  <wpt lat="51.590608690156166" lon="4.4596408450666907">
    <name>1.4</name>
  </wpt>
  <wpt lat="51.589712864784559" lon="4.459528689475345">
    <name>1.5</name>
  </wpt>
  <wpt lat="51.588817741736854" lon="4.4594359492145683">
    <name>1.6</name>
  </wpt>
  <wpt lat="51.587954661462689" lon="4.4595319315718767">
    <name>1.7</name>
  </wpt>
  <wpt lat="51.587789" lon="4.459696">
    <name>1.8</name>
  </wpt>
  <wpt lat="51.582571" lon="4.454595">
    <name>BOmleiding45 - 0.0</name>
  </wpt>
  <wpt lat="51.582690713427205" lon="4.4560241087314916">
    <name>0.1</name>
  </wpt>
  <wpt lat="51.582730067924565" lon="4.4574699279672538">
    <name>0.2</name>
  </wpt>
  <wpt lat="51.582758494773373" lon="4.4589164917587558">
    <name>0.3</name>
  </wpt>
  <wpt lat="51.58280549736412" lon="4.4603594097262267">
    <name>0.4</name>
  </wpt>
  <wpt lat="51.582853031416668" lon="4.46180378098755">
    <name>0.5</name>
  </wpt>
  <wpt lat="51.582950929581024" lon="4.463242271434412">
    <name>0.6</name>
  </wpt>
  <wpt lat="51.5830927758641" lon="4.4646714329066706">
    <name>0.7</name>
  </wpt>
  <wpt lat="51.583002782006936" lon="4.4659737419591927">
    <name>0.8</name>
  </wpt>
  <wpt lat="51.582161246312225" lon="4.4661765756162985">
    <name>0.9</name>
  </wpt>
  <wpt lat="51.581268416499448" lon="4.4662407139244733">
    <name>1.0</name>
  </wpt>
  <wpt lat="51.580382229276381" lon="4.4664654968449993">
    <name>1.1</name>
  </wpt>
  <wpt lat="51.57949256264952" lon="4.4666762415640573">
    <name>1.2</name>
  </wpt>
  <wpt lat="51.57860090435593" lon="4.4668647619724506">
    <name>1.3</name>
  </wpt>
  <wpt lat="51.577705743790915" lon="4.4669916849379083">
    <name>1.4</name>
  </wpt>
  <wpt lat="51.576807630469439" lon="4.4670666741560989">
    <name>1.5</name>
  </wpt>
  <wpt lat="51.575909965499619" lon="4.4671524380570453">
    <name>1.6</name>
  </wpt>
  <wpt lat="51.575015543068616" lon="4.4673006068260044">
    <name>1.7</name>
  </wpt>
  <wpt lat="51.574127604666756" lon="4.4675270802544977">
    <name>1.8</name>
  </wpt>
  <wpt lat="51.573241969469407" lon="4.467765823112253">
    <name>1.9</name>
  </wpt>
  <wpt lat="51.572374622959842" lon="4.4681470041601683">
    <name>2.0</name>
  </wpt>
  <wpt lat="51.571520791378077" lon="4.46859892425085">
    <name>2.1</name>
  </wpt>
  <wpt lat="51.570676700549207" lon="4.4690980072289914">
    <name>2.2</name>
  </wpt>
  <wpt lat="51.569831934114148" lon="4.4695936061186323">
    <name>2.3</name>
  </wpt>
  <wpt lat="51.5689887897472" lon="4.4700969618633977">
    <name>2.4</name>
  </wpt>
  <wpt lat="51.568143027749635" lon="4.4705886640415615">
    <name>2.5</name>
  </wpt>
  <wpt lat="51.567295867058661" lon="4.4710732295667581">
    <name>2.6</name>
  </wpt>
  <wpt lat="51.566451860146437" lon="4.4715680538702181">
    <name>2.7</name>
  </wpt>
  <wpt lat="51.566371" lon="4.471433">
    <name>2.8</name>
  </wpt>
  <wpt lat="51.52329" lon="4.479725">
    <name>BOmleiding46 - 0.0</name>
  </wpt>
  <wpt lat="51.523278859891647" lon="4.4784785440869177">
    <name>0.1</name>
  </wpt>
  <wpt lat="51.523025863307751" lon="4.4770915237095741">
    <name>0.2</name>
  </wpt>
  <wpt lat="51.522777623474404" lon="4.47570382332628">
    <name>0.3</name>
  </wpt>
  <wpt lat="51.522519559166291" lon="4.4743192320210881">
    <name>0.4</name>
  </wpt>
  <wpt lat="51.522283189350112" lon="4.4729248159812638">
    <name>0.5</name>
  </wpt>
  <wpt lat="51.52178832479013" lon="4.4722232408467022">
    <name>0.6</name>
  </wpt>
  <wpt lat="51.521200296550184" lon="4.4728665349112449">
    <name>0.7</name>
  </wpt>
  <wpt lat="51.521452941814616" lon="4.4742534977736765">
    <name>0.8</name>
  </wpt>
  <wpt lat="51.521708175337409" lon="4.475638991944809">
    <name>0.9</name>
  </wpt>
  <wpt lat="51.52195243186668" lon="4.4770296173722874">
    <name>1.0</name>
  </wpt>
  <wpt lat="51.521997750491494" lon="4.4782858279225444">
    <name>1.1</name>
  </wpt>
  <wpt lat="51.521136496787655" lon="4.4786977568334327">
    <name>1.2</name>
  </wpt>
  <wpt lat="51.520271183674716" lon="4.4790911694701512">
    <name>1.3</name>
  </wpt>
  <wpt lat="51.520213" lon="4.479143">
    <name>1.4</name>
  </wpt>
  <wpt lat="51.516117" lon="4.474806">
    <name>BOmleiding47 - 0.0</name>
  </wpt>
  <wpt lat="51.515256839841321" lon="4.4752011468298312">
    <name>0.1</name>
  </wpt>
  <wpt lat="51.514763161319415" lon="4.4741518567059941">
    <name>0.2</name>
  </wpt>
  <wpt lat="51.514502565155752" lon="4.47276905065622">
    <name>0.3</name>
  </wpt>
  <wpt lat="51.514238229274909" lon="4.4713877698670412">
    <name>0.4</name>
  </wpt>
  <wpt lat="51.513984187669607" lon="4.4700016060425884">
    <name>0.5</name>
  </wpt>
  <wpt lat="51.513743403353757" lon="4.468609265839155">
    <name>0.6</name>
  </wpt>
  <wpt lat="51.513975018752909" lon="4.4676538321421431">
    <name>0.7</name>
  </wpt>
  <wpt lat="51.514855757372651" lon="4.4673651805276879">
    <name>0.8</name>
  </wpt>
  <wpt lat="51.515739805258256" lon="4.4670999708719314">
    <name>0.9</name>
  </wpt>
  <wpt lat="51.516625047599483" lon="4.4668480045628307">
    <name>1.0</name>
  </wpt>
  <wpt lat="51.517519577904707" lon="4.4666990227771253">
    <name>1.1</name>
  </wpt>
  <wpt lat="51.518412998835757" lon="4.4665344037326511">
    <name>1.2</name>
  </wpt>
  <wpt lat="51.519305436132328" lon="4.4663559193664968">
    <name>1.3</name>
  </wpt>
  <wpt lat="51.520197989066567" lon="4.4661789790627466">
    <name>1.4</name>
  </wpt>
  <wpt lat="51.521091344436257" lon="4.4660127723823706">
    <name>1.5</name>
  </wpt>
  <wpt lat="51.521984699805955" lon="4.4658465624415431">
    <name>1.6</name>
  </wpt>
  <wpt lat="51.522878212046926" lon="4.4656838772079022">
    <name>1.7</name>
  </wpt>
  <wpt lat="51.523776922148663" lon="4.4656320315422553">
    <name>1.8</name>
  </wpt>
  <wpt lat="51.524674545743927" lon="4.4655511167178252">
    <name>1.9</name>
  </wpt>
  <wpt lat="51.525571945369684" lon="4.4655349999999547">
    <name>2.0</name>
  </wpt>
  <wpt lat="51.525985" lon="4.465808">
    <name>2.1</name>
  </wpt>
  <wpt lat="51.531499" lon="4.459763">
    <name>BOmleiding48 - 0.0</name>
  </wpt>
  <wpt lat="51.53066254074281" lon="4.4592466201921308">
    <name>0.1</name>
  </wpt>
  <wpt lat="51.529806000003084" lon="4.4588593812227293">
    <name>0.2</name>
  </wpt>
  <wpt lat="51.529733359771427" lon="4.45742115834489">
    <name>0.3</name>
  </wpt>
  <wpt lat="51.529526983454147" lon="4.4560142884340639">
    <name>0.4</name>
  </wpt>
  <wpt lat="51.529512121898776" lon="4.454611579259022">
    <name>0.5</name>
  </wpt>
  <wpt lat="51.529561891039108" lon="4.4533448590996443">
    <name>0.6</name>
  </wpt>
  <wpt lat="51.53045702256032" lon="4.4532087427802685">
    <name>0.7</name>
  </wpt>
  <wpt lat="51.531351638732467" lon="4.4530617982113867">
    <name>0.8</name>
  </wpt>
  <wpt lat="51.531872375391366" lon="4.4521102932712884">
    <name>0.9</name>
  </wpt>
  <wpt lat="51.532158909926437" lon="4.4507404904999044">
    <name>1.0</name>
  </wpt>
  <wpt lat="51.532431464621723" lon="4.449362798062694">
    <name>1.1</name>
  </wpt>
  <wpt lat="51.532790082649406" lon="4.4480394862690353">
    <name>1.2</name>
  </wpt>
  <wpt lat="51.5328002815543" lon="4.447124000000005">
    <name>1.3</name>
  </wpt>
  <wpt lat="51.531921466539181" lon="4.4471973759031558">
    <name>1.4</name>
  </wpt>
  <wpt lat="51.531025393275556" lon="4.4470746640602874">
    <name>1.5</name>
  </wpt>
  <wpt lat="51.530231" lon="4.446957">
    <name>1.6</name>
  </wpt>
  <wpt lat="51.513602" lon="4.427211">
    <name>BOmleiding49 - 0.0</name>
  </wpt>
  <wpt lat="51.514386947210973" lon="4.4265933707318839">
    <name>0.1</name>
  </wpt>
  <wpt lat="51.515091382871738" lon="4.4256963253689712">
    <name>0.2</name>
  </wpt>
  <wpt lat="51.515680324526926" lon="4.424605521607706">
    <name>0.3</name>
  </wpt>
  <wpt lat="51.516030000244307" lon="4.4233352730263569">
    <name>0.4</name>
  </wpt>
  <wpt lat="51.51592720096059" lon="4.4219007476935586">
    <name>0.5</name>
  </wpt>
  <wpt lat="51.515811721101194" lon="4.4204676003068153">
    <name>0.6</name>
  </wpt>
  <wpt lat="51.515564607469607" lon="4.4190856546476676">
    <name>0.7</name>
  </wpt>
  <wpt lat="51.515053739765712" lon="4.4179949189775485">
    <name>0.8</name>
  </wpt>
  <wpt lat="51.514290069625" lon="4.4172317027906267">
    <name>0.9</name>
  </wpt>
  <wpt lat="51.513526427510051" lon="4.4164684270190406">
    <name>1.0</name>
  </wpt>
  <wpt lat="51.512752213086159" lon="4.41573328247542">
    <name>1.1</name>
  </wpt>
  <wpt lat="51.511992995341672" lon="4.414960706725509">
    <name>1.2</name>
  </wpt>
  <wpt lat="51.511280200794012" lon="4.4140797515598322">
    <name>1.3</name>
  </wpt>
  <wpt lat="51.510451188468522" lon="4.4142877103234648">
    <name>1.4</name>
  </wpt>
  <wpt lat="51.509634234514373" lon="4.4148899619641568">
    <name>1.5</name>
  </wpt>
  <wpt lat="51.50878514579486" lon="4.415363415427402">
    <name>1.6</name>
  </wpt>
  <wpt lat="51.507922153096779" lon="4.4157644658775466">
    <name>1.7</name>
  </wpt>
  <wpt lat="51.507296" lon="4.416295">
    <name>1.8</name>
  </wpt>
  <wpt lat="51.422643" lon="4.324608">
    <name>BOmleiding50 - 0.0</name>
  </wpt>
  <wpt lat="51.422406867757246" lon="4.3237632359672142">
    <name>0.1</name>
  </wpt>
  <wpt lat="51.422566470486437" lon="4.322470267273034">
    <name>0.2</name>
  </wpt>
  <wpt lat="51.422782370071879" lon="4.3210772905144044">
    <name>0.3</name>
  </wpt>
  <wpt lat="51.423384365437478" lon="4.3200434886073218">
    <name>0.4</name>
  </wpt>
  <wpt lat="51.424251320232408" lon="4.3196781906591752">
    <name>0.5</name>
  </wpt>
  <wpt lat="51.425051612237134" lon="4.3190364281258562">
    <name>0.6</name>
  </wpt>
  <wpt lat="51.425935873736918" lon="4.31896992299046">
    <name>0.7</name>
  </wpt>
  <wpt lat="51.426829602795578" lon="4.3189775982734666">
    <name>0.8</name>
  </wpt>
  <wpt lat="51.427724707636237" lon="4.3188491671916731">
    <name>0.9</name>
  </wpt>
  <wpt lat="51.428572812680905" lon="4.3189569999999584">
    <name>1.0</name>
  </wpt>
  <wpt lat="51.429403578991746" lon="4.3187627858422664">
    <name>1.1</name>
  </wpt>
  <wpt lat="51.430302543679019" lon="4.318722151160844">
    <name>1.2</name>
  </wpt>
  <wpt lat="51.431201593492844" lon="4.3186895461624255">
    <name>1.3</name>
  </wpt>
  <wpt lat="51.4321005168051" lon="4.3186467777743944">
    <name>1.4</name>
  </wpt>
  <wpt lat="51.4329995285574" lon="4.3186139722236323">
    <name>1.5</name>
  </wpt>
  <wpt lat="51.433893072042864" lon="4.31851591747796">
    <name>1.6</name>
  </wpt>
  <wpt lat="51.434734062201372" lon="4.3182999667299038">
    <name>1.7</name>
  </wpt>
  <wpt lat="51.434751" lon="4.318621">
    <name>1.8</name>
  </wpt>
  <wpt lat="51.443484" lon="4.31261">
    <name>BOmleiding51 - 0.0</name>
  </wpt>
  <wpt lat="51.443866206668105" lon="4.3115985743853207">
    <name>0.1</name>
  </wpt>
  <wpt lat="51.444731344449195" lon="4.3112048395870124">
    <name>0.2</name>
  </wpt>
  <wpt lat="51.445588378508525" lon="4.3110609999999836">
    <name>0.3</name>
  </wpt>
  <wpt lat="51.446073168239216" lon="4.3113863332454114">
    <name>0.4</name>
  </wpt>
  <wpt lat="51.446111" lon="4.31171">
    <name>0.5</name>
  </wpt>
  <wpt lat="51.475541" lon="4.2907">
    <name>BOmleiding52 - 0.0</name>
  </wpt>
  <wpt lat="51.475604000156657" lon="4.2895541172467517">
    <name>0.1</name>
  </wpt>
  <wpt lat="51.475734096120661" lon="4.2881370034071375">
    <name>0.2</name>
  </wpt>
  <wpt lat="51.476239916067378" lon="4.28696287759395">
    <name>0.3</name>
  </wpt>
  <wpt lat="51.477005334214766" lon="4.2862350203492259">
    <name>0.4</name>
  </wpt>
  <wpt lat="51.4778898310296" lon="4.2860588840968239">
    <name>0.5</name>
  </wpt>
  <wpt lat="51.478706087555935" lon="4.28570705354938">
    <name>0.6</name>
  </wpt>
  <wpt lat="51.479550218195968" lon="4.28521424324673">
    <name>0.7</name>
  </wpt>
  <wpt lat="51.480356522986085" lon="4.2845761862910576">
    <name>0.8</name>
  </wpt>
  <wpt lat="51.481125723182032" lon="4.2838301818786384">
    <name>0.9</name>
  </wpt>
  <wpt lat="51.481850490256313" lon="4.2829915100421792">
    <name>1.0</name>
  </wpt>
  <wpt lat="51.482683590722772" lon="4.2824520821644283">
    <name>1.1</name>
  </wpt>
  <wpt lat="51.483534179985448" lon="4.2819835142179006">
    <name>1.2</name>
  </wpt>
  <wpt lat="51.484385390183611" lon="4.2815264953442851">
    <name>1.3</name>
  </wpt>
  <wpt lat="51.484802732537538" lon="4.2807128687948257">
    <name>1.4</name>
  </wpt>
  <wpt lat="51.48476150052516" lon="4.27938842986765">
    <name>1.5</name>
  </wpt>
  <wpt lat="51.484123832800471" lon="4.2790726454327945">
    <name>1.6</name>
  </wpt>
  <wpt lat="51.483365992033839" lon="4.2797807857972883">
    <name>1.7</name>
  </wpt>
  <wpt lat="51.483061" lon="4.279942">
    <name>1.8</name>
  </wpt>
  <wpt lat="51.483113" lon="4.280197">
    <name>BOmleiding53 - 0.0</name>
  </wpt>
  <wpt lat="51.483960434477041" lon="4.2797210126904943">
    <name>0.1</name>
  </wpt>
  <wpt lat="51.484610704019978" lon="4.2795347040147895">
    <name>0.2</name>
  </wpt>
  <wpt lat="51.485342265675833" lon="4.2790154751869167">
    <name>0.3</name>
  </wpt>
  <wpt lat="51.486180271461379" lon="4.279267907131258">
    <name>0.4</name>
  </wpt>
  <wpt lat="51.486575747760732" lon="4.2805386471353781">
    <name>0.5</name>
  </wpt>
  <wpt lat="51.486973527905555" lon="4.2818247678594084">
    <name>0.6</name>
  </wpt>
  <wpt lat="51.487658460111234" lon="4.2827471947957285">
    <name>0.7</name>
  </wpt>
  <wpt lat="51.48835879777063" lon="4.2836471538843259">
    <name>0.8</name>
  </wpt>
  <wpt lat="51.489031792811438" lon="4.2846049099690342">
    <name>0.9</name>
  </wpt>
  <wpt lat="51.489796528552645" lon="4.285336829222989">
    <name>1.0</name>
  </wpt>
  <wpt lat="51.489855" lon="4.285477">
    <name>1.1</name>
  </wpt>
  <wpt lat="51.493352" lon="4.28677">
    <name>BOmleiding54 - 0.0</name>
  </wpt>
  <wpt lat="51.49385611868771" lon="4.285579399159956">
    <name>0.1</name>
  </wpt>
  <wpt lat="51.494627816846972" lon="4.2848665895509672">
    <name>0.2</name>
  </wpt>
  <wpt lat="51.495109000039086" lon="4.2839645213459772">
    <name>0.3</name>
  </wpt>
  <wpt lat="51.495163033592476" lon="4.2825237535401346">
    <name>0.4</name>
  </wpt>
  <wpt lat="51.495454893773257" lon="4.2818297250681692">
    <name>0.5</name>
  </wpt>
  <wpt lat="51.496328393687818" lon="4.2821554117209564">
    <name>0.6</name>
  </wpt>
  <wpt lat="51.496996659612783" lon="4.2829930917037284">
    <name>0.7</name>
  </wpt>
  <wpt lat="51.497363" lon="4.284047">
    <name>0.8</name>
  </wpt>
  <wpt lat="51.498777" lon="4.282523">
    <name>BOmleiding55 - 0.0</name>
  </wpt>
  <wpt lat="51.49944071581622" lon="4.2817279999999505">
    <name>0.1</name>
  </wpt>
  <wpt lat="51.499462" lon="4.281836">
    <name>0.2</name>
  </wpt>
  <wpt lat="51.511392" lon="4.279021">
    <name>BOmleiding56 - 0.0</name>
  </wpt>
  <wpt lat="51.511272278842355" lon="4.2803385639430838">
    <name>0.1</name>
  </wpt>
  <wpt lat="51.511114928471642" lon="4.28142060237523">
    <name>0.2</name>
  </wpt>
  <wpt lat="51.5111221599858" lon="4.2823998066412692">
    <name>0.3</name>
  </wpt>
  <wpt lat="51.5118816282738" lon="4.2816873194218523">
    <name>0.4</name>
  </wpt>
  <wpt lat="51.511886194464083" lon="4.2805603313113219">
    <name>0.5</name>
  </wpt>
  <wpt lat="51.511657083896154" lon="4.2791641785716985">
    <name>0.6</name>
  </wpt>
  <wpt lat="51.512151" lon="4.278699">
    <name>0.7</name>
  </wpt>
  <wpt lat="51.5212" lon="4.275204">
    <name>BOmleiding57 - 0.0</name>
  </wpt>
  <wpt lat="51.522097705742304" lon="4.2751398451325917">
    <name>0.1</name>
  </wpt>
  <wpt lat="51.522996196537655" lon="4.275077731266097">
    <name>0.2</name>
  </wpt>
  <wpt lat="51.523895055366623" lon="4.275033377214922">
    <name>0.3</name>
  </wpt>
  <wpt lat="51.524792797051717" lon="4.27509752825763">
    <name>0.4</name>
  </wpt>
  <wpt lat="51.52568002107548" lon="4.2753286847352436">
    <name>0.5</name>
  </wpt>
  <wpt lat="51.526550183589023" lon="4.27568021148272">
    <name>0.6</name>
  </wpt>
  <wpt lat="51.527390641047361" lon="4.27619274981912">
    <name>0.7</name>
  </wpt>
  <wpt lat="51.528084174148525" lon="4.2767142949006463">
    <name>0.8</name>
  </wpt>
  <wpt lat="51.528884126621477" lon="4.2773583745519153">
    <name>0.9</name>
  </wpt>
  <wpt lat="51.529677146181065" lon="4.2780400121344764">
    <name>1.0</name>
  </wpt>
  <wpt lat="51.530476378291105" lon="4.2787027748855557">
    <name>1.1</name>
  </wpt>
  <wpt lat="51.531276684026444" lon="4.2793622130591089">
    <name>1.2</name>
  </wpt>
  <wpt lat="51.532076989761727" lon="4.2800216628257584">
    <name>1.3</name>
  </wpt>
  <wpt lat="51.532879303948846" lon="4.2806746922099226">
    <name>1.4</name>
  </wpt>
  <wpt lat="51.533686376127179" lon="4.2813124991656517">
    <name>1.5</name>
  </wpt>
  <wpt lat="51.534493448305476" lon="4.2819503174300069">
    <name>1.6</name>
  </wpt>
  <wpt lat="51.535300328021258" lon="4.28258865230153">
    <name>1.7</name>
  </wpt>
  <wpt lat="51.536032625302006" lon="4.28309496610077">
    <name>1.8</name>
  </wpt>
  <wpt lat="51.536894149377673" lon="4.2835028278434173">
    <name>1.9</name>
  </wpt>
  <wpt lat="51.537759447775244" lon="4.2838967327279169">
    <name>2.0</name>
  </wpt>
  <wpt lat="51.538633652511045" lon="4.28422580894027">
    <name>2.1</name>
  </wpt>
  <wpt lat="51.539530206992865" lon="4.28418118756383">
    <name>2.2</name>
  </wpt>
  <wpt lat="51.540413248456922" lon="4.2844096997537253">
    <name>2.3</name>
  </wpt>
  <wpt lat="51.541274477899776" lon="4.2848258126279131">
    <name>2.4</name>
  </wpt>
  <wpt lat="51.542135328210648" lon="4.285244174170951">
    <name>2.5</name>
  </wpt>
  <wpt lat="51.543010239097789" lon="4.2855597536547307">
    <name>2.6</name>
  </wpt>
  <wpt lat="51.543241675367263" lon="4.2868153476727313">
    <name>2.7</name>
  </wpt>
  <wpt lat="51.543302373600625" lon="4.2882580830645569">
    <name>2.8</name>
  </wpt>
  <wpt lat="51.543316873035813" lon="4.28970314075594">
    <name>2.9</name>
  </wpt>
  <wpt lat="51.543303401162262" lon="4.2911490124579288">
    <name>3.0</name>
  </wpt>
  <wpt lat="51.543283577062688" lon="4.2925946450872408">
    <name>3.1</name>
  </wpt>
  <wpt lat="51.543289116078135" lon="4.2940387571060814">
    <name>3.2</name>
  </wpt>
  <wpt lat="51.543226537799761" lon="4.2954803434613087">
    <name>3.3</name>
  </wpt>
  <wpt lat="51.542928380320994" lon="4.2967087606124492">
    <name>3.4</name>
  </wpt>
  <wpt lat="51.543572636338546" lon="4.2976262847140587">
    <name>3.5</name>
  </wpt>
  <wpt lat="51.544433220108452" lon="4.2975694492720944">
    <name>3.6</name>
  </wpt>
  <wpt lat="51.544882445621326" lon="4.2963711525839443">
    <name>3.7</name>
  </wpt>
  <wpt lat="51.54514566088833" lon="4.2949952358128565">
    <name>3.8</name>
  </wpt>
  <wpt lat="51.545981361207168" lon="4.2949969614396428">
    <name>3.9</name>
  </wpt>
  <wpt lat="51.546862915071969" lon="4.29528300096713">
    <name>4.0</name>
  </wpt>
  <wpt lat="51.547744468936756" lon="4.295569046036924">
    <name>4.1</name>
  </wpt>
  <wpt lat="51.548614643396085" lon="4.2958573703088945">
    <name>4.2</name>
  </wpt>
  <wpt lat="51.549498906420226" lon="4.29612085869151">
    <name>4.3</name>
  </wpt>
  <wpt lat="51.550382125898288" lon="4.2963908880086921">
    <name>4.4</name>
  </wpt>
  <wpt lat="51.5512014563001" lon="4.2969761419596963">
    <name>4.5</name>
  </wpt>
  <wpt lat="51.552070131761432" lon="4.29727185626197">
    <name>4.6</name>
  </wpt>
  <wpt lat="51.552969278278766" lon="4.297270296985114">
    <name>4.7</name>
  </wpt>
  <wpt lat="51.55386240918363" lon="4.2971111194799931">
    <name>4.8</name>
  </wpt>
  <wpt lat="51.554736957373656" lon="4.2972180725680236">
    <name>4.9</name>
  </wpt>
  <wpt lat="51.555553629990342" lon="4.2978208148712058">
    <name>5.0</name>
  </wpt>
  <wpt lat="51.5564276713643" lon="4.2981552227679778">
    <name>5.1</name>
  </wpt>
  <wpt lat="51.557309992980429" lon="4.298435020795619">
    <name>5.2</name>
  </wpt>
  <wpt lat="51.558176873940525" lon="4.2987889368417234">
    <name>5.3</name>
  </wpt>
  <wpt lat="51.559016547841587" lon="4.2992640889727634">
    <name>5.4</name>
  </wpt>
  <wpt lat="51.559836422639748" lon="4.2998280129975974">
    <name>5.5</name>
  </wpt>
  <wpt lat="51.560646032561088" lon="4.30045582010234">
    <name>5.6</name>
  </wpt>
  <wpt lat="51.561469966655139" lon="4.3010355924137622">
    <name>5.7</name>
  </wpt>
  <wpt lat="51.56229390074914" lon="4.3016153752299706">
    <name>5.8</name>
  </wpt>
  <wpt lat="51.563113674510575" lon="4.3022090335289436">
    <name>5.9</name>
  </wpt>
  <wpt lat="51.563908341452958" lon="4.3028863487869531">
    <name>6.0</name>
  </wpt>
  <wpt lat="51.5647019017187" lon="4.3035670204181633">
    <name>6.1</name>
  </wpt>
  <wpt lat="51.565464851785542" lon="4.30432775675123">
    <name>6.2</name>
  </wpt>
  <wpt lat="51.566169182012416" lon="4.3052265133968826">
    <name>6.3</name>
  </wpt>
  <wpt lat="51.566834787914551" lon="4.3061983040970224">
    <name>6.4</name>
  </wpt>
  <wpt lat="51.5674891493533" lon="4.3071907804125695">
    <name>6.5</name>
  </wpt>
  <wpt lat="51.568143510791941" lon="4.3081832710127266">
    <name>6.6</name>
  </wpt>
  <wpt lat="51.568836872367676" lon="4.3091035319975166">
    <name>6.7</name>
  </wpt>
  <wpt lat="51.569499149614849" lon="4.310081359692111">
    <name>6.8</name>
  </wpt>
  <wpt lat="51.570132843921712" lon="4.3111059743449163">
    <name>6.9</name>
  </wpt>
  <wpt lat="51.570521166506722" lon="4.3121929167555519">
    <name>7.0</name>
  </wpt>
  <wpt lat="51.571115782317072" lon="4.31128877045318">
    <name>7.1</name>
  </wpt>
  <wpt lat="51.571985654070318" lon="4.3109659603787254">
    <name>7.2</name>
  </wpt>
  <wpt lat="51.572878442189484" lon="4.3108030000000319">
    <name>7.3</name>
  </wpt>
  <wpt lat="51.573113" lon="4.310737">
    <name>7.4</name>
  </wpt>
  <wpt lat="51.578087" lon="4.317066">
    <name>BOmleiding58 - 0.0</name>
  </wpt>
  <wpt lat="51.578329288049886" lon="4.3181143913640057">
    <name>0.1</name>
  </wpt>
  <wpt lat="51.578912150364616" lon="4.3176059905838136">
    <name>0.2</name>
  </wpt>
  <wpt lat="51.578901" lon="4.317045">
    <name>0.3</name>
  </wpt>
  <wpt lat="51.585356" lon="4.315937">
    <name>BOmleiding59 - 0.0</name>
  </wpt>
  <wpt lat="51.585200858578659" lon="4.3145392946898875">
    <name>0.1</name>
  </wpt>
  <wpt lat="51.585997722413083" lon="4.3147728408697805">
    <name>0.2</name>
  </wpt>
  <wpt lat="51.586256" lon="4.315742">
    <name>0.3</name>
  </wpt>
  <wpt lat="51.628081" lon="4.364069">
    <name>BOmleiding60 - 0.0</name>
  </wpt>
  <wpt lat="51.628031182234231" lon="4.36546647259299">
    <name>0.1</name>
  </wpt>
  <wpt lat="51.627671948958834" lon="4.3667939750253462">
    <name>0.2</name>
  </wpt>
  <wpt lat="51.6273078505705" lon="4.3681186385402917">
    <name>0.3</name>
  </wpt>
  <wpt lat="51.626955723589994" lon="4.369451675156113">
    <name>0.4</name>
  </wpt>
  <wpt lat="51.626603596609584" lon="4.3707847014256149">
    <name>0.5</name>
  </wpt>
  <wpt lat="51.626251469629274" lon="4.3721177173491039">
    <name>0.6</name>
  </wpt>
  <wpt lat="51.625899342649063" lon="4.3734507229266812">
    <name>0.7</name>
  </wpt>
  <wpt lat="51.625553006190216" lon="4.3747875290716891">
    <name>0.8</name>
  </wpt>
  <wpt lat="51.625224281393322" lon="4.3761359326114464">
    <name>0.9</name>
  </wpt>
  <wpt lat="51.624972868179938" lon="4.3775176130919249">
    <name>1.0</name>
  </wpt>
  <wpt lat="51.624794009240652" lon="4.3789369450201461">
    <name>1.1</name>
  </wpt>
  <wpt lat="51.624522128705017" lon="4.3803161823278769">
    <name>1.2</name>
  </wpt>
  <wpt lat="51.624190648765811" lon="4.3816625656341595">
    <name>1.3</name>
  </wpt>
  <wpt lat="51.623850346832754" lon="4.3830006450411068">
    <name>1.4</name>
  </wpt>
  <wpt lat="51.623759537714577" lon="4.3840839421564466">
    <name>1.5</name>
  </wpt>
  <wpt lat="51.624609859146467" lon="4.3844611273408987">
    <name>1.6</name>
  </wpt>
  <wpt lat="51.625449682717139" lon="4.3839734687858138">
    <name>1.7</name>
  </wpt>
  <wpt lat="51.626317190333026" lon="4.3836438648560323">
    <name>1.8</name>
  </wpt>
  <wpt lat="51.627200239434522" lon="4.3838520828023029">
    <name>1.9</name>
  </wpt>
  <wpt lat="51.628055663011075" lon="4.38429823879114">
    <name>2.0</name>
  </wpt>
  <wpt lat="51.628903023893955" lon="4.3847798355154541">
    <name>2.1</name>
  </wpt>
  <wpt lat="51.629739200772477" lon="4.3853131290095551">
    <name>2.2</name>
  </wpt>
  <wpt lat="51.630575377650956" lon="4.3858464323339614">
    <name>2.3</name>
  </wpt>
  <wpt lat="51.631411921199536" lon="4.3863782444440593">
    <name>2.4</name>
  </wpt>
  <wpt lat="51.632250726720663" lon="4.3869007213867866">
    <name>2.5</name>
  </wpt>
  <wpt lat="51.63309042806776" lon="4.3874194823326746">
    <name>2.6</name>
  </wpt>
  <wpt lat="51.63392933375323" lon="4.387941558391673">
    <name>2.7</name>
  </wpt>
  <wpt lat="51.634763361467392" lon="4.3884832520255381">
    <name>2.8</name>
  </wpt>
  <wpt lat="51.635587247398647" lon="4.38906357643301">
    <name>2.9</name>
  </wpt>
  <wpt lat="51.636400763930475" lon="4.389681257312489">
    <name>3.0</name>
  </wpt>
  <wpt lat="51.637201277853826" lon="4.3903412890381039">
    <name>3.1</name>
  </wpt>
  <wpt lat="51.637994326513805" lon="4.3910246087062186">
    <name>3.2</name>
  </wpt>
  <wpt lat="51.638780882555437" lon="4.3917263905259452">
    <name>3.3</name>
  </wpt>
  <wpt lat="51.6395519697093" lon="4.3924721411576835">
    <name>3.4</name>
  </wpt>
  <wpt lat="51.640313911906574" lon="4.3932415833749454">
    <name>3.5</name>
  </wpt>
  <wpt lat="51.641062492656374" lon="4.3940446591688813">
    <name>3.6</name>
  </wpt>
  <wpt lat="51.641801688571611" lon="4.39486952250638">
    <name>3.7</name>
  </wpt>
  <wpt lat="51.642522860861227" lon="4.3957351660899766">
    <name>3.8</name>
  </wpt>
  <wpt lat="51.643228221149727" lon="4.3966341083973788">
    <name>3.9</name>
  </wpt>
  <wpt lat="51.643925414003832" lon="4.397548219671096">
    <name>4.0</name>
  </wpt>
  <wpt lat="51.644608838628486" lon="4.3984901266905156">
    <name>4.1</name>
  </wpt>
  <wpt lat="51.645279287812926" lon="4.3994560665370184">
    <name>4.2</name>
  </wpt>
  <wpt lat="51.645948803980268" lon="4.400423693247947">
    <name>4.3</name>
  </wpt>
  <wpt lat="51.646615926133158" lon="4.4013956256189486">
    <name>4.4</name>
  </wpt>
  <wpt lat="51.647283048285949" lon="4.4023675722921674">
    <name>4.5</name>
  </wpt>
  <wpt lat="51.647950170438634" lon="4.4033395332682126">
    <name>4.6</name>
  </wpt>
  <wpt lat="51.648617292591226" lon="4.4043115085475941">
    <name>4.7</name>
  </wpt>
  <wpt lat="51.649284414743725" lon="4.4052834981309221">
    <name>4.8</name>
  </wpt>
  <wpt lat="51.649951536896118" lon="4.4062555020187064">
    <name>4.9</name>
  </wpt>
  <wpt lat="51.650618659048419" lon="4.4072275202115572">
    <name>5.0</name>
  </wpt>
  <wpt lat="51.651285781200627" lon="4.4081995527099824">
    <name>5.1</name>
  </wpt>
  <wpt lat="51.651952903352729" lon="4.409171599514492">
    <name>5.2</name>
  </wpt>
  <wpt lat="51.652620025504746" lon="4.4101436606256961">
    <name>5.3</name>
  </wpt>
  <wpt lat="51.653299308033176" lon="4.4110934457428836">
    <name>5.4</name>
  </wpt>
  <wpt lat="51.653968770304466" lon="4.4120611342946852">
    <name>5.5</name>
  </wpt>
  <wpt lat="51.654656405665193" lon="4.4129945691883634">
    <name>5.6</name>
  </wpt>
  <wpt lat="51.655354470628978" lon="4.4139084966915636">
    <name>5.7</name>
  </wpt>
  <wpt lat="51.656066431858477" lon="4.4147940729432529">
    <name>5.8</name>
  </wpt>
  <wpt lat="51.656785987352286" lon="4.4156636258303719">
    <name>5.9</name>
  </wpt>
  <wpt lat="51.65750633978783" lon="4.4165314965944837">
    <name>6.0</name>
  </wpt>
  <wpt lat="51.6582430198986" lon="4.41736280312337">
    <name>6.1</name>
  </wpt>
  <wpt lat="51.658982390818608" lon="4.4181880957772295">
    <name>6.2</name>
  </wpt>
  <wpt lat="51.659737808572146" lon="4.4189745002715259">
    <name>6.3</name>
  </wpt>
  <wpt lat="51.660498478152832" lon="4.4197478822284371">
    <name>6.4</name>
  </wpt>
  <wpt lat="51.661259560267972" lon="4.4205202125435434">
    <name>6.5</name>
  </wpt>
  <wpt lat="51.662039855641751" lon="4.4212410241441518">
    <name>6.6</name>
  </wpt>
  <wpt lat="51.662821291163752" lon="4.4219585889727613">
    <name>6.7</name>
  </wpt>
  <wpt lat="51.663607607290423" lon="4.422662215439499">
    <name>6.8</name>
  </wpt>
  <wpt lat="51.6644074393182" lon="4.4233249124038831">
    <name>6.9</name>
  </wpt>
  <wpt lat="51.665221204649512" lon="4.42394107281996">
    <name>7.0</name>
  </wpt>
  <wpt lat="51.666055554867505" lon="4.4244809622681522">
    <name>7.1</name>
  </wpt>
  <wpt lat="51.666908058663353" lon="4.4249416442649627">
    <name>7.2</name>
  </wpt>
  <wpt lat="51.6677787235147" lon="4.4253015737192412">
    <name>7.3</name>
  </wpt>
  <wpt lat="51.668663129299325" lon="4.42556382415588">
    <name>7.4</name>
  </wpt>
  <wpt lat="51.6695550589903" lon="4.4257446177551616">
    <name>7.5</name>
  </wpt>
  <wpt lat="51.670452419328157" lon="4.4258304135709645">
    <name>7.6</name>
  </wpt>
  <wpt lat="51.671351380641212" lon="4.4258047178327473">
    <name>7.7</name>
  </wpt>
  <wpt lat="51.672247005620193" lon="4.4256810424265387">
    <name>7.8</name>
  </wpt>
  <wpt lat="51.673137030258793" lon="4.4254840592678653">
    <name>7.9</name>
  </wpt>
  <wpt lat="51.674014915413281" lon="4.4251693170111128">
    <name>8.0</name>
  </wpt>
  <wpt lat="51.674883229134544" lon="4.42479212628018">
    <name>8.1</name>
  </wpt>
  <wpt lat="51.675725736258933" lon="4.4242861392516364">
    <name>8.2</name>
  </wpt>
  <wpt lat="51.676575428697049" lon="4.423816745516679">
    <name>8.3</name>
  </wpt>
  <wpt lat="51.67739496939916" lon="4.4232207431546051">
    <name>8.4</name>
  </wpt>
  <wpt lat="51.678174963311733" lon="4.422501038938865">
    <name>8.5</name>
  </wpt>
  <wpt lat="51.678922426236824" lon="4.421695112888969">
    <name>8.6</name>
  </wpt>
  <wpt lat="51.679663754087528" lon="4.4208740199553347">
    <name>8.7</name>
  </wpt>
  <wpt lat="51.680478220769785" lon="4.42031340032906">
    <name>8.8</name>
  </wpt>
  <wpt lat="51.681375324248819" lon="4.4203516689744813">
    <name>8.9</name>
  </wpt>
  <wpt lat="51.682110833399648" lon="4.4195684109629321">
    <name>9.0</name>
  </wpt>
  <wpt lat="51.6827885873051" lon="4.4186150187264692">
    <name>9.1</name>
  </wpt>
  <wpt lat="51.682666340867435" lon="4.4175635665561108">
    <name>9.2</name>
  </wpt>
  <wpt lat="51.682068912997458" lon="4.4164794105986944">
    <name>9.3</name>
  </wpt>
  <wpt lat="51.681485193333693" lon="4.4153763078056">
    <name>9.4</name>
  </wpt>
  <wpt lat="51.68082931539184" lon="4.4143946312030105">
    <name>9.5</name>
  </wpt>
  <wpt lat="51.68003178120712" lon="4.41373681108958">
    <name>9.6</name>
  </wpt>
  <wpt lat="51.679188366943322" lon="4.4132337456261519">
    <name>9.7</name>
  </wpt>
  <wpt lat="51.678340497741132" lon="4.4127514181091971">
    <name>9.8</name>
  </wpt>
  <wpt lat="51.677943935437391" lon="4.4115269353514224">
    <name>9.9</name>
  </wpt>
  <wpt lat="51.677775897013731" lon="4.4101031870146876">
    <name>10.0</name>
  </wpt>
  <wpt lat="51.677761694648694" lon="4.40865512420975">
    <name>10.1</name>
  </wpt>
  <wpt lat="51.677768474570911" lon="4.40720484211421">
    <name>10.2</name>
  </wpt>
  <wpt lat="51.677775254493127" lon="4.4057545598015775">
    <name>10.3</name>
  </wpt>
  <wpt lat="51.677440177418937" lon="4.4045606429249018">
    <name>10.4</name>
  </wpt>
  <wpt lat="51.67661135429578" lon="4.4039977540687367">
    <name>10.5</name>
  </wpt>
  <wpt lat="51.675782531172679" lon="4.4034348755139048">
    <name>10.6</name>
  </wpt>
  <wpt lat="51.674953658492633" lon="4.4028721970895477">
    <name>10.7</name>
  </wpt>
  <wpt lat="51.674124734760952" lon="4.4023097245368463">
    <name>10.8</name>
  </wpt>
  <wpt lat="51.673295811029305" lon="4.4017472622782519">
    <name>10.9</name>
  </wpt>
  <wpt lat="51.672466887297695" lon="4.4011848103132554">
    <name>11.0</name>
  </wpt>
  <wpt lat="51.671637963566127" lon="4.40062236864145">
    <name>11.1</name>
  </wpt>
  <wpt lat="51.6708090398346" lon="4.4000599372622249">
    <name>11.2</name>
  </wpt>
  <wpt lat="51.6699801161031" lon="4.399497516175173">
    <name>11.3</name>
  </wpt>
  <wpt lat="51.66915119237165" lon="4.3989351053796835">
    <name>11.4</name>
  </wpt>
  <wpt lat="51.668322303021576" lon="4.3983725735694312">
    <name>11.5</name>
  </wpt>
  <wpt lat="51.667493617891495" lon="4.397809269987154">
    <name>11.6</name>
  </wpt>
  <wpt lat="51.666664932761464" lon="4.3972459767087546">
    <name>11.7</name>
  </wpt>
  <wpt lat="51.665836247631461" lon="4.3966826937338253">
    <name>11.8</name>
  </wpt>
  <wpt lat="51.665007562501508" lon="4.3961194210617558">
    <name>11.9</name>
  </wpt>
  <wpt lat="51.664177998074535" lon="4.39555953583604">
    <name>12.0</name>
  </wpt>
  <wpt lat="51.663373517015394" lon="4.3950144898728087">
    <name>12.1</name>
  </wpt>
  <wpt lat="51.663437131585745" lon="4.3935759617348982">
    <name>12.2</name>
  </wpt>
  <wpt lat="51.663519676396646" lon="4.392132215972552">
    <name>12.3</name>
  </wpt>
  <wpt lat="51.663602221207526" lon="4.3906884675798619">
    <name>12.4</name>
  </wpt>
  <wpt lat="51.663684766018378" lon="4.389244716556929">
    <name>12.5</name>
  </wpt>
  <wpt lat="51.663767310829208" lon="4.3878009629037544">
    <name>12.6</name>
  </wpt>
  <wpt lat="51.663849855639995" lon="4.386357206620235">
    <name>12.7</name>
  </wpt>
  <wpt lat="51.663717817328425" lon="4.3850502319070159">
    <name>12.8</name>
  </wpt>
  <wpt lat="51.662888933571189" lon="4.3844877457194551">
    <name>12.9</name>
  </wpt>
  <wpt lat="51.662063863476533" lon="4.3839110308009506">
    <name>13.0</name>
  </wpt>
  <wpt lat="51.661237189270985" lon="4.3833403109944413">
    <name>13.1</name>
  </wpt>
  <wpt lat="51.660408373181227" lon="4.3827775965146039">
    <name>13.2</name>
  </wpt>
  <wpt lat="51.6595795570915" lon="4.38221489232694">
    <name>13.3</name>
  </wpt>
  <wpt lat="51.658753747878457" lon="4.381641674373653">
    <name>13.4</name>
  </wpt>
  <wpt lat="51.6579496406624" lon="4.3809924766652886">
    <name>13.5</name>
  </wpt>
  <wpt lat="51.657209296338074" lon="4.3805361735819668">
    <name>13.6</name>
  </wpt>
  <wpt lat="51.65651536643508" lon="4.3814582814787295">
    <name>13.7</name>
  </wpt>
  <wpt lat="51.655819181211513" lon="4.3823750505224588">
    <name>13.8</name>
  </wpt>
  <wpt lat="51.6550688130539" lon="4.3831740789751708">
    <name>13.9</name>
  </wpt>
  <wpt lat="51.654317214786005" lon="4.3839700820065115">
    <name>14.0</name>
  </wpt>
  <wpt lat="51.653566747377887" lon="4.384768801662986">
    <name>14.1</name>
  </wpt>
  <wpt lat="51.652820508474889" lon="4.38557777337622">
    <name>14.2</name>
  </wpt>
  <wpt lat="51.652073013716659" lon="4.3863837008275954">
    <name>14.3</name>
  </wpt>
  <wpt lat="51.651323069413664" lon="4.3871836665089612">
    <name>14.4</name>
  </wpt>
  <wpt lat="51.650570046506246" lon="4.3879758667748785">
    <name>14.5</name>
  </wpt>
  <wpt lat="51.649811279293736" lon="4.388753924101473">
    <name>14.6</name>
  </wpt>
  <wpt lat="51.649054879862767" lon="4.3895378834916885">
    <name>14.7</name>
  </wpt>
  <wpt lat="51.648302251085553" lon="4.390331250146903">
    <name>14.8</name>
  </wpt>
  <wpt lat="51.647539126315358" lon="4.3910950470565977">
    <name>14.9</name>
  </wpt>
  <wpt lat="51.64666228192003" lon="4.3913770000000065">
    <name>15.0</name>
  </wpt>
  <wpt lat="51.646022" lon="4.392097">
    <name>15.1</name>
  </wpt>
  <wpt lat="51.646198" lon="4.392275">
    <name>BOmleiding61 - 0.0</name>
  </wpt>
  <wpt lat="51.646687832691278" lon="4.3913770000000065">
    <name>0.1</name>
  </wpt>
  <wpt lat="51.647562140675525" lon="4.39107716027099">
    <name>0.2</name>
  </wpt>
  <wpt lat="51.648323632207983" lon="4.3903087050922087">
    <name>0.3</name>
  </wpt>
  <wpt lat="51.64907626416975" lon="4.3895153459096186">
    <name>0.4</name>
  </wpt>
  <wpt lat="51.649832833998481" lon="4.3887318117950844">
    <name>0.5</name>
  </wpt>
  <wpt lat="51.650591607269881" lon="4.3879537694469173">
    <name>0.6</name>
  </wpt>
  <wpt lat="51.651344251412951" lon="4.3871606368825624">
    <name>0.7</name>
  </wpt>
  <wpt lat="51.65209435700752" lon="4.3863610609745605">
    <name>0.8</name>
  </wpt>
  <wpt lat="51.652841724020945" lon="4.3855548233489783">
    <name>0.9</name>
  </wpt>
  <wpt lat="51.6535879297084" lon="4.3847457716881015">
    <name>1.0</name>
  </wpt>
  <wpt lat="51.654338580156981" lon="4.3839474952028894">
    <name>1.1</name>
  </wpt>
  <wpt lat="51.655090131609775" lon="4.3831513771606563">
    <name>1.2</name>
  </wpt>
  <wpt lat="51.655840501477144" lon="4.3823523525038466">
    <name>1.3</name>
  </wpt>
  <wpt lat="51.656535114923543" lon="4.381432148363559">
    <name>1.4</name>
  </wpt>
  <wpt lat="51.657228992370726" lon="4.3805099374055274">
    <name>1.5</name>
  </wpt>
  <wpt lat="51.657972485906754" lon="4.38101092217573">
    <name>1.6</name>
  </wpt>
  <wpt lat="51.658776594511004" lon="4.3816601157433679">
    <name>1.7</name>
  </wpt>
  <wpt lat="51.659603098595014" lon="4.3822309027061959">
    <name>1.8</name>
  </wpt>
  <wpt lat="51.660431921533565" lon="4.3827935809702527">
    <name>1.9</name>
  </wpt>
  <wpt lat="51.661260744472095" lon="4.3833562695263817">
    <name>2.0</name>
  </wpt>
  <wpt lat="51.662087227044189" lon="4.383927705656399">
    <name>2.1</name>
  </wpt>
  <wpt lat="51.662912483075978" lon="4.3845037266370044">
    <name>2.2</name>
  </wpt>
  <wpt lat="51.663741368039332" lon="4.3850662084974843">
    <name>2.3</name>
  </wpt>
  <wpt lat="51.6638472513419" lon="4.3863981869756374">
    <name>2.4</name>
  </wpt>
  <wpt lat="51.663764804048867" lon="4.3878419576605046">
    <name>2.5</name>
  </wpt>
  <wpt lat="51.663682356755878" lon="4.3892857257181834">
    <name>2.6</name>
  </wpt>
  <wpt lat="51.6635999094629" lon="4.3907294911486723">
    <name>2.7</name>
  </wpt>
  <wpt lat="51.663517462169963" lon="4.392173253951972">
    <name>2.8</name>
  </wpt>
  <wpt lat="51.663435014877045" lon="4.3936170141280835">
    <name>2.9</name>
  </wpt>
  <wpt lat="51.663384177495864" lon="4.3950519255098914">
    <name>3.0</name>
  </wpt>
  <wpt lat="51.664201573579234" lon="4.3955754172593249">
    <name>3.1</name>
  </wpt>
  <wpt lat="51.665031085619908" lon="4.3961355036525287">
    <name>3.2</name>
  </wpt>
  <wpt lat="51.665859780682915" lon="4.3966987386301906">
    <name>3.3</name>
  </wpt>
  <wpt lat="51.666688475745872" lon="4.3972619839105089">
    <name>3.4</name>
  </wpt>
  <wpt lat="51.667517170808793" lon="4.3978252394939927">
    <name>3.5</name>
  </wpt>
  <wpt lat="51.668345865871672" lon="4.3983885053811509">
    <name>3.6</name>
  </wpt>
  <wpt lat="51.669174679097317" lon="4.3989513290865281">
    <name>3.7</name>
  </wpt>
  <wpt lat="51.670003621556219" lon="4.39951366840839">
    <name>3.8</name>
  </wpt>
  <wpt lat="51.670832564015086" lon="4.4000760180211005">
    <name>3.9</name>
  </wpt>
  <wpt lat="51.67166150647391" lon="4.400638377925171">
    <name>4.0</name>
  </wpt>
  <wpt lat="51.6724904489327" lon="4.4012007481211084">
    <name>4.1</name>
  </wpt>
  <wpt lat="51.673319391391445" lon="4.4017631286094234">
    <name>4.2</name>
  </wpt>
  <wpt lat="51.674148333850141" lon="4.4023255193906232">
    <name>4.3</name>
  </wpt>
  <wpt lat="51.674977276308795" lon="4.4028879204651163">
    <name>4.4</name>
  </wpt>
  <wpt lat="51.675806075496737" lon="4.4034508808208637">
    <name>4.5</name>
  </wpt>
  <wpt lat="51.676634903313669" lon="4.404013741694051">
    <name>4.6</name>
  </wpt>
  <wpt lat="51.677463731130551" lon="4.4045766128687749">
    <name>4.7</name>
  </wpt>
  <wpt lat="51.67777501519565" lon="4.4057957634442335">
    <name>4.8</name>
  </wpt>
  <wpt lat="51.67776827553616" lon="4.4072460462379688">
    <name>4.9</name>
  </wpt>
  <wpt lat="51.677761535876677" lon="4.4086963288158341">
    <name>5.0</name>
  </wpt>
  <wpt lat="51.677779424586852" lon="4.410143997800013">
    <name>5.1</name>
  </wpt>
  <wpt lat="51.677949420700195" lon="4.4115671801479337">
    <name>5.2</name>
  </wpt>
  <wpt lat="51.678364737065579" lon="4.4127644498446452">
    <name>5.3</name>
  </wpt>
  <wpt lat="51.679212205662928" lon="4.4132485755620285">
    <name>5.4</name>
  </wpt>
  <wpt lat="51.680055397467179" lon="4.41375253984166">
    <name>5.5</name>
  </wpt>
  <wpt lat="51.68085058625072" lon="4.4144174619432688">
    <name>5.6</name>
  </wpt>
  <wpt lat="51.681501499807595" lon="4.4154080332586174">
    <name>5.7</name>
  </wpt>
  <wpt lat="51.682085924307316" lon="4.4165101586662416">
    <name>5.8</name>
  </wpt>
  <wpt lat="51.682683219368251" lon="4.4175945048303946">
    <name>5.9</name>
  </wpt>
  <wpt lat="51.682716112263769" lon="4.4186314581106449">
    <name>6.0</name>
  </wpt>
  <wpt lat="51.6820301206179" lon="4.4195694033130914">
    <name>6.1</name>
  </wpt>
  <wpt lat="51.681272216405723" lon="4.4202578813566413">
    <name>6.2</name>
  </wpt>
  <wpt lat="51.680962619177492" lon="4.41914519243036">
    <name>6.3</name>
  </wpt>
  <wpt lat="51.681536477105347" lon="4.4180300974113083">
    <name>6.4</name>
  </wpt>
  <wpt lat="51.682154948937026" lon="4.4169896587450941">
    <name>6.5</name>
  </wpt>
  <wpt lat="51.682834031866619" lon="4.4160387231396525">
    <name>6.6</name>
  </wpt>
  <wpt lat="51.683513163663562" lon="4.4150878640472637">
    <name>6.7</name>
  </wpt>
  <wpt lat="51.684192172141529" lon="4.4141367616804041">
    <name>6.8</name>
  </wpt>
  <wpt lat="51.684870976510993" lon="4.41318526603689">
    <name>6.9</name>
  </wpt>
  <wpt lat="51.685549780880365" lon="4.4122337561270868">
    <name>7.0</name>
  </wpt>
  <wpt lat="51.686228585249637" lon="4.4112822319503833">
    <name>7.1</name>
  </wpt>
  <wpt lat="51.686907389618817" lon="4.410330693506272">
    <name>7.2</name>
  </wpt>
  <wpt lat="51.6875861939879" lon="4.4093791407942433">
    <name>7.3</name>
  </wpt>
  <wpt lat="51.688264998356892" lon="4.408427573813686">
    <name>7.4</name>
  </wpt>
  <wpt lat="51.688950324331081" lon="4.4074885304413289">
    <name>7.5</name>
  </wpt>
  <wpt lat="51.68963104961783" lon="4.4065405120438985">
    <name>7.6</name>
  </wpt>
  <wpt lat="51.690303517890378" lon="4.4055780080566773">
    <name>7.7</name>
  </wpt>
  <wpt lat="51.690987210974491" lon="4.4046355350347026">
    <name>7.8</name>
  </wpt>
  <wpt lat="51.691670708911559" lon="4.4036926818017914">
    <name>7.9</name>
  </wpt>
  <wpt lat="51.692351469436652" lon="4.40274467745763">
    <name>8.0</name>
  </wpt>
  <wpt lat="51.693033735458116" lon="4.4017994744245081">
    <name>8.1</name>
  </wpt>
  <wpt lat="51.693716001479508" lon="4.4008542571430107">
    <name>8.2</name>
  </wpt>
  <wpt lat="51.694398905049844" lon="4.3999102269085384">
    <name>8.3</name>
  </wpt>
  <wpt lat="51.695098862075938" lon="4.3989997833025969">
    <name>8.4</name>
  </wpt>
  <wpt lat="51.695834575526547" lon="4.3981684253970146">
    <name>8.5</name>
  </wpt>
  <wpt lat="51.696602626399972" lon="4.3974141771822737">
    <name>8.6</name>
  </wpt>
  <wpt lat="51.697399666035366" lon="4.3967436877587707">
    <name>8.7</name>
  </wpt>
  <wpt lat="51.698222927567265" lon="4.3961610280723304">
    <name>8.8</name>
  </wpt>
  <wpt lat="51.69906858904482" lon="4.3956682877013753">
    <name>8.9</name>
  </wpt>
  <wpt lat="51.699933828789568" lon="4.3952733550768617">
    <name>9.0</name>
  </wpt>
  <wpt lat="51.700812461887871" lon="4.3949675523350278">
    <name>9.1</name>
  </wpt>
  <wpt lat="51.701702263961259" lon="4.3947592994365472">
    <name>9.2</name>
  </wpt>
  <wpt lat="51.702598384999739" lon="4.3946472273779662">
    <name>9.3</name>
  </wpt>
  <wpt lat="51.703497079565274" lon="4.3946402307881804">
    <name>9.4</name>
  </wpt>
  <wpt lat="51.704395537538211" lon="4.3947020429294463">
    <name>9.5</name>
  </wpt>
  <wpt lat="51.705287564463077" lon="4.39488524778102">
    <name>9.6</name>
  </wpt>
  <wpt lat="51.7061724290942" lon="4.3951405480455508">
    <name>9.7</name>
  </wpt>
  <wpt lat="51.707041041257185" lon="4.3955162153100265">
    <name>9.8</name>
  </wpt>
  <wpt lat="51.707902048314679" lon="4.3959350439240845">
    <name>9.9</name>
  </wpt>
  <wpt lat="51.70874729576429" lon="4.3964304424614769">
    <name>10.0</name>
  </wpt>
  <wpt lat="51.709587305290192" lon="4.3969487813981392">
    <name>10.1</name>
  </wpt>
  <wpt lat="51.710429446218569" lon="4.3974580369420719">
    <name>10.2</name>
  </wpt>
  <wpt lat="51.711267976432353" lon="4.3979825963500758">
    <name>10.3</name>
  </wpt>
  <wpt lat="51.7121065066461" lon="4.3985071654830445">
    <name>10.4</name>
  </wpt>
  <wpt lat="51.712945036859821" lon="4.3990317443413867">
    <name>10.5</name>
  </wpt>
  <wpt lat="51.7137835670735" lon="4.3995563329256111">
    <name>10.6</name>
  </wpt>
  <wpt lat="51.714622097287148" lon="4.4000809312361238">
    <name>10.7</name>
  </wpt>
  <wpt lat="51.715460627500761" lon="4.4006055392735357">
    <name>10.8</name>
  </wpt>
  <wpt lat="51.716299157714339" lon="4.4011301570381534">
    <name>10.9</name>
  </wpt>
  <wpt lat="51.717137687927874" lon="4.401654784530586">
    <name>11.0</name>
  </wpt>
  <wpt lat="51.717976218141374" lon="4.4021794217512413">
    <name>11.1</name>
  </wpt>
  <wpt lat="51.718814748354845" lon="4.4027040687006282">
    <name>11.2</name>
  </wpt>
  <wpt lat="51.719657561208628" lon="4.4032098782432287">
    <name>11.3</name>
  </wpt>
  <wpt lat="51.720494488915044" lon="4.4037411698846105">
    <name>11.4</name>
  </wpt>
  <wpt lat="51.721332395459228" lon="4.4042684353298087">
    <name>11.5</name>
  </wpt>
  <wpt lat="51.722170334074633" lon="4.4047955783085886">
    <name>11.6</name>
  </wpt>
  <wpt lat="51.723008798173922" lon="4.4053205484910807">
    <name>11.7</name>
  </wpt>
  <wpt lat="51.723847328106871" lon="4.4058452550063034">
    <name>11.8</name>
  </wpt>
  <wpt lat="51.724685858039777" lon="4.4063699712535138">
    <name>11.9</name>
  </wpt>
  <wpt lat="51.725524387972648" lon="4.4068946972332217">
    <name>12.0</name>
  </wpt>
  <wpt lat="51.726362917905476" lon="4.407419432945936">
    <name>12.1</name>
  </wpt>
  <wpt lat="51.727201447838276" lon="4.4079441783920634">
    <name>12.2</name>
  </wpt>
  <wpt lat="51.72803997777104" lon="4.408468933572113">
    <name>12.3</name>
  </wpt>
  <wpt lat="51.728878507703762" lon="4.4089936984865936">
    <name>12.4</name>
  </wpt>
  <wpt lat="51.729722647115253" lon="4.4094942455424491">
    <name>12.5</name>
  </wpt>
  <wpt lat="51.730586027627453" lon="4.4099001471768267">
    <name>12.6</name>
  </wpt>
  <wpt lat="51.731429493231872" lon="4.4103554813280308">
    <name>12.7</name>
  </wpt>
  <wpt lat="51.732303841506429" lon="4.4106945762849845">
    <name>12.8</name>
  </wpt>
  <wpt lat="51.733193873456806" lon="4.4109027498155466">
    <name>12.9</name>
  </wpt>
  <wpt lat="51.734091303068183" lon="4.4109863469018888">
    <name>13.0</name>
  </wpt>
  <wpt lat="51.734986135876881" lon="4.4109795457496057">
    <name>13.1</name>
  </wpt>
  <wpt lat="51.735881261938943" lon="4.4110298617509383">
    <name>13.2</name>
  </wpt>
  <wpt lat="51.736778746365857" lon="4.4111226383338531">
    <name>13.3</name>
  </wpt>
  <wpt lat="51.7376763662973" lon="4.4112119182338816">
    <name>13.4</name>
  </wpt>
  <wpt lat="51.738571675685748" lon="4.41133908728257">
    <name>13.5</name>
  </wpt>
  <wpt lat="51.739462133140442" lon="4.4115419193748435">
    <name>13.6</name>
  </wpt>
  <wpt lat="51.740345459561318" lon="4.4118114899273921">
    <name>13.7</name>
  </wpt>
  <wpt lat="51.741224153731288" lon="4.41212076525786">
    <name>13.8</name>
  </wpt>
  <wpt lat="51.742102847901251" lon="4.4124300466030864">
    <name>13.9</name>
  </wpt>
  <wpt lat="51.742981542071213" lon="4.4127393339634793">
    <name>14.0</name>
  </wpt>
  <wpt lat="51.743860257813154" lon="4.4130484669654981">
    <name>14.1</name>
  </wpt>
  <wpt lat="51.744739152082616" lon="4.4133562798187054">
    <name>14.2</name>
  </wpt>
  <wpt lat="51.745609214104107" lon="4.4137098093608538">
    <name>14.3</name>
  </wpt>
  <wpt lat="51.746471044310809" lon="4.414117081546725">
    <name>14.4</name>
  </wpt>
  <wpt lat="51.747309119220468" lon="4.4146396058580377">
    <name>14.5</name>
  </wpt>
  <wpt lat="51.748065785282122" lon="4.4154199649810622">
    <name>14.6</name>
  </wpt>
  <wpt lat="51.748774413418126" lon="4.4163134654494769">
    <name>14.7</name>
  </wpt>
  <wpt lat="51.749598358902773" lon="4.4168734286012254">
    <name>14.8</name>
  </wpt>
  <wpt lat="51.750461339742145" lon="4.4172822004613757">
    <name>14.9</name>
  </wpt>
  <wpt lat="51.7513243205815" lon="4.4176909801317459">
    <name>15.0</name>
  </wpt>
  <wpt lat="51.751867370060445" lon="4.4172941497893348">
    <name>15.1</name>
  </wpt>
  <wpt lat="51.752094945946574" lon="4.415892731978829">
    <name>15.2</name>
  </wpt>
  <wpt lat="51.752285536412657" lon="4.4146020264017682">
    <name>15.3</name>
  </wpt>
  <wpt lat="51.752442583510884" lon="4.4131769545551132">
    <name>15.4</name>
  </wpt>
  <wpt lat="51.752638562060447" lon="4.4117591918200558">
    <name>15.5</name>
  </wpt>
  <wpt lat="51.752825188140953" lon="4.4103380876007643">
    <name>15.6</name>
  </wpt>
  <wpt lat="51.753010465631192" lon="4.408916516611308">
    <name>15.7</name>
  </wpt>
  <wpt lat="51.753168777563012" lon="4.4074868053677045">
    <name>15.8</name>
  </wpt>
  <wpt lat="51.753312844692395" lon="4.4060528317499008">
    <name>15.9</name>
  </wpt>
  <wpt lat="51.753401494912339" lon="4.404607713337505">
    <name>16.0</name>
  </wpt>
  <wpt lat="51.753166692251654" lon="4.4032660898849887">
    <name>16.1</name>
  </wpt>
  <wpt lat="51.752354775378613" lon="4.402697969067872">
    <name>16.2</name>
  </wpt>
  <wpt lat="51.751489460832637" lon="4.4023022820388915">
    <name>16.3</name>
  </wpt>
  <wpt lat="51.750674647574904" lon="4.4017730384349365">
    <name>16.4</name>
  </wpt>
  <wpt lat="51.750860620882769" lon="4.4003686231599834">
    <name>16.5</name>
  </wpt>
  <wpt lat="51.751125692272865" lon="4.3989806756772083">
    <name>16.6</name>
  </wpt>
  <wpt lat="51.751369841611378" lon="4.3975825514971767">
    <name>16.7</name>
  </wpt>
  <wpt lat="51.751612109925276" lon="4.3961835730193437">
    <name>16.8</name>
  </wpt>
  <wpt lat="51.75185456411311" lon="4.39478479748095">
    <name>16.9</name>
  </wpt>
  <wpt lat="51.752043000283422" lon="4.393370222096987">
    <name>17.0</name>
  </wpt>
  <wpt lat="51.752626563663732" lon="4.39278448222837">
    <name>17.1</name>
  </wpt>
  <wpt lat="51.753495313041363" lon="4.3931563671350835">
    <name>17.2</name>
  </wpt>
  <wpt lat="51.753930866994757" lon="4.39204960478081">
    <name>17.3</name>
  </wpt>
  <wpt lat="51.754130826841049" lon="4.39063978913825">
    <name>17.4</name>
  </wpt>
  <wpt lat="51.75420249606811" lon="4.3891916348395936">
    <name>17.5</name>
  </wpt>
  <wpt lat="51.754272556511843" lon="4.3877432732295327">
    <name>17.6</name>
  </wpt>
  <wpt lat="51.754340854505806" lon="4.3862946886326668">
    <name>17.7</name>
  </wpt>
  <wpt lat="51.754409182356973" lon="4.384846105518803">
    <name>17.8</name>
  </wpt>
  <wpt lat="51.754477510208105" lon="4.38339752021336">
    <name>17.9</name>
  </wpt>
  <wpt lat="51.754540762314562" lon="4.3819483518992159">
    <name>18.0</name>
  </wpt>
  <wpt lat="51.75460198436673" lon="4.3804990263935109">
    <name>18.1</name>
  </wpt>
  <wpt lat="51.754790981272173" lon="4.3791242111620932">
    <name>18.2</name>
  </wpt>
  <wpt lat="51.755683207791414" lon="4.379155021858578">
    <name>18.3</name>
  </wpt>
  <wpt lat="51.75658024520618" lon="4.3792585039496785">
    <name>18.4</name>
  </wpt>
  <wpt lat="51.75747498477341" lon="4.379329184392887">
    <name>18.5</name>
  </wpt>
  <wpt lat="51.758279443850505" lon="4.3797375305681072">
    <name>18.6</name>
  </wpt>
  <wpt lat="51.759141623031368" lon="4.3801501019358771">
    <name>18.7</name>
  </wpt>
  <wpt lat="51.7600064042905" lon="4.3805489071337469">
    <name>18.8</name>
  </wpt>
  <wpt lat="51.760871531432109" lon="4.3809457284068456">
    <name>18.9</name>
  </wpt>
  <wpt lat="51.76173745157557" lon="4.3813379950029976">
    <name>19.0</name>
  </wpt>
  <wpt lat="51.762602304197138" lon="4.3817364189740884">
    <name>19.1</name>
  </wpt>
  <wpt lat="51.763467156818677" lon="4.3821348505775939">
    <name>19.2</name>
  </wpt>
  <wpt lat="51.764327839941984" lon="4.3825478398586455">
    <name>19.3</name>
  </wpt>
  <wpt lat="51.764551919936565" lon="4.3838108425935474">
    <name>19.4</name>
  </wpt>
  <wpt lat="51.764359000025131" lon="4.3852240340476367">
    <name>19.5</name>
  </wpt>
  <wpt lat="51.765118251169646" lon="4.3858355640476336">
    <name>19.6</name>
  </wpt>
  <wpt lat="51.765956059746934" lon="4.38635907737731">
    <name>19.7</name>
  </wpt>
  <wpt lat="51.766783842336" lon="4.3869270555385596">
    <name>19.8</name>
  </wpt>
  <wpt lat="51.767611664000889" lon="4.3874948946493166">
    <name>19.9</name>
  </wpt>
  <wpt lat="51.768440561254394" lon="4.3880586330501608">
    <name>20.0</name>
  </wpt>
  <wpt lat="51.769269458507843" lon="4.3886223818034304">
    <name>20.1</name>
  </wpt>
  <wpt lat="51.770098355761256" lon="4.3891861409096347">
    <name>20.2</name>
  </wpt>
  <wpt lat="51.770927253014626" lon="4.3897499103692823">
    <name>20.3</name>
  </wpt>
  <wpt lat="51.771756150267969" lon="4.3903136901827811">
    <name>20.4</name>
  </wpt>
  <wpt lat="51.772585047521268" lon="4.39087748035074">
    <name>20.5</name>
  </wpt>
  <wpt lat="51.773413944774539" lon="4.3914412808735674">
    <name>20.6</name>
  </wpt>
  <wpt lat="51.774242842027761" lon="4.3920050917518738">
    <name>20.7</name>
  </wpt>
  <wpt lat="51.775071739280946" lon="4.392568912986067">
    <name>20.8</name>
  </wpt>
  <wpt lat="51.775902377156179" lon="4.3931256022211818">
    <name>20.9</name>
  </wpt>
  <wpt lat="51.776731298651569" lon="4.39368935108997">
    <name>21.0</name>
  </wpt>
  <wpt lat="51.777560220146924" lon="4.3942531103147449">
    <name>21.1</name>
  </wpt>
  <wpt lat="51.77841496840859" lon="4.3946864948717508">
    <name>21.2</name>
  </wpt>
  <wpt lat="51.778634850447169" lon="4.39582269279641">
    <name>21.3</name>
  </wpt>
  <wpt lat="51.778399112537222" lon="4.3972254072713248">
    <name>21.4</name>
  </wpt>
  <wpt lat="51.778162647952648" lon="4.39862781314562">
    <name>21.5</name>
  </wpt>
  <wpt lat="51.777926183368152" lon="4.4000302116707459">
    <name>21.6</name>
  </wpt>
  <wpt lat="51.7776765749007" lon="4.4014257326498214">
    <name>21.7</name>
  </wpt>
  <wpt lat="51.777895" lon="4.40256">
    <name>21.8</name>
  </wpt>
  <wpt lat="51.812984" lon="4.413396">
    <name>BOmleiding62 - 0.0</name>
  </wpt>
  <wpt lat="51.812799584471009" lon="4.4146833246438462">
    <name>0.1</name>
  </wpt>
  <wpt lat="51.812421581323719" lon="4.4160019151109937">
    <name>0.2</name>
  </wpt>
  <wpt lat="51.812178654108159" lon="4.4173964150420444">
    <name>0.3</name>
  </wpt>
  <wpt lat="51.812001272593314" lon="4.4188224796068871">
    <name>0.4</name>
  </wpt>
  <wpt lat="51.811825081191451" lon="4.4202489209733145">
    <name>0.5</name>
  </wpt>
  <wpt lat="51.811645429879043" lon="4.4216742301877678">
    <name>0.6</name>
  </wpt>
  <wpt lat="51.811466033546829" lon="4.4230996185469404">
    <name>0.7</name>
  </wpt>
  <wpt lat="51.811286488609674" lon="4.4245249532879658">
    <name>0.8</name>
  </wpt>
  <wpt lat="51.811106574166139" lon="4.425950160769859">
    <name>0.9</name>
  </wpt>
  <wpt lat="51.810926659722654" lon="4.4273753625623753">
    <name>1.0</name>
  </wpt>
  <wpt lat="51.810760201940369" lon="4.4288024292098749">
    <name>1.1</name>
  </wpt>
  <wpt lat="51.8105852129865" lon="4.4302292236207226">
    <name>1.2</name>
  </wpt>
  <wpt lat="51.810428981748231" lon="4.4316100556244757">
    <name>1.3</name>
  </wpt>
  <wpt lat="51.810232030310985" lon="4.4329797142419265">
    <name>1.4</name>
  </wpt>
  <wpt lat="51.810014077046986" lon="4.4343867886936641">
    <name>1.5</name>
  </wpt>
  <wpt lat="51.809914000013634" lon="4.4356571253533765">
    <name>1.6</name>
  </wpt>
  <wpt lat="51.8099759929725" lon="4.4371044516790459">
    <name>1.7</name>
  </wpt>
  <wpt lat="51.810179716148632" lon="4.4385186100191119">
    <name>1.8</name>
  </wpt>
  <wpt lat="51.810384902938004" lon="4.4399348280145343">
    <name>1.9</name>
  </wpt>
  <wpt lat="51.810590089727313" lon="4.4413510524574757">
    <name>2.0</name>
  </wpt>
  <wpt lat="51.810795276516565" lon="4.4427672833479361">
    <name>2.1</name>
  </wpt>
  <wpt lat="51.811000463305753" lon="4.4441835206860159">
    <name>2.2</name>
  </wpt>
  <wpt lat="51.811205650094863" lon="4.4455997644718188">
    <name>2.3</name>
  </wpt>
  <wpt lat="51.81141270735494" lon="4.4470152436598074">
    <name>2.4</name>
  </wpt>
  <wpt lat="51.811839167996169" lon="4.4482851346387218">
    <name>2.5</name>
  </wpt>
  <wpt lat="51.81249477934923" lon="4.4492727635380529">
    <name>2.6</name>
  </wpt>
  <wpt lat="51.813318055568772" lon="4.44983713693669">
    <name>2.7</name>
  </wpt>
  <wpt lat="51.814209516910637" lon="4.4499500577509687">
    <name>2.8</name>
  </wpt>
  <wpt lat="51.815076801968743" lon="4.4495894743549034">
    <name>2.9</name>
  </wpt>
  <wpt lat="51.815924512798418" lon="4.449103744663744">
    <name>3.0</name>
  </wpt>
  <wpt lat="51.816786700408549" lon="4.4487014296882625">
    <name>3.1</name>
  </wpt>
  <wpt lat="51.817683549137222" lon="4.4486001241030442">
    <name>3.2</name>
  </wpt>
  <wpt lat="51.818581002283636" lon="4.4485063920781442">
    <name>3.3</name>
  </wpt>
  <wpt lat="51.819478455430051" lon="4.4484126581862338">
    <name>3.4</name>
  </wpt>
  <wpt lat="51.820372444740784" lon="4.4482748867872166">
    <name>3.5</name>
  </wpt>
  <wpt lat="51.821207692407043" lon="4.4477521116246912">
    <name>3.6</name>
  </wpt>
  <wpt lat="51.821889574337973" lon="4.446816014143554">
    <name>3.7</name>
  </wpt>
  <wpt lat="51.822348790972583" lon="4.4455722057107208">
    <name>3.8</name>
  </wpt>
  <wpt lat="51.822923036649676" lon="4.44447896335976">
    <name>3.9</name>
  </wpt>
  <wpt lat="51.82355911403269" lon="4.4448612457516266">
    <name>4.0</name>
  </wpt>
  <wpt lat="51.823509322703366" lon="4.4463030710651337">
    <name>4.1</name>
  </wpt>
  <wpt lat="51.82339205363521" lon="4.4477420414445676">
    <name>4.2</name>
  </wpt>
  <wpt lat="51.823239117886125" lon="4.4491757868016455">
    <name>4.3</name>
  </wpt>
  <wpt lat="51.823078355152731" lon="4.45060735010453">
    <name>4.4</name>
  </wpt>
  <wpt lat="51.822917592419394" lon="4.452038908298781">
    <name>4.5</name>
  </wpt>
  <wpt lat="51.822756829686114" lon="4.4534704613845024">
    <name>4.6</name>
  </wpt>
  <wpt lat="51.822596066952876" lon="4.4549020093617946">
    <name>4.7</name>
  </wpt>
  <wpt lat="51.8224353042197" lon="4.4563335522306575">
    <name>4.8</name>
  </wpt>
  <wpt lat="51.822274541486564" lon="4.4577650899910921">
    <name>4.9</name>
  </wpt>
  <wpt lat="51.822115489357088" lon="4.4591963580500567">
    <name>5.0</name>
  </wpt>
  <wpt lat="51.821956427914017" lon="4.4606283622199552">
    <name>5.1</name>
  </wpt>
  <wpt lat="51.8217829206304" lon="4.4620559846340173">
    <name>5.2</name>
  </wpt>
  <wpt lat="51.821584383446371" lon="4.4634750287507412">
    <name>5.3</name>
  </wpt>
  <wpt lat="51.821379639484462" lon="4.4648916737588857">
    <name>5.4</name>
  </wpt>
  <wpt lat="51.821216502211392" lon="4.4663223746231733">
    <name>5.5</name>
  </wpt>
  <wpt lat="51.821055161771916" lon="4.4677537035242656">
    <name>5.6</name>
  </wpt>
  <wpt lat="51.820939553222807" lon="4.4691944794760943">
    <name>5.7</name>
  </wpt>
  <wpt lat="51.820824353923534" lon="4.4706368531839944">
    <name>5.8</name>
  </wpt>
  <wpt lat="51.820671070687119" lon="4.4720704770405257">
    <name>5.9</name>
  </wpt>
  <wpt lat="51.82051621596019" lon="4.4735036624623259">
    <name>6.0</name>
  </wpt>
  <wpt lat="51.820361133575531" lon="4.4749367767437187">
    <name>6.1</name>
  </wpt>
  <wpt lat="51.820184969450068" lon="4.4763631437603815">
    <name>6.2</name>
  </wpt>
  <wpt lat="51.82001677859239" lon="4.4777922520340212">
    <name>6.3</name>
  </wpt>
  <wpt lat="51.819812937964763" lon="4.4791003041489938">
    <name>6.4</name>
  </wpt>
  <wpt lat="51.819707663960912" lon="4.4805348374692073">
    <name>6.5</name>
  </wpt>
  <wpt lat="51.819570000059855" lon="4.4819695956508721">
    <name>6.6</name>
  </wpt>
  <wpt lat="51.819414825391235" lon="4.4834015915426777">
    <name>6.7</name>
  </wpt>
  <wpt lat="51.81921720545904" lon="4.4848195936848532">
    <name>6.8</name>
  </wpt>
  <wpt lat="51.818998298438117" lon="4.4862283014997111">
    <name>6.9</name>
  </wpt>
  <wpt lat="51.818636825739411" lon="4.4875575875268794">
    <name>7.0</name>
  </wpt>
  <wpt lat="51.818110717286849" lon="4.4887335564421926">
    <name>7.1</name>
  </wpt>
  <wpt lat="51.8174864245595" lon="4.48977023084347">
    <name>7.2</name>
  </wpt>
  <wpt lat="51.816820102304249" lon="4.490746477409628">
    <name>7.3</name>
  </wpt>
  <wpt lat="51.816088545429217" lon="4.4910385261098069">
    <name>7.4</name>
  </wpt>
  <wpt lat="51.815485462792587" lon="4.4899601616837472">
    <name>7.5</name>
  </wpt>
  <wpt lat="51.814843132240917" lon="4.4889463796011153">
    <name>7.6</name>
  </wpt>
  <wpt lat="51.815187222101393" lon="4.487915">
    <name>7.7</name>
  </wpt>
  <wpt lat="51.815891205492839" lon="4.4887670808943909">
    <name>7.8</name>
  </wpt>
  <wpt lat="51.816502484346763" lon="4.4898341289122889">
    <name>7.9</name>
  </wpt>
  <wpt lat="51.817113763200588" lon="4.49090119140573">
    <name>8.0</name>
  </wpt>
  <wpt lat="51.8177250420543" lon="4.491968268375226">
    <name>8.1</name>
  </wpt>
  <wpt lat="51.818335937349964" lon="4.4930359335740091">
    <name>8.2</name>
  </wpt>
  <wpt lat="51.818945533405952" lon="4.49410555576707">
    <name>8.3</name>
  </wpt>
  <wpt lat="51.819565968985636" lon="4.49515857383228">
    <name>8.4</name>
  </wpt>
  <wpt lat="51.820191941206758" lon="4.4962031508468376">
    <name>8.5</name>
  </wpt>
  <wpt lat="51.820857095631865" lon="4.4971623795786417">
    <name>8.6</name>
  </wpt>
  <wpt lat="51.821466554914274" lon="4.4982322655902154">
    <name>8.7</name>
  </wpt>
  <wpt lat="51.822077082041559" lon="4.4993005643259751">
    <name>8.8</name>
  </wpt>
  <wpt lat="51.82269046548921" lon="4.5003645934212146">
    <name>8.9</name>
  </wpt>
  <wpt lat="51.82330384893676" lon="4.5014286370039063">
    <name>9.0</name>
  </wpt>
  <wpt lat="51.82391723238419" lon="4.5024926950746611">
    <name>9.1</name>
  </wpt>
  <wpt lat="51.824530615831534" lon="4.503556767633885">
    <name>9.2</name>
  </wpt>
  <wpt lat="51.825171968023426" lon="4.5045757115296974">
    <name>9.3</name>
  </wpt>
  <wpt lat="51.825842738225028" lon="4.5055446694709991">
    <name>9.4</name>
  </wpt>
  <wpt lat="51.826544332251522" lon="4.5064541703945258">
    <name>9.5</name>
  </wpt>
  <wpt lat="51.827270038089488" lon="4.5073133549043165">
    <name>9.6</name>
  </wpt>
  <wpt lat="51.828025563207454" lon="4.5081021242141972">
    <name>9.7</name>
  </wpt>
  <wpt lat="51.828804426981257" lon="4.5088290888225622">
    <name>9.8</name>
  </wpt>
  <wpt lat="51.829604415304516" lon="4.5094927057395386">
    <name>9.9</name>
  </wpt>
  <wpt lat="51.830420081546656" lon="4.5101048597422784">
    <name>10.0</name>
  </wpt>
  <wpt lat="51.831251074786671" lon="4.5106612568828854">
    <name>10.1</name>
  </wpt>
  <wpt lat="51.832082068026644" lon="4.511217664290017">
    <name>10.2</name>
  </wpt>
  <wpt lat="51.832912482795308" lon="4.511776327346122">
    <name>10.3</name>
  </wpt>
  <wpt lat="51.833741607126292" lon="4.5123400089452108">
    <name>10.4</name>
  </wpt>
  <wpt lat="51.834570731457234" lon="4.512903700922883">
    <name>10.5</name>
  </wpt>
  <wpt lat="51.83540860264128" lon="4.5134317335255032">
    <name>10.6</name>
  </wpt>
  <wpt lat="51.836257041568722" lon="4.5139142099480889">
    <name>10.7</name>
  </wpt>
  <wpt lat="51.837119524218174" lon="4.5143257881742755">
    <name>10.8</name>
  </wpt>
  <wpt lat="51.837993603540852" lon="4.5146665071763907">
    <name>10.9</name>
  </wpt>
  <wpt lat="51.838877463345824" lon="4.514933264015772">
    <name>11.0</name>
  </wpt>
  <wpt lat="51.839767669133721" lon="4.5151378001977438">
    <name>11.1</name>
  </wpt>
  <wpt lat="51.840663379365317" lon="4.5152639130407088">
    <name>11.2</name>
  </wpt>
  <wpt lat="51.841561078981776" lon="4.5153510872111022">
    <name>11.3</name>
  </wpt>
  <wpt lat="51.842458857847888" lon="4.5154363112482594">
    <name>11.4</name>
  </wpt>
  <wpt lat="51.843356636714" lon="4.5155215369851058">
    <name>11.5</name>
  </wpt>
  <wpt lat="51.844253926291415" lon="4.5156188952862966">
    <name>11.6</name>
  </wpt>
  <wpt lat="51.845151307910356" lon="4.5157137079411367">
    <name>11.7</name>
  </wpt>
  <wpt lat="51.84604906236018" lon="4.515799610000494">
    <name>11.8</name>
  </wpt>
  <wpt lat="51.846946831855078" lon="4.5158850990946968">
    <name>11.9</name>
  </wpt>
  <wpt lat="51.847844626284086" lon="4.5159699026920412">
    <name>12.0</name>
  </wpt>
  <wpt lat="51.8487422442185" lon="4.5160584920063238">
    <name>12.1</name>
  </wpt>
  <wpt lat="51.849640190802951" lon="4.5161389475945848">
    <name>12.2</name>
  </wpt>
  <wpt lat="51.850538194051985" lon="4.5162168520375454">
    <name>12.3</name>
  </wpt>
  <wpt lat="51.851436715758958" lon="4.5162782437407278">
    <name>12.4</name>
  </wpt>
  <wpt lat="51.852335371339365" lon="4.5163329902781415">
    <name>12.5</name>
  </wpt>
  <wpt lat="51.853234454684255" lon="4.5163665025448969">
    <name>12.6</name>
  </wpt>
  <wpt lat="51.854133616338878" lon="4.51638899999997">
    <name>12.7</name>
  </wpt>
  <wpt lat="51.855032937944792" lon="4.51638899999997">
    <name>12.8</name>
  </wpt>
  <wpt lat="51.85593225955072" lon="4.51638899999997">
    <name>12.9</name>
  </wpt>
  <wpt lat="51.856831453438829" lon="4.5163660948133586">
    <name>13.0</name>
  </wpt>
  <wpt lat="51.857730628461752" lon="4.516339805844189">
    <name>13.1</name>
  </wpt>
  <wpt lat="51.858629588837246" lon="4.5163045672717894">
    <name>13.2</name>
  </wpt>
  <wpt lat="51.859528033747928" lon="4.5162402858816044">
    <name>13.3</name>
  </wpt>
  <wpt lat="51.860423345179051" lon="4.5161065519079093">
    <name>13.4</name>
  </wpt>
  <wpt lat="51.861320423226594" lon="4.5160037545935907">
    <name>13.5</name>
  </wpt>
  <wpt lat="51.862219575661882" lon="4.5159851498376113">
    <name>13.6</name>
  </wpt>
  <wpt lat="51.863117477391974" lon="4.5160669501859685">
    <name>13.7</name>
  </wpt>
  <wpt lat="51.864010802914272" lon="4.5159301657451287">
    <name>13.8</name>
  </wpt>
  <wpt lat="51.864830951955348" lon="4.5153521550082933">
    <name>13.9</name>
  </wpt>
  <wpt lat="51.865503919622782" lon="4.5144002628992235">
    <name>14.0</name>
  </wpt>
  <wpt lat="51.865940148511264" lon="4.5131318687772772">
    <name>14.1</name>
  </wpt>
  <wpt lat="51.86612585347153" lon="4.51171307725237">
    <name>14.2</name>
  </wpt>
  <wpt lat="51.86619916064646" lon="4.510262384411754">
    <name>14.3</name>
  </wpt>
  <wpt lat="51.866245316986863" lon="4.5088079147559883">
    <name>14.4</name>
  </wpt>
  <wpt lat="51.866236697770056" lon="4.50735312605293">
    <name>14.5</name>
  </wpt>
  <wpt lat="51.866167870995788" lon="4.5059016855100138">
    <name>14.6</name>
  </wpt>
  <wpt lat="51.866043367978406" lon="4.5044594593623453">
    <name>14.7</name>
  </wpt>
  <wpt lat="51.86589142178056" lon="4.5030240871805542">
    <name>14.8</name>
  </wpt>
  <wpt lat="51.865699831503413" lon="4.5016018982532913">
    <name>14.9</name>
  </wpt>
  <wpt lat="51.865493098010624" lon="4.5001846860793737">
    <name>15.0</name>
  </wpt>
  <wpt lat="51.865330987866216" lon="4.4987524073908638">
    <name>15.1</name>
  </wpt>
  <wpt lat="51.865180920686569" lon="4.4973164657392557">
    <name>15.2</name>
  </wpt>
  <wpt lat="51.865030853506973" lon="4.4958805288782235">
    <name>15.3</name>
  </wpt>
  <wpt lat="51.864878065503547" lon="4.494445461964748">
    <name>15.4</name>
  </wpt>
  <wpt lat="51.864680261449152" lon="4.4930247802895247">
    <name>15.5</name>
  </wpt>
  <wpt lat="51.864473868632167" lon="4.4916073240496113">
    <name>15.6</name>
  </wpt>
  <wpt lat="51.864266104663308" lon="4.4901903882989735">
    <name>15.7</name>
  </wpt>
  <wpt lat="51.864058340694513" lon="4.4887734590926449">
    <name>15.8</name>
  </wpt>
  <wpt lat="51.863850062736333" lon="4.4873567344952159">
    <name>15.9</name>
  </wpt>
  <wpt lat="51.86363668791401" lon="4.48594203516">
    <name>16.0</name>
  </wpt>
  <wpt lat="51.863417043167971" lon="4.484529832623819">
    <name>16.1</name>
  </wpt>
  <wpt lat="51.863196589347432" lon="4.4831179704120778">
    <name>16.2</name>
  </wpt>
  <wpt lat="51.862978069322622" lon="4.4817057888529019">
    <name>16.3</name>
  </wpt>
  <wpt lat="51.862815712320746" lon="4.480273432767401">
    <name>16.4</name>
  </wpt>
  <wpt lat="51.862676598127813" lon="4.4788350920381541">
    <name>16.5</name>
  </wpt>
  <wpt lat="51.862556340374965" lon="4.4773918954721079">
    <name>16.6</name>
  </wpt>
  <wpt lat="51.862441318550232" lon="4.4759476019300042">
    <name>16.7</name>
  </wpt>
  <wpt lat="51.86233223478817" lon="4.4745021868366894">
    <name>16.8</name>
  </wpt>
  <wpt lat="51.862271180762782" lon="4.47304928154799">
    <name>16.9</name>
  </wpt>
  <wpt lat="51.862228000723782" lon="4.4715958491428589">
    <name>17.0</name>
  </wpt>
  <wpt lat="51.862238681979107" lon="4.4701397144770985">
    <name>17.1</name>
  </wpt>
  <wpt lat="51.862267153718555" lon="4.4686848970956143">
    <name>17.2</name>
  </wpt>
  <wpt lat="51.86235182379081" lon="4.4672351750374348">
    <name>17.3</name>
  </wpt>
  <wpt lat="51.862474443419806" lon="4.4657930320218329">
    <name>17.4</name>
  </wpt>
  <wpt lat="51.862636046593686" lon="4.4643609149999506">
    <name>17.5</name>
  </wpt>
  <wpt lat="51.862852169371408" lon="4.4629476530120487">
    <name>17.6</name>
  </wpt>
  <wpt lat="51.863098263716168" lon="4.4615469512679606">
    <name>17.7</name>
  </wpt>
  <wpt lat="51.863378370138989" lon="4.4601632666298032">
    <name>17.8</name>
  </wpt>
  <wpt lat="51.863690396374579" lon="4.4587976014970652">
    <name>17.9</name>
  </wpt>
  <wpt lat="51.864010447211278" lon="4.4574366592373513">
    <name>18.0</name>
  </wpt>
  <wpt lat="51.864344481927475" lon="4.4560845307255867">
    <name>18.1</name>
  </wpt>
  <wpt lat="51.864695659903575" lon="4.4547438178462322">
    <name>18.2</name>
  </wpt>
  <wpt lat="51.865023117103021" lon="4.4533877452680422">
    <name>18.3</name>
  </wpt>
  <wpt lat="51.865375555383423" lon="4.4520478796762415">
    <name>18.4</name>
  </wpt>
  <wpt lat="51.865730056685422" lon="4.4507094660644455">
    <name>18.5</name>
  </wpt>
  <wpt lat="51.8660987541292" lon="4.4493811033335735">
    <name>18.6</name>
  </wpt>
  <wpt lat="51.866467451572859" lon="4.448052729714111">
    <name>18.7</name>
  </wpt>
  <wpt lat="51.866836149016422" lon="4.4467243452059559">
    <name>18.8</name>
  </wpt>
  <wpt lat="51.8671992315964" lon="4.445392071922444">
    <name>18.9</name>
  </wpt>
  <wpt lat="51.8675349175408" lon="4.4440409072132994">
    <name>19.0</name>
  </wpt>
  <wpt lat="51.867870324715625" lon="4.442689550702255">
    <name>19.1</name>
  </wpt>
  <wpt lat="51.868197355909381" lon="4.4413328592225252">
    <name>19.2</name>
  </wpt>
  <wpt lat="51.868516652751296" lon="4.4399713249841319">
    <name>19.3</name>
  </wpt>
  <wpt lat="51.868842645767593" lon="4.4386145340176695">
    <name>19.4</name>
  </wpt>
  <wpt lat="51.869195231023468" lon="4.43727465605804">
    <name>19.5</name>
  </wpt>
  <wpt lat="51.869557479754619" lon="4.4359417915221355">
    <name>19.6</name>
  </wpt>
  <wpt lat="51.869944546915406" lon="4.4346271051089152">
    <name>19.7</name>
  </wpt>
  <wpt lat="51.870300313700724" lon="4.4332922639839714">
    <name>19.8</name>
  </wpt>
  <wpt lat="51.870526998381607" lon="4.4318847058643156">
    <name>19.9</name>
  </wpt>
  <wpt lat="51.870714038733787" lon="4.4304601903659853">
    <name>20.0</name>
  </wpt>
  <wpt lat="51.870974066189049" lon="4.429066059897937">
    <name>20.1</name>
  </wpt>
  <wpt lat="51.871249091708435" lon="4.4276793338642877">
    <name>20.2</name>
  </wpt>
  <wpt lat="51.871518783668975" lon="4.426289811771432">
    <name>20.3</name>
  </wpt>
  <wpt lat="51.871788475629408" lon="4.4249002813456242">
    <name>20.4</name>
  </wpt>
  <wpt lat="51.872018161320653" lon="4.4234920677919165">
    <name>20.5</name>
  </wpt>
  <wpt lat="51.872254096800773" lon="4.4220866070039087">
    <name>20.6</name>
  </wpt>
  <wpt lat="51.872503391277256" lon="4.42068709737324">
    <name>20.7</name>
  </wpt>
  <wpt lat="51.872721035997166" lon="4.4192740196368563">
    <name>20.8</name>
  </wpt>
  <wpt lat="51.872931601517251" lon="4.4178579025674054">
    <name>20.9</name>
  </wpt>
  <wpt lat="51.873130758297314" lon="4.4164377908753663">
    <name>21.0</name>
  </wpt>
  <wpt lat="51.873299397660752" lon="4.4150070112485356">
    <name>21.1</name>
  </wpt>
  <wpt lat="51.873449788538153" lon="4.4135710081166524">
    <name>21.2</name>
  </wpt>
  <wpt lat="51.873596376557835" lon="4.4121338652653126">
    <name>21.3</name>
  </wpt>
  <wpt lat="51.873719557042293" lon="4.4106918744336037">
    <name>21.4</name>
  </wpt>
  <wpt lat="51.873819249291" lon="4.40924434171314">
    <name>21.5</name>
  </wpt>
  <wpt lat="51.873916358685754" lon="4.4077965921587428">
    <name>21.6</name>
  </wpt>
  <wpt lat="51.873974350410833" lon="4.4063430327720265">
    <name>21.7</name>
  </wpt>
  <wpt lat="51.8740179511097" lon="4.404888101930946">
    <name>21.8</name>
  </wpt>
  <wpt lat="51.874061551808566" lon="4.4034331696792268">
    <name>21.9</name>
  </wpt>
  <wpt lat="51.874092396829653" lon="4.4019774316965208">
    <name>22.0</name>
  </wpt>
  <wpt lat="51.87411872585097" lon="4.4005214087884292">
    <name>22.1</name>
  </wpt>
  <wpt lat="51.87416013669484" lon="4.3990680087121863">
    <name>22.2</name>
  </wpt>
  <wpt lat="51.874246681762571" lon="4.3976299446482461">
    <name>22.3</name>
  </wpt>
  <wpt lat="51.874277588833749" lon="4.3961741798464926">
    <name>22.4</name>
  </wpt>
  <wpt lat="51.874287006912674" lon="4.3947177386274721">
    <name>22.5</name>
  </wpt>
  <wpt lat="51.874287014613458" lon="4.393261085450284">
    <name>22.6</name>
  </wpt>
  <wpt lat="51.874397486959943" lon="4.3918188524603">
    <name>22.7</name>
  </wpt>
  <wpt lat="51.874703936783227" lon="4.3904545279500882">
    <name>22.8</name>
  </wpt>
  <wpt lat="51.875192565310677" lon="4.3892367113253181">
    <name>22.9</name>
  </wpt>
  <wpt lat="51.875829646772921" lon="4.3882118493824009">
    <name>23.0</name>
  </wpt>
  <wpt lat="51.8765668619674" lon="4.3873801386816531">
    <name>23.1</name>
  </wpt>
  <wpt lat="51.877314383173932" lon="4.3865704446940681">
    <name>23.2</name>
  </wpt>
  <wpt lat="51.8780835120121" lon="4.38581558303338">
    <name>23.3</name>
  </wpt>
  <wpt lat="51.878862515576884" lon="4.3850879735886732">
    <name>23.4</name>
  </wpt>
  <wpt lat="51.879663768925283" lon="4.3844275168189215">
    <name>23.5</name>
  </wpt>
  <wpt lat="51.880481939008007" lon="4.3838227434221695">
    <name>23.6</name>
  </wpt>
  <wpt lat="51.88131333592397" lon="4.3832674029315459">
    <name>23.7</name>
  </wpt>
  <wpt lat="51.88215382461987" lon="4.3827491701720795">
    <name>23.8</name>
  </wpt>
  <wpt lat="51.882994676946147" lon="4.3822324191022535">
    <name>23.9</name>
  </wpt>
  <wpt lat="51.883839175191177" lon="4.3817317902067057">
    <name>24.0</name>
  </wpt>
  <wpt lat="51.884687801553262" lon="4.3812496214209053">
    <name>24.1</name>
  </wpt>
  <wpt lat="51.885542383022965" lon="4.380795787265801">
    <name>24.2</name>
  </wpt>
  <wpt lat="51.886397489456776" lon="4.3803446931973316">
    <name>24.3</name>
  </wpt>
  <wpt lat="51.887260905295889" lon="4.3799370894092728">
    <name>24.4</name>
  </wpt>
  <wpt lat="51.888124321134981" lon="4.3795294777909417">
    <name>24.5</name>
  </wpt>
  <wpt lat="51.888995373004057" lon="4.3791678025343721">
    <name>24.6</name>
  </wpt>
  <wpt lat="51.889882644091912" lon="4.3789428358551357">
    <name>24.7</name>
  </wpt>
  <wpt lat="51.890770345740656" lon="4.3787093484528095">
    <name>24.8</name>
  </wpt>
  <wpt lat="51.891655489583108" lon="4.3784550132956905">
    <name>24.9</name>
  </wpt>
  <wpt lat="51.892528791475868" lon="4.3781071385308179">
    <name>25.0</name>
  </wpt>
  <wpt lat="51.893378202602321" lon="4.377633101343374">
    <name>25.1</name>
  </wpt>
  <wpt lat="51.894197588005284" lon="4.377036806113586">
    <name>25.2</name>
  </wpt>
  <wpt lat="51.89497015077005" lon="4.3762917411245548">
    <name>25.3</name>
  </wpt>
  <wpt lat="51.895697942344135" lon="4.3754357377949722">
    <name>25.4</name>
  </wpt>
  <wpt lat="51.896418519574659" lon="4.3745637475596437">
    <name>25.5</name>
  </wpt>
  <wpt lat="51.897152913530277" lon="4.37372318737749">
    <name>25.6</name>
  </wpt>
  <wpt lat="51.897921999378951" lon="4.372969090852715">
    <name>25.7</name>
  </wpt>
  <wpt lat="51.898735022847269" lon="4.3723479506217151">
    <name>25.8</name>
  </wpt>
  <wpt lat="51.899572260962763" lon="4.3718180668942361">
    <name>25.9</name>
  </wpt>
  <wpt lat="51.900434553532868" lon="4.371406949789753">
    <name>26.0</name>
  </wpt>
  <wpt lat="51.901313368509143" lon="4.371101752244881">
    <name>26.1</name>
  </wpt>
  <wpt lat="51.902206571463715" lon="4.3709327219974172">
    <name>26.2</name>
  </wpt>
  <wpt lat="51.903104053495767" lon="4.3708726887691878">
    <name>26.3</name>
  </wpt>
  <wpt lat="51.904002151017131" lon="4.37093953133426">
    <name>26.4</name>
  </wpt>
  <wpt lat="51.90489799005416" lon="4.371066360038153">
    <name>26.5</name>
  </wpt>
  <wpt lat="51.90579319772133" lon="4.3712056261495809">
    <name>26.6</name>
  </wpt>
  <wpt lat="51.906691643675266" lon="4.3712499999999892">
    <name>26.7</name>
  </wpt>
  <wpt lat="51.907590261826257" lon="4.3712121475747772">
    <name>26.8</name>
  </wpt>
  <wpt lat="51.908482693551775" lon="4.3710410105141531">
    <name>26.9</name>
  </wpt>
  <wpt lat="51.909371522213256" lon="4.3708420000000041">
    <name>27.0</name>
  </wpt>
  <wpt lat="51.910256234052774" lon="4.3708262340103969">
    <name>27.1</name>
  </wpt>
  <wpt lat="51.910269897752755" lon="4.3720371060283671">
    <name>27.2</name>
  </wpt>
  <wpt lat="51.909445792383138" lon="4.3726035185940928">
    <name>27.3</name>
  </wpt>
  <wpt lat="51.909415938866111" lon="4.3737188828225193">
    <name>27.4</name>
  </wpt>
  <wpt lat="51.909452459309776" lon="4.3747634956605035">
    <name>27.5</name>
  </wpt>
  <wpt lat="51.908625532794026" lon="4.3749745760083831">
    <name>27.6</name>
  </wpt>
  <wpt lat="51.908448" lon="4.374432">
    <name>27.7</name>
  </wpt>
  <wpt lat="51.823217" lon="4.417083">
    <name>BOmleiding63 - 0.0</name>
  </wpt>
  <wpt lat="51.824099031597775" lon="4.417362392126293">
    <name>0.1</name>
  </wpt>
  <wpt lat="51.824970398435127" lon="4.4176875223479088">
    <name>0.2</name>
  </wpt>
  <wpt lat="51.825174107821631" lon="4.4189347774249033">
    <name>0.3</name>
  </wpt>
  <wpt lat="51.824903588139087" lon="4.4203208766846043">
    <name>0.4</name>
  </wpt>
  <wpt lat="51.824626045597249" lon="4.421704709522464">
    <name>0.5</name>
  </wpt>
  <wpt lat="51.82417056732816" lon="4.4228911141269389">
    <name>0.6</name>
  </wpt>
  <wpt lat="51.824123108159448" lon="4.4242585089013922">
    <name>0.7</name>
  </wpt>
  <wpt lat="51.823840105534892" lon="4.425639614186851">
    <name>0.8</name>
  </wpt>
  <wpt lat="51.823557102910421" lon="4.4270207107960617">
    <name>0.9</name>
  </wpt>
  <wpt lat="51.823263099780917" lon="4.4283954470889624">
    <name>1.0</name>
  </wpt>
  <wpt lat="51.823273209040238" lon="4.4295627904200785">
    <name>1.1</name>
  </wpt>
  <wpt lat="51.823282" lon="4.429572">
    <name>1.2</name>
  </wpt>
</gpx>