<?xml version="1.0" encoding="utf-8"?>
<gpx xmlns:xsi="http://www.w3.org/2001/XMLSchema-instance" xsi:schemaLocation="http://www.topografix.com/GPX/1/1 http://www.topografix.com/GPX/1/1/gpx.xsd" version="1.1" creator="Roparun" xmlns="http://www.topografix.com/GPX/1/1">
  <wpt lat="49.758814428118662" lon="3.2240057047770634">
    <name>0.00</name>
  </wpt>
  <wpt lat="49.758047493622982" lon="3.2247284323843188">
    <name>0.1</name>
  </wpt>
  <wpt lat="49.757306732315463" lon="3.2255178067481647">
    <name>0.2</name>
  </wpt>
  <wpt lat="49.756565971008015" lon="3.2263071690537894">
    <name>0.3</name>
  </wpt>
  <wpt lat="49.755827565204136" lon="3.2271015797872975">
    <name>0.4</name>
  </wpt>
  <wpt lat="49.755089792015056" lon="3.2278975948536539">
    <name>0.5</name>
  </wpt>
  <wpt lat="49.75435201882604" lon="3.2286935978102895">
    <name>0.6</name>
  </wpt>
  <wpt lat="49.753604194451064" lon="3.229464830421322">
    <name>0.7</name>
  </wpt>
  <wpt lat="49.752724969797832" lon="3.2297395544235683">
    <name>0.8</name>
  </wpt>
  <wpt lat="49.751837633978091" lon="3.2299660220593811">
    <name>0.9</name>
  </wpt>
  <wpt lat="49.750961260476267" lon="3.2302613126605775">
    <name>1.0</name>
  </wpt>
  <wpt lat="49.7501081553453" lon="3.2304555884493782">
    <name>1.1</name>
  </wpt>
  <wpt lat="49.749222713034222" lon="3.2306852173712071">
    <name>1.2</name>
  </wpt>
  <wpt lat="49.748373808721531" lon="3.2311237216227089">
    <name>1.3</name>
  </wpt>
  <wpt lat="49.747542138371" lon="3.2312935283195983">
    <name>1.4</name>
  </wpt>
  <wpt lat="49.746681753770993" lon="3.2313480436709896">
    <name>1.5</name>
  </wpt>
  <wpt lat="49.745840368282614" lon="3.2315217016783375">
    <name>1.6</name>
  </wpt>
  <wpt lat="49.745128000039266" lon="3.2308930853615045">
    <name>1.7</name>
  </wpt>
  <wpt lat="49.744981795051757" lon="3.232241419296273">
    <name>1.8</name>
  </wpt>
  <wpt lat="49.745193772566388" lon="3.2335892110036673">
    <name>1.9</name>
  </wpt>
  <wpt lat="49.745597955872142" lon="3.2348316103521539">
    <name>2.0</name>
  </wpt>
  <wpt lat="49.746048677693885" lon="3.236002143988769">
    <name>2.1</name>
  </wpt>
  <wpt lat="49.746476362053407" lon="3.2371991300110454">
    <name>2.2</name>
  </wpt>
  <wpt lat="49.7462015053814" lon="3.2383985206617156">
    <name>2.3</name>
  </wpt>
  <wpt lat="49.745538914474515" lon="3.2393391367693058">
    <name>2.4</name>
  </wpt>
  <wpt lat="49.74487661747601" lon="3.2402804979456969">
    <name>2.5</name>
  </wpt>
  <wpt lat="49.744146806937032" lon="3.2410865490897094">
    <name>2.6</name>
  </wpt>
  <wpt lat="49.74339309835478" lon="3.2418188035593696">
    <name>2.7</name>
  </wpt>
  <wpt lat="49.743051233868471" lon="3.2430934860086968">
    <name>2.8</name>
  </wpt>
  <wpt lat="49.742780500607708" lon="3.2444205962335726">
    <name>2.9</name>
  </wpt>
  <wpt lat="49.742509767347023" lon="3.2457476990529979">
    <name>3.0</name>
  </wpt>
  <wpt lat="49.7422390340864" lon="3.2470747944670735">
    <name>3.1</name>
  </wpt>
  <wpt lat="49.74196830082586" lon="3.2484018824759024">
    <name>3.2</name>
  </wpt>
  <wpt lat="49.741697567565396" lon="3.2497289630795856">
    <name>3.3</name>
  </wpt>
  <wpt lat="49.741398836790331" lon="3.2510382485397731">
    <name>3.4</name>
  </wpt>
  <wpt lat="49.740556637695668" lon="3.2513069660319345">
    <name>3.5</name>
  </wpt>
  <wpt lat="49.739657537443946" lon="3.2512807697165469">
    <name>3.6</name>
  </wpt>
  <wpt lat="49.739504055355262" lon="3.2521523513962425">
    <name>3.7</name>
  </wpt>
  <wpt lat="49.73968224934108" lon="3.2531067506699034">
    <name>3.8</name>
  </wpt>
  <wpt lat="49.740559063582943" lon="3.2529246805086411">
    <name>3.9</name>
  </wpt>
  <wpt lat="49.741367366433742" lon="3.2533918231838856">
    <name>4.0</name>
  </wpt>
  <wpt lat="49.742089521479613" lon="3.2542211560016012">
    <name>4.1</name>
  </wpt>
  <wpt lat="49.742815162387387" lon="3.2550432358862889">
    <name>4.2</name>
  </wpt>
  <wpt lat="49.743535270545124" lon="3.2558766118732567">
    <name>4.3</name>
  </wpt>
  <wpt lat="49.74419156913283" lon="3.2568269968095716">
    <name>4.4</name>
  </wpt>
  <wpt lat="49.74484040584062" lon="3.2577906782643948">
    <name>4.5</name>
  </wpt>
  <wpt lat="49.745472457325839" lon="3.2587803165036231">
    <name>4.6</name>
  </wpt>
  <wpt lat="49.746115754187549" lon="3.2597524470648089">
    <name>4.7</name>
  </wpt>
  <wpt lat="49.746772956647376" lon="3.2607024934135214">
    <name>4.8</name>
  </wpt>
  <wpt lat="49.747503174272616" lon="3.2615050420343357">
    <name>4.9</name>
  </wpt>
  <wpt lat="49.74834199981013" lon="3.2620052458387248">
    <name>5.0</name>
  </wpt>
  <wpt lat="49.749184925680467" lon="3.262490368010964">
    <name>5.1</name>
  </wpt>
  <wpt lat="49.7500255561946" lon="3.262984754076736">
    <name>5.2</name>
  </wpt>
  <wpt lat="49.750861724433676" lon="3.2634971402546871">
    <name>5.3</name>
  </wpt>
  <wpt lat="49.75170123744779" lon="3.2639859170032333">
    <name>5.4</name>
  </wpt>
  <wpt lat="49.752456065236416" lon="3.2647406132910572">
    <name>5.5</name>
  </wpt>
  <wpt lat="49.753199474327232" lon="3.265523905248743">
    <name>5.6</name>
  </wpt>
  <wpt lat="49.753946544346761" lon="3.2662988123435048">
    <name>5.7</name>
  </wpt>
  <wpt lat="49.754695548244264" lon="3.2670692710998335">
    <name>5.8</name>
  </wpt>
  <wpt lat="49.755444552141682" lon="3.267839741755711">
    <name>5.9</name>
  </wpt>
  <wpt lat="49.756193686436035" lon="3.2686099204150922">
    <name>6.0</name>
  </wpt>
  <wpt lat="49.756942936002723" lon="3.2693798423644242">
    <name>6.1</name>
  </wpt>
  <wpt lat="49.757692185569333" lon="3.270149776209947">
    <name>6.2</name>
  </wpt>
  <wpt lat="49.758463212427039" lon="3.2708630300702644">
    <name>6.3</name>
  </wpt>
  <wpt lat="49.759303478216374" lon="3.2713591859673423">
    <name>6.4</name>
  </wpt>
  <wpt lat="49.7601453310152" lon="3.2718488552958642">
    <name>6.5</name>
  </wpt>
  <wpt lat="49.760987385031122" lon="3.2723377096076054">
    <name>6.6</name>
  </wpt>
  <wpt lat="49.761834291271867" lon="3.2728059439124206">
    <name>6.7</name>
  </wpt>
  <wpt lat="49.76268581527507" lon="3.2732523241886806">
    <name>6.8</name>
  </wpt>
  <wpt lat="49.763577752222147" lon="3.2733606935606123">
    <name>6.9</name>
  </wpt>
  <wpt lat="49.764476848411647" lon="3.2733295227685453">
    <name>7.0</name>
  </wpt>
  <wpt lat="49.765374540754081" lon="3.2732704777390622">
    <name>7.1</name>
  </wpt>
  <wpt lat="49.766265890725265" lon="3.2730855050988614">
    <name>7.2</name>
  </wpt>
  <wpt lat="49.767157240696449" lon="3.272900529057452">
    <name>7.3</name>
  </wpt>
  <wpt lat="49.768048590667625" lon="3.2727155496147318">
    <name>7.4</name>
  </wpt>
  <wpt lat="49.768940012144263" lon="3.272574">
    <name>7.5</name>
  </wpt>
  <wpt lat="49.769795713160889" lon="3.2729815089156244">
    <name>7.6</name>
  </wpt>
  <wpt lat="49.770629957122537" lon="3.2735015626006603">
    <name>7.7</name>
  </wpt>
  <wpt lat="49.771465201786143" lon="3.2740177062507989">
    <name>7.8</name>
  </wpt>
  <wpt lat="49.772195887826371" lon="3.2746181323833783">
    <name>7.9</name>
  </wpt>
  <wpt lat="49.7717674815206" lon="3.2758420191113129">
    <name>8.0</name>
  </wpt>
  <wpt lat="49.77182681170693" lon="3.2769925600835816">
    <name>8.1</name>
  </wpt>
  <wpt lat="49.7725092076894" lon="3.2778981709029416">
    <name>8.2</name>
  </wpt>
  <wpt lat="49.773220426094987" lon="3.2787500396844611">
    <name>8.3</name>
  </wpt>
  <wpt lat="49.798998144167825" lon="3.32104728827254">
    <name>12.74</name>
  </wpt>
  <wpt lat="49.799379684768944" lon="3.3218527685729393">
    <name>12.8</name>
  </wpt>
  <wpt lat="49.7999897948541" lon="3.3228746707893762">
    <name>12.9</name>
  </wpt>
  <wpt lat="49.800656107572657" lon="3.3238103257838074">
    <name>13.0</name>
  </wpt>
  <wpt lat="49.80132683678152" lon="3.3247384986334745">
    <name>13.1</name>
  </wpt>
  <wpt lat="49.802034416018124" lon="3.3255968296121554">
    <name>13.2</name>
  </wpt>
  <wpt lat="49.990298340705621" lon="3.4519408283944237">
    <name>44.13</name>
  </wpt>
  <wpt lat="49.99079261140853" lon="3.4528568113169915">
    <name>44.2</name>
  </wpt>
  <wpt lat="49.9915999239793" lon="3.4534649000114781">
    <name>44.3</name>
  </wpt>
  <wpt lat="49.992438859640409" lon="3.4539688185097472">
    <name>44.4</name>
  </wpt>
  <wpt lat="49.993283830152521" lon="3.4544473189000611">
    <name>44.5</name>
  </wpt>
  <wpt lat="49.994131596052483" lon="3.4549141624548758">
    <name>44.6</name>
  </wpt>
  <wpt lat="49.994911601677593" lon="3.4556097937118531">
    <name>44.7</name>
  </wpt>
  <wpt lat="49.995708116234816" lon="3.4562578332946625">
    <name>44.8</name>
  </wpt>
  <wpt lat="49.996520131219555" lon="3.4568590684798468">
    <name>44.9</name>
  </wpt>
  <wpt lat="49.997155718664217" lon="3.457807662123491">
    <name>45.0</name>
  </wpt>
  <wpt lat="49.99766760468259" lon="3.4589579441531142">
    <name>45.1</name>
  </wpt>
  <wpt lat="49.998179490700871" lon="3.4601082384292465">
    <name>45.2</name>
  </wpt>
  <wpt lat="49.998691376719044" lon="3.4612585449521944">
    <name>45.3</name>
  </wpt>
  <wpt lat="49.999187365344063" lon="3.462424720059571">
    <name>45.4</name>
  </wpt>
  <wpt lat="49.999962511800717" lon="3.4630803492432793">
    <name>45.5</name>
  </wpt>
  <wpt lat="50.000813423779441" lon="3.4635331945630172">
    <name>45.6</name>
  </wpt>
  <wpt lat="50.001664335758164" lon="3.4639860478980582">
    <name>45.7</name>
  </wpt>
  <wpt lat="50.002515247736845" lon="3.4644389092488095">
    <name>45.8</name>
  </wpt>
  <wpt lat="50.003366159715505" lon="3.4648917786156783">
    <name>45.9</name>
  </wpt>
  <wpt lat="50.004217071694121" lon="3.46534465599897">
    <name>46.0</name>
  </wpt>
  <wpt lat="50.00506798367271" lon="3.4657975413990911">
    <name>46.1</name>
  </wpt>
  <wpt lat="50.005918895651284" lon="3.4662504348165508">
    <name>46.2</name>
  </wpt>
  <wpt lat="50.006769807629823" lon="3.4667033362515531">
    <name>46.3</name>
  </wpt>
  <wpt lat="50.007620661507453" lon="3.4671565099276851">
    <name>46.4</name>
  </wpt>
  <wpt lat="50.008471084977749" lon="3.4676116296162762">
    <name>46.5</name>
  </wpt>
  <wpt lat="50.009320486357446" lon="3.4680713689438023">
    <name>46.6</name>
  </wpt>
  <wpt lat="50.010169887737106" lon="3.4685311163967558">
    <name>46.7</name>
  </wpt>
  <wpt lat="50.01102635426971" lon="3.4689578314303371">
    <name>46.8</name>
  </wpt>
  <wpt lat="50.011883440344647" lon="3.4693816574771477">
    <name>46.9</name>
  </wpt>
  <wpt lat="50.01276817619685" lon="3.4695802516927174">
    <name>47.0</name>
  </wpt>
  <wpt lat="50.013666152141063" lon="3.46965370391595">
    <name>47.1</name>
  </wpt>
  <wpt lat="50.014563644677921" lon="3.4697429122659149">
    <name>47.2</name>
  </wpt>
  <wpt lat="50.015461319289059" lon="3.4697987024507966">
    <name>47.3</name>
  </wpt>
  <wpt lat="50.016321479923732" lon="3.469618923522451">
    <name>47.4</name>
  </wpt>
  <wpt lat="50.017219436696976" lon="3.4696762620988544">
    <name>47.5</name>
  </wpt>
  <wpt lat="50.018118661185994" lon="3.4696966987846132">
    <name>47.6</name>
  </wpt>
  <wpt lat="50.019017456098673" lon="3.4697387357494911">
    <name>47.7</name>
  </wpt>
  <wpt lat="50.019916000978142" lon="3.46979099999995">
    <name>47.8</name>
  </wpt>
  <wpt lat="50.020812811582928" lon="3.469699864195376">
    <name>47.9</name>
  </wpt>
  <wpt lat="50.02170393482151" lon="3.4695156940066787">
    <name>48.0</name>
  </wpt>
  <wpt lat="50.022524683055273" lon="3.4690206136088229">
    <name>48.1</name>
  </wpt>
  <wpt lat="50.0231460210769" lon="3.4680086549227203">
    <name>48.2</name>
  </wpt>
  <wpt lat="50.023768120988663" lon="3.4669978138715232">
    <name>48.3</name>
  </wpt>
  <wpt lat="50.024365836017274" lon="3.46595298876963">
    <name>48.4</name>
  </wpt>
  <wpt lat="50.024942566614158" lon="3.4648789194819614">
    <name>48.5</name>
  </wpt>
  <wpt lat="50.025529202226892" lon="3.4638205429549109">
    <name>48.6</name>
  </wpt>
  <wpt lat="50.026213460644662" lon="3.4629127379213585">
    <name>48.7</name>
  </wpt>
  <wpt lat="50.026799208032735" lon="3.4618586199671091">
    <name>48.8</name>
  </wpt>
  <wpt lat="50.02740917038976" lon="3.4608463504282478">
    <name>48.9</name>
  </wpt>
  <wpt lat="50.743514624049453" lon="3.9228894061238151">
    <name>160.34</name>
  </wpt>
  <wpt lat="50.743731850752773" lon="3.9227700756429251">
    <name>160.4</name>
  </wpt>
  <wpt lat="50.773885143623573" lon="3.8868528563957288">
    <name>166.30</name>
  </wpt>
  <wpt lat="50.773755587093277" lon="3.8869733038102754">
    <name>166.3</name>
  </wpt>
  <wpt lat="50.77310733766587" lon="3.8878892836064338">
    <name>166.4</name>
  </wpt>
  <wpt lat="50.7723748771784" lon="3.8883933949841234">
    <name>166.5</name>
  </wpt>
  <wpt lat="50.771572846190423" lon="3.888292773828625">
    <name>166.6</name>
  </wpt>
  <wpt lat="50.771837898558417" lon="3.8893339286013564">
    <name>166.7</name>
  </wpt>
  <wpt lat="50.772248985629837" lon="3.8902821509759518">
    <name>166.8</name>
  </wpt>
  <wpt lat="50.772867370175966" lon="3.8908529718667992">
    <name>166.9</name>
  </wpt>
  <wpt lat="50.773456047695618" lon="3.8911938892451481">
    <name>167.0</name>
  </wpt>
  <wpt lat="50.782581922366369" lon="3.9114329999999522">
    <name>168.85</name>
  </wpt>
  <wpt lat="50.782985630730089" lon="3.9120858195156485">
    <name>168.9</name>
  </wpt>
  <wpt lat="50.783573261284509" lon="3.9131589938337021">
    <name>169.0</name>
  </wpt>
  <wpt lat="50.784206047260568" lon="3.9141688725314925">
    <name>169.1</name>
  </wpt>
  <wpt lat="50.7848435456885" lon="3.9151719374731488">
    <name>169.2</name>
  </wpt>
  <wpt lat="50.785412546793793" lon="3.9162723497679672">
    <name>169.3</name>
  </wpt>
  <wpt lat="50.825852261725544" lon="4.0147664369625868">
    <name>178.70</name>
  </wpt>
  <wpt lat="50.825946502358434" lon="4.0146915729017163">
    <name>178.7</name>
  </wpt>
  <wpt lat="50.826782064881314" lon="4.0141651343976825">
    <name>178.8</name>
  </wpt>
  <wpt lat="50.827506375327616" lon="4.0135002721088213">
    <name>178.9</name>
  </wpt>
  <wpt lat="50.8281076027398" lon="4.0127246573542807">
    <name>179.0</name>
  </wpt>
  <wpt lat="50.828940408050883" lon="4.0121872768599331">
    <name>179.1</name>
  </wpt>
  <wpt lat="50.82960867984886" lon="4.0120975136034271">
    <name>179.2</name>
  </wpt>
  <wpt lat="50.829686299035565" lon="4.0135143735596657">
    <name>179.3</name>
  </wpt>
  <wpt lat="50.829995191169409" lon="4.0148422886366761">
    <name>179.4</name>
  </wpt>
  <wpt lat="50.83022100022778" lon="4.0162008638358948">
    <name>179.5</name>
  </wpt>
  <wpt lat="50.830244476544173" lon="4.0176083658080222">
    <name>179.6</name>
  </wpt>
  <wpt lat="50.830691700075313" lon="4.0188329666818277">
    <name>179.7</name>
  </wpt>
  <wpt lat="50.831119731711127" lon="4.0200414182717319">
    <name>179.8</name>
  </wpt>
  <wpt lat="50.831537528952886" lon="4.021266879793151">
    <name>179.9</name>
  </wpt>
  <wpt lat="50.832111452225163" lon="4.0223628359969208">
    <name>180.0</name>
  </wpt>
  <wpt lat="50.832674202767421" lon="4.02347259472489">
    <name>180.1</name>
  </wpt>
  <wpt lat="50.872209209615662" lon="4.0185907987774554">
    <name>184.90</name>
  </wpt>
  <wpt lat="50.872314308058343" lon="4.0185773559627957">
    <name>184.9</name>
  </wpt>
  <wpt lat="50.873202302258264" lon="4.018359419028771">
    <name>185.0</name>
  </wpt>
  <wpt lat="50.874021272736918" lon="4.0188146861885379">
    <name>185.1</name>
  </wpt>
  <wpt lat="50.874738874848688" lon="4.01966870390221">
    <name>185.2</name>
  </wpt>
  <wpt lat="50.875481671172551" lon="4.0204713602161979">
    <name>185.3</name>
  </wpt>
  <wpt lat="50.919466002663249" lon="4.0550912550058884">
    <name>192.16</name>
  </wpt>
  <wpt lat="50.919884142388689" lon="4.0552027603624978">
    <name>192.2</name>
  </wpt>
  <wpt lat="50.920769831768048" lon="4.054956513818615">
    <name>192.3</name>
  </wpt>
  <wpt lat="50.921654429321052" lon="4.0547002788945061">
    <name>192.4</name>
  </wpt>
  <wpt lat="50.922538339633945" lon="4.0544391822476893">
    <name>192.5</name>
  </wpt>
  <wpt lat="50.9232971350841" lon="4.05375615683625">
    <name>192.6</name>
  </wpt>
  <wpt lat="50.923989544119017" lon="4.0528932480489832">
    <name>192.7</name>
  </wpt>
  <wpt lat="50.924825575495042" lon="4.05236749263914">
    <name>192.8</name>
  </wpt>
  <wpt lat="50.925661749000305" lon="4.0518422968612784">
    <name>192.9</name>
  </wpt>
  <wpt lat="50.9431096359758" lon="4.0574725372374463">
    <name>196.09</name>
  </wpt>
  <wpt lat="50.943291069303676" lon="4.0572588659403106">
    <name>196.1</name>
  </wpt>
  <wpt lat="50.943754110433467" lon="4.0563711733596479">
    <name>196.2</name>
  </wpt>
  <wpt lat="50.943969428858352" lon="4.05530775717877">
    <name>196.3</name>
  </wpt>
  <wpt lat="50.94435410254205" lon="4.0562890400103706">
    <name>196.4</name>
  </wpt>
  <wpt lat="50.944068658007247" lon="4.0571958589228672">
    <name>196.5</name>
  </wpt>
  <wpt lat="50.943468605178275" lon="4.0577068025833967">
    <name>196.6</name>
  </wpt>
  <wpt lat="50.949507437280865" lon="4.0982627261236333">
    <name>200.13</name>
  </wpt>
  <wpt lat="50.949729624419653" lon="4.0992478365209424">
    <name>200.2</name>
  </wpt>
  <wpt lat="50.971699986861168" lon="4.16827620124728">
    <name>206.75</name>
  </wpt>
  <wpt lat="50.971994623811042" lon="4.168663013221872">
    <name>206.8</name>
  </wpt>
  <wpt lat="50.998786224881989" lon="4.1767214526653778">
    <name>210.51</name>
  </wpt>
  <wpt lat="50.998838050609073" lon="4.1766719332351352">
    <name>210.5</name>
  </wpt>
  <wpt lat="50.999582366780771" lon="4.1760064418982044">
    <name>210.6</name>
  </wpt>
  <wpt lat="51.02149621393459" lon="4.11853607684898">
    <name>216.16</name>
  </wpt>
  <wpt lat="51.021602000013537" lon="4.1178169696774996">
    <name>216.2</name>
  </wpt>
  <wpt lat="51.021375922248751" lon="4.1165630900819812">
    <name>216.3</name>
  </wpt>
  <wpt lat="51.021648702664478" lon="4.1152023085595619">
    <name>216.4</name>
  </wpt>
  <wpt lat="51.031494000007534" lon="4.0987570618353724">
    <name>219.07</name>
  </wpt>
  <wpt lat="51.031704578881296" lon="4.0993169246635714">
    <name>219.1</name>
  </wpt>
  <wpt lat="51.03207657630103" lon="4.1005975872583731">
    <name>219.2</name>
  </wpt>
  <wpt lat="51.032209589120384" lon="4.1020091913771095">
    <name>219.3</name>
  </wpt>
  <wpt lat="51.033021774704459" lon="4.1018060000000158">
    <name>219.4</name>
  </wpt>
  <wpt lat="51.033609262480738" lon="4.1023241088804916">
    <name>219.5</name>
  </wpt>
  <wpt lat="51.03363120150442" lon="4.1037351130034132">
    <name>219.6</name>
  </wpt>
  <wpt lat="51.033858164743982" lon="4.1051180560946872">
    <name>219.7</name>
  </wpt>
  <wpt lat="51.0341208650594" lon="4.1063549999999625">
    <name>219.8</name>
  </wpt>
  <wpt lat="51.033571908324461" lon="4.1071810103748394">
    <name>219.9</name>
  </wpt>
  <wpt lat="51.068466000005905" lon="4.0478281322850851">
    <name>226.47</name>
  </wpt>
  <wpt lat="51.068427101132308" lon="4.0471632178128383">
    <name>226.5</name>
  </wpt>
  <wpt lat="51.068330085681637" lon="4.0457523644922784">
    <name>226.6</name>
  </wpt>
  <wpt lat="51.068371172184293" lon="4.0445758483793766">
    <name>226.7</name>
  </wpt>
  <wpt lat="51.068703948702861" lon="4.0439247195082331">
    <name>226.8</name>
  </wpt>
  <wpt lat="51.068273669739547" lon="4.0427167992276978">
    <name>226.9</name>
  </wpt>
  <wpt lat="51.06833308942857" lon="4.0413281948121931">
    <name>227.0</name>
  </wpt>
  <wpt lat="51.068466000003383" lon="4.0399262009685284">
    <name>227.1</name>
  </wpt>
  <wpt lat="51.068137215488768" lon="4.0387410447561924">
    <name>227.2</name>
  </wpt>
  <wpt lat="51.068395270373145" lon="4.03770958295957">
    <name>227.3</name>
  </wpt>
  <wpt lat="51.069229504535969" lon="4.037241961378589">
    <name>227.4</name>
  </wpt>
  <wpt lat="51.0700418334975" lon="4.03662975422476">
    <name>227.5</name>
  </wpt>
  <wpt lat="51.070629121694246" lon="4.0358980061292264">
    <name>227.6</name>
  </wpt>
  <wpt lat="51.100650402543742" lon="4.1415719341712247">
    <name>238.63</name>
  </wpt>
  <wpt lat="51.101352166605217" lon="4.141735940588247">
    <name>238.7</name>
  </wpt>
  <wpt lat="51.102237678829667" lon="4.1419791499208243">
    <name>238.8</name>
  </wpt>
  <wpt lat="51.103126135760135" lon="4.1422011005279931">
    <name>238.9</name>
  </wpt>
  <wpt lat="51.104014058222674" lon="4.1421787542309954">
    <name>239.0</name>
  </wpt>
  <wpt lat="51.10477244190313" lon="4.1414228033080871">
    <name>239.1</name>
  </wpt>
  <wpt lat="51.105499666495291" lon="4.1405824448348794">
    <name>239.2</name>
  </wpt>
  <wpt lat="51.106323237088418" lon="4.1408369999999728">
    <name>239.3</name>
  </wpt>
  <wpt lat="51.107122586325787" lon="4.1414403516176392">
    <name>239.4</name>
  </wpt>
  <wpt lat="51.10795949023656" lon="4.1418240000000335">
    <name>239.5</name>
  </wpt>
  <wpt lat="51.108858738293584" lon="4.1418371127735725">
    <name>239.6</name>
  </wpt>
  <wpt lat="51.109744406256766" lon="4.1420286442440224">
    <name>239.7</name>
  </wpt>
  <wpt lat="51.112231387132553" lon="4.1425484309045464">
    <name>240.00</name>
  </wpt>
  <wpt lat="51.112381476573141" lon="4.1425328905096981">
    <name>240.0</name>
  </wpt>
  <wpt lat="51.113264401557139" lon="4.1427977144359254">
    <name>240.1</name>
  </wpt>
  <wpt lat="51.113892548475377" lon="4.1430916976596874">
    <name>240.2</name>
  </wpt>
  <wpt lat="51.170260780349174" lon="4.3122207394148546">
    <name>255.62</name>
  </wpt>
  <wpt lat="51.169906579196528" lon="4.3134088824666525">
    <name>255.7</name>
  </wpt>
  <wpt lat="51.169610877284057" lon="4.3147267915701359">
    <name>255.8</name>
  </wpt>
  <wpt lat="51.169323636910917" lon="4.31608324365669">
    <name>255.9</name>
  </wpt>
  <wpt lat="51.169631406999741" lon="4.3168839686492273">
    <name>256.0</name>
  </wpt>
  <wpt lat="51.170511574166213" lon="4.3171738450681154">
    <name>256.1</name>
  </wpt>
  <wpt lat="51.171404752636" lon="4.3173412075007933">
    <name>256.2</name>
  </wpt>
  <wpt lat="51.172298200255753" lon="4.3175021249020427">
    <name>256.3</name>
  </wpt>
  <wpt lat="51.173187804904941" lon="4.3177095080409513">
    <name>256.4</name>
  </wpt>
  <wpt lat="51.174066182418166" lon="4.3180157698273067">
    <name>256.5</name>
  </wpt>
  <wpt lat="51.174921762655686" lon="4.31840500836869">
    <name>256.6</name>
  </wpt>
  <wpt lat="51.175196000709292" lon="4.3195913123888614">
    <name>256.7</name>
  </wpt>
  <wpt lat="51.1751960100692" lon="4.3210257717868785">
    <name>256.8</name>
  </wpt>
  <wpt lat="51.175196020717259" lon="4.3224602311853015">
    <name>256.9</name>
  </wpt>
  <wpt lat="51.175519734570663" lon="4.3234210000000015">
    <name>257.0</name>
  </wpt>
  <wpt lat="51.1755589436676" lon="4.3220523733564162">
    <name>257.1</name>
  </wpt>
  <wpt lat="51.1755461474553" lon="4.3206180480824417">
    <name>257.2</name>
  </wpt>
  <wpt lat="51.175539000750938" lon="4.3191836612184762">
    <name>257.3</name>
  </wpt>
  <wpt lat="51.180359337114169" lon="4.3175024176272681">
    <name>258.11</name>
  </wpt>
  <wpt lat="51.180419615559948" lon="4.3175101727418914">
    <name>258.1</name>
  </wpt>
  <wpt lat="51.181255896217131" lon="4.3180143783789067">
    <name>258.2</name>
  </wpt>
  <wpt lat="51.182071693684165" lon="4.3186181635704992">
    <name>258.3</name>
  </wpt>
  <wpt lat="51.182876387562871" lon="4.31925593337114">
    <name>258.4</name>
  </wpt>
  <wpt lat="51.183410271133226" lon="4.3203937087297044">
    <name>258.5</name>
  </wpt>
  <wpt lat="51.183895600709874" lon="4.3216014164114815">
    <name>258.6</name>
  </wpt>
  <wpt lat="51.184482792994189" lon="4.3226652988069185">
    <name>258.7</name>
  </wpt>
  <wpt lat="51.185212871191979" lon="4.3235030862969159">
    <name>258.8</name>
  </wpt>
  <wpt lat="51.185943964295618" lon="4.3243386283695564">
    <name>258.9</name>
  </wpt>
  <wpt lat="51.186674081254225" lon="4.3251752363322762">
    <name>259.0</name>
  </wpt>
  <wpt lat="51.187440340919032" lon="4.3258980809094432">
    <name>259.1</name>
  </wpt>
  <wpt lat="51.188328417140632" lon="4.3257284228393145">
    <name>259.2</name>
  </wpt>
  <wpt lat="51.189214184845454" lon="4.32548025519776">
    <name>259.3</name>
  </wpt>
  <wpt lat="51.19009721782308" lon="4.3252144099670273">
    <name>259.4</name>
  </wpt>
  <wpt lat="51.190727723499521" lon="4.324261508211789">
    <name>259.5</name>
  </wpt>
  <wpt lat="51.191208373740466" lon="4.3230607952123821">
    <name>259.6</name>
  </wpt>
  <wpt lat="51.220680873013734" lon="4.3877259167486482">
    <name>265.62</name>
  </wpt>
  <wpt lat="51.220521843580237" lon="4.3888715228676389">
    <name>265.7</name>
  </wpt>
  <wpt lat="51.220178075174488" lon="4.3901983458979936">
    <name>265.8</name>
  </wpt>
  <wpt lat="51.219834306768838" lon="4.3915251590200812">
    <name>265.9</name>
  </wpt>
  <wpt lat="51.219490538363274" lon="4.3928519622341051">
    <name>266.0</name>
  </wpt>
  <wpt lat="51.21914676995781" lon="4.3941787555402687">
    <name>266.1</name>
  </wpt>
  <wpt lat="51.21880300155243" lon="4.3955055389386741">
    <name>266.2</name>
  </wpt>
  <wpt lat="51.218934410811741" lon="4.3955277376467388">
    <name>266.3</name>
  </wpt>
  <wpt lat="51.219699647357722" lon="4.3958644009671479">
    <name>266.4</name>
  </wpt>
  <wpt lat="51.220520759587494" lon="4.3964496960767692">
    <name>266.5</name>
  </wpt>
  <wpt lat="51.221340118876455" lon="4.3970411927475279">
    <name>266.6</name>
  </wpt>
  <wpt lat="51.222168111921384" lon="4.39760082747469">
    <name>266.7</name>
  </wpt>
  <wpt lat="51.22300368877643" lon="4.3981310527457032">
    <name>266.8</name>
  </wpt>
  <wpt lat="51.223845046808037" lon="4.3986336124068934">
    <name>266.9</name>
  </wpt>
  <wpt lat="51.224680192357795" lon="4.3991663144793449">
    <name>267.0</name>
  </wpt>
  <wpt lat="51.225524608800804" lon="4.3994241615308489">
    <name>267.1</name>
  </wpt>
  <wpt lat="51.226362112913172" lon="4.3999473748283693">
    <name>267.2</name>
  </wpt>
  <wpt lat="51.22704891053634" lon="4.4008299105276949">
    <name>267.3</name>
  </wpt>
  <wpt lat="51.227801755708683" lon="4.401603755632399">
    <name>267.4</name>
  </wpt>
  <wpt lat="51.22799475247691" lon="4.4027504924647358">
    <name>267.5</name>
  </wpt>
  <wpt lat="51.228024104926405" lon="4.4041858323124483">
    <name>267.6</name>
  </wpt>
  <wpt lat="51.228057227999344" lon="4.4056206504487392">
    <name>267.7</name>
  </wpt>
  <wpt lat="51.228099424673893" lon="4.4070551758741541">
    <name>267.8</name>
  </wpt>
  <wpt lat="51.228127995215537" lon="4.4084904970680414">
    <name>267.9</name>
  </wpt>
  <wpt lat="51.228164954063963" lon="4.4099249413289581">
    <name>268.0</name>
  </wpt>
  <wpt lat="51.228254629110161" lon="4.4112649595496238">
    <name>268.1</name>
  </wpt>
  <wpt lat="51.2291534602791" lon="4.4112175372499163">
    <name>268.2</name>
  </wpt>
  <wpt lat="51.229984839651571" lon="4.4110540000000258">
    <name>268.3</name>
  </wpt>
  <wpt lat="51.230857000019711" lon="4.4110973758406171">
    <name>268.4</name>
  </wpt>
  <wpt lat="51.231093000028253" lon="4.4121566885379337">
    <name>268.5</name>
  </wpt>
  <wpt lat="51.2314080945174" lon="4.413334077247157">
    <name>268.6</name>
  </wpt>
  <wpt lat="51.2317800011504" lon="4.4145505261583029">
    <name>268.7</name>
  </wpt>
  <wpt lat="51.231780001472352" lon="4.4159867488030118">
    <name>268.8</name>
  </wpt>
  <wpt lat="51.23178000061111" lon="4.4174229714477216">
    <name>268.9</name>
  </wpt>
  <wpt lat="51.231780000209568" lon="4.41885919409243">
    <name>269.0</name>
  </wpt>
  <wpt lat="51.2321072962556" lon="4.4200576481095419">
    <name>269.1</name>
  </wpt>
  <wpt lat="51.233003245394578" lon="4.4201299999999843">
    <name>269.2</name>
  </wpt>
  <wpt lat="51.233902567000513" lon="4.4201299999999843">
    <name>269.3</name>
  </wpt>
  <wpt lat="51.234798945685441" lon="4.4200865095559161">
    <name>269.4</name>
  </wpt>
  <wpt lat="51.467641942248143" lon="4.6566162866380694">
    <name>302.92</name>
  </wpt>
  <wpt lat="51.468358823361491" lon="4.6571696055829976">
    <name>303.0</name>
  </wpt>
  <wpt lat="51.469109620470938" lon="4.65796395386008">
    <name>303.1</name>
  </wpt>
  <wpt lat="51.469702922878149" lon="4.6589393634212906">
    <name>303.2</name>
  </wpt>
  <wpt lat="51.470159745181121" lon="4.6601826407403708">
    <name>303.3</name>
  </wpt>
  <wpt lat="51.470568930099546" lon="4.6614677889122529">
    <name>303.4</name>
  </wpt>
  <wpt lat="51.471045784008368" lon="4.6626890676391888">
    <name>303.5</name>
  </wpt>
  <wpt lat="51.471745517595238" lon="4.6635728960286054">
    <name>303.6</name>
  </wpt>
  <wpt lat="51.472405071628515" lon="4.66454698105367">
    <name>303.7</name>
  </wpt>
  <wpt lat="51.472657483278958" lon="4.6655969618148552">
    <name>303.8</name>
  </wpt>
  <wpt lat="51.471938253906792" lon="4.6663395269021555">
    <name>303.9</name>
  </wpt>
  <wpt lat="51.471779067477833" lon="4.6668229191865809">
    <name>304.0</name>
  </wpt>
  <wpt lat="51.472402198489178" lon="4.6670242947626157">
    <name>304.1</name>
  </wpt>
  <wpt lat="51.47210596246282" lon="4.6681854433240195">
    <name>304.2</name>
  </wpt>
  <wpt lat="51.471392761224294" lon="4.6678166039291984">
    <name>304.3</name>
  </wpt>
  <wpt lat="51.472390777095661" lon="4.6716807294365443">
    <name>304.79</name>
  </wpt>
  <wpt lat="51.472541843036225" lon="4.6718483848548962">
    <name>304.8</name>
  </wpt>
  <wpt lat="51.4731895916304" lon="4.6728234521273562">
    <name>304.9</name>
  </wpt>
  <wpt lat="51.473565000270668" lon="4.6740566782247592">
    <name>305.0</name>
  </wpt>
  <wpt lat="51.475187673237812" lon="4.6722835609649209">
    <name>305.38</name>
  </wpt>
  <wpt lat="51.475343106442814" lon="4.6718157000392111">
    <name>305.4</name>
  </wpt>
  <wpt lat="51.475743172657616" lon="4.6705243709671764">
    <name>305.5</name>
  </wpt>
  <wpt lat="51.518247790738926" lon="4.7029229487526569">
    <name>310.91</name>
  </wpt>
  <wpt lat="51.51825068317919" lon="4.70294743339967">
    <name>310.9</name>
  </wpt>
  <wpt lat="51.518394121045517" lon="4.7042280946639314">
    <name>311.0</name>
  </wpt>
  <wpt lat="51.518578561815318" lon="4.7055626215924127">
    <name>311.1</name>
  </wpt>
  <wpt lat="51.542314443888813" lon="4.9394714469598053">
    <name>332.61</name>
  </wpt>
  <wpt lat="51.5423150000035" lon="4.9394963626564525">
    <name>332.6</name>
  </wpt>
  <wpt lat="51.542373078613544" lon="4.9407709958473847">
    <name>332.7</name>
  </wpt>
  <wpt lat="51.54325777339789" lon="4.9410296562316551">
    <name>332.8</name>
  </wpt>
  <wpt lat="51.544133222695457" lon="4.9413602886900243">
    <name>332.9</name>
  </wpt>
  <wpt lat="51.567504158865013" lon="4.9768549817220418">
    <name>337.34</name>
  </wpt>
  <wpt lat="51.568028017761428" lon="4.9774009083029025">
    <name>337.4</name>
  </wpt>
  <wpt lat="51.568742397174589" lon="4.9782797940594543">
    <name>337.5</name>
  </wpt>
  <wpt lat="51.569075590506657" lon="4.9792792061348727">
    <name>337.6</name>
  </wpt>
  <wpt lat="51.56925344005549" lon="4.9803270600321721">
    <name>337.7</name>
  </wpt>
  <wpt lat="51.570129726692976" lon="4.9806521287018617">
    <name>337.8</name>
  </wpt>
  <wpt lat="51.571002968821837" lon="4.9809973394951994">
    <name>337.9</name>
  </wpt>
  <wpt lat="51.571877596428557" lon="4.9813340423785535">
    <name>338.0</name>
  </wpt>
  <wpt lat="51.5727489562831" lon="4.9816761575197">
    <name>338.1</name>
  </wpt>
  <wpt lat="51.573625281820817" lon="4.981997616089247">
    <name>338.2</name>
  </wpt>
  <wpt lat="51.574498935819314" lon="4.9823402483604937">
    <name>338.3</name>
  </wpt>
  <wpt lat="51.575375564069965" lon="4.982663268938917">
    <name>338.4</name>
  </wpt>
  <wpt lat="51.57625847489242" lon="4.9828815095564751">
    <name>338.5</name>
  </wpt>
  <wpt lat="51.588532205858478" lon="4.9842062453192719">
    <name>340.12</name>
  </wpt>
  <wpt lat="51.589234575870314" lon="4.9848018725948178">
    <name>340.2</name>
  </wpt>
  <wpt lat="51.590129849244619" lon="4.9849390625481353">
    <name>340.3</name>
  </wpt>
  <wpt lat="51.590937610923795" lon="4.9848038378626089">
    <name>340.4</name>
  </wpt>
  <wpt lat="51.59174196200248" lon="4.9854089899097378">
    <name>340.5</name>
  </wpt>
  <wpt lat="51.59253548452898" lon="4.986089871341937">
    <name>340.6</name>
  </wpt>
  <wpt lat="51.59333187920533" lon="4.9867621708762071">
    <name>340.7</name>
  </wpt>
  <wpt lat="51.594124919752332" lon="4.9874411768186668">
    <name>340.8</name>
  </wpt>
  <wpt lat="51.594667597777068" lon="4.9884319057189481">
    <name>340.9</name>
  </wpt>
  <wpt lat="51.595511088187138" lon="4.9888801909517442">
    <name>341.0</name>
  </wpt>
  <wpt lat="51.596400403464273" lon="4.9890953735986949">
    <name>341.1</name>
  </wpt>
  <wpt lat="51.59715179222907" lon="4.9894510390905307">
    <name>341.2</name>
  </wpt>
  <wpt lat="51.5964821905849" lon="4.9902276623321944">
    <name>341.3</name>
  </wpt>
  <wpt lat="51.597120160247229" lon="4.9895303455736979">
    <name>341.4</name>
  </wpt>
  <wpt lat="51.597889107504294" lon="4.9902811071464361">
    <name>341.5</name>
  </wpt>
  <wpt lat="51.598481925627986" lon="4.9897315453084152">
    <name>341.6</name>
  </wpt>
  <wpt lat="51.598977296634715" lon="4.988685546316205">
    <name>341.7</name>
  </wpt>
  <wpt lat="51.599872845365368" lon="4.9886883364227366">
    <name>341.8</name>
  </wpt>
  <wpt lat="51.600762050250509" lon="4.9885603412300084">
    <name>341.9</name>
  </wpt>
  <wpt lat="51.601625369913592" lon="4.988156960336763">
    <name>342.0</name>
  </wpt>
  <wpt lat="51.602486301170451" lon="4.9877388944203283">
    <name>342.1</name>
  </wpt>
  <wpt lat="51.603349445889712" lon="4.9873327520451367">
    <name>342.2</name>
  </wpt>
  <wpt lat="51.604208276245615" lon="4.9869033009363877">
    <name>342.3</name>
  </wpt>
  <wpt lat="51.605071978633141" lon="4.9865019496016991">
    <name>342.4</name>
  </wpt>
  <wpt lat="51.605946160823372" lon="4.9861619711403948">
    <name>342.5</name>
  </wpt>
  <wpt lat="51.606820945747955" lon="4.9858266313743824">
    <name>342.6</name>
  </wpt>
  <wpt lat="51.607713320032126" lon="4.9856614125729664">
    <name>342.7</name>
  </wpt>
  <wpt lat="51.608154218348488" lon="4.9863355625461132">
    <name>342.8</name>
  </wpt>
  <wpt lat="51.608471568718734" lon="4.98757540324319">
    <name>342.9</name>
  </wpt>
  <wpt lat="51.618254291679" lon="4.9514441254044952">
    <name>346.05</name>
  </wpt>
  <wpt lat="51.622031507651805" lon="4.94456105146839">
    <name>346.73</name>
  </wpt>
  <wpt lat="51.622559790159606" lon="4.9436372915719842">
    <name>346.8</name>
  </wpt>
  <wpt lat="51.623144460619343" lon="4.9425372864039412">
    <name>346.9</name>
  </wpt>
  <wpt lat="51.623735424700229" lon="4.9414453869678461">
    <name>347.0</name>
  </wpt>
  <wpt lat="51.624219000048626" lon="4.9408108100214223">
    <name>347.1</name>
  </wpt>
  <wpt lat="51.624358456489531" lon="4.9422391958420908">
    <name>347.2</name>
  </wpt>
  <wpt lat="51.624938609762751" lon="4.942454514465032">
    <name>347.3</name>
  </wpt>
  <wpt lat="51.62555013265262" lon="4.94139666541491">
    <name>347.4</name>
  </wpt>
  <wpt lat="51.626210191467166" lon="4.9408155883200635">
    <name>347.5</name>
  </wpt>
  <wpt lat="51.626982950548438" lon="4.941451815020506">
    <name>347.6</name>
  </wpt>
  <wpt lat="51.627625119697392" lon="4.9414787133871076">
    <name>347.7</name>
  </wpt>
  <wpt lat="51.628060701442337" lon="4.9420893928602707">
    <name>347.8</name>
  </wpt>
  <wpt lat="51.627999126767655" lon="4.9410464938421423">
    <name>347.9</name>
  </wpt>
  <wpt lat="51.628374100616078" lon="4.9400290459520289">
    <name>348.0</name>
  </wpt>
  <wpt lat="51.628977218542438" lon="4.9389580407565949">
    <name>348.1</name>
  </wpt>
  <wpt lat="51.624401457961746" lon="4.9314507262980651">
    <name>349.19</name>
  </wpt>
  <wpt lat="51.62422243064357" lon="4.9315705694251353">
    <name>349.2</name>
  </wpt>
  <wpt lat="51.623731797897662" lon="4.9326428913655258">
    <name>349.3</name>
  </wpt>
  <wpt lat="51.623498479241711" lon="4.9340418482565012">
    <name>349.4</name>
  </wpt>
  <wpt lat="51.623259000070966" lon="4.9353249863989417">
    <name>349.5</name>
  </wpt>
  <wpt lat="51.623319784474546" lon="4.9366051121285306">
    <name>349.6</name>
  </wpt>
  <wpt lat="51.622984575860976" lon="4.9379491621440721">
    <name>349.7</name>
  </wpt>
  <wpt lat="51.622233423600278" lon="4.9378257430641082">
    <name>349.8</name>
  </wpt>
  <wpt lat="51.621880068682408" lon="4.9369524468641233">
    <name>349.9</name>
  </wpt>
  <wpt lat="51.621627744990285" lon="4.9357653066698157">
    <name>350.0</name>
  </wpt>
  <wpt lat="51.6214561965726" lon="4.9346574056106078">
    <name>350.1</name>
  </wpt>
  <wpt lat="51.621512435021096" lon="4.9332928570969319">
    <name>350.2</name>
  </wpt>
  <wpt lat="51.621711387413029" lon="4.93206077151855">
    <name>350.3</name>
  </wpt>
  <wpt lat="51.62200104262984" lon="4.93073450255456">
    <name>350.4</name>
  </wpt>
  <wpt lat="51.622183888186576" lon="4.9293366721908116">
    <name>350.5</name>
  </wpt>
  <wpt lat="51.622505194617574" lon="4.9280684149073206">
    <name>350.6</name>
  </wpt>
  <wpt lat="51.62256716463" lon="4.9266401224718077">
    <name>350.7</name>
  </wpt>
  <wpt lat="51.622683479112581" lon="4.9252166764776844">
    <name>350.8</name>
  </wpt>
  <wpt lat="51.622843652770996" lon="4.9237918377415664">
    <name>350.9</name>
  </wpt>
  <wpt lat="51.623467478674137" lon="4.923174808183199">
    <name>351.03</name>
  </wpt>
  <wpt lat="51.624239854512815" lon="4.9231528566545109">
    <name>351.1</name>
  </wpt>
  <wpt lat="51.625095433677544" lon="4.9232889280882715">
    <name>351.2</name>
  </wpt>
  <wpt lat="51.626186996982113" lon="4.9218127373389224">
    <name>351.45</name>
  </wpt>
  <wpt lat="51.626151000219778" lon="4.9208692187022169">
    <name>351.5</name>
  </wpt>
  <wpt lat="51.626129000010934" lon="4.9194224908019306">
    <name>351.6</name>
  </wpt>
  <wpt lat="51.626151000060041" lon="4.9179770450484757">
    <name>351.7</name>
  </wpt>
  <wpt lat="51.625614523978896" lon="4.917213150685467">
    <name>351.8</name>
  </wpt>
  <wpt lat="51.62473007302458" lon="4.9169508009425469">
    <name>351.9</name>
  </wpt>
  <wpt lat="51.623846197584051" lon="4.9166840708783477">
    <name>352.0</name>
  </wpt>
  <wpt lat="51.622974874485138" lon="4.9163305233905428">
    <name>352.1</name>
  </wpt>
  <wpt lat="51.622104461758418" lon="4.9159669796393164">
    <name>352.2</name>
  </wpt>
  <wpt lat="51.621237351531242" lon="4.9155827724482224">
    <name>352.3</name>
  </wpt>
  <wpt lat="51.6203876860386" lon="4.91511800815177">
    <name>352.4</name>
  </wpt>
  <wpt lat="51.619597781816786" lon="4.9144412523595369">
    <name>352.5</name>
  </wpt>
  <wpt lat="51.588306850678769" lon="4.9125147782518761">
    <name>356.53</name>
  </wpt>
  <wpt lat="51.587582320768504" lon="4.9124438932701979">
    <name>356.6</name>
  </wpt>
  <wpt lat="51.586701892209192" lon="4.9127389886558683">
    <name>356.7</name>
  </wpt>
  <wpt lat="51.585823525629046" lon="4.9130487372047309">
    <name>356.8</name>
  </wpt>
  <wpt lat="51.585003638839424" lon="4.9133794629304992">
    <name>356.9</name>
  </wpt>
  <wpt lat="51.584278194187149" lon="4.9139616191981341">
    <name>357.0</name>
  </wpt>
  <wpt lat="51.583855412492284" lon="4.9126921302674873">
    <name>357.1</name>
  </wpt>
  <wpt lat="51.583460236351989" lon="4.9113928990030242">
    <name>357.2</name>
  </wpt>
  <wpt lat="51.583070936857851" lon="4.9100882785745474">
    <name>357.3</name>
  </wpt>
  <wpt lat="51.582682661648164" lon="4.9087828658867947">
    <name>357.4</name>
  </wpt>
  <wpt lat="51.582695069247471" lon="4.9073899514265289">
    <name>357.5</name>
  </wpt>
  <wpt lat="51.568522107002572" lon="4.8221982181168368">
    <name>365.99</name>
  </wpt>
  <wpt lat="51.568353069767674" lon="4.8220444547726506">
    <name>366.0</name>
  </wpt>
  <wpt lat="51.567461799842732" lon="4.8218512846893846">
    <name>366.1</name>
  </wpt>
  <wpt lat="51.566682708192033" lon="4.8215103444592851">
    <name>366.2</name>
  </wpt>
  <wpt lat="51.567078679646343" lon="4.82048684424139">
    <name>366.3</name>
  </wpt>
  <wpt lat="51.567969012458626" lon="4.8202827973635838">
    <name>366.4</name>
  </wpt>
  <wpt lat="51.567347881026144" lon="4.7868518840307956">
    <name>368.94</name>
  </wpt>
  <wpt lat="51.567442000001989" lon="4.7857605584106322">
    <name>369.0</name>
  </wpt>
  <wpt lat="51.567835982513" lon="4.7844960175618265">
    <name>369.1</name>
  </wpt>
  <wpt lat="51.568687867472462" lon="4.7841209034449683">
    <name>369.2</name>
  </wpt>
  <wpt lat="51.569567667489629" lon="4.7844004075591284">
    <name>369.3</name>
  </wpt>
  <wpt lat="51.570412005780909" lon="4.7839662772355327">
    <name>369.4</name>
  </wpt>
  <wpt lat="51.571289671214615" lon="4.7837135153687429">
    <name>369.5</name>
  </wpt>
  <wpt lat="51.572180307428923" lon="4.7835358394737364">
    <name>369.6</name>
  </wpt>
  <wpt lat="51.573055763274922" lon="4.78321191071515">
    <name>369.7</name>
  </wpt>
  <wpt lat="51.572018656782674" lon="4.7776395119388866">
    <name>370.23</name>
  </wpt>
  <wpt lat="51.5628670832462" lon="4.7571664939712344">
    <name>372.36</name>
  </wpt>
  <wpt lat="51.562826033402175" lon="4.7577392979354833">
    <name>372.4</name>
  </wpt>
  <wpt lat="51.563275967617486" lon="4.7586777587658924">
    <name>372.5</name>
  </wpt>
  <wpt lat="51.563998055358532" lon="4.75784317503">
    <name>372.6</name>
  </wpt>
  <wpt lat="51.563800302428923" lon="4.7567396396308848">
    <name>372.7</name>
  </wpt>
  <wpt lat="51.563045453410766" lon="4.7573506426362782">
    <name>372.8</name>
  </wpt>
  <wpt lat="51.565698432564062" lon="4.746571567999804">
    <name>373.95</name>
  </wpt>
  <wpt lat="51.566189493396145" lon="4.7460182839353324">
    <name>374.0</name>
  </wpt>
  <wpt lat="51.5669924919531" lon="4.74539270433944">
    <name>374.1</name>
  </wpt>
  <wpt lat="51.567096918866838" lon="4.7443304729144691">
    <name>374.2</name>
  </wpt>
  <wpt lat="51.57523623631382" lon="4.742445004767661">
    <name>375.29</name>
  </wpt>
  <wpt lat="51.575425370452912" lon="4.7422063941668346">
    <name>375.3</name>
  </wpt>
  <wpt lat="51.576132909955938" lon="4.7413131570998459">
    <name>375.4</name>
  </wpt>
  <wpt lat="51.576792214304717" lon="4.7403401194980006">
    <name>375.5</name>
  </wpt>
  <wpt lat="51.577217757019532" lon="4.7391730668492267">
    <name>375.6</name>
  </wpt>
  <wpt lat="51.577588529769145" lon="4.7350021007909566">
    <name>375.92</name>
  </wpt>
  <wpt lat="51.577791507170694" lon="4.73364119368884">
    <name>376.0</name>
  </wpt>
  <wpt lat="51.578007419729758" lon="4.7322363866662389">
    <name>376.1</name>
  </wpt>
  <wpt lat="51.578224766907972" lon="4.7308321455668052">
    <name>376.2</name>
  </wpt>
  <wpt lat="51.578290877993304" lon="4.7293999543920977">
    <name>376.3</name>
  </wpt>
  <wpt lat="51.578254785639508" lon="4.7279559001101461">
    <name>376.4</name>
  </wpt>
  <wpt lat="51.578149753293829" lon="4.7265189072541727">
    <name>376.5</name>
  </wpt>
  <wpt lat="51.578061482263024" lon="4.7250809523407629">
    <name>376.6</name>
  </wpt>
  <wpt lat="51.578021929298792" lon="4.7236352138707343">
    <name>376.7</name>
  </wpt>
  <wpt lat="51.570446000016567" lon="4.639663622899505">
    <name>383.52</name>
  </wpt>
  <wpt lat="51.570961000041869" lon="4.6389572564586983">
    <name>383.6</name>
  </wpt>
  <wpt lat="51.571353659662172" lon="4.6378111627321772">
    <name>383.7</name>
  </wpt>
  <wpt lat="51.570735883857118" lon="4.6374643016305388">
    <name>383.8</name>
  </wpt>
  <wpt lat="51.548605453294968" lon="4.58742655781486">
    <name>392.63</name>
  </wpt>
  <wpt lat="51.549332157754478" lon="4.5870155892788187">
    <name>392.7</name>
  </wpt>
  <wpt lat="51.550187736425691" lon="4.5865700302918">
    <name>392.8</name>
  </wpt>
  <wpt lat="51.583641748497129" lon="4.4671337495332963">
    <name>408.08</name>
  </wpt>
  <wpt lat="51.583597444996535" lon="4.4666803547838816">
    <name>408.1</name>
  </wpt>
  <wpt lat="51.583448796943" lon="4.465253534676493">
    <name>408.2</name>
  </wpt>
  <wpt lat="51.583627873477241" lon="4.4641900632800668">
    <name>408.3</name>
  </wpt>
  <wpt lat="51.584516797511455" lon="4.4639813867812688">
    <name>408.4</name>
  </wpt>
  <wpt lat="51.585407223372982" lon="4.4637787873009236">
    <name>408.5</name>
  </wpt>
  <wpt lat="51.585569504865077" lon="4.462667227691191">
    <name>408.6</name>
  </wpt>
  <wpt lat="51.586294493013909" lon="4.4622164493895138">
    <name>408.7</name>
  </wpt>
  <wpt lat="51.587179638313437" lon="4.4619607535596524">
    <name>408.8</name>
  </wpt>
  <wpt lat="51.587496315384946" lon="4.4610597858518242">
    <name>408.9</name>
  </wpt>
  <wpt lat="51.587851127844885" lon="4.4601880616969165">
    <name>409.0</name>
  </wpt>
  <wpt lat="51.582614055455942" lon="4.4545765443100072">
    <name>409.98</name>
  </wpt>
  <wpt lat="51.582398000000154" lon="4.4547406637844009">
    <name>410.0</name>
  </wpt>
  <wpt lat="51.581720557623619" lon="4.4553642564511433">
    <name>410.1</name>
  </wpt>
  <wpt lat="51.581336360807121" lon="4.4562129681982086">
    <name>410.2</name>
  </wpt>
  <wpt lat="51.581436568540624" lon="4.4576506360113441">
    <name>410.3</name>
  </wpt>
  <wpt lat="51.58167311067929" lon="4.4590361957696878">
    <name>410.4</name>
  </wpt>
  <wpt lat="51.5815134622463" lon="4.460098008100652">
    <name>410.5</name>
  </wpt>
  <wpt lat="51.580641337800472" lon="4.4603839475612732">
    <name>410.6</name>
  </wpt>
  <wpt lat="51.579805014598094" lon="4.4609159442351425">
    <name>410.7</name>
  </wpt>
  <wpt lat="51.579015206666391" lon="4.46155108097578">
    <name>410.8</name>
  </wpt>
  <wpt lat="51.5781754738611" lon="4.4620667441732627">
    <name>410.9</name>
  </wpt>
  <wpt lat="51.577310436347055" lon="4.4624619165896151">
    <name>411.0</name>
  </wpt>
  <wpt lat="51.5765101646958" lon="4.4630938233538222">
    <name>411.1</name>
  </wpt>
  <wpt lat="51.575806190910946" lon="4.46398371081573">
    <name>411.2</name>
  </wpt>
  <wpt lat="51.575017829794938" lon="4.4646610950035353">
    <name>411.3</name>
  </wpt>
  <wpt lat="51.574363597053548" lon="4.46564111961839">
    <name>411.4</name>
  </wpt>
  <wpt lat="51.573736483180639" lon="4.4666570473581686">
    <name>411.5</name>
  </wpt>
  <wpt lat="51.573001844170193" lon="4.4674205753868232">
    <name>411.6</name>
  </wpt>
  <wpt lat="51.572185301362993" lon="4.4680094637865668">
    <name>411.7</name>
  </wpt>
  <wpt lat="51.571330769192414" lon="4.4684604046523484">
    <name>411.8</name>
  </wpt>
  <wpt lat="51.570485961332366" lon="4.46895643310231">
    <name>411.9</name>
  </wpt>
  <wpt lat="51.569655877779887" lon="4.4695011225231216">
    <name>412.0</name>
  </wpt>
  <wpt lat="51.568824709172283" lon="4.4700427741168731">
    <name>412.1</name>
  </wpt>
  <wpt lat="51.56798281238401" lon="4.4705512330168427">
    <name>412.2</name>
  </wpt>
  <wpt lat="51.567134558686057" lon="4.4710314162119733">
    <name>412.3</name>
  </wpt>
  <wpt lat="51.523270595500477" lon="4.4796686703440214">
    <name>418.24</name>
  </wpt>
  <wpt lat="51.522767654083857" lon="4.4801571098001887">
    <name>418.3</name>
  </wpt>
  <wpt lat="51.522104460392391" lon="4.481126210810066">
    <name>418.4</name>
  </wpt>
  <wpt lat="51.5214562609464" lon="4.4821280980127804">
    <name>418.5</name>
  </wpt>
  <wpt lat="51.520824458630969" lon="4.4821617758627754">
    <name>418.6</name>
  </wpt>
  <wpt lat="51.520521354669086" lon="4.4808139575002972">
    <name>418.7</name>
  </wpt>
  <wpt lat="51.520273279319788" lon="4.4794247839718073">
    <name>418.8</name>
  </wpt>
  <wpt lat="51.516106902010115" lon="4.4747779902306482">
    <name>419.60</name>
  </wpt>
  <wpt lat="51.516076185563172" lon="4.474615901536958">
    <name>419.6</name>
  </wpt>
  <wpt lat="51.516829712686608" lon="4.4741105913755383">
    <name>419.7</name>
  </wpt>
  <wpt lat="51.5176998860184" lon="4.4737457767453961">
    <name>419.8</name>
  </wpt>
  <wpt lat="51.518574137595614" lon="4.4734160868358073">
    <name>419.9</name>
  </wpt>
  <wpt lat="51.519350458996492" lon="4.4728092610777033">
    <name>420.0</name>
  </wpt>
  <wpt lat="51.520211106426459" lon="4.47239398432086">
    <name>420.1</name>
  </wpt>
  <wpt lat="51.521056756028521" lon="4.4720561143398356">
    <name>420.2</name>
  </wpt>
  <wpt lat="51.5215393845122" lon="4.4726598771517221">
    <name>420.3</name>
  </wpt>
  <wpt lat="51.522388929749049" lon="4.4722495846566748">
    <name>420.4</name>
  </wpt>
  <wpt lat="51.523186719790374" lon="4.47159924691772">
    <name>420.5</name>
  </wpt>
  <wpt lat="51.524047121425426" lon="4.4711806274258956">
    <name>420.6</name>
  </wpt>
  <wpt lat="51.5248831258675" lon="4.4707236117781264">
    <name>420.7</name>
  </wpt>
  <wpt lat="51.524943300715321" lon="4.4696047621530495">
    <name>420.8</name>
  </wpt>
  <wpt lat="51.5247244238126" lon="4.4682064323700557">
    <name>420.9</name>
  </wpt>
  <wpt lat="51.524603761538252" lon="4.4667741894343393">
    <name>421.0</name>
  </wpt>
  <wpt lat="51.524870900075371" lon="4.4657993621855692">
    <name>421.1</name>
  </wpt>
  <wpt lat="51.525724792481327" lon="4.4658139999999635">
    <name>421.2</name>
  </wpt>
  <wpt lat="51.531577432386662" lon="4.4597534323782853">
    <name>422.14</name>
  </wpt>
  <wpt lat="51.532011703293016" lon="4.45891259371511">
    <name>422.2</name>
  </wpt>
  <wpt lat="51.53252962701108" lon="4.4577312098207722">
    <name>422.3</name>
  </wpt>
  <wpt lat="51.533090724368407" lon="4.456683621548847">
    <name>422.4</name>
  </wpt>
  <wpt lat="51.533015751836977" lon="4.45525265019594">
    <name>422.5</name>
  </wpt>
  <wpt lat="51.5331710858227" lon="4.4538375499490073">
    <name>422.6</name>
  </wpt>
  <wpt lat="51.533638970400162" lon="4.4526193588547871">
    <name>422.7</name>
  </wpt>
  <wpt lat="51.533595824788563" lon="4.4518799146176091">
    <name>422.8</name>
  </wpt>
  <wpt lat="51.532744297118207" lon="4.4514151165824432">
    <name>422.9</name>
  </wpt>
  <wpt lat="51.5318881463" lon="4.4509746464641884">
    <name>423.0</name>
  </wpt>
  <wpt lat="51.53103501698925" lon="4.4505175080747934">
    <name>423.1</name>
  </wpt>
  <wpt lat="51.530178046269228" lon="4.4500791419519823">
    <name>423.2</name>
  </wpt>
  <wpt lat="51.530150676179744" lon="4.4487207592307731">
    <name>423.3</name>
  </wpt>
  <wpt lat="51.530220084571923" lon="4.4472794647181546">
    <name>423.4</name>
  </wpt>
  <wpt lat="51.513613242037984" lon="4.4272492128378005">
    <name>426.38</name>
  </wpt>
  <wpt lat="51.513451822024642" lon="4.4268731486362318">
    <name>426.4</name>
  </wpt>
  <wpt lat="51.512773782408381" lon="4.4259312864440075">
    <name>426.5</name>
  </wpt>
  <wpt lat="51.512091001566027" lon="4.424991200798182">
    <name>426.6</name>
  </wpt>
  <wpt lat="51.511442337433046" lon="4.4239903237017728">
    <name>426.7</name>
  </wpt>
  <wpt lat="51.510698374121162" lon="4.4231850209784076">
    <name>426.8</name>
  </wpt>
  <wpt lat="51.510031003799334" lon="4.4222164324028093">
    <name>426.9</name>
  </wpt>
  <wpt lat="51.509379538922495" lon="4.4212225659947455">
    <name>427.0</name>
  </wpt>
  <wpt lat="51.508888404128442" lon="4.4200139759925978">
    <name>427.1</name>
  </wpt>
  <wpt lat="51.508458990018873" lon="4.4187444003251208">
    <name>427.2</name>
  </wpt>
  <wpt lat="51.508029575909426" lon="4.4174748366232475">
    <name>427.3</name>
  </wpt>
  <wpt lat="51.507440939146562" lon="4.4164228624817294">
    <name>427.4</name>
  </wpt>
  <wpt lat="51.422652177976921" lon="4.3245851779709383">
    <name>450.17</name>
  </wpt>
  <wpt lat="51.422603000020793" lon="4.3239950166945853">
    <name>450.2</name>
  </wpt>
  <wpt lat="51.423064130187626" lon="4.3233344175607638">
    <name>450.3</name>
  </wpt>
  <wpt lat="51.423955952407049" lon="4.3235060000000063">
    <name>450.4</name>
  </wpt>
  <wpt lat="51.424810891648136" lon="4.3231188861833454">
    <name>450.5</name>
  </wpt>
  <wpt lat="51.425624173617258" lon="4.3225090650464226">
    <name>450.6</name>
  </wpt>
  <wpt lat="51.426405755574656" lon="4.321797694567997">
    <name>450.7</name>
  </wpt>
  <wpt lat="51.427175891679191" lon="4.3210570708642013">
    <name>450.8</name>
  </wpt>
  <wpt lat="51.427865439557337" lon="4.320131183531104">
    <name>450.9</name>
  </wpt>
  <wpt lat="51.428581776127508" lon="4.3192823049280689">
    <name>451.0</name>
  </wpt>
  <wpt lat="51.4293741894579" lon="4.3188940596591543">
    <name>451.1</name>
  </wpt>
  <wpt lat="51.430273154207512" lon="4.318853428551658">
    <name>451.2</name>
  </wpt>
  <wpt lat="51.431172198663333" lon="4.3188200193147219">
    <name>451.3</name>
  </wpt>
  <wpt lat="51.432071189004454" lon="4.3187859999999691">
    <name>451.4</name>
  </wpt>
  <wpt lat="51.432970212933739" lon="4.3187562372783388">
    <name>451.5</name>
  </wpt>
  <wpt lat="51.433869216071464" lon="4.3187182683564824">
    <name>451.6</name>
  </wpt>
  <wpt lat="51.4347480000045" lon="4.3186672027328123">
    <name>451.7</name>
  </wpt>
  <wpt lat="51.443495038964024" lon="4.31259196107821">
    <name>453.00</name>
  </wpt>
  <wpt lat="51.443584520991422" lon="4.3125024790775948">
    <name>453.0</name>
  </wpt>
  <wpt lat="51.444380342774416" lon="4.3118863392547189">
    <name>453.1</name>
  </wpt>
  <wpt lat="51.445244857738416" lon="4.3114900000000258">
    <name>453.2</name>
  </wpt>
  <wpt lat="51.445959251596108" lon="4.31142450316611">
    <name>453.3</name>
  </wpt>
  <wpt lat="51.475546824575" lon="4.29075640912256">
    <name>458.39</name>
  </wpt>
  <wpt lat="51.475507199025088" lon="4.2904492553221134">
    <name>458.4</name>
  </wpt>
  <wpt lat="51.475410000236323" lon="4.2890212252857207">
    <name>458.5</name>
  </wpt>
  <wpt lat="51.475680127389992" lon="4.2876581231877573">
    <name>458.6</name>
  </wpt>
  <wpt lat="51.475293790450365" lon="4.2866193368097258">
    <name>458.7</name>
  </wpt>
  <wpt lat="51.474693027264124" lon="4.2855933903929273">
    <name>458.8</name>
  </wpt>
  <wpt lat="51.474781567270426" lon="4.2845044956078073">
    <name>458.9</name>
  </wpt>
  <wpt lat="51.475631233155823" lon="4.2840319249804377">
    <name>459.0</name>
  </wpt>
  <wpt lat="51.4764879076142" lon="4.2835926032602272">
    <name>459.1</name>
  </wpt>
  <wpt lat="51.477339233018007" lon="4.2831273299716193">
    <name>459.2</name>
  </wpt>
  <wpt lat="51.47819334427399" lon="4.2826754598655166">
    <name>459.3</name>
  </wpt>
  <wpt lat="51.478495097960263" lon="4.2817817922773242">
    <name>459.4</name>
  </wpt>
  <wpt lat="51.478641664101204" lon="4.28076960203483">
    <name>459.5</name>
  </wpt>
  <wpt lat="51.479495877733058" lon="4.280318510459713">
    <name>459.6</name>
  </wpt>
  <wpt lat="51.480352465788734" lon="4.2798792671204815">
    <name>459.7</name>
  </wpt>
  <wpt lat="51.483111208324736" lon="4.2801939182437065">
    <name>460.10</name>
  </wpt>
  <wpt lat="51.483158537279927" lon="4.280422499617333">
    <name>460.1</name>
  </wpt>
  <wpt lat="51.48346511603259" lon="4.2817787073082343">
    <name>460.2</name>
  </wpt>
  <wpt lat="51.484029630443921" lon="4.2825963087680687">
    <name>460.3</name>
  </wpt>
  <wpt lat="51.484909018030315" lon="4.28229963737267">
    <name>460.4</name>
  </wpt>
  <wpt lat="51.485807128011835" lon="4.282255630306067">
    <name>460.5</name>
  </wpt>
  <wpt lat="51.486688793897429" lon="4.28249640796434">
    <name>460.6</name>
  </wpt>
  <wpt lat="51.487496153826555" lon="4.283132233861866">
    <name>460.7</name>
  </wpt>
  <wpt lat="51.488235444226234" lon="4.2839437540558594">
    <name>460.8</name>
  </wpt>
  <wpt lat="51.488911690529818" lon="4.2848954742912149">
    <name>460.9</name>
  </wpt>
  <wpt lat="51.489527475045563" lon="4.2858934425441158">
    <name>461.0</name>
  </wpt>
  <wpt lat="51.493336794780213" lon="4.286783205337338">
    <name>461.76</name>
  </wpt>
  <wpt lat="51.493649170299108" lon="4.2870644439639909">
    <name>461.8</name>
  </wpt>
  <wpt lat="51.494364432012048" lon="4.2867487939318449">
    <name>461.9</name>
  </wpt>
  <wpt lat="51.49493594809524" lon="4.2856358973681656">
    <name>462.0</name>
  </wpt>
  <wpt lat="51.49562082158257" lon="4.2847435652788022">
    <name>462.1</name>
  </wpt>
  <wpt lat="51.496472777942593" lon="4.2842848353499212">
    <name>462.2</name>
  </wpt>
  <wpt lat="51.498766082847794" lon="4.282530808875733">
    <name>462.51</name>
  </wpt>
  <wpt lat="51.49877771490933" lon="4.2825271639000189">
    <name>462.5</name>
  </wpt>
  <wpt lat="51.4995116014848" lon="4.282704046095696">
    <name>462.6</name>
  </wpt>
  <wpt lat="51.511395000004867" lon="4.2790085170621994">
    <name>464.09</name>
  </wpt>
  <wpt lat="51.511623585295396" lon="4.27898320704822">
    <name>464.1</name>
  </wpt>
  <wpt lat="51.521199099297533" lon="4.2751936846492935">
    <name>465.23</name>
  </wpt>
  <wpt lat="51.521117984175163" lon="4.2740270583546378">
    <name>465.3</name>
  </wpt>
  <wpt lat="51.521689688652458" lon="4.2731485526904516">
    <name>465.4</name>
  </wpt>
  <wpt lat="51.522422121295463" lon="4.2723102347485611">
    <name>465.5</name>
  </wpt>
  <wpt lat="51.523170080028031" lon="4.2715114813084893">
    <name>465.6</name>
  </wpt>
  <wpt lat="51.523924166917062" lon="4.2707258436684192">
    <name>465.7</name>
  </wpt>
  <wpt lat="51.524720606694167" lon="4.27005451746907">
    <name>465.8</name>
  </wpt>
  <wpt lat="51.5255452953574" lon="4.2694912721672766">
    <name>465.9</name>
  </wpt>
  <wpt lat="51.5264022492524" lon="4.2690529839680558">
    <name>466.0</name>
  </wpt>
  <wpt lat="51.527223715728319" lon="4.2684700864510337">
    <name>466.1</name>
  </wpt>
  <wpt lat="51.528044717604523" lon="4.267883686844284">
    <name>466.2</name>
  </wpt>
  <wpt lat="51.528880959326273" lon="4.2676069592271384">
    <name>466.3</name>
  </wpt>
  <wpt lat="51.529588677005165" lon="4.2684866769882976">
    <name>466.4</name>
  </wpt>
  <wpt lat="51.530283664301678" lon="4.2693316642905641">
    <name>466.5</name>
  </wpt>
  <wpt lat="51.530774673027679" lon="4.2704600458932935">
    <name>466.6</name>
  </wpt>
  <wpt lat="51.531190366478384" lon="4.2717418630095985">
    <name>466.7</name>
  </wpt>
  <wpt lat="51.531844640624847" lon="4.2722508222001325">
    <name>466.8</name>
  </wpt>
  <wpt lat="51.532729248254732" lon="4.2719908554355444">
    <name>466.9</name>
  </wpt>
  <wpt lat="51.533615592217444" lon="4.2717469480788965">
    <name>467.0</name>
  </wpt>
  <wpt lat="51.534502145151968" lon="4.2715049740438351">
    <name>467.1</name>
  </wpt>
  <wpt lat="51.535399197281158" lon="4.2714495031015574">
    <name>467.2</name>
  </wpt>
  <wpt lat="51.536298304504385" lon="4.2714179363528242">
    <name>467.3</name>
  </wpt>
  <wpt lat="51.53719691076089" lon="4.2713639999999877">
    <name>467.4</name>
  </wpt>
  <wpt lat="51.538096022820589" lon="4.2713430000000319">
    <name>467.5</name>
  </wpt>
  <wpt lat="51.538994567063909" lon="4.2713046337766176">
    <name>467.6</name>
  </wpt>
  <wpt lat="51.539893559653315" lon="4.2712663929289389">
    <name>467.7</name>
  </wpt>
  <wpt lat="51.540780314180743" lon="4.2710791128833367">
    <name>467.8</name>
  </wpt>
  <wpt lat="51.541577951017551" lon="4.2704276172931186">
    <name>467.9</name>
  </wpt>
  <wpt lat="51.542257763344921" lon="4.2694809867155081">
    <name>468.0</name>
  </wpt>
  <wpt lat="51.542936798676834" lon="4.2685328964968781">
    <name>468.1</name>
  </wpt>
  <wpt lat="51.543615890928834" lon="4.2675849342578651">
    <name>468.2</name>
  </wpt>
  <wpt lat="51.544314378682849" lon="4.2666741886347976">
    <name>468.3</name>
  </wpt>
  <wpt lat="51.5450223435843" lon="4.2657827880936674">
    <name>468.4</name>
  </wpt>
  <wpt lat="51.545727187147158" lon="4.266450551477595">
    <name>468.5</name>
  </wpt>
  <wpt lat="51.546288506063028" lon="4.2675796425402455">
    <name>468.6</name>
  </wpt>
  <wpt lat="51.54669618533142" lon="4.2688598515708511">
    <name>468.7</name>
  </wpt>
  <wpt lat="51.547293968088873" lon="4.269938664496749">
    <name>468.8</name>
  </wpt>
  <wpt lat="51.547616000401888" lon="4.2712626365604294">
    <name>468.9</name>
  </wpt>
  <wpt lat="51.54780730789269" lon="4.2726407257998762">
    <name>469.0</name>
  </wpt>
  <wpt lat="51.548645246144268" lon="4.2728826072879205">
    <name>469.1</name>
  </wpt>
  <wpt lat="51.549502021099968" lon="4.2725826820003556">
    <name>469.2</name>
  </wpt>
  <wpt lat="51.550080411067491" lon="4.2733933022954336">
    <name>469.3</name>
  </wpt>
  <wpt lat="51.550663018870978" lon="4.2744948636485285">
    <name>469.4</name>
  </wpt>
  <wpt lat="51.5512615009597" lon="4.275573848549918">
    <name>469.5</name>
  </wpt>
  <wpt lat="51.551893858976165" lon="4.27660167102397">
    <name>469.6</name>
  </wpt>
  <wpt lat="51.55245965485247" lon="4.2777166370943789">
    <name>469.7</name>
  </wpt>
  <wpt lat="51.552976581522771" lon="4.2789001664443447">
    <name>469.8</name>
  </wpt>
  <wpt lat="51.553681223254216" lon="4.279757018115899">
    <name>469.9</name>
  </wpt>
  <wpt lat="51.554473897751222" lon="4.2804401977976756">
    <name>470.0</name>
  </wpt>
  <wpt lat="51.555022182835579" lon="4.2815608554895164">
    <name>470.1</name>
  </wpt>
  <wpt lat="51.555492508622194" lon="4.28279370000748">
    <name>470.2</name>
  </wpt>
  <wpt lat="51.555963849185034" lon="4.2840255547163695">
    <name>470.3</name>
  </wpt>
  <wpt lat="51.55665066281616" lon="4.2848634674828689">
    <name>470.4</name>
  </wpt>
  <wpt lat="51.557491608550222" lon="4.28537611576509">
    <name>470.5</name>
  </wpt>
  <wpt lat="51.558314143302077" lon="4.2859579033815018">
    <name>470.6</name>
  </wpt>
  <wpt lat="51.559128713912138" lon="4.28657085723909">
    <name>470.7</name>
  </wpt>
  <wpt lat="51.559940581888334" lon="4.2871930949663328">
    <name>470.8</name>
  </wpt>
  <wpt lat="51.560750970648236" lon="4.2878199685078462">
    <name>470.9</name>
  </wpt>
  <wpt lat="51.561461687141758" lon="4.2873452951672277">
    <name>471.0</name>
  </wpt>
  <wpt lat="51.562259841199193" lon="4.2866796623952546">
    <name>471.1</name>
  </wpt>
  <wpt lat="51.563090192423076" lon="4.286127199777475">
    <name>471.2</name>
  </wpt>
  <wpt lat="51.56394713259813" lon="4.2856926978947643">
    <name>471.3</name>
  </wpt>
  <wpt lat="51.564824389418995" lon="4.2853761930530778">
    <name>471.4</name>
  </wpt>
  <wpt lat="51.565721816800625" lon="4.2852834364908645">
    <name>471.5</name>
  </wpt>
  <wpt lat="51.566619913271396" lon="4.285207944950014">
    <name>471.6</name>
  </wpt>
  <wpt lat="51.567518009742159" lon="4.2851324519179164">
    <name>471.7</name>
  </wpt>
  <wpt lat="51.568416553743" lon="4.2850727521060632">
    <name>471.8</name>
  </wpt>
  <wpt lat="51.569315194871336" lon="4.2850164785016025">
    <name>471.9</name>
  </wpt>
  <wpt lat="51.570213815005253" lon="4.2849593482533628">
    <name>472.0</name>
  </wpt>
  <wpt lat="51.571112169865806" lon="4.2848930519728308">
    <name>472.1</name>
  </wpt>
  <wpt lat="51.572010217148915" lon="4.2848167974379807">
    <name>472.2</name>
  </wpt>
  <wpt lat="51.572909383480912" lon="4.2847899102835214">
    <name>472.3</name>
  </wpt>
  <wpt lat="51.573388140349742" lon="4.28413120437808">
    <name>472.4</name>
  </wpt>
  <wpt lat="51.573783739510766" lon="4.2833729902524569">
    <name>472.5</name>
  </wpt>
  <wpt lat="51.57468195382296" lon="4.2834140374966037">
    <name>472.6</name>
  </wpt>
  <wpt lat="51.575000591140437" lon="4.2845468267714484">
    <name>472.7</name>
  </wpt>
  <wpt lat="51.574941806974962" lon="4.2859906901775764">
    <name>472.8</name>
  </wpt>
  <wpt lat="51.574551249804109" lon="4.2870958863840789">
    <name>472.9</name>
  </wpt>
  <wpt lat="51.573652997663054" lon="4.2871664342895546">
    <name>473.0</name>
  </wpt>
  <wpt lat="51.573531698585967" lon="4.2883666231751771">
    <name>473.1</name>
  </wpt>
  <wpt lat="51.573578137595426" lon="4.2898116881663659">
    <name>473.2</name>
  </wpt>
  <wpt lat="51.573614986429035" lon="4.2912574689026588">
    <name>473.3</name>
  </wpt>
  <wpt lat="51.573668324216833" lon="4.2927017780837282">
    <name>473.4</name>
  </wpt>
  <wpt lat="51.573707528914035" lon="4.2941472871915929">
    <name>473.5</name>
  </wpt>
  <wpt lat="51.573749103885028" lon="4.2955926481270339">
    <name>473.6</name>
  </wpt>
  <wpt lat="51.573803901547862" lon="4.2970368909181715">
    <name>473.7</name>
  </wpt>
  <wpt lat="51.573847144600911" lon="4.2984822216828187">
    <name>473.8</name>
  </wpt>
  <wpt lat="51.573894715006844" lon="4.2999271478549579">
    <name>473.9</name>
  </wpt>
  <wpt lat="51.573946236117969" lon="4.3013717689702764">
    <name>474.0</name>
  </wpt>
  <wpt lat="51.573996632888345" lon="4.3028165043120854">
    <name>474.1</name>
  </wpt>
  <wpt lat="51.574051665657173" lon="4.3042607621890268">
    <name>474.2</name>
  </wpt>
  <wpt lat="51.574073409704447" lon="4.3057073446738441">
    <name>474.3</name>
  </wpt>
  <wpt lat="51.574125570680138" lon="4.3071519219655974">
    <name>474.4</name>
  </wpt>
  <wpt lat="51.574186496021987" lon="4.3085942718609642">
    <name>474.5</name>
  </wpt>
  <wpt lat="51.574218093947891" lon="4.310040388292947">
    <name>474.6</name>
  </wpt>
  <wpt lat="51.573467424247156" lon="4.3104472886549789">
    <name>474.7</name>
  </wpt>
  <wpt lat="51.578105157287091" lon="4.3170684812553217">
    <name>475.97</name>
  </wpt>
  <wpt lat="51.578525306352851" lon="4.3170576686802">
    <name>476.0</name>
  </wpt>
  <wpt lat="51.585351599720973" lon="4.3159665997104435">
    <name>476.96</name>
  </wpt>
  <wpt lat="51.585836288585192" lon="4.315962281328253">
    <name>477.0</name>
  </wpt>
  <wpt lat="51.6280602971324" lon="4.364050599080036">
    <name>483.31</name>
  </wpt>
  <wpt lat="51.628075138184919" lon="4.3640433511218024">
    <name>483.3</name>
  </wpt>
  <wpt lat="51.628859756431019" lon="4.363691529346176">
    <name>483.4</name>
  </wpt>
  <wpt lat="51.629694995055566" lon="4.3642243504808862">
    <name>483.5</name>
  </wpt>
  <wpt lat="51.630526216339341" lon="4.3647748825524557">
    <name>483.6</name>
  </wpt>
  <wpt lat="51.6313535199817" lon="4.3653429770455716">
    <name>483.7</name>
  </wpt>
  <wpt lat="51.632184443889734" lon="4.3658964662848261">
    <name>483.8</name>
  </wpt>
  <wpt lat="51.633009217229095" lon="4.3664738102021392">
    <name>483.9</name>
  </wpt>
  <wpt lat="51.633840617484481" lon="4.3670255663796418">
    <name>484.0</name>
  </wpt>
  <wpt lat="51.634440900174241" lon="4.3680713076566464">
    <name>484.1</name>
  </wpt>
  <wpt lat="51.635025931208375" lon="4.3691524138574271">
    <name>484.2</name>
  </wpt>
  <wpt lat="51.635506549550712" lon="4.3701985983948521">
    <name>484.3</name>
  </wpt>
  <wpt lat="51.636051444304719" lon="4.3713508445265044">
    <name>484.4</name>
  </wpt>
  <wpt lat="51.636716053536794" lon="4.3722820039007324">
    <name>484.5</name>
  </wpt>
  <wpt lat="51.637458676590406" lon="4.3730985475747453">
    <name>484.6</name>
  </wpt>
  <wpt lat="51.63804320623" lon="4.373369532385615">
    <name>484.7</name>
  </wpt>
  <wpt lat="51.6384811408638" lon="4.3746285247039554">
    <name>484.8</name>
  </wpt>
  <wpt lat="51.639004128260765" lon="4.3758063575370816">
    <name>484.9</name>
  </wpt>
  <wpt lat="51.63953959356926" lon="4.376970589589356">
    <name>485.0</name>
  </wpt>
  <wpt lat="51.640055133368158" lon="4.3781578946306423">
    <name>485.1</name>
  </wpt>
  <wpt lat="51.640541991330984" lon="4.3793761677172212">
    <name>485.2</name>
  </wpt>
  <wpt lat="51.641076447804735" lon="4.3805413769361445">
    <name>485.3</name>
  </wpt>
  <wpt lat="51.6416145097638" lon="4.3817025494959285">
    <name>485.4</name>
  </wpt>
  <wpt lat="51.64220027436555" lon="4.3828010417799588">
    <name>485.5</name>
  </wpt>
  <wpt lat="51.642765653914282" lon="4.3838810744529528">
    <name>485.6</name>
  </wpt>
  <wpt lat="51.643156878963978" lon="4.3851859714027217">
    <name>485.7</name>
  </wpt>
  <wpt lat="51.643552667758179" lon="4.3864872446701062">
    <name>485.8</name>
  </wpt>
  <wpt lat="51.6439088880524" lon="4.3878002391215665">
    <name>485.9</name>
  </wpt>
  <wpt lat="51.643660000094862" lon="4.3891703532422826">
    <name>486.0</name>
  </wpt>
  <wpt lat="51.644268962992641" lon="4.3901886405665751">
    <name>486.1</name>
  </wpt>
  <wpt lat="51.644912423648812" lon="4.3911763658982883">
    <name>486.2</name>
  </wpt>
  <wpt lat="51.645638719427758" lon="4.39200947958771">
    <name>486.3</name>
  </wpt>
  <wpt lat="51.6464437422622" lon="4.3925297419806419">
    <name>486.4</name>
  </wpt>
  <wpt lat="51.647038359010708" lon="4.3935962171674108">
    <name>486.5</name>
  </wpt>
  <wpt lat="51.647768167486632" lon="4.3944209444718227">
    <name>486.6</name>
  </wpt>
  <wpt lat="51.64844839510814" lon="4.3953292248962175">
    <name>486.7</name>
  </wpt>
  <wpt lat="51.648814684175917" lon="4.3966340378873827">
    <name>486.8</name>
  </wpt>
  <wpt lat="51.649010236731051" lon="4.3980487576762632">
    <name>486.9</name>
  </wpt>
  <wpt lat="51.649205789286135" lon="4.3994634835679411">
    <name>487.0</name>
  </wpt>
  <wpt lat="51.648996801616441" lon="4.4004985850661535">
    <name>487.1</name>
  </wpt>
  <wpt lat="51.649314777079859" lon="4.4018304079891282">
    <name>487.2</name>
  </wpt>
  <wpt lat="51.649299273563848" lon="4.4032784234174391">
    <name>487.3</name>
  </wpt>
  <wpt lat="51.649363581627604" lon="4.4047084842756536">
    <name>487.4</name>
  </wpt>
  <wpt lat="51.650042248362709" lon="4.4056462716727172">
    <name>487.5</name>
  </wpt>
  <wpt lat="51.650717026768888" lon="4.4066037567242953">
    <name>487.6</name>
  </wpt>
  <wpt lat="51.651386002527765" lon="4.4075724588425409">
    <name>487.7</name>
  </wpt>
  <wpt lat="51.652051474969838" lon="4.408547440920306">
    <name>487.8</name>
  </wpt>
  <wpt lat="51.652716947411804" lon="4.4095224373126038">
    <name>487.9</name>
  </wpt>
  <wpt lat="51.653389122656279" lon="4.4104831226386079">
    <name>488.0</name>
  </wpt>
  <wpt lat="51.654268711091333" lon="4.4102704561369137">
    <name>488.1</name>
  </wpt>
  <wpt lat="51.655147585934024" lon="4.4099631227270324">
    <name>488.2</name>
  </wpt>
  <wpt lat="51.65603855955127" lon="4.4098011747702914">
    <name>488.3</name>
  </wpt>
  <wpt lat="51.656913904300282" lon="4.4100743943620309">
    <name>488.4</name>
  </wpt>
  <wpt lat="51.656872093478569" lon="4.4111194179363382">
    <name>488.5</name>
  </wpt>
  <wpt lat="51.656456163028558" lon="4.4124019573893838">
    <name>488.6</name>
  </wpt>
  <wpt lat="51.656135092847371" lon="4.4137484124121356">
    <name>488.7</name>
  </wpt>
  <wpt lat="51.655582780587828" lon="4.4148911230838088">
    <name>488.8</name>
  </wpt>
  <wpt lat="51.655033856865053" lon="4.416039372752425">
    <name>488.9</name>
  </wpt>
  <wpt lat="51.654488049521589" lon="4.4171911485607493">
    <name>489.0</name>
  </wpt>
  <wpt lat="51.65399485469257" lon="4.4184026851726683">
    <name>489.1</name>
  </wpt>
  <wpt lat="51.653518844904127" lon="4.4196325385673445">
    <name>489.2</name>
  </wpt>
  <wpt lat="51.653150502792457" lon="4.4207866296836036">
    <name>489.3</name>
  </wpt>
  <wpt lat="51.653584262364454" lon="4.4216628378056706">
    <name>489.4</name>
  </wpt>
  <wpt lat="51.654381727893423" lon="4.4223329213889713">
    <name>489.5</name>
  </wpt>
  <wpt lat="51.655167408391847" lon="4.4230377109885248">
    <name>489.6</name>
  </wpt>
  <wpt lat="51.655942495519568" lon="4.4237722249454006">
    <name>489.7</name>
  </wpt>
  <wpt lat="51.6566623159132" lon="4.4246362223934828">
    <name>489.8</name>
  </wpt>
  <wpt lat="51.657319314200777" lon="4.4256260933456026">
    <name>489.9</name>
  </wpt>
  <wpt lat="51.657988449160136" lon="4.4265946198409463">
    <name>490.0</name>
  </wpt>
  <wpt lat="51.658660670747594" lon="4.4275576395464071">
    <name>490.1</name>
  </wpt>
  <wpt lat="51.659350737885156" lon="4.4284840960245484">
    <name>490.2</name>
  </wpt>
  <wpt lat="51.660130437529212" lon="4.4292019928088209">
    <name>490.3</name>
  </wpt>
  <wpt lat="51.66095165327927" lon="4.4297911458342769">
    <name>490.4</name>
  </wpt>
  <wpt lat="51.661779660339306" lon="4.4303564355480711">
    <name>490.5</name>
  </wpt>
  <wpt lat="51.662547066063091" lon="4.4311099490243508">
    <name>490.6</name>
  </wpt>
  <wpt lat="51.663307216902581" lon="4.4318846886734429">
    <name>490.7</name>
  </wpt>
  <wpt lat="51.664064523459537" lon="4.4326666266297146">
    <name>490.8</name>
  </wpt>
  <wpt lat="51.664824597389746" lon="4.433441607569323">
    <name>490.9</name>
  </wpt>
  <wpt lat="51.66558467131987" lon="4.4342166015104283">
    <name>491.0</name>
  </wpt>
  <wpt lat="51.66634474524993" lon="4.4349916084536405">
    <name>491.1</name>
  </wpt>
  <wpt lat="51.6671046319785" lon="4.4357671046350671">
    <name>491.2</name>
  </wpt>
  <wpt lat="51.667861379604247" lon="4.4365497657309021">
    <name>491.3</name>
  </wpt>
  <wpt lat="51.668470686403793" lon="4.4357335311094035">
    <name>491.4</name>
  </wpt>
  <wpt lat="51.6691273628469" lon="4.4347655364453455">
    <name>491.5</name>
  </wpt>
  <wpt lat="51.669943907620194" lon="4.4341585587186092">
    <name>491.6</name>
  </wpt>
  <wpt lat="51.670763022477253" lon="4.43355995449528">
    <name>491.7</name>
  </wpt>
  <wpt lat="51.67158328116944" lon="4.4329654277739925">
    <name>491.8</name>
  </wpt>
  <wpt lat="51.672404256810182" lon="4.43237349809967">
    <name>491.9</name>
  </wpt>
  <wpt lat="51.673249443487443" lon="4.4318827512995744">
    <name>492.0</name>
  </wpt>
  <wpt lat="51.674095101466861" lon="4.4320136836789814">
    <name>492.1</name>
  </wpt>
  <wpt lat="51.674877312068581" lon="4.4327292052861855">
    <name>492.2</name>
  </wpt>
  <wpt lat="51.675496554675767" lon="4.43256784304635">
    <name>492.3</name>
  </wpt>
  <wpt lat="51.676006332017529" lon="4.4318174861669819">
    <name>492.4</name>
  </wpt>
  <wpt lat="51.676640158375378" lon="4.4317288922298523">
    <name>492.5</name>
  </wpt>
  <wpt lat="51.677415848621834" lon="4.4324618502382078">
    <name>492.6</name>
  </wpt>
  <wpt lat="51.677685390935096" lon="4.4333920803991882">
    <name>492.7</name>
  </wpt>
  <wpt lat="51.677538709058432" lon="4.43453326373166">
    <name>492.8</name>
  </wpt>
  <wpt lat="51.678018725169778" lon="4.4354580327252444">
    <name>492.9</name>
  </wpt>
  <wpt lat="51.678645575424419" lon="4.43613339537112">
    <name>493.0</name>
  </wpt>
  <wpt lat="51.679421933082537" lon="4.4368652713771635">
    <name>493.1</name>
  </wpt>
  <wpt lat="51.680201667376807" lon="4.4375879390583926">
    <name>493.2</name>
  </wpt>
  <wpt lat="51.68097875667538" lon="4.4383180017215142">
    <name>493.3</name>
  </wpt>
  <wpt lat="51.681755845973889" lon="4.4390480769140872">
    <name>493.4</name>
  </wpt>
  <wpt lat="51.682532935272341" lon="4.43977816463662">
    <name>493.5</name>
  </wpt>
  <wpt lat="51.683310024570723" lon="4.4405082648897256">
    <name>493.6</name>
  </wpt>
  <wpt lat="51.684090550175647" lon="4.441218519834143">
    <name>493.7</name>
  </wpt>
  <wpt lat="51.684856042719204" lon="4.4418445093061321">
    <name>493.8</name>
  </wpt>
  <wpt lat="51.685636884286559" lon="4.4425641443391584">
    <name>493.9</name>
  </wpt>
  <wpt lat="51.686324624094631" lon="4.4433004088551122">
    <name>494.0</name>
  </wpt>
  <wpt lat="51.687168391108031" lon="4.4437670817298622">
    <name>494.1</name>
  </wpt>
  <wpt lat="51.688055923867459" lon="4.443649875876801">
    <name>494.2</name>
  </wpt>
  <wpt lat="51.688845593804345" lon="4.4429748044325388">
    <name>494.3</name>
  </wpt>
  <wpt lat="51.68884459562387" lon="4.442030642248608">
    <name>494.4</name>
  </wpt>
  <wpt lat="51.689442242503489" lon="4.4415715157125977">
    <name>494.5</name>
  </wpt>
  <wpt lat="51.690125524157253" lon="4.4413958653385226">
    <name>494.6</name>
  </wpt>
  <wpt lat="51.690858301651808" lon="4.4414552738479021">
    <name>494.7</name>
  </wpt>
  <wpt lat="51.691495741102869" lon="4.4404720100137727">
    <name>494.8</name>
  </wpt>
  <wpt lat="51.692003949246661" lon="4.4392756388430961">
    <name>494.9</name>
  </wpt>
  <wpt lat="51.691833849537311" lon="4.4383016914621578">
    <name>495.0</name>
  </wpt>
  <wpt lat="51.692443708870115" lon="4.4385416015490806">
    <name>495.1</name>
  </wpt>
  <wpt lat="51.693179224918261" lon="4.4393763360029608">
    <name>495.2</name>
  </wpt>
  <wpt lat="51.693926100997821" lon="4.4401841009879988">
    <name>495.3</name>
  </wpt>
  <wpt lat="51.693618786969957" lon="4.4413205619131828">
    <name>495.4</name>
  </wpt>
  <wpt lat="51.694130967718991" lon="4.4407888692461945">
    <name>495.5</name>
  </wpt>
  <wpt lat="51.694721026784734" lon="4.440273374575364">
    <name>495.6</name>
  </wpt>
  <wpt lat="51.695448167992822" lon="4.4411226180546857">
    <name>495.7</name>
  </wpt>
  <wpt lat="51.696046374609217" lon="4.4407586076567513">
    <name>495.8</name>
  </wpt>
  <wpt lat="51.696278032274812" lon="4.4395225792196387">
    <name>495.9</name>
  </wpt>
  <wpt lat="51.695811254416647" lon="4.4383150895237167">
    <name>496.0</name>
  </wpt>
  <wpt lat="51.6957527549035" lon="4.4368751505457933">
    <name>496.1</name>
  </wpt>
  <wpt lat="51.696201548021413" lon="4.4356263302377412">
    <name>496.2</name>
  </wpt>
  <wpt lat="51.6964666371539" lon="4.4342798717263534">
    <name>496.3</name>
  </wpt>
  <wpt lat="51.696421078230642" lon="4.4328310691848527">
    <name>496.4</name>
  </wpt>
  <wpt lat="51.696370050281338" lon="4.431384081696141">
    <name>496.5</name>
  </wpt>
  <wpt lat="51.69640654803915" lon="4.4299423034003924">
    <name>496.6</name>
  </wpt>
  <wpt lat="51.696614395301033" lon="4.4285306614730544">
    <name>496.7</name>
  </wpt>
  <wpt lat="51.696801949363568" lon="4.4271118144635988">
    <name>496.8</name>
  </wpt>
  <wpt lat="51.69676156062927" lon="4.4256879486622109">
    <name>496.9</name>
  </wpt>
  <wpt lat="51.696250627528165" lon="4.42450660889433">
    <name>497.0</name>
  </wpt>
  <wpt lat="51.695664803217326" lon="4.4234058163633341">
    <name>497.1</name>
  </wpt>
  <wpt lat="51.695062428638224" lon="4.4223286175184562">
    <name>497.2</name>
  </wpt>
  <wpt lat="51.694482085928406" lon="4.421220518513433">
    <name>497.3</name>
  </wpt>
  <wpt lat="51.693884715761762" lon="4.4201361740403167">
    <name>497.4</name>
  </wpt>
  <wpt lat="51.693292165655265" lon="4.4190448771559812">
    <name>497.5</name>
  </wpt>
  <wpt lat="51.692704369176226" lon="4.4179468446957832">
    <name>497.6</name>
  </wpt>
  <wpt lat="51.692074747244334" lon="4.4170179812893773">
    <name>497.7</name>
  </wpt>
  <wpt lat="51.691389728770687" lon="4.4179578759049818">
    <name>497.8</name>
  </wpt>
  <wpt lat="51.690593227531053" lon="4.4186251336151159">
    <name>497.9</name>
  </wpt>
  <wpt lat="51.689781799700008" lon="4.4192506536446636">
    <name>498.0</name>
  </wpt>
  <wpt lat="51.688977072604175" lon="4.4198959275768113">
    <name>498.1</name>
  </wpt>
  <wpt lat="51.688149950273967" lon="4.419572913691395">
    <name>498.2</name>
  </wpt>
  <wpt lat="51.687354192854045" lon="4.4188970713966027">
    <name>498.3</name>
  </wpt>
  <wpt lat="51.686512603672945" lon="4.41846381415888">
    <name>498.4</name>
  </wpt>
  <wpt lat="51.685617928651332" lon="4.41861108173319">
    <name>498.5</name>
  </wpt>
  <wpt lat="51.6847230280916" lon="4.4187544371991878">
    <name>498.6</name>
  </wpt>
  <wpt lat="51.683826556710962" lon="4.418864000000017">
    <name>498.7</name>
  </wpt>
  <wpt lat="51.683103464644681" lon="4.418099743880413">
    <name>498.8</name>
  </wpt>
  <wpt lat="51.682606378706026" lon="4.4171044484266373">
    <name>498.90</name>
  </wpt>
  <wpt lat="51.682684633531267" lon="4.41699047246655">
    <name>498.9</name>
  </wpt>
  <wpt lat="51.683352081624925" lon="4.4160183335331258">
    <name>499.0</name>
  </wpt>
  <wpt lat="51.684019529718476" lon="4.4150461802685816">
    <name>499.1</name>
  </wpt>
  <wpt lat="51.68468697781195" lon="4.4140740126723044">
    <name>499.2</name>
  </wpt>
  <wpt lat="51.685354425905309" lon="4.4131018307437868">
    <name>499.3</name>
  </wpt>
  <wpt lat="51.686011486841295" lon="4.4121115352283287">
    <name>499.4</name>
  </wpt>
  <wpt lat="51.6866637805294" lon="4.4111129225643122">
    <name>499.5</name>
  </wpt>
  <wpt lat="51.687316074217392" lon="4.4101142955113639">
    <name>499.6</name>
  </wpt>
  <wpt lat="51.687968367905292" lon="4.4091156540689767">
    <name>499.7</name>
  </wpt>
  <wpt lat="51.68862746308195" lon="4.4081316199051139">
    <name>499.8</name>
  </wpt>
  <wpt lat="51.689310957331536" lon="4.4071894094129425">
    <name>499.9</name>
  </wpt>
  <wpt lat="51.689982590146975" lon="4.406224655855322">
    <name>500.0</name>
  </wpt>
  <wpt lat="51.690689711210027" lon="4.4053300588813675">
    <name>500.1</name>
  </wpt>
  <wpt lat="51.691378901672088" lon="4.4043980553551547">
    <name>500.2</name>
  </wpt>
  <wpt lat="51.692068869483634" lon="4.40346753769717">
    <name>500.3</name>
  </wpt>
  <wpt lat="51.692759629187506" lon="4.4025385339190946">
    <name>500.4</name>
  </wpt>
  <wpt lat="51.6934503888913" lon="4.401609515962666">
    <name>500.5</name>
  </wpt>
  <wpt lat="51.694157324651137" lon="4.4007129638196139">
    <name>500.6</name>
  </wpt>
  <wpt lat="51.69489965330385" lon="4.3998964018291691">
    <name>500.7</name>
  </wpt>
  <wpt lat="51.695691246071675" lon="4.3992098282492451">
    <name>500.8</name>
  </wpt>
  <wpt lat="51.696504436781382" lon="4.3985907625319323">
    <name>500.9</name>
  </wpt>
  <wpt lat="51.69732883001948" lon="4.3980116550497694">
    <name>501.0</name>
  </wpt>
  <wpt lat="51.698165673338281" lon="4.3974802795253041">
    <name>501.1</name>
  </wpt>
  <wpt lat="51.699008270944887" lon="4.3969741348624654">
    <name>501.2</name>
  </wpt>
  <wpt lat="51.69986707013247" lon="4.3965441099601765">
    <name>501.3</name>
  </wpt>
  <wpt lat="51.700744161339394" lon="4.3962291560865161">
    <name>501.4</name>
  </wpt>
  <wpt lat="51.70160161798119" lon="4.3958658785497517">
    <name>501.5</name>
  </wpt>
  <wpt lat="51.702459506370246" lon="4.3958681184506538">
    <name>501.6</name>
  </wpt>
  <wpt lat="51.703358160054812" lon="4.3958138981726016">
    <name>501.7</name>
  </wpt>
  <wpt lat="51.704241262240849" lon="4.395881934480963">
    <name>501.8</name>
  </wpt>
  <wpt lat="51.705134760958458" lon="4.3959961349627674">
    <name>501.9</name>
  </wpt>
  <wpt lat="51.706032153231156" lon="4.3960759999999866">
    <name>502.0</name>
  </wpt>
  <wpt lat="51.706930438742887" lon="4.3961196890108161">
    <name>502.1</name>
  </wpt>
  <wpt lat="51.707817664850715" lon="4.3963500719919839">
    <name>502.2</name>
  </wpt>
  <wpt lat="51.708685888141332" lon="4.3967264677696853">
    <name>502.3</name>
  </wpt>
  <wpt lat="51.7095489889245" lon="4.3971341971131173">
    <name>502.4</name>
  </wpt>
  <wpt lat="51.710407112307195" lon="4.39756615649899">
    <name>502.5</name>
  </wpt>
  <wpt lat="51.711245742762955" lon="4.3980899604574724">
    <name>502.6</name>
  </wpt>
  <wpt lat="51.712084398512857" lon="4.3986139522995131">
    <name>502.7</name>
  </wpt>
  <wpt lat="51.712923766569659" lon="4.3991349808541758">
    <name>502.8</name>
  </wpt>
  <wpt lat="51.713763723928913" lon="4.3996535296715189">
    <name>502.9</name>
  </wpt>
  <wpt lat="51.714599797796936" lon="4.4001880164197651">
    <name>503.0</name>
  </wpt>
  <wpt lat="51.715440012150708" lon="4.4007054899998623">
    <name>503.1</name>
  </wpt>
  <wpt lat="51.716279646815281" lon="4.4012254852488972">
    <name>503.2</name>
  </wpt>
  <wpt lat="51.717118464567704" lon="4.4017489130037388">
    <name>503.3</name>
  </wpt>
  <wpt lat="51.717954522593772" lon="4.4022834442562395">
    <name>503.4</name>
  </wpt>
  <wpt lat="51.718794782943185" lon="4.402800807594546">
    <name>503.5</name>
  </wpt>
  <wpt lat="51.719635284112044" lon="4.4033171110159053">
    <name>503.6</name>
  </wpt>
  <wpt lat="51.720472408898615" lon="4.4038475648053446">
    <name>503.7</name>
  </wpt>
  <wpt lat="51.721288358529137" lon="4.4044552606586835">
    <name>503.8</name>
  </wpt>
  <wpt lat="51.722123616139811" lon="4.404993324107279">
    <name>503.9</name>
  </wpt>
  <wpt lat="51.722959777903206" lon="4.4055277780754558">
    <name>504.0</name>
  </wpt>
  <wpt lat="51.723794017859852" lon="4.4060677082380044">
    <name>504.1</name>
  </wpt>
  <wpt lat="51.724630945587542" lon="4.40655681350009">
    <name>504.2</name>
  </wpt>
  <wpt lat="51.725469463108823" lon="4.4070815905312113">
    <name>504.3</name>
  </wpt>
  <wpt lat="51.726307980630061" lon="4.4076063772960525">
    <name>504.4</name>
  </wpt>
  <wpt lat="51.727146498151257" lon="4.4081311737951205">
    <name>504.5</name>
  </wpt>
  <wpt lat="51.727981980702125" lon="4.408668188284059">
    <name>504.6</name>
  </wpt>
  <wpt lat="51.728812527119494" lon="4.4092250638856338">
    <name>504.7</name>
  </wpt>
  <wpt lat="51.729644148762695" lon="4.4097776640403685">
    <name>504.8</name>
  </wpt>
  <wpt lat="51.7304867648502" lon="4.4102846137213412">
    <name>504.9</name>
  </wpt>
  <wpt lat="51.731336992420744" lon="4.4107570850027376">
    <name>505.0</name>
  </wpt>
  <wpt lat="51.732195086208691" lon="4.411189948487384">
    <name>505.1</name>
  </wpt>
  <wpt lat="51.732429638717413" lon="4.4121487397703794">
    <name>505.2</name>
  </wpt>
  <wpt lat="51.731825885133112" lon="4.4132239003638629">
    <name>505.3</name>
  </wpt>
  <wpt lat="51.731229868100485" lon="4.4143112621726166">
    <name>505.4</name>
  </wpt>
  <wpt lat="51.7306316998758" lon="4.4153955284862221">
    <name>505.5</name>
  </wpt>
  <wpt lat="51.73002851919108" lon="4.41647246058312">
    <name>505.6</name>
  </wpt>
  <wpt lat="51.729420180988775" lon="4.4175418462260643">
    <name>505.7</name>
  </wpt>
  <wpt lat="51.728811842786563" lon="4.4186112174771273">
    <name>505.8</name>
  </wpt>
  <wpt lat="51.728205669843291" lon="4.4196837468832166">
    <name>505.9</name>
  </wpt>
  <wpt lat="51.727602421604004" lon="4.4207605176509812">
    <name>506.0</name>
  </wpt>
  <wpt lat="51.726988974221022" lon="4.4218222108422349">
    <name>506.1</name>
  </wpt>
  <wpt lat="51.726409409769808" lon="4.4229305862937434">
    <name>506.2</name>
  </wpt>
  <wpt lat="51.72603600014272" lon="4.4241598242906806">
    <name>506.3</name>
  </wpt>
  <wpt lat="51.726135637345152" lon="4.425595622750766">
    <name>506.4</name>
  </wpt>
  <wpt lat="51.726208895401967" lon="4.427041298081746">
    <name>506.5</name>
  </wpt>
  <wpt lat="51.72625569240212" lon="4.428491208812261">
    <name>506.6</name>
  </wpt>
  <wpt lat="51.7263088420079" lon="4.4299403831454391">
    <name>506.7</name>
  </wpt>
  <wpt lat="51.726364272397859" lon="4.4313892196941431">
    <name>506.8</name>
  </wpt>
  <wpt lat="51.726403949171136" lon="4.43283959932096">
    <name>506.9</name>
  </wpt>
  <wpt lat="51.726445595808364" lon="4.4342899248562615">
    <name>507.0</name>
  </wpt>
  <wpt lat="51.726495998326364" lon="4.4357393629214412">
    <name>507.1</name>
  </wpt>
  <wpt lat="51.726358000002875" lon="4.437142787586736">
    <name>507.2</name>
  </wpt>
  <wpt lat="51.726988758680896" lon="4.4378829263200634">
    <name>507.3</name>
  </wpt>
  <wpt lat="51.727886315203243" lon="4.4379704279470342">
    <name>507.4</name>
  </wpt>
  <wpt lat="51.728781850981811" lon="4.4380494563585291">
    <name>507.5</name>
  </wpt>
  <wpt lat="51.729678787989805" lon="4.438155122494698">
    <name>507.6</name>
  </wpt>
  <wpt lat="51.730565099457408" lon="4.4383171220872608">
    <name>507.7</name>
  </wpt>
  <wpt lat="51.731461956758359" lon="4.4384239171579045">
    <name>507.8</name>
  </wpt>
  <wpt lat="51.732359502793479" lon="4.4385143589962865">
    <name>507.9</name>
  </wpt>
  <wpt lat="51.733256568215033" lon="4.4386104813791176">
    <name>508.0</name>
  </wpt>
  <wpt lat="51.734153377196634" lon="4.4387125911090139">
    <name>508.1</name>
  </wpt>
  <wpt lat="51.735049574436573" lon="4.4388260743544654">
    <name>508.2</name>
  </wpt>
  <wpt lat="51.735934162295912" lon="4.439085288614268">
    <name>508.3</name>
  </wpt>
  <wpt lat="51.736812778371544" lon="4.4393879640123552">
    <name>508.4</name>
  </wpt>
  <wpt lat="51.737692328834925" lon="4.43968909381669">
    <name>508.5</name>
  </wpt>
  <wpt lat="51.738571096104621" lon="4.4399847739883036">
    <name>508.6</name>
  </wpt>
  <wpt lat="51.739463589174576" lon="4.4400860000000133">
    <name>508.7</name>
  </wpt>
  <wpt lat="51.7403432785227" lon="4.4399651385612131">
    <name>508.8</name>
  </wpt>
  <wpt lat="51.741233201426489" lon="4.4397640000000118">
    <name>508.9</name>
  </wpt>
  <wpt lat="51.742115170189855" lon="4.4400308265735378">
    <name>509.0</name>
  </wpt>
  <wpt lat="51.742993936962264" lon="4.4403377175777283">
    <name>509.1</name>
  </wpt>
  <wpt lat="51.743872745667574" lon="4.4406448190449721">
    <name>509.2</name>
  </wpt>
  <wpt lat="51.744753058450385" lon="4.4409391871596142">
    <name>509.3</name>
  </wpt>
  <wpt lat="51.745581490784048" lon="4.4413721766623153">
    <name>509.4</name>
  </wpt>
  <wpt lat="51.746470924399596" lon="4.4413376365429809">
    <name>509.5</name>
  </wpt>
  <wpt lat="51.747164480014561" lon="4.4418124405765091">
    <name>509.6</name>
  </wpt>
  <wpt lat="51.74804117128452" lon="4.4421358076482225">
    <name>509.7</name>
  </wpt>
  <wpt lat="51.748918014779591" lon="4.4424584328079755">
    <name>509.8</name>
  </wpt>
  <wpt lat="51.749793384279265" lon="4.4427914439543379">
    <name>509.9</name>
  </wpt>
  <wpt lat="51.750581701281014" lon="4.4433171466895125">
    <name>510.0</name>
  </wpt>
  <wpt lat="51.751465287443523" lon="4.4434172875361666">
    <name>510.1</name>
  </wpt>
  <wpt lat="51.752345245007994" lon="4.4437122509127374">
    <name>510.2</name>
  </wpt>
  <wpt lat="51.753228161782523" lon="4.4439712604329573">
    <name>510.3</name>
  </wpt>
  <wpt lat="51.75410607635925" lon="4.444284770852537">
    <name>510.4</name>
  </wpt>
  <wpt lat="51.754983532267111" lon="4.4446031798566894">
    <name>510.5</name>
  </wpt>
  <wpt lat="51.755860988174966" lon="4.4449215950476058">
    <name>510.6</name>
  </wpt>
  <wpt lat="51.75674613332275" lon="4.4449306249667115">
    <name>510.7</name>
  </wpt>
  <wpt lat="51.757594459615042" lon="4.4444734346788062">
    <name>510.8</name>
  </wpt>
  <wpt lat="51.758492929077285" lon="4.4444120244977707">
    <name>510.9</name>
  </wpt>
  <wpt lat="51.759386550857663" lon="4.444520999896052">
    <name>511.0</name>
  </wpt>
  <wpt lat="51.760277209982384" lon="4.4444054752178364">
    <name>511.1</name>
  </wpt>
  <wpt lat="51.761158466808496" lon="4.4441170858730406">
    <name>511.2</name>
  </wpt>
  <wpt lat="51.762053771995767" lon="4.4440043120414048">
    <name>511.3</name>
  </wpt>
  <wpt lat="51.762951615688841" lon="4.4439210432800076">
    <name>511.4</name>
  </wpt>
  <wpt lat="51.763849097351411" lon="4.4438285128086177">
    <name>511.5</name>
  </wpt>
  <wpt lat="51.764746572625995" lon="4.44382533538808">
    <name>511.6</name>
  </wpt>
  <wpt lat="51.7656443819031" lon="4.44389026183913">
    <name>511.7</name>
  </wpt>
  <wpt lat="51.766532405321961" lon="4.44394537710013">
    <name>511.8</name>
  </wpt>
  <wpt lat="51.767422560850669" lon="4.4441376215996433">
    <name>511.9</name>
  </wpt>
  <wpt lat="51.768308661441587" lon="4.4443129999999584">
    <name>512.0</name>
  </wpt>
  <wpt lat="51.768727221746865" lon="4.4433903972412532">
    <name>512.1</name>
  </wpt>
  <wpt lat="51.768866000119729" lon="4.4419870052607626">
    <name>512.2</name>
  </wpt>
  <wpt lat="51.768887000218875" lon="4.44053598685572">
    <name>512.3</name>
  </wpt>
  <wpt lat="51.768909000340933" lon="4.4390848363419373">
    <name>512.4</name>
  </wpt>
  <wpt lat="51.768914378879153" lon="4.4376354478293925">
    <name>512.5</name>
  </wpt>
  <wpt lat="51.768930000281188" lon="4.4361850414915143">
    <name>512.6</name>
  </wpt>
  <wpt lat="51.768949088670716" lon="4.4347332215501538">
    <name>512.7</name>
  </wpt>
  <wpt lat="51.768957257855419" lon="4.4332808708175744">
    <name>512.8</name>
  </wpt>
  <wpt lat="51.76886600018905" lon="4.431855542106371">
    <name>512.9</name>
  </wpt>
  <wpt lat="51.768998094067285" lon="4.4304420386942178">
    <name>513.0</name>
  </wpt>
  <wpt lat="51.769379485342327" lon="4.4291259781187344">
    <name>513.1</name>
  </wpt>
  <wpt lat="51.769757556715618" lon="4.427810854628194">
    <name>513.2</name>
  </wpt>
  <wpt lat="51.770142424298527" lon="4.4264976456348357">
    <name>513.3</name>
  </wpt>
  <wpt lat="51.770521632394278" lon="4.4251801144429264">
    <name>513.4</name>
  </wpt>
  <wpt lat="51.77095149388888" lon="4.423903979287207">
    <name>513.5</name>
  </wpt>
  <wpt lat="51.771403403387" lon="4.422647469677587">
    <name>513.6</name>
  </wpt>
  <wpt lat="51.771868882631743" lon="4.4214040165729642">
    <name>513.7</name>
  </wpt>
  <wpt lat="51.772327474416691" lon="4.4201538300169885">
    <name>513.8</name>
  </wpt>
  <wpt lat="51.772823374859016" lon="4.4189420557393682">
    <name>513.9</name>
  </wpt>
  <wpt lat="51.77335884688506" lon="4.417774587538454">
    <name>514.0</name>
  </wpt>
  <wpt lat="51.773904240892662" lon="4.4166189772308106">
    <name>514.1</name>
  </wpt>
  <wpt lat="51.774440648808991" lon="4.415454419304095">
    <name>514.2</name>
  </wpt>
  <wpt lat="51.774974291958344" lon="4.4142849666803077">
    <name>514.3</name>
  </wpt>
  <wpt lat="51.77553164410395" lon="4.4131446246445476">
    <name>514.4</name>
  </wpt>
  <wpt lat="51.775933543312064" lon="4.411929111668969">
    <name>514.5</name>
  </wpt>
  <wpt lat="51.776216380064355" lon="4.4105513579072033">
    <name>514.6</name>
  </wpt>
  <wpt lat="51.776460820158775" lon="4.4091525891397785">
    <name>514.7</name>
  </wpt>
  <wpt lat="51.776703018035782" lon="4.4077528009476836">
    <name>514.8</name>
  </wpt>
  <wpt lat="51.776942488483428" lon="4.40635177340966">
    <name>514.9</name>
  </wpt>
  <wpt lat="51.77718195893101" lon="4.4049507384365674">
    <name>515.0</name>
  </wpt>
  <wpt lat="51.777421429378521" lon="4.4035496960282039">
    <name>515.1</name>
  </wpt>
  <wpt lat="51.777863855328043" lon="4.4026153156804995">
    <name>515.2</name>
  </wpt>
  <wpt lat="51.81299333167523" lon="4.413417390076793">
    <name>519.21</name>
  </wpt>
  <wpt lat="51.813008530183573" lon="4.4134223770841459">
    <name>519.2</name>
  </wpt>
  <wpt lat="51.813570406737149" lon="4.414146841698976">
    <name>519.3</name>
  </wpt>
  <wpt lat="51.814452388881655" lon="4.414426604845346">
    <name>519.4</name>
  </wpt>
  <wpt lat="51.8151573249978" lon="4.4146213286519647">
    <name>519.5</name>
  </wpt>
  <wpt lat="51.81592355692279" lon="4.4146378521525">
    <name>519.6</name>
  </wpt>
  <wpt lat="51.816804716667804" lon="4.4149270678598533">
    <name>519.7</name>
  </wpt>
  <wpt lat="51.81768981671469" lon="4.4151620918031078">
    <name>519.8</name>
  </wpt>
  <wpt lat="51.818567851067492" lon="4.4154446016793507">
    <name>519.9</name>
  </wpt>
  <wpt lat="51.819368373391434" lon="4.4155784347212679">
    <name>520.0</name>
  </wpt>
  <wpt lat="51.820125444378078" lon="4.41598429856058">
    <name>520.1</name>
  </wpt>
  <wpt lat="51.821006166842835" lon="4.4162768418033229">
    <name>520.2</name>
  </wpt>
  <wpt lat="51.821889746034252" lon="4.4165468295013435">
    <name>520.3</name>
  </wpt>
  <wpt lat="51.82277123600435" lon="4.4168351293281312">
    <name>520.4</name>
  </wpt>
  <wpt lat="51.823330157099214" lon="4.4163320932389833">
    <name>520.5</name>
  </wpt>
  <wpt lat="51.823527955452512" lon="4.4149128624734688">
    <name>520.6</name>
  </wpt>
  <wpt lat="51.82371688084249" lon="4.41349140926265">
    <name>520.7</name>
  </wpt>
  <wpt lat="51.824033934629647" lon="4.4123777120909677">
    <name>520.8</name>
  </wpt>
  <wpt lat="51.824865188969667" lon="4.4120543967346659">
    <name>520.9</name>
  </wpt>
  <wpt lat="51.825576088265635" lon="4.4115482657154406">
    <name>521.0</name>
  </wpt>
  <wpt lat="51.826459293244106" lon="4.411274081862266">
    <name>521.1</name>
  </wpt>
  <wpt lat="51.826939988468084" lon="4.411826191531806">
    <name>521.2</name>
  </wpt>
  <wpt lat="51.826758000006208" lon="4.4132443329133739">
    <name>521.3</name>
  </wpt>
  <wpt lat="51.826504554455134" lon="4.4146322656235162">
    <name>521.4</name>
  </wpt>
  <wpt lat="51.826024762311448" lon="4.41542436201323">
    <name>521.5</name>
  </wpt>
  <wpt lat="51.825744277210859" lon="4.4168067829034294">
    <name>521.6</name>
  </wpt>
  <wpt lat="51.825469750846892" lon="4.418191819469687">
    <name>521.7</name>
  </wpt>
  <wpt lat="51.825190538449249" lon="4.4195407750395423">
    <name>521.8</name>
  </wpt>
  <wpt lat="51.824935203571812" lon="4.4209006400505766">
    <name>521.9</name>
  </wpt>
  <wpt lat="51.824671057725766" lon="4.42229149047029">
    <name>522.0</name>
  </wpt>
  <wpt lat="51.824393379470074" lon="4.4236752244371713">
    <name>522.1</name>
  </wpt>
  <wpt lat="51.824109840901045" lon="4.4250560384644295">
    <name>522.2</name>
  </wpt>
  <wpt lat="51.823831484439054" lon="4.4264396099633876">
    <name>522.3</name>
  </wpt>
  <wpt lat="51.823534111333444" lon="4.4278119007313554">
    <name>522.4</name>
  </wpt>
  <wpt lat="51.82336786752365" lon="4.4292283995005475">
    <name>522.5</name>
  </wpt>
  <wpt lat="51.822907477468853" lon="4.4304369038164158">
    <name>522.6</name>
  </wpt>
  <wpt lat="51.822546796619562" lon="4.4317687308287175">
    <name>522.7</name>
  </wpt>
  <wpt lat="51.822199079094858" lon="4.4331105372499451">
    <name>522.8</name>
  </wpt>
  <wpt lat="51.821861693113462" lon="4.4344592320861711">
    <name>522.9</name>
  </wpt>
  <wpt lat="51.821520405120133" lon="4.43580502743369">
    <name>523.0</name>
  </wpt>
  <wpt lat="51.821330000007" lon="4.4371980345331838">
    <name>523.1</name>
  </wpt>
  <wpt lat="51.822077467714344" lon="4.4374630539612374">
    <name>523.2</name>
  </wpt>
  <wpt lat="51.82297672407396" lon="4.4374470000000361">
    <name>523.3</name>
  </wpt>
  <wpt lat="51.823863833465225" lon="4.4375707525304717">
    <name>523.4</name>
  </wpt>
  <wpt lat="51.824694681779448" lon="4.4380999190501988">
    <name>523.5</name>
  </wpt>
  <wpt lat="51.825384092329095" lon="4.4388947749781078">
    <name>523.6</name>
  </wpt>
  <wpt lat="51.825193158189585" lon="4.439944737287191">
    <name>523.7</name>
  </wpt>
  <wpt lat="51.82482771458335" lon="4.4412702664456125">
    <name>523.8</name>
  </wpt>
  <wpt lat="51.824424399744075" lon="4.442569737661807">
    <name>523.9</name>
  </wpt>
  <wpt lat="51.824130208981643" lon="4.44389289234787">
    <name>524.0</name>
  </wpt>
  <wpt lat="51.823962833719889" lon="4.4453222248494955">
    <name>524.1</name>
  </wpt>
  <wpt lat="51.823805467922355" lon="4.4467547988525586">
    <name>524.2</name>
  </wpt>
  <wpt lat="51.823648102124878" lon="4.4481873678513111">
    <name>524.3</name>
  </wpt>
  <wpt lat="51.823484152852096" lon="4.4496176053122412">
    <name>524.4</name>
  </wpt>
  <wpt lat="51.823291595223942" lon="4.4510384725401089">
    <name>524.5</name>
  </wpt>
  <wpt lat="51.823099429729758" lon="4.45245947601673">
    <name>524.6</name>
  </wpt>
  <wpt lat="51.822929771366475" lon="4.4538883450242137">
    <name>524.7</name>
  </wpt>
  <wpt lat="51.822760113003241" lon="4.4553172086506052">
    <name>524.8</name>
  </wpt>
  <wpt lat="51.822573540103477" lon="4.4567404646357449">
    <name>524.9</name>
  </wpt>
  <wpt lat="51.822392837466971" lon="4.4581653898035638">
    <name>525.0</name>
  </wpt>
  <wpt lat="51.822236807686259" lon="4.4595981483070926">
    <name>525.1</name>
  </wpt>
  <wpt lat="51.822073618920882" lon="4.46102896104935">
    <name>525.2</name>
  </wpt>
  <wpt lat="51.821891801863821" lon="4.4624536606873439">
    <name>525.3</name>
  </wpt>
  <wpt lat="51.8216871041365" lon="4.4638704255634192">
    <name>525.4</name>
  </wpt>
  <wpt lat="51.82149776041993" lon="4.4652927448103732">
    <name>525.5</name>
  </wpt>
  <wpt lat="51.821339359473164" lon="4.4667248539108932">
    <name>525.6</name>
  </wpt>
  <wpt lat="51.821189329230272" lon="4.4681593898174832">
    <name>525.7</name>
  </wpt>
  <wpt lat="51.821105947998319" lon="4.46960777406088">
    <name>525.8</name>
  </wpt>
  <wpt lat="51.821019811632191" lon="4.4710559772201846">
    <name>525.9</name>
  </wpt>
  <wpt lat="51.820902648259576" lon="4.4724984191328154">
    <name>526.0</name>
  </wpt>
  <wpt lat="51.820730297469268" lon="4.4739263189656455">
    <name>526.1</name>
  </wpt>
  <wpt lat="51.820556950489092" lon="4.4753527332513547">
    <name>526.2</name>
  </wpt>
  <wpt lat="51.820414759357611" lon="4.4767886927738134">
    <name>526.3</name>
  </wpt>
  <wpt lat="51.820426404507984" lon="4.4781714044517971">
    <name>526.4</name>
  </wpt>
  <wpt lat="51.820498175441109" lon="4.47937403227265">
    <name>526.5</name>
  </wpt>
  <wpt lat="51.8199909189456" lon="4.4805656110348284">
    <name>526.6</name>
  </wpt>
  <wpt lat="51.819832754237737" lon="4.4819978202043513">
    <name>526.7</name>
  </wpt>
  <wpt lat="51.819662263318548" lon="4.4834262913056149">
    <name>526.8</name>
  </wpt>
  <wpt lat="51.819512425305376" lon="4.4847936416749441">
    <name>526.9</name>
  </wpt>
  <wpt lat="51.820381906704831" lon="4.4844267264567765">
    <name>527.0</name>
  </wpt>
  <wpt lat="51.821238073080728" lon="4.4843828496391289">
    <name>527.1</name>
  </wpt>
  <wpt lat="51.822102114067242" lon="4.48401956990824">
    <name>527.2</name>
  </wpt>
  <wpt lat="51.822946438314105" lon="4.483529561696451">
    <name>527.3</name>
  </wpt>
  <wpt lat="51.823755725053516" lon="4.48289540467912">
    <name>527.4</name>
  </wpt>
  <wpt lat="51.824541661384757" lon="4.4821888852096654">
    <name>527.5</name>
  </wpt>
  <wpt lat="51.82479345877254" lon="4.4831205312406155">
    <name>527.6</name>
  </wpt>
  <wpt lat="51.824741000050047" lon="4.4845721229678652">
    <name>527.7</name>
  </wpt>
  <wpt lat="51.824741000004025" lon="4.4860271734762724">
    <name>527.8</name>
  </wpt>
  <wpt lat="51.824435204167465" lon="4.4873328821896994">
    <name>527.9</name>
  </wpt>
  <wpt lat="51.823751866250149" lon="4.4882745520569882">
    <name>528.0</name>
  </wpt>
  <wpt lat="51.823152233584963" lon="4.4893553280021008">
    <name>528.1</name>
  </wpt>
  <wpt lat="51.822528145709335" lon="4.4904009784863295">
    <name>528.2</name>
  </wpt>
  <wpt lat="51.821890385043609" lon="4.4914268043307946">
    <name>528.3</name>
  </wpt>
  <wpt lat="51.821252624377991" lon="4.4924526156538134">
    <name>528.4</name>
  </wpt>
  <wpt lat="51.8205992680131" lon="4.4934494846171473">
    <name>528.5</name>
  </wpt>
  <wpt lat="51.81999705799528" lon="4.494527239506442">
    <name>528.6</name>
  </wpt>
  <wpt lat="51.819335667067705" lon="4.4955126741823177">
    <name>528.7</name>
  </wpt>
  <wpt lat="51.819882315598846" lon="4.49654093619834">
    <name>528.8</name>
  </wpt>
  <wpt lat="51.820552946061852" lon="4.4975051077579122">
    <name>528.9</name>
  </wpt>
  <wpt lat="51.821232348031039" lon="4.4984583669345222">
    <name>529.0</name>
  </wpt>
  <wpt lat="51.821909940442204" lon="4.4994149803892363">
    <name>529.1</name>
  </wpt>
  <wpt lat="51.822538004999046" lon="4.5004553087105581">
    <name>529.2</name>
  </wpt>
  <wpt lat="51.8231508275025" lon="4.5015201943773144">
    <name>529.3</name>
  </wpt>
  <wpt lat="51.823763650005844" lon="4.5025850945301995">
    <name>529.4</name>
  </wpt>
  <wpt lat="51.8243764725091" lon="4.5036500091697222">
    <name>529.5</name>
  </wpt>
  <wpt lat="51.825011160450032" lon="4.5046802376190946">
    <name>529.6</name>
  </wpt>
  <wpt lat="51.825682529020469" lon="4.5056477207106251">
    <name>529.7</name>
  </wpt>
  <wpt lat="51.826366579488081" lon="4.5065921472802764">
    <name>529.8</name>
  </wpt>
  <wpt lat="51.82705364824092" lon="4.5075309723063839">
    <name>529.9</name>
  </wpt>
  <wpt lat="51.827241219160705" lon="4.5088938437889929">
    <name>530.0</name>
  </wpt>
  <wpt lat="51.828015853264532" lon="4.5096262317170686">
    <name>530.1</name>
  </wpt>
  <wpt lat="51.82880813098955" lon="4.5103131891967614">
    <name>530.2</name>
  </wpt>
  <wpt lat="51.829614243802482" lon="4.5109583264123847">
    <name>530.3</name>
  </wpt>
  <wpt lat="51.830436955626894" lon="4.5115449595709789">
    <name>530.4</name>
  </wpt>
  <wpt lat="51.831264815511211" lon="4.5121134559170519">
    <name>530.5</name>
  </wpt>
  <wpt lat="51.832092583651459" lon="4.5126823124044053">
    <name>530.6</name>
  </wpt>
  <wpt lat="51.832920339080289" lon="4.5132512277940027">
    <name>530.7</name>
  </wpt>
  <wpt lat="51.833748094509069" lon="4.5138201536409586">
    <name>530.8</name>
  </wpt>
  <wpt lat="51.834575849937806" lon="4.51438908994568">
    <name>530.9</name>
  </wpt>
  <wpt lat="51.835419935329689" lon="4.514890232635155">
    <name>531.0</name>
  </wpt>
  <wpt lat="51.836270905308" lon="4.5153610265820854">
    <name>531.1</name>
  </wpt>
  <wpt lat="51.837129888124984" lon="4.5157919402324165">
    <name>531.2</name>
  </wpt>
  <wpt lat="51.837993632019405" lon="4.5160788471859155">
    <name>531.3</name>
  </wpt>
  <wpt lat="51.838721109427823" lon="4.5152354650543316">
    <name>531.4</name>
  </wpt>
  <wpt lat="51.8395982706802" lon="4.5153087902527229">
    <name>531.5</name>
  </wpt>
  <wpt lat="51.840491542627085" lon="4.5154762114621532">
    <name>531.6</name>
  </wpt>
  <wpt lat="51.841378729169882" lon="4.5156966737295221">
    <name>531.7</name>
  </wpt>
  <wpt lat="51.842230569854173" lon="4.5161628984567894">
    <name>531.8</name>
  </wpt>
  <wpt lat="51.843109065831442" lon="4.5164577729714095">
    <name>531.9</name>
  </wpt>
  <wpt lat="51.843873520239221" lon="4.51674010041124">
    <name>532.0</name>
  </wpt>
  <wpt lat="51.843811969489487" lon="4.5181923549275114">
    <name>532.1</name>
  </wpt>
  <wpt lat="51.843750418739781" lon="4.5196446074580985">
    <name>532.2</name>
  </wpt>
  <wpt lat="51.843681160194663" lon="4.5210959240376489">
    <name>532.3</name>
  </wpt>
  <wpt lat="51.843575177540991" lon="4.5225404906884359">
    <name>532.4</name>
  </wpt>
  <wpt lat="51.843429135168904" lon="4.5239767940914488">
    <name>532.5</name>
  </wpt>
  <wpt lat="51.84321140344224" lon="4.525388551319339">
    <name>532.6</name>
  </wpt>
  <wpt lat="51.842941178022095" lon="4.5267769277690713">
    <name>532.7</name>
  </wpt>
  <wpt lat="51.842675747700866" lon="4.5281676631269008">
    <name>532.8</name>
  </wpt>
  <wpt lat="51.842378624644759" lon="4.529541549232599">
    <name>532.9</name>
  </wpt>
  <wpt lat="51.842081501588737" lon="4.5309154262707141">
    <name>533.0</name>
  </wpt>
  <wpt lat="51.841795511681767" lon="4.5322917778007277">
    <name>533.1</name>
  </wpt>
  <wpt lat="51.841623030405145" lon="4.5337168411990154">
    <name>533.2</name>
  </wpt>
  <wpt lat="51.841527688296" lon="4.5351639415423568">
    <name>533.3</name>
  </wpt>
  <wpt lat="51.841400412255467" lon="4.5364615189003707">
    <name>533.4</name>
  </wpt>
  <wpt lat="51.842289136264384" lon="4.5363659999999539">
    <name>533.5</name>
  </wpt>
  <wpt lat="51.843188457870305" lon="4.5363659999999539">
    <name>533.6</name>
  </wpt>
  <wpt lat="51.844087779476219" lon="4.5363659999999539">
    <name>533.7</name>
  </wpt>
  <wpt lat="51.844866000158426" lon="4.5363449999999981">
    <name>533.8</name>
  </wpt>
  <wpt lat="51.845765321764347" lon="4.5363449999999981">
    <name>533.9</name>
  </wpt>
  <wpt lat="51.846645882674679" lon="4.5364624028915257">
    <name>534.0</name>
  </wpt>
  <wpt lat="51.847525741260064" lon="4.5363449999999981">
    <name>534.1</name>
  </wpt>
  <wpt lat="51.848425062865992" lon="4.5363449999999981">
    <name>534.2</name>
  </wpt>
  <wpt lat="51.849321551426478" lon="4.5364062997623531">
    <name>534.3</name>
  </wpt>
  <wpt lat="51.850156042081828" lon="4.5364492631423028">
    <name>534.4</name>
  </wpt>
  <wpt lat="51.851054601118236" lon="4.5364008609822966">
    <name>534.5</name>
  </wpt>
  <wpt lat="51.851952182970209" lon="4.5364587876868212">
    <name>534.6</name>
  </wpt>
  <wpt lat="51.852810588996839" lon="4.5366258664754948">
    <name>534.7</name>
  </wpt>
  <wpt lat="51.8536456841042" lon="4.5363930801486392">
    <name>534.8</name>
  </wpt>
  <wpt lat="51.854544460519044" lon="4.5363659999999539">
    <name>534.9</name>
  </wpt>
  <wpt lat="51.855443782124958" lon="4.5363659999999539">
    <name>535.0</name>
  </wpt>
  <wpt lat="51.856340173913971" lon="4.5363240000000422">
    <name>535.1</name>
  </wpt>
  <wpt lat="51.856867827219034" lon="4.5360068272141891">
    <name>535.2</name>
  </wpt>
  <wpt lat="51.856994940032713" lon="4.5349040599704269">
    <name>535.3</name>
  </wpt>
  <wpt lat="51.857612013430483" lon="4.5338529442397535">
    <name>535.4</name>
  </wpt>
  <wpt lat="51.858272869931795" lon="4.5328717206122713">
    <name>535.5</name>
  </wpt>
  <wpt lat="51.858866060780564" lon="4.5320703182962383">
    <name>535.6</name>
  </wpt>
  <wpt lat="51.859066410156579" lon="4.530653281201424">
    <name>535.7</name>
  </wpt>
  <wpt lat="51.859117000090123" lon="4.5292077554747792">
    <name>535.8</name>
  </wpt>
  <wpt lat="51.859060482477055" lon="4.5277596367409325">
    <name>535.9</name>
  </wpt>
  <wpt lat="51.8590064656449" lon="4.52631645585497">
    <name>536.0</name>
  </wpt>
  <wpt lat="51.858945000073973" lon="4.5248799381336644">
    <name>536.1</name>
  </wpt>
  <wpt lat="51.858944967424385" lon="4.5234266102078715">
    <name>536.2</name>
  </wpt>
  <wpt lat="51.858839971358371" lon="4.5219812632365421">
    <name>536.3</name>
  </wpt>
  <wpt lat="51.858740549201023" lon="4.5205352970019543">
    <name>536.4</name>
  </wpt>
  <wpt lat="51.8585556114427" lon="4.5191315166698338">
    <name>536.5</name>
  </wpt>
  <wpt lat="51.858298713456342" lon="4.5177795121610265">
    <name>536.6</name>
  </wpt>
  <wpt lat="51.85828000016717" lon="4.516461185484606">
    <name>536.7</name>
  </wpt>
  <wpt lat="51.858240416447309" lon="4.5150078008412278">
    <name>536.8</name>
  </wpt>
  <wpt lat="51.858097154991562" lon="4.5135716212184827">
    <name>536.9</name>
  </wpt>
  <wpt lat="51.858006249253613" lon="4.5121258061120466">
    <name>537.0</name>
  </wpt>
  <wpt lat="51.857850116331441" lon="4.5106919846526914">
    <name>537.1</name>
  </wpt>
  <wpt lat="51.857649450888864" lon="4.5092765420779255">
    <name>537.2</name>
  </wpt>
  <wpt lat="51.85735700010958" lon="4.5082572515362562">
    <name>537.3</name>
  </wpt>
  <wpt lat="51.858065321981968" lon="4.5086941491729515">
    <name>537.4</name>
  </wpt>
  <wpt lat="51.858942215713228" lon="4.5090115396196824">
    <name>537.5</name>
  </wpt>
  <wpt lat="51.859828818727607" lon="4.5092430939704382">
    <name>537.6</name>
  </wpt>
  <wpt lat="51.860725914513537" lon="4.50932304877034">
    <name>537.7</name>
  </wpt>
  <wpt lat="51.861619969299127" lon="4.5091818619069786">
    <name>537.8</name>
  </wpt>
  <wpt lat="51.861587510283179" lon="4.5080560344168807">
    <name>537.9</name>
  </wpt>
  <wpt lat="51.861976393877676" lon="4.5069771774853375">
    <name>538.0</name>
  </wpt>
  <wpt lat="51.862507403313138" lon="4.505849467580644">
    <name>538.1</name>
  </wpt>
  <wpt lat="51.86237610604249" lon="4.5044279796813216">
    <name>538.2</name>
  </wpt>
  <wpt lat="51.862762129406889" lon="4.5037317418644758">
    <name>538.3</name>
  </wpt>
  <wpt lat="51.863659344001604" lon="4.5037182366633122">
    <name>538.4</name>
  </wpt>
  <wpt lat="51.864552145064629" lon="4.5035435762901628">
    <name>538.5</name>
  </wpt>
  <wpt lat="51.865444805175827" lon="4.5033666611992045">
    <name>538.6</name>
  </wpt>
  <wpt lat="51.86633750290725" lon="4.503190225098356">
    <name>538.7</name>
  </wpt>
  <wpt lat="51.867229791092583" lon="4.5030084567808935">
    <name>538.8</name>
  </wpt>
  <wpt lat="51.868072228016629" lon="4.50253576889894">
    <name>538.9</name>
  </wpt>
  <wpt lat="51.868885740326505" lon="4.5020769999999688">
    <name>539.0</name>
  </wpt>
  <wpt lat="51.869706610259982" lon="4.5018356948900076">
    <name>539.1</name>
  </wpt>
  <wpt lat="51.870582008186624" lon="4.5015064004229037">
    <name>539.2</name>
  </wpt>
  <wpt lat="51.871472170776777" lon="4.5013127580782593">
    <name>539.3</name>
  </wpt>
  <wpt lat="51.872365480503696" lon="4.5014094227739578">
    <name>539.4</name>
  </wpt>
  <wpt lat="51.873212224451684" lon="4.5012018674888754">
    <name>539.5</name>
  </wpt>
  <wpt lat="51.874032851774835" lon="4.5006184762345551">
    <name>539.6</name>
  </wpt>
  <wpt lat="51.874805648772096" lon="4.5004392320929174">
    <name>539.7</name>
  </wpt>
  <wpt lat="51.875266969904388" lon="4.5016777619612762">
    <name>539.8</name>
  </wpt>
  <wpt lat="51.875933380079552" lon="4.5026520845073152">
    <name>539.9</name>
  </wpt>
  <wpt lat="51.876471634388835" lon="4.5038104949488371">
    <name>540.0</name>
  </wpt>
  <wpt lat="51.876895140642119" lon="4.5050919597538277">
    <name>540.1</name>
  </wpt>
  <wpt lat="51.877474859990571" lon="4.5062041287378891">
    <name>540.2</name>
  </wpt>
  <wpt lat="51.878036825277704" lon="4.5073381085470725">
    <name>540.3</name>
  </wpt>
  <wpt lat="51.878618522124448" lon="4.5084491175291026">
    <name>540.4</name>
  </wpt>
  <wpt lat="51.879177046373314" lon="4.5093075239949156">
    <name>540.5</name>
  </wpt>
  <wpt lat="51.879891132295882" lon="4.5101833477891358">
    <name>540.6</name>
  </wpt>
  <wpt lat="51.88064296054047" lon="4.5109817816399493">
    <name>540.7</name>
  </wpt>
  <wpt lat="51.881331388759634" lon="4.51190090164039">
    <name>540.8</name>
  </wpt>
  <wpt lat="51.881966596264611" lon="4.51292997430082">
    <name>540.9</name>
  </wpt>
  <wpt lat="51.882386217894883" lon="4.5141609164831271">
    <name>541.0</name>
  </wpt>
  <wpt lat="51.8824542097993" lon="4.5155504414076439">
    <name>541.1</name>
  </wpt>
  <wpt lat="51.882220749234754" lon="4.5165824967923562">
    <name>541.2</name>
  </wpt>
  <wpt lat="51.882384281276124" lon="4.5180146122171418">
    <name>541.3</name>
  </wpt>
  <wpt lat="51.882540046648288" lon="4.5194495039077038">
    <name>541.4</name>
  </wpt>
  <wpt lat="51.882775438437108" lon="4.520852191173355">
    <name>541.5</name>
  </wpt>
  <wpt lat="51.883402566711588" lon="4.5215935231431175">
    <name>541.6</name>
  </wpt>
  <wpt lat="51.884275564909011" lon="4.5219431122155642">
    <name>541.7</name>
  </wpt>
  <wpt lat="51.885147589428406" lon="4.5222979946421153">
    <name>541.8</name>
  </wpt>
  <wpt lat="51.88604119853359" lon="4.5224103942392047">
    <name>541.9</name>
  </wpt>
  <wpt lat="51.886937917132052" lon="4.5223106724549034">
    <name>542.0</name>
  </wpt>
  <wpt lat="51.887830227932817" lon="4.5221409064816331">
    <name>542.1</name>
  </wpt>
  <wpt lat="51.888704958962933" lon="4.5222894792793538">
    <name>542.2</name>
  </wpt>
  <wpt lat="51.889532109605" lon="4.5218742649101342">
    <name>542.3</name>
  </wpt>
  <wpt lat="51.890333257280361" lon="4.5212122393352967">
    <name>542.4</name>
  </wpt>
  <wpt lat="51.89111979783241" lon="4.5205062071622377">
    <name>542.5</name>
  </wpt>
  <wpt lat="51.891920476713615" lon="4.5198435897965021">
    <name>542.6</name>
  </wpt>
  <wpt lat="51.892723583794009" lon="4.5191878336466793">
    <name>542.7</name>
  </wpt>
  <wpt lat="51.893520590278506" lon="4.51851282007294">
    <name>542.8</name>
  </wpt>
  <wpt lat="51.89431583687761" lon="4.5178333661761716">
    <name>542.9</name>
  </wpt>
  <wpt lat="51.89508666699291" lon="4.5171779095031033">
    <name>543.0</name>
  </wpt>
  <wpt lat="51.895900202372438" lon="4.5165567325168">
    <name>543.1</name>
  </wpt>
  <wpt lat="51.896724420549006" lon="4.5159749601204364">
    <name>543.2</name>
  </wpt>
  <wpt lat="51.897556226243935" lon="4.5154212221810415">
    <name>543.3</name>
  </wpt>
  <wpt lat="51.898341948058061" lon="4.5147150520378609">
    <name>543.4</name>
  </wpt>
  <wpt lat="51.899083014794527" lon="4.514306380260658">
    <name>543.5</name>
  </wpt>
  <wpt lat="51.899832504951867" lon="4.5135429746733839">
    <name>543.6</name>
  </wpt>
  <wpt lat="51.90047403586734" lon="4.5125935706588081">
    <name>543.7</name>
  </wpt>
  <wpt lat="51.901240505419338" lon="4.5123582878029325">
    <name>543.8</name>
  </wpt>
  <wpt lat="51.901021735452616" lon="4.5114178505860227">
    <name>543.9</name>
  </wpt>
  <wpt lat="51.901363975397452" lon="4.510237743101305">
    <name>544.0</name>
  </wpt>
  <wpt lat="51.901871386705238" lon="4.5090344098680273">
    <name>544.1</name>
  </wpt>
  <wpt lat="51.902383815904372" lon="4.5078366277398869">
    <name>544.2</name>
  </wpt>
  <wpt lat="51.902885298995322" lon="4.5066270575342449">
    <name>544.3</name>
  </wpt>
  <wpt lat="51.9033179222969" lon="4.5053504984487533">
    <name>544.4</name>
  </wpt>
  <wpt lat="51.90381587688114" lon="4.50413909711758">
    <name>544.5</name>
  </wpt>
  <wpt lat="51.904330788645041" lon="4.5029472721973649">
    <name>544.6</name>
  </wpt>
  <wpt lat="51.904812366227411" lon="4.5017191821856617">
    <name>544.7</name>
  </wpt>
  <wpt lat="51.905325603095648" lon="4.5005223285435667">
    <name>544.8</name>
  </wpt>
  <wpt lat="51.905842148755191" lon="4.4993291793407337">
    <name>544.9</name>
  </wpt>
  <wpt lat="51.906348468278338" lon="4.4981282486582606">
    <name>545.0</name>
  </wpt>
  <wpt lat="51.906852860465946" lon="4.4969231299914538">
    <name>545.1</name>
  </wpt>
  <wpt lat="51.907367710634375" lon="4.4957279523631568">
    <name>545.2</name>
  </wpt>
  <wpt lat="51.907882087529416" lon="4.4945323117929634">
    <name>545.3</name>
  </wpt>
  <wpt lat="51.908400451955366" lon="4.4933453093931091">
    <name>545.4</name>
  </wpt>
  <wpt lat="51.908444919718647" lon="4.4919861501944851">
    <name>545.5</name>
  </wpt>
  <wpt lat="51.907861068609925" lon="4.4908773746206485">
    <name>545.6</name>
  </wpt>
  <wpt lat="51.9080926790759" lon="4.48962406179173">
    <name>545.7</name>
  </wpt>
  <wpt lat="51.90857663044789" lon="4.48839576730181">
    <name>545.8</name>
  </wpt>
  <wpt lat="51.909065384552051" lon="4.487172070758934">
    <name>545.9</name>
  </wpt>
  <wpt lat="51.909554138656105" lon="4.4859483608987443">
    <name>546.0</name>
  </wpt>
  <wpt lat="51.910042892760039" lon="4.4847246377208352">
    <name>546.1</name>
  </wpt>
  <wpt lat="51.910531646863873" lon="4.4835009012247982">
    <name>546.2</name>
  </wpt>
  <wpt lat="51.911279199606774" lon="4.48278242139549">
    <name>546.3</name>
  </wpt>
  <wpt lat="51.912165255702142" lon="4.4825562556969087">
    <name>546.4</name>
  </wpt>
  <wpt lat="51.913017778255309" lon="4.4822807460224423">
    <name>546.5</name>
  </wpt>
  <wpt lat="51.913914655499845" lon="4.4821846085767074">
    <name>546.6</name>
  </wpt>
  <wpt lat="51.914813743578279" lon="4.482151385350619">
    <name>546.7</name>
  </wpt>
  <wpt lat="51.915712851603864" lon="4.482121000000042">
    <name>546.8</name>
  </wpt>
  <wpt lat="51.916607553732078" lon="4.4821682249100476">
    <name>546.9</name>
  </wpt>
  <wpt lat="51.917473110405084" lon="4.4817819462205346">
    <name>547.0</name>
  </wpt>
  <wpt lat="51.918171618560827" lon="4.48121700856137">
    <name>547.1</name>
  </wpt>
  <wpt lat="51.918955544687421" lon="4.4805570243959894">
    <name>547.2</name>
  </wpt>
  <wpt lat="51.919823477629194" lon="4.4801795860610625">
    <name>547.3</name>
  </wpt>
  <wpt lat="51.920698967055394" lon="4.4798462931893095">
    <name>547.4</name>
  </wpt>
  <wpt lat="51.921559461836907" lon="4.4794245793394989">
    <name>547.5</name>
  </wpt>
  <wpt lat="51.9224139683967" lon="4.4789726287886706">
    <name>547.6</name>
  </wpt>
</gpx>