<?xml version="1.0" encoding="utf-8"?>
<gpx xmlns:xsi="http://www.w3.org/2001/XMLSchema-instance" xsi:schemaLocation="http://www.topografix.com/GPX/1/1 http://www.topografix.com/GPX/1/1/gpx.xsd" version="1.1" creator="Roparun" xmlns="http://www.topografix.com/GPX/1/1">
  <wpt lat="49.773470517462442" lon="3.2790037804157568">
    <name>8.35</name>
  </wpt>
  <wpt lat="49.773996579949454" lon="3.2794503994904032">
    <name>8.4</name>
  </wpt>
  <wpt lat="49.7748181484754" lon="3.2800165326172763">
    <name>8.5</name>
  </wpt>
  <wpt lat="49.775679601047109" lon="3.2803363858130941">
    <name>8.6</name>
  </wpt>
  <wpt lat="49.7765250816329" lon="3.2807580664769458">
    <name>8.7</name>
  </wpt>
  <wpt lat="49.777398812088634" lon="3.2810223490543446">
    <name>8.8</name>
  </wpt>
  <wpt lat="49.778269771024142" lon="3.2813672704461117">
    <name>8.9</name>
  </wpt>
  <wpt lat="49.777902057012753" lon="3.2826171516053284">
    <name>9.0</name>
  </wpt>
  <wpt lat="49.77792212514936" lon="3.2839357548934194">
    <name>9.1</name>
  </wpt>
  <wpt lat="49.778276116218017" lon="3.2852145799144594">
    <name>9.2</name>
  </wpt>
  <wpt lat="49.778555370491127" lon="3.2865383869876545">
    <name>9.3</name>
  </wpt>
  <wpt lat="49.779131840023467" lon="3.2875443779240996">
    <name>9.4</name>
  </wpt>
  <wpt lat="49.779841999926859" lon="3.2883948958279681">
    <name>9.5</name>
  </wpt>
  <wpt lat="49.780501969484853" lon="3.2893397508635234">
    <name>9.6</name>
  </wpt>
  <wpt lat="49.781111651155193" lon="3.2903632183459277">
    <name>9.7</name>
  </wpt>
  <wpt lat="49.781694261735453" lon="3.2914242081890142">
    <name>9.8</name>
  </wpt>
  <wpt lat="49.78227807887847" lon="3.2924835972717532">
    <name>9.9</name>
  </wpt>
  <wpt lat="49.782847685270823" lon="3.2935608702175507">
    <name>10.0</name>
  </wpt>
  <wpt lat="49.783387514326776" lon="3.2946746235522308">
    <name>10.1</name>
  </wpt>
  <wpt lat="49.783919481388395" lon="3.2957976551304955">
    <name>10.2</name>
  </wpt>
  <wpt lat="49.784461772321478" lon="3.2969087739363152">
    <name>10.3</name>
  </wpt>
  <wpt lat="49.784995638422615" lon="3.29802965452957">
    <name>10.4</name>
  </wpt>
  <wpt lat="49.785528728799008" lon="3.2991514449448678">
    <name>10.5</name>
  </wpt>
  <wpt lat="49.7860618191753" lon="3.3002732477049919">
    <name>10.6</name>
  </wpt>
  <wpt lat="49.786594909551496" lon="3.301395062810248">
    <name>10.7</name>
  </wpt>
  <wpt lat="49.787127999927584" lon="3.3025168902610438">
    <name>10.8</name>
  </wpt>
  <wpt lat="49.78764450675024" lon="3.3036560776315911">
    <name>10.9</name>
  </wpt>
  <wpt lat="49.788193020322026" lon="3.3047593127810519">
    <name>11.0</name>
  </wpt>
  <wpt lat="49.788761327272084" lon="3.3058242474302837">
    <name>11.1</name>
  </wpt>
  <wpt lat="49.789407073455706" lon="3.3067767229160827">
    <name>11.2</name>
  </wpt>
  <wpt lat="49.789785088477785" lon="3.3080294787965956">
    <name>11.3</name>
  </wpt>
  <wpt lat="49.79013915417304" lon="3.3092591541402587">
    <name>11.4</name>
  </wpt>
  <wpt lat="49.790924950696912" lon="3.3099291091133272">
    <name>11.5</name>
  </wpt>
  <wpt lat="49.791686566324827" lon="3.3106599286547254">
    <name>11.6</name>
  </wpt>
  <wpt lat="49.792369162614825" lon="3.3115653202095969">
    <name>11.7</name>
  </wpt>
  <wpt lat="49.792849989332268" lon="3.3127380768796906">
    <name>11.8</name>
  </wpt>
  <wpt lat="49.793327035699683" lon="3.3139158353559264">
    <name>11.9</name>
  </wpt>
  <wpt lat="49.793914109852622" lon="3.3149683291827765">
    <name>12.0</name>
  </wpt>
  <wpt lat="49.794591294568505" lon="3.3158784790723805">
    <name>12.1</name>
  </wpt>
  <wpt lat="49.795376819146661" lon="3.3165558570542877">
    <name>12.2</name>
  </wpt>
  <wpt lat="49.796158632904117" lon="3.3172443968439551">
    <name>12.3</name>
  </wpt>
  <wpt lat="49.796940446661537" lon="3.3179329477501955">
    <name>12.4</name>
  </wpt>
  <wpt lat="49.797731687849421" lon="3.3185934843259166">
    <name>12.5</name>
  </wpt>
  <wpt lat="49.798379459110222" lon="3.3195397797558095">
    <name>12.6</name>
  </wpt>
  <wpt lat="49.798854214336245" lon="3.3207225897079686">
    <name>12.7</name>
  </wpt>
  <wpt lat="49.802401299745817" lon="3.3263585306540708">
    <name>13.28</name>
  </wpt>
  <wpt lat="49.802485532313135" lon="3.3267808675114412">
    <name>13.3</name>
  </wpt>
  <wpt lat="49.802829444714732" lon="3.3280576419250645">
    <name>13.4</name>
  </wpt>
  <wpt lat="49.803510077934973" lon="3.328964891797225">
    <name>13.5</name>
  </wpt>
  <wpt lat="49.8042542715597" lon="3.3297466011174151">
    <name>13.6</name>
  </wpt>
  <wpt lat="49.805005827776377" lon="3.3305111737444473">
    <name>13.7</name>
  </wpt>
  <wpt lat="49.805764977430982" lon="3.3312582368905459">
    <name>13.8</name>
  </wpt>
  <wpt lat="49.806529992228164" lon="3.3319907001822968">
    <name>13.9</name>
  </wpt>
  <wpt lat="49.80729436127784" lon="3.3327240523703816">
    <name>14.0</name>
  </wpt>
  <wpt lat="49.807718723873307" lon="3.3338024880788297">
    <name>14.1</name>
  </wpt>
  <wpt lat="49.807703582181887" lon="3.3351958208746542">
    <name>14.2</name>
  </wpt>
  <wpt lat="49.807721574413996" lon="3.3365886230500426">
    <name>14.3</name>
  </wpt>
  <wpt lat="49.807742000255438" lon="3.3379807593062343">
    <name>14.4</name>
  </wpt>
  <wpt lat="49.807813671468871" lon="3.3393647402248163">
    <name>14.5</name>
  </wpt>
  <wpt lat="49.8081082297007" lon="3.3406812973070728">
    <name>14.6</name>
  </wpt>
  <wpt lat="49.8084168042691" lon="3.3417826522872565">
    <name>14.7</name>
  </wpt>
  <wpt lat="49.809203707142608" lon="3.34110847592202">
    <name>14.8</name>
  </wpt>
  <wpt lat="49.809983025886076" lon="3.3404129826759772">
    <name>14.9</name>
  </wpt>
  <wpt lat="49.810762344629481" lon="3.3397174782315315">
    <name>15.0</name>
  </wpt>
  <wpt lat="49.811541663372815" lon="3.3390219625881747">
    <name>15.1</name>
  </wpt>
  <wpt lat="49.812399870832124" lon="3.338637126060064">
    <name>15.2</name>
  </wpt>
  <wpt lat="49.813294211272336" lon="3.3384916528367441">
    <name>15.3</name>
  </wpt>
  <wpt lat="49.81418954625903" lon="3.3383611556116692">
    <name>15.4</name>
  </wpt>
  <wpt lat="49.815075863308635" lon="3.3381374547186953">
    <name>15.5</name>
  </wpt>
  <wpt lat="49.815922211298236" lon="3.3376667118093373">
    <name>15.6</name>
  </wpt>
  <wpt lat="49.816760734485726" lon="3.3371650870353009">
    <name>15.7</name>
  </wpt>
  <wpt lat="49.817536401540131" lon="3.3364605915978709">
    <name>15.8</name>
  </wpt>
  <wpt lat="49.818305822114283" lon="3.3357389958925219">
    <name>15.9</name>
  </wpt>
  <wpt lat="49.819068968876948" lon="3.3350030829515203">
    <name>16.0</name>
  </wpt>
  <wpt lat="49.819768039392216" lon="3.3341286548720195">
    <name>16.1</name>
  </wpt>
  <wpt lat="49.82056613747919" lon="3.3335232262498598">
    <name>16.2</name>
  </wpt>
  <wpt lat="49.821323906539789" lon="3.3328255738932784">
    <name>16.3</name>
  </wpt>
  <wpt lat="49.821871602264949" lon="3.3317202956869871">
    <name>16.4</name>
  </wpt>
  <wpt lat="49.822592780188216" lon="3.3309034496334169">
    <name>16.5</name>
  </wpt>
  <wpt lat="49.823378610729947" lon="3.330226300444838">
    <name>16.6</name>
  </wpt>
  <wpt lat="49.824062668683865" lon="3.3293302407597389">
    <name>16.7</name>
  </wpt>
  <wpt lat="49.824698324178676" lon="3.3283534211427139">
    <name>16.8</name>
  </wpt>
  <wpt lat="49.824938167905614" lon="3.3295609745753239">
    <name>16.9</name>
  </wpt>
  <wpt lat="49.82514386930233" lon="3.3308987420663425">
    <name>17.0</name>
  </wpt>
  <wpt lat="49.82550900006374" lon="3.3321538873091967">
    <name>17.1</name>
  </wpt>
  <wpt lat="49.825424264975446" lon="3.3335402622363763">
    <name>17.2</name>
  </wpt>
  <wpt lat="49.825372922866862" lon="3.334929256791543">
    <name>17.3</name>
  </wpt>
  <wpt lat="49.825501202774049" lon="3.3362961686449233">
    <name>17.4</name>
  </wpt>
  <wpt lat="49.825589839587508" lon="3.3376712353295694">
    <name>17.5</name>
  </wpt>
  <wpt lat="49.825509657801668" lon="3.3390591924144646">
    <name>17.6</name>
  </wpt>
  <wpt lat="49.825492000337405" lon="3.3404463967358553">
    <name>17.7</name>
  </wpt>
  <wpt lat="49.825708139154379" lon="3.3417986617786037">
    <name>17.8</name>
  </wpt>
  <wpt lat="49.825922590618951" lon="3.3431524986982937">
    <name>17.9</name>
  </wpt>
  <wpt lat="49.826137042083474" lon="3.3445063416198177">
    <name>18.0</name>
  </wpt>
  <wpt lat="49.826280767400888" lon="3.3458769799500914">
    <name>18.1</name>
  </wpt>
  <wpt lat="49.826198665076063" lon="3.3472652194703794">
    <name>18.2</name>
  </wpt>
  <wpt lat="49.826102795899338" lon="3.3486509885762916">
    <name>18.3</name>
  </wpt>
  <wpt lat="49.82614293837711" lon="3.3500274601474613">
    <name>18.4</name>
  </wpt>
  <wpt lat="49.826588183057275" lon="3.351198518767653">
    <name>18.5</name>
  </wpt>
  <wpt lat="49.827228255311773" lon="3.352175948230034">
    <name>18.6</name>
  </wpt>
  <wpt lat="49.827868679062561" lon="3.3531546829701742">
    <name>18.7</name>
  </wpt>
  <wpt lat="49.828516810494129" lon="3.3541208354645935">
    <name>18.8</name>
  </wpt>
  <wpt lat="49.829167824960763" lon="3.3550815803081906">
    <name>18.9</name>
  </wpt>
  <wpt lat="49.829825184470472" lon="3.3560325233345529">
    <name>19.0</name>
  </wpt>
  <wpt lat="49.830454315519539" lon="3.3570276980188503">
    <name>19.1</name>
  </wpt>
  <wpt lat="49.830982761592118" lon="3.3581545782890356">
    <name>19.2</name>
  </wpt>
  <wpt lat="49.831309771063978" lon="3.35944918706733">
    <name>19.3</name>
  </wpt>
  <wpt lat="49.831948125212037" lon="3.3597242506308866">
    <name>19.4</name>
  </wpt>
  <wpt lat="49.832823668822144" lon="3.3595244560365258">
    <name>19.5</name>
  </wpt>
  <wpt lat="49.833721881145216" lon="3.3595907514044168">
    <name>19.6</name>
  </wpt>
  <wpt lat="49.834620987540255" lon="3.3595909091200324">
    <name>19.7</name>
  </wpt>
  <wpt lat="49.835519383234157" lon="3.3595332268465796">
    <name>19.8</name>
  </wpt>
  <wpt lat="49.836415565258477" lon="3.3595264219798158">
    <name>19.9</name>
  </wpt>
  <wpt lat="49.837283644131908" lon="3.3598785999355321">
    <name>20.0</name>
  </wpt>
  <wpt lat="49.838143343490806" lon="3.3602879320134948">
    <name>20.1</name>
  </wpt>
  <wpt lat="49.839002536499613" lon="3.3606998141968951">
    <name>20.2</name>
  </wpt>
  <wpt lat="49.839897606606485" lon="3.3606133875323709">
    <name>20.3</name>
  </wpt>
  <wpt lat="49.840739071305741" lon="3.3609967016851843">
    <name>20.4</name>
  </wpt>
  <wpt lat="49.841519124251604" lon="3.3616892957096862">
    <name>20.5</name>
  </wpt>
  <wpt lat="49.842403595825679" lon="3.3619255479457042">
    <name>20.6</name>
  </wpt>
  <wpt lat="49.843294214095906" lon="3.3621050278310722">
    <name>20.7</name>
  </wpt>
  <wpt lat="49.844139472971506" lon="3.362571391050682">
    <name>20.8</name>
  </wpt>
  <wpt lat="49.845007966676533" lon="3.3628152583624678">
    <name>20.9</name>
  </wpt>
  <wpt lat="49.845884184488185" lon="3.3626005590018693">
    <name>21.0</name>
  </wpt>
  <wpt lat="49.84656514581291" lon="3.3629679821370129">
    <name>21.1</name>
  </wpt>
  <wpt lat="49.846601000442647" lon="3.3643601366799181">
    <name>21.2</name>
  </wpt>
  <wpt lat="49.84653929096428" lon="3.3657509762259004">
    <name>21.3</name>
  </wpt>
  <wpt lat="49.846477194920766" lon="3.3671420734654096">
    <name>21.4</name>
  </wpt>
  <wpt lat="49.846386400759776" lon="3.3685273712852788">
    <name>21.5</name>
  </wpt>
  <wpt lat="49.846323437922273" lon="3.3699185028019056">
    <name>21.6</name>
  </wpt>
  <wpt lat="49.847152135917774" lon="3.3694095076475929">
    <name>21.7</name>
  </wpt>
  <wpt lat="49.847948846618607" lon="3.3687687409928646">
    <name>21.8</name>
  </wpt>
  <wpt lat="49.84871573488325" lon="3.3680411121222456">
    <name>21.9</name>
  </wpt>
  <wpt lat="49.849390061232469" lon="3.3671368308294989">
    <name>22.0</name>
  </wpt>
  <wpt lat="49.850100953980011" lon="3.366293204887381">
    <name>22.1</name>
  </wpt>
  <wpt lat="49.850568522227832" lon="3.3653603968267829">
    <name>22.2</name>
  </wpt>
  <wpt lat="49.850670753540435" lon="3.3644411775972092">
    <name>22.3</name>
  </wpt>
  <wpt lat="49.851420460662951" lon="3.3636803067453052">
    <name>22.4</name>
  </wpt>
  <wpt lat="49.852145744632011" lon="3.3628678986818139">
    <name>22.5</name>
  </wpt>
  <wpt lat="49.85272690108399" lon="3.3633666289944544">
    <name>22.6</name>
  </wpt>
  <wpt lat="49.853159058453016" lon="3.3645894036121833">
    <name>22.7</name>
  </wpt>
  <wpt lat="49.853600699587751" lon="3.3658026799084313">
    <name>22.8</name>
  </wpt>
  <wpt lat="49.854155521946325" lon="3.3668977735517767">
    <name>22.9</name>
  </wpt>
  <wpt lat="49.854806958909677" lon="3.367781999999977">
    <name>23.0</name>
  </wpt>
  <wpt lat="49.855555152399731" lon="3.3670501628017888">
    <name>23.1</name>
  </wpt>
  <wpt lat="49.856406616002381" lon="3.3666233805839005">
    <name>23.2</name>
  </wpt>
  <wpt lat="49.85726605923314" lon="3.3662146224619147">
    <name>23.3</name>
  </wpt>
  <wpt lat="49.858140766338813" lon="3.3659579999999911">
    <name>23.4</name>
  </wpt>
  <wpt lat="49.859037839301983" lon="3.3660502221502422">
    <name>23.5</name>
  </wpt>
  <wpt lat="49.859934591617254" lon="3.3661555965396772">
    <name>23.6</name>
  </wpt>
  <wpt lat="49.860831207168772" lon="3.366263047214852">
    <name>23.7</name>
  </wpt>
  <wpt lat="49.861722437841905" lon="3.3664481039074947">
    <name>23.8</name>
  </wpt>
  <wpt lat="49.862603751276779" lon="3.3667258913910039">
    <name>23.9</name>
  </wpt>
  <wpt lat="49.863488109982" lon="3.3669789091606437">
    <name>24.0</name>
  </wpt>
  <wpt lat="49.864369099189346" lon="3.3672578000873719">
    <name>24.1</name>
  </wpt>
  <wpt lat="49.865252267011854" lon="3.3675199671760745">
    <name>24.2</name>
  </wpt>
  <wpt lat="49.866145685282433" lon="3.367614437728621">
    <name>24.3</name>
  </wpt>
  <wpt lat="49.86704433334554" lon="3.3675604488830966">
    <name>24.4</name>
  </wpt>
  <wpt lat="49.867937213242229" lon="3.3676123304292678">
    <name>24.5</name>
  </wpt>
  <wpt lat="49.868771520423913" lon="3.3681291970141931">
    <name>24.6</name>
  </wpt>
  <wpt lat="49.8696040245551" lon="3.3686556711249693">
    <name>24.7</name>
  </wpt>
  <wpt lat="49.8704379792054" lon="3.3691765256433439">
    <name>24.8</name>
  </wpt>
  <wpt lat="49.871272987548082" lon="3.3696947104767885">
    <name>24.9</name>
  </wpt>
  <wpt lat="49.872106798673869" lon="3.3702157028284949">
    <name>25.0</name>
  </wpt>
  <wpt lat="49.872911555943183" lon="3.3708340039384264">
    <name>25.1</name>
  </wpt>
  <wpt lat="49.873645282835923" lon="3.3716408916956442">
    <name>25.2</name>
  </wpt>
  <wpt lat="49.874386480241775" lon="3.3724309837942479">
    <name>25.3</name>
  </wpt>
  <wpt lat="49.875201265359429" lon="3.3730087941736442">
    <name>25.4</name>
  </wpt>
  <wpt lat="49.87605067336915" lon="3.3734671195081849">
    <name>25.5</name>
  </wpt>
  <wpt lat="49.87691516227455" lon="3.373838369243269">
    <name>25.6</name>
  </wpt>
  <wpt lat="49.877810250850246" lon="3.3738383732260355">
    <name>25.7</name>
  </wpt>
  <wpt lat="49.878691807522891" lon="3.3735666454141837">
    <name>25.8</name>
  </wpt>
  <wpt lat="49.879577543080352" lon="3.373329053768424">
    <name>25.9</name>
  </wpt>
  <wpt lat="49.88047302958369" lon="3.3732017259716867">
    <name>26.0</name>
  </wpt>
  <wpt lat="49.881367492963932" lon="3.3730586364022996">
    <name>26.1</name>
  </wpt>
  <wpt lat="49.882264254393974" lon="3.3729625353160553">
    <name>26.2</name>
  </wpt>
  <wpt lat="49.8831600859668" lon="3.3728410620932374">
    <name>26.3</name>
  </wpt>
  <wpt lat="49.884056102201463" lon="3.3727234147509946">
    <name>26.4</name>
  </wpt>
  <wpt lat="49.884951824882819" lon="3.3725999062838059">
    <name>26.5</name>
  </wpt>
  <wpt lat="49.885848929906253" lon="3.3725019694462324">
    <name>26.6</name>
  </wpt>
  <wpt lat="49.886743936104352" lon="3.3723667952323932">
    <name>26.7</name>
  </wpt>
  <wpt lat="49.887626458147182" lon="3.37210391300854">
    <name>26.8</name>
  </wpt>
  <wpt lat="49.888502754934166" lon="3.3717900816871764">
    <name>26.9</name>
  </wpt>
  <wpt lat="49.889383684859268" lon="3.3715106918955859">
    <name>27.0</name>
  </wpt>
  <wpt lat="49.890277114595264" lon="3.371569236943909">
    <name>27.1</name>
  </wpt>
  <wpt lat="49.8911736825984" lon="3.3716440000000314">
    <name>27.2</name>
  </wpt>
  <wpt lat="49.89206176233742" lon="3.3714449990486148">
    <name>27.3</name>
  </wpt>
  <wpt lat="49.892937626597728" lon="3.3711295793602791">
    <name>27.4</name>
  </wpt>
  <wpt lat="49.893770652771508" lon="3.3706160188637297">
    <name>27.5</name>
  </wpt>
  <wpt lat="49.894580943154054" lon="3.370013041777089">
    <name>27.6</name>
  </wpt>
  <wpt lat="49.895412995598633" lon="3.3694841544469614">
    <name>27.7</name>
  </wpt>
  <wpt lat="49.89619814837566" lon="3.3688207752248966">
    <name>27.8</name>
  </wpt>
  <wpt lat="49.896854795432461" lon="3.367870936832452">
    <name>27.9</name>
  </wpt>
  <wpt lat="49.897590022235967" lon="3.3671081848175124">
    <name>28.0</name>
  </wpt>
  <wpt lat="49.898464243264151" lon="3.3667808752937725">
    <name>28.1</name>
  </wpt>
  <wpt lat="49.899343654572341" lon="3.3664889564485669">
    <name>28.2</name>
  </wpt>
  <wpt lat="49.90015704022256" lon="3.36694691093318">
    <name>28.3</name>
  </wpt>
  <wpt lat="49.900844821312688" lon="3.3673468843016621">
    <name>28.4</name>
  </wpt>
  <wpt lat="49.901743544602553" lon="3.367331">
    <name>28.5</name>
  </wpt>
  <wpt lat="49.902639738264746" lon="3.3673924415964684">
    <name>28.6</name>
  </wpt>
  <wpt lat="49.903437287069956" lon="3.3680287515026643">
    <name>28.7</name>
  </wpt>
  <wpt lat="49.904222329074365" lon="3.3687099403486536">
    <name>28.8</name>
  </wpt>
  <wpt lat="49.905049704240092" lon="3.3691979999999782">
    <name>28.9</name>
  </wpt>
  <wpt lat="49.905946538248749" lon="3.369098177337134">
    <name>29.0</name>
  </wpt>
  <wpt lat="49.906843539346788" lon="3.3689980423239732">
    <name>29.1</name>
  </wpt>
  <wpt lat="49.907736914456095" lon="3.3688711541741392">
    <name>29.2</name>
  </wpt>
  <wpt lat="49.908298347245434" lon="3.367869307935544">
    <name>29.3</name>
  </wpt>
  <wpt lat="49.90849284381558" lon="3.3665059195796192">
    <name>29.4</name>
  </wpt>
  <wpt lat="49.9089480562049" lon="3.3654173852795846">
    <name>29.5</name>
  </wpt>
  <wpt lat="49.909786819687433" lon="3.3658154695673335">
    <name>29.6</name>
  </wpt>
  <wpt lat="49.910598769981057" lon="3.3664158917772968">
    <name>29.7</name>
  </wpt>
  <wpt lat="49.911409037964212" lon="3.367021732700612">
    <name>29.8</name>
  </wpt>
  <wpt lat="49.912217054515864" lon="3.367634850195957">
    <name>29.9</name>
  </wpt>
  <wpt lat="49.913024851915083" lon="3.3682486747898781">
    <name>30.0</name>
  </wpt>
  <wpt lat="49.913835596026892" lon="3.368852988105095">
    <name>30.1</name>
  </wpt>
  <wpt lat="49.914646962624062" lon="3.3694553601365493">
    <name>30.2</name>
  </wpt>
  <wpt lat="49.915457669386726" lon="3.3700598947759306">
    <name>30.3</name>
  </wpt>
  <wpt lat="49.91626837614934" lon="3.3706644395791434">
    <name>30.4</name>
  </wpt>
  <wpt lat="49.917073130612287" lon="3.37128775131487">
    <name>30.5</name>
  </wpt>
  <wpt lat="49.917889140670873" lon="3.3718746452437331">
    <name>30.6</name>
  </wpt>
  <wpt lat="49.918729639924983" lon="3.3720690155899664">
    <name>30.7</name>
  </wpt>
  <wpt lat="49.91958760844657" lon="3.3716573916108143">
    <name>30.8</name>
  </wpt>
  <wpt lat="49.920471392262328" lon="3.3715917195602945">
    <name>30.9</name>
  </wpt>
  <wpt lat="49.921369226928384" lon="3.3716590030693259">
    <name>31.0</name>
  </wpt>
  <wpt lat="49.922236036696795" lon="3.3713399612462389">
    <name>31.1</name>
  </wpt>
  <wpt lat="49.9231072688885" lon="3.371001154476343">
    <name>31.2</name>
  </wpt>
  <wpt lat="49.923990949009465" lon="3.3707417716517223">
    <name>31.3</name>
  </wpt>
  <wpt lat="49.924875487018944" lon="3.3704895274553706">
    <name>31.4</name>
  </wpt>
  <wpt lat="49.925759376438414" lon="3.3702318581373332">
    <name>31.5</name>
  </wpt>
  <wpt lat="49.926580052359718" lon="3.3703820038633592">
    <name>31.6</name>
  </wpt>
  <wpt lat="49.927133697843551" lon="3.3695259152000538">
    <name>31.7</name>
  </wpt>
  <wpt lat="49.927947520186294" lon="3.3689328424157532">
    <name>31.8</name>
  </wpt>
  <wpt lat="49.92863184142599" lon="3.3685832612548978">
    <name>31.9</name>
  </wpt>
  <wpt lat="49.929333470859582" lon="3.3677253063954842">
    <name>32.0</name>
  </wpt>
  <wpt lat="49.930028613239415" lon="3.3668389442232374">
    <name>32.1</name>
  </wpt>
  <wpt lat="49.930723755619169" lon="3.365952569266585">
    <name>32.2</name>
  </wpt>
  <wpt lat="49.931418897998839" lon="3.3650661815250196">
    <name>32.3</name>
  </wpt>
  <wpt lat="49.932124876040959" lon="3.3642076035111805">
    <name>32.4</name>
  </wpt>
  <wpt lat="49.932988437857176" lon="3.3638338577954556">
    <name>32.5</name>
  </wpt>
  <wpt lat="49.933867747551744" lon="3.3635407555832031">
    <name>32.6</name>
  </wpt>
  <wpt lat="49.934746363561523" lon="3.36324267835261">
    <name>32.7</name>
  </wpt>
  <wpt lat="49.935624834942743" lon="3.3629435595943762">
    <name>32.8</name>
  </wpt>
  <wpt lat="49.936513146733972" lon="3.3628059797051564">
    <name>32.9</name>
  </wpt>
  <wpt lat="49.93740799386299" lon="3.3629451884315404">
    <name>33.0</name>
  </wpt>
  <wpt lat="49.938303683995" lon="3.3630537497390058">
    <name>33.1</name>
  </wpt>
  <wpt lat="49.939182422140973" lon="3.3627658837205394">
    <name>33.2</name>
  </wpt>
  <wpt lat="49.940056403696353" lon="3.3624365155934175">
    <name>33.3</name>
  </wpt>
  <wpt lat="49.940931730574839" lon="3.362117874987482">
    <name>33.4</name>
  </wpt>
  <wpt lat="49.941820481206058" lon="3.3619069094376779">
    <name>33.5</name>
  </wpt>
  <wpt lat="49.942711688815571" lon="3.3617196172691246">
    <name>33.6</name>
  </wpt>
  <wpt lat="49.943602198397116" lon="3.3615249879482874">
    <name>33.7</name>
  </wpt>
  <wpt lat="49.944477721491211" lon="3.3612226199455684">
    <name>33.8</name>
  </wpt>
  <wpt lat="49.945257879046174" lon="3.3605351266984371">
    <name>33.9</name>
  </wpt>
  <wpt lat="49.946019680807069" lon="3.359792867140817">
    <name>34.0</name>
  </wpt>
  <wpt lat="49.946872423934586" lon="3.3593582670644597">
    <name>34.1</name>
  </wpt>
  <wpt lat="49.947736459329022" lon="3.3589709573757043">
    <name>34.2</name>
  </wpt>
  <wpt lat="49.948530484025071" lon="3.3583278722715693">
    <name>34.3</name>
  </wpt>
  <wpt lat="49.9493229621335" lon="3.357678458425533">
    <name>34.4</name>
  </wpt>
  <wpt lat="49.950212627043165" lon="3.3575007059556956">
    <name>34.5</name>
  </wpt>
  <wpt lat="49.951107869899467" lon="3.3573677431272793">
    <name>34.6</name>
  </wpt>
  <wpt lat="49.952003112755776" lon="3.35723477782719">
    <name>34.7</name>
  </wpt>
  <wpt lat="49.952898570111408" lon="3.3571058395425957">
    <name>34.8</name>
  </wpt>
  <wpt lat="49.953789081791555" lon="3.3569238604509444">
    <name>34.9</name>
  </wpt>
  <wpt lat="49.954630306568333" lon="3.3564340960103007">
    <name>35.0</name>
  </wpt>
  <wpt lat="49.955456442093556" lon="3.3558835258336508">
    <name>35.1</name>
  </wpt>
  <wpt lat="49.956319920096824" lon="3.3555178466913942">
    <name>35.2</name>
  </wpt>
  <wpt lat="49.957217880491243" lon="3.355528200390844">
    <name>35.3</name>
  </wpt>
  <wpt lat="49.958116224730766" lon="3.3555933532635964">
    <name>35.4</name>
  </wpt>
  <wpt lat="49.9590145134286" lon="3.3556602842390313">
    <name>35.5</name>
  </wpt>
  <wpt lat="49.9599117846729" lon="3.355680000000012">
    <name>35.6</name>
  </wpt>
  <wpt lat="49.960803395002287" lon="3.3555079156549912">
    <name>35.7</name>
  </wpt>
  <wpt lat="49.961692282613122" lon="3.3552955828189268">
    <name>35.8</name>
  </wpt>
  <wpt lat="49.962581571194846" lon="3.3550873878199763">
    <name>35.9</name>
  </wpt>
  <wpt lat="49.963470745336984" lon="3.3548780094026824">
    <name>36.0</name>
  </wpt>
  <wpt lat="49.964363911475068" lon="3.3548313146441204">
    <name>36.1</name>
  </wpt>
  <wpt lat="49.96499775871127" lon="3.3555402536889471">
    <name>36.2</name>
  </wpt>
  <wpt lat="49.965404705739168" lon="3.3567853529241991">
    <name>36.3</name>
  </wpt>
  <wpt lat="49.965765480234268" lon="3.3580659169269969">
    <name>36.4</name>
  </wpt>
  <wpt lat="49.966116662181669" lon="3.3593524302387485">
    <name>36.5</name>
  </wpt>
  <wpt lat="49.966408645687117" lon="3.360674804205809">
    <name>36.6</name>
  </wpt>
  <wpt lat="49.966709556368208" lon="3.361992335888389">
    <name>36.7</name>
  </wpt>
  <wpt lat="49.96702442356375" lon="3.3633015877803407">
    <name>36.8</name>
  </wpt>
  <wpt lat="49.967439036452191" lon="3.3645356431907367">
    <name>36.9</name>
  </wpt>
  <wpt lat="49.96801122316819" lon="3.3656119871994092">
    <name>37.0</name>
  </wpt>
  <wpt lat="49.968596775099087" lon="3.366672991050371">
    <name>37.1</name>
  </wpt>
  <wpt lat="49.969177262564" lon="3.3677409064682253">
    <name>37.2</name>
  </wpt>
  <wpt lat="49.969680275078822" lon="3.368897170166631">
    <name>37.3</name>
  </wpt>
  <wpt lat="49.970138601744459" lon="3.3701001857937887">
    <name>37.4</name>
  </wpt>
  <wpt lat="49.970596928409989" lon="3.3713032128775589">
    <name>37.5</name>
  </wpt>
  <wpt lat="49.97105858453051" lon="3.3725031520555442">
    <name>37.6</name>
  </wpt>
  <wpt lat="49.97158347352611" lon="3.3736302674068868">
    <name>37.7</name>
  </wpt>
  <wpt lat="49.972210410322042" lon="3.3746324772922933">
    <name>37.8</name>
  </wpt>
  <wpt lat="49.972836511251465" lon="3.3756362158029654">
    <name>37.9</name>
  </wpt>
  <wpt lat="49.973480022480437" lon="3.3766128226930943">
    <name>38.0</name>
  </wpt>
  <wpt lat="49.974146019432375" lon="3.3775524968971755">
    <name>38.1</name>
  </wpt>
  <wpt lat="49.974763857463095" lon="3.3785632567365478">
    <name>38.2</name>
  </wpt>
  <wpt lat="49.975263763291778" lon="3.379721885344376">
    <name>38.3</name>
  </wpt>
  <wpt lat="49.975768852171043" lon="3.3808767041757193">
    <name>38.4</name>
  </wpt>
  <wpt lat="49.976357769057813" lon="3.381932463146367">
    <name>38.5</name>
  </wpt>
  <wpt lat="49.976904373501142" lon="3.3830422575152754">
    <name>38.6</name>
  </wpt>
  <wpt lat="49.977402681784469" lon="3.3842059439327583">
    <name>38.7</name>
  </wpt>
  <wpt lat="49.977915607253308" lon="3.3853463758100792">
    <name>38.8</name>
  </wpt>
  <wpt lat="49.978443456858841" lon="3.3864786107386697">
    <name>38.9</name>
  </wpt>
  <wpt lat="49.978967289084629" lon="3.3876153552792574">
    <name>39.0</name>
  </wpt>
  <wpt lat="49.979420253745118" lon="3.388819614752753">
    <name>39.1</name>
  </wpt>
  <wpt lat="49.97977583991166" lon="3.3901039456299666">
    <name>39.2</name>
  </wpt>
  <wpt lat="49.980115024435804" lon="3.3913991778831849">
    <name>39.3</name>
  </wpt>
  <wpt lat="49.98045420895987" lon="3.3926944192680044">
    <name>39.4</name>
  </wpt>
  <wpt lat="49.980790796376724" lon="3.3939912911523242">
    <name>39.5</name>
  </wpt>
  <wpt lat="49.981104719527941" lon="3.3953007556465962">
    <name>39.6</name>
  </wpt>
  <wpt lat="49.9810266801332" lon="3.396673362398448">
    <name>39.7</name>
  </wpt>
  <wpt lat="49.98086087615674" lon="3.3980478187843182">
    <name>39.8</name>
  </wpt>
  <wpt lat="49.980774848793573" lon="3.3994318391110414">
    <name>39.9</name>
  </wpt>
  <wpt lat="49.9810457511572" lon="3.4007598891080981">
    <name>40.0</name>
  </wpt>
  <wpt lat="49.981366216605153" lon="3.4020666319381183">
    <name>40.1</name>
  </wpt>
  <wpt lat="49.981795140091883" lon="3.4032915462194056">
    <name>40.2</name>
  </wpt>
  <wpt lat="49.982299613930657" lon="3.4044491258185205">
    <name>40.3</name>
  </wpt>
  <wpt lat="49.982795700447831" lon="3.4056154161246721">
    <name>40.4</name>
  </wpt>
  <wpt lat="49.983279300269587" lon="3.4067945868668268">
    <name>40.5</name>
  </wpt>
  <wpt lat="49.9837467376769" lon="3.40798916757483">
    <name>40.6</name>
  </wpt>
  <wpt lat="49.984211753139313" lon="3.4091862604131604">
    <name>40.7</name>
  </wpt>
  <wpt lat="49.984619954370935" lon="3.410431818756646">
    <name>40.8</name>
  </wpt>
  <wpt lat="49.985003464987578" lon="3.4116965527285279">
    <name>40.9</name>
  </wpt>
  <wpt lat="49.985326362238879" lon="3.4130014212722286">
    <name>41.0</name>
  </wpt>
  <wpt lat="49.985545768329629" lon="3.4143578302236421">
    <name>41.1</name>
  </wpt>
  <wpt lat="49.985861382672034" lon="3.4156619865208482">
    <name>41.2</name>
  </wpt>
  <wpt lat="49.98625195042267" lon="3.4169216887814349">
    <name>41.3</name>
  </wpt>
  <wpt lat="49.986631409514658" lon="3.4181897853965353">
    <name>41.4</name>
  </wpt>
  <wpt lat="49.986925799690404" lon="3.4195105506075887">
    <name>41.5</name>
  </wpt>
  <wpt lat="49.987127846356167" lon="3.420872974484682">
    <name>41.6</name>
  </wpt>
  <wpt lat="49.9873489205223" lon="3.4222287789550379">
    <name>41.7</name>
  </wpt>
  <wpt lat="49.987561663972237" lon="3.4235877439157112">
    <name>41.8</name>
  </wpt>
  <wpt lat="49.987731389776243" lon="3.4249613448597982">
    <name>41.9</name>
  </wpt>
  <wpt lat="49.987873113064495" lon="3.426342206732369">
    <name>42.0</name>
  </wpt>
  <wpt lat="49.987998881355239" lon="3.4277272063412938">
    <name>42.1</name>
  </wpt>
  <wpt lat="49.988105347457683" lon="3.429115147025926">
    <name>42.2</name>
  </wpt>
  <wpt lat="49.988132017807693" lon="3.430512558615352">
    <name>42.3</name>
  </wpt>
  <wpt lat="49.988121414868395" lon="3.4319112120356112">
    <name>42.4</name>
  </wpt>
  <wpt lat="49.9881058262843" lon="3.4333097198809153">
    <name>42.5</name>
  </wpt>
  <wpt lat="49.988082696942769" lon="3.43470800689812">
    <name>42.6</name>
  </wpt>
  <wpt lat="49.988059567601248" lon="3.4361062932429807">
    <name>42.7</name>
  </wpt>
  <wpt lat="49.988040531465295" lon="3.4375047175464619">
    <name>42.8</name>
  </wpt>
  <wpt lat="49.988015605013565" lon="3.4389027581781559">
    <name>42.9</name>
  </wpt>
  <wpt lat="49.987850070178851" lon="3.4402746122181052">
    <name>43.0</name>
  </wpt>
  <wpt lat="49.98762612957178" lon="3.4416292899341672">
    <name>43.1</name>
  </wpt>
  <wpt lat="49.987405698545423" lon="3.4429843990615825">
    <name>43.2</name>
  </wpt>
  <wpt lat="49.988191189421009" lon="3.4433510566721242">
    <name>43.3</name>
  </wpt>
  <wpt lat="49.988801000096089" lon="3.4443090516523149">
    <name>43.4</name>
  </wpt>
  <wpt lat="49.989448903153459" lon="3.4451880233612959">
    <name>43.5</name>
  </wpt>
  <wpt lat="49.989817578546472" lon="3.4462203409895107">
    <name>43.6</name>
  </wpt>
  <wpt lat="49.989746567755994" lon="3.4476147702893476">
    <name>43.7</name>
  </wpt>
  <wpt lat="49.989644127988669" lon="3.4490022396250373">
    <name>43.8</name>
  </wpt>
  <wpt lat="49.989425221092723" lon="3.4503584007198449">
    <name>43.9</name>
  </wpt>
  <wpt lat="49.989310883148853" lon="3.4516127977577189">
    <name>44.0</name>
  </wpt>
  <wpt lat="49.990180217137784" lon="3.4519599999999526">
    <name>44.1</name>
  </wpt>
  <wpt lat="50.027432509590653" lon="3.4608183723029238">
    <name>48.92</name>
  </wpt>
  <wpt lat="50.028184310418531" lon="3.4614206081733565">
    <name>49.0</name>
  </wpt>
  <wpt lat="50.029044134821184" lon="3.4618309305791546">
    <name>49.1</name>
  </wpt>
  <wpt lat="50.029903526484212" lon="3.4622434036899716">
    <name>49.2</name>
  </wpt>
  <wpt lat="50.030719819888688" lon="3.4628211412173635">
    <name>49.3</name>
  </wpt>
  <wpt lat="50.031560988958049" lon="3.4633063616728137">
    <name>49.4</name>
  </wpt>
  <wpt lat="50.032440299190711" lon="3.463593866075342">
    <name>49.5</name>
  </wpt>
  <wpt lat="50.033280463966769" lon="3.4640483124478347">
    <name>49.6</name>
  </wpt>
  <wpt lat="50.034179588009039" lon="3.4640620000000197">
    <name>49.7</name>
  </wpt>
  <wpt lat="50.035068629132937" lon="3.4642283613481748">
    <name>49.8</name>
  </wpt>
  <wpt lat="50.035949808822764" lon="3.4645081732581993">
    <name>49.9</name>
  </wpt>
  <wpt lat="50.036846798824534" lon="3.4645845280885079">
    <name>50.0</name>
  </wpt>
  <wpt lat="50.037744946583025" lon="3.4646387030817714">
    <name>50.1</name>
  </wpt>
  <wpt lat="50.038616164885951" lon="3.464981511795536">
    <name>50.2</name>
  </wpt>
  <wpt lat="50.039266241254587" lon="3.4643275188496596">
    <name>50.3</name>
  </wpt>
  <wpt lat="50.039821339184655" lon="3.4632260951187077">
    <name>50.4</name>
  </wpt>
  <wpt lat="50.040324512390121" lon="3.4620660406232298">
    <name>50.5</name>
  </wpt>
  <wpt lat="50.040813249838905" lon="3.4608905902322706">
    <name>50.6</name>
  </wpt>
  <wpt lat="50.041324906916671" lon="3.4597392474150936">
    <name>50.7</name>
  </wpt>
  <wpt lat="50.041889980944227" lon="3.45864992410687">
    <name>50.8</name>
  </wpt>
  <wpt lat="50.042455519903577" lon="3.4575611349940258">
    <name>50.9</name>
  </wpt>
  <wpt lat="50.043197301072723" lon="3.4567816717106132">
    <name>51.0</name>
  </wpt>
  <wpt lat="50.043989102101996" lon="3.456117684149707">
    <name>51.1</name>
  </wpt>
  <wpt lat="50.044780903131219" lon="3.4554536856359879">
    <name>51.2</name>
  </wpt>
  <wpt lat="50.04555757810764" lon="3.4547494228623923">
    <name>51.3</name>
  </wpt>
  <wpt lat="50.046306403278365" lon="3.4539739631744975">
    <name>51.4</name>
  </wpt>
  <wpt lat="50.047049928746162" lon="3.4531862562920139">
    <name>51.5</name>
  </wpt>
  <wpt lat="50.047802010230612" lon="3.4524183923417073">
    <name>51.6</name>
  </wpt>
  <wpt lat="50.048553850384593" lon="3.4516543206751407">
    <name>51.7</name>
  </wpt>
  <wpt lat="50.049431351636755" lon="3.4515818684857789">
    <name>51.8</name>
  </wpt>
  <wpt lat="50.050327203387461" lon="3.4515408459415653">
    <name>51.9</name>
  </wpt>
  <wpt lat="50.051204736094114" lon="3.4512476096480178">
    <name>52.0</name>
  </wpt>
  <wpt lat="50.052052509641129" lon="3.4507807685928649">
    <name>52.1</name>
  </wpt>
  <wpt lat="50.052897121726858" lon="3.4502997039881724">
    <name>52.2</name>
  </wpt>
  <wpt lat="50.053756619039312" lon="3.4499092079516478">
    <name>52.3</name>
  </wpt>
  <wpt lat="50.054627239977165" lon="3.4496170996348461">
    <name>52.4</name>
  </wpt>
  <wpt lat="50.055451321653116" lon="3.4490562482118836">
    <name>52.5</name>
  </wpt>
  <wpt lat="50.056275403329025" lon="3.4484953871562678">
    <name>52.6</name>
  </wpt>
  <wpt lat="50.057090453168904" lon="3.4479040075165885">
    <name>52.7</name>
  </wpt>
  <wpt lat="50.057872965609754" lon="3.4472206354990882">
    <name>52.8</name>
  </wpt>
  <wpt lat="50.058579126368137" lon="3.4463532316545509">
    <name>52.9</name>
  </wpt>
  <wpt lat="50.059285287126436" lon="3.4454858150427072">
    <name>53.0</name>
  </wpt>
  <wpt lat="50.059945308414491" lon="3.44453434439133">
    <name>53.1</name>
  </wpt>
  <wpt lat="50.060706939353366" lon="3.4438057651625247">
    <name>53.2</name>
  </wpt>
  <wpt lat="50.0611455606081" lon="3.442959711599809">
    <name>53.3</name>
  </wpt>
  <wpt lat="50.061531915671409" lon="3.4417116166392874">
    <name>53.4</name>
  </wpt>
  <wpt lat="50.062102146099505" lon="3.4406283649052214">
    <name>53.5</name>
  </wpt>
  <wpt lat="50.062895544920039" lon="3.4400271163564149">
    <name>53.6</name>
  </wpt>
  <wpt lat="50.063769115939408" lon="3.4402652600377683">
    <name>53.7</name>
  </wpt>
  <wpt lat="50.064611776881442" lon="3.4407541324090554">
    <name>53.8</name>
  </wpt>
  <wpt lat="50.065463660984221" lon="3.4412031363798321">
    <name>53.9</name>
  </wpt>
  <wpt lat="50.0663097709933" lon="3.44167543220514">
    <name>54.0</name>
  </wpt>
  <wpt lat="50.067110614609504" lon="3.4423128893354757">
    <name>54.1</name>
  </wpt>
  <wpt lat="50.067911458225652" lon="3.4429503571098303">
    <name>54.2</name>
  </wpt>
  <wpt lat="50.068732090965796" lon="3.4435163493888163">
    <name>54.3</name>
  </wpt>
  <wpt lat="50.069601640510129" lon="3.4438715586941524">
    <name>54.4</name>
  </wpt>
  <wpt lat="50.070476856323531" lon="3.4441934314419416">
    <name>54.5</name>
  </wpt>
  <wpt lat="50.071373925059767" lon="3.4442400243513056">
    <name>54.6</name>
  </wpt>
  <wpt lat="50.072267203480607" lon="3.44437495014815">
    <name>54.7</name>
  </wpt>
  <wpt lat="50.073128390096109" lon="3.4447589529452998">
    <name>54.8</name>
  </wpt>
  <wpt lat="50.073962960999893" lon="3.4452806516154557">
    <name>54.9</name>
  </wpt>
  <wpt lat="50.074850266506651" lon="3.445479999999979">
    <name>55.0</name>
  </wpt>
  <wpt lat="50.075738578498438" lon="3.4452897052324931">
    <name>55.1</name>
  </wpt>
  <wpt lat="50.076619633700609" lon="3.4450100915820654">
    <name>55.2</name>
  </wpt>
  <wpt lat="50.077517983607244" lon="3.4450134127534966">
    <name>55.3</name>
  </wpt>
  <wpt lat="50.07841460637411" lon="3.4449473487321303">
    <name>55.4</name>
  </wpt>
  <wpt lat="50.079301805897984" lon="3.4447208678225651">
    <name>55.5</name>
  </wpt>
  <wpt lat="50.080108169446476" lon="3.4441098421457705">
    <name>55.6</name>
  </wpt>
  <wpt lat="50.080941986413194" lon="3.4435916513800064">
    <name>55.7</name>
  </wpt>
  <wpt lat="50.081830548189927" lon="3.4434784339203288">
    <name>55.8</name>
  </wpt>
  <wpt lat="50.082568483285073" lon="3.4437966865198648">
    <name>55.9</name>
  </wpt>
  <wpt lat="50.082612465698325" lon="3.445190429559815">
    <name>56.0</name>
  </wpt>
  <wpt lat="50.082791944872369" lon="3.4465612539627153">
    <name>56.1</name>
  </wpt>
  <wpt lat="50.083098723883232" lon="3.4478768816782428">
    <name>56.2</name>
  </wpt>
  <wpt lat="50.08387140871519" lon="3.4480428162661867">
    <name>56.3</name>
  </wpt>
  <wpt lat="50.084766059513264" lon="3.4479001572573922">
    <name>56.4</name>
  </wpt>
  <wpt lat="50.0856624920774" lon="3.447798105828336">
    <name>56.5</name>
  </wpt>
  <wpt lat="50.086558977557281" lon="3.4479067094569231">
    <name>56.6</name>
  </wpt>
  <wpt lat="50.087457236853275" lon="3.447970780142434">
    <name>56.7</name>
  </wpt>
  <wpt lat="50.08835643124285" lon="3.4479928768427315">
    <name>56.8</name>
  </wpt>
  <wpt lat="50.089255731901247" lon="3.4480024437667924">
    <name>56.9</name>
  </wpt>
  <wpt lat="50.0901544388044" lon="3.448026460590444">
    <name>57.0</name>
  </wpt>
  <wpt lat="50.091038596453089" lon="3.4482669479677859">
    <name>57.1</name>
  </wpt>
  <wpt lat="50.091930350611776" lon="3.4483784285185117">
    <name>57.2</name>
  </wpt>
  <wpt lat="50.0925376463945" lon="3.4492638268857978">
    <name>57.3</name>
  </wpt>
  <wpt lat="50.093137389034474" lon="3.4502946275386353">
    <name>57.4</name>
  </wpt>
  <wpt lat="50.093693981215885" lon="3.4513900395581505">
    <name>57.5</name>
  </wpt>
  <wpt lat="50.094282525786319" lon="3.4524286731965823">
    <name>57.6</name>
  </wpt>
  <wpt lat="50.094898838819461" lon="3.4534230655586744">
    <name>57.7</name>
  </wpt>
  <wpt lat="50.095194594975972" lon="3.4547466690059396">
    <name>57.8</name>
  </wpt>
  <wpt lat="50.095614417139643" lon="3.4559845569262051">
    <name>57.9</name>
  </wpt>
  <wpt lat="50.095858424777546" lon="3.4573281923865191">
    <name>58.0</name>
  </wpt>
  <wpt lat="50.096026376082918" lon="3.4587054223982538">
    <name>58.1</name>
  </wpt>
  <wpt lat="50.096249971678027" lon="3.4600600117371338">
    <name>58.2</name>
  </wpt>
  <wpt lat="50.09663075249766" lon="3.4613296375513221">
    <name>58.3</name>
  </wpt>
  <wpt lat="50.096898448091437" lon="3.4626654803875359">
    <name>58.4</name>
  </wpt>
  <wpt lat="50.097132219938892" lon="3.4640186768938386">
    <name>58.5</name>
  </wpt>
  <wpt lat="50.097211329514074" lon="3.4654055130611905">
    <name>58.6</name>
  </wpt>
  <wpt lat="50.097740632899061" lon="3.4663147282717759">
    <name>58.7</name>
  </wpt>
  <wpt lat="50.098628571485193" lon="3.4665370815926364">
    <name>58.8</name>
  </wpt>
  <wpt lat="50.099506988515522" lon="3.4668356697672782">
    <name>58.9</name>
  </wpt>
  <wpt lat="50.100384422378063" lon="3.467138123877739">
    <name>59.0</name>
  </wpt>
  <wpt lat="50.10124665389813" lon="3.467523986628255">
    <name>59.1</name>
  </wpt>
  <wpt lat="50.102049576452558" lon="3.4681322518456636">
    <name>59.2</name>
  </wpt>
  <wpt lat="50.1028664819829" lon="3.4686452662574623">
    <name>59.3</name>
  </wpt>
  <wpt lat="50.103717908995584" lon="3.4690420303522278">
    <name>59.4</name>
  </wpt>
  <wpt lat="50.104305909423012" lon="3.4700646024620792">
    <name>59.5</name>
  </wpt>
  <wpt lat="50.105095440361559" lon="3.4703378207437359">
    <name>59.6</name>
  </wpt>
  <wpt lat="50.105961069465486" lon="3.4701887868939281">
    <name>59.7</name>
  </wpt>
  <wpt lat="50.106795003215709" lon="3.4707127689998076">
    <name>59.8</name>
  </wpt>
  <wpt lat="50.107685610989989" lon="3.4708210000000026">
    <name>59.9</name>
  </wpt>
  <wpt lat="50.108543647051533" lon="3.4711110513509245">
    <name>60.0</name>
  </wpt>
  <wpt lat="50.109299609255075" lon="3.4713663910315344">
    <name>60.1</name>
  </wpt>
  <wpt lat="50.11004345965533" lon="3.4706063480248854">
    <name>60.2</name>
  </wpt>
  <wpt lat="50.110937762140907" lon="3.4705974764537397">
    <name>60.3</name>
  </wpt>
  <wpt lat="50.111788089218479" lon="3.471035999999962">
    <name>60.4</name>
  </wpt>
  <wpt lat="50.11267956958617" lon="3.47087337894564">
    <name>60.5</name>
  </wpt>
  <wpt lat="50.113569147779366" lon="3.4706675342146704">
    <name>60.6</name>
  </wpt>
  <wpt lat="50.11440824192573" lon="3.4702326784454312">
    <name>60.7</name>
  </wpt>
  <wpt lat="50.115142120577794" lon="3.469422062250572">
    <name>60.8</name>
  </wpt>
  <wpt lat="50.115910106219395" lon="3.4686987184589366">
    <name>60.9</name>
  </wpt>
  <wpt lat="50.116722990153377" lon="3.4681147599453097">
    <name>61.0</name>
  </wpt>
  <wpt lat="50.117603060790522" lon="3.467826120807382">
    <name>61.1</name>
  </wpt>
  <wpt lat="50.118390523210259" lon="3.4672250648974954">
    <name>61.2</name>
  </wpt>
  <wpt lat="50.118966574711919" lon="3.4661507359691894">
    <name>61.3</name>
  </wpt>
  <wpt lat="50.119667847164415" lon="3.4652730423885489">
    <name>61.4</name>
  </wpt>
  <wpt lat="50.120360698155871" lon="3.4643790691221814">
    <name>61.5</name>
  </wpt>
  <wpt lat="50.121204337263137" lon="3.464067578245007">
    <name>61.6</name>
  </wpt>
  <wpt lat="50.122037495958288" lon="3.4636799708046304">
    <name>61.7</name>
  </wpt>
  <wpt lat="50.122894828755967" lon="3.4634893289572068">
    <name>61.8</name>
  </wpt>
  <wpt lat="50.1237734152406" lon="3.4631921263437326">
    <name>61.9</name>
  </wpt>
  <wpt lat="50.124662795843676" lon="3.4633635545458188">
    <name>62.0</name>
  </wpt>
  <wpt lat="50.125544943714409" lon="3.4636363811341768">
    <name>62.1</name>
  </wpt>
  <wpt lat="50.126427091585136" lon="3.4639092127509663">
    <name>62.2</name>
  </wpt>
  <wpt lat="50.127309239455847" lon="3.4641820493964928">
    <name>62.3</name>
  </wpt>
  <wpt lat="50.128191361827746" lon="3.46445508958612">
    <name>62.4</name>
  </wpt>
  <wpt lat="50.12907261367927" lon="3.4647348833442857">
    <name>62.5</name>
  </wpt>
  <wpt lat="50.129957139257854" lon="3.4649258737642179">
    <name>62.6</name>
  </wpt>
  <wpt lat="50.130847507662" lon="3.4648332874543994">
    <name>62.7</name>
  </wpt>
  <wpt lat="50.131699757084832" lon="3.4652788158328791">
    <name>62.8</name>
  </wpt>
  <wpt lat="50.132589238140106" lon="3.4654210148683284">
    <name>62.9</name>
  </wpt>
  <wpt lat="50.133488518978488" lon="3.4654343734997619">
    <name>63.0</name>
  </wpt>
  <wpt lat="50.134387221090918" lon="3.465433836716683">
    <name>63.1</name>
  </wpt>
  <wpt lat="50.135286243257987" lon="3.465397633773438">
    <name>63.2</name>
  </wpt>
  <wpt lat="50.136185265425055" lon="3.4653614301500117">
    <name>63.3</name>
  </wpt>
  <wpt lat="50.137084287592117" lon="3.4653252258462017">
    <name>63.4</name>
  </wpt>
  <wpt lat="50.137983309759171" lon="3.4652890208621092">
    <name>63.5</name>
  </wpt>
  <wpt lat="50.1388636575706" lon="3.4650195478218038">
    <name>63.6</name>
  </wpt>
  <wpt lat="50.139738233345163" lon="3.4646926520986092">
    <name>63.7</name>
  </wpt>
  <wpt lat="50.140612809119709" lon="3.4643657503991272">
    <name>63.8</name>
  </wpt>
  <wpt lat="50.141504558724513" lon="3.46418939954549">
    <name>63.9</name>
  </wpt>
  <wpt lat="50.142401060462916" lon="3.4642094357927991">
    <name>64.0</name>
  </wpt>
  <wpt lat="50.143297708851485" lon="3.464317552511746">
    <name>64.1</name>
  </wpt>
  <wpt lat="50.144194317664933" lon="3.4642285589227053">
    <name>64.2</name>
  </wpt>
  <wpt lat="50.145073511359634" lon="3.4639519726696633">
    <name>64.3</name>
  </wpt>
  <wpt lat="50.14588751846658" lon="3.463358547026993">
    <name>64.4</name>
  </wpt>
  <wpt lat="50.146632686710454" lon="3.4625756245107331">
    <name>64.5</name>
  </wpt>
  <wpt lat="50.147480006420643" lon="3.4622549562368645">
    <name>64.6</name>
  </wpt>
  <wpt lat="50.148374935139522" lon="3.4623897634739276">
    <name>64.7</name>
  </wpt>
  <wpt lat="50.149274223544985" lon="3.46240182274323">
    <name>64.8</name>
  </wpt>
  <wpt lat="50.150170623971356" lon="3.4624737759593365">
    <name>64.9</name>
  </wpt>
  <wpt lat="50.150859066238176" lon="3.4631336533556851">
    <name>65.0</name>
  </wpt>
  <wpt lat="50.151542367926851" lon="3.4640089931869347">
    <name>65.1</name>
  </wpt>
  <wpt lat="50.152220237518613" lon="3.4648262443516726">
    <name>65.2</name>
  </wpt>
  <wpt lat="50.152724324153617" lon="3.4659848363332513">
    <name>65.3</name>
  </wpt>
  <wpt lat="50.153375142179918" lon="3.4669424107153644">
    <name>65.4</name>
  </wpt>
  <wpt lat="50.153821279003026" lon="3.4681538308092654">
    <name>65.5</name>
  </wpt>
  <wpt lat="50.154331432071437" lon="3.469309571532881">
    <name>65.6</name>
  </wpt>
  <wpt lat="50.154839772259841" lon="3.4704674420109733">
    <name>65.7</name>
  </wpt>
  <wpt lat="50.155344629509266" lon="3.471629026071736">
    <name>65.8</name>
  </wpt>
  <wpt lat="50.155852543016245" lon="3.4727872026027482">
    <name>65.9</name>
  </wpt>
  <wpt lat="50.156430058766453" lon="3.4738554092280167">
    <name>66.0</name>
  </wpt>
  <wpt lat="50.157073386137462" lon="3.4748251135018928">
    <name>66.1</name>
  </wpt>
  <wpt lat="50.15752180471064" lon="3.476041317909297">
    <name>66.2</name>
  </wpt>
  <wpt lat="50.157980605868147" lon="3.47724633303078">
    <name>66.3</name>
  </wpt>
  <wpt lat="50.158623311324391" lon="3.4782264916115135">
    <name>66.4</name>
  </wpt>
  <wpt lat="50.159195440950619" lon="3.4793047083186708">
    <name>66.5</name>
  </wpt>
  <wpt lat="50.159732559346914" lon="3.4804306009266814">
    <name>66.6</name>
  </wpt>
  <wpt lat="50.160261184048942" lon="3.48156540896014">
    <name>66.7</name>
  </wpt>
  <wpt lat="50.160725242776081" lon="3.4827652086128404">
    <name>66.8</name>
  </wpt>
  <wpt lat="50.16122727074368" lon="3.4839255227551642">
    <name>66.9</name>
  </wpt>
  <wpt lat="50.161617004694989" lon="3.48519066352803">
    <name>67.0</name>
  </wpt>
  <wpt lat="50.161978489393967" lon="3.4864743384176218">
    <name>67.1</name>
  </wpt>
  <wpt lat="50.162760865358329" lon="3.486178815504946">
    <name>67.2</name>
  </wpt>
  <wpt lat="50.16362549951544" lon="3.4863738050287409">
    <name>67.3</name>
  </wpt>
  <wpt lat="50.164072919103795" lon="3.4875088242830907">
    <name>67.4</name>
  </wpt>
  <wpt lat="50.164755140583232" lon="3.4883635523376726">
    <name>67.5</name>
  </wpt>
  <wpt lat="50.16560807938184" lon="3.4888086003456302">
    <name>67.6</name>
  </wpt>
  <wpt lat="50.166494985018915" lon="3.4889203568285581">
    <name>67.7</name>
  </wpt>
  <wpt lat="50.167332583157759" lon="3.48841817096885">
    <name>67.8</name>
  </wpt>
  <wpt lat="50.168171080843251" lon="3.4879177874281098">
    <name>67.9</name>
  </wpt>
  <wpt lat="50.169065853021657" lon="3.487840617271412">
    <name>68.0</name>
  </wpt>
  <wpt lat="50.16993650077039" lon="3.4881687438062681">
    <name>68.1</name>
  </wpt>
  <wpt lat="50.170786430959168" lon="3.4886276543126935">
    <name>68.2</name>
  </wpt>
  <wpt lat="50.171671800100064" lon="3.4888277589854884">
    <name>68.3</name>
  </wpt>
  <wpt lat="50.172563195715185" lon="3.488975517899418">
    <name>68.4</name>
  </wpt>
  <wpt lat="50.173356836909882" lon="3.4896235997804497">
    <name>68.5</name>
  </wpt>
  <wpt lat="50.174117068737388" lon="3.490372596883534">
    <name>68.6</name>
  </wpt>
  <wpt lat="50.17491492810219" lon="3.4910185364396211">
    <name>68.7</name>
  </wpt>
  <wpt lat="50.175746690179515" lon="3.4915483136826388">
    <name>68.8</name>
  </wpt>
  <wpt lat="50.176628246600245" lon="3.4917963264198835">
    <name>68.9</name>
  </wpt>
  <wpt lat="50.177525225262151" lon="3.49189762597823">
    <name>69.0</name>
  </wpt>
  <wpt lat="50.1783769092265" lon="3.4922658754939455">
    <name>69.1</name>
  </wpt>
  <wpt lat="50.179179620963559" lon="3.4928982723141506">
    <name>69.2</name>
  </wpt>
  <wpt lat="50.179732613522027" lon="3.4919353865245961">
    <name>69.3</name>
  </wpt>
  <wpt lat="50.180618698957794" lon="3.4919286689959654">
    <name>69.4</name>
  </wpt>
  <wpt lat="50.181513480374726" lon="3.4918140170963556">
    <name>69.5</name>
  </wpt>
  <wpt lat="50.18239990751924" lon="3.4918569075129566">
    <name>69.6</name>
  </wpt>
  <wpt lat="50.183082769843622" lon="3.4927180194544567">
    <name>69.7</name>
  </wpt>
  <wpt lat="50.183964689862563" lon="3.49294099520081">
    <name>69.8</name>
  </wpt>
  <wpt lat="50.184445130179576" lon="3.4940170000000177">
    <name>69.9</name>
  </wpt>
  <wpt lat="50.185333203115164" lon="3.4938551607001851">
    <name>70.0</name>
  </wpt>
  <wpt lat="50.186061244702216" lon="3.4946166182086063">
    <name>70.1</name>
  </wpt>
  <wpt lat="50.186589605872051" lon="3.4957458039583544">
    <name>70.2</name>
  </wpt>
  <wpt lat="50.186665479060352" lon="3.4969718311998945">
    <name>70.3</name>
  </wpt>
  <wpt lat="50.187075708441078" lon="3.498161651501988">
    <name>70.4</name>
  </wpt>
  <wpt lat="50.187791402378437" lon="3.4989178005987962">
    <name>70.5</name>
  </wpt>
  <wpt lat="50.188680405349118" lon="3.49879675228587">
    <name>70.6</name>
  </wpt>
  <wpt lat="50.189579164804307" lon="3.4987502415610212">
    <name>70.7</name>
  </wpt>
  <wpt lat="50.190477571474226" lon="3.4986947777443058">
    <name>70.8</name>
  </wpt>
  <wpt lat="50.19137576695541" lon="3.4987051852669846">
    <name>70.9</name>
  </wpt>
  <wpt lat="50.192235168304492" lon="3.4991061220719919">
    <name>71.0</name>
  </wpt>
  <wpt lat="50.193074094573547" lon="3.4996112344770047">
    <name>71.1</name>
  </wpt>
  <wpt lat="50.193849714825951" lon="3.5003190760202951">
    <name>71.2</name>
  </wpt>
  <wpt lat="50.1943617713046" lon="3.5011692878470204">
    <name>71.3</name>
  </wpt>
  <wpt lat="50.194943425981577" lon="3.5018694259349181">
    <name>71.4</name>
  </wpt>
  <wpt lat="50.195617625425854" lon="3.5027975873735691">
    <name>71.5</name>
  </wpt>
  <wpt lat="50.196303201765467" lon="3.5037056144421022">
    <name>71.6</name>
  </wpt>
  <wpt lat="50.197046255762984" lon="3.5044952119507125">
    <name>71.7</name>
  </wpt>
  <wpt lat="50.197800256268657" lon="3.5052609235507624">
    <name>71.8</name>
  </wpt>
  <wpt lat="50.198557294608705" lon="3.5060192907280352">
    <name>71.9</name>
  </wpt>
  <wpt lat="50.199244752830538" lon="3.5069090481449487">
    <name>72.0</name>
  </wpt>
  <wpt lat="50.199828565690837" lon="3.5079777027005061">
    <name>72.1</name>
  </wpt>
  <wpt lat="50.200455213807558" lon="3.5089835530476816">
    <name>72.2</name>
  </wpt>
  <wpt lat="50.201134302912131" lon="3.5098996722502491">
    <name>72.3</name>
  </wpt>
  <wpt lat="50.201904085047637" lon="3.5106260706237">
    <name>72.4</name>
  </wpt>
  <wpt lat="50.202662925830012" lon="3.5113764504400073">
    <name>72.5</name>
  </wpt>
  <wpt lat="50.20335738870434" lon="3.5122691699274444">
    <name>72.6</name>
  </wpt>
  <wpt lat="50.204048145238581" lon="3.5131687138150349">
    <name>72.7</name>
  </wpt>
  <wpt lat="50.204723830277551" lon="3.5140959665026505">
    <name>72.8</name>
  </wpt>
  <wpt lat="50.205399515316444" lon="3.5150232323173567">
    <name>72.9</name>
  </wpt>
  <wpt lat="50.206074171545737" lon="3.515948896472306">
    <name>73.0</name>
  </wpt>
  <wpt lat="50.206732340397394" lon="3.5169061613603936">
    <name>73.1</name>
  </wpt>
  <wpt lat="50.207415039099338" lon="3.5178182902826185">
    <name>73.2</name>
  </wpt>
  <wpt lat="50.208129796005927" lon="3.5186709667190286">
    <name>73.3</name>
  </wpt>
  <wpt lat="50.208916532273264" lon="3.5193493100492548">
    <name>73.4</name>
  </wpt>
  <wpt lat="50.2096796083001" lon="3.5200910780161703">
    <name>73.5</name>
  </wpt>
  <wpt lat="50.210502472766244" lon="3.5206143517938968">
    <name>73.6</name>
  </wpt>
  <wpt lat="50.210896713264148" lon="3.5218416639629386">
    <name>73.7</name>
  </wpt>
  <wpt lat="50.2112769290615" lon="3.5231013050116391">
    <name>73.8</name>
  </wpt>
  <wpt lat="50.212016100350347" lon="3.5238878052029738">
    <name>73.9</name>
  </wpt>
  <wpt lat="50.212856684770856" lon="3.5242299999999678">
    <name>74.0</name>
  </wpt>
  <wpt lat="50.213512657187465" lon="3.5250600119982152">
    <name>74.1</name>
  </wpt>
  <wpt lat="50.214184271737743" lon="3.5259937013844089">
    <name>74.2</name>
  </wpt>
  <wpt lat="50.214894510875446" lon="3.526853951794966">
    <name>74.3</name>
  </wpt>
  <wpt lat="50.215570334025479" lon="3.5277776680168085">
    <name>74.4</name>
  </wpt>
  <wpt lat="50.216252344845515" lon="3.528692375131568">
    <name>74.5</name>
  </wpt>
  <wpt lat="50.216985738554904" lon="3.5295021899803318">
    <name>74.6</name>
  </wpt>
  <wpt lat="50.217621677566484" lon="3.5304956931707818">
    <name>74.7</name>
  </wpt>
  <wpt lat="50.218269510615045" lon="3.53147048837666">
    <name>74.8</name>
  </wpt>
  <wpt lat="50.218918259175915" lon="3.5324438569141514">
    <name>74.9</name>
  </wpt>
  <wpt lat="50.219621796975275" lon="3.533314747936958">
    <name>75.0</name>
  </wpt>
  <wpt lat="50.220414217479423" lon="3.5339786509199436">
    <name>75.1</name>
  </wpt>
  <wpt lat="50.221216995253158" lon="3.534612213849659">
    <name>75.2</name>
  </wpt>
  <wpt lat="50.222017638464855" lon="3.5352516382457848">
    <name>75.3</name>
  </wpt>
  <wpt lat="50.222740511387407" lon="3.5360848712290092">
    <name>75.4</name>
  </wpt>
  <wpt lat="50.223420000460763" lon="3.5370054628116443">
    <name>75.5</name>
  </wpt>
  <wpt lat="50.224085359951573" lon="3.5379511499092096">
    <name>75.6</name>
  </wpt>
  <wpt lat="50.224787457440051" lon="3.5388284770141261">
    <name>75.7</name>
  </wpt>
  <wpt lat="50.225437982505461" lon="3.5397917707216759">
    <name>75.8</name>
  </wpt>
  <wpt lat="50.225895165231627" lon="3.5409956043523847">
    <name>75.9</name>
  </wpt>
  <wpt lat="50.226563801687782" lon="3.541929739988313">
    <name>76.0</name>
  </wpt>
  <wpt lat="50.227341596214139" lon="3.5425178346525965">
    <name>76.1</name>
  </wpt>
  <wpt lat="50.2279518382825" lon="3.5435464983278924">
    <name>76.2</name>
  </wpt>
  <wpt lat="50.228381724302338" lon="3.5447473302649821">
    <name>76.3</name>
  </wpt>
  <wpt lat="50.228751606843375" lon="3.546019970108965">
    <name>76.4</name>
  </wpt>
  <wpt lat="50.229050727520558" lon="3.5473366720250308">
    <name>76.5</name>
  </wpt>
  <wpt lat="50.229704153792994" lon="3.5482936622588377">
    <name>76.6</name>
  </wpt>
  <wpt lat="50.230573042329333" lon="3.5483021728649144">
    <name>76.7</name>
  </wpt>
  <wpt lat="50.231391560569449" lon="3.5477542476305146">
    <name>76.8</name>
  </wpt>
  <wpt lat="50.232226485038467" lon="3.5472584205644204">
    <name>76.9</name>
  </wpt>
  <wpt lat="50.233022594864551" lon="3.5466348983140388">
    <name>77.0</name>
  </wpt>
  <wpt lat="50.23391750402557" lon="3.5465706714962688">
    <name>77.1</name>
  </wpt>
  <wpt lat="50.234811019805832" lon="3.5467300706482914">
    <name>77.2</name>
  </wpt>
  <wpt lat="50.235675721864567" lon="3.5470854610518665">
    <name>77.3</name>
  </wpt>
  <wpt lat="50.236572992462861" lon="3.5471794296859134">
    <name>77.4</name>
  </wpt>
  <wpt lat="50.237471399933071" lon="3.5472387718508553">
    <name>77.5</name>
  </wpt>
  <wpt lat="50.238321320051277" lon="3.5476844120592661">
    <name>77.6</name>
  </wpt>
  <wpt lat="50.239147783404484" lon="3.5482299445818186">
    <name>77.7</name>
  </wpt>
  <wpt lat="50.239185826100943" lon="3.5495090383325545">
    <name>77.8</name>
  </wpt>
  <wpt lat="50.239078079118052" lon="3.550905012251012">
    <name>77.9</name>
  </wpt>
  <wpt lat="50.238970332135189" lon="3.5523009830142578">
    <name>78.0</name>
  </wpt>
  <wpt lat="50.238862585152368" lon="3.5536969506222911">
    <name>78.1</name>
  </wpt>
  <wpt lat="50.238744535473053" lon="3.5550907712673681">
    <name>78.2</name>
  </wpt>
  <wpt lat="50.238614854858717" lon="3.5564821647947311">
    <name>78.3</name>
  </wpt>
  <wpt lat="50.238435455437362" lon="3.557858662088293">
    <name>78.4</name>
  </wpt>
  <wpt lat="50.238180057185488" lon="3.5592058982607711">
    <name>78.5</name>
  </wpt>
  <wpt lat="50.237928774144443" lon="3.5605540276948298">
    <name>78.6</name>
  </wpt>
  <wpt lat="50.237719180150144" lon="3.5619173695958275">
    <name>78.7</name>
  </wpt>
  <wpt lat="50.237565772382119" lon="3.5632905001725166">
    <name>78.8</name>
  </wpt>
  <wpt lat="50.237038247010666" lon="3.5644142511090977">
    <name>78.9</name>
  </wpt>
  <wpt lat="50.236447921455564" lon="3.5654749650003392">
    <name>79.0</name>
  </wpt>
  <wpt lat="50.235972000059647" lon="3.566623741485448">
    <name>79.1</name>
  </wpt>
  <wpt lat="50.23611972321762" lon="3.5680089551410212">
    <name>79.2</name>
  </wpt>
  <wpt lat="50.236319770220369" lon="3.5693794406789747">
    <name>79.3</name>
  </wpt>
  <wpt lat="50.236508619931882" lon="3.5707526015786142">
    <name>79.4</name>
  </wpt>
  <wpt lat="50.236600904697426" lon="3.572148673056236">
    <name>79.5</name>
  </wpt>
  <wpt lat="50.236621334140104" lon="3.5735542858735361">
    <name>79.6</name>
  </wpt>
  <wpt lat="50.2366590003265" lon="3.5749589973947158">
    <name>79.7</name>
  </wpt>
  <wpt lat="50.236665212690447" lon="3.5763649410374367">
    <name>79.8</name>
  </wpt>
  <wpt lat="50.236681136629755" lon="3.57777074847588">
    <name>79.9</name>
  </wpt>
  <wpt lat="50.236721543569494" lon="3.5791753590194868">
    <name>80.0</name>
  </wpt>
  <wpt lat="50.236651958329318" lon="3.5805656023856081">
    <name>80.1</name>
  </wpt>
  <wpt lat="50.236418927453528" lon="3.5819234288842896">
    <name>80.2</name>
  </wpt>
  <wpt lat="50.2363162570844" lon="3.5833199952858372">
    <name>80.3</name>
  </wpt>
  <wpt lat="50.236273001631019" lon="3.5847223709289846">
    <name>80.4</name>
  </wpt>
  <wpt lat="50.236234824692588" lon="3.5861264427349728">
    <name>80.5</name>
  </wpt>
  <wpt lat="50.23611356030051" lon="3.5875186739755551">
    <name>80.6</name>
  </wpt>
  <wpt lat="50.235859581168057" lon="3.5888518301384016">
    <name>80.7</name>
  </wpt>
  <wpt lat="50.235819049247347" lon="3.5900644336131915">
    <name>80.8</name>
  </wpt>
  <wpt lat="50.236459143759994" lon="3.5909279108073089">
    <name>80.9</name>
  </wpt>
  <wpt lat="50.236539334486949" lon="3.592298879244249">
    <name>81.0</name>
  </wpt>
  <wpt lat="50.237327824936386" lon="3.5921893613394178">
    <name>81.1</name>
  </wpt>
  <wpt lat="50.238184461179351" lon="3.5917707963619949">
    <name>81.2</name>
  </wpt>
  <wpt lat="50.239035046429258" lon="3.5913169697195135">
    <name>81.3</name>
  </wpt>
  <wpt lat="50.239797486437773" lon="3.5915700833777371">
    <name>81.4</name>
  </wpt>
  <wpt lat="50.240573678015451" lon="3.59226808868439">
    <name>81.5</name>
  </wpt>
  <wpt lat="50.2411635853635" lon="3.5931869911629808">
    <name>81.6</name>
  </wpt>
  <wpt lat="50.241746921917652" lon="3.5942448658355497">
    <name>81.7</name>
  </wpt>
  <wpt lat="50.242402815452465" lon="3.5952048154269938">
    <name>81.8</name>
  </wpt>
  <wpt lat="50.243277054924157" lon="3.5950963408414993">
    <name>81.9</name>
  </wpt>
  <wpt lat="50.24406805676422" lon="3.5944272547821283">
    <name>82.0</name>
  </wpt>
  <wpt lat="50.244874089736179" lon="3.5938052089925563">
    <name>82.1</name>
  </wpt>
  <wpt lat="50.245703766921139" lon="3.5932638229140546">
    <name>82.2</name>
  </wpt>
  <wpt lat="50.246587641123732" lon="3.5930085254184903">
    <name>82.3</name>
  </wpt>
  <wpt lat="50.247462936592022" lon="3.5926965890231597">
    <name>82.4</name>
  </wpt>
  <wpt lat="50.248324311444073" lon="3.5922923751248326">
    <name>82.5</name>
  </wpt>
  <wpt lat="50.249185686296094" lon="3.5918881539201859">
    <name>82.6</name>
  </wpt>
  <wpt lat="50.250051363756128" lon="3.5915075521101056">
    <name>82.7</name>
  </wpt>
  <wpt lat="50.250918837216588" lon="3.5911372016944147">
    <name>82.8</name>
  </wpt>
  <wpt lat="50.251747281910035" lon="3.5905939414370707">
    <name>82.9</name>
  </wpt>
  <wpt lat="50.252562214726829" lon="3.5899991009321313">
    <name>83.0</name>
  </wpt>
  <wpt lat="50.253362585602638" lon="3.5893579698366236">
    <name>83.1</name>
  </wpt>
  <wpt lat="50.254200459285734" lon="3.5888563429738025">
    <name>83.2</name>
  </wpt>
  <wpt lat="50.255078813992746" lon="3.5885573724627995">
    <name>83.3</name>
  </wpt>
  <wpt lat="50.255946472470363" lon="3.58883389335987">
    <name>83.4</name>
  </wpt>
  <wpt lat="50.256770071260647" lon="3.5893972263844147">
    <name>83.5</name>
  </wpt>
  <wpt lat="50.257656068731507" lon="3.5895812973353278">
    <name>83.6</name>
  </wpt>
  <wpt lat="50.258309623391007" lon="3.5895786901434623">
    <name>83.7</name>
  </wpt>
  <wpt lat="50.258564522108" lon="3.5882339416735327">
    <name>83.8</name>
  </wpt>
  <wpt lat="50.258715254051175" lon="3.5868475919663707">
    <name>83.9</name>
  </wpt>
  <wpt lat="50.258676743855659" lon="3.5854638640823375">
    <name>84.0</name>
  </wpt>
  <wpt lat="50.258596234620718" lon="3.5840873243083715">
    <name>84.1</name>
  </wpt>
  <wpt lat="50.259443749206639" lon="3.5839939705929962">
    <name>84.2</name>
  </wpt>
  <wpt lat="50.260309256980648" lon="3.5836769362838119">
    <name>84.3</name>
  </wpt>
  <wpt lat="50.261115736189417" lon="3.5830544412952912">
    <name>84.4</name>
  </wpt>
  <wpt lat="50.2618660760104" lon="3.582289316845686">
    <name>84.5</name>
  </wpt>
  <wpt lat="50.26255035512574" lon="3.5813775313116145">
    <name>84.6</name>
  </wpt>
  <wpt lat="50.2632386361842" lon="3.5804772177285695">
    <name>84.7</name>
  </wpt>
  <wpt lat="50.264032263856336" lon="3.5798158447600943">
    <name>84.8</name>
  </wpt>
  <wpt lat="50.264827241474734" lon="3.5791580942521608">
    <name>84.9</name>
  </wpt>
  <wpt lat="50.265615998463417" lon="3.5784823424625194">
    <name>85.0</name>
  </wpt>
  <wpt lat="50.266363712107825" lon="3.57770407912636">
    <name>85.1</name>
  </wpt>
  <wpt lat="50.26707475520228" lon="3.5768429559654917">
    <name>85.2</name>
  </wpt>
  <wpt lat="50.267777783262574" lon="3.5759655855489516">
    <name>85.3</name>
  </wpt>
  <wpt lat="50.2684717902029" lon="3.5750717333361242">
    <name>85.4</name>
  </wpt>
  <wpt lat="50.269155380901829" lon="3.5741653142222">
    <name>85.5</name>
  </wpt>
  <wpt lat="50.269849615562634" lon="3.5732817815141442">
    <name>85.6</name>
  </wpt>
  <wpt lat="50.270457481714175" lon="3.5722463259850818">
    <name>85.7</name>
  </wpt>
  <wpt lat="50.271095837997088" lon="3.5712682483972067">
    <name>85.8</name>
  </wpt>
  <wpt lat="50.2718192342399" lon="3.5704322946541276">
    <name>85.9</name>
  </wpt>
  <wpt lat="50.272535908083974" lon="3.5695827271128224">
    <name>86.0</name>
  </wpt>
  <wpt lat="50.273234969001848" lon="3.5686975141821535">
    <name>86.1</name>
  </wpt>
  <wpt lat="50.2739355728597" lon="3.5678152906699947">
    <name>86.2</name>
  </wpt>
  <wpt lat="50.274639340970339" lon="3.5669392787571095">
    <name>86.3</name>
  </wpt>
  <wpt lat="50.275354625290454" lon="3.5660863456395551">
    <name>86.4</name>
  </wpt>
  <wpt lat="50.276069909610484" lon="3.5652333997073673">
    <name>86.5</name>
  </wpt>
  <wpt lat="50.27685966067267" lon="3.5645738146460282">
    <name>86.6</name>
  </wpt>
  <wpt lat="50.277701701567" lon="3.5640819620960227">
    <name>86.7</name>
  </wpt>
  <wpt lat="50.278548159312287" lon="3.5636093349673459">
    <name>86.8</name>
  </wpt>
  <wpt lat="50.279170993784923" lon="3.5627065033058782">
    <name>86.9</name>
  </wpt>
  <wpt lat="50.279968683047663" lon="3.5633504783750132">
    <name>87.0</name>
  </wpt>
  <wpt lat="50.280864770981395" lon="3.5633470000000105">
    <name>87.1</name>
  </wpt>
  <wpt lat="50.281715930227172" lon="3.5637643946696924">
    <name>87.2</name>
  </wpt>
  <wpt lat="50.28255808231706" lon="3.5641958062418135">
    <name>87.3</name>
  </wpt>
  <wpt lat="50.283301845026884" lon="3.5646509352471396">
    <name>87.4</name>
  </wpt>
  <wpt lat="50.283738505950929" lon="3.5655653680899975">
    <name>87.5</name>
  </wpt>
  <wpt lat="50.283258705237465" lon="3.566755738404852">
    <name>87.6</name>
  </wpt>
  <wpt lat="50.282798962721067" lon="3.5679651938067187">
    <name>87.7</name>
  </wpt>
  <wpt lat="50.283023143151169" lon="3.5690280821965814">
    <name>87.8</name>
  </wpt>
  <wpt lat="50.283751858584338" lon="3.5698490575227693">
    <name>87.9</name>
  </wpt>
  <wpt lat="50.284641212766985" lon="3.5699953995029468">
    <name>88.0</name>
  </wpt>
  <wpt lat="50.285465442034642" lon="3.5705502472910462">
    <name>88.1</name>
  </wpt>
  <wpt lat="50.286300848816616" lon="3.5710506823254247">
    <name>88.2</name>
  </wpt>
  <wpt lat="50.287178181937094" lon="3.5713600216329779">
    <name>88.3</name>
  </wpt>
  <wpt lat="50.288067029844555" lon="3.5715335692046479">
    <name>88.4</name>
  </wpt>
  <wpt lat="50.288965794984136" lon="3.5715830773795942">
    <name>88.5</name>
  </wpt>
  <wpt lat="50.289766726913292" lon="3.5721445462549855">
    <name>88.6</name>
  </wpt>
  <wpt lat="50.289767000060706" lon="3.573524857961111">
    <name>88.7</name>
  </wpt>
  <wpt lat="50.290445762638363" lon="3.5742134073711167">
    <name>88.8</name>
  </wpt>
  <wpt lat="50.2911975412913" lon="3.5747860462275303">
    <name>88.9</name>
  </wpt>
  <wpt lat="50.291431732040643" lon="3.5761135210065662">
    <name>89.0</name>
  </wpt>
  <wpt lat="50.291143174052387" lon="3.577446240509178">
    <name>89.1</name>
  </wpt>
  <wpt lat="50.291095188930868" lon="3.5787462801122749">
    <name>89.2</name>
  </wpt>
  <wpt lat="50.291976999632809" lon="3.578999886763802">
    <name>89.3</name>
  </wpt>
  <wpt lat="50.292651135580691" lon="3.5787770337386164">
    <name>89.4</name>
  </wpt>
  <wpt lat="50.292778201005063" lon="3.5773857926081671">
    <name>89.5</name>
  </wpt>
  <wpt lat="50.293142600957616" lon="3.5761023766275328">
    <name>89.6</name>
  </wpt>
  <wpt lat="50.293862751875281" lon="3.5757577956184226">
    <name>89.7</name>
  </wpt>
  <wpt lat="50.294704630191312" lon="3.5758239855530123">
    <name>89.8</name>
  </wpt>
  <wpt lat="50.295477903065517" lon="3.5765382499251182">
    <name>89.9</name>
  </wpt>
  <wpt lat="50.296310622231488" lon="3.5770389006276684">
    <name>90.0</name>
  </wpt>
  <wpt lat="50.297122019502226" lon="3.5776326336558348">
    <name>90.1</name>
  </wpt>
  <wpt lat="50.297829917888478" lon="3.5784995702773981">
    <name>90.2</name>
  </wpt>
  <wpt lat="50.298526870253575" lon="3.5793892885308445">
    <name>90.3</name>
  </wpt>
  <wpt lat="50.299221894475664" lon="3.5802827367004579">
    <name>90.4</name>
  </wpt>
  <wpt lat="50.299928879164383" lon="3.5811527148222417">
    <name>90.5</name>
  </wpt>
  <wpt lat="50.300482249068175" lon="3.5822324178520657">
    <name>90.6</name>
  </wpt>
  <wpt lat="50.300932034178921" lon="3.5834495897877656">
    <name>90.7</name>
  </wpt>
  <wpt lat="50.301437675078652" lon="3.5846139094278344">
    <name>90.8</name>
  </wpt>
  <wpt lat="50.301943315978271" lon="3.5857782414452983">
    <name>90.9</name>
  </wpt>
  <wpt lat="50.302474445783524" lon="3.5869138246131125">
    <name>91.0</name>
  </wpt>
  <wpt lat="50.3030850125914" lon="3.5879465255417271">
    <name>91.1</name>
  </wpt>
  <wpt lat="50.303684596363915" lon="3.5883398076395254">
    <name>91.2</name>
  </wpt>
  <wpt lat="50.304243809513572" lon="3.5872371026700063">
    <name>91.3</name>
  </wpt>
  <wpt lat="50.304830057008914" lon="3.5861700130223628">
    <name>91.4</name>
  </wpt>
  <wpt lat="50.305432971310736" lon="3.5851257975931086">
    <name>91.5</name>
  </wpt>
  <wpt lat="50.306061133572719" lon="3.5841214220032884">
    <name>91.6</name>
  </wpt>
  <wpt lat="50.306634103172819" lon="3.5830361149116352">
    <name>91.7</name>
  </wpt>
  <wpt lat="50.307208017361411" lon="3.5819520155201547">
    <name>91.8</name>
  </wpt>
  <wpt lat="50.307823337890433" lon="3.5809307752533788">
    <name>91.9</name>
  </wpt>
  <wpt lat="50.30860270746188" lon="3.5802330842436434">
    <name>92.0</name>
  </wpt>
  <wpt lat="50.309403634587362" lon="3.5795927971957981">
    <name>92.1</name>
  </wpt>
  <wpt lat="50.310187417263478" lon="3.57890229334634">
    <name>92.2</name>
  </wpt>
  <wpt lat="50.310955608644655" lon="3.5781749099268096">
    <name>92.3</name>
  </wpt>
  <wpt lat="50.311610719839" lon="3.5772109098278357">
    <name>92.4</name>
  </wpt>
  <wpt lat="50.312245317114467" lon="3.5762185956614441">
    <name>92.5</name>
  </wpt>
  <wpt lat="50.313056671591653" lon="3.5756113406930332">
    <name>92.6</name>
  </wpt>
  <wpt lat="50.313838302914235" lon="3.5749224127290327">
    <name>92.7</name>
  </wpt>
  <wpt lat="50.314529217553925" lon="3.5743098054165405">
    <name>92.8</name>
  </wpt>
  <wpt lat="50.315364180204107" lon="3.57473918013549">
    <name>92.9</name>
  </wpt>
  <wpt lat="50.316241973971167" lon="3.5747108002424985">
    <name>93.0</name>
  </wpt>
  <wpt lat="50.317135361272413" lon="3.5746095466744636">
    <name>93.1</name>
  </wpt>
  <wpt lat="50.3180236726745" lon="3.5748291982882643">
    <name>93.2</name>
  </wpt>
  <wpt lat="50.318915231099787" lon="3.5748866010315692">
    <name>93.3</name>
  </wpt>
  <wpt lat="50.319788928173033" lon="3.5745593191360103">
    <name>93.4</name>
  </wpt>
  <wpt lat="50.320676056679069" lon="3.5745853395616352">
    <name>93.5</name>
  </wpt>
  <wpt lat="50.321513485480821" lon="3.5750630000000267">
    <name>93.6</name>
  </wpt>
  <wpt lat="50.322412807086742" lon="3.5750630000000267">
    <name>93.7</name>
  </wpt>
  <wpt lat="50.323311001010708" lon="3.5750082099678924">
    <name>93.8</name>
  </wpt>
  <wpt lat="50.3242008166142" lon="3.5748077616751961">
    <name>93.9</name>
  </wpt>
  <wpt lat="50.32509281677018" lon="3.5746369790915131">
    <name>94.0</name>
  </wpt>
  <wpt lat="50.325990555508909" lon="3.5745689999999564">
    <name>94.1</name>
  </wpt>
  <wpt lat="50.326822542810412" lon="3.5749850586765759">
    <name>94.2</name>
  </wpt>
  <wpt lat="50.327682091538989" lon="3.5753832417606985">
    <name>94.3</name>
  </wpt>
  <wpt lat="50.328560447970212" lon="3.5752614791007891">
    <name>94.4</name>
  </wpt>
  <wpt lat="50.329451884633954" lon="3.5750839999999826">
    <name>94.5</name>
  </wpt>
  <wpt lat="50.330350884797532" lon="3.5751008066700334">
    <name>94.6</name>
  </wpt>
  <wpt lat="50.331248593265336" lon="3.5751851502009062">
    <name>94.7</name>
  </wpt>
  <wpt lat="50.334221734908745" lon="3.5889730192650173">
    <name>96.40</name>
  </wpt>
  <wpt lat="50.334119211577836" lon="3.5891440942390771">
    <name>96.4</name>
  </wpt>
  <wpt lat="50.333881959335621" lon="3.5902079500563744">
    <name>96.5</name>
  </wpt>
  <wpt lat="50.333611144475583" lon="3.5915174937196905">
    <name>96.6</name>
  </wpt>
  <wpt lat="50.333263208301446" lon="3.5928166626489459">
    <name>96.7</name>
  </wpt>
  <wpt lat="50.332914907525051" lon="3.5941155899352282">
    <name>96.8</name>
  </wpt>
  <wpt lat="50.332551932389329" lon="3.5954043738998251">
    <name>96.9</name>
  </wpt>
  <wpt lat="50.332195087621677" lon="3.5966975774688592">
    <name>97.0</name>
  </wpt>
  <wpt lat="50.331838242854104" lon="3.5979907713255481">
    <name>97.1</name>
  </wpt>
  <wpt lat="50.3313405127244" lon="3.5991444187923922">
    <name>97.2</name>
  </wpt>
  <wpt lat="50.330768066465382" lon="3.6002203715504995">
    <name>97.3</name>
  </wpt>
  <wpt lat="50.330346672575232" lon="3.6014641887278733">
    <name>97.4</name>
  </wpt>
  <wpt lat="50.330110942239948" lon="3.6028161761881954">
    <name>97.5</name>
  </wpt>
  <wpt lat="50.32996891531031" lon="3.6042059371323623">
    <name>97.6</name>
  </wpt>
  <wpt lat="50.3296002896329" lon="3.6054689813578804">
    <name>97.7</name>
  </wpt>
  <wpt lat="50.329001129862689" lon="3.6065192385284015">
    <name>97.8</name>
  </wpt>
  <wpt lat="50.328645147300243" lon="3.6076591216523588">
    <name>97.9</name>
  </wpt>
  <wpt lat="50.328389170865023" lon="3.6090095965226019">
    <name>98.0</name>
  </wpt>
  <wpt lat="50.328133197473747" lon="3.6103598420900176">
    <name>98.1</name>
  </wpt>
  <wpt lat="50.328542499473834" lon="3.6115720889721104">
    <name>98.2</name>
  </wpt>
  <wpt lat="50.32907321421375" lon="3.6127093897479479">
    <name>98.3</name>
  </wpt>
  <wpt lat="50.329604152209349" lon="3.6138464475963774">
    <name>98.4</name>
  </wpt>
  <wpt lat="50.330081431877076" lon="3.6150320951546426">
    <name>98.5</name>
  </wpt>
  <wpt lat="50.33034250896543" lon="3.6163793417786771">
    <name>98.6</name>
  </wpt>
  <wpt lat="50.330588094651226" lon="3.6177345986132914">
    <name>98.7</name>
  </wpt>
  <wpt lat="50.330841204562574" lon="3.6190857517174315">
    <name>98.8</name>
  </wpt>
  <wpt lat="50.331283669692311" lon="3.6203059912082525">
    <name>98.9</name>
  </wpt>
  <wpt lat="50.331872107307561" lon="3.6213713869209703">
    <name>99.0</name>
  </wpt>
  <wpt lat="50.332460544922725" lon="3.6224367958283596">
    <name>99.1</name>
  </wpt>
  <wpt lat="50.33304898253779" lon="3.6235022179307252">
    <name>99.2</name>
  </wpt>
  <wpt lat="50.333637420152755" lon="3.624567653228576">
    <name>99.3</name>
  </wpt>
  <wpt lat="50.334135636381411" lon="3.6257401343607549">
    <name>99.4</name>
  </wpt>
  <wpt lat="50.334618850352911" lon="3.62692838574479">
    <name>99.5</name>
  </wpt>
  <wpt lat="50.335097296021765" lon="3.6281213856372205">
    <name>99.6</name>
  </wpt>
  <wpt lat="50.335575741690526" lon="3.6293143975441078">
    <name>99.7</name>
  </wpt>
  <wpt lat="50.336054187359174" lon="3.6305074214658579">
    <name>99.8</name>
  </wpt>
  <wpt lat="50.336611867848688" lon="3.6316117287804039">
    <name>99.9</name>
  </wpt>
  <wpt lat="50.337211135437521" lon="3.6326606705005817">
    <name>100.0</name>
  </wpt>
  <wpt lat="50.337816290255716" lon="3.633702398582594">
    <name>100.1</name>
  </wpt>
  <wpt lat="50.338448045621647" lon="3.6347050449835079">
    <name>100.2</name>
  </wpt>
  <wpt lat="50.338927290648513" lon="3.6358970061927818">
    <name>100.3</name>
  </wpt>
  <wpt lat="50.339331354354272" lon="3.637144874105871">
    <name>100.4</name>
  </wpt>
  <wpt lat="50.339788679076143" lon="3.6380831199149064">
    <name>100.5</name>
  </wpt>
  <wpt lat="50.340474752697752" lon="3.6389886580707538">
    <name>100.6</name>
  </wpt>
  <wpt lat="50.3402589778358" lon="3.6400693039356584">
    <name>100.7</name>
  </wpt>
  <wpt lat="50.340446450751791" lon="3.6414314526434759">
    <name>100.8</name>
  </wpt>
  <wpt lat="50.34068395175111" lon="3.6427835167700255">
    <name>100.9</name>
  </wpt>
  <wpt lat="50.340710164644669" lon="3.6441890394259793">
    <name>101.0</name>
  </wpt>
  <wpt lat="50.341464111972336" lon="3.6448060681928212">
    <name>101.1</name>
  </wpt>
  <wpt lat="50.34236173482423" lon="3.6448915388873377">
    <name>101.2</name>
  </wpt>
  <wpt lat="50.343208575382739" lon="3.644614657772145">
    <name>101.3</name>
  </wpt>
  <wpt lat="50.343942247829567" lon="3.644518501293462">
    <name>101.4</name>
  </wpt>
  <wpt lat="50.344103291787185" lon="3.6434311053852944">
    <name>101.5</name>
  </wpt>
  <wpt lat="50.34407600001181" lon="3.6420383736823467">
    <name>101.6</name>
  </wpt>
  <wpt lat="50.344351908839641" lon="3.6407056059022738">
    <name>101.7</name>
  </wpt>
  <wpt lat="50.344515368235896" lon="3.6393956635735778">
    <name>101.8</name>
  </wpt>
  <wpt lat="50.345377155049285" lon="3.6390052325628575">
    <name>101.9</name>
  </wpt>
  <wpt lat="50.3462588474836" lon="3.6387275649315036">
    <name>102.0</name>
  </wpt>
  <wpt lat="50.347141669790467" lon="3.63845888080046">
    <name>102.1</name>
  </wpt>
  <wpt lat="50.348024696815486" lon="3.6381918202744918">
    <name>102.2</name>
  </wpt>
  <wpt lat="50.348917032049876" lon="3.638031383683749">
    <name>102.3</name>
  </wpt>
  <wpt lat="50.3498154019489" lon="3.6380280050151153">
    <name>102.4</name>
  </wpt>
  <wpt lat="50.350710689299568" lon="3.6381553639129955">
    <name>102.5</name>
  </wpt>
  <wpt lat="50.351590856058792" lon="3.6384358880129257">
    <name>102.6</name>
  </wpt>
  <wpt lat="50.352453941775082" lon="3.6388309733785649">
    <name>102.7</name>
  </wpt>
  <wpt lat="50.353296006421871" lon="3.6393258321722657">
    <name>102.8</name>
  </wpt>
  <wpt lat="50.35413710051408" lon="3.639824760878136">
    <name>102.9</name>
  </wpt>
  <wpt lat="50.354978194606247" lon="3.6403236984233023">
    <name>103.0</name>
  </wpt>
  <wpt lat="50.355818962290478" lon="3.6408239928207795">
    <name>103.1</name>
  </wpt>
  <wpt lat="50.35665946659347" lon="3.6413253836654769">
    <name>103.2</name>
  </wpt>
  <wpt lat="50.357499970896441" lon="3.6418267833876365">
    <name>103.3</name>
  </wpt>
  <wpt lat="50.358357722376731" lon="3.6422405365669839">
    <name>103.4</name>
  </wpt>
  <wpt lat="50.359216703017211" lon="3.6426425829422313">
    <name>103.5</name>
  </wpt>
  <wpt lat="50.359961237134073" lon="3.6434245747868697">
    <name>103.6</name>
  </wpt>
  <wpt lat="50.36059085739484" lon="3.6444302704236216">
    <name>103.7</name>
  </wpt>
  <wpt lat="50.361218779482776" lon="3.6454394087563715">
    <name>103.8</name>
  </wpt>
  <wpt lat="50.361917055872574" lon="3.6463045870801856">
    <name>103.9</name>
  </wpt>
  <wpt lat="50.362754144828585" lon="3.6468198893831305">
    <name>104.0</name>
  </wpt>
  <wpt lat="50.363625805029464" lon="3.6471453424023448">
    <name>104.1</name>
  </wpt>
  <wpt lat="50.36452231795969" lon="3.6470971364571176">
    <name>104.2</name>
  </wpt>
  <wpt lat="50.365415725555138" lon="3.6470529999999521">
    <name>104.3</name>
  </wpt>
  <wpt lat="50.366244429569221" lon="3.6474025570728639">
    <name>104.4</name>
  </wpt>
  <wpt lat="50.367124928894164" lon="3.6476798922246032">
    <name>104.5</name>
  </wpt>
  <wpt lat="50.367979362520686" lon="3.648104571692909">
    <name>104.6</name>
  </wpt>
  <wpt lat="50.368790249550912" lon="3.6487034181696743">
    <name>104.7</name>
  </wpt>
  <wpt lat="50.369556025351514" lon="3.6494397893400587">
    <name>104.8</name>
  </wpt>
  <wpt lat="50.370335088579743" lon="3.6501416354036316">
    <name>104.9</name>
  </wpt>
  <wpt lat="50.371072801989314" lon="3.650948060410804">
    <name>105.0</name>
  </wpt>
  <wpt lat="50.371810318594619" lon="3.6517549396102433">
    <name>105.1</name>
  </wpt>
  <wpt lat="50.372549513262342" lon="3.6525580269598215">
    <name>105.2</name>
  </wpt>
  <wpt lat="50.373279921511276" lon="3.653380539610422">
    <name>105.3</name>
  </wpt>
  <wpt lat="50.374018877213707" lon="3.6541833928403364">
    <name>105.4</name>
  </wpt>
  <wpt lat="50.374844016836029" lon="3.6547425504186504">
    <name>105.5</name>
  </wpt>
  <wpt lat="50.3756937731903" lon="3.6552041570828062">
    <name>105.6</name>
  </wpt>
  <wpt lat="50.376543831673388" lon="3.6556644729403707">
    <name>105.7</name>
  </wpt>
  <wpt lat="50.377393890156441" lon="3.6561247970466146">
    <name>105.8</name>
  </wpt>
  <wpt lat="50.378243948639472" lon="3.6565851294018437">
    <name>105.9</name>
  </wpt>
  <wpt lat="50.379094007122468" lon="3.6570454700065662">
    <name>106.0</name>
  </wpt>
  <wpt lat="50.379944065605443" lon="3.6575058188610878">
    <name>106.1</name>
  </wpt>
  <wpt lat="50.380821036434" lon="3.657809066221835">
    <name>106.2</name>
  </wpt>
  <wpt lat="50.38170298976025" lon="3.6580848977123557">
    <name>106.3</name>
  </wpt>
  <wpt lat="50.38258155265364" lon="3.6583840279500004">
    <name>106.4</name>
  </wpt>
  <wpt lat="50.383453129962156" lon="3.6587314919437421">
    <name>106.5</name>
  </wpt>
  <wpt lat="50.38432835881158" lon="3.6590557434916837">
    <name>106.6</name>
  </wpt>
  <wpt lat="50.385200822565317" lon="3.6593978404917604">
    <name>106.7</name>
  </wpt>
  <wpt lat="50.386073587190964" lon="3.659738069862088">
    <name>106.8</name>
  </wpt>
  <wpt lat="50.386897388152086" lon="3.6602942865993939">
    <name>106.9</name>
  </wpt>
  <wpt lat="50.387699584714369" lon="3.6609302769357708">
    <name>107.0</name>
  </wpt>
  <wpt lat="50.388508647005743" lon="3.6615461644119121">
    <name>107.1</name>
  </wpt>
  <wpt lat="50.38932121764303" lon="3.6621496795126327">
    <name>107.2</name>
  </wpt>
  <wpt lat="50.390158067098945" lon="3.6626636712115856">
    <name>107.3</name>
  </wpt>
  <wpt lat="50.391041545634458" lon="3.6629092363840683">
    <name>107.4</name>
  </wpt>
  <wpt lat="50.3919405650525" lon="3.6629451216954441">
    <name>107.5</name>
  </wpt>
  <wpt lat="50.392839769347965" lon="3.6629393242866271">
    <name>107.6</name>
  </wpt>
  <wpt lat="50.39373801171466" lon="3.6629643517394164">
    <name>107.7</name>
  </wpt>
  <wpt lat="50.394627381593828" lon="3.6631669563674767">
    <name>107.8</name>
  </wpt>
  <wpt lat="50.395486633687888" lon="3.663574445968941">
    <name>107.9</name>
  </wpt>
  <wpt lat="50.396325438603434" lon="3.6640829590119255">
    <name>108.0</name>
  </wpt>
  <wpt lat="50.397136859129304" lon="3.6646907734762397">
    <name>108.1</name>
  </wpt>
  <wpt lat="50.39793078477765" lon="3.6653534597956892">
    <name>108.2</name>
  </wpt>
  <wpt lat="50.398791407949439" lon="3.6657574474548005">
    <name>108.3</name>
  </wpt>
  <wpt lat="50.399661904341031" lon="3.6661099225313194">
    <name>108.4</name>
  </wpt>
  <wpt lat="50.400516593858306" lon="3.6665481473365391">
    <name>108.5</name>
  </wpt>
  <wpt lat="50.401394160128561" lon="3.6668159999999554">
    <name>108.6</name>
  </wpt>
  <wpt lat="50.402280693060796" lon="3.6665967238732806">
    <name>108.7</name>
  </wpt>
  <wpt lat="50.402540050431256" lon="3.6678654727212181">
    <name>108.8</name>
  </wpt>
  <wpt lat="50.402748940149813" lon="3.6692378028337163">
    <name>108.9</name>
  </wpt>
  <wpt lat="50.402954066843883" lon="3.6706115611163317">
    <name>109.0</name>
  </wpt>
  <wpt lat="50.403169624171667" lon="3.6719808971178565">
    <name>109.1</name>
  </wpt>
  <wpt lat="50.403378516109129" lon="3.6733500565576822">
    <name>109.2</name>
  </wpt>
  <wpt lat="50.403585854904613" lon="3.6747225560008761">
    <name>109.3</name>
  </wpt>
  <wpt lat="50.403885360464919" lon="3.6760479841098692">
    <name>109.4</name>
  </wpt>
  <wpt lat="50.404157546464447" lon="3.6773918535950916">
    <name>109.5</name>
  </wpt>
  <wpt lat="50.4044125719481" lon="3.678744904480538">
    <name>109.6</name>
  </wpt>
  <wpt lat="50.404725387774612" lon="3.6800653902530445">
    <name>109.7</name>
  </wpt>
  <wpt lat="50.405042635264834" lon="3.6813816272124211">
    <name>109.8</name>
  </wpt>
  <wpt lat="50.40527113258495" lon="3.6827420538790823">
    <name>109.9</name>
  </wpt>
  <wpt lat="50.406129012967689" lon="3.6827720956744883">
    <name>110.0</name>
  </wpt>
  <wpt lat="50.407025326060612" lon="3.6826730000000349">
    <name>110.1</name>
  </wpt>
  <wpt lat="50.40763207747095" lon="3.6834170665825203">
    <name>110.2</name>
  </wpt>
  <wpt lat="50.407906179183286" lon="3.6844671173892904">
    <name>110.3</name>
  </wpt>
  <wpt lat="50.408707150508313" lon="3.6850763712186638">
    <name>110.4</name>
  </wpt>
  <wpt lat="50.409500459291912" lon="3.6857405523647175">
    <name>110.5</name>
  </wpt>
  <wpt lat="50.409740212965858" lon="3.6845263902056216">
    <name>110.6</name>
  </wpt>
  <wpt lat="50.410245255827164" lon="3.6838367218465562">
    <name>110.7</name>
  </wpt>
  <wpt lat="50.411131999309113" lon="3.6838904868373148">
    <name>110.8</name>
  </wpt>
  <wpt lat="50.411949236183737" lon="3.6844562358430522">
    <name>110.9</name>
  </wpt>
  <wpt lat="50.412760883437137" lon="3.6849900000000111">
    <name>111.0</name>
  </wpt>
  <wpt lat="50.413659771104918" lon="3.6850301696416943">
    <name>111.1</name>
  </wpt>
  <wpt lat="50.4145583650403" lon="3.685031034032999">
    <name>111.2</name>
  </wpt>
  <wpt lat="50.415455981780632" lon="3.6849747413985416">
    <name>111.3</name>
  </wpt>
  <wpt lat="50.416354262678617" lon="3.685042619335432">
    <name>111.4</name>
  </wpt>
  <wpt lat="50.417252563330266" lon="3.6850421514275955">
    <name>111.5</name>
  </wpt>
  <wpt lat="50.418143973523257" lon="3.6848613589961121">
    <name>111.6</name>
  </wpt>
  <wpt lat="50.419007712947078" lon="3.6844744711754176">
    <name>111.7</name>
  </wpt>
  <wpt lat="50.419817290694226" lon="3.6838817125318055">
    <name>111.8</name>
  </wpt>
  <wpt lat="50.4204467975152" lon="3.6828738776995715">
    <name>111.9</name>
  </wpt>
  <wpt lat="50.421077605973935" lon="3.6818678764616912">
    <name>112.0</name>
  </wpt>
  <wpt lat="50.421723276434975" lon="3.6808911518619309">
    <name>112.1</name>
  </wpt>
  <wpt lat="50.422453673725506" lon="3.6800688262884012">
    <name>112.2</name>
  </wpt>
  <wpt lat="50.423287059166228" lon="3.6795459706001346">
    <name>112.3</name>
  </wpt>
  <wpt lat="50.42416261358165" lon="3.6792303223069625">
    <name>112.4</name>
  </wpt>
  <wpt lat="50.425057716141147" lon="3.6791128940867193">
    <name>112.5</name>
  </wpt>
  <wpt lat="50.425952640638059" lon="3.6792417197596277">
    <name>112.6</name>
  </wpt>
  <wpt lat="50.426832211442473" lon="3.67953004255979">
    <name>112.7</name>
  </wpt>
  <wpt lat="50.42771261925644" lon="3.6798180395132958">
    <name>112.8</name>
  </wpt>
  <wpt lat="50.42854253224214" lon="3.6803258485225379">
    <name>112.9</name>
  </wpt>
  <wpt lat="50.429225521504669" lon="3.6812364573226213">
    <name>113.0</name>
  </wpt>
  <wpt lat="50.429978247140646" lon="3.6820087791442728">
    <name>113.1</name>
  </wpt>
  <wpt lat="50.430632762693826" lon="3.6829719813513861">
    <name>113.2</name>
  </wpt>
  <wpt lat="50.431362504618633" lon="3.6837926657614481">
    <name>113.3</name>
  </wpt>
  <wpt lat="50.432130837113206" lon="3.6845151335866966">
    <name>113.4</name>
  </wpt>
  <wpt lat="50.432702952791381" lon="3.6843025254941328">
    <name>113.5</name>
  </wpt>
  <wpt lat="50.433537920795352" lon="3.6837797074432781">
    <name>113.6</name>
  </wpt>
  <wpt lat="50.434409414365817" lon="3.6834460609630528">
    <name>113.7</name>
  </wpt>
  <wpt lat="50.434833799602629" lon="3.6843183958337193">
    <name>113.8</name>
  </wpt>
  <wpt lat="50.43504808817552" lon="3.685689595681406">
    <name>113.9</name>
  </wpt>
  <wpt lat="50.435267808582786" lon="3.687058547123744">
    <name>114.0</name>
  </wpt>
  <wpt lat="50.435480948237284" lon="3.6884296226452271">
    <name>114.1</name>
  </wpt>
  <wpt lat="50.435699136403016" lon="3.6897988811659976">
    <name>114.2</name>
  </wpt>
  <wpt lat="50.4360290607502" lon="3.691037065979287">
    <name>114.3</name>
  </wpt>
  <wpt lat="50.436807686169296" lon="3.691743382354804">
    <name>114.4</name>
  </wpt>
  <wpt lat="50.437655890606166" lon="3.6921167659904848">
    <name>114.5</name>
  </wpt>
  <wpt lat="50.438522712137875" lon="3.6924224746965995">
    <name>114.6</name>
  </wpt>
  <wpt lat="50.439300890279817" lon="3.6931288169958254">
    <name>114.7</name>
  </wpt>
  <wpt lat="50.4400848948331" lon="3.693820466602399">
    <name>114.8</name>
  </wpt>
  <wpt lat="50.440912396147247" lon="3.6943720757926788">
    <name>114.9</name>
  </wpt>
  <wpt lat="50.441764024465989" lon="3.6948234906588135">
    <name>115.0</name>
  </wpt>
  <wpt lat="50.442634822635526" lon="3.6951760845916941">
    <name>115.1</name>
  </wpt>
  <wpt lat="50.443507556086551" lon="3.6955169231106071">
    <name>115.2</name>
  </wpt>
  <wpt lat="50.444380711206968" lon="3.6958550853702561">
    <name>115.3</name>
  </wpt>
  <wpt lat="50.445254336040541" lon="3.6961902588586">
    <name>115.4</name>
  </wpt>
  <wpt lat="50.4461279608741" lon="3.6965254385346236">
    <name>115.5</name>
  </wpt>
  <wpt lat="50.447001863178322" lon="3.6968588023607354">
    <name>115.6</name>
  </wpt>
  <wpt lat="50.44787729595437" lon="3.6971821376081753">
    <name>115.7</name>
  </wpt>
  <wpt lat="50.448748422277788" lon="3.6975327993805491">
    <name>115.8</name>
  </wpt>
  <wpt lat="50.449619875842707" lon="3.697872264941942">
    <name>115.9</name>
  </wpt>
  <wpt lat="50.450489135658245" lon="3.6982342162760524">
    <name>116.0</name>
  </wpt>
  <wpt lat="50.451345411294241" lon="3.6986566316894591">
    <name>116.1</name>
  </wpt>
  <wpt lat="50.45207862015863" lon="3.6994563750062874">
    <name>116.2</name>
  </wpt>
  <wpt lat="50.452737017122942" lon="3.7004182892611666">
    <name>116.3</name>
  </wpt>
  <wpt lat="50.453434524860086" lon="3.7013095282054884">
    <name>116.4</name>
  </wpt>
  <wpt lat="50.454180814151904" lon="3.7020971349462997">
    <name>116.5</name>
  </wpt>
  <wpt lat="50.454967773207109" lon="3.7027781248846741">
    <name>116.6</name>
  </wpt>
  <wpt lat="50.455798156905857" lon="3.7033194326268775">
    <name>116.7</name>
  </wpt>
  <wpt lat="50.456648713990909" lon="3.7037766655420525">
    <name>116.8</name>
  </wpt>
  <wpt lat="50.457522947273972" lon="3.704107314844741">
    <name>116.9</name>
  </wpt>
  <wpt lat="50.458399516160235" lon="3.7044228065655669">
    <name>117.0</name>
  </wpt>
  <wpt lat="50.459273713404222" lon="3.7047543776688263">
    <name>117.1</name>
  </wpt>
  <wpt lat="50.460148014596562" lon="3.7050852543991892">
    <name>117.2</name>
  </wpt>
  <wpt lat="50.461035973289995" lon="3.7052680000000406">
    <name>117.3</name>
  </wpt>
  <wpt lat="50.461931936588307" lon="3.7051982617860286">
    <name>117.4</name>
  </wpt>
  <wpt lat="50.462826169682174" lon="3.7053340245582036">
    <name>117.5</name>
  </wpt>
  <wpt lat="50.463714067087473" lon="3.7055584922072908">
    <name>117.6</name>
  </wpt>
  <wpt lat="50.464601820651993" lon="3.7057843455705175">
    <name>117.7</name>
  </wpt>
  <wpt lat="50.465116951818132" lon="3.7067138683734897">
    <name>117.8</name>
  </wpt>
  <wpt lat="50.465417858243455" lon="3.7080452528392409">
    <name>117.9</name>
  </wpt>
  <wpt lat="50.465718764668708" lon="3.70937664577687">
    <name>118.0</name>
  </wpt>
  <wpt lat="50.466076759053024" lon="3.7102753283578362">
    <name>118.1</name>
  </wpt>
  <wpt lat="50.46688530765671" lon="3.7096600770955286">
    <name>118.2</name>
  </wpt>
  <wpt lat="50.467588007509406" lon="3.7104181704313173">
    <name>118.3</name>
  </wpt>
  <wpt lat="50.468413869714205" lon="3.7108258704403667">
    <name>118.4</name>
  </wpt>
  <wpt lat="50.469291889537793" lon="3.7110449839205994">
    <name>118.5</name>
  </wpt>
  <wpt lat="50.470048660881041" lon="3.7118076072675987">
    <name>118.6</name>
  </wpt>
  <wpt lat="50.470776413917861" lon="3.7126365360547204">
    <name>118.7</name>
  </wpt>
  <wpt lat="50.471491810946283" lon="3.7134927630756152">
    <name>118.8</name>
  </wpt>
  <wpt lat="50.472226591572095" lon="3.7143068439895495">
    <name>118.9</name>
  </wpt>
  <wpt lat="50.472933089357639" lon="3.7138095779794509">
    <name>119.0</name>
  </wpt>
  <wpt lat="50.473632997262527" lon="3.7129222650284719">
    <name>119.1</name>
  </wpt>
  <wpt lat="50.474336567656792" lon="3.71204226215201">
    <name>119.2</name>
  </wpt>
  <wpt lat="50.474941287299572" lon="3.7110107992311505">
    <name>119.3</name>
  </wpt>
  <wpt lat="50.475430356966122" lon="3.7098281412055902">
    <name>119.4</name>
  </wpt>
  <wpt lat="50.476053694867019" lon="3.7088281086253265">
    <name>119.5</name>
  </wpt>
  <wpt lat="50.476865882358268" lon="3.7091405572513803">
    <name>119.6</name>
  </wpt>
  <wpt lat="50.4776247839356" lon="3.7098988141102232">
    <name>119.7</name>
  </wpt>
  <wpt lat="50.478456685895722" lon="3.7099095793347732">
    <name>119.8</name>
  </wpt>
  <wpt lat="50.479300437542953" lon="3.7094627889328566">
    <name>119.9</name>
  </wpt>
  <wpt lat="50.4800819479773" lon="3.7101239428310357">
    <name>120.0</name>
  </wpt>
  <wpt lat="50.480840677629928" lon="3.7108826760262357">
    <name>120.1</name>
  </wpt>
  <wpt lat="50.481517545748019" lon="3.7104804217896796">
    <name>120.2</name>
  </wpt>
  <wpt lat="50.48201232553091" lon="3.7093002350000446">
    <name>120.3</name>
  </wpt>
  <wpt lat="50.4825071053137" lon="3.7081200358548965">
    <name>120.4</name>
  </wpt>
  <wpt lat="50.483001885096385" lon="3.7069398243537255">
    <name>120.5</name>
  </wpt>
  <wpt lat="50.483500613911318" lon="3.70576379350024">
    <name>120.6</name>
  </wpt>
  <wpt lat="50.48397645593473" lon="3.7045650978937923">
    <name>120.7</name>
  </wpt>
  <wpt lat="50.48441705949638" lon="3.7033329689986982">
    <name>120.8</name>
  </wpt>
  <wpt lat="50.484910742954547" lon="3.7021553468558954">
    <name>120.9</name>
  </wpt>
  <wpt lat="50.485208220352355" lon="3.7008546441090813">
    <name>121.0</name>
  </wpt>
  <wpt lat="50.485950640578139" lon="3.7012388937438381">
    <name>121.1</name>
  </wpt>
  <wpt lat="50.4867323501019" lon="3.7019347019053024">
    <name>121.2</name>
  </wpt>
  <wpt lat="50.487559294585161" lon="3.7024899762543324">
    <name>121.3</name>
  </wpt>
  <wpt lat="50.488387359690172" lon="3.70304140017094">
    <name>121.4</name>
  </wpt>
  <wpt lat="50.489231780445024" lon="3.7035192285911669">
    <name>121.5</name>
  </wpt>
  <wpt lat="50.490069114765994" lon="3.704028425389899">
    <name>121.6</name>
  </wpt>
  <wpt lat="50.490874844021548" lon="3.7046559318572134">
    <name>121.7</name>
  </wpt>
  <wpt lat="50.491678930662289" lon="3.7052890232766695">
    <name>121.8</name>
  </wpt>
  <wpt lat="50.492482249139705" lon="3.7059245309293196">
    <name>121.9</name>
  </wpt>
  <wpt lat="50.493285567617065" lon="3.706560049388222">
    <name>122.0</name>
  </wpt>
  <wpt lat="50.494088886094374" lon="3.7071955786538862">
    <name>122.1</name>
  </wpt>
  <wpt lat="50.494892204571649" lon="3.7078311187268209">
    <name>122.2</name>
  </wpt>
  <wpt lat="50.495727418928489" lon="3.708352789041085">
    <name>122.3</name>
  </wpt>
  <wpt lat="50.496570270021365" lon="3.7088458610750914">
    <name>122.4</name>
  </wpt>
  <wpt lat="50.497371478058191" lon="3.7094752193215945">
    <name>122.5</name>
  </wpt>
  <wpt lat="50.4979356314237" lon="3.7102906308004786">
    <name>122.6</name>
  </wpt>
  <wpt lat="50.498080037326105" lon="3.711497666486113">
    <name>122.7</name>
  </wpt>
  <wpt lat="50.498500472224336" lon="3.7127474561941538">
    <name>122.8</name>
  </wpt>
  <wpt lat="50.498927631148966" lon="3.7139906752425209">
    <name>122.9</name>
  </wpt>
  <wpt lat="50.499726854482951" lon="3.7145471953127367">
    <name>123.0</name>
  </wpt>
  <wpt lat="50.500596367147239" lon="3.7148139408914274">
    <name>123.1</name>
  </wpt>
  <wpt lat="50.501487111192532" lon="3.7147280412944812">
    <name>123.2</name>
  </wpt>
  <wpt lat="50.502381440882054" lon="3.714876696578997">
    <name>123.3</name>
  </wpt>
  <wpt lat="50.503275430400628" lon="3.7150303261420303">
    <name>123.4</name>
  </wpt>
  <wpt lat="50.504169239479062" lon="3.715186454013566">
    <name>123.5</name>
  </wpt>
  <wpt lat="50.505053712445495" lon="3.7154184825681291">
    <name>123.6</name>
  </wpt>
  <wpt lat="50.505933168675462" lon="3.7156320000000034">
    <name>123.7</name>
  </wpt>
  <wpt lat="50.506826381257163" lon="3.7155457367539051">
    <name>123.8</name>
  </wpt>
  <wpt lat="50.507713955600096" lon="3.7153179307253139">
    <name>123.9</name>
  </wpt>
  <wpt lat="50.508300733114048" lon="3.7160019279035841">
    <name>124.0</name>
  </wpt>
  <wpt lat="50.508770190479432" lon="3.717060583601099">
    <name>124.1</name>
  </wpt>
  <wpt lat="50.509654954243757" lon="3.7169356102980537">
    <name>124.2</name>
  </wpt>
  <wpt lat="50.510199403608723" lon="3.7178280811623963">
    <name>124.3</name>
  </wpt>
  <wpt lat="50.510623591201742" lon="3.7190584886380944">
    <name>124.4</name>
  </wpt>
  <wpt lat="50.511202470070124" lon="3.7201358854473114">
    <name>124.5</name>
  </wpt>
  <wpt lat="50.511692518007813" lon="3.7212482604886712">
    <name>124.6</name>
  </wpt>
  <wpt lat="50.512449974537141" lon="3.7219900786928806">
    <name>124.7</name>
  </wpt>
  <wpt lat="50.513236635362986" lon="3.7225674411207166">
    <name>124.8</name>
  </wpt>
  <wpt lat="50.513661352349651" lon="3.7237862871857992">
    <name>124.9</name>
  </wpt>
  <wpt lat="50.514545266567055" lon="3.7240170746495558">
    <name>125.0</name>
  </wpt>
  <wpt lat="50.515436366818861" lon="3.7242078623234267">
    <name>125.1</name>
  </wpt>
  <wpt lat="50.516327637363851" lon="3.7243966877383623">
    <name>125.2</name>
  </wpt>
  <wpt lat="50.517217174864228" lon="3.7246011676397828">
    <name>125.3</name>
  </wpt>
  <wpt lat="50.518098807354022" lon="3.7248802698129482">
    <name>125.4</name>
  </wpt>
  <wpt lat="50.518979648927839" lon="3.7251635023237335">
    <name>125.5</name>
  </wpt>
  <wpt lat="50.519861867267146" lon="3.7254380421961888">
    <name>125.6</name>
  </wpt>
  <wpt lat="50.520744085606452" lon="3.7257125872004817">
    <name>125.7</name>
  </wpt>
  <wpt lat="50.521626303945737" lon="3.7259871373368161">
    <name>125.8</name>
  </wpt>
  <wpt lat="50.522508522285015" lon="3.726261692605497">
    <name>125.9</name>
  </wpt>
  <wpt lat="50.523390740624286" lon="3.7265362530068296">
    <name>126.0</name>
  </wpt>
  <wpt lat="50.52427295896355" lon="3.7268108185410176">
    <name>126.1</name>
  </wpt>
  <wpt lat="50.525155154606622" lon="3.7270855695826608">
    <name>126.2</name>
  </wpt>
  <wpt lat="50.526037329894024" lon="3.7273604874211408">
    <name>126.3</name>
  </wpt>
  <wpt lat="50.526919505181404" lon="3.7276354103993969">
    <name>126.4</name>
  </wpt>
  <wpt lat="50.527801680468784" lon="3.7279103385177348">
    <name>126.5</name>
  </wpt>
  <wpt lat="50.528683855756135" lon="3.7281852717763577">
    <name>126.6</name>
  </wpt>
  <wpt lat="50.529566031043487" lon="3.7284602101754696">
    <name>126.7</name>
  </wpt>
  <wpt lat="50.530446771762151" lon="3.7287459231784603">
    <name>126.8</name>
  </wpt>
  <wpt lat="50.531327088760861" lon="3.7290351983059029">
    <name>126.9</name>
  </wpt>
  <wpt lat="50.532208115121996" lon="3.7293191230907246">
    <name>127.0</name>
  </wpt>
  <wpt lat="50.533089141483117" lon="3.7296030531779629">
    <name>127.1</name>
  </wpt>
  <wpt lat="50.53396868376278" lon="3.7298979850958451">
    <name>127.2</name>
  </wpt>
  <wpt lat="50.534846314673146" lon="3.7302067521399858">
    <name>127.3</name>
  </wpt>
  <wpt lat="50.535722129400881" lon="3.7305281385111444">
    <name>127.4</name>
  </wpt>
  <wpt lat="50.536598376731249" lon="3.7308465711507366">
    <name>127.5</name>
  </wpt>
  <wpt lat="50.537475440298508" lon="3.7311594255555192">
    <name>127.6</name>
  </wpt>
  <wpt lat="50.538352503865752" lon="3.7314722857777141">
    <name>127.7</name>
  </wpt>
  <wpt lat="50.539228103104726" lon="3.7317951177496513">
    <name>127.8</name>
  </wpt>
  <wpt lat="50.540103338939289" lon="3.732120408104409">
    <name>127.9</name>
  </wpt>
  <wpt lat="50.540979010788654" lon="3.7324424722569614">
    <name>128.0</name>
  </wpt>
  <wpt lat="50.541856215791007" lon="3.7327541854323134">
    <name>128.1</name>
  </wpt>
  <wpt lat="50.542732653974547" lon="3.7330713840359251">
    <name>128.2</name>
  </wpt>
  <wpt lat="50.543606284649634" lon="3.7334048081558882">
    <name>128.3</name>
  </wpt>
  <wpt lat="50.544485234500272" lon="3.7337022796362547">
    <name>128.4</name>
  </wpt>
  <wpt lat="50.545359690676619" lon="3.7340327525196306">
    <name>128.5</name>
  </wpt>
  <wpt lat="50.546235188978031" lon="3.7343555649617408">
    <name>128.6</name>
  </wpt>
  <wpt lat="50.547114528645508" lon="3.73465175660502">
    <name>128.7</name>
  </wpt>
  <wpt lat="50.547988957690308" lon="3.7349821513215571">
    <name>128.8</name>
  </wpt>
  <wpt lat="50.5488157088283" lon="3.73543997521117">
    <name>128.9</name>
  </wpt>
  <wpt lat="50.548980233533776" lon="3.7368210710365908">
    <name>129.0</name>
  </wpt>
  <wpt lat="50.549184018658067" lon="3.7381995677940463">
    <name>129.1</name>
  </wpt>
  <wpt lat="50.54938951413687" lon="3.739574970976594">
    <name>129.2</name>
  </wpt>
  <wpt lat="50.549123427814941" lon="3.7408880459391392">
    <name>129.3</name>
  </wpt>
  <wpt lat="50.548667903223617" lon="3.7421083738239358">
    <name>129.4</name>
  </wpt>
  <wpt lat="50.54822411974687" lon="3.7433393149179333">
    <name>129.5</name>
  </wpt>
  <wpt lat="50.547796742362465" lon="3.744583796731086">
    <name>129.6</name>
  </wpt>
  <wpt lat="50.547441954392262" lon="3.74588122331717">
    <name>129.7</name>
  </wpt>
  <wpt lat="50.547180171512892" lon="3.7472197648537255">
    <name>129.8</name>
  </wpt>
  <wpt lat="50.547551274620687" lon="3.7484958779252">
    <name>129.9</name>
  </wpt>
  <wpt lat="50.548001719520137" lon="3.7497208382330318">
    <name>130.0</name>
  </wpt>
  <wpt lat="50.548452164419494" lon="3.7509458102435747">
    <name>130.1</name>
  </wpt>
  <wpt lat="50.549000480420496" lon="3.7520618688203697">
    <name>130.2</name>
  </wpt>
  <wpt lat="50.549345488427534" lon="3.7533165982575554">
    <name>130.3</name>
  </wpt>
  <wpt lat="50.5490333690877" lon="3.7543887108084442">
    <name>130.4</name>
  </wpt>
  <wpt lat="50.548466613797252" lon="3.7553689011834273">
    <name>130.5</name>
  </wpt>
  <wpt lat="50.548278085838234" lon="3.7567524909410084">
    <name>130.6</name>
  </wpt>
  <wpt lat="50.548088879689246" lon="3.7581339384428536">
    <name>130.7</name>
  </wpt>
  <wpt lat="50.548070424820459" lon="3.7595460311722415">
    <name>130.8</name>
  </wpt>
  <wpt lat="50.548138412763336" lon="3.760957104657717">
    <name>130.9</name>
  </wpt>
  <wpt lat="50.548193995127235" lon="3.7623695938540855">
    <name>131.0</name>
  </wpt>
  <wpt lat="50.548747542340777" lon="3.7634225362399056">
    <name>131.1</name>
  </wpt>
  <wpt lat="50.549525411070547" lon="3.7641272984723382">
    <name>131.2</name>
  </wpt>
  <wpt lat="50.550325152168448" lon="3.7647746509632278">
    <name>131.3</name>
  </wpt>
  <wpt lat="50.551125305680443" lon="3.7654207501219914">
    <name>131.4</name>
  </wpt>
  <wpt lat="50.5519256617708" lon="3.7660662392403932">
    <name>131.5</name>
  </wpt>
  <wpt lat="50.552718478045918" lon="3.7667324777757223">
    <name>131.6</name>
  </wpt>
  <wpt lat="50.553477830577989" lon="3.7674908365745483">
    <name>131.7</name>
  </wpt>
  <wpt lat="50.554238494053344" lon="3.7682459305888525">
    <name>131.8</name>
  </wpt>
  <wpt lat="50.554999568424556" lon="3.7690000259234386">
    <name>131.9</name>
  </wpt>
  <wpt lat="50.555760642795704" lon="3.7697541334334939">
    <name>132.0</name>
  </wpt>
  <wpt lat="50.556551308535141" lon="3.7704239218384203">
    <name>132.1</name>
  </wpt>
  <wpt lat="50.55736701106926" lon="3.7710158242118794">
    <name>132.2</name>
  </wpt>
  <wpt lat="50.558138342223209" lon="3.771743658775331">
    <name>132.3</name>
  </wpt>
  <wpt lat="50.55891006075808" lon="3.7724705211298293">
    <name>132.4</name>
  </wpt>
  <wpt lat="50.559681779292887" lon="3.7731973953858104">
    <name>132.5</name>
  </wpt>
  <wpt lat="50.560448744773325" lon="3.773935841773675">
    <name>132.6</name>
  </wpt>
  <wpt lat="50.561172402314291" lon="3.7747757467539302">
    <name>132.7</name>
  </wpt>
  <wpt lat="50.561893359000869" lon="3.7756218977331173">
    <name>132.8</name>
  </wpt>
  <wpt lat="50.562579656090954" lon="3.7765283121796154">
    <name>132.9</name>
  </wpt>
  <wpt lat="50.562968262038559" lon="3.7778006285746217">
    <name>133.0</name>
  </wpt>
  <wpt lat="50.56370920743791" lon="3.77857440203695">
    <name>133.1</name>
  </wpt>
  <wpt lat="50.564370015052688" lon="3.779520246050768">
    <name>133.2</name>
  </wpt>
  <wpt lat="50.564944325338089" lon="3.7806097490720352">
    <name>133.3</name>
  </wpt>
  <wpt lat="50.565518635623384" lon="3.7816992653720423">
    <name>133.4</name>
  </wpt>
  <wpt lat="50.566092740751373" lon="3.7827890302768239">
    <name>133.5</name>
  </wpt>
  <wpt lat="50.566739355355814" lon="3.7837701029431714">
    <name>133.6</name>
  </wpt>
  <wpt lat="50.567458385977453" lon="3.7846195123028212">
    <name>133.7</name>
  </wpt>
  <wpt lat="50.56818969780435" lon="3.7854435732420466">
    <name>133.8</name>
  </wpt>
  <wpt lat="50.568922555525646" lon="3.786264211104156">
    <name>133.9</name>
  </wpt>
  <wpt lat="50.56965889867908" lon="3.7870771158143648">
    <name>134.0</name>
  </wpt>
  <wpt lat="50.570395241832436" lon="3.7878900332296936">
    <name>134.1</name>
  </wpt>
  <wpt lat="50.571131584985707" lon="3.788702963350651">
    <name>134.2</name>
  </wpt>
  <wpt lat="50.571843179952424" lon="3.7895671222082705">
    <name>134.3</name>
  </wpt>
  <wpt lat="50.572492723031075" lon="3.7905455627729538">
    <name>134.4</name>
  </wpt>
  <wpt lat="50.573090989555574" lon="3.7916012376513644">
    <name>134.5</name>
  </wpt>
  <wpt lat="50.573664196112745" lon="3.7926923822224481">
    <name>134.6</name>
  </wpt>
  <wpt lat="50.574237402669823" lon="3.7937835400709479">
    <name>134.7</name>
  </wpt>
  <wpt lat="50.574845325145027" lon="3.7948254215351844">
    <name>134.8</name>
  </wpt>
  <wpt lat="50.575521583784678" lon="3.7957579985482806">
    <name>134.9</name>
  </wpt>
  <wpt lat="50.576209127293929" lon="3.7966708466868422">
    <name>135.0</name>
  </wpt>
  <wpt lat="50.576926932333933" lon="3.7975186024072092">
    <name>135.1</name>
  </wpt>
  <wpt lat="50.577768137076966" lon="3.7980126773857266">
    <name>135.2</name>
  </wpt>
  <wpt lat="50.578618277528768" lon="3.7984694573832996">
    <name>135.3</name>
  </wpt>
  <wpt lat="50.5794073895002" lon="3.7991463203874">
    <name>135.4</name>
  </wpt>
  <wpt lat="50.580192505612139" lon="3.7998370296241539">
    <name>135.5</name>
  </wpt>
  <wpt lat="50.580977621724045" lon="3.8005277503756356">
    <name>135.6</name>
  </wpt>
  <wpt lat="50.581739176161939" lon="3.8012798824148839">
    <name>135.7</name>
  </wpt>
  <wpt lat="50.582479915185523" lon="3.8020824279071515">
    <name>135.8</name>
  </wpt>
  <wpt lat="50.583227276780441" lon="3.8028683291327647">
    <name>135.9</name>
  </wpt>
  <wpt lat="50.583997120376957" lon="3.803600491008285">
    <name>136.0</name>
  </wpt>
  <wpt lat="50.584770622479084" lon="3.8043229800567389">
    <name>136.1</name>
  </wpt>
  <wpt lat="50.585572499798673" lon="3.804963966743665">
    <name>136.2</name>
  </wpt>
  <wpt lat="50.586021840629556" lon="3.8058900875783288">
    <name>136.3</name>
  </wpt>
  <wpt lat="50.586460554357672" lon="3.806989108680515">
    <name>136.4</name>
  </wpt>
  <wpt lat="50.587087661180107" lon="3.8079985739709277">
    <name>136.5</name>
  </wpt>
  <wpt lat="50.587027428116677" lon="3.8091602787795908">
    <name>136.6</name>
  </wpt>
  <wpt lat="50.586657078877558" lon="3.8104246521311249">
    <name>136.7</name>
  </wpt>
  <wpt lat="50.58687315904011" lon="3.811770395241926">
    <name>136.8</name>
  </wpt>
  <wpt lat="50.587351832843211" lon="3.8129695434483271">
    <name>136.9</name>
  </wpt>
  <wpt lat="50.587847178666834" lon="3.8141513221719392">
    <name>137.0</name>
  </wpt>
  <wpt lat="50.588353547444655" lon="3.8153219357602688">
    <name>137.1</name>
  </wpt>
  <wpt lat="50.588863840749163" lon="3.8164882785262346">
    <name>137.2</name>
  </wpt>
  <wpt lat="50.589361291181433" lon="3.8176682150479446">
    <name>137.3</name>
  </wpt>
  <wpt lat="50.589873040411369" lon="3.8188330533570949">
    <name>137.4</name>
  </wpt>
  <wpt lat="50.59037665783" lon="3.8200064579174748">
    <name>137.5</name>
  </wpt>
  <wpt lat="50.590889451634936" lon="3.8211701052220737">
    <name>137.6</name>
  </wpt>
  <wpt lat="50.591399857610007" lon="3.8223363619863497">
    <name>137.7</name>
  </wpt>
  <wpt lat="50.59190257981502" lon="3.8235109135228367">
    <name>137.8</name>
  </wpt>
  <wpt lat="50.592412556035747" lon="3.8246777235497396">
    <name>137.9</name>
  </wpt>
  <wpt lat="50.592918593474415" lon="3.8258488123541587">
    <name>138.0</name>
  </wpt>
  <wpt lat="50.593424103087756" lon="3.8270204792420497">
    <name>138.1</name>
  </wpt>
  <wpt lat="50.5939295927613" lon="3.8281921800697667">
    <name>138.2</name>
  </wpt>
  <wpt lat="50.5944344406292" lon="3.8293645570686516">
    <name>138.3</name>
  </wpt>
  <wpt lat="50.594720029610855" lon="3.8306692272572884">
    <name>138.4</name>
  </wpt>
  <wpt lat="50.59557043324736" lon="3.8309644730655878">
    <name>138.5</name>
  </wpt>
  <wpt lat="50.596380930571627" lon="3.8315783967704777">
    <name>138.6</name>
  </wpt>
  <wpt lat="50.597191427895829" lon="3.8321923310469215">
    <name>138.7</name>
  </wpt>
  <wpt lat="50.598001925220004" lon="3.832806275895325">
    <name>138.8</name>
  </wpt>
  <wpt lat="50.598811848806278" lon="3.8334221052784567">
    <name>138.9</name>
  </wpt>
  <wpt lat="50.599621364637187" lon="3.8340392768341891">
    <name>139.0</name>
  </wpt>
  <wpt lat="50.600446913841765" lon="3.8345985483956442">
    <name>139.1</name>
  </wpt>
  <wpt lat="50.601280749422557" lon="3.8351288119519862">
    <name>139.2</name>
  </wpt>
  <wpt lat="50.602115000121621" lon="3.8356557655776387">
    <name>139.3</name>
  </wpt>
  <wpt lat="50.602948943994761" lon="3.8361859662396061">
    <name>139.4</name>
  </wpt>
  <wpt lat="50.6037827320428" lon="3.8367168481705849">
    <name>139.5</name>
  </wpt>
  <wpt lat="50.604614099259223" lon="3.8372486409432156">
    <name>139.6</name>
  </wpt>
  <wpt lat="50.605447610465333" lon="3.8377645596002035">
    <name>139.7</name>
  </wpt>
  <wpt lat="50.606290708727528" lon="3.8382577075715054">
    <name>139.8</name>
  </wpt>
  <wpt lat="50.607130722521426" lon="3.838763544273295">
    <name>139.9</name>
  </wpt>
  <wpt lat="50.6079711890995" lon="3.8392676979571454">
    <name>140.0</name>
  </wpt>
  <wpt lat="50.6088143047908" lon="3.8397604639460692">
    <name>140.1</name>
  </wpt>
  <wpt lat="50.609406758677984" lon="3.8407498638342243">
    <name>140.2</name>
  </wpt>
  <wpt lat="50.610116782886429" lon="3.8414246290288308">
    <name>140.3</name>
  </wpt>
  <wpt lat="50.611013108238531" lon="3.8415102493562827">
    <name>140.4</name>
  </wpt>
  <wpt lat="50.611910995340011" lon="3.8414313339298962">
    <name>140.5</name>
  </wpt>
  <wpt lat="50.61280668998792" lon="3.8413046817914687">
    <name>140.6</name>
  </wpt>
  <wpt lat="50.613534955685822" lon="3.8418283366995918">
    <name>140.7</name>
  </wpt>
  <wpt lat="50.613571437730819" lon="3.8432310917893249">
    <name>140.8</name>
  </wpt>
  <wpt lat="50.613721649708033" lon="3.8446142537404189">
    <name>140.9</name>
  </wpt>
  <wpt lat="50.614140702823654" lon="3.8458663219533569">
    <name>141.0</name>
  </wpt>
  <wpt lat="50.614581607118566" lon="3.8471012141019414">
    <name>141.1</name>
  </wpt>
  <wpt lat="50.615174761283896" lon="3.8481652116897411">
    <name>141.2</name>
  </wpt>
  <wpt lat="50.615785871226265" lon="3.8492050356334091">
    <name>141.3</name>
  </wpt>
  <wpt lat="50.61636511740668" lon="3.8502869089664742">
    <name>141.4</name>
  </wpt>
  <wpt lat="50.616849094340296" lon="3.8514815191111467">
    <name>141.5</name>
  </wpt>
  <wpt lat="50.617390924645193" lon="3.8526095162401819">
    <name>141.6</name>
  </wpt>
  <wpt lat="50.618079813921916" lon="3.8535078137017758">
    <name>141.7</name>
  </wpt>
  <wpt lat="50.618855340131944" lon="3.8542253036327505">
    <name>141.8</name>
  </wpt>
  <wpt lat="50.619663844998712" lon="3.8548159482747404">
    <name>141.9</name>
  </wpt>
  <wpt lat="50.620561561451623" lon="3.8548830299813943">
    <name>142.0</name>
  </wpt>
  <wpt lat="50.621406454064157" lon="3.8553170646973127">
    <name>142.1</name>
  </wpt>
  <wpt lat="50.6221632097" lon="3.8560827193364271">
    <name>142.2</name>
  </wpt>
  <wpt lat="50.622928698287211" lon="3.8568257736364968">
    <name>142.3</name>
  </wpt>
  <wpt lat="50.623787742017093" lon="3.8572336557872107">
    <name>142.4</name>
  </wpt>
  <wpt lat="50.62462505649151" lon="3.8577255408924582">
    <name>142.5</name>
  </wpt>
  <wpt lat="50.625407820519165" lon="3.8584235094899122">
    <name>142.6</name>
  </wpt>
  <wpt lat="50.626191993263006" lon="3.8591174002105784">
    <name>142.7</name>
  </wpt>
  <wpt lat="50.626989589041848" lon="3.8597723410628153">
    <name>142.8</name>
  </wpt>
  <wpt lat="50.627795787241268" lon="3.8603977161364211">
    <name>142.9</name>
  </wpt>
  <wpt lat="50.628659983086187" lon="3.86079006275879">
    <name>143.0</name>
  </wpt>
  <wpt lat="50.629524347138556" lon="3.861181498366077">
    <name>143.1</name>
  </wpt>
  <wpt lat="50.630388711190911" lon="3.8615729411701709">
    <name>143.2</name>
  </wpt>
  <wpt lat="50.631253075243251" lon="3.8619643911714783">
    <name>143.3</name>
  </wpt>
  <wpt lat="50.6321207175557" lon="3.8623357781970111">
    <name>143.4</name>
  </wpt>
  <wpt lat="50.633014483558682" lon="3.8624813006169476">
    <name>143.5</name>
  </wpt>
  <wpt lat="50.633911009375311" lon="3.8624410080540015">
    <name>143.6</name>
  </wpt>
  <wpt lat="50.634781435156846" lon="3.8620905957689167">
    <name>143.7</name>
  </wpt>
  <wpt lat="50.635644519834557" lon="3.8616921543550538">
    <name>143.8</name>
  </wpt>
  <wpt lat="50.636532738499675" lon="3.861663639438">
    <name>143.9</name>
  </wpt>
  <wpt lat="50.63740025906008" lon="3.8620322187254308">
    <name>144.0</name>
  </wpt>
  <wpt lat="50.638260182089581" lon="3.8624473288577468">
    <name>144.1</name>
  </wpt>
  <wpt lat="50.639083292592673" lon="3.8630127366546976">
    <name>144.2</name>
  </wpt>
  <wpt lat="50.639864170468663" lon="3.8637137469014764">
    <name>144.3</name>
  </wpt>
  <wpt lat="50.64060256052268" lon="3.86451797934122">
    <name>144.4</name>
  </wpt>
  <wpt lat="50.641345227111607" lon="3.86531521867391">
    <name>144.5</name>
  </wpt>
  <wpt lat="50.642104705332841" lon="3.8660746943982507">
    <name>144.6</name>
  </wpt>
  <wpt lat="50.642902445818855" lon="3.8667284220635776">
    <name>144.7</name>
  </wpt>
  <wpt lat="50.64370354875647" lon="3.8673728676144066">
    <name>144.8</name>
  </wpt>
  <wpt lat="50.644496695545854" lon="3.86804071930132">
    <name>144.9</name>
  </wpt>
  <wpt lat="50.645235925274214" lon="3.8688434590427332">
    <name>145.0</name>
  </wpt>
  <wpt lat="50.645940029606926" lon="3.8697242797951166">
    <name>145.1</name>
  </wpt>
  <wpt lat="50.6467306460595" lon="3.8703902975323703">
    <name>145.2</name>
  </wpt>
  <wpt lat="50.647569939918768" lon="3.8708997737029849">
    <name>145.3</name>
  </wpt>
  <wpt lat="50.648058653627857" lon="3.8719052067516153">
    <name>145.4</name>
  </wpt>
  <wpt lat="50.648173029371911" lon="3.8733119959300915">
    <name>145.5</name>
  </wpt>
  <wpt lat="50.648468470141914" lon="3.8744971613172847">
    <name>145.6</name>
  </wpt>
  <wpt lat="50.649359554367287" lon="3.8743056331308972">
    <name>145.7</name>
  </wpt>
  <wpt lat="50.650250638592652" lon="3.8741141013116547">
    <name>145.8</name>
  </wpt>
  <wpt lat="50.651141761771378" lon="3.8739230211647637">
    <name>145.9</name>
  </wpt>
  <wpt lat="50.65203332378271" lon="3.8737371360483603">
    <name>146.0</name>
  </wpt>
  <wpt lat="50.652925501193636" lon="3.8735587009491503">
    <name>146.1</name>
  </wpt>
  <wpt lat="50.653823425601374" lon="3.8734976011132058">
    <name>146.2</name>
  </wpt>
  <wpt lat="50.654720448721164" lon="3.8734325632140951">
    <name>146.3</name>
  </wpt>
  <wpt lat="50.655617636710083" lon="3.8734531152835587">
    <name>146.4</name>
  </wpt>
  <wpt lat="50.656514223206067" lon="3.8733702802677872">
    <name>146.5</name>
  </wpt>
  <wpt lat="50.657146888415141" lon="3.8737989700875168">
    <name>146.6</name>
  </wpt>
  <wpt lat="50.656895845413082" lon="3.8751589653275582">
    <name>146.7</name>
  </wpt>
  <wpt lat="50.656647183656219" lon="3.8765147696014828">
    <name>146.8</name>
  </wpt>
  <wpt lat="50.656743535249774" lon="3.8776386247699808">
    <name>146.9</name>
  </wpt>
  <wpt lat="50.65756589222422" lon="3.8781827944231217">
    <name>147.0</name>
  </wpt>
  <wpt lat="50.658438947808087" lon="3.8785222985238814">
    <name>147.1</name>
  </wpt>
  <wpt lat="50.658989975483948" lon="3.8795768326656694">
    <name>147.2</name>
  </wpt>
  <wpt lat="50.659268000038558" lon="3.8808416699938739">
    <name>147.3</name>
  </wpt>
  <wpt lat="50.659546664786838" lon="3.8821640489132365">
    <name>147.4</name>
  </wpt>
  <wpt lat="50.660077302688372" lon="3.8833020221814847">
    <name>147.5</name>
  </wpt>
  <wpt lat="50.660663710233287" lon="3.8843766032049314">
    <name>147.6</name>
  </wpt>
  <wpt lat="50.661077503785187" lon="3.8856194242194495">
    <name>147.7</name>
  </wpt>
  <wpt lat="50.661746692641827" lon="3.8865398602606462">
    <name>147.8</name>
  </wpt>
  <wpt lat="50.662357820170911" lon="3.8875806320125608">
    <name>147.9</name>
  </wpt>
  <wpt lat="50.663117981680983" lon="3.8880660000000495">
    <name>148.0</name>
  </wpt>
  <wpt lat="50.66369526673811" lon="3.8891280178013607">
    <name>148.1</name>
  </wpt>
  <wpt lat="50.664249789741483" lon="3.8902422641928536">
    <name>148.2</name>
  </wpt>
  <wpt lat="50.66474363825089" lon="3.8914276557580938">
    <name>148.3</name>
  </wpt>
  <wpt lat="50.665130745042362" lon="3.892693317237327">
    <name>148.4</name>
  </wpt>
  <wpt lat="50.665292446619112" lon="3.8940890138806252">
    <name>148.5</name>
  </wpt>
  <wpt lat="50.665464984019174" lon="3.8954813726026227">
    <name>148.6</name>
  </wpt>
  <wpt lat="50.665979345836419" lon="3.8955238089302617">
    <name>148.7</name>
  </wpt>
  <wpt lat="50.6668555526574" lon="3.8955378973226131">
    <name>148.8</name>
  </wpt>
  <wpt lat="50.667706124174309" lon="3.8959987113472514">
    <name>148.9</name>
  </wpt>
  <wpt lat="50.668332142275325" lon="3.8969545480759082">
    <name>149.0</name>
  </wpt>
  <wpt lat="50.668750067319422" lon="3.8981972806094309">
    <name>149.1</name>
  </wpt>
  <wpt lat="50.668960929705953" lon="3.8995679028775476">
    <name>149.2</name>
  </wpt>
  <wpt lat="50.6691590630106" lon="3.9009495972608663">
    <name>149.3</name>
  </wpt>
  <wpt lat="50.669595549838029" lon="3.90218627237945">
    <name>149.4</name>
  </wpt>
  <wpt lat="50.67006574659964" lon="3.9033953790261173">
    <name>149.5</name>
  </wpt>
  <wpt lat="50.67050824021748" lon="3.9046307083333422">
    <name>149.6</name>
  </wpt>
  <wpt lat="50.670795956874223" lon="3.9059470826571614">
    <name>149.7</name>
  </wpt>
  <wpt lat="50.670855749551293" lon="3.9073618600929594">
    <name>149.8</name>
  </wpt>
  <wpt lat="50.671143476547371" lon="3.908704636800965">
    <name>149.9</name>
  </wpt>
  <wpt lat="50.6715770204237" lon="3.9099286794844721">
    <name>150.0</name>
  </wpt>
  <wpt lat="50.672244555103916" lon="3.9108187980322513">
    <name>150.1</name>
  </wpt>
  <wpt lat="50.672779669029111" lon="3.9119592930504528">
    <name>150.2</name>
  </wpt>
  <wpt lat="50.673303760346016" lon="3.9131124695525656">
    <name>150.3</name>
  </wpt>
  <wpt lat="50.673947435433966" lon="3.9140994867736252">
    <name>150.4</name>
  </wpt>
  <wpt lat="50.674367571327771" lon="3.9153418156091635">
    <name>150.5</name>
  </wpt>
  <wpt lat="50.67478412195689" lon="3.91658618660314">
    <name>150.6</name>
  </wpt>
  <wpt lat="50.67523454963559" lon="3.9178000698613809">
    <name>150.7</name>
  </wpt>
  <wpt lat="50.675726156428354" lon="3.9189798501454924">
    <name>150.8</name>
  </wpt>
  <wpt lat="50.676258545717509" lon="3.9201226804889711">
    <name>150.9</name>
  </wpt>
  <wpt lat="50.6766545931386" lon="3.9213924158698581">
    <name>151.0</name>
  </wpt>
  <wpt lat="50.677200039810984" lon="3.9225140793055049">
    <name>151.1</name>
  </wpt>
  <wpt lat="50.677595017627446" lon="3.9237836674386184">
    <name>151.2</name>
  </wpt>
  <wpt lat="50.677974558737716" lon="3.9250698125793342">
    <name>151.3</name>
  </wpt>
  <wpt lat="50.678294719938215" lon="3.9263949374788742">
    <name>151.4</name>
  </wpt>
  <wpt lat="50.6785271681809" lon="3.9277613325133909">
    <name>151.5</name>
  </wpt>
  <wpt lat="50.678867415805605" lon="3.9290559585007765">
    <name>151.6</name>
  </wpt>
  <wpt lat="50.678859000082831" lon="3.9304654576470019">
    <name>151.7</name>
  </wpt>
  <wpt lat="50.679032398467875" lon="3.9315235778008875">
    <name>151.8</name>
  </wpt>
  <wpt lat="50.679745994374741" lon="3.9319799629300012">
    <name>151.9</name>
  </wpt>
  <wpt lat="50.680555546757972" lon="3.9313619628082233">
    <name>152.0</name>
  </wpt>
  <wpt lat="50.681368720452816" lon="3.9307560426150023">
    <name>152.1</name>
  </wpt>
  <wpt lat="50.682136475319574" lon="3.9300220363264589">
    <name>152.2</name>
  </wpt>
  <wpt lat="50.682895913502357" lon="3.929263422869016">
    <name>152.3</name>
  </wpt>
  <wpt lat="50.683676598105706" lon="3.9285598319571138">
    <name>152.4</name>
  </wpt>
  <wpt lat="50.684433601170277" lon="3.927795897286452">
    <name>152.5</name>
  </wpt>
  <wpt lat="50.685174137154" lon="3.9269934249968133">
    <name>152.6</name>
  </wpt>
  <wpt lat="50.686031432652804" lon="3.9265876885362232">
    <name>152.7</name>
  </wpt>
  <wpt lat="50.68690798822859" lon="3.9262726320399555">
    <name>152.8</name>
  </wpt>
  <wpt lat="50.68779615871513" lon="3.9263617619051283">
    <name>152.9</name>
  </wpt>
  <wpt lat="50.688664095562508" lon="3.9267325477803823">
    <name>153.0</name>
  </wpt>
  <wpt lat="50.689328146649878" lon="3.9276366878918179">
    <name>153.1</name>
  </wpt>
  <wpt lat="50.690208990151881" lon="3.9278690652252948">
    <name>153.2</name>
  </wpt>
  <wpt lat="50.691106130962638" lon="3.9278691128404883">
    <name>153.3</name>
  </wpt>
  <wpt lat="50.691991346960407" lon="3.9281089948777685">
    <name>153.4</name>
  </wpt>
  <wpt lat="50.692886850646182" lon="3.928127598509715">
    <name>153.5</name>
  </wpt>
  <wpt lat="50.693769952772179" lon="3.92786058516496">
    <name>153.6</name>
  </wpt>
  <wpt lat="50.694656878504816" lon="3.927695554465823">
    <name>153.7</name>
  </wpt>
  <wpt lat="50.695543586291933" lon="3.9279308620891102">
    <name>153.8</name>
  </wpt>
  <wpt lat="50.696413767432162" lon="3.9282858033901205">
    <name>153.9</name>
  </wpt>
  <wpt lat="50.697204557427966" lon="3.9289419810022155">
    <name>154.0</name>
  </wpt>
  <wpt lat="50.698048166297383" lon="3.9293931437841003">
    <name>154.1</name>
  </wpt>
  <wpt lat="50.698940909164612" lon="3.9295606736449424">
    <name>154.2</name>
  </wpt>
  <wpt lat="50.699838162041566" lon="3.9296562977103742">
    <name>154.3</name>
  </wpt>
  <wpt lat="50.70071944642104" lon="3.9299211846230855">
    <name>154.4</name>
  </wpt>
  <wpt lat="50.701601916366883" lon="3.9301831377385215">
    <name>154.5</name>
  </wpt>
  <wpt lat="50.702453409070586" lon="3.9306277862358354">
    <name>154.6</name>
  </wpt>
  <wpt lat="50.7032990854283" lon="3.9311096424331597">
    <name>154.7</name>
  </wpt>
  <wpt lat="50.704191317296655" lon="3.9312673870502559">
    <name>154.8</name>
  </wpt>
  <wpt lat="50.705087810291204" lon="3.9313122114468446">
    <name>154.9</name>
  </wpt>
  <wpt lat="50.705981184684177" lon="3.9311740000000213">
    <name>155.0</name>
  </wpt>
  <wpt lat="50.70687698882422" lon="3.9310993433770642">
    <name>155.1</name>
  </wpt>
  <wpt lat="50.707712407872329" lon="3.93060202509086">
    <name>155.2</name>
  </wpt>
  <wpt lat="50.708427275069816" lon="3.9297490862289695">
    <name>155.3</name>
  </wpt>
  <wpt lat="50.70919643901393" lon="3.9301008151206944">
    <name>155.4</name>
  </wpt>
  <wpt lat="50.70993266923508" lon="3.9309159761181243">
    <name>155.5</name>
  </wpt>
  <wpt lat="50.710709592443159" lon="3.9316305941536616">
    <name>155.6</name>
  </wpt>
  <wpt lat="50.711522987563704" lon="3.9322295873985218">
    <name>155.7</name>
  </wpt>
  <wpt lat="50.71236552869793" lon="3.9327261072540547">
    <name>155.8</name>
  </wpt>
  <wpt lat="50.713167696866968" lon="3.9333610821722429">
    <name>155.9</name>
  </wpt>
  <wpt lat="50.713848844666337" lon="3.9342836233028926">
    <name>156.0</name>
  </wpt>
  <wpt lat="50.7144496005434" lon="3.9353405316479386">
    <name>156.1</name>
  </wpt>
  <wpt lat="50.715047337658127" lon="3.9364003159507792">
    <name>156.2</name>
  </wpt>
  <wpt lat="50.715533182321934" lon="3.9375951875234083">
    <name>156.3</name>
  </wpt>
  <wpt lat="50.71600971632985" lon="3.9387969169716053">
    <name>156.4</name>
  </wpt>
  <wpt lat="50.716449495255084" lon="3.9400267797959905">
    <name>156.5</name>
  </wpt>
  <wpt lat="50.7171339338011" lon="3.9404997935055679">
    <name>156.6</name>
  </wpt>
  <wpt lat="50.71795186790294" lon="3.9399412781735568">
    <name>156.7</name>
  </wpt>
  <wpt lat="50.718785556707381" lon="3.9394945341563408">
    <name>156.8</name>
  </wpt>
  <wpt lat="50.71948125274502" lon="3.9386003328232366">
    <name>156.9</name>
  </wpt>
  <wpt lat="50.720114920704376" lon="3.9375989717372923">
    <name>157.0</name>
  </wpt>
  <wpt lat="50.720919683587304" lon="3.9370038579899331">
    <name>157.1</name>
  </wpt>
  <wpt lat="50.721810374010659" lon="3.9368098488403134">
    <name>157.2</name>
  </wpt>
  <wpt lat="50.722702024089777" lon="3.9366248221170448">
    <name>157.3</name>
  </wpt>
  <wpt lat="50.723595084293272" lon="3.9364574817988403">
    <name>157.4</name>
  </wpt>
  <wpt lat="50.72438310788128" lon="3.9358304958332173">
    <name>157.5</name>
  </wpt>
  <wpt lat="50.724999448491317" lon="3.9347990266195416">
    <name>157.6</name>
  </wpt>
  <wpt lat="50.725718464921044" lon="3.9339497092570035">
    <name>157.7</name>
  </wpt>
  <wpt lat="50.726531655501361" lon="3.9333590569304882">
    <name>157.8</name>
  </wpt>
  <wpt lat="50.727418278816124" lon="3.93314400336154">
    <name>157.9</name>
  </wpt>
  <wpt lat="50.728313137346646" lon="3.9330123642953505">
    <name>158.0</name>
  </wpt>
  <wpt lat="50.729199241001595" lon="3.932780608471468">
    <name>158.1</name>
  </wpt>
  <wpt lat="50.730072437806363" lon="3.9324556977172853">
    <name>158.2</name>
  </wpt>
  <wpt lat="50.730792923415585" lon="3.931615492455621">
    <name>158.3</name>
  </wpt>
  <wpt lat="50.731632151154912" lon="3.9311560750833805">
    <name>158.4</name>
  </wpt>
  <wpt lat="50.732514238277453" lon="3.9308792450714067">
    <name>158.5</name>
  </wpt>
  <wpt lat="50.733396325399994" lon="3.9306024098462746">
    <name>158.6</name>
  </wpt>
  <wpt lat="50.734256667707605" lon="3.9302033994458356">
    <name>158.7</name>
  </wpt>
  <wpt lat="50.735098738068196" lon="3.9297045196355227">
    <name>158.8</name>
  </wpt>
  <wpt lat="50.735940408745016" lon="3.9292039950657305">
    <name>158.9</name>
  </wpt>
  <wpt lat="50.736750913141222" lon="3.9286027072782428">
    <name>159.0</name>
  </wpt>
  <wpt lat="50.737535172477578" lon="3.9279379493865858">
    <name>159.1</name>
  </wpt>
  <wpt lat="50.738410446163513" lon="3.92813187209107">
    <name>159.2</name>
  </wpt>
  <wpt lat="50.739200240871945" lon="3.9288109108104434">
    <name>159.3</name>
  </wpt>
  <wpt lat="50.739987651982212" lon="3.9294973597880407">
    <name>159.4</name>
  </wpt>
  <wpt lat="50.7408654359431" lon="3.9297369999999625">
    <name>159.5</name>
  </wpt>
  <wpt lat="50.741764757549021" lon="3.9297369999999625">
    <name>159.6</name>
  </wpt>
  <wpt lat="50.742616645472907" lon="3.9294819990146359">
    <name>159.7</name>
  </wpt>
  <wpt lat="50.74217641034101" lon="3.928279061673702">
    <name>159.8</name>
  </wpt>
  <wpt lat="50.741775625191082" lon="3.9270077754578123">
    <name>159.9</name>
  </wpt>
  <wpt lat="50.741343000008087" lon="3.9257657068903713">
    <name>160.0</name>
  </wpt>
  <wpt lat="50.74199703218715" lon="3.92483626565453">
    <name>160.1</name>
  </wpt>
  <wpt lat="50.742576083966419" lon="3.9237526314246174">
    <name>160.2</name>
  </wpt>
  <wpt lat="50.7433470669722" lon="3.9230383357487288">
    <name>160.3</name>
  </wpt>
  <wpt lat="50.743693888692981" lon="3.9225932369819683">
    <name>160.43</name>
  </wpt>
  <wpt lat="50.744338544851651" lon="3.9219988134018453">
    <name>160.5</name>
  </wpt>
  <wpt lat="50.74519971619727" lon="3.9215923199993674">
    <name>160.6</name>
  </wpt>
  <wpt lat="50.746073067433628" lon="3.921257972870833">
    <name>160.7</name>
  </wpt>
  <wpt lat="50.746952534109695" lon="3.9209612900559705">
    <name>160.8</name>
  </wpt>
  <wpt lat="50.747827370149651" lon="3.9206319364904965">
    <name>160.9</name>
  </wpt>
  <wpt lat="50.748719514424565" lon="3.9204915633902182">
    <name>161.0</name>
  </wpt>
  <wpt lat="50.749617851128683" lon="3.9204428615052209">
    <name>161.1</name>
  </wpt>
  <wpt lat="50.750507426963132" lon="3.920247706945446">
    <name>161.2</name>
  </wpt>
  <wpt lat="50.751233216640216" lon="3.9194961819032019">
    <name>161.3</name>
  </wpt>
  <wpt lat="50.751050376825219" lon="3.9183627470170785">
    <name>161.4</name>
  </wpt>
  <wpt lat="50.750501002551296" lon="3.9172518708722124">
    <name>161.5</name>
  </wpt>
  <wpt lat="50.750312108408068" lon="3.9158683232794229">
    <name>161.6</name>
  </wpt>
  <wpt lat="50.750147946968674" lon="3.9144721070070747">
    <name>161.7</name>
  </wpt>
  <wpt lat="50.750038233153568" lon="3.9130623111285323">
    <name>161.8</name>
  </wpt>
  <wpt lat="50.74993971948583" lon="3.9116540743739754">
    <name>161.9</name>
  </wpt>
  <wpt lat="50.7498846954287" lon="3.9102377139664437">
    <name>162.0</name>
  </wpt>
  <wpt lat="50.749948591501457" lon="3.9088225304316224">
    <name>162.1</name>
  </wpt>
  <wpt lat="50.749991000286109" lon="3.9074033030738309">
    <name>162.2</name>
  </wpt>
  <wpt lat="50.749989961795507" lon="3.9059853052565985">
    <name>162.3</name>
  </wpt>
  <wpt lat="50.750120625961259" lon="3.9045791881243397">
    <name>162.4</name>
  </wpt>
  <wpt lat="50.750217681919395" lon="3.9031661102675526">
    <name>162.5</name>
  </wpt>
  <wpt lat="50.750059443327586" lon="3.9017789051407941">
    <name>162.6</name>
  </wpt>
  <wpt lat="50.750022617099987" lon="3.9003669891796129">
    <name>162.7</name>
  </wpt>
  <wpt lat="50.750280124030482" lon="3.8991873908138657">
    <name>162.8</name>
  </wpt>
  <wpt lat="50.751147233694333" lon="3.8989325109295074">
    <name>162.9</name>
  </wpt>
  <wpt lat="50.75187546282735" lon="3.8984507069298182">
    <name>163.0</name>
  </wpt>
  <wpt lat="50.752371971208184" lon="3.8975820613058456">
    <name>163.1</name>
  </wpt>
  <wpt lat="50.753210548969321" lon="3.897429522006322">
    <name>163.2</name>
  </wpt>
  <wpt lat="50.754022108656621" lon="3.8968170375758069">
    <name>163.3</name>
  </wpt>
  <wpt lat="50.754835828415537" lon="3.8962118787805071">
    <name>163.4</name>
  </wpt>
  <wpt lat="50.75570919210184" lon="3.8960003843507685">
    <name>163.5</name>
  </wpt>
  <wpt lat="50.756511985453457" lon="3.895438475275923">
    <name>163.6</name>
  </wpt>
  <wpt lat="50.757212070816273" lon="3.8945709584696862">
    <name>163.7</name>
  </wpt>
  <wpt lat="50.757799783747437" lon="3.8934949178487814">
    <name>163.8</name>
  </wpt>
  <wpt lat="50.758390535584475" lon="3.89242301815995">
    <name>163.9</name>
  </wpt>
  <wpt lat="50.758990211835339" lon="3.8913691655036544">
    <name>164.0</name>
  </wpt>
  <wpt lat="50.759827208126445" lon="3.8908502940226519">
    <name>164.1</name>
  </wpt>
  <wpt lat="50.760712646965118" lon="3.8907363033468241">
    <name>164.2</name>
  </wpt>
  <wpt lat="50.76146335926969" lon="3.889973494887573">
    <name>164.3</name>
  </wpt>
  <wpt lat="50.76214076891921" lon="3.8890443161499832">
    <name>164.4</name>
  </wpt>
  <wpt lat="50.762584684666344" lon="3.8878667864342016">
    <name>164.5</name>
  </wpt>
  <wpt lat="50.76313175897161" lon="3.8867690417829572">
    <name>164.6</name>
  </wpt>
  <wpt lat="50.763772603476838" lon="3.886024688194138">
    <name>164.7</name>
  </wpt>
  <wpt lat="50.764473494166573" lon="3.886908992462522">
    <name>164.8</name>
  </wpt>
  <wpt lat="50.765273650594395" lon="3.8875556505681996">
    <name>164.9</name>
  </wpt>
  <wpt lat="50.766043529335988" lon="3.8882880879201607">
    <name>165.0</name>
  </wpt>
  <wpt lat="50.7665409157551" lon="3.8872875120484367">
    <name>165.1</name>
  </wpt>
  <wpt lat="50.76738401537034" lon="3.886834613150143">
    <name>165.2</name>
  </wpt>
  <wpt lat="50.768277285783896" lon="3.886680647367061">
    <name>165.3</name>
  </wpt>
  <wpt lat="50.769171093518636" lon="3.8865267133460666">
    <name>165.4</name>
  </wpt>
  <wpt lat="50.770062777933759" lon="3.8863490000000036">
    <name>165.5</name>
  </wpt>
  <wpt lat="50.770953746202011" lon="3.8862638423967453">
    <name>165.6</name>
  </wpt>
  <wpt lat="50.770727643673155" lon="3.8853647444931476">
    <name>165.7</name>
  </wpt>
  <wpt lat="50.770137113916107" lon="3.8853389977029065">
    <name>165.8</name>
  </wpt>
  <wpt lat="50.771004172394456" lon="3.88497134459249">
    <name>165.9</name>
  </wpt>
  <wpt lat="50.771833061030975" lon="3.8846860265210603">
    <name>166.0</name>
  </wpt>
  <wpt lat="50.772589430795726" lon="3.8853050249577845">
    <name>166.1</name>
  </wpt>
  <wpt lat="50.773294005012559" lon="3.8861858188222165">
    <name>166.2</name>
  </wpt>
  <wpt lat="50.774187554806723" lon="3.89196545935069">
    <name>167.11</name>
  </wpt>
  <wpt lat="50.774195000013158" lon="3.891982511519767">
    <name>167.1</name>
  </wpt>
  <wpt lat="50.774317819229886" lon="3.8933638070275354">
    <name>167.2</name>
  </wpt>
  <wpt lat="50.774553112091347" lon="3.8947339419392071">
    <name>167.3</name>
  </wpt>
  <wpt lat="50.774754673546489" lon="3.8961182988729375">
    <name>167.4</name>
  </wpt>
  <wpt lat="50.774974239372888" lon="3.8974974028853016">
    <name>167.5</name>
  </wpt>
  <wpt lat="50.775243503298043" lon="3.898847894658692">
    <name>167.6</name>
  </wpt>
  <wpt lat="50.7758454197794" lon="3.8998918589315017">
    <name>167.7</name>
  </wpt>
  <wpt lat="50.776505028322227" lon="3.9008561136670066">
    <name>167.8</name>
  </wpt>
  <wpt lat="50.777083145580519" lon="3.9019444912598393">
    <name>167.9</name>
  </wpt>
  <wpt lat="50.777651709650208" lon="3.9030464192893635">
    <name>168.0</name>
  </wpt>
  <wpt lat="50.778216132759134" lon="3.9041536268732528">
    <name>168.1</name>
  </wpt>
  <wpt lat="50.778712758159195" lon="3.9053366170279049">
    <name>168.2</name>
  </wpt>
  <wpt lat="50.779348090557868" lon="3.9063331010296221">
    <name>168.3</name>
  </wpt>
  <wpt lat="50.77979949713648" lon="3.9075598834678673">
    <name>168.4</name>
  </wpt>
  <wpt lat="50.780235955359508" lon="3.9088022672604392">
    <name>168.5</name>
  </wpt>
  <wpt lat="50.780767983562157" lon="3.9099415301662597">
    <name>168.6</name>
  </wpt>
  <wpt lat="50.781464161863433" lon="3.9108397640817962">
    <name>168.7</name>
  </wpt>
  <wpt lat="50.782297528384568" lon="3.911301977861934">
    <name>168.8</name>
  </wpt>
  <wpt lat="50.785484220101857" lon="3.91642241763778">
    <name>169.33</name>
  </wpt>
  <wpt lat="50.785792220809405" lon="3.917546066259836">
    <name>169.4</name>
  </wpt>
  <wpt lat="50.786366307721437" lon="3.9186257563466853">
    <name>169.5</name>
  </wpt>
  <wpt lat="50.786984178480374" lon="3.9196593691916228">
    <name>169.6</name>
  </wpt>
  <wpt lat="50.787599084139366" lon="3.9206958502897793">
    <name>169.7</name>
  </wpt>
  <wpt lat="50.78816093051698" lon="3.9217914261841935">
    <name>169.8</name>
  </wpt>
  <wpt lat="50.788923337317357" lon="3.9225425306845416">
    <name>169.9</name>
  </wpt>
  <wpt lat="50.7896778700021" lon="3.9233153340707712">
    <name>170.0</name>
  </wpt>
  <wpt lat="50.790288600176389" lon="3.9243482368807432">
    <name>170.1</name>
  </wpt>
  <wpt lat="50.790783600333185" lon="3.9255344703182486">
    <name>170.2</name>
  </wpt>
  <wpt lat="50.791398722350884" lon="3.9265672529523106">
    <name>170.3</name>
  </wpt>
  <wpt lat="50.791790000113679" lon="3.9278307902840037">
    <name>170.4</name>
  </wpt>
  <wpt lat="50.791658883547079" lon="3.9292340119200921">
    <name>170.5</name>
  </wpt>
  <wpt lat="50.791626840135585" lon="3.9306533152704439">
    <name>170.6</name>
  </wpt>
  <wpt lat="50.7916620005099" lon="3.932074647605631">
    <name>170.7</name>
  </wpt>
  <wpt lat="50.791684054297576" lon="3.933496600799443">
    <name>170.8</name>
  </wpt>
  <wpt lat="50.791720352571112" lon="3.9349181001586349">
    <name>170.9</name>
  </wpt>
  <wpt lat="50.791775328866386" lon="3.9363371006919885">
    <name>171.0</name>
  </wpt>
  <wpt lat="50.79215502879898" lon="3.9376155164642896">
    <name>171.1</name>
  </wpt>
  <wpt lat="50.792557568919932" lon="3.9388877208455542">
    <name>171.2</name>
  </wpt>
  <wpt lat="50.792960109040791" lon="3.940159936183194">
    <name>171.3</name>
  </wpt>
  <wpt lat="50.793360460480777" lon="3.9414338155162056">
    <name>171.4</name>
  </wpt>
  <wpt lat="50.793576741599537" lon="3.9428076072443128">
    <name>171.5</name>
  </wpt>
  <wpt lat="50.79387198111192" lon="3.9441503928656072">
    <name>171.6</name>
  </wpt>
  <wpt lat="50.794185852026" lon="3.9454836604538182">
    <name>171.7</name>
  </wpt>
  <wpt lat="50.7945210132223" lon="3.9468034311222162">
    <name>171.8</name>
  </wpt>
  <wpt lat="50.794850561731515" lon="3.9481228317365882">
    <name>171.9</name>
  </wpt>
  <wpt lat="50.79508149345633" lon="3.9494972105451165">
    <name>172.0</name>
  </wpt>
  <wpt lat="50.79494500001482" lon="3.9508500404317819">
    <name>172.1</name>
  </wpt>
  <wpt lat="50.795127627733329" lon="3.9521968543352965">
    <name>172.2</name>
  </wpt>
  <wpt lat="50.795176515121774" lon="3.9536175142688585">
    <name>172.3</name>
  </wpt>
  <wpt lat="50.795281236383509" lon="3.9550262530531586">
    <name>172.4</name>
  </wpt>
  <wpt lat="50.79551923437559" lon="3.9563967511659568">
    <name>172.5</name>
  </wpt>
  <wpt lat="50.795640525027039" lon="3.9578051067231361">
    <name>172.6</name>
  </wpt>
  <wpt lat="50.796012757620467" lon="3.9590875706073221">
    <name>172.7</name>
  </wpt>
  <wpt lat="50.796388013922495" lon="3.9603795594903617">
    <name>172.8</name>
  </wpt>
  <wpt lat="50.796723934294334" lon="3.9616991823042889">
    <name>172.9</name>
  </wpt>
  <wpt lat="50.797136426223027" lon="3.9629606957971313">
    <name>173.0</name>
  </wpt>
  <wpt lat="50.797790094745011" lon="3.9639073209297342">
    <name>173.1</name>
  </wpt>
  <wpt lat="50.79865174325392" lon="3.9643084553584305">
    <name>173.2</name>
  </wpt>
  <wpt lat="50.799519356906977" lon="3.9646829523552665">
    <name>173.3</name>
  </wpt>
  <wpt lat="50.800381566857745" lon="3.9650864228050944">
    <name>173.4</name>
  </wpt>
  <wpt lat="50.801184504008596" lon="3.9657214432742203">
    <name>173.5</name>
  </wpt>
  <wpt lat="50.8020173077656" lon="3.9661720000000367">
    <name>173.6</name>
  </wpt>
  <wpt lat="50.8025803257828" lon="3.9666833428978352">
    <name>173.7</name>
  </wpt>
  <wpt lat="50.802314128646714" lon="3.9680425330736364">
    <name>173.8</name>
  </wpt>
  <wpt lat="50.801995843834739" lon="3.9693601108871852">
    <name>173.9</name>
  </wpt>
  <wpt lat="50.8012809023925" lon="3.9702167463871754">
    <name>174.0</name>
  </wpt>
  <wpt lat="50.800516361674333" lon="3.9709654694806398">
    <name>174.1</name>
  </wpt>
  <wpt lat="50.799968029734437" lon="3.9720229558098228">
    <name>174.2</name>
  </wpt>
  <wpt lat="50.800289691264439" lon="3.9733026817429757">
    <name>174.3</name>
  </wpt>
  <wpt lat="50.80072596118108" lon="3.9745469376427036">
    <name>174.4</name>
  </wpt>
  <wpt lat="50.801170868714976" lon="3.9757835515872619">
    <name>174.5</name>
  </wpt>
  <wpt lat="50.801591187846476" lon="3.9770379195524233">
    <name>174.6</name>
  </wpt>
  <wpt lat="50.801707551831932" lon="3.9784334712921949">
    <name>174.7</name>
  </wpt>
  <wpt lat="50.801999195818134" lon="3.9797724093017357">
    <name>174.8</name>
  </wpt>
  <wpt lat="50.802508410432409" lon="3.9809445231224938">
    <name>174.9</name>
  </wpt>
  <wpt lat="50.803183118864823" lon="3.9818213356821595">
    <name>175.0</name>
  </wpt>
  <wpt lat="50.803986434876485" lon="3.9824610716216058">
    <name>175.1</name>
  </wpt>
  <wpt lat="50.804845898694474" lon="3.9826844756302067">
    <name>175.2</name>
  </wpt>
  <wpt lat="50.805560584886273" lon="3.9834198472244156">
    <name>175.3</name>
  </wpt>
  <wpt lat="50.805824000790565" lon="3.984729980179885">
    <name>175.4</name>
  </wpt>
  <wpt lat="50.806144827610652" lon="3.98595719934045">
    <name>175.5</name>
  </wpt>
  <wpt lat="50.806899607681409" lon="3.9866500106104747">
    <name>175.6</name>
  </wpt>
  <wpt lat="50.8077898193725" lon="3.9868457663205286">
    <name>175.7</name>
  </wpt>
  <wpt lat="50.808447427695967" lon="3.9877006113595757">
    <name>175.8</name>
  </wpt>
  <wpt lat="50.808838479394147" lon="3.9889571965729651">
    <name>175.9</name>
  </wpt>
  <wpt lat="50.809537664760455" lon="3.9898497729488764">
    <name>176.0</name>
  </wpt>
  <wpt lat="50.8100708141293" lon="3.990989959305085">
    <name>176.1</name>
  </wpt>
  <wpt lat="50.810741760493841" lon="3.9919157130200773">
    <name>176.2</name>
  </wpt>
  <wpt lat="50.811453587143923" lon="3.9927751460272671">
    <name>176.3</name>
  </wpt>
  <wpt lat="50.8123327209684" lon="3.9928647880653534">
    <name>176.4</name>
  </wpt>
  <wpt lat="50.8132247296914" lon="3.9928996219747126">
    <name>176.5</name>
  </wpt>
  <wpt lat="50.8141172238145" lon="3.9927427550584995">
    <name>176.6</name>
  </wpt>
  <wpt lat="50.814840511110276" lon="3.9935775110828509">
    <name>176.7</name>
  </wpt>
  <wpt lat="50.815592841923" lon="3.9943557261660776">
    <name>176.8</name>
  </wpt>
  <wpt lat="50.816243097873205" lon="3.9953358197277242">
    <name>176.9</name>
  </wpt>
  <wpt lat="50.816778485067296" lon="3.9964718809998767">
    <name>177.0</name>
  </wpt>
  <wpt lat="50.817262325178042" lon="3.9976693972575643">
    <name>177.1</name>
  </wpt>
  <wpt lat="50.817680766959576" lon="3.9989215875113877">
    <name>177.2</name>
  </wpt>
  <wpt lat="50.818156529450796" lon="4.0000331802204654">
    <name>177.3</name>
  </wpt>
  <wpt lat="50.819004419865557" lon="4.0004637729521173">
    <name>177.4</name>
  </wpt>
  <wpt lat="50.819784721312907" lon="4.0011656375751681">
    <name>177.5</name>
  </wpt>
  <wpt lat="50.820580035925147" lon="4.0018270358919015">
    <name>177.6</name>
  </wpt>
  <wpt lat="50.821167492903157" lon="4.0028994238367916">
    <name>177.7</name>
  </wpt>
  <wpt lat="50.821700894307369" lon="4.004043048132008">
    <name>177.8</name>
  </wpt>
  <wpt lat="50.822073469205243" lon="4.0053368767289923">
    <name>177.9</name>
  </wpt>
  <wpt lat="50.822450513904364" lon="4.0066285845768972">
    <name>178.0</name>
  </wpt>
  <wpt lat="50.822955834838005" lon="4.0077993846244055">
    <name>178.1</name>
  </wpt>
  <wpt lat="50.823442653573508" lon="4.00898613718655">
    <name>178.2</name>
  </wpt>
  <wpt lat="50.82385188100757" lon="4.0102538399095451">
    <name>178.3</name>
  </wpt>
  <wpt lat="50.8243462788544" lon="4.0114410556856379">
    <name>178.4</name>
  </wpt>
  <wpt lat="50.824867035905207" lon="4.0126017494224309">
    <name>178.5</name>
  </wpt>
  <wpt lat="50.825385718171475" lon="4.0137647800563556">
    <name>178.6</name>
  </wpt>
  <wpt lat="50.833020750686394" lon="4.0242723476327447">
    <name>180.18</name>
  </wpt>
  <wpt lat="50.833164578446954" lon="4.0246583113636829">
    <name>180.2</name>
  </wpt>
  <wpt lat="50.833673941462074" lon="4.0258316633613509">
    <name>180.3</name>
  </wpt>
  <wpt lat="50.834165794427157" lon="4.02702377281806">
    <name>180.4</name>
  </wpt>
  <wpt lat="50.834888223061917" lon="4.0266463093732394">
    <name>180.5</name>
  </wpt>
  <wpt lat="50.835648128804195" lon="4.026346158401453">
    <name>180.6</name>
  </wpt>
  <wpt lat="50.836299830908956" lon="4.0264855619811355">
    <name>180.7</name>
  </wpt>
  <wpt lat="50.837061849328968" lon="4.0257479866376853">
    <name>180.8</name>
  </wpt>
  <wpt lat="50.837767971900746" lon="4.0248661906074448">
    <name>180.9</name>
  </wpt>
  <wpt lat="50.83844843356087" lon="4.0239378730796886">
    <name>181.0</name>
  </wpt>
  <wpt lat="50.83908428214837" lon="4.0229311358729563">
    <name>181.1</name>
  </wpt>
  <wpt lat="50.839841262347015" lon="4.022237368909046">
    <name>181.2</name>
  </wpt>
  <wpt lat="50.840696861081845" lon="4.02179888435215">
    <name>181.3</name>
  </wpt>
  <wpt lat="50.841546186006319" lon="4.0213414070059024">
    <name>181.4</name>
  </wpt>
  <wpt lat="50.842437835351305" lon="4.02120959341021">
    <name>181.5</name>
  </wpt>
  <wpt lat="50.843336346127593" lon="4.0211553523568764">
    <name>181.6</name>
  </wpt>
  <wpt lat="50.84423440971787" lon="4.0210806422366847">
    <name>181.7</name>
  </wpt>
  <wpt lat="50.845133446975993" lon="4.0210599999999719">
    <name>181.8</name>
  </wpt>
  <wpt lat="50.846032768581907" lon="4.0210599999999719">
    <name>181.9</name>
  </wpt>
  <wpt lat="50.846931324667267" lon="4.021101406636518">
    <name>182.0</name>
  </wpt>
  <wpt lat="50.847818854414669" lon="4.0213250861997256">
    <name>182.1</name>
  </wpt>
  <wpt lat="50.848702487079613" lon="4.0215881349454126">
    <name>182.2</name>
  </wpt>
  <wpt lat="50.849595918954208" lon="4.0217484000083834">
    <name>182.3</name>
  </wpt>
  <wpt lat="50.850495067949154" lon="4.0217620769023">
    <name>182.4</name>
  </wpt>
  <wpt lat="50.851394062516711" lon="4.02172896571204">
    <name>182.5</name>
  </wpt>
  <wpt lat="50.852292444331276" lon="4.0216741967940042">
    <name>182.6</name>
  </wpt>
  <wpt lat="50.853191262894327" lon="4.0216275198982521">
    <name>182.7</name>
  </wpt>
  <wpt lat="50.8540899478584" lon="4.0215761982509219">
    <name>182.8</name>
  </wpt>
  <wpt lat="50.854988635935548" lon="4.02152475484402">
    <name>182.9</name>
  </wpt>
  <wpt lat="50.855887568715481" lon="4.021482867605509">
    <name>183.0</name>
  </wpt>
  <wpt lat="50.856786501495421" lon="4.0214409795595953">
    <name>183.1</name>
  </wpt>
  <wpt lat="50.857685446076417" lon="4.0213997743828429">
    <name>183.2</name>
  </wpt>
  <wpt lat="50.858584480071286" lon="4.0213637460464522">
    <name>183.3</name>
  </wpt>
  <wpt lat="50.859483311583567" lon="4.0213222932817869">
    <name>183.4</name>
  </wpt>
  <wpt lat="50.860382134295627" lon="4.0212748896547339">
    <name>183.5</name>
  </wpt>
  <wpt lat="50.861280658783457" lon="4.021220493499845">
    <name>183.6</name>
  </wpt>
  <wpt lat="50.862164582513316" lon="4.0209717976439823">
    <name>183.7</name>
  </wpt>
  <wpt lat="50.863033834456743" lon="4.0206064375906454">
    <name>183.8</name>
  </wpt>
  <wpt lat="50.863898134764504" lon="4.0202129054723441">
    <name>183.9</name>
  </wpt>
  <wpt lat="50.864759675218458" lon="4.0198047790580844">
    <name>184.0</name>
  </wpt>
  <wpt lat="50.865612391715231" lon="4.0193520296856553">
    <name>184.1</name>
  </wpt>
  <wpt lat="50.866460255320021" lon="4.0188773943035585">
    <name>184.2</name>
  </wpt>
  <wpt lat="50.86730464282774" lon="4.0183871287644388">
    <name>184.3</name>
  </wpt>
  <wpt lat="50.868165662946339" lon="4.017975874514641">
    <name>184.4</name>
  </wpt>
  <wpt lat="50.869039506634223" lon="4.0176409416921022">
    <name>184.5</name>
  </wpt>
  <wpt lat="50.869928016668283" lon="4.0175129164598742">
    <name>184.6</name>
  </wpt>
  <wpt lat="50.870711242388737" lon="4.0177327271604391">
    <name>184.7</name>
  </wpt>
  <wpt lat="50.871491040559405" lon="4.0182387910514379">
    <name>184.8</name>
  </wpt>
  <wpt lat="50.875576134134434" lon="4.0205469764048685">
    <name>185.33</name>
  </wpt>
  <wpt lat="50.8763174468851" lon="4.0201936893959438">
    <name>185.4</name>
  </wpt>
  <wpt lat="50.877203952236862" lon="4.0199816312672878">
    <name>185.5</name>
  </wpt>
  <wpt lat="50.87809994380774" lon="4.0198591224030427">
    <name>185.6</name>
  </wpt>
  <wpt lat="50.8789911890315" lon="4.0196857834573381">
    <name>185.7</name>
  </wpt>
  <wpt lat="50.8797841688548" lon="4.0200863356270284">
    <name>185.8</name>
  </wpt>
  <wpt lat="50.880342458729757" lon="4.0212037807039929">
    <name>185.9</name>
  </wpt>
  <wpt lat="50.881007732020528" lon="4.02214943982662">
    <name>186.0</name>
  </wpt>
  <wpt lat="50.881732493479504" lon="4.0229933511082576">
    <name>186.1</name>
  </wpt>
  <wpt lat="50.882379368659215" lon="4.0224799939394291">
    <name>186.2</name>
  </wpt>
  <wpt lat="50.883176214041058" lon="4.0218391386383159">
    <name>186.3</name>
  </wpt>
  <wpt lat="50.884004239672791" lon="4.0212828974460564">
    <name>186.4</name>
  </wpt>
  <wpt lat="50.88487993150526" lon="4.02110946695208">
    <name>186.5</name>
  </wpt>
  <wpt lat="50.88577525519672" lon="4.0212320000000412">
    <name>186.6</name>
  </wpt>
  <wpt lat="50.886572724588369" lon="4.0211747648796008">
    <name>186.7</name>
  </wpt>
  <wpt lat="50.887268047305234" lon="4.0220582803322573">
    <name>186.8</name>
  </wpt>
  <wpt lat="50.888137954056774" lon="4.0220670233780531">
    <name>186.9</name>
  </wpt>
  <wpt lat="50.889030030491156" lon="4.0218969999999992">
    <name>187.0</name>
  </wpt>
  <wpt lat="50.889918489512624" lon="4.0221005523461306">
    <name>187.1</name>
  </wpt>
  <wpt lat="50.890805125939934" lon="4.0223391324454889">
    <name>187.2</name>
  </wpt>
  <wpt lat="50.891692982245644" lon="4.0225633501447069">
    <name>187.3</name>
  </wpt>
  <wpt lat="50.892569775511575" lon="4.0228803804461881">
    <name>187.4</name>
  </wpt>
  <wpt lat="50.893446057782675" lon="4.0232010206680737">
    <name>187.5</name>
  </wpt>
  <wpt lat="50.894175422760654" lon="4.0239917447042171">
    <name>187.6</name>
  </wpt>
  <wpt lat="50.894711561832715" lon="4.0251293136621857">
    <name>187.7</name>
  </wpt>
  <wpt lat="50.895163238567726" lon="4.026299647507857">
    <name>187.8</name>
  </wpt>
  <wpt lat="50.8960099884804" lon="4.0263807304833783">
    <name>187.9</name>
  </wpt>
  <wpt lat="50.896832532437443" lon="4.0258050059217156">
    <name>188.0</name>
  </wpt>
  <wpt lat="50.897607459673935" lon="4.0250982078160282">
    <name>188.1</name>
  </wpt>
  <wpt lat="50.898280511380449" lon="4.0242790000000026">
    <name>188.2</name>
  </wpt>
  <wpt lat="50.899142554412386" lon="4.0246770983841733">
    <name>188.3</name>
  </wpt>
  <wpt lat="50.90000573535518" lon="4.0250772757755184">
    <name>188.4</name>
  </wpt>
  <wpt lat="50.900887909296564" lon="4.0253513725627128">
    <name>188.5</name>
  </wpt>
  <wpt lat="50.90178062827578" lon="4.0255177026206219">
    <name>188.6</name>
  </wpt>
  <wpt lat="50.902668594285771" lon="4.0256963219193409">
    <name>188.7</name>
  </wpt>
  <wpt lat="50.903560898346683" lon="4.0258737235727757">
    <name>188.8</name>
  </wpt>
  <wpt lat="50.904456278740028" lon="4.0259107281907571">
    <name>188.9</name>
  </wpt>
  <wpt lat="50.905201541303327" lon="4.02654381187144">
    <name>189.0</name>
  </wpt>
  <wpt lat="50.906025067927452" lon="4.0269494707201856">
    <name>189.1</name>
  </wpt>
  <wpt lat="50.906912534124089" lon="4.0271799003508795">
    <name>189.2</name>
  </wpt>
  <wpt lat="50.907800349364393" lon="4.0274049069163063">
    <name>189.3</name>
  </wpt>
  <wpt lat="50.90869265156941" lon="4.0275819820771011">
    <name>189.4</name>
  </wpt>
  <wpt lat="50.909554613081049" lon="4.0277734413640234">
    <name>189.5</name>
  </wpt>
  <wpt lat="50.910387774920274" lon="4.02830882334671">
    <name>189.6</name>
  </wpt>
  <wpt lat="50.911170999513374" lon="4.0289913826337651">
    <name>189.7</name>
  </wpt>
  <wpt lat="50.911888720664649" lon="4.02985067489688">
    <name>189.8</name>
  </wpt>
  <wpt lat="50.912606957862707" lon="4.0307090155289771">
    <name>189.9</name>
  </wpt>
  <wpt lat="50.91329644151007" lon="4.0316041772801841">
    <name>190.0</name>
  </wpt>
  <wpt lat="50.913650946076359" lon="4.0325399999999707">
    <name>190.1</name>
  </wpt>
  <wpt lat="50.913877796604844" lon="4.0337987888633684">
    <name>190.2</name>
  </wpt>
  <wpt lat="50.914038387553205" lon="4.0351911623830361">
    <name>190.3</name>
  </wpt>
  <wpt lat="50.914641871779864" lon="4.0362158707293858">
    <name>190.4</name>
  </wpt>
  <wpt lat="50.915402406066221" lon="4.0369740761970805">
    <name>190.5</name>
  </wpt>
  <wpt lat="50.916128539562948" lon="4.0377944474237744">
    <name>190.6</name>
  </wpt>
  <wpt lat="50.916643205392539" lon="4.0387740443179405">
    <name>190.7</name>
  </wpt>
  <wpt lat="50.916483343782652" lon="4.0400226626765461">
    <name>190.8</name>
  </wpt>
  <wpt lat="50.916088311848242" lon="4.0411468384386451">
    <name>190.9</name>
  </wpt>
  <wpt lat="50.915719222698705" lon="4.0424270813969656">
    <name>191.0</name>
  </wpt>
  <wpt lat="50.9154673139489" lon="4.0437729968006018">
    <name>191.1</name>
  </wpt>
  <wpt lat="50.915011242179361" lon="4.0449331888066746">
    <name>191.2</name>
  </wpt>
  <wpt lat="50.9154709917744" lon="4.0459960082499489">
    <name>191.3</name>
  </wpt>
  <wpt lat="50.916055630753277" lon="4.0461311374948155">
    <name>191.4</name>
  </wpt>
  <wpt lat="50.916511107179737" lon="4.0473611137245493">
    <name>191.5</name>
  </wpt>
  <wpt lat="50.916847831938071" lon="4.048675590073481">
    <name>191.6</name>
  </wpt>
  <wpt lat="50.917173832227832" lon="4.0499826180878093">
    <name>191.7</name>
  </wpt>
  <wpt lat="50.91779923495379" lon="4.0510076953785008">
    <name>191.8</name>
  </wpt>
  <wpt lat="50.918290783462773" lon="4.052184043128614">
    <name>191.9</name>
  </wpt>
  <wpt lat="50.918694297718027" lon="4.0534556411181475">
    <name>192.0</name>
  </wpt>
  <wpt lat="50.919224426656065" lon="4.0546045634374384">
    <name>192.1</name>
  </wpt>
  <wpt lat="50.926263362176861" lon="4.0514575109317725">
    <name>192.99</name>
  </wpt>
  <wpt lat="50.926475204177422" lon="4.0516148289249374">
    <name>193.0</name>
  </wpt>
  <wpt lat="50.9272937196895" lon="4.0511241656378623">
    <name>193.1</name>
  </wpt>
  <wpt lat="50.928186443937662" lon="4.050955876457401">
    <name>193.2</name>
  </wpt>
  <wpt lat="50.929007889828632" lon="4.050441076986818">
    <name>193.3</name>
  </wpt>
  <wpt lat="50.929678015156156" lon="4.049544670611386">
    <name>193.4</name>
  </wpt>
  <wpt lat="50.930508078823344" lon="4.0490420310753228">
    <name>193.5</name>
  </wpt>
  <wpt lat="50.93138963985102" lon="4.0487635375459252">
    <name>193.6</name>
  </wpt>
  <wpt lat="50.932266836445386" lon="4.0485270125667077">
    <name>193.7</name>
  </wpt>
  <wpt lat="50.933070807901181" lon="4.0479424010938549">
    <name>193.8</name>
  </wpt>
  <wpt lat="50.933802768962025" lon="4.0471221097269705">
    <name>193.9</name>
  </wpt>
  <wpt lat="50.934615744546711" lon="4.0465119776908791">
    <name>194.0</name>
  </wpt>
  <wpt lat="50.935329755690717" lon="4.046084479652265">
    <name>194.1</name>
  </wpt>
  <wpt lat="50.936046680481944" lon="4.0454359999999712">
    <name>194.2</name>
  </wpt>
  <wpt lat="50.936780901983994" lon="4.04486541062287">
    <name>194.3</name>
  </wpt>
  <wpt lat="50.937221255853174" lon="4.0436245029219595">
    <name>194.4</name>
  </wpt>
  <wpt lat="50.93801723989958" lon="4.0431508334478572">
    <name>194.5</name>
  </wpt>
  <wpt lat="50.938879535394165" lon="4.0434302261392991">
    <name>194.6</name>
  </wpt>
  <wpt lat="50.939735451364804" lon="4.0436176117688332">
    <name>194.7</name>
  </wpt>
  <wpt lat="50.940383523326176" lon="4.0427739710126582">
    <name>194.8</name>
  </wpt>
  <wpt lat="50.94099931990521" lon="4.0432729293539706">
    <name>194.9</name>
  </wpt>
  <wpt lat="50.9417924456313" lon="4.0437500689636581">
    <name>195.0</name>
  </wpt>
  <wpt lat="50.942276135516664" lon="4.044703445697742">
    <name>195.1</name>
  </wpt>
  <wpt lat="50.942352807630471" lon="4.0460685518687063">
    <name>195.2</name>
  </wpt>
  <wpt lat="50.94179903946528" lon="4.0471859761674374">
    <name>195.3</name>
  </wpt>
  <wpt lat="50.9414572337698" lon="4.0483903375528261">
    <name>195.4</name>
  </wpt>
  <wpt lat="50.941626668419971" lon="4.049783468975062">
    <name>195.5</name>
  </wpt>
  <wpt lat="50.941896406419055" lon="4.0511167497193705">
    <name>195.6</name>
  </wpt>
  <wpt lat="50.9422448761303" lon="4.0524279430235284">
    <name>195.7</name>
  </wpt>
  <wpt lat="50.94255200000319" lon="4.0537568355462632">
    <name>195.8</name>
  </wpt>
  <wpt lat="50.942761174988817" lon="4.0551407316012344">
    <name>195.9</name>
  </wpt>
  <wpt lat="50.942867490543058" lon="4.056520998820611">
    <name>196.0</name>
  </wpt>
  <wpt lat="50.943179513858112" lon="4.0576157933461721">
    <name>196.65</name>
  </wpt>
  <wpt lat="50.943458706567277" lon="4.0583593667672169">
    <name>196.7</name>
  </wpt>
  <wpt lat="50.943564755336574" lon="4.0597698646757019">
    <name>196.8</name>
  </wpt>
  <wpt lat="50.943757238893866" lon="4.0611625849749613">
    <name>196.9</name>
  </wpt>
  <wpt lat="50.944068072802217" lon="4.06249927951568">
    <name>197.0</name>
  </wpt>
  <wpt lat="50.944422064451196" lon="4.0638113514423182">
    <name>197.1</name>
  </wpt>
  <wpt lat="50.9447533973393" lon="4.0651369870760412">
    <name>197.2</name>
  </wpt>
  <wpt lat="50.944794468583417" lon="4.0665566835009175">
    <name>197.3</name>
  </wpt>
  <wpt lat="50.9447434919084" lon="4.0679810719600571">
    <name>197.4</name>
  </wpt>
  <wpt lat="50.944843455669805" lon="4.0693995455576353">
    <name>197.5</name>
  </wpt>
  <wpt lat="50.944958724478006" lon="4.0708139947846167">
    <name>197.6</name>
  </wpt>
  <wpt lat="50.945143458102045" lon="4.0722066190896475">
    <name>197.7</name>
  </wpt>
  <wpt lat="50.945373166600376" lon="4.0735762193540461">
    <name>197.8</name>
  </wpt>
  <wpt lat="50.945534537131032" lon="4.0749800356504542">
    <name>197.9</name>
  </wpt>
  <wpt lat="50.945826793512687" lon="4.0763140392366264">
    <name>198.0</name>
  </wpt>
  <wpt lat="50.946064238890507" lon="4.0776907630731083">
    <name>198.1</name>
  </wpt>
  <wpt lat="50.9462423543526" lon="4.0788051819452162">
    <name>198.2</name>
  </wpt>
  <wpt lat="50.947133793775123" lon="4.0789935077781641">
    <name>198.3</name>
  </wpt>
  <wpt lat="50.947856051484" lon="4.0796804950736485">
    <name>198.4</name>
  </wpt>
  <wpt lat="50.948487451977407" lon="4.0806968731792583">
    <name>198.5</name>
  </wpt>
  <wpt lat="50.949130906058258" lon="4.0816938648435057">
    <name>198.6</name>
  </wpt>
  <wpt lat="50.949640131916034" lon="4.0828361518767968">
    <name>198.7</name>
  </wpt>
  <wpt lat="50.949908353764521" lon="4.0841982417329543">
    <name>198.8</name>
  </wpt>
  <wpt lat="50.950413679021949" lon="4.0853621298268141">
    <name>198.9</name>
  </wpt>
  <wpt lat="50.950587090570465" lon="4.0867622631956024">
    <name>199.0</name>
  </wpt>
  <wpt lat="50.950909811167847" lon="4.0880400960307526">
    <name>199.1</name>
  </wpt>
  <wpt lat="50.95168399802121" lon="4.0887216104215263">
    <name>199.2</name>
  </wpt>
  <wpt lat="50.9524251352512" lon="4.089494176520871">
    <name>199.3</name>
  </wpt>
  <wpt lat="50.952852000073555" lon="4.0907182354174711">
    <name>199.4</name>
  </wpt>
  <wpt lat="50.952847373764619" lon="4.0921310482000122">
    <name>199.5</name>
  </wpt>
  <wpt lat="50.9528039127585" lon="4.0931976174425513">
    <name>199.6</name>
  </wpt>
  <wpt lat="50.952097266843637" lon="4.0940804574655925">
    <name>199.7</name>
  </wpt>
  <wpt lat="50.951392139916656" lon="4.094966501163861">
    <name>199.8</name>
  </wpt>
  <wpt lat="50.95074989314795" lon="4.0959617010194247">
    <name>199.9</name>
  </wpt>
  <wpt lat="50.950179156945829" lon="4.0970648772212481">
    <name>200.0</name>
  </wpt>
  <wpt lat="50.949601758107896" lon="4.09815648429811">
    <name>200.1</name>
  </wpt>
  <wpt lat="50.949577506869119" lon="4.1002953250797818">
    <name>200.29</name>
  </wpt>
  <wpt lat="50.949692664458119" lon="4.1005211675721274">
    <name>200.3</name>
  </wpt>
  <wpt lat="50.950272818533875" lon="4.1016079969312953">
    <name>200.4</name>
  </wpt>
  <wpt lat="50.950814005966485" lon="4.1027480074183007">
    <name>200.5</name>
  </wpt>
  <wpt lat="50.951158508694355" lon="4.1040435240053723">
    <name>200.6</name>
  </wpt>
  <wpt lat="50.951579109211558" lon="4.1053053190553674">
    <name>200.7</name>
  </wpt>
  <wpt lat="50.951144374976664" lon="4.1063924247735937">
    <name>200.8</name>
  </wpt>
  <wpt lat="50.950569635526733" lon="4.1074888508656926">
    <name>200.9</name>
  </wpt>
  <wpt lat="50.950064645195425" lon="4.1086619364423917">
    <name>201.0</name>
  </wpt>
  <wpt lat="50.9495498298625" lon="4.1098303269586687">
    <name>201.1</name>
  </wpt>
  <wpt lat="50.949053592296565" lon="4.1110053318837849">
    <name>201.2</name>
  </wpt>
  <wpt lat="50.948524144044562" lon="4.11214534795676">
    <name>201.3</name>
  </wpt>
  <wpt lat="50.947895000049314" lon="4.1131331138560672">
    <name>201.4</name>
  </wpt>
  <wpt lat="50.948090288942481" lon="4.1145177851988741">
    <name>201.5</name>
  </wpt>
  <wpt lat="50.948433964931148" lon="4.1158368874106541">
    <name>201.6</name>
  </wpt>
  <wpt lat="50.948750908070167" lon="4.1171720752003855">
    <name>201.7</name>
  </wpt>
  <wpt lat="50.949008864578438" lon="4.11853915748356">
    <name>201.8</name>
  </wpt>
  <wpt lat="50.949278175066652" lon="4.119901096332069">
    <name>201.9</name>
  </wpt>
  <wpt lat="50.949523646691873" lon="4.1212737306042175">
    <name>202.0</name>
  </wpt>
  <wpt lat="50.949815729737892" lon="4.1226086471395531">
    <name>202.1</name>
  </wpt>
  <wpt lat="50.950087184960005" lon="4.123969559435694">
    <name>202.2</name>
  </wpt>
  <wpt lat="50.950353753032907" lon="4.1253328943720406">
    <name>202.3</name>
  </wpt>
  <wpt lat="50.950565523663343" lon="4.1267152671948475">
    <name>202.4</name>
  </wpt>
  <wpt lat="50.950706000038842" lon="4.1281156835793658">
    <name>202.5</name>
  </wpt>
  <wpt lat="50.950762249549413" lon="4.1295364394379481">
    <name>202.6</name>
  </wpt>
  <wpt lat="50.950873329103032" lon="4.1309369803855072">
    <name>202.7</name>
  </wpt>
  <wpt lat="50.950956296637521" lon="4.1323278036680149">
    <name>202.8</name>
  </wpt>
  <wpt lat="50.95127657903268" lon="4.1335377495637271">
    <name>202.9</name>
  </wpt>
  <wpt lat="50.951695421704038" lon="4.1347091335480481">
    <name>203.0</name>
  </wpt>
  <wpt lat="50.951235563660077" lon="4.1359359340349489">
    <name>203.1</name>
  </wpt>
  <wpt lat="50.951357270805026" lon="4.1372778108460748">
    <name>203.2</name>
  </wpt>
  <wpt lat="50.951901497021638" lon="4.1383981382195509">
    <name>203.3</name>
  </wpt>
  <wpt lat="50.952575244070033" lon="4.1393374441113293">
    <name>203.4</name>
  </wpt>
  <wpt lat="50.953314890141172" lon="4.1401488201578012">
    <name>203.5</name>
  </wpt>
  <wpt lat="50.954018952829962" lon="4.1410266573153969">
    <name>203.6</name>
  </wpt>
  <wpt lat="50.954846851780047" lon="4.1414909258740069">
    <name>203.7</name>
  </wpt>
  <wpt lat="50.955315391532842" lon="4.1426537826937233">
    <name>203.8</name>
  </wpt>
  <wpt lat="50.956024513458459" lon="4.1435191777055218">
    <name>203.9</name>
  </wpt>
  <wpt lat="50.956806148637661" lon="4.1442180217294311">
    <name>204.0</name>
  </wpt>
  <wpt lat="50.957663111278684" lon="4.1446175357362529">
    <name>204.1</name>
  </wpt>
  <wpt lat="50.958399664929956" lon="4.1453825268491693">
    <name>204.2</name>
  </wpt>
  <wpt lat="50.958775112280357" lon="4.1466779745034934">
    <name>204.3</name>
  </wpt>
  <wpt lat="50.959139964641544" lon="4.1479829424926047">
    <name>204.4</name>
  </wpt>
  <wpt lat="50.9595111544172" lon="4.1492833397341657">
    <name>204.5</name>
  </wpt>
  <wpt lat="50.959881919762125" lon="4.1505841411435158">
    <name>204.6</name>
  </wpt>
  <wpt lat="50.960258709373321" lon="4.15188057656047">
    <name>204.7</name>
  </wpt>
  <wpt lat="50.960697895846508" lon="4.1531244083276837">
    <name>204.8</name>
  </wpt>
  <wpt lat="50.961278995334524" lon="4.1542121598748913">
    <name>204.9</name>
  </wpt>
  <wpt lat="50.96173500001553" lon="4.1553223010812008">
    <name>205.0</name>
  </wpt>
  <wpt lat="50.961702065772116" lon="4.1560011228942768">
    <name>205.1</name>
  </wpt>
  <wpt lat="50.962300396656815" lon="4.1570439543014466">
    <name>205.2</name>
  </wpt>
  <wpt lat="50.962927928092341" lon="4.1580489915041445">
    <name>205.3</name>
  </wpt>
  <wpt lat="50.963709597118232" lon="4.1587517128919878">
    <name>205.4</name>
  </wpt>
  <wpt lat="50.964468368504086" lon="4.1595131837222006">
    <name>205.5</name>
  </wpt>
  <wpt lat="50.965153752664314" lon="4.1604305557430177">
    <name>205.6</name>
  </wpt>
  <wpt lat="50.965823088524765" lon="4.1613296400496171">
    <name>205.7</name>
  </wpt>
  <wpt lat="50.9665253711781" lon="4.1622183683078378">
    <name>205.8</name>
  </wpt>
  <wpt lat="50.966993889805565" lon="4.1634194803282369">
    <name>205.9</name>
  </wpt>
  <wpt lat="50.967223925386349" lon="4.1647981102155684">
    <name>206.0</name>
  </wpt>
  <wpt lat="50.9675196972202" lon="4.1661454025523676">
    <name>206.1</name>
  </wpt>
  <wpt lat="50.967810787453665" lon="4.1674959541783005">
    <name>206.2</name>
  </wpt>
  <wpt lat="50.968526123236018" lon="4.16745314170249">
    <name>206.3</name>
  </wpt>
  <wpt lat="50.969281674199522" lon="4.1667386792716972">
    <name>206.4</name>
  </wpt>
  <wpt lat="50.970162376959088" lon="4.1664604764791946">
    <name>206.5</name>
  </wpt>
  <wpt lat="50.97080915473606" lon="4.167001994468988">
    <name>206.6</name>
  </wpt>
  <wpt lat="50.971380169756358" lon="4.16808164703262">
    <name>206.7</name>
  </wpt>
  <wpt lat="50.972533840629367" lon="4.1692323026344207">
    <name>206.90</name>
  </wpt>
  <wpt lat="50.972644325924676" lon="4.1693943726576954">
    <name>206.9</name>
  </wpt>
  <wpt lat="50.973293726003654" lon="4.1703822772293888">
    <name>207.0</name>
  </wpt>
  <wpt lat="50.973825668169404" lon="4.1702958388121809">
    <name>207.1</name>
  </wpt>
  <wpt lat="50.974539289988726" lon="4.1694583433045329">
    <name>207.2</name>
  </wpt>
  <wpt lat="50.975314219510672" lon="4.1687341205651354">
    <name>207.3</name>
  </wpt>
  <wpt lat="50.976108160374196" lon="4.1680740328802823">
    <name>207.4</name>
  </wpt>
  <wpt lat="50.976994565299762" lon="4.1678382931725855">
    <name>207.5</name>
  </wpt>
  <wpt lat="50.97784008177716" lon="4.1679173290589437">
    <name>207.6</name>
  </wpt>
  <wpt lat="50.978623615198188" lon="4.1686110852484566">
    <name>207.7</name>
  </wpt>
  <wpt lat="50.979446212732853" lon="4.1691876297941635">
    <name>207.8</name>
  </wpt>
  <wpt lat="50.980312036440026" lon="4.1695575348040608">
    <name>207.9</name>
  </wpt>
  <wpt lat="50.98105738642856" lon="4.1703139705220744">
    <name>208.0</name>
  </wpt>
  <wpt lat="50.981715668139259" lon="4.17128526456481">
    <name>208.1</name>
  </wpt>
  <wpt lat="50.982451650305492" lon="4.1709094516179022">
    <name>208.2</name>
  </wpt>
  <wpt lat="50.983268007215216" lon="4.1705464853944409">
    <name>208.3</name>
  </wpt>
  <wpt lat="50.984155488047584" lon="4.170501941751164">
    <name>208.4</name>
  </wpt>
  <wpt lat="50.985003731793782" lon="4.1700562169786748">
    <name>208.5</name>
  </wpt>
  <wpt lat="50.985791986114442" lon="4.1695062185555312">
    <name>208.6</name>
  </wpt>
  <wpt lat="50.986459381216569" lon="4.1685849789053124">
    <name>208.7</name>
  </wpt>
  <wpt lat="50.987257400584973" lon="4.1679535359671442">
    <name>208.8</name>
  </wpt>
  <wpt lat="50.988151752264834" lon="4.1678392592323306">
    <name>208.9</name>
  </wpt>
  <wpt lat="50.988798668807078" lon="4.1685080180236174">
    <name>209.0</name>
  </wpt>
  <wpt lat="50.989251867248647" lon="4.1697084343109614">
    <name>209.1</name>
  </wpt>
  <wpt lat="50.989875652610543" lon="4.1707375908549853">
    <name>209.2</name>
  </wpt>
  <wpt lat="50.990490208058162" lon="4.1717806482598512">
    <name>209.3</name>
  </wpt>
  <wpt lat="50.991202091442887" lon="4.1726452345182716">
    <name>209.4</name>
  </wpt>
  <wpt lat="50.99203935662706" lon="4.17301764338254">
    <name>209.5</name>
  </wpt>
  <wpt lat="50.992722331509732" lon="4.1720963369878987">
    <name>209.6</name>
  </wpt>
  <wpt lat="50.993467009368395" lon="4.1727250236426219">
    <name>209.7</name>
  </wpt>
  <wpt lat="50.994173196490472" lon="4.1736056341033452">
    <name>209.8</name>
  </wpt>
  <wpt lat="50.9947785338894" lon="4.174656070648906">
    <name>209.9</name>
  </wpt>
  <wpt lat="50.99543373073579" lon="4.1756345957625038">
    <name>210.0</name>
  </wpt>
  <wpt lat="50.996095311686354" lon="4.17659565589067">
    <name>210.1</name>
  </wpt>
  <wpt lat="50.996764963972851" lon="4.1775058481967617">
    <name>210.2</name>
  </wpt>
  <wpt lat="50.997521597131296" lon="4.1767677062436528">
    <name>210.3</name>
  </wpt>
  <wpt lat="50.998297077259814" lon="4.176044178546646">
    <name>210.4</name>
  </wpt>
  <wpt lat="50.999894261898518" lon="4.1756365629166439">
    <name>210.66</name>
  </wpt>
  <wpt lat="50.999620245894015" lon="4.1749846409875744">
    <name>210.7</name>
  </wpt>
  <wpt lat="51.000134145442424" lon="4.1739610999963936">
    <name>210.8</name>
  </wpt>
  <wpt lat="51.000790611769148" lon="4.1729939855298266">
    <name>210.9</name>
  </wpt>
  <wpt lat="51.001463759914515" lon="4.1720470654813333">
    <name>211.0</name>
  </wpt>
  <wpt lat="51.002156983618853" lon="4.1711407175761108">
    <name>211.1</name>
  </wpt>
  <wpt lat="51.002874169527367" lon="4.1702817400908128">
    <name>211.2</name>
  </wpt>
  <wpt lat="51.00358555665413" lon="4.1694079687800771">
    <name>211.3</name>
  </wpt>
  <wpt lat="51.004315484046714" lon="4.1685749628657609">
    <name>211.4</name>
  </wpt>
  <wpt lat="51.005157934173617" lon="4.1680921596933427">
    <name>211.5</name>
  </wpt>
  <wpt lat="51.005892181543935" lon="4.1673172917645926">
    <name>211.6</name>
  </wpt>
  <wpt lat="51.005950838690914" lon="4.1659451447993234">
    <name>211.7</name>
  </wpt>
  <wpt lat="51.005630746785172" lon="4.1646095235551535">
    <name>211.8</name>
  </wpt>
  <wpt lat="51.005455588179991" lon="4.1632400010283961">
    <name>211.9</name>
  </wpt>
  <wpt lat="51.005082498693646" lon="4.1619396397485788">
    <name>212.0</name>
  </wpt>
  <wpt lat="51.004716990363136" lon="4.1606338738083721">
    <name>212.1</name>
  </wpt>
  <wpt lat="51.004317917575939" lon="4.15935326274049">
    <name>212.2</name>
  </wpt>
  <wpt lat="51.004424846835015" lon="4.1580743242975116">
    <name>212.3</name>
  </wpt>
  <wpt lat="51.005018002833644" lon="4.1570000764126895">
    <name>212.4</name>
  </wpt>
  <wpt lat="51.0055668905159" lon="4.1558693862999654">
    <name>212.5</name>
  </wpt>
  <wpt lat="51.00610267567378" lon="4.1547217028527257">
    <name>212.6</name>
  </wpt>
  <wpt lat="51.006647585076678" lon="4.153585465935179">
    <name>212.7</name>
  </wpt>
  <wpt lat="51.007048209189463" lon="4.1523092049966133">
    <name>212.8</name>
  </wpt>
  <wpt lat="51.007507773593183" lon="4.151090907342005">
    <name>212.9</name>
  </wpt>
  <wpt lat="51.00817929100257" lon="4.1501997812424394">
    <name>213.0</name>
  </wpt>
  <wpt lat="51.00901617989026" lon="4.1496765230980808">
    <name>213.1</name>
  </wpt>
  <wpt lat="51.009896690981385" lon="4.1494215493229341">
    <name>213.2</name>
  </wpt>
  <wpt lat="51.010783522377693" lon="4.149613693869064">
    <name>213.3</name>
  </wpt>
  <wpt lat="51.011677746586535" lon="4.1496356628825595">
    <name>213.4</name>
  </wpt>
  <wpt lat="51.012572573828471" lon="4.1495139955312021">
    <name>213.5</name>
  </wpt>
  <wpt lat="51.013461959064806" lon="4.1493387332998068">
    <name>213.6</name>
  </wpt>
  <wpt lat="51.0142839854989" lon="4.1487779199343944">
    <name>213.7</name>
  </wpt>
  <wpt lat="51.014801165936291" lon="4.1476568259954352">
    <name>213.8</name>
  </wpt>
  <wpt lat="51.01516529537686" lon="4.1463497453278126">
    <name>213.9</name>
  </wpt>
  <wpt lat="51.015202665032646" lon="4.1451676465023892">
    <name>214.0</name>
  </wpt>
  <wpt lat="51.015577260843841" lon="4.1438686769280624">
    <name>214.1</name>
  </wpt>
  <wpt lat="51.015946408439376" lon="4.1425654292556873">
    <name>214.2</name>
  </wpt>
  <wpt lat="51.016327541097361" lon="4.1412709672196355">
    <name>214.3</name>
  </wpt>
  <wpt lat="51.016693728915506" lon="4.1399657223165747">
    <name>214.4</name>
  </wpt>
  <wpt lat="51.017174311933438" lon="4.13876179024378">
    <name>214.5</name>
  </wpt>
  <wpt lat="51.017764276154331" lon="4.1376830548123769">
    <name>214.6</name>
  </wpt>
  <wpt lat="51.018292861696516" lon="4.1365277892113168">
    <name>214.7</name>
  </wpt>
  <wpt lat="51.018711577509414" lon="4.1352688004069549">
    <name>214.8</name>
  </wpt>
  <wpt lat="51.019122163921367" lon="4.133998058760854">
    <name>214.9</name>
  </wpt>
  <wpt lat="51.01963636141577" lon="4.13282641562443">
    <name>215.0</name>
  </wpt>
  <wpt lat="51.020185995175183" lon="4.1316950714122642">
    <name>215.1</name>
  </wpt>
  <wpt lat="51.020768314893793" lon="4.1306057525146809">
    <name>215.2</name>
  </wpt>
  <wpt lat="51.021259523969547" lon="4.1294387981078984">
    <name>215.3</name>
  </wpt>
  <wpt lat="51.021404502225167" lon="4.1280278043554164">
    <name>215.4</name>
  </wpt>
  <wpt lat="51.021225946200559" lon="4.1266501930267268">
    <name>215.5</name>
  </wpt>
  <wpt lat="51.0207852261827" lon="4.1254104461451231">
    <name>215.6</name>
  </wpt>
  <wpt lat="51.020304436167557" lon="4.1242026312136177">
    <name>215.7</name>
  </wpt>
  <wpt lat="51.0200823129582" lon="4.122948174213688">
    <name>215.8</name>
  </wpt>
  <wpt lat="51.020521835791243" lon="4.121701078956157">
    <name>215.9</name>
  </wpt>
  <wpt lat="51.020891152299754" lon="4.1203994798553465">
    <name>216.0</name>
  </wpt>
  <wpt lat="51.021369962278712" lon="4.1191939183331945">
    <name>216.1</name>
  </wpt>
  <wpt lat="51.021777615388537" lon="4.11417818024013">
    <name>216.49</name>
  </wpt>
  <wpt lat="51.021799982884893" lon="4.1137978661734582">
    <name>216.5</name>
  </wpt>
  <wpt lat="51.021852963744109" lon="4.1123706812048466">
    <name>216.6</name>
  </wpt>
  <wpt lat="51.022007287268913" lon="4.1109812920812621">
    <name>216.7</name>
  </wpt>
  <wpt lat="51.022399837228548" lon="4.10969663105433">
    <name>216.8</name>
  </wpt>
  <wpt lat="51.022762393616262" lon="4.1083887068758216">
    <name>216.9</name>
  </wpt>
  <wpt lat="51.023128432679627" lon="4.1070966845757875">
    <name>217.0</name>
  </wpt>
  <wpt lat="51.022792179426837" lon="4.1062322206484216">
    <name>217.1</name>
  </wpt>
  <wpt lat="51.022384074916857" lon="4.1066435577033751">
    <name>217.2</name>
  </wpt>
  <wpt lat="51.022832707862115" lon="4.1054105656785111">
    <name>217.3</name>
  </wpt>
  <wpt lat="51.023557852172694" lon="4.1045796092623359">
    <name>217.4</name>
  </wpt>
  <wpt lat="51.024272072750811" lon="4.1037141168545235">
    <name>217.5</name>
  </wpt>
  <wpt lat="51.024962747756035" lon="4.1027984609797938">
    <name>217.6</name>
  </wpt>
  <wpt lat="51.025738906348067" lon="4.1022441873379965">
    <name>217.7</name>
  </wpt>
  <wpt lat="51.026072781032205" lon="4.1012833518898111">
    <name>217.8</name>
  </wpt>
  <wpt lat="51.026846320316146" lon="4.1005546181503716">
    <name>217.9</name>
  </wpt>
  <wpt lat="51.027581048445988" lon="4.09974533001449">
    <name>218.0</name>
  </wpt>
  <wpt lat="51.027388106750394" lon="4.098686604697737">
    <name>218.1</name>
  </wpt>
  <wpt lat="51.026975384174918" lon="4.09772108305896">
    <name>218.2</name>
  </wpt>
  <wpt lat="51.027094273377671" lon="4.0966013898136868">
    <name>218.3</name>
  </wpt>
  <wpt lat="51.027513291423539" lon="4.0969941366674894">
    <name>218.4</name>
  </wpt>
  <wpt lat="51.027331000034089" lon="4.0983917345165075">
    <name>218.5</name>
  </wpt>
  <wpt lat="51.027883882413747" lon="4.0993549267805456">
    <name>218.6</name>
  </wpt>
  <wpt lat="51.028674876982222" lon="4.0987661572377743">
    <name>218.7</name>
  </wpt>
  <wpt lat="51.029517005606067" lon="4.0990839540376678">
    <name>218.8</name>
  </wpt>
  <wpt lat="51.030252366214953" lon="4.0985164828993774">
    <name>218.9</name>
  </wpt>
  <wpt lat="51.03106214845014" lon="4.0985085133146084">
    <name>219.0</name>
  </wpt>
  <wpt lat="51.038972484184789" lon="4.1020644083116391">
    <name>220.69</name>
  </wpt>
  <wpt lat="51.039167849266725" lon="4.1020629999999887">
    <name>220.7</name>
  </wpt>
  <wpt lat="51.040055424840673" lon="4.1021372948704222">
    <name>220.8</name>
  </wpt>
  <wpt lat="51.040944970174259" lon="4.1020970298384585">
    <name>220.9</name>
  </wpt>
  <wpt lat="51.041527020998345" lon="4.1012439753478844">
    <name>221.0</name>
  </wpt>
  <wpt lat="51.0420224402029" lon="4.100050359596457">
    <name>221.1</name>
  </wpt>
  <wpt lat="51.042516469437949" lon="4.0988551788416494">
    <name>221.2</name>
  </wpt>
  <wpt lat="51.043006411133774" lon="4.0976557619087073">
    <name>221.3</name>
  </wpt>
  <wpt lat="51.043506444733517" lon="4.0964668810187055">
    <name>221.4</name>
  </wpt>
  <wpt lat="51.044012524238561" lon="4.0952845080288576">
    <name>221.5</name>
  </wpt>
  <wpt lat="51.044510683500896" lon="4.09409375048773">
    <name>221.6</name>
  </wpt>
  <wpt lat="51.045010457804054" lon="4.092904595824435">
    <name>221.7</name>
  </wpt>
  <wpt lat="51.04550985962419" lon="4.0917150116886534">
    <name>221.8</name>
  </wpt>
  <wpt lat="51.046244959925289" lon="4.0909505416280467">
    <name>221.9</name>
  </wpt>
  <wpt lat="51.0470924642527" lon="4.09047199141783">
    <name>222.0</name>
  </wpt>
  <wpt lat="51.047932772167641" lon="4.0899654960360907">
    <name>222.1</name>
  </wpt>
  <wpt lat="51.048684848285369" lon="4.089191265110359">
    <name>222.2</name>
  </wpt>
  <wpt lat="51.049274734574567" lon="4.0881177255575585">
    <name>222.3</name>
  </wpt>
  <wpt lat="51.049638510918484" lon="4.0868135237807612">
    <name>222.4</name>
  </wpt>
  <wpt lat="51.049913159112016" lon="4.0854512967205645">
    <name>222.5</name>
  </wpt>
  <wpt lat="51.050183687508053" lon="4.0840869867697611">
    <name>222.6</name>
  </wpt>
  <wpt lat="51.0504519119074" lon="4.0827215086607636">
    <name>222.7</name>
  </wpt>
  <wpt lat="51.050720056027657" lon="4.0813561560754863">
    <name>222.8</name>
  </wpt>
  <wpt lat="51.050993431900281" lon="4.0799932506733034">
    <name>222.9</name>
  </wpt>
  <wpt lat="51.05127067693536" lon="4.0786323155101449">
    <name>223.0</name>
  </wpt>
  <wpt lat="51.0515461762317" lon="4.0772704809979761">
    <name>223.1</name>
  </wpt>
  <wpt lat="51.051834324058646" lon="4.075919726839512">
    <name>223.2</name>
  </wpt>
  <wpt lat="51.0520837963725" lon="4.0745511164087151">
    <name>223.3</name>
  </wpt>
  <wpt lat="51.052358894106206" lon="4.0731890469771139">
    <name>223.4</name>
  </wpt>
  <wpt lat="51.052633991839841" lon="4.071826969454384">
    <name>223.5</name>
  </wpt>
  <wpt lat="51.052909089573404" lon="4.070464883840426">
    <name>223.6</name>
  </wpt>
  <wpt lat="51.053183615844979" lon="4.0691024989299613">
    <name>223.7</name>
  </wpt>
  <wpt lat="51.053456749456657" lon="4.0677393972044031">
    <name>223.8</name>
  </wpt>
  <wpt lat="51.053766942301152" lon="4.0664011153977446">
    <name>223.9</name>
  </wpt>
  <wpt lat="51.054103642402943" lon="4.0651033902185407">
    <name>224.0</name>
  </wpt>
  <wpt lat="51.054428220180895" lon="4.0637693039077192">
    <name>224.1</name>
  </wpt>
  <wpt lat="51.054816687598141" lon="4.0624805697261817">
    <name>224.2</name>
  </wpt>
  <wpt lat="51.055227180961651" lon="4.0613901218039485">
    <name>224.3</name>
  </wpt>
  <wpt lat="51.05577864733916" lon="4.0602619782442115">
    <name>224.4</name>
  </wpt>
  <wpt lat="51.056419528233683" lon="4.0592602484631781">
    <name>224.5</name>
  </wpt>
  <wpt lat="51.057135346547433" lon="4.0583975367818566">
    <name>224.6</name>
  </wpt>
  <wpt lat="51.057952421480216" lon="4.0579235785546093">
    <name>224.7</name>
  </wpt>
  <wpt lat="51.058619794034314" lon="4.0570214273705254">
    <name>224.8</name>
  </wpt>
  <wpt lat="51.0593981653372" lon="4.05630472170388">
    <name>224.9</name>
  </wpt>
  <wpt lat="51.060187169385586" lon="4.0556186007280832">
    <name>225.0</name>
  </wpt>
  <wpt lat="51.061016318910852" lon="4.0550697486835094">
    <name>225.1</name>
  </wpt>
  <wpt lat="51.0618084184539" lon="4.0545806817756569">
    <name>225.2</name>
  </wpt>
  <wpt lat="51.062637580929966" lon="4.0541055855378012">
    <name>225.3</name>
  </wpt>
  <wpt lat="51.063403649385442" lon="4.0544780132936493">
    <name>225.4</name>
  </wpt>
  <wpt lat="51.064089970411594" lon="4.0552410296383306">
    <name>225.5</name>
  </wpt>
  <wpt lat="51.064885628546413" lon="4.0545817649278533">
    <name>225.6</name>
  </wpt>
  <wpt lat="51.065683516436188" lon="4.0539264836579481">
    <name>225.7</name>
  </wpt>
  <wpt lat="51.066520988046754" lon="4.0534241549138823">
    <name>225.8</name>
  </wpt>
  <wpt lat="51.067020272742127" lon="4.052496">
    <name>225.9</name>
  </wpt>
  <wpt lat="51.067904658220435" lon="4.052243775114551">
    <name>226.0</name>
  </wpt>
  <wpt lat="51.068776442676985" lon="4.0519284229574817">
    <name>226.1</name>
  </wpt>
  <wpt lat="51.069192801675285" lon="4.0507305297281384">
    <name>226.2</name>
  </wpt>
  <wpt lat="51.068713616207745" lon="4.0495202484422741">
    <name>226.3</name>
  </wpt>
  <wpt lat="51.068207534484166" lon="4.0484534550439095">
    <name>226.4</name>
  </wpt>
  <wpt lat="51.071278681757128" lon="4.0351970584042141">
    <name>227.70</name>
  </wpt>
  <wpt lat="51.071337913763578" lon="4.03505823379805">
    <name>227.7</name>
  </wpt>
  <wpt lat="51.07212447311759" lon="4.03442196339363">
    <name>227.8</name>
  </wpt>
  <wpt lat="51.072895462567445" lon="4.0336895398906689">
    <name>227.9</name>
  </wpt>
  <wpt lat="51.073682799773593" lon="4.0330952002448246">
    <name>228.0</name>
  </wpt>
  <wpt lat="51.074451316346767" lon="4.0323783068091208">
    <name>228.1</name>
  </wpt>
  <wpt lat="51.075039201713935" lon="4.0315265105025189">
    <name>228.2</name>
  </wpt>
  <wpt lat="51.075842606662931" lon="4.0308837582892822">
    <name>228.3</name>
  </wpt>
  <wpt lat="51.076643919754908" lon="4.030249885116965">
    <name>228.4</name>
  </wpt>
  <wpt lat="51.077251500155818" lon="4.0313033263412867">
    <name>228.5</name>
  </wpt>
  <wpt lat="51.077878420470853" lon="4.032329375331229">
    <name>228.6</name>
  </wpt>
  <wpt lat="51.07849119502108" lon="4.0333771008711121">
    <name>228.7</name>
  </wpt>
  <wpt lat="51.079101695782263" lon="4.0344276447597318">
    <name>228.8</name>
  </wpt>
  <wpt lat="51.079680950179764" lon="4.0355225665221361">
    <name>228.9</name>
  </wpt>
  <wpt lat="51.080419175059916" lon="4.0355384075899332">
    <name>229.0</name>
  </wpt>
  <wpt lat="51.081225885150118" lon="4.0349267730150284">
    <name>229.1</name>
  </wpt>
  <wpt lat="51.081760043801637" lon="4.036051766655695">
    <name>229.2</name>
  </wpt>
  <wpt lat="51.081260005237795" lon="4.0370398233944886">
    <name>229.3</name>
  </wpt>
  <wpt lat="51.080591219538" lon="4.0379968939634079">
    <name>229.4</name>
  </wpt>
  <wpt lat="51.079922387537451" lon="4.0389538687097959">
    <name>229.5</name>
  </wpt>
  <wpt lat="51.079253515805405" lon="4.0399107592621695">
    <name>229.6</name>
  </wpt>
  <wpt lat="51.078535334186284" lon="4.0407591164261394">
    <name>229.7</name>
  </wpt>
  <wpt lat="51.077807976188147" lon="4.0414129402676746">
    <name>229.8</name>
  </wpt>
  <wpt lat="51.078571003058521" lon="4.0421310025911161">
    <name>229.9</name>
  </wpt>
  <wpt lat="51.079186770830226" lon="4.043065939419761">
    <name>230.0</name>
  </wpt>
  <wpt lat="51.079976905873139" lon="4.0436969266965">
    <name>230.1</name>
  </wpt>
  <wpt lat="51.080715114824677" lon="4.0445145215845457">
    <name>230.2</name>
  </wpt>
  <wpt lat="51.081454980722853" lon="4.0453281567338184">
    <name>230.3</name>
  </wpt>
  <wpt lat="51.082125966910432" lon="4.0462722048955255">
    <name>230.4</name>
  </wpt>
  <wpt lat="51.082690787800118" lon="4.0473858846164958">
    <name>230.5</name>
  </wpt>
  <wpt lat="51.083245772895182" lon="4.04851200761656">
    <name>230.6</name>
  </wpt>
  <wpt lat="51.083697872741787" lon="4.0497464178994056">
    <name>230.7</name>
  </wpt>
  <wpt lat="51.084147474298227" lon="4.0509848658847156">
    <name>230.8</name>
  </wpt>
  <wpt lat="51.084664577385077" lon="4.0521561420981032">
    <name>230.9</name>
  </wpt>
  <wpt lat="51.08515762281322" lon="4.0533529242704374">
    <name>231.0</name>
  </wpt>
  <wpt lat="51.085644591263069" lon="4.0545297735751937">
    <name>231.1</name>
  </wpt>
  <wpt lat="51.086021857002834" lon="4.05582765991234">
    <name>231.2</name>
  </wpt>
  <wpt lat="51.086152788195832" lon="4.05723434348205">
    <name>231.3</name>
  </wpt>
  <wpt lat="51.086233752137815" lon="4.0586478969220385">
    <name>231.4</name>
  </wpt>
  <wpt lat="51.086815359831085" lon="4.0597322399119475">
    <name>231.5</name>
  </wpt>
  <wpt lat="51.087459555230858" lon="4.0607312336717563">
    <name>231.6</name>
  </wpt>
  <wpt lat="51.088114441130415" lon="4.0617125018365714">
    <name>231.7</name>
  </wpt>
  <wpt lat="51.088758419028672" lon="4.062711841279012">
    <name>231.8</name>
  </wpt>
  <wpt lat="51.089408960138037" lon="4.063699270894455">
    <name>231.9</name>
  </wpt>
  <wpt lat="51.090197008289636" lon="4.0643701157952723">
    <name>232.0</name>
  </wpt>
  <wpt lat="51.091072999205586" lon="4.0646650173336161">
    <name>232.1</name>
  </wpt>
  <wpt lat="51.091954845547221" lon="4.0649445959895969">
    <name>232.2</name>
  </wpt>
  <wpt lat="51.092796809658971" lon="4.0654176644789111">
    <name>232.3</name>
  </wpt>
  <wpt lat="51.093427533884" lon="4.066424815176072">
    <name>232.4</name>
  </wpt>
  <wpt lat="51.093932005234343" lon="4.0676101024244113">
    <name>232.5</name>
  </wpt>
  <wpt lat="51.0944452128022" lon="4.0687859954863956">
    <name>232.6</name>
  </wpt>
  <wpt lat="51.094882207941836" lon="4.0700214817512972">
    <name>232.7</name>
  </wpt>
  <wpt lat="51.094925763832244" lon="4.0714503615944473">
    <name>232.8</name>
  </wpt>
  <wpt lat="51.09493347904273" lon="4.0728807161515945">
    <name>232.9</name>
  </wpt>
  <wpt lat="51.094799950909028" lon="4.0742952501924181">
    <name>233.0</name>
  </wpt>
  <wpt lat="51.094674063016271" lon="4.0756870037670181">
    <name>233.1</name>
  </wpt>
  <wpt lat="51.094679181228486" lon="4.0771007642343493">
    <name>233.2</name>
  </wpt>
  <wpt lat="51.094623000036457" lon="4.0785277509379707">
    <name>233.3</name>
  </wpt>
  <wpt lat="51.094788489209755" lon="4.079922637066729">
    <name>233.4</name>
  </wpt>
  <wpt lat="51.095012233156218" lon="4.0813032481890508">
    <name>233.5</name>
  </wpt>
  <wpt lat="51.095141270787678" lon="4.0827203462888377">
    <name>233.6</name>
  </wpt>
  <wpt lat="51.095333860744582" lon="4.0841158624898544">
    <name>233.7</name>
  </wpt>
  <wpt lat="51.09535895636332" lon="4.0855472035238725">
    <name>233.8</name>
  </wpt>
  <wpt lat="51.095373790772506" lon="4.0869789901999107">
    <name>233.9</name>
  </wpt>
  <wpt lat="51.095541804553584" lon="4.0883586076960858">
    <name>234.0</name>
  </wpt>
  <wpt lat="51.095486373111079" lon="4.0897212554519653">
    <name>234.1</name>
  </wpt>
  <wpt lat="51.095159000018405" lon="4.0910350238954267">
    <name>234.2</name>
  </wpt>
  <wpt lat="51.094326828833843" lon="4.0915170648045072">
    <name>234.3</name>
  </wpt>
  <wpt lat="51.093501706408368" lon="4.0920837396710361">
    <name>234.4</name>
  </wpt>
  <wpt lat="51.092685286422466" lon="4.0926837464702279">
    <name>234.5</name>
  </wpt>
  <wpt lat="51.092553357642373" lon="4.0935485631450259">
    <name>234.6</name>
  </wpt>
  <wpt lat="51.092808907388111" lon="4.0949167096330434">
    <name>234.7</name>
  </wpt>
  <wpt lat="51.093038174213184" lon="4.0962918425583137">
    <name>234.8</name>
  </wpt>
  <wpt lat="51.092981246591528" lon="4.0977151301705845">
    <name>234.9</name>
  </wpt>
  <wpt lat="51.092798288445891" lon="4.0991138744637174">
    <name>235.0</name>
  </wpt>
  <wpt lat="51.092503219172023" lon="4.100463618756887">
    <name>235.1</name>
  </wpt>
  <wpt lat="51.092264528771494" lon="4.1018274135928907">
    <name>235.2</name>
  </wpt>
  <wpt lat="51.092294778883264" lon="4.1032509683876315">
    <name>235.3</name>
  </wpt>
  <wpt lat="51.091907660215846" lon="4.1044982862296413">
    <name>235.4</name>
  </wpt>
  <wpt lat="51.0915751128148" lon="4.1057740455045586">
    <name>235.5</name>
  </wpt>
  <wpt lat="51.091447036615712" lon="4.1071912713251413">
    <name>235.6</name>
  </wpt>
  <wpt lat="51.091819079269086" lon="4.1078898396800465">
    <name>235.7</name>
  </wpt>
  <wpt lat="51.09264585793138" lon="4.1080083628636928">
    <name>235.8</name>
  </wpt>
  <wpt lat="51.093056000195745" lon="4.10924077891799">
    <name>235.9</name>
  </wpt>
  <wpt lat="51.093126535522877" lon="4.1103178989103535">
    <name>236.0</name>
  </wpt>
  <wpt lat="51.094024354879295" lon="4.110259136891206">
    <name>236.1</name>
  </wpt>
  <wpt lat="51.094921232964836" lon="4.1101536880950089">
    <name>236.2</name>
  </wpt>
  <wpt lat="51.095454905406619" lon="4.11110834953309">
    <name>236.3</name>
  </wpt>
  <wpt lat="51.095656395618533" lon="4.112498954072823">
    <name>236.4</name>
  </wpt>
  <wpt lat="51.095858446586206" lon="4.1138929786042793">
    <name>236.5</name>
  </wpt>
  <wpt lat="51.096115061452217" lon="4.11526544457898">
    <name>236.6</name>
  </wpt>
  <wpt lat="51.096461037507375" lon="4.1165795696270466">
    <name>236.7</name>
  </wpt>
  <wpt lat="51.096874609269946" lon="4.1178511846402319">
    <name>236.8</name>
  </wpt>
  <wpt lat="51.097277894661111" lon="4.1191305647023624">
    <name>236.9</name>
  </wpt>
  <wpt lat="51.097665257454395" lon="4.1204157408734057">
    <name>237.0</name>
  </wpt>
  <wpt lat="51.097894469968715" lon="4.12173526997038">
    <name>237.1</name>
  </wpt>
  <wpt lat="51.098137261978238" lon="4.1230949172810467">
    <name>237.2</name>
  </wpt>
  <wpt lat="51.098542969405194" lon="4.124372283183086">
    <name>237.3</name>
  </wpt>
  <wpt lat="51.098839363924348" lon="4.1257236013612717">
    <name>237.4</name>
  </wpt>
  <wpt lat="51.099006073306043" lon="4.1271224719135713">
    <name>237.5</name>
  </wpt>
  <wpt lat="51.098994523870978" lon="4.1285523492289471">
    <name>237.6</name>
  </wpt>
  <wpt lat="51.09907091788979" lon="4.1299599191695791">
    <name>237.7</name>
  </wpt>
  <wpt lat="51.09934866198801" lon="4.13130107115845">
    <name>237.8</name>
  </wpt>
  <wpt lat="51.099945282522022" lon="4.1323420394026922">
    <name>237.9</name>
  </wpt>
  <wpt lat="51.100611994220458" lon="4.1332819371172258">
    <name>238.0</name>
  </wpt>
  <wpt lat="51.100602915706361" lon="4.1345952934127075">
    <name>238.1</name>
  </wpt>
  <wpt lat="51.10039726368052" lon="4.1359894712062895">
    <name>238.2</name>
  </wpt>
  <wpt lat="51.100199939111967" lon="4.1373865823745657">
    <name>238.3</name>
  </wpt>
  <wpt lat="51.100093665512084" lon="4.1386043288142149">
    <name>238.4</name>
  </wpt>
  <wpt lat="51.100436099679833" lon="4.1399277799044629">
    <name>238.5</name>
  </wpt>
  <wpt lat="51.100624625243057" lon="4.141313440531273">
    <name>238.6</name>
  </wpt>
  <wpt lat="51.110398537923466" lon="4.1423514812966031">
    <name>239.79</name>
  </wpt>
  <wpt lat="51.110592150824665" lon="4.1423862586679139">
    <name>239.8</name>
  </wpt>
  <wpt lat="51.111487838291232" lon="4.1425147967894684">
    <name>239.9</name>
  </wpt>
  <wpt lat="51.113931782464995" lon="4.1431917111770842">
    <name>240.22</name>
  </wpt>
  <wpt lat="51.114105117270611" lon="4.1442706490135928">
    <name>240.3</name>
  </wpt>
  <wpt lat="51.114011356695237" lon="4.1456938746518643">
    <name>240.4</name>
  </wpt>
  <wpt lat="51.113875787834353" lon="4.1471069664432472">
    <name>240.5</name>
  </wpt>
  <wpt lat="51.113674765662715" lon="4.148503154347388">
    <name>240.6</name>
  </wpt>
  <wpt lat="51.113696993941439" lon="4.149924723633899">
    <name>240.7</name>
  </wpt>
  <wpt lat="51.113831905710164" lon="4.1513410481734256">
    <name>240.8</name>
  </wpt>
  <wpt lat="51.113776870292419" lon="4.152764918551453">
    <name>240.9</name>
  </wpt>
  <wpt lat="51.113818821243434" lon="4.1541928855986141">
    <name>241.0</name>
  </wpt>
  <wpt lat="51.113884401739547" lon="4.1556214903222575">
    <name>241.1</name>
  </wpt>
  <wpt lat="51.114066056632986" lon="4.1570195631599933">
    <name>241.2</name>
  </wpt>
  <wpt lat="51.114383332659081" lon="4.15835933047184">
    <name>241.3</name>
  </wpt>
  <wpt lat="51.114711096880278" lon="4.159689485651171">
    <name>241.4</name>
  </wpt>
  <wpt lat="51.114719190848604" lon="4.1610993735729309">
    <name>241.5</name>
  </wpt>
  <wpt lat="51.1145473803764" lon="4.162505432121713">
    <name>241.6</name>
  </wpt>
  <wpt lat="51.114362217710287" lon="4.1639067584160063">
    <name>241.7</name>
  </wpt>
  <wpt lat="51.114097784494973" lon="4.1652756726034132">
    <name>241.8</name>
  </wpt>
  <wpt lat="51.114193839739208" lon="4.1666638352687784">
    <name>241.9</name>
  </wpt>
  <wpt lat="51.11417213774601" lon="4.1680799526929242">
    <name>242.0</name>
  </wpt>
  <wpt lat="51.11401447278439" lon="4.1694901866553691">
    <name>242.1</name>
  </wpt>
  <wpt lat="51.113864652661185" lon="4.1709026972534611">
    <name>242.2</name>
  </wpt>
  <wpt lat="51.113713612576731" lon="4.1723148022312921">
    <name>242.3</name>
  </wpt>
  <wpt lat="51.113568722515318" lon="4.1737286232102786">
    <name>242.4</name>
  </wpt>
  <wpt lat="51.113429388977764" lon="4.1751438540300247">
    <name>242.5</name>
  </wpt>
  <wpt lat="51.113431339725878" lon="4.1765609243924233">
    <name>242.6</name>
  </wpt>
  <wpt lat="51.11370889396629" lon="4.1779218605315291">
    <name>242.7</name>
  </wpt>
  <wpt lat="51.11401497244551" lon="4.1792685678303823">
    <name>242.8</name>
  </wpt>
  <wpt lat="51.114379208939184" lon="4.1805781171517271">
    <name>242.9</name>
  </wpt>
  <wpt lat="51.114785457151058" lon="4.1818550423689338">
    <name>243.0</name>
  </wpt>
  <wpt lat="51.115219923023588" lon="4.1831082461995814">
    <name>243.1</name>
  </wpt>
  <wpt lat="51.115688256010806" lon="4.1843311503649163">
    <name>243.2</name>
  </wpt>
  <wpt lat="51.116114025711617" lon="4.1855919944582718">
    <name>243.3</name>
  </wpt>
  <wpt lat="51.116461231073316" lon="4.1869112176521437">
    <name>243.4</name>
  </wpt>
  <wpt lat="51.116703910454163" lon="4.1882893212286154">
    <name>243.5</name>
  </wpt>
  <wpt lat="51.116935959117129" lon="4.1896607680594515">
    <name>243.6</name>
  </wpt>
  <wpt lat="51.117372158431657" lon="4.1909136215483889">
    <name>243.7</name>
  </wpt>
  <wpt lat="51.117923358988662" lon="4.19204296323254">
    <name>243.8</name>
  </wpt>
  <wpt lat="51.118603266455068" lon="4.19297519591614">
    <name>243.9</name>
  </wpt>
  <wpt lat="51.119285426308785" lon="4.1939086909669818">
    <name>244.0</name>
  </wpt>
  <wpt lat="51.119979936909161" lon="4.19481878293324">
    <name>244.1</name>
  </wpt>
  <wpt lat="51.120678025333326" lon="4.1957219514260329">
    <name>244.2</name>
  </wpt>
  <wpt lat="51.121364244385624" lon="4.1966476231859176">
    <name>244.3</name>
  </wpt>
  <wpt lat="51.122057515061918" lon="4.1975601761018311">
    <name>244.4</name>
  </wpt>
  <wpt lat="51.122736450894159" lon="4.1984972715080042">
    <name>244.5</name>
  </wpt>
  <wpt lat="51.123393120381365" lon="4.199475225676923">
    <name>244.6</name>
  </wpt>
  <wpt lat="51.124007550042258" lon="4.200520951031816">
    <name>244.7</name>
  </wpt>
  <wpt lat="51.124620415746662" lon="4.2015693552126052">
    <name>244.8</name>
  </wpt>
  <wpt lat="51.125203850158037" lon="4.2026581409667836">
    <name>244.9</name>
  </wpt>
  <wpt lat="51.1256587158388" lon="4.2038849646627767">
    <name>245.0</name>
  </wpt>
  <wpt lat="51.125919868169952" lon="4.2051483014820228">
    <name>245.1</name>
  </wpt>
  <wpt lat="51.125948810811657" lon="4.2063805213360954">
    <name>245.2</name>
  </wpt>
  <wpt lat="51.125812413481867" lon="4.20779126488752">
    <name>245.3</name>
  </wpt>
  <wpt lat="51.125592181494596" lon="4.2091805566105114">
    <name>245.4</name>
  </wpt>
  <wpt lat="51.125200255267323" lon="4.210433746645287">
    <name>245.5</name>
  </wpt>
  <wpt lat="51.124839375627346" lon="4.2117353614397182">
    <name>245.6</name>
  </wpt>
  <wpt lat="51.124728000069084" lon="4.213147268707349">
    <name>245.7</name>
  </wpt>
  <wpt lat="51.124722511330411" lon="4.2145214202499286">
    <name>245.8</name>
  </wpt>
  <wpt lat="51.124534879144882" lon="4.2159227680001923">
    <name>245.9</name>
  </wpt>
  <wpt lat="51.1243801208207" lon="4.2173236417736133">
    <name>246.0</name>
  </wpt>
  <wpt lat="51.12421824030281" lon="4.2187271556928048">
    <name>246.1</name>
  </wpt>
  <wpt lat="51.124144833147547" lon="4.2199618432696386">
    <name>246.2</name>
  </wpt>
  <wpt lat="51.124109386932183" lon="4.2213920109052312">
    <name>246.3</name>
  </wpt>
  <wpt lat="51.124353361712849" lon="4.2227613956849641">
    <name>246.4</name>
  </wpt>
  <wpt lat="51.12477913210455" lon="4.2239716439263422">
    <name>246.5</name>
  </wpt>
  <wpt lat="51.125422537796481" lon="4.2248502960884036">
    <name>246.6</name>
  </wpt>
  <wpt lat="51.12613485081814" lon="4.2257049852625626">
    <name>246.7</name>
  </wpt>
  <wpt lat="51.126704494192538" lon="4.2268133383349751">
    <name>246.8</name>
  </wpt>
  <wpt lat="51.127187625506515" lon="4.2280188044156528">
    <name>246.9</name>
  </wpt>
  <wpt lat="51.127762132345332" lon="4.2290986185777211">
    <name>247.0</name>
  </wpt>
  <wpt lat="51.128616913545542" lon="4.22926990407183">
    <name>247.1</name>
  </wpt>
  <wpt lat="51.128826000031346" lon="4.23027239206565">
    <name>247.2</name>
  </wpt>
  <wpt lat="51.128823770832987" lon="4.23169782570493">
    <name>247.3</name>
  </wpt>
  <wpt lat="51.128783000278773" lon="4.233129191230848">
    <name>247.4</name>
  </wpt>
  <wpt lat="51.128749432563225" lon="4.2345607642086227">
    <name>247.5</name>
  </wpt>
  <wpt lat="51.12871193300176" lon="4.2359923282199814">
    <name>247.6</name>
  </wpt>
  <wpt lat="51.128672869662125" lon="4.2374239886267775">
    <name>247.7</name>
  </wpt>
  <wpt lat="51.128628727989984" lon="4.2388552524991141">
    <name>247.8</name>
  </wpt>
  <wpt lat="51.128590000175237" lon="4.2402868575978454">
    <name>247.9</name>
  </wpt>
  <wpt lat="51.128553338489496" lon="4.2417170547081726">
    <name>248.0</name>
  </wpt>
  <wpt lat="51.128520008045896" lon="4.24314898447131">
    <name>248.1</name>
  </wpt>
  <wpt lat="51.128468678516292" lon="4.2445795697989208">
    <name>248.2</name>
  </wpt>
  <wpt lat="51.128518158608188" lon="4.2460086845479665">
    <name>248.3</name>
  </wpt>
  <wpt lat="51.128692294429271" lon="4.24741214236828">
    <name>248.4</name>
  </wpt>
  <wpt lat="51.128924473542064" lon="4.24879653852573">
    <name>248.5</name>
  </wpt>
  <wpt lat="51.12913170535149" lon="4.2501870386595062">
    <name>248.6</name>
  </wpt>
  <wpt lat="51.129360650846522" lon="4.2515719492992075">
    <name>248.7</name>
  </wpt>
  <wpt lat="51.1295789783889" lon="4.2529620717315817">
    <name>248.8</name>
  </wpt>
  <wpt lat="51.129797235877874" lon="4.2543507884230074">
    <name>248.9</name>
  </wpt>
  <wpt lat="51.129822571840648" lon="4.2557716127244811">
    <name>249.0</name>
  </wpt>
  <wpt lat="51.129728565079361" lon="4.2571966672043917">
    <name>249.1</name>
  </wpt>
  <wpt lat="51.1296302403948" lon="4.2586206049145074">
    <name>249.2</name>
  </wpt>
  <wpt lat="51.129630568239065" lon="4.2600475571387788">
    <name>249.3</name>
  </wpt>
  <wpt lat="51.129680480443923" lon="4.2614781830468065">
    <name>249.4</name>
  </wpt>
  <wpt lat="51.129727000003975" lon="4.2629086889061458">
    <name>249.5</name>
  </wpt>
  <wpt lat="51.129770000003717" lon="4.2643392421616539">
    <name>249.6</name>
  </wpt>
  <wpt lat="51.129792000015392" lon="4.26577109849642">
    <name>249.7</name>
  </wpt>
  <wpt lat="51.129823827340147" lon="4.2671998747923112">
    <name>249.8</name>
  </wpt>
  <wpt lat="51.130140522856912" lon="4.2685235065564875">
    <name>249.9</name>
  </wpt>
  <wpt lat="51.13061626031179" lon="4.2697385182628063">
    <name>250.0</name>
  </wpt>
  <wpt lat="51.130927159004351" lon="4.2710714271137622">
    <name>250.1</name>
  </wpt>
  <wpt lat="51.131279204565253" lon="4.2723882776270727">
    <name>250.2</name>
  </wpt>
  <wpt lat="51.131675499677691" lon="4.2736746959275642">
    <name>250.3</name>
  </wpt>
  <wpt lat="51.132081408684243" lon="4.274952880185916">
    <name>250.4</name>
  </wpt>
  <wpt lat="51.132602894689995" lon="4.2761199337535389">
    <name>250.5</name>
  </wpt>
  <wpt lat="51.133009573646142" lon="4.2773893894816375">
    <name>250.6</name>
  </wpt>
  <wpt lat="51.133384023467428" lon="4.2786898301810758">
    <name>250.7</name>
  </wpt>
  <wpt lat="51.1338376948953" lon="4.279913278958233">
    <name>250.8</name>
  </wpt>
  <wpt lat="51.134467664109273" lon="4.2809360683215454">
    <name>250.9</name>
  </wpt>
  <wpt lat="51.135119893930948" lon="4.2819221315527853">
    <name>251.0</name>
  </wpt>
  <wpt lat="51.135786264419352" lon="4.2828845960850472">
    <name>251.1</name>
  </wpt>
  <wpt lat="51.140323623912181" lon="4.2897703500924012">
    <name>251.81</name>
  </wpt>
  <wpt lat="51.140333659493713" lon="4.2897891943786508">
    <name>251.8</name>
  </wpt>
  <wpt lat="51.140894917344049" lon="4.2909091455856352">
    <name>251.9</name>
  </wpt>
  <wpt lat="51.141459348742828" lon="4.2920250386982719">
    <name>252.0</name>
  </wpt>
  <wpt lat="51.142024042762252" lon="4.2931406027284309">
    <name>252.1</name>
  </wpt>
  <wpt lat="51.142570197926823" lon="4.2942778688034506">
    <name>252.2</name>
  </wpt>
  <wpt lat="51.143140132520664" lon="4.2953865146464816">
    <name>252.3</name>
  </wpt>
  <wpt lat="51.143704431847361" lon="4.2965017214441685">
    <name>252.4</name>
  </wpt>
  <wpt lat="51.144486389822063" lon="4.2971386566296044">
    <name>252.5</name>
  </wpt>
  <wpt lat="51.145359580381289" lon="4.2974711234707987">
    <name>252.6</name>
  </wpt>
  <wpt lat="51.146231321435991" lon="4.2978232358784894">
    <name>252.7</name>
  </wpt>
  <wpt lat="51.1471010177162" lon="4.2981819968107171">
    <name>252.8</name>
  </wpt>
  <wpt lat="51.147966268327622" lon="4.2985080000000417">
    <name>252.9</name>
  </wpt>
  <wpt lat="51.1487992771484" lon="4.2990339430836784">
    <name>253.0</name>
  </wpt>
  <wpt lat="51.149664884938794" lon="4.299420339148992">
    <name>253.1</name>
  </wpt>
  <wpt lat="51.150539567604234" lon="4.2997524875720847">
    <name>253.2</name>
  </wpt>
  <wpt lat="51.151435918510607" lon="4.2997760593213314">
    <name>253.3</name>
  </wpt>
  <wpt lat="51.152320838883156" lon="4.299987970416252">
    <name>253.4</name>
  </wpt>
  <wpt lat="51.153188203332832" lon="4.3003501088100293">
    <name>253.5</name>
  </wpt>
  <wpt lat="51.1540777272362" lon="4.3005592640112118">
    <name>253.6</name>
  </wpt>
  <wpt lat="51.154965327318969" lon="4.300789184569652">
    <name>253.7</name>
  </wpt>
  <wpt lat="51.1558616960256" lon="4.3008689999999881">
    <name>253.8</name>
  </wpt>
  <wpt lat="51.156693225711656" lon="4.3012851593234025">
    <name>253.9</name>
  </wpt>
  <wpt lat="51.157360666266079" lon="4.3022461879398541">
    <name>254.0</name>
  </wpt>
  <wpt lat="51.158093103279967" lon="4.3030425963823022">
    <name>254.1</name>
  </wpt>
  <wpt lat="51.158979301339144" lon="4.3032793627669434">
    <name>254.2</name>
  </wpt>
  <wpt lat="51.1598242148023" lon="4.3037514307637768">
    <name>254.3</name>
  </wpt>
  <wpt lat="51.1606175522969" lon="4.3044265867169544">
    <name>254.4</name>
  </wpt>
  <wpt lat="51.161407383189818" lon="4.3051123314593909">
    <name>254.5</name>
  </wpt>
  <wpt lat="51.16215579495276" lon="4.3059018432823315">
    <name>254.6</name>
  </wpt>
  <wpt lat="51.162880696714396" lon="4.3067486966425941">
    <name>254.7</name>
  </wpt>
  <wpt lat="51.163645302101429" lon="4.3075020425344812">
    <name>254.8</name>
  </wpt>
  <wpt lat="51.164424500540648" lon="4.3082157408970092">
    <name>254.9</name>
  </wpt>
  <wpt lat="51.165195473110678" lon="4.3089500722083187">
    <name>255.0</name>
  </wpt>
  <wpt lat="51.16601023730356" lon="4.3095566610746383">
    <name>255.1</name>
  </wpt>
  <wpt lat="51.166829643461853" lon="4.31014729593192">
    <name>255.2</name>
  </wpt>
  <wpt lat="51.167658514731585" lon="4.3107022417348411">
    <name>255.3</name>
  </wpt>
  <wpt lat="51.168511069790533" lon="4.3111586917600944">
    <name>255.4</name>
  </wpt>
  <wpt lat="51.16935304826756" lon="4.3116619606831463">
    <name>255.5</name>
  </wpt>
  <wpt lat="51.170191929672022" lon="4.3121780413525013">
    <name>255.6</name>
  </wpt>
  <wpt lat="51.175402234581348" lon="4.3178325309602856">
    <name>257.41</name>
  </wpt>
  <wpt lat="51.175404036259835" lon="4.3178079622378291">
    <name>257.4</name>
  </wpt>
  <wpt lat="51.17561021748007" lon="4.3164153734325721">
    <name>257.5</name>
  </wpt>
  <wpt lat="51.176098092735806" lon="4.3157607189256222">
    <name>257.6</name>
  </wpt>
  <wpt lat="51.176959976959878" lon="4.3161484883906809">
    <name>257.7</name>
  </wpt>
  <wpt lat="51.177828378614329" lon="4.3165202598686365">
    <name>257.8</name>
  </wpt>
  <wpt lat="51.178662044867046" lon="4.3170524827267611">
    <name>257.9</name>
  </wpt>
  <wpt lat="51.179521670087325" lon="4.3174471763762021">
    <name>258.0</name>
  </wpt>
  <wpt lat="51.191692174443176" lon="4.3225882896859282">
    <name>259.68</name>
  </wpt>
  <wpt lat="51.191974745240806" lon="4.3228084334287358">
    <name>259.7</name>
  </wpt>
  <wpt lat="51.192733214357609" lon="4.323545177066296">
    <name>259.8</name>
  </wpt>
  <wpt lat="51.193514047444914" lon="4.3242453250515718">
    <name>259.9</name>
  </wpt>
  <wpt lat="51.194309393201593" lon="4.3248784203828547">
    <name>260.0</name>
  </wpt>
  <wpt lat="51.195022132249896" lon="4.3257509282733553">
    <name>260.1</name>
  </wpt>
  <wpt lat="51.19573676326705" lon="4.3266206108060912">
    <name>260.2</name>
  </wpt>
  <wpt lat="51.196472534465549" lon="4.3274455778957268">
    <name>260.3</name>
  </wpt>
  <wpt lat="51.197211059064657" lon="4.3282641122769805">
    <name>260.4</name>
  </wpt>
  <wpt lat="51.197943322304305" lon="4.3290949949785853">
    <name>260.5</name>
  </wpt>
  <wpt lat="51.198512496960952" lon="4.3301839104991915">
    <name>260.6</name>
  </wpt>
  <wpt lat="51.198925537765007" lon="4.331458501059597">
    <name>260.7</name>
  </wpt>
  <wpt lat="51.199379798570241" lon="4.3326953099262555">
    <name>260.8</name>
  </wpt>
  <wpt lat="51.199849341790369" lon="4.333919374756805">
    <name>260.9</name>
  </wpt>
  <wpt lat="51.200319807421714" lon="4.3351424362608713">
    <name>261.0</name>
  </wpt>
  <wpt lat="51.200795337850153" lon="4.3363598422245326">
    <name>261.1</name>
  </wpt>
  <wpt lat="51.201366703810649" lon="4.3374681503642067">
    <name>261.2</name>
  </wpt>
  <wpt lat="51.201770374870982" lon="4.3387262987333033">
    <name>261.3</name>
  </wpt>
  <wpt lat="51.20208409885381" lon="4.340037228536394">
    <name>261.4</name>
  </wpt>
  <wpt lat="51.202145078606392" lon="4.3414617429006146">
    <name>261.5</name>
  </wpt>
  <wpt lat="51.202126000120067" lon="4.3428966636546269">
    <name>261.6</name>
  </wpt>
  <wpt lat="51.202026688610438" lon="4.3442657234605493">
    <name>261.7</name>
  </wpt>
  <wpt lat="51.201673487521475" lon="4.3455740902723239">
    <name>261.8</name>
  </wpt>
  <wpt lat="51.201587419849687" lon="4.3469996744780444">
    <name>261.9</name>
  </wpt>
  <wpt lat="51.201643762014889" lon="4.3484144902871069">
    <name>262.0</name>
  </wpt>
  <wpt lat="51.202026756002937" lon="4.3497057092255407">
    <name>262.1</name>
  </wpt>
  <wpt lat="51.202287189142" lon="4.3510688799578379">
    <name>262.2</name>
  </wpt>
  <wpt lat="51.202704329732079" lon="4.3523400500463332">
    <name>262.3</name>
  </wpt>
  <wpt lat="51.203141237875016" lon="4.3535946068184819">
    <name>262.4</name>
  </wpt>
  <wpt lat="51.203577996192557" lon="4.3548493083910573">
    <name>262.5</name>
  </wpt>
  <wpt lat="51.204100279064406" lon="4.3557089537021545">
    <name>262.6</name>
  </wpt>
  <wpt lat="51.204498900796807" lon="4.3569950517887781">
    <name>262.7</name>
  </wpt>
  <wpt lat="51.204890850648646" lon="4.3582869346924786">
    <name>262.8</name>
  </wpt>
  <wpt lat="51.205282800500378" lon="4.3595788285899069">
    <name>262.9</name>
  </wpt>
  <wpt lat="51.20567475035201" lon="4.3608707334812653">
    <name>263.0</name>
  </wpt>
  <wpt lat="51.206078116046044" lon="4.362153479594439">
    <name>263.1</name>
  </wpt>
  <wpt lat="51.206502444875525" lon="4.3634189941630881">
    <name>263.2</name>
  </wpt>
  <wpt lat="51.206934952803358" lon="4.3646775324228981">
    <name>263.3</name>
  </wpt>
  <wpt lat="51.20713245631746" lon="4.365835855857064">
    <name>263.4</name>
  </wpt>
  <wpt lat="51.20758415095878" lon="4.367075952832856">
    <name>263.5</name>
  </wpt>
  <wpt lat="51.208074558227821" lon="4.368272453680599">
    <name>263.6</name>
  </wpt>
  <wpt lat="51.208521162624777" lon="4.3695183438456047">
    <name>263.7</name>
  </wpt>
  <wpt lat="51.208905775442879" lon="4.3708129857987634">
    <name>263.8</name>
  </wpt>
  <wpt lat="51.209424050174093" lon="4.3719838711217776">
    <name>263.9</name>
  </wpt>
  <wpt lat="51.2099505496666" lon="4.3731476799858324">
    <name>264.0</name>
  </wpt>
  <wpt lat="51.210477213919312" lon="4.3743113110332672">
    <name>264.1</name>
  </wpt>
  <wpt lat="51.211007519767008" lon="4.3754707346872506">
    <name>264.2</name>
  </wpt>
  <wpt lat="51.2115378256146" lon="4.3766301716935576">
    <name>264.3</name>
  </wpt>
  <wpt lat="51.212068131462068" lon="4.3777896220525969">
    <name>264.4</name>
  </wpt>
  <wpt lat="51.212606543053077" lon="4.3789394390698595">
    <name>264.5</name>
  </wpt>
  <wpt lat="51.2131511489105" lon="4.3800818999398521">
    <name>264.6</name>
  </wpt>
  <wpt lat="51.213756719559129" lon="4.3811431113363071">
    <name>264.7</name>
  </wpt>
  <wpt lat="51.214440329937041" lon="4.3820565499860136">
    <name>264.8</name>
  </wpt>
  <wpt lat="51.2151437676553" lon="4.382949307559092">
    <name>264.9</name>
  </wpt>
  <wpt lat="51.2158559945944" lon="4.3838225535682964">
    <name>265.0</name>
  </wpt>
  <wpt lat="51.216606429765868" lon="4.384613307041211">
    <name>265.1</name>
  </wpt>
  <wpt lat="51.217381588924241" lon="4.3853412585336589">
    <name>265.2</name>
  </wpt>
  <wpt lat="51.218173576888141" lon="4.3860197702032648">
    <name>265.3</name>
  </wpt>
  <wpt lat="51.218991312176904" lon="4.3866129221579326">
    <name>265.4</name>
  </wpt>
  <wpt lat="51.219820919010367" lon="4.3871666298002294">
    <name>265.5</name>
  </wpt>
  <wpt lat="51.22065330493735" lon="4.3877093414974855">
    <name>265.6</name>
  </wpt>
  <wpt lat="51.234934000071853" lon="4.4203986391330492">
    <name>269.45</name>
  </wpt>
  <wpt lat="51.235325878636147" lon="4.4206742855124377">
    <name>269.5</name>
  </wpt>
  <wpt lat="51.236222501242082" lon="4.4206116260706922">
    <name>269.6</name>
  </wpt>
  <wpt lat="51.237121682100053" lon="4.4205873202487131">
    <name>269.7</name>
  </wpt>
  <wpt lat="51.23802091583066" lon="4.420567240816494">
    <name>269.8</name>
  </wpt>
  <wpt lat="51.238920125434966" lon="4.4205733370397979">
    <name>269.9</name>
  </wpt>
  <wpt lat="51.239818855902492" lon="4.4205590000000274">
    <name>270.0</name>
  </wpt>
  <wpt lat="51.240718177508406" lon="4.4205590000000274">
    <name>270.1</name>
  </wpt>
  <wpt lat="51.241617160016965" lon="4.4205307063833219">
    <name>270.2</name>
  </wpt>
  <wpt lat="51.242516406463579" lon="4.4205121343854268">
    <name>270.3</name>
  </wpt>
  <wpt lat="51.243415658726995" lon="4.4204949999999776">
    <name>270.4</name>
  </wpt>
  <wpt lat="51.244314980332916" lon="4.4204949999999776">
    <name>270.5</name>
  </wpt>
  <wpt lat="51.244547002026422" lon="4.4217022098452547">
    <name>270.6</name>
  </wpt>
  <wpt lat="51.244547000386007" lon="4.4231388311232838">
    <name>270.7</name>
  </wpt>
  <wpt lat="51.244928420257608" lon="4.4239569485082724">
    <name>270.8</name>
  </wpt>
  <wpt lat="51.244925425588377" lon="4.4253913899404811">
    <name>270.9</name>
  </wpt>
  <wpt lat="51.24478342277876" lon="4.426806056236706">
    <name>271.0</name>
  </wpt>
  <wpt lat="51.244796256060283" lon="4.4280014883596559">
    <name>271.1</name>
  </wpt>
  <wpt lat="51.244193175799971" lon="4.4287315020729725">
    <name>271.2</name>
  </wpt>
  <wpt lat="51.2442332775007" lon="4.429569087384829">
    <name>271.3</name>
  </wpt>
  <wpt lat="51.245103345170776" lon="4.4299325237377314">
    <name>271.4</name>
  </wpt>
  <wpt lat="51.245866226938332" lon="4.4306761344402705">
    <name>271.5</name>
  </wpt>
  <wpt lat="51.246641921243224" lon="4.431399987791167">
    <name>271.6</name>
  </wpt>
  <wpt lat="51.247496612726479" lon="4.4318426651926917">
    <name>271.7</name>
  </wpt>
  <wpt lat="51.248339643436218" lon="4.4323426394477483">
    <name>271.8</name>
  </wpt>
  <wpt lat="51.249178512725834" lon="4.4328605002733541">
    <name>271.9</name>
  </wpt>
  <wpt lat="51.250017043894111" lon="4.4333797759220452">
    <name>272.0</name>
  </wpt>
  <wpt lat="51.250856163883562" lon="4.4338965747265515">
    <name>272.1</name>
  </wpt>
  <wpt lat="51.251696931226014" lon="4.434406557849492">
    <name>272.2</name>
  </wpt>
  <wpt lat="51.252538222283981" lon="4.4349143404084268">
    <name>272.3</name>
  </wpt>
  <wpt lat="51.25339092374643" lon="4.43536616908386">
    <name>272.4</name>
  </wpt>
  <wpt lat="51.254273644377633" lon="4.4356296929192283">
    <name>272.5</name>
  </wpt>
  <wpt lat="51.254898149154208" lon="4.4361367649271841">
    <name>272.6</name>
  </wpt>
  <wpt lat="51.254925621639039" lon="4.4375730376014584">
    <name>272.7</name>
  </wpt>
  <wpt lat="51.254919642688108" lon="4.4390070237750745">
    <name>272.8</name>
  </wpt>
  <wpt lat="51.254954000013583" lon="4.4404400055201583">
    <name>272.9</name>
  </wpt>
  <wpt lat="51.255083998599268" lon="4.4418534277694421">
    <name>273.0</name>
  </wpt>
  <wpt lat="51.255252680172156" lon="4.4432648630633178">
    <name>273.1</name>
  </wpt>
  <wpt lat="51.255090379167939" lon="4.4446564935389512">
    <name>273.2</name>
  </wpt>
  <wpt lat="51.254705715129042" lon="4.4459499041894732">
    <name>273.3</name>
  </wpt>
  <wpt lat="51.25460963496004" lon="4.4473691140846459">
    <name>273.4</name>
  </wpt>
  <wpt lat="51.2545446617686" lon="4.4488022937183462">
    <name>273.5</name>
  </wpt>
  <wpt lat="51.254482835428185" lon="4.4502358117422">
    <name>273.6</name>
  </wpt>
  <wpt lat="51.254415000556264" lon="4.4516666248431216">
    <name>273.7</name>
  </wpt>
  <wpt lat="51.254340455555493" lon="4.4530986083435886">
    <name>273.8</name>
  </wpt>
  <wpt lat="51.254281055164853" lon="4.4545323705192361">
    <name>273.9</name>
  </wpt>
  <wpt lat="51.254216772256633" lon="4.4559655545412875">
    <name>274.0</name>
  </wpt>
  <wpt lat="51.254146131516386" lon="4.45739799688618">
    <name>274.1</name>
  </wpt>
  <wpt lat="51.254096000012169" lon="4.458832206254228">
    <name>274.2</name>
  </wpt>
  <wpt lat="51.254656987990607" lon="4.4597020151051616">
    <name>274.3</name>
  </wpt>
  <wpt lat="51.255437170142116" lon="4.4604117977210258">
    <name>274.4</name>
  </wpt>
  <wpt lat="51.256226366907335" lon="4.4610999837362222">
    <name>274.5</name>
  </wpt>
  <wpt lat="51.257002886691268" lon="4.4618248536951892">
    <name>274.6</name>
  </wpt>
  <wpt lat="51.25773337856284" lon="4.4625520000000423">
    <name>274.7</name>
  </wpt>
  <wpt lat="51.2584954337114" lon="4.46328401652055">
    <name>274.8</name>
  </wpt>
  <wpt lat="51.25927562536409" lon="4.4639919132237162">
    <name>274.9</name>
  </wpt>
  <wpt lat="51.260063662675464" lon="4.4642568935202611">
    <name>275.0</name>
  </wpt>
  <wpt lat="51.260960715518813" lon="4.4641967642242166">
    <name>275.1</name>
  </wpt>
  <wpt lat="51.261854526847792" lon="4.4640379170556779">
    <name>275.2</name>
  </wpt>
  <wpt lat="51.26274833817677" lon="4.4638790667981842">
    <name>275.3</name>
  </wpt>
  <wpt lat="51.263641488630675" lon="4.4637117826870476">
    <name>275.4</name>
  </wpt>
  <wpt lat="51.264533720430528" lon="4.463532475400255">
    <name>275.5</name>
  </wpt>
  <wpt lat="51.265425365919754" lon="4.4634102524585124">
    <name>275.6</name>
  </wpt>
  <wpt lat="51.266319348279751" lon="4.463257148187239">
    <name>275.7</name>
  </wpt>
  <wpt lat="51.267207025650478" lon="4.4631421966734752">
    <name>275.8</name>
  </wpt>
  <wpt lat="51.267975686015376" lon="4.46382773820208">
    <name>275.9</name>
  </wpt>
  <wpt lat="51.26867907148273" lon="4.464684850754943">
    <name>276.0</name>
  </wpt>
  <wpt lat="51.269417340023111" lon="4.4655019764592669">
    <name>276.1</name>
  </wpt>
  <wpt lat="51.270141327871031" lon="4.4663546819512909">
    <name>276.2</name>
  </wpt>
  <wpt lat="51.270865315718865" lon="4.4672074008782836">
    <name>276.3</name>
  </wpt>
  <wpt lat="51.2715893035666" lon="4.4680601332409573">
    <name>276.4</name>
  </wpt>
  <wpt lat="51.27231329141425" lon="4.4689128790397179">
    <name>276.5</name>
  </wpt>
  <wpt lat="51.273037279261835" lon="4.4697656382751783">
    <name>276.6</name>
  </wpt>
  <wpt lat="51.273767114961387" lon="4.4706030729684834">
    <name>276.7</name>
  </wpt>
  <wpt lat="51.274494295643478" lon="4.4714467262518705">
    <name>276.8</name>
  </wpt>
  <wpt lat="51.275217265168607" lon="4.4723017179243607">
    <name>276.9</name>
  </wpt>
  <wpt lat="51.275943833084419" lon="4.473148905632673">
    <name>277.0</name>
  </wpt>
  <wpt lat="51.276668485896444" lon="4.4740002831685155">
    <name>277.1</name>
  </wpt>
  <wpt lat="51.277392564190244" lon="4.4748529269995077">
    <name>277.2</name>
  </wpt>
  <wpt lat="51.278116642483965" lon="4.4757055842697424">
    <name>277.3</name>
  </wpt>
  <wpt lat="51.2788407207776" lon="4.47655825497973">
    <name>277.4</name>
  </wpt>
  <wpt lat="51.279564799071167" lon="4.4774109391300794">
    <name>277.5</name>
  </wpt>
  <wpt lat="51.280286064726681" lon="4.4782693577679007">
    <name>277.6</name>
  </wpt>
  <wpt lat="51.2810116984117" lon="4.4791186827429055">
    <name>277.7</name>
  </wpt>
  <wpt lat="51.281738883082504" lon="4.4799646207832948">
    <name>277.8</name>
  </wpt>
  <wpt lat="51.282464480647064" lon="4.4808140431320247">
    <name>277.9</name>
  </wpt>
  <wpt lat="51.283189127448175" lon="4.4816655592880421">
    <name>278.0</name>
  </wpt>
  <wpt lat="51.283913774249207" lon="4.4825170888788239">
    <name>278.1</name>
  </wpt>
  <wpt lat="51.284637591580577" lon="4.4833552774367673">
    <name>278.2</name>
  </wpt>
  <wpt lat="51.285382793372889" lon="4.4839717489165887">
    <name>278.3</name>
  </wpt>
  <wpt lat="51.286096998023417" lon="4.4848455268366685">
    <name>278.4</name>
  </wpt>
  <wpt lat="51.28682138763152" lon="4.4856971789196187">
    <name>278.5</name>
  </wpt>
  <wpt lat="51.287544379198664" lon="4.48654765563281">
    <name>278.6</name>
  </wpt>
  <wpt lat="51.288163255187079" lon="4.4875742941584607">
    <name>278.7</name>
  </wpt>
  <wpt lat="51.288688697659559" lon="4.4887412241829585">
    <name>278.8</name>
  </wpt>
  <wpt lat="51.289232432731559" lon="4.4898863332330574">
    <name>278.9</name>
  </wpt>
  <wpt lat="51.289806395262964" lon="4.4909918939157585">
    <name>279.0</name>
  </wpt>
  <wpt lat="51.290359496205447" lon="4.4921217385374081">
    <name>279.1</name>
  </wpt>
  <wpt lat="51.291070380622841" lon="4.4930010713242279">
    <name>279.2</name>
  </wpt>
  <wpt lat="51.291797777483815" lon="4.4938421005531106">
    <name>279.3</name>
  </wpt>
  <wpt lat="51.292597336791459" lon="4.4945003472753084">
    <name>279.4</name>
  </wpt>
  <wpt lat="51.293393451941718" lon="4.4951676771101425">
    <name>279.5</name>
  </wpt>
  <wpt lat="51.294190913158261" lon="4.4958324585739335">
    <name>279.6</name>
  </wpt>
  <wpt lat="51.294991914010666" lon="4.4964857802879168">
    <name>279.7</name>
  </wpt>
  <wpt lat="51.2957888364903" lon="4.4971522801903392">
    <name>279.8</name>
  </wpt>
  <wpt lat="51.2964689489813" lon="4.4978763568685896">
    <name>279.9</name>
  </wpt>
  <wpt lat="51.297266083309829" lon="4.49850687568026">
    <name>280.0</name>
  </wpt>
  <wpt lat="51.298063991603563" lon="4.4991702494340089">
    <name>280.1</name>
  </wpt>
  <wpt lat="51.298859525259267" lon="4.4998408644063712">
    <name>280.2</name>
  </wpt>
  <wpt lat="51.299654102046041" lon="4.5005145454432167">
    <name>280.3</name>
  </wpt>
  <wpt lat="51.300448678832758" lon="4.5011882381416557">
    <name>280.4</name>
  </wpt>
  <wpt lat="51.301245338220795" lon="4.5018555915177849">
    <name>280.5</name>
  </wpt>
  <wpt lat="51.302043576396983" lon="4.5025181427756156">
    <name>280.6</name>
  </wpt>
  <wpt lat="51.302841814573121" lon="4.5031807055562147">
    <name>280.7</name>
  </wpt>
  <wpt lat="51.303640052749209" lon="4.5038432798600905">
    <name>280.8</name>
  </wpt>
  <wpt lat="51.3044372188932" lon="4.5045069794849226">
    <name>280.9</name>
  </wpt>
  <wpt lat="51.305234170332191" lon="4.5051735236162918">
    <name>281.0</name>
  </wpt>
  <wpt lat="51.306031999210177" lon="4.5058373874357081">
    <name>281.1</name>
  </wpt>
  <wpt lat="51.306829015145283" lon="4.5065037519315867">
    <name>281.2</name>
  </wpt>
  <wpt lat="51.307593336913456" lon="4.5072518263120953">
    <name>281.3</name>
  </wpt>
  <wpt lat="51.308281900628465" lon="4.5080621034565693">
    <name>281.4</name>
  </wpt>
  <wpt lat="51.309024817874295" lon="4.50887263570107">
    <name>281.5</name>
  </wpt>
  <wpt lat="51.309770486722421" lon="4.509676860909809">
    <name>281.6</name>
  </wpt>
  <wpt lat="51.310510936730182" lon="4.5104933721649623">
    <name>281.7</name>
  </wpt>
  <wpt lat="51.311251386737872" lon="4.5113098965963649">
    <name>281.8</name>
  </wpt>
  <wpt lat="51.311992702526815" lon="4.5121244187394387">
    <name>281.9</name>
  </wpt>
  <wpt lat="51.312734582966272" lon="4.51293763972197">
    <name>282.0</name>
  </wpt>
  <wpt lat="51.31345640396335" lon="4.5137668832588185">
    <name>282.1</name>
  </wpt>
  <wpt lat="51.314193756163441" lon="4.5145906036089816">
    <name>282.2</name>
  </wpt>
  <wpt lat="51.314933369846614" lon="4.5154091268150385">
    <name>282.3</name>
  </wpt>
  <wpt lat="51.315673390539907" lon="4.5162267254980719">
    <name>282.4</name>
  </wpt>
  <wpt lat="51.316418697669341" lon="4.5170303556161757">
    <name>282.5</name>
  </wpt>
  <wpt lat="51.317229095399277" lon="4.5175919350103966">
    <name>282.6</name>
  </wpt>
  <wpt lat="51.318083779780459" lon="4.5177764947466121">
    <name>282.7</name>
  </wpt>
  <wpt lat="51.318946180962527" lon="4.51818455822884">
    <name>282.8</name>
  </wpt>
  <wpt lat="51.31980875411368" lon="4.5185914492258945">
    <name>282.9</name>
  </wpt>
  <wpt lat="51.320674594372115" lon="4.5189799937310617">
    <name>283.0</name>
  </wpt>
  <wpt lat="51.321538344911481" lon="4.5193801738876065">
    <name>283.1</name>
  </wpt>
  <wpt lat="51.322400574879765" lon="4.5197864279428108">
    <name>283.2</name>
  </wpt>
  <wpt lat="51.323264154431961" lon="4.5201878944635512">
    <name>283.3</name>
  </wpt>
  <wpt lat="51.324126528939743" lon="4.5205912644557884">
    <name>283.4</name>
  </wpt>
  <wpt lat="51.32499052265841" lon="4.5209901996461346">
    <name>283.5</name>
  </wpt>
  <wpt lat="51.325853761241007" lon="4.5213937585270871">
    <name>283.6</name>
  </wpt>
  <wpt lat="51.326716696449317" lon="4.5217989796441831">
    <name>283.7</name>
  </wpt>
  <wpt lat="51.327580267242332" lon="4.5222001920825727">
    <name>283.8</name>
  </wpt>
  <wpt lat="51.328407084865155" lon="4.5226976110899724">
    <name>283.9</name>
  </wpt>
  <wpt lat="51.329229218699346" lon="4.5230680855614427">
    <name>284.0</name>
  </wpt>
  <wpt lat="51.330074741058134" lon="4.5235352370850412">
    <name>284.1</name>
  </wpt>
  <wpt lat="51.33093685949742" lon="4.5239449023776572">
    <name>284.2</name>
  </wpt>
  <wpt lat="51.331799061283526" lon="4.52435415310324">
    <name>284.3</name>
  </wpt>
  <wpt lat="51.332661751693564" lon="4.5247607710067754">
    <name>284.4</name>
  </wpt>
  <wpt lat="51.333524551873175" lon="4.52516679766494">
    <name>284.5</name>
  </wpt>
  <wpt lat="51.334387774248817" lon="4.525570528257882">
    <name>284.6</name>
  </wpt>
  <wpt lat="51.335250811487221" lon="4.5259752752652131">
    <name>284.7</name>
  </wpt>
  <wpt lat="51.336112691267992" lon="4.5263862970421114">
    <name>284.8</name>
  </wpt>
  <wpt lat="51.336955054587882" lon="4.5268864027906615">
    <name>284.9</name>
  </wpt>
  <wpt lat="51.337699162328363" lon="4.5276824052325058">
    <name>285.0</name>
  </wpt>
  <wpt lat="51.338439095604379" lon="4.5284793900253542">
    <name>285.1</name>
  </wpt>
  <wpt lat="51.33910822420907" lon="4.52940548773306">
    <name>285.2</name>
  </wpt>
  <wpt lat="51.33982439016571" lon="4.5302762247997173">
    <name>285.3</name>
  </wpt>
  <wpt lat="51.340540542091077" lon="4.5311470050421248">
    <name>285.4</name>
  </wpt>
  <wpt lat="51.341256697468218" lon="4.5320177916151083">
    <name>285.5</name>
  </wpt>
  <wpt lat="51.341964550618734" lon="4.5329057915692577">
    <name>285.6</name>
  </wpt>
  <wpt lat="51.342696338768093" lon="4.5337192795112635">
    <name>285.7</name>
  </wpt>
  <wpt lat="51.343376835328954" lon="4.5346404050638407">
    <name>285.8</name>
  </wpt>
  <wpt lat="51.344093481081309" lon="4.53551016226623">
    <name>285.9</name>
  </wpt>
  <wpt lat="51.34480622629269" lon="4.5363881574881324">
    <name>286.0</name>
  </wpt>
  <wpt lat="51.345525389078851" lon="4.5372526410446605">
    <name>286.1</name>
  </wpt>
  <wpt lat="51.346237666937064" lon="4.5381313983124008">
    <name>286.2</name>
  </wpt>
  <wpt lat="51.346942578829" lon="4.5390254956485929">
    <name>286.3</name>
  </wpt>
  <wpt lat="51.347676033331418" lon="4.5398443750488875">
    <name>286.4</name>
  </wpt>
  <wpt lat="51.348391854483289" lon="4.5407160006181009">
    <name>286.5</name>
  </wpt>
  <wpt lat="51.349106771775276" lon="4.5415895399684887">
    <name>286.6</name>
  </wpt>
  <wpt lat="51.349822644382314" lon="4.5424610751117331">
    <name>286.7</name>
  </wpt>
  <wpt lat="51.3505423818492" lon="4.543324339905559">
    <name>286.8</name>
  </wpt>
  <wpt lat="51.351250045263093" lon="4.5442127184819956">
    <name>286.9</name>
  </wpt>
  <wpt lat="51.351970491407492" lon="4.5450745130643693">
    <name>287.0</name>
  </wpt>
  <wpt lat="51.352686776763392" lon="4.5459451906443746">
    <name>287.1</name>
  </wpt>
  <wpt lat="51.353405263741557" lon="4.5467825859980353">
    <name>287.2</name>
  </wpt>
  <wpt lat="51.354122675409641" lon="4.5476287878462509">
    <name>287.3</name>
  </wpt>
  <wpt lat="51.35484067903311" lon="4.548495878790261">
    <name>287.4</name>
  </wpt>
  <wpt lat="51.355558582477222" lon="4.5493630133540774">
    <name>287.5</name>
  </wpt>
  <wpt lat="51.35627209208117" lon="4.5502388354816876">
    <name>287.6</name>
  </wpt>
  <wpt lat="51.35698770141569" lon="4.551110754727544">
    <name>287.7</name>
  </wpt>
  <wpt lat="51.357699855804846" lon="4.55199015771974">
    <name>287.8</name>
  </wpt>
  <wpt lat="51.358412052422416" lon="4.5528695454590142">
    <name>287.9</name>
  </wpt>
  <wpt lat="51.359126825982962" lon="4.5537433062645549">
    <name>288.0</name>
  </wpt>
  <wpt lat="51.359843769401223" lon="4.5546125956874492">
    <name>288.1</name>
  </wpt>
  <wpt lat="51.360544949313422" lon="4.5555118932477461">
    <name>288.2</name>
  </wpt>
  <wpt lat="51.361261482736005" lon="4.5563822237161613">
    <name>288.3</name>
  </wpt>
  <wpt lat="51.361975382413547" lon="4.55725813988916">
    <name>288.4</name>
  </wpt>
  <wpt lat="51.36269108335047" lon="4.5581302867186144">
    <name>288.5</name>
  </wpt>
  <wpt lat="51.36340659399508" lon="4.559002842822049">
    <name>288.6</name>
  </wpt>
  <wpt lat="51.364123958351485" lon="4.55987140794145">
    <name>288.7</name>
  </wpt>
  <wpt lat="51.364836756721836" lon="4.5607496763216009">
    <name>288.8</name>
  </wpt>
  <wpt lat="51.365552807250388" lon="4.5616210951044822">
    <name>288.9</name>
  </wpt>
  <wpt lat="51.366267152012512" lon="4.5624961367228529">
    <name>289.0</name>
  </wpt>
  <wpt lat="51.366982673875683" lon="4.56336872305143">
    <name>289.1</name>
  </wpt>
  <wpt lat="51.367693746685354" lon="4.5642505192240579">
    <name>289.2</name>
  </wpt>
  <wpt lat="51.368408443588869" lon="4.5651248891085681">
    <name>289.3</name>
  </wpt>
  <wpt lat="51.369123140492306" lon="4.5659992726404575">
    <name>289.4</name>
  </wpt>
  <wpt lat="51.369837837395664" lon="4.5668736698204366">
    <name>289.5</name>
  </wpt>
  <wpt lat="51.370552907716252" lon="4.5677472966066652">
    <name>289.6</name>
  </wpt>
  <wpt lat="51.371268175174926" lon="4.5686205232132648">
    <name>289.7</name>
  </wpt>
  <wpt lat="51.3719834426335" lon="4.5694937634617458">
    <name>289.8</name>
  </wpt>
  <wpt lat="51.372695003903878" lon="4.5703747147733038">
    <name>289.9</name>
  </wpt>
  <wpt lat="51.373403900254281" lon="4.5712612136067081">
    <name>290.0</name>
  </wpt>
  <wpt lat="51.374108033166856" lon="4.5721567668697443">
    <name>290.1</name>
  </wpt>
  <wpt lat="51.374826273053358" lon="4.5730237661523061">
    <name>290.2</name>
  </wpt>
  <wpt lat="51.375539208206185" lon="4.5739019422039577">
    <name>290.3</name>
  </wpt>
  <wpt lat="51.376249989705812" lon="4.5747846101702878">
    <name>290.4</name>
  </wpt>
  <wpt lat="51.376963680043104" lon="4.5756612491269335">
    <name>290.5</name>
  </wpt>
  <wpt lat="51.377675958156" lon="4.5765408422090257">
    <name>290.6</name>
  </wpt>
  <wpt lat="51.378400424253662" lon="4.577394521795334">
    <name>290.7</name>
  </wpt>
  <wpt lat="51.379113779052986" lon="4.5782719042035325">
    <name>290.8</name>
  </wpt>
  <wpt lat="51.379827133852217" lon="4.5791493002857742">
    <name>290.9</name>
  </wpt>
  <wpt lat="51.380540488651363" lon="4.58002671004257">
    <name>291.0</name>
  </wpt>
  <wpt lat="51.38125384345043" lon="4.5809041334744274">
    <name>291.1</name>
  </wpt>
  <wpt lat="51.381967198249406" lon="4.5817815705819571">
    <name>291.2</name>
  </wpt>
  <wpt lat="51.38268052021472" lon="4.5826590898270831">
    <name>291.3</name>
  </wpt>
  <wpt lat="51.383392520045611" lon="4.5835393372655036">
    <name>291.4</name>
  </wpt>
  <wpt lat="51.38410259273742" lon="4.584423580908342">
    <name>291.5</name>
  </wpt>
  <wpt lat="51.384815861429693" lon="4.58530124802687">
    <name>291.6</name>
  </wpt>
  <wpt lat="51.385530068464341" lon="4.5861769686777878">
    <name>291.7</name>
  </wpt>
  <wpt lat="51.386244948584036" lon="4.587051280199069">
    <name>291.8</name>
  </wpt>
  <wpt lat="51.386956240708251" lon="4.5879330506711868">
    <name>291.9</name>
  </wpt>
  <wpt lat="51.387680386181941" lon="4.5887873626833651">
    <name>292.0</name>
  </wpt>
  <wpt lat="51.38838522489705" lon="4.5896811169653366">
    <name>292.1</name>
  </wpt>
  <wpt lat="51.389094061562155" lon="4.5905677378474632">
    <name>292.2</name>
  </wpt>
  <wpt lat="51.389814682243689" lon="4.5914285621594439">
    <name>292.3</name>
  </wpt>
  <wpt lat="51.390524169180161" lon="4.59231327492443">
    <name>292.4</name>
  </wpt>
  <wpt lat="51.391235731014476" lon="4.59319429520629">
    <name>292.5</name>
  </wpt>
  <wpt lat="51.391956517557553" lon="4.594055616995699">
    <name>292.6</name>
  </wpt>
  <wpt lat="51.392672624273708" lon="4.5949274213451625">
    <name>292.7</name>
  </wpt>
  <wpt lat="51.393378873156564" lon="4.5958187847247931">
    <name>292.8</name>
  </wpt>
  <wpt lat="51.394096110170452" lon="4.5966869021064687">
    <name>292.9</name>
  </wpt>
  <wpt lat="51.394810052215682" lon="4.597562473247196">
    <name>293.0</name>
  </wpt>
  <wpt lat="51.395521022615561" lon="4.5984450320327683">
    <name>293.1</name>
  </wpt>
  <wpt lat="51.396237413824863" lon="4.5993163602844422">
    <name>293.2</name>
  </wpt>
  <wpt lat="51.396951129497751" lon="4.600193277011396">
    <name>293.3</name>
  </wpt>
  <wpt lat="51.39766756715575" lon="4.6010644729806964">
    <name>293.4</name>
  </wpt>
  <wpt lat="51.398377016111596" lon="4.6019502153033436">
    <name>293.5</name>
  </wpt>
  <wpt lat="51.399086839425109" lon="4.6028352918243476">
    <name>293.6</name>
  </wpt>
  <wpt lat="51.399799060312866" lon="4.6037153318149819">
    <name>293.7</name>
  </wpt>
  <wpt lat="51.400515384833248" lon="4.6045868890622161">
    <name>293.8</name>
  </wpt>
  <wpt lat="51.4012310144882" lon="4.6054599119865">
    <name>293.9</name>
  </wpt>
  <wpt lat="51.401941699872687" lon="4.6063432780390894">
    <name>294.0</name>
  </wpt>
  <wpt lat="51.402652385257085" lon="4.6072266578186456">
    <name>294.1</name>
  </wpt>
  <wpt lat="51.4033630706414" lon="4.6081100513256805">
    <name>294.2</name>
  </wpt>
  <wpt lat="51.404148849944541" lon="4.6088017928331855">
    <name>294.3</name>
  </wpt>
  <wpt lat="51.404973709966121" lon="4.6093761739762842">
    <name>294.4</name>
  </wpt>
  <wpt lat="51.405801735776258" lon="4.609938258983334">
    <name>294.5</name>
  </wpt>
  <wpt lat="51.406632274311988" lon="4.6104912092120021">
    <name>294.6</name>
  </wpt>
  <wpt lat="51.407462672414745" lon="4.6110447342910712">
    <name>294.7</name>
  </wpt>
  <wpt lat="51.408273478636353" lon="4.6116195645934246">
    <name>294.8</name>
  </wpt>
  <wpt lat="51.408511425794735" lon="4.612957305510883">
    <name>294.9</name>
  </wpt>
  <wpt lat="51.408789048645481" lon="4.61432855537124">
    <name>295.0</name>
  </wpt>
  <wpt lat="51.409259996660218" lon="4.6154208579213183">
    <name>295.1</name>
  </wpt>
  <wpt lat="51.4098911114833" lon="4.6164443240308426">
    <name>295.2</name>
  </wpt>
  <wpt lat="51.410497321280445" lon="4.6175093333772077">
    <name>295.3</name>
  </wpt>
  <wpt lat="51.4111008226397" lon="4.6185783030610033">
    <name>295.4</name>
  </wpt>
  <wpt lat="51.411711401104448" lon="4.6196369157687167">
    <name>295.5</name>
  </wpt>
  <wpt lat="51.412321539216514" lon="4.6206961959672777">
    <name>295.6</name>
  </wpt>
  <wpt lat="51.41294706015745" lon="4.62173204582385">
    <name>295.7</name>
  </wpt>
  <wpt lat="51.413579686277259" lon="4.6227568820585221">
    <name>295.8</name>
  </wpt>
  <wpt lat="51.414211288221608" lon="4.6237833535799124">
    <name>295.9</name>
  </wpt>
  <wpt lat="51.414841911915943" lon="4.6248113871168961">
    <name>296.0</name>
  </wpt>
  <wpt lat="51.415471503954059" lon="4.6258410503197185">
    <name>296.1</name>
  </wpt>
  <wpt lat="51.416101096994979" lon="4.6268707329449921">
    <name>296.2</name>
  </wpt>
  <wpt lat="51.416740914535687" lon="4.6278839263198774">
    <name>296.3</name>
  </wpt>
  <wpt lat="51.417375497917618" lon="4.6289056801427266">
    <name>296.4</name>
  </wpt>
  <wpt lat="51.418004025413524" lon="4.6299368988279266">
    <name>296.5</name>
  </wpt>
  <wpt lat="51.41860793619049" lon="4.6310054599256585">
    <name>296.6</name>
  </wpt>
  <wpt lat="51.419085551517796" lon="4.6322134340185324">
    <name>296.7</name>
  </wpt>
  <wpt lat="51.419482433811808" lon="4.63350707538415">
    <name>296.8</name>
  </wpt>
  <wpt lat="51.419881690354138" lon="4.634797533631">
    <name>296.9</name>
  </wpt>
  <wpt lat="51.4202802626556" lon="4.6360895657524841">
    <name>297.0</name>
  </wpt>
  <wpt lat="51.420738611175487" lon="4.6373199896880868">
    <name>297.1</name>
  </wpt>
  <wpt lat="51.421350503568419" lon="4.6383768153821707">
    <name>297.2</name>
  </wpt>
  <wpt lat="51.421985179909015" lon="4.6393917368698663">
    <name>297.3</name>
  </wpt>
  <wpt lat="51.422827876850789" lon="4.63981298601794">
    <name>297.4</name>
  </wpt>
  <wpt lat="51.423712289691771" lon="4.6400679521246424">
    <name>297.5</name>
  </wpt>
  <wpt lat="51.424514479365527" lon="4.6407173155283035">
    <name>297.6</name>
  </wpt>
  <wpt lat="51.425325387174894" lon="4.64132187947072">
    <name>297.7</name>
  </wpt>
  <wpt lat="51.426211979013551" lon="4.6415636187246641">
    <name>297.8</name>
  </wpt>
  <wpt lat="51.427100454112107" lon="4.6417830831244">
    <name>297.9</name>
  </wpt>
  <wpt lat="51.427996675248714" lon="4.6419027496040739">
    <name>298.0</name>
  </wpt>
  <wpt lat="51.428892896385349" lon="4.6420224184309467">
    <name>298.1</name>
  </wpt>
  <wpt lat="51.429789028561011" lon="4.6421437771562388">
    <name>298.2</name>
  </wpt>
  <wpt lat="51.430685253933028" lon="4.6422633641139033">
    <name>298.3</name>
  </wpt>
  <wpt lat="51.431581495492978" lon="4.6423826458471185">
    <name>298.4</name>
  </wpt>
  <wpt lat="51.4324778345061" lon="4.6425000261621019">
    <name>298.5</name>
  </wpt>
  <wpt lat="51.433374149012515" lon="4.6425881391525454">
    <name>298.6</name>
  </wpt>
  <wpt lat="51.43425704550922" lon="4.6423157674537334">
    <name>298.7</name>
  </wpt>
  <wpt lat="51.435146070797231" lon="4.6421352437601895">
    <name>298.8</name>
  </wpt>
  <wpt lat="51.436043164056059" lon="4.6422295408134273">
    <name>298.9</name>
  </wpt>
  <wpt lat="51.436930139158456" lon="4.6424658735035358">
    <name>299.0</name>
  </wpt>
  <wpt lat="51.437810100887546" lon="4.6427636073030243">
    <name>299.1</name>
  </wpt>
  <wpt lat="51.438690626535568" lon="4.6430569614868595">
    <name>299.2</name>
  </wpt>
  <wpt lat="51.439571759094989" lon="4.6433455851955854">
    <name>299.3</name>
  </wpt>
  <wpt lat="51.440452233398631" lon="4.6436394103151448">
    <name>299.4</name>
  </wpt>
  <wpt lat="51.441332750242609" lon="4.643932912942744">
    <name>299.5</name>
  </wpt>
  <wpt lat="51.442215064323413" lon="4.6442075008906318">
    <name>299.6</name>
  </wpt>
  <wpt lat="51.4431076892838" lon="4.6441150232894239">
    <name>299.7</name>
  </wpt>
  <wpt lat="51.4439943397733" lon="4.6438737720755654">
    <name>299.8</name>
  </wpt>
  <wpt lat="51.44488059545224" lon="4.6436287072774105">
    <name>299.9</name>
  </wpt>
  <wpt lat="51.445734381156463" lon="4.6431873054497066">
    <name>300.0</name>
  </wpt>
  <wpt lat="51.446575407204115" lon="4.6426762434788529">
    <name>300.1</name>
  </wpt>
  <wpt lat="51.4474014452372" lon="4.6421075613694551">
    <name>300.2</name>
  </wpt>
  <wpt lat="51.44824094979073" lon="4.641601189509367">
    <name>300.3</name>
  </wpt>
  <wpt lat="51.449099372416526" lon="4.641176661022552">
    <name>300.4</name>
  </wpt>
  <wpt lat="51.449732898908422" lon="4.6401900572320764">
    <name>300.5</name>
  </wpt>
  <wpt lat="51.450361182428047" lon="4.6396593406796613">
    <name>300.6</name>
  </wpt>
  <wpt lat="51.451191161513393" lon="4.6402150105539217">
    <name>300.7</name>
  </wpt>
  <wpt lat="51.452021037457961" lon="4.64077108682918">
    <name>300.8</name>
  </wpt>
  <wpt lat="51.4528209349969" lon="4.6413261049872272">
    <name>300.9</name>
  </wpt>
  <wpt lat="51.4536180862909" lon="4.6419611436377268">
    <name>301.0</name>
  </wpt>
  <wpt lat="51.454358843905176" lon="4.6427365887939978">
    <name>301.1</name>
  </wpt>
  <wpt lat="51.4549106697889" lon="4.6438739367212278">
    <name>301.2</name>
  </wpt>
  <wpt lat="51.455448453579024" lon="4.6450051635863954">
    <name>301.3</name>
  </wpt>
  <wpt lat="51.456089704624979" lon="4.6459674603947283">
    <name>301.4</name>
  </wpt>
  <wpt lat="51.456904665345405" lon="4.6463066652585212">
    <name>301.5</name>
  </wpt>
  <wpt lat="51.457673565887156" lon="4.6470551189590044">
    <name>301.6</name>
  </wpt>
  <wpt lat="51.458437905794547" lon="4.6477967359214274">
    <name>301.7</name>
  </wpt>
  <wpt lat="51.459211200099325" lon="4.6485334949533819">
    <name>301.8</name>
  </wpt>
  <wpt lat="51.459982985028674" lon="4.6492744382135625">
    <name>301.9</name>
  </wpt>
  <wpt lat="51.460754480613964" lon="4.6500161702787839">
    <name>302.0</name>
  </wpt>
  <wpt lat="51.461518586334464" lon="4.65077555532546">
    <name>302.1</name>
  </wpt>
  <wpt lat="51.462300768612039" lon="4.6514877417100005">
    <name>302.2</name>
  </wpt>
  <wpt lat="51.463071512036713" lon="4.6522315233086795">
    <name>302.3</name>
  </wpt>
  <wpt lat="51.463735974555021" lon="4.6530949745533388">
    <name>302.4</name>
  </wpt>
  <wpt lat="51.464538897446467" lon="4.6536140981556384">
    <name>302.5</name>
  </wpt>
  <wpt lat="51.465311085375518" lon="4.6543540460504937">
    <name>302.6</name>
  </wpt>
  <wpt lat="51.466081980056373" lon="4.65509697993914">
    <name>302.7</name>
  </wpt>
  <wpt lat="51.4668554318912" lon="4.6558324613266047">
    <name>302.8</name>
  </wpt>
  <wpt lat="51.467616513527055" lon="4.6565924146193227">
    <name>302.9</name>
  </wpt>
  <wpt lat="51.471016633608443" lon="4.6677895230762108">
    <name>304.37</name>
  </wpt>
  <wpt lat="51.471233115900553" lon="4.668270214682753">
    <name>304.4</name>
  </wpt>
  <wpt lat="51.4719609585311" lon="4.6689720765498661">
    <name>304.5</name>
  </wpt>
  <wpt lat="51.472765288963977" lon="4.6692189178237848">
    <name>304.6</name>
  </wpt>
  <wpt lat="51.4726774589641" lon="4.6706533060664324">
    <name>304.7</name>
  </wpt>
  <wpt lat="51.4735650031817" lon="4.6751146472130385">
    <name>305.09</name>
  </wpt>
  <wpt lat="51.4737933515416" lon="4.675122899619244">
    <name>305.1</name>
  </wpt>
  <wpt lat="51.4745055665982" lon="4.6743712374540758">
    <name>305.2</name>
  </wpt>
  <wpt lat="51.474923335610619" lon="4.6730926239639414">
    <name>305.3</name>
  </wpt>
  <wpt lat="51.476222123079921" lon="4.6695632722680926">
    <name>305.61</name>
  </wpt>
  <wpt lat="51.476236899070038" lon="4.669570832078441">
    <name>305.6</name>
  </wpt>
  <wpt lat="51.477047130130224" lon="4.6699635135304716">
    <name>305.7</name>
  </wpt>
  <wpt lat="51.477859672989076" lon="4.6705823448037558">
    <name>305.8</name>
  </wpt>
  <wpt lat="51.478655210338587" lon="4.6712550031245419">
    <name>305.9</name>
  </wpt>
  <wpt lat="51.479452897031706" lon="4.67192126085088">
    <name>306.0</name>
  </wpt>
  <wpt lat="51.480257866202436" lon="4.6725651438284528">
    <name>306.1</name>
  </wpt>
  <wpt lat="51.481062754916934" lon="4.6732092927454856">
    <name>306.2</name>
  </wpt>
  <wpt lat="51.48186105010204" lon="4.67387427667952">
    <name>306.3</name>
  </wpt>
  <wpt lat="51.482663120879181" lon="4.6745274000622556">
    <name>306.4</name>
  </wpt>
  <wpt lat="51.483466655234317" lon="4.6751759328165816">
    <name>306.5</name>
  </wpt>
  <wpt lat="51.484270189589409" lon="4.6758244769986153">
    <name>306.6</name>
  </wpt>
  <wpt lat="51.485073723944431" lon="4.6764730326089667">
    <name>306.7</name>
  </wpt>
  <wpt lat="51.485874475607019" lon="4.6771304031889063">
    <name>306.8</name>
  </wpt>
  <wpt lat="51.486683156174792" lon="4.6777622224177353">
    <name>306.9</name>
  </wpt>
  <wpt lat="51.487487645909752" lon="4.6784077467216214">
    <name>307.0</name>
  </wpt>
  <wpt lat="51.488327660290786" lon="4.6788844989457532">
    <name>307.1</name>
  </wpt>
  <wpt lat="51.48921942080537" lon="4.6790697092072806">
    <name>307.2</name>
  </wpt>
  <wpt lat="51.490110795365773" lon="4.6792581981653312">
    <name>307.3</name>
  </wpt>
  <wpt lat="51.490983074574679" lon="4.6795842157919312">
    <name>307.4</name>
  </wpt>
  <wpt lat="51.491809506939333" lon="4.6801514075752335">
    <name>307.5</name>
  </wpt>
  <wpt lat="51.492613115310782" lon="4.6807998337917667">
    <name>307.6</name>
  </wpt>
  <wpt lat="51.493416942017163" lon="4.6814475653337331">
    <name>307.7</name>
  </wpt>
  <wpt lat="51.494223254840172" lon="4.6820872950246359">
    <name>307.8</name>
  </wpt>
  <wpt lat="51.495027362845953" lon="4.6827341190064686">
    <name>307.9</name>
  </wpt>
  <wpt lat="51.495829792475071" lon="4.6833863460767331">
    <name>308.0</name>
  </wpt>
  <wpt lat="51.496634955566" lon="4.6840291494390911">
    <name>308.1</name>
  </wpt>
  <wpt lat="51.497439121004604" lon="4.6846757278716193">
    <name>308.2</name>
  </wpt>
  <wpt lat="51.498242115784869" lon="4.6853259934899443">
    <name>308.3</name>
  </wpt>
  <wpt lat="51.499044679470643" lon="4.6859777387736532">
    <name>308.4</name>
  </wpt>
  <wpt lat="51.499854067730013" lon="4.6866073657555516">
    <name>308.5</name>
  </wpt>
  <wpt lat="51.50065924155723" lon="4.6872508761348586">
    <name>308.6</name>
  </wpt>
  <wpt lat="51.5014660147685" lon="4.6878890579770207">
    <name>308.7</name>
  </wpt>
  <wpt lat="51.502270064323568" lon="4.6885362089918319">
    <name>308.8</name>
  </wpt>
  <wpt lat="51.50307411387859" lon="4.6891833714250888">
    <name>308.9</name>
  </wpt>
  <wpt lat="51.503878163433569" lon="4.6898305452773">
    <name>309.0</name>
  </wpt>
  <wpt lat="51.504683972162979" lon="4.6904720477849562">
    <name>309.1</name>
  </wpt>
  <wpt lat="51.505488494081277" lon="4.6911177276035128">
    <name>309.2</name>
  </wpt>
  <wpt lat="51.506294524483536" lon="4.6917584889764852">
    <name>309.3</name>
  </wpt>
  <wpt lat="51.5070998569647" lon="4.6924014479791074">
    <name>309.4</name>
  </wpt>
  <wpt lat="51.507902200500936" lon="4.69305411995676">
    <name>309.5</name>
  </wpt>
  <wpt lat="51.508708243999251" lon="4.693694922936273">
    <name>309.6</name>
  </wpt>
  <wpt lat="51.509512249267708" lon="4.6943422917046815">
    <name>309.7</name>
  </wpt>
  <wpt lat="51.510316526585221" lon="4.6949885624376275">
    <name>309.8</name>
  </wpt>
  <wpt lat="51.511118316418425" lon="4.6956430358713757">
    <name>309.9</name>
  </wpt>
  <wpt lat="51.511920594082937" lon="4.6962959739965209">
    <name>310.0</name>
  </wpt>
  <wpt lat="51.512724900137044" lon="4.6969423589339749">
    <name>310.1</name>
  </wpt>
  <wpt lat="51.51352995263484" lon="4.6975864428674408">
    <name>310.2</name>
  </wpt>
  <wpt lat="51.51433400341341" lon="4.6982336782935628">
    <name>310.3</name>
  </wpt>
  <wpt lat="51.514956407560128" lon="4.6992510002555923">
    <name>310.4</name>
  </wpt>
  <wpt lat="51.515440052938686" lon="4.7004650729002408">
    <name>310.5</name>
  </wpt>
  <wpt lat="51.515873750750345" lon="4.7017271713189723">
    <name>310.6</name>
  </wpt>
  <wpt lat="51.516619849913809" lon="4.7024893817600519">
    <name>310.7</name>
  </wpt>
  <wpt lat="51.517406086775075" lon="4.703040384278304">
    <name>310.8</name>
  </wpt>
  <wpt lat="51.518640096899468" lon="4.7058075385572664">
    <name>311.13</name>
  </wpt>
  <wpt lat="51.518101499690722" lon="4.7065768840055666">
    <name>311.2</name>
  </wpt>
  <wpt lat="51.5174975126003" lon="4.7074275607945779">
    <name>311.3</name>
  </wpt>
  <wpt lat="51.516982451990913" lon="4.708594322044596">
    <name>311.4</name>
  </wpt>
  <wpt lat="51.516293409165506" lon="4.7095229944542671">
    <name>311.5</name>
  </wpt>
  <wpt lat="51.515608866494304" lon="4.7104601139534719">
    <name>311.6</name>
  </wpt>
  <wpt lat="51.51500067937463" lon="4.7115124240646651">
    <name>311.7</name>
  </wpt>
  <wpt lat="51.514411667669926" lon="4.7125944709707257">
    <name>311.8</name>
  </wpt>
  <wpt lat="51.513736032395464" lon="4.7135482277364131">
    <name>311.9</name>
  </wpt>
  <wpt lat="51.513061082242459" lon="4.7145023784105922">
    <name>312.0</name>
  </wpt>
  <wpt lat="51.512313917970687" lon="4.7153053639701046">
    <name>312.1</name>
  </wpt>
  <wpt lat="51.5115505467059" lon="4.7160693058693282">
    <name>312.2</name>
  </wpt>
  <wpt lat="51.510732379495749" lon="4.7165884189614466">
    <name>312.3</name>
  </wpt>
  <wpt lat="51.510163643473895" lon="4.7176542275033437">
    <name>312.4</name>
  </wpt>
  <wpt lat="51.509487851971883" lon="4.7186067131976541">
    <name>312.5</name>
  </wpt>
  <wpt lat="51.508734152758628" lon="4.7193862045927943">
    <name>312.6</name>
  </wpt>
  <wpt lat="51.507926545167386" lon="4.7200212996178879">
    <name>312.7</name>
  </wpt>
  <wpt lat="51.507110898593268" lon="4.7206299222056769">
    <name>312.8</name>
  </wpt>
  <wpt lat="51.506295995681825" lon="4.7212410904572222">
    <name>312.9</name>
  </wpt>
  <wpt lat="51.505488210872208" lon="4.7218737895275238">
    <name>313.0</name>
  </wpt>
  <wpt lat="51.504762513141159" lon="4.7227252837660076">
    <name>313.1</name>
  </wpt>
  <wpt lat="51.504181497275887" lon="4.723810851741514">
    <name>313.2</name>
  </wpt>
  <wpt lat="51.503804354396529" lon="4.7251222355138758">
    <name>313.3</name>
  </wpt>
  <wpt lat="51.503919372372025" lon="4.7264963445492834">
    <name>313.4</name>
  </wpt>
  <wpt lat="51.50435629522741" lon="4.7277173573462257">
    <name>313.5</name>
  </wpt>
  <wpt lat="51.505012889079325" lon="4.7286950198766">
    <name>313.6</name>
  </wpt>
  <wpt lat="51.505521211002765" lon="4.7298863795457864">
    <name>313.7</name>
  </wpt>
  <wpt lat="51.505783431404559" lon="4.7312187117115938">
    <name>313.8</name>
  </wpt>
  <wpt lat="51.505257688446214" lon="4.73236369467158">
    <name>313.9</name>
  </wpt>
  <wpt lat="51.504531982269782" lon="4.7331547774479308">
    <name>314.0</name>
  </wpt>
  <wpt lat="51.503703576970487" lon="4.733706461721793">
    <name>314.1</name>
  </wpt>
  <wpt lat="51.502921622393039" lon="4.7344198240578548">
    <name>314.2</name>
  </wpt>
  <wpt lat="51.502601109976084" lon="4.7355226122183689">
    <name>314.3</name>
  </wpt>
  <wpt lat="51.503358133072048" lon="4.7362837063234311">
    <name>314.4</name>
  </wpt>
  <wpt lat="51.504127397490194" lon="4.7370315025242817">
    <name>314.5</name>
  </wpt>
  <wpt lat="51.504928009489859" lon="4.7376620004365018">
    <name>314.6</name>
  </wpt>
  <wpt lat="51.505663780089577" lon="4.7381467443025747">
    <name>314.7</name>
  </wpt>
  <wpt lat="51.505574482731795" lon="4.7395844416201642">
    <name>314.8</name>
  </wpt>
  <wpt lat="51.505485185374027" lon="4.7410221361202405">
    <name>314.9</name>
  </wpt>
  <wpt lat="51.505385097085664" lon="4.7424578227628116">
    <name>315.0</name>
  </wpt>
  <wpt lat="51.505301935204812" lon="4.7438959292966727">
    <name>315.1</name>
  </wpt>
  <wpt lat="51.50520277050191" lon="4.74533194049546">
    <name>315.2</name>
  </wpt>
  <wpt lat="51.505102413535091" lon="4.74676773903941">
    <name>315.3</name>
  </wpt>
  <wpt lat="51.505002056568316" lon="4.7482035344211262">
    <name>315.4</name>
  </wpt>
  <wpt lat="51.505036797005047" lon="4.7496448405575782">
    <name>315.5</name>
  </wpt>
  <wpt lat="51.505220342505531" lon="4.7510585810978441">
    <name>315.6</name>
  </wpt>
  <wpt lat="51.50543983750336" lon="4.7524597153825088">
    <name>315.7</name>
  </wpt>
  <wpt lat="51.505807131900866" lon="4.75350112941645">
    <name>315.8</name>
  </wpt>
  <wpt lat="51.505354730717258" lon="4.7547458338129625">
    <name>315.9</name>
  </wpt>
  <wpt lat="51.504794740721472" lon="4.7558730889291754">
    <name>316.0</name>
  </wpt>
  <wpt lat="51.504233873924427" lon="4.7569983782660614">
    <name>316.1</name>
  </wpt>
  <wpt lat="51.504009433077435" lon="4.7583319031526994">
    <name>316.2</name>
  </wpt>
  <wpt lat="51.504301035084836" lon="4.7596978340955358">
    <name>316.3</name>
  </wpt>
  <wpt lat="51.504549677772388" lon="4.7610863158089058">
    <name>316.4</name>
  </wpt>
  <wpt lat="51.504799191572779" lon="4.7624743988809151">
    <name>316.5</name>
  </wpt>
  <wpt lat="51.505051935258344" lon="4.763860983424256">
    <name>316.6</name>
  </wpt>
  <wpt lat="51.505304691043094" lon="4.765247569967733">
    <name>316.7</name>
  </wpt>
  <wpt lat="51.50555744682778" lon="4.7666341642026557">
    <name>316.8</name>
  </wpt>
  <wpt lat="51.505746181104506" lon="4.76804100662891">
    <name>316.9</name>
  </wpt>
  <wpt lat="51.50566892234049" lon="4.7694679234510122">
    <name>317.0</name>
  </wpt>
  <wpt lat="51.505335867958273" lon="4.7707952623783285">
    <name>317.1</name>
  </wpt>
  <wpt lat="51.505257776638608" lon="4.7722345332265439">
    <name>317.2</name>
  </wpt>
  <wpt lat="51.5051837663102" lon="4.7736744572034446">
    <name>317.3</name>
  </wpt>
  <wpt lat="51.50493551197485" lon="4.7750525388459968">
    <name>317.4</name>
  </wpt>
  <wpt lat="51.504708520123756" lon="4.77644995504911">
    <name>317.5</name>
  </wpt>
  <wpt lat="51.504517229108856" lon="4.7778616875917228">
    <name>317.6</name>
  </wpt>
  <wpt lat="51.504802923522575" lon="4.7788036597855426">
    <name>317.7</name>
  </wpt>
  <wpt lat="51.505194002230787" lon="4.7795897684689166">
    <name>317.8</name>
  </wpt>
  <wpt lat="51.505224117431034" lon="4.7810327861524247">
    <name>317.9</name>
  </wpt>
  <wpt lat="51.505291613312139" lon="4.7824716324889032">
    <name>318.0</name>
  </wpt>
  <wpt lat="51.505354505139842" lon="4.7839124890814819">
    <name>318.1</name>
  </wpt>
  <wpt lat="51.505465156131983" lon="4.78534449367101">
    <name>318.2</name>
  </wpt>
  <wpt lat="51.506080990350156" lon="4.7863474797462073">
    <name>318.3</name>
  </wpt>
  <wpt lat="51.506202000170781" lon="4.7877444816648218">
    <name>318.4</name>
  </wpt>
  <wpt lat="51.506020122774594" lon="4.7891585761345663">
    <name>318.5</name>
  </wpt>
  <wpt lat="51.505822041060114" lon="4.7905670437804977">
    <name>318.6</name>
  </wpt>
  <wpt lat="51.505683538934207" lon="4.7919757959627187">
    <name>318.7</name>
  </wpt>
  <wpt lat="51.505263844780231" lon="4.7927696355745573">
    <name>318.8</name>
  </wpt>
  <wpt lat="51.504415661158163" lon="4.7932285515195785">
    <name>318.9</name>
  </wpt>
  <wpt lat="51.50366722407027" lon="4.7940205987041269">
    <name>319.0</name>
  </wpt>
  <wpt lat="51.5030127076761" lon="4.7950112995973093">
    <name>319.1</name>
  </wpt>
  <wpt lat="51.5023030179441" lon="4.7958909827139333">
    <name>319.2</name>
  </wpt>
  <wpt lat="51.501509343686458" lon="4.7965679154464791">
    <name>319.3</name>
  </wpt>
  <wpt lat="51.501095219696815" lon="4.79750835789843">
    <name>319.4</name>
  </wpt>
  <wpt lat="51.501228337180279" lon="4.7989371398833924">
    <name>319.5</name>
  </wpt>
  <wpt lat="51.501285453593205" lon="4.8003773160277969">
    <name>319.6</name>
  </wpt>
  <wpt lat="51.50130748424143" lon="4.8018215800394941">
    <name>319.7</name>
  </wpt>
  <wpt lat="51.501450614885876" lon="4.8032411500705523">
    <name>319.8</name>
  </wpt>
  <wpt lat="51.501498599509205" lon="4.8046837982486164">
    <name>319.9</name>
  </wpt>
  <wpt lat="51.501546584132505" lon="4.8061264479457142">
    <name>320.0</name>
  </wpt>
  <wpt lat="51.5015945687558" lon="4.8075690991617428">
    <name>320.1</name>
  </wpt>
  <wpt lat="51.501642553379078" lon="4.8090117518968043">
    <name>320.2</name>
  </wpt>
  <wpt lat="51.501627910395413" lon="4.8104472678944239">
    <name>320.3</name>
  </wpt>
  <wpt lat="51.501423318462109" lon="4.8118512004299783">
    <name>320.4</name>
  </wpt>
  <wpt lat="51.5012838217183" lon="4.8131942269547281">
    <name>320.5</name>
  </wpt>
  <wpt lat="51.501833364831725" lon="4.8143122742581692">
    <name>320.6</name>
  </wpt>
  <wpt lat="51.502242857867891" lon="4.8155985408320561">
    <name>320.7</name>
  </wpt>
  <wpt lat="51.502619000028623" lon="4.8169014890653346">
    <name>320.8</name>
  </wpt>
  <wpt lat="51.50248257190713" lon="4.8183280803142576">
    <name>320.9</name>
  </wpt>
  <wpt lat="51.502331813706192" lon="4.819752371616052">
    <name>321.0</name>
  </wpt>
  <wpt lat="51.502181055505311" lon="4.8211766582060456">
    <name>321.1</name>
  </wpt>
  <wpt lat="51.5020332795679" lon="4.8226017370780117">
    <name>321.2</name>
  </wpt>
  <wpt lat="51.501888745749945" lon="4.8240276786446472">
    <name>321.3</name>
  </wpt>
  <wpt lat="51.501744211932042" lon="4.8254536156887884">
    <name>321.4</name>
  </wpt>
  <wpt lat="51.501502900127562" lon="4.8268062465476387">
    <name>321.5</name>
  </wpt>
  <wpt lat="51.500952331408328" lon="4.8279397589279514">
    <name>321.6</name>
  </wpt>
  <wpt lat="51.500472413393858" lon="4.8291615274651933">
    <name>321.7</name>
  </wpt>
  <wpt lat="51.4999879515015" lon="4.8303786560718667">
    <name>321.8</name>
  </wpt>
  <wpt lat="51.499508021920605" lon="4.8316003976272173">
    <name>321.9</name>
  </wpt>
  <wpt lat="51.49902175478541" lon="4.8328156436742606">
    <name>322.0</name>
  </wpt>
  <wpt lat="51.4984859604179" lon="4.833969331434">
    <name>322.1</name>
  </wpt>
  <wpt lat="51.49813354382983" lon="4.8352955857764961">
    <name>322.2</name>
  </wpt>
  <wpt lat="51.497820956152175" lon="4.8366493201424827">
    <name>322.3</name>
  </wpt>
  <wpt lat="51.498213007972943" lon="4.8374196650782091">
    <name>322.4</name>
  </wpt>
  <wpt lat="51.499070945181529" lon="4.8378525701625774">
    <name>322.5</name>
  </wpt>
  <wpt lat="51.499910105577257" lon="4.8383702307358805">
    <name>322.6</name>
  </wpt>
  <wpt lat="51.500770480789193" lon="4.8387898330975725">
    <name>322.7</name>
  </wpt>
  <wpt lat="51.501633571601772" lon="4.8391957650958144">
    <name>322.8</name>
  </wpt>
  <wpt lat="51.502391167586325" lon="4.8398998103215058">
    <name>322.9</name>
  </wpt>
  <wpt lat="51.502987233617986" lon="4.8409816356311461">
    <name>323.0</name>
  </wpt>
  <wpt lat="51.503582450113633" lon="4.8420646821018822">
    <name>323.1</name>
  </wpt>
  <wpt lat="51.504193335331081" lon="4.8431223171037274">
    <name>323.2</name>
  </wpt>
  <wpt lat="51.5050450807495" lon="4.8433556769676427">
    <name>323.3</name>
  </wpt>
  <wpt lat="51.505900498278223" lon="4.8434337716097069">
    <name>323.4</name>
  </wpt>
  <wpt lat="51.50667718742146" lon="4.8441621401323118">
    <name>323.5</name>
  </wpt>
  <wpt lat="51.507412058930846" lon="4.844977163846111">
    <name>323.6</name>
  </wpt>
  <wpt lat="51.508137863226828" lon="4.845792121920387">
    <name>323.7</name>
  </wpt>
  <wpt lat="51.508958862845574" lon="4.8463818848133862">
    <name>323.8</name>
  </wpt>
  <wpt lat="51.509813582349267" lon="4.8468186981337285">
    <name>323.9</name>
  </wpt>
  <wpt lat="51.510627661958246" lon="4.8474141538453708">
    <name>324.0</name>
  </wpt>
  <wpt lat="51.511388951485635" lon="4.8478228507123164">
    <name>324.1</name>
  </wpt>
  <wpt lat="51.511396915800184" lon="4.8490277225592253">
    <name>324.2</name>
  </wpt>
  <wpt lat="51.510590661394737" lon="4.8496678833643925">
    <name>324.3</name>
  </wpt>
  <wpt lat="51.50978440698934" lon="4.8503080328405757">
    <name>324.4</name>
  </wpt>
  <wpt lat="51.509063799039964" lon="4.8511354023527753">
    <name>324.5</name>
  </wpt>
  <wpt lat="51.508560252981439" lon="4.8523281117191948">
    <name>324.6</name>
  </wpt>
  <wpt lat="51.508219000105932" lon="4.8536403024677934">
    <name>324.7</name>
  </wpt>
  <wpt lat="51.507981389004684" lon="4.8550134484835565">
    <name>324.8</name>
  </wpt>
  <wpt lat="51.507617796823787" lon="4.856334969413842">
    <name>324.9</name>
  </wpt>
  <wpt lat="51.507257580140916" lon="4.8576588790473565">
    <name>325.0</name>
  </wpt>
  <wpt lat="51.506817392850152" lon="4.8588950303252254">
    <name>325.1</name>
  </wpt>
  <wpt lat="51.506028193111739" lon="4.85957665170538">
    <name>325.2</name>
  </wpt>
  <wpt lat="51.505484454338045" lon="4.8607151539591058">
    <name>325.3</name>
  </wpt>
  <wpt lat="51.505669153529013" lon="4.8614273942864648">
    <name>325.4</name>
  </wpt>
  <wpt lat="51.506483263321527" lon="4.8620412856476083">
    <name>325.5</name>
  </wpt>
  <wpt lat="51.507168616693029" lon="4.8629665177619117">
    <name>325.6</name>
  </wpt>
  <wpt lat="51.507747081897783" lon="4.8640120337297459">
    <name>325.7</name>
  </wpt>
  <wpt lat="51.50836740866847" lon="4.8650581907173587">
    <name>325.8</name>
  </wpt>
  <wpt lat="51.508998399084007" lon="4.8660852347560972">
    <name>325.9</name>
  </wpt>
  <wpt lat="51.509700477920035" lon="4.8669612687295141">
    <name>326.0</name>
  </wpt>
  <wpt lat="51.510509324941893" lon="4.8675929171439307">
    <name>326.1</name>
  </wpt>
  <wpt lat="51.511320599582454" lon="4.8682142471596972">
    <name>326.2</name>
  </wpt>
  <wpt lat="51.512180246913694" lon="4.86861782284385">
    <name>326.3</name>
  </wpt>
  <wpt lat="51.513038061708762" lon="4.8690441724829956">
    <name>326.4</name>
  </wpt>
  <wpt lat="51.513885047611986" lon="4.8694971079840279">
    <name>326.5</name>
  </wpt>
  <wpt lat="51.514617354496743" lon="4.8703319152047246">
    <name>326.6</name>
  </wpt>
  <wpt lat="51.515211612778153" lon="4.8714128610697243">
    <name>326.7</name>
  </wpt>
  <wpt lat="51.515743814350422" lon="4.8725777947413693">
    <name>326.8</name>
  </wpt>
  <wpt lat="51.516318243495839" lon="4.87368433582827">
    <name>326.9</name>
  </wpt>
  <wpt lat="51.516890051019587" lon="4.8747986916809181">
    <name>327.0</name>
  </wpt>
  <wpt lat="51.517499860817892" lon="4.8758602017607693">
    <name>327.1</name>
  </wpt>
  <wpt lat="51.518125784383784" lon="4.8768972148424705">
    <name>327.2</name>
  </wpt>
  <wpt lat="51.518736215123383" lon="4.8779585337119542">
    <name>327.3</name>
  </wpt>
  <wpt lat="51.519298788628518" lon="4.8790831969377724">
    <name>327.4</name>
  </wpt>
  <wpt lat="51.519939363884092" lon="4.8800648589471622">
    <name>327.5</name>
  </wpt>
  <wpt lat="51.520484035561751" lon="4.88120557426025">
    <name>327.6</name>
  </wpt>
  <wpt lat="51.521146716892929" lon="4.8821635103053218">
    <name>327.7</name>
  </wpt>
  <wpt lat="51.52175957490298" lon="4.8832212327506408">
    <name>327.8</name>
  </wpt>
  <wpt lat="51.5223769823638" lon="4.8842719645224122">
    <name>327.9</name>
  </wpt>
  <wpt lat="51.522947584994739" lon="4.8853815067020356">
    <name>328.0</name>
  </wpt>
  <wpt lat="51.523559704254907" lon="4.8864404068747946">
    <name>328.1</name>
  </wpt>
  <wpt lat="51.524174366282004" lon="4.887495117154276">
    <name>328.2</name>
  </wpt>
  <wpt lat="51.524793224731859" lon="4.8885428430087527">
    <name>328.3</name>
  </wpt>
  <wpt lat="51.525409522735082" lon="4.8895950512675928">
    <name>328.4</name>
  </wpt>
  <wpt lat="51.526020979817659" lon="4.8906548479699143">
    <name>328.5</name>
  </wpt>
  <wpt lat="51.526627740294749" lon="4.8917217733195688">
    <name>328.6</name>
  </wpt>
  <wpt lat="51.527242750045637" lon="4.89277641303277">
    <name>328.7</name>
  </wpt>
  <wpt lat="51.527859174346624" lon="4.8938289581195775">
    <name>328.8</name>
  </wpt>
  <wpt lat="51.528473345086645" lon="4.89488490781613">
    <name>328.9</name>
  </wpt>
  <wpt lat="51.529082767845061" lon="4.8959479010759548">
    <name>329.0</name>
  </wpt>
  <wpt lat="51.529692863015072" lon="4.8970099736692152">
    <name>329.1</name>
  </wpt>
  <wpt lat="51.530302958184969" lon="4.898072060495382">
    <name>329.2</name>
  </wpt>
  <wpt lat="51.530913053354773" lon="4.8991341615548611">
    <name>329.3</name>
  </wpt>
  <wpt lat="51.531538620830467" lon="4.9001723721001342">
    <name>329.4</name>
  </wpt>
  <wpt lat="51.532152961878317" lon="4.901227923076144">
    <name>329.5</name>
  </wpt>
  <wpt lat="51.532762662914593" lon="4.9022906519728426">
    <name>329.6</name>
  </wpt>
  <wpt lat="51.533372544413076" lon="4.9033528287815322">
    <name>329.7</name>
  </wpt>
  <wpt lat="51.534007689882394" lon="4.9043751431325147">
    <name>329.8</name>
  </wpt>
  <wpt lat="51.534620699121682" lon="4.9054326985027359">
    <name>329.9</name>
  </wpt>
  <wpt lat="51.535218900979935" lon="4.9065122412297546">
    <name>330.0</name>
  </wpt>
  <wpt lat="51.535785947214329" lon="4.90762888258106">
    <name>330.1</name>
  </wpt>
  <wpt lat="51.5363779269673" lon="4.908717281362188">
    <name>330.2</name>
  </wpt>
  <wpt lat="51.536952290003825" lon="4.9098292232985106">
    <name>330.3</name>
  </wpt>
  <wpt lat="51.537485736509851" lon="4.910991695815011">
    <name>330.4</name>
  </wpt>
  <wpt lat="51.5380641689342" lon="4.9120981143922373">
    <name>330.5</name>
  </wpt>
  <wpt lat="51.538627968210541" lon="4.913211932617255">
    <name>330.6</name>
  </wpt>
  <wpt lat="51.539153945355267" lon="4.9143783231933194">
    <name>330.7</name>
  </wpt>
  <wpt lat="51.539728585633043" lon="4.9154850300097133">
    <name>330.8</name>
  </wpt>
  <wpt lat="51.540258372227541" lon="4.9166500558580051">
    <name>330.9</name>
  </wpt>
  <wpt lat="51.540646181760117" lon="4.9179400869067953">
    <name>331.0</name>
  </wpt>
  <wpt lat="51.540691727567967" lon="4.91937642609344">
    <name>331.1</name>
  </wpt>
  <wpt lat="51.540663000034236" lon="4.9208214101168668">
    <name>331.2</name>
  </wpt>
  <wpt lat="51.540596979161833" lon="4.9222624169423606">
    <name>331.3</name>
  </wpt>
  <wpt lat="51.540612444434373" lon="4.9237024318018046">
    <name>331.4</name>
  </wpt>
  <wpt lat="51.54119518825307" lon="4.9247436755800935">
    <name>331.5</name>
  </wpt>
  <wpt lat="51.542022822966651" lon="4.9253001604355129">
    <name>331.6</name>
  </wpt>
  <wpt lat="51.542314177071951" lon="4.926618089142714">
    <name>331.7</name>
  </wpt>
  <wpt lat="51.542563819086389" lon="4.9279801612422158">
    <name>331.8</name>
  </wpt>
  <wpt lat="51.542596751694425" lon="4.9294090227368725">
    <name>331.9</name>
  </wpt>
  <wpt lat="51.542464025283763" lon="4.93083919607151">
    <name>332.0</name>
  </wpt>
  <wpt lat="51.54233257528066" lon="4.9322696662108294">
    <name>332.1</name>
  </wpt>
  <wpt lat="51.5422954286536" lon="4.9337131216214072">
    <name>332.2</name>
  </wpt>
  <wpt lat="51.542294000393511" lon="4.9351590945792294">
    <name>332.3</name>
  </wpt>
  <wpt lat="51.542294000145951" lon="4.9366050962468249">
    <name>332.4</name>
  </wpt>
  <wpt lat="51.542294002245619" lon="4.93805109791442">
    <name>332.5</name>
  </wpt>
  <wpt lat="51.544292735820513" lon="4.9414239638910153">
    <name>332.93</name>
  </wpt>
  <wpt lat="51.545010668819081" lon="4.9416769119036106">
    <name>333.0</name>
  </wpt>
  <wpt lat="51.545876126028439" lon="4.94206175758551">
    <name>333.1</name>
  </wpt>
  <wpt lat="51.54672050500821" lon="4.9425574204172253">
    <name>333.2</name>
  </wpt>
  <wpt lat="51.547612057531779" lon="4.9425403141597881">
    <name>333.3</name>
  </wpt>
  <wpt lat="51.548473229380264" lon="4.9421374244958347">
    <name>333.4</name>
  </wpt>
  <wpt lat="51.549312460769677" lon="4.9416176553219495">
    <name>333.5</name>
  </wpt>
  <wpt lat="51.550141787990718" lon="4.94105854106157">
    <name>333.6</name>
  </wpt>
  <wpt lat="51.550707030027688" lon="4.9416333662820584">
    <name>333.7</name>
  </wpt>
  <wpt lat="51.551012470573333" lon="4.9429926997971645">
    <name>333.8</name>
  </wpt>
  <wpt lat="51.551375264699807" lon="4.9443160789609752">
    <name>333.9</name>
  </wpt>
  <wpt lat="51.551760794705459" lon="4.9455764297052127">
    <name>334.0</name>
  </wpt>
  <wpt lat="51.552450446618913" lon="4.9464891152941224">
    <name>334.1</name>
  </wpt>
  <wpt lat="51.553052098227568" lon="4.9470354192650472">
    <name>334.2</name>
  </wpt>
  <wpt lat="51.55357189981293" lon="4.94819697786753">
    <name>334.3</name>
  </wpt>
  <wpt lat="51.554094332409321" lon="4.949373040536436">
    <name>334.4</name>
  </wpt>
  <wpt lat="51.554453068630608" lon="4.9506900379255221">
    <name>334.5</name>
  </wpt>
  <wpt lat="51.55475248504473" lon="4.9520529709798033">
    <name>334.6</name>
  </wpt>
  <wpt lat="51.555090895830617" lon="4.9532695789675358">
    <name>334.7</name>
  </wpt>
  <wpt lat="51.554775776666062" lon="4.9546119661711776">
    <name>334.8</name>
  </wpt>
  <wpt lat="51.554698300902054" lon="4.9559942178266576">
    <name>334.9</name>
  </wpt>
  <wpt lat="51.554847759277642" lon="4.9574198369550713">
    <name>335.0</name>
  </wpt>
  <wpt lat="51.555037231990404" lon="4.9588317304078995">
    <name>335.1</name>
  </wpt>
  <wpt lat="51.555342462068111" lon="4.9601910405347844">
    <name>335.2</name>
  </wpt>
  <wpt lat="51.5556760495225" lon="4.9615342744181623">
    <name>335.3</name>
  </wpt>
  <wpt lat="51.556010333826976" lon="4.9628770262291937">
    <name>335.4</name>
  </wpt>
  <wpt lat="51.556478950192215" lon="4.9641061887695317">
    <name>335.5</name>
  </wpt>
  <wpt lat="51.557068760741387" lon="4.965197226090174">
    <name>335.6</name>
  </wpt>
  <wpt lat="51.557689277974589" lon="4.9662398619470709">
    <name>335.7</name>
  </wpt>
  <wpt lat="51.558436984024567" lon="4.9670427597410862">
    <name>335.8</name>
  </wpt>
  <wpt lat="51.559210028812927" lon="4.9677811494640869">
    <name>335.9</name>
  </wpt>
  <wpt lat="51.560005956120733" lon="4.968454531321064">
    <name>336.0</name>
  </wpt>
  <wpt lat="51.560859908029464" lon="4.9688109206344757">
    <name>336.1</name>
  </wpt>
  <wpt lat="51.561751016632982" lon="4.9686186932384082">
    <name>336.2</name>
  </wpt>
  <wpt lat="51.562641473808014" lon="4.9684160795039869">
    <name>336.3</name>
  </wpt>
  <wpt lat="51.563305308596938" lon="4.9686328355557663">
    <name>336.4</name>
  </wpt>
  <wpt lat="51.5634450369407" lon="4.970061939436679">
    <name>336.5</name>
  </wpt>
  <wpt lat="51.564028800878319" lon="4.9706221123485017">
    <name>336.6</name>
  </wpt>
  <wpt lat="51.564255642029934" lon="4.9720048309582623">
    <name>336.7</name>
  </wpt>
  <wpt lat="51.564799969853318" lon="4.9727219262706424">
    <name>336.8</name>
  </wpt>
  <wpt lat="51.564900711275172" lon="4.9741595389840514">
    <name>336.9</name>
  </wpt>
  <wpt lat="51.565056511342604" lon="4.9755727261415927">
    <name>337.0</name>
  </wpt>
  <wpt lat="51.565837855146434" lon="4.9762739303500974">
    <name>337.1</name>
  </wpt>
  <wpt lat="51.566439508389074" lon="4.9766399000795332">
    <name>337.2</name>
  </wpt>
  <wpt lat="51.567284586165741" lon="4.97667763433803">
    <name>337.3</name>
  </wpt>
  <wpt lat="51.576591583684625" lon="4.9827678710059118">
    <name>338.55</name>
  </wpt>
  <wpt lat="51.577123428150365" lon="4.9825120356606378">
    <name>338.6</name>
  </wpt>
  <wpt lat="51.57798486300495" lon="4.9820980532098105">
    <name>338.7</name>
  </wpt>
  <wpt lat="51.5788646788008" lon="4.9818043691329414">
    <name>338.8</name>
  </wpt>
  <wpt lat="51.579762368688989" lon="4.9817420000000139">
    <name>338.9</name>
  </wpt>
  <wpt lat="51.580648682554887" lon="4.9819440326138125">
    <name>339.0</name>
  </wpt>
  <wpt lat="51.581508517552741" lon="4.9823605296064892">
    <name>339.1</name>
  </wpt>
  <wpt lat="51.582258560739376" lon="4.9826406153780471">
    <name>339.2</name>
  </wpt>
  <wpt lat="51.583067882633173" lon="4.9832709860466045">
    <name>339.3</name>
  </wpt>
  <wpt lat="51.583877882262833" lon="4.9838974111879208">
    <name>339.4</name>
  </wpt>
  <wpt lat="51.58474005319281" lon="4.9842788253402661">
    <name>339.5</name>
  </wpt>
  <wpt lat="51.585621451836531" lon="4.9840784026927132">
    <name>339.6</name>
  </wpt>
  <wpt lat="51.586349786933241" lon="4.9832509841627211">
    <name>339.7</name>
  </wpt>
  <wpt lat="51.586860360337027" lon="4.9820667960022265">
    <name>339.8</name>
  </wpt>
  <wpt lat="51.587469531425512" lon="4.9818186780627158">
    <name>339.9</name>
  </wpt>
  <wpt lat="51.587988403439226" lon="4.9829999926172972">
    <name>340.0</name>
  </wpt>
  <wpt lat="51.588509592785336" lon="4.9841758589870491">
    <name>340.1</name>
  </wpt>
  <wpt lat="51.608649932677537" lon="4.9877098274821323">
    <name>342.94</name>
  </wpt>
  <wpt lat="51.609015791813071" lon="4.9867701729828342">
    <name>343.0</name>
  </wpt>
  <wpt lat="51.609455450183788" lon="4.9855069475518032">
    <name>343.1</name>
  </wpt>
  <wpt lat="51.609870326989636" lon="4.9842245346631557">
    <name>343.2</name>
  </wpt>
  <wpt lat="51.609950896676082" lon="4.9827982461265021">
    <name>343.3</name>
  </wpt>
  <wpt lat="51.610536207756546" lon="4.9823845067152419">
    <name>343.4</name>
  </wpt>
  <wpt lat="51.61099151257374" lon="4.98113680427537">
    <name>343.5</name>
  </wpt>
  <wpt lat="51.61152257271177" lon="4.979968243071089">
    <name>343.6</name>
  </wpt>
  <wpt lat="51.612070958043958" lon="4.9788204268400174">
    <name>343.7</name>
  </wpt>
  <wpt lat="51.61262159833489" lon="4.9776754020252545">
    <name>343.8</name>
  </wpt>
  <wpt lat="51.613172682659965" lon="4.9765309150797439">
    <name>343.9</name>
  </wpt>
  <wpt lat="51.613721776870818" lon="4.9753839387563206">
    <name>344.0</name>
  </wpt>
  <wpt lat="51.614273156013532" lon="4.9742397939358">
    <name>344.1</name>
  </wpt>
  <wpt lat="51.614829026999885" lon="4.9731014114008989">
    <name>344.2</name>
  </wpt>
  <wpt lat="51.615379509050278" lon="4.9719561489333612">
    <name>344.3</name>
  </wpt>
  <wpt lat="51.615922479164368" lon="4.9708030110119363">
    <name>344.4</name>
  </wpt>
  <wpt lat="51.616454588730313" lon="4.9696400092342419">
    <name>344.5</name>
  </wpt>
  <wpt lat="51.616883177638641" lon="4.96836677475172">
    <name>344.6</name>
  </wpt>
  <wpt lat="51.617283378681016" lon="4.9670698359247138">
    <name>344.7</name>
  </wpt>
  <wpt lat="51.617669705313567" lon="4.96576274753043">
    <name>344.8</name>
  </wpt>
  <wpt lat="51.618028531977117" lon="4.9644364816896944">
    <name>344.9</name>
  </wpt>
  <wpt lat="51.618411075708444" lon="4.963125650103354">
    <name>345.0</name>
  </wpt>
  <wpt lat="51.618789855005282" lon="4.96181196036656">
    <name>345.1</name>
  </wpt>
  <wpt lat="51.619190856169247" lon="4.9605162321110807">
    <name>345.2</name>
  </wpt>
  <wpt lat="51.619572084780991" lon="4.9592107197229636">
    <name>345.3</name>
  </wpt>
  <wpt lat="51.618778434129879" lon="4.9586486260785456">
    <name>345.4</name>
  </wpt>
  <wpt lat="51.617938231128988" lon="4.9581321410149446">
    <name>345.5</name>
  </wpt>
  <wpt lat="51.61720361297" lon="4.9575279293014027">
    <name>345.6</name>
  </wpt>
  <wpt lat="51.617420213261795" lon="4.9561223779324184">
    <name>345.7</name>
  </wpt>
  <wpt lat="51.617630592059285" lon="4.9547142918991067">
    <name>345.8</name>
  </wpt>
  <wpt lat="51.617840645041127" lon="4.9533062002613013">
    <name>345.9</name>
  </wpt>
  <wpt lat="51.618078829571751" lon="4.9519142536963416">
    <name>346.0</name>
  </wpt>
  <wpt lat="51.618327651397394" lon="4.9512480980591942">
    <name>346.10</name>
  </wpt>
  <wpt lat="51.618383128078236" lon="4.9511036844382259">
    <name>346.1</name>
  </wpt>
  <wpt lat="51.618846805918992" lon="4.9498627650872233">
    <name>346.2</name>
  </wpt>
  <wpt lat="51.61934225753" lon="4.9486545382086478">
    <name>346.3</name>
  </wpt>
  <wpt lat="51.619945002070466" lon="4.9475945070944585">
    <name>346.4</name>
  </wpt>
  <wpt lat="51.620656896916969" lon="4.9467094548251582">
    <name>346.5</name>
  </wpt>
  <wpt lat="51.621324854209817" lon="4.945742264583429">
    <name>346.6</name>
  </wpt>
  <wpt lat="51.621953263097666" lon="4.944706056274069">
    <name>346.7</name>
  </wpt>
  <wpt lat="51.6292190000076" lon="4.9385940759020652">
    <name>348.15</name>
  </wpt>
  <wpt lat="51.629141128295736" lon="4.937808707917462">
    <name>348.2</name>
  </wpt>
  <wpt lat="51.62858259884753" lon="4.9366741976740958">
    <name>348.3</name>
  </wpt>
  <wpt lat="51.62831564399977" lon="4.9354463219830267">
    <name>348.4</name>
  </wpt>
  <wpt lat="51.627449943109326" lon="4.935631103016334">
    <name>348.5</name>
  </wpt>
  <wpt lat="51.626573704522976" lon="4.9359570212999113">
    <name>348.6</name>
  </wpt>
  <wpt lat="51.625695480264881" lon="4.9362689488021054">
    <name>348.7</name>
  </wpt>
  <wpt lat="51.624819581220819" lon="4.9365972661088708">
    <name>348.8</name>
  </wpt>
  <wpt lat="51.624746605510147" lon="4.9353719464828352">
    <name>348.9</name>
  </wpt>
  <wpt lat="51.62477700012208" lon="4.9339307918298418">
    <name>349.0</name>
  </wpt>
  <wpt lat="51.624595302552109" lon="4.93251554564135">
    <name>349.1</name>
  </wpt>
  <wpt lat="51.623444683456441" lon="4.9236769999999588">
    <name>350.99</name>
  </wpt>
  <wpt lat="51.623459653727714" lon="4.923366703035736">
    <name>351.0</name>
  </wpt>
  <wpt lat="51.625124880455779" lon="4.9232902382262234">
    <name>351.22</name>
  </wpt>
  <wpt lat="51.625915000016917" lon="4.9233947334397108">
    <name>351.3</name>
  </wpt>
  <wpt lat="51.6259309243843" lon="4.9219475098221412">
    <name>351.4</name>
  </wpt>
  <wpt lat="51.619349020065755" lon="4.9134639589130424">
    <name>352.61</name>
  </wpt>
  <wpt lat="51.619358607792229" lon="4.913444326927058">
    <name>352.6</name>
  </wpt>
  <wpt lat="51.618730766746246" lon="4.9125237275723679">
    <name>352.7</name>
  </wpt>
  <wpt lat="51.617996173993184" lon="4.9116966738469081">
    <name>352.8</name>
  </wpt>
  <wpt lat="51.617148356772212" lon="4.91124396788096">
    <name>352.9</name>
  </wpt>
  <wpt lat="51.616252833651963" lon="4.9112647578030915">
    <name>353.0</name>
  </wpt>
  <wpt lat="51.615415724343734" lon="4.9117735563625864">
    <name>353.1</name>
  </wpt>
  <wpt lat="51.614624322081589" lon="4.91246058978446">
    <name>353.2</name>
  </wpt>
  <wpt lat="51.613847996762608" lon="4.9131916767091361">
    <name>353.3</name>
  </wpt>
  <wpt lat="51.613071853669673" lon="4.9139232686765837">
    <name>353.4</name>
  </wpt>
  <wpt lat="51.612306755947323" lon="4.9146838500426453">
    <name>353.5</name>
  </wpt>
  <wpt lat="51.611536149903664" lon="4.9154294013467315">
    <name>353.6</name>
  </wpt>
  <wpt lat="51.610714827917832" lon="4.9160188756889189">
    <name>353.7</name>
  </wpt>
  <wpt lat="51.609889696275083" lon="4.9165948483841246">
    <name>353.8</name>
  </wpt>
  <wpt lat="51.609064564632376" lon="4.9171708106104708">
    <name>353.9</name>
  </wpt>
  <wpt lat="51.608209334365426" lon="4.9176000283040615">
    <name>354.0</name>
  </wpt>
  <wpt lat="51.607315901844622" lon="4.9177565219360275">
    <name>354.1</name>
  </wpt>
  <wpt lat="51.606424725854389" lon="4.91794280625428">
    <name>354.2</name>
  </wpt>
  <wpt lat="51.605544123237081" lon="4.9182367094084691">
    <name>354.3</name>
  </wpt>
  <wpt lat="51.604660098366047" lon="4.9184977694256773">
    <name>354.4</name>
  </wpt>
  <wpt lat="51.603764469553205" lon="4.9186177229382482">
    <name>354.5</name>
  </wpt>
  <wpt lat="51.602865783303074" lon="4.9186559999999773">
    <name>354.6</name>
  </wpt>
  <wpt lat="51.601966461697167" lon="4.9186559999999773">
    <name>354.7</name>
  </wpt>
  <wpt lat="51.601089012892736" lon="4.918399505849365">
    <name>354.8</name>
  </wpt>
  <wpt lat="51.600229686712794" lon="4.9179895579131188">
    <name>354.9</name>
  </wpt>
  <wpt lat="51.5993674606573" lon="4.9175793504236616">
    <name>355.0</name>
  </wpt>
  <wpt lat="51.598489430183385" lon="4.9172677117958292">
    <name>355.1</name>
  </wpt>
  <wpt lat="51.597611282758905" lon="4.916959565515457">
    <name>355.2</name>
  </wpt>
  <wpt lat="51.596753808976473" lon="4.9168029681272838">
    <name>355.3</name>
  </wpt>
  <wpt lat="51.595859518834139" lon="4.9166521392600444">
    <name>355.4</name>
  </wpt>
  <wpt lat="51.594963938908251" lon="4.9165423274973037">
    <name>355.5</name>
  </wpt>
  <wpt lat="51.594087976912554" lon="4.9168560017759049">
    <name>355.6</name>
  </wpt>
  <wpt lat="51.59321510855041" lon="4.9172045171434711">
    <name>355.7</name>
  </wpt>
  <wpt lat="51.592338560910513" lon="4.9175256463065828">
    <name>355.8</name>
  </wpt>
  <wpt lat="51.591462583911856" lon="4.917851964661498">
    <name>355.9</name>
  </wpt>
  <wpt lat="51.590615634106747" lon="4.9181986789689853">
    <name>356.0</name>
  </wpt>
  <wpt lat="51.589919028718029" lon="4.9179000253793417">
    <name>356.1</name>
  </wpt>
  <wpt lat="51.589418864238773" lon="4.9166990710184786">
    <name>356.2</name>
  </wpt>
  <wpt lat="51.588952143709371" lon="4.9154624066277783">
    <name>356.3</name>
  </wpt>
  <wpt lat="51.588559971231561" lon="4.91416216788023">
    <name>356.4</name>
  </wpt>
  <wpt lat="51.588354110720637" lon="4.912754243682496">
    <name>356.5</name>
  </wpt>
  <wpt lat="51.582661733781265" lon="4.9072054879262641">
    <name>357.53</name>
  </wpt>
  <wpt lat="51.582023319536894" lon="4.9075593984043113">
    <name>357.6</name>
  </wpt>
  <wpt lat="51.581232633157214" lon="4.9082473381946023">
    <name>357.7</name>
  </wpt>
  <wpt lat="51.580430823434355" lon="4.908850000000033">
    <name>357.8</name>
  </wpt>
  <wpt lat="51.579676348486153" lon="4.908424893574983">
    <name>357.9</name>
  </wpt>
  <wpt lat="51.5792432216119" lon="4.907217472438588">
    <name>358.0</name>
  </wpt>
  <wpt lat="51.579158000385227" lon="4.9057792192728105">
    <name>358.1</name>
  </wpt>
  <wpt lat="51.579356582666875" lon="4.9043749663967757">
    <name>358.2</name>
  </wpt>
  <wpt lat="51.579580212500659" lon="4.9029751777662218">
    <name>358.3</name>
  </wpt>
  <wpt lat="51.579373408866147" lon="4.9016107615417388">
    <name>358.4</name>
  </wpt>
  <wpt lat="51.578731940974976" lon="4.9005999026515479">
    <name>358.5</name>
  </wpt>
  <wpt lat="51.578068655718837" lon="4.8996228753490865">
    <name>358.6</name>
  </wpt>
  <wpt lat="51.577380454498517" lon="4.89869130170583">
    <name>358.7</name>
  </wpt>
  <wpt lat="51.5766922532783" lon="4.8977597421684607">
    <name>358.8</name>
  </wpt>
  <wpt lat="51.576004052058181" lon="4.8968281967363678">
    <name>358.9</name>
  </wpt>
  <wpt lat="51.575365374820819" lon="4.8958248413862533">
    <name>359.0</name>
  </wpt>
  <wpt lat="51.5747781474824" lon="4.89472896688101">
    <name>359.1</name>
  </wpt>
  <wpt lat="51.574119466033579" lon="4.8937907812996695">
    <name>359.2</name>
  </wpt>
  <wpt lat="51.5735580000754" lon="4.8931075191244835">
    <name>359.3</name>
  </wpt>
  <wpt lat="51.573582772153877" lon="4.8916611949344961">
    <name>359.4</name>
  </wpt>
  <wpt lat="51.5736010000272" lon="4.8902147125056539">
    <name>359.5</name>
  </wpt>
  <wpt lat="51.5736333093634" lon="4.8887688028664158">
    <name>359.6</name>
  </wpt>
  <wpt lat="51.573724784415717" lon="4.8873303508873711">
    <name>359.7</name>
  </wpt>
  <wpt lat="51.573676906433356" lon="4.8858926917032584">
    <name>359.8</name>
  </wpt>
  <wpt lat="51.573369519969418" lon="4.88454321091706">
    <name>359.9</name>
  </wpt>
  <wpt lat="51.5731826802315" lon="4.8831695614579624">
    <name>360.0</name>
  </wpt>
  <wpt lat="51.573215000105151" lon="4.8817654540285407">
    <name>360.1</name>
  </wpt>
  <wpt lat="51.573332574532394" lon="4.8803320694803025">
    <name>360.2</name>
  </wpt>
  <wpt lat="51.573408000178354" lon="4.8788913847754838">
    <name>360.3</name>
  </wpt>
  <wpt lat="51.573309720804367" lon="4.8774572776000316">
    <name>360.4</name>
  </wpt>
  <wpt lat="51.573272591214462" lon="4.8760166590279512">
    <name>360.5</name>
  </wpt>
  <wpt lat="51.573397531593564" lon="4.8745849139077686">
    <name>360.6</name>
  </wpt>
  <wpt lat="51.573472002393643" lon="4.8731448400142785">
    <name>360.7</name>
  </wpt>
  <wpt lat="51.573472004840688" lon="4.87169784674113">
    <name>360.8</name>
  </wpt>
  <wpt lat="51.572580041268907" lon="4.8716859999999516">
    <name>360.9</name>
  </wpt>
  <wpt lat="51.571774119391428" lon="4.87107564819893">
    <name>361.0</name>
  </wpt>
  <wpt lat="51.571063325810307" lon="4.8718539358830757">
    <name>361.1</name>
  </wpt>
  <wpt lat="51.570252049533586" lon="4.8721729205591782">
    <name>361.2</name>
  </wpt>
  <wpt lat="51.569683831994176" lon="4.8710790825760233">
    <name>361.3</name>
  </wpt>
  <wpt lat="51.568903904942339" lon="4.8708901506345912">
    <name>361.4</name>
  </wpt>
  <wpt lat="51.568041227581524" lon="4.8712915128013838">
    <name>361.5</name>
  </wpt>
  <wpt lat="51.567172469612423" lon="4.8716335296859858">
    <name>361.6</name>
  </wpt>
  <wpt lat="51.566412005804658" lon="4.8711709263875393">
    <name>361.7</name>
  </wpt>
  <wpt lat="51.566679393005209" lon="4.8697981309534795">
    <name>361.8</name>
  </wpt>
  <wpt lat="51.566953947947169" lon="4.8684220915165906">
    <name>361.9</name>
  </wpt>
  <wpt lat="51.567186621244765" lon="4.8670247073063964">
    <name>362.0</name>
  </wpt>
  <wpt lat="51.567388930842583" lon="4.8656154264905433">
    <name>362.1</name>
  </wpt>
  <wpt lat="51.567466589403196" lon="4.8641790279526109">
    <name>362.2</name>
  </wpt>
  <wpt lat="51.567656232420447" lon="4.8627647565624006">
    <name>362.3</name>
  </wpt>
  <wpt lat="51.568061316657293" lon="4.8614738151822721">
    <name>362.4</name>
  </wpt>
  <wpt lat="51.568543209145489" lon="4.8602560128718295">
    <name>362.5</name>
  </wpt>
  <wpt lat="51.569075815592619" lon="4.8590901916097611">
    <name>362.6</name>
  </wpt>
  <wpt lat="51.569460929698863" lon="4.8577995282564208">
    <name>362.7</name>
  </wpt>
  <wpt lat="51.569640247412551" lon="4.8563840559328328">
    <name>362.8</name>
  </wpt>
  <wpt lat="51.569803000190056" lon="4.8549722734758669">
    <name>362.9</name>
  </wpt>
  <wpt lat="51.569521290921131" lon="4.8536059351165957">
    <name>363.0</name>
  </wpt>
  <wpt lat="51.569230430852663" lon="4.8522380308954478">
    <name>363.1</name>
  </wpt>
  <wpt lat="51.569062379854806" lon="4.8508168298287249">
    <name>363.2</name>
  </wpt>
  <wpt lat="51.568895211718548" lon="4.8493952101255875">
    <name>363.3</name>
  </wpt>
  <wpt lat="51.568720120785947" lon="4.8479761976958393">
    <name>363.4</name>
  </wpt>
  <wpt lat="51.568482151443447" lon="4.8465853774455958">
    <name>363.5</name>
  </wpt>
  <wpt lat="51.567842133576654" lon="4.8457408452780575">
    <name>363.6</name>
  </wpt>
  <wpt lat="51.566956354581905" lon="4.8459789999999563">
    <name>363.7</name>
  </wpt>
  <wpt lat="51.566062360407336" lon="4.8458541385884173">
    <name>363.8</name>
  </wpt>
  <wpt lat="51.565524263905623" lon="4.8450214213686227">
    <name>363.9</name>
  </wpt>
  <wpt lat="51.565532246834" lon="4.8435848567623783">
    <name>364.0</name>
  </wpt>
  <wpt lat="51.565178725611332" lon="4.8422604821320752">
    <name>364.1</name>
  </wpt>
  <wpt lat="51.565318000042488" lon="4.8408596438400062">
    <name>364.2</name>
  </wpt>
  <wpt lat="51.565232869632673" lon="4.8394212357096658">
    <name>364.3</name>
  </wpt>
  <wpt lat="51.56498336441912" lon="4.8380374171048137">
    <name>364.4</name>
  </wpt>
  <wpt lat="51.564823455544769" lon="4.8369520890658748">
    <name>364.5</name>
  </wpt>
  <wpt lat="51.563977133926763" lon="4.8366347238508656">
    <name>364.6</name>
  </wpt>
  <wpt lat="51.564258834149967" lon="4.8355153528016848">
    <name>364.7</name>
  </wpt>
  <wpt lat="51.564537325262528" lon="4.8341398484830957">
    <name>364.8</name>
  </wpt>
  <wpt lat="51.564823426858766" lon="4.8327683829705466">
    <name>364.9</name>
  </wpt>
  <wpt lat="51.56510680360465" lon="4.8313955758130129">
    <name>365.0</name>
  </wpt>
  <wpt lat="51.565522720671943" lon="4.8301312795322735">
    <name>365.1</name>
  </wpt>
  <wpt lat="51.566150666646855" lon="4.8295009658347272">
    <name>365.2</name>
  </wpt>
  <wpt lat="51.566817924504896" lon="4.8288329245026862">
    <name>365.3</name>
  </wpt>
  <wpt lat="51.565998325308684" lon="4.82826158250009">
    <name>365.4</name>
  </wpt>
  <wpt lat="51.5663224787058" lon="4.8269795647085969">
    <name>365.5</name>
  </wpt>
  <wpt lat="51.566825285760871" lon="4.8258031986160983">
    <name>365.6</name>
  </wpt>
  <wpt lat="51.567596863411786" lon="4.8251027309320511">
    <name>365.7</name>
  </wpt>
  <wpt lat="51.568152607946971" lon="4.8243092097824869">
    <name>365.8</name>
  </wpt>
  <wpt lat="51.568177368114647" lon="4.822880355632825">
    <name>365.9</name>
  </wpt>
  <wpt lat="51.568343517053" lon="4.81969116816415">
    <name>366.50</name>
  </wpt>
  <wpt lat="51.568308178993739" lon="4.8195332014331953">
    <name>366.5</name>
  </wpt>
  <wpt lat="51.567789977117883" lon="4.8183507719223977">
    <name>366.6</name>
  </wpt>
  <wpt lat="51.567256897434632" lon="4.8171856298769926">
    <name>366.7</name>
  </wpt>
  <wpt lat="51.566731773866167" lon="4.8160113614984184">
    <name>366.8</name>
  </wpt>
  <wpt lat="51.56637200174815" lon="4.8146947280580159">
    <name>366.9</name>
  </wpt>
  <wpt lat="51.566082789332874" lon="4.8133250242391332">
    <name>367.0</name>
  </wpt>
  <wpt lat="51.565803824584791" lon="4.8119496571481966">
    <name>367.1</name>
  </wpt>
  <wpt lat="51.565582991950137" lon="4.8105691100308485">
    <name>367.2</name>
  </wpt>
  <wpt lat="51.565405725152004" lon="4.8091510645507904">
    <name>367.3</name>
  </wpt>
  <wpt lat="51.565408177955106" lon="4.8077046582609668">
    <name>367.4</name>
  </wpt>
  <wpt lat="51.5654270925906" lon="4.8062584599155027">
    <name>367.5</name>
  </wpt>
  <wpt lat="51.565607569148682" lon="4.8048418197286722">
    <name>367.6</name>
  </wpt>
  <wpt lat="51.565608313068054" lon="4.8034016215265858">
    <name>367.7</name>
  </wpt>
  <wpt lat="51.565519829921861" lon="4.8019618997786138">
    <name>367.8</name>
  </wpt>
  <wpt lat="51.565378821208483" lon="4.8005333312401168">
    <name>367.9</name>
  </wpt>
  <wpt lat="51.565210296880636" lon="4.7991144393857565">
    <name>368.0</name>
  </wpt>
  <wpt lat="51.5648757272819" lon="4.7977721734933558">
    <name>368.1</name>
  </wpt>
  <wpt lat="51.5648920314861" lon="4.7963463026898383">
    <name>368.2</name>
  </wpt>
  <wpt lat="51.565118891293054" lon="4.7949467670756158">
    <name>368.3</name>
  </wpt>
  <wpt lat="51.565395663930076" lon="4.7935775313143862">
    <name>368.4</name>
  </wpt>
  <wpt lat="51.565737824259479" lon="4.7922395927984791">
    <name>368.5</name>
  </wpt>
  <wpt lat="51.566102183789006" lon="4.7909171607106238">
    <name>368.6</name>
  </wpt>
  <wpt lat="51.566446898401544" lon="4.7895810111803918">
    <name>368.7</name>
  </wpt>
  <wpt lat="51.566807163143913" lon="4.788255911541377">
    <name>368.8</name>
  </wpt>
  <wpt lat="51.5672603791228" lon="4.7871578001042918">
    <name>368.9</name>
  </wpt>
  <wpt lat="51.5737050456821" lon="4.7833439999999987">
    <name>369.79</name>
  </wpt>
  <wpt lat="51.573625914048677" lon="4.7830639866769991">
    <name>369.8</name>
  </wpt>
  <wpt lat="51.5731683629865" lon="4.781824747340881">
    <name>369.9</name>
  </wpt>
  <wpt lat="51.5727044039278" lon="4.78058588059102">
    <name>370.0</name>
  </wpt>
  <wpt lat="51.572330575729623" lon="4.7792704497481635">
    <name>370.1</name>
  </wpt>
  <wpt lat="51.572050880914823" lon="4.7778988176234023">
    <name>370.2</name>
  </wpt>
  <wpt lat="51.572013000020014" lon="4.7774957183685292">
    <name>370.24</name>
  </wpt>
  <wpt lat="51.57137836482822" lon="4.7773812867564773">
    <name>370.3</name>
  </wpt>
  <wpt lat="51.570531370256404" lon="4.7768965928259268">
    <name>370.4</name>
  </wpt>
  <wpt lat="51.569654223394913" lon="4.7766280000000076">
    <name>370.5</name>
  </wpt>
  <wpt lat="51.568757378856454" lon="4.7767017230728648">
    <name>370.6</name>
  </wpt>
  <wpt lat="51.567861340927976" lon="4.7766386923726554">
    <name>370.7</name>
  </wpt>
  <wpt lat="51.567034490974933" lon="4.7761675201340115">
    <name>370.8</name>
  </wpt>
  <wpt lat="51.566418410763632" lon="4.7752234932448721">
    <name>370.9</name>
  </wpt>
  <wpt lat="51.565805740471362" lon="4.7741651728953745">
    <name>371.0</name>
  </wpt>
  <wpt lat="51.565181367826604" lon="4.7731239930478626">
    <name>371.1</name>
  </wpt>
  <wpt lat="51.564556669127491" lon="4.7720833209936657">
    <name>371.2</name>
  </wpt>
  <wpt lat="51.564395715501114" lon="4.7707196044475495">
    <name>371.3</name>
  </wpt>
  <wpt lat="51.564395002676036" lon="4.7692729186491558">
    <name>371.4</name>
  </wpt>
  <wpt lat="51.564392909103553" lon="4.7678262772780728">
    <name>371.5</name>
  </wpt>
  <wpt lat="51.564374001413974" lon="4.7663801434381261">
    <name>371.6</name>
  </wpt>
  <wpt lat="51.564337906740285" lon="4.7649358995054492">
    <name>371.7</name>
  </wpt>
  <wpt lat="51.564074040983314" lon="4.763556543312756">
    <name>371.8</name>
  </wpt>
  <wpt lat="51.563775668311393" lon="4.76219180132884">
    <name>371.9</name>
  </wpt>
  <wpt lat="51.56348255921889" lon="4.7608241150758372">
    <name>372.0</name>
  </wpt>
  <wpt lat="51.563061768570734" lon="4.7595835325607414">
    <name>372.1</name>
  </wpt>
  <wpt lat="51.562415009213744" lon="4.7585787523220278">
    <name>372.2</name>
  </wpt>
  <wpt lat="51.562529476950836" lon="4.7576004064224575">
    <name>372.3</name>
  </wpt>
  <wpt lat="51.562930013792929" lon="4.7570815351601752">
    <name>372.84</name>
  </wpt>
  <wpt lat="51.563468398472523" lon="4.7563873250597091">
    <name>372.9</name>
  </wpt>
  <wpt lat="51.564162922952619" lon="4.7554683716399291">
    <name>373.0</name>
  </wpt>
  <wpt lat="51.5648546204473" lon="4.7545523594800745">
    <name>373.1</name>
  </wpt>
  <wpt lat="51.564983213601415" lon="4.7532039116047082">
    <name>373.2</name>
  </wpt>
  <wpt lat="51.564351002418249" lon="4.7521938812170541">
    <name>373.3</name>
  </wpt>
  <wpt lat="51.563617544276987" lon="4.7513627139084242">
    <name>373.4</name>
  </wpt>
  <wpt lat="51.562984572695136" lon="4.750403100290014">
    <name>373.5</name>
  </wpt>
  <wpt lat="51.5632350047289" lon="4.7493169502115267">
    <name>373.6</name>
  </wpt>
  <wpt lat="51.563973679882025" lon="4.7484917690361605">
    <name>373.7</name>
  </wpt>
  <wpt lat="51.564713293788806" lon="4.7476688910288827">
    <name>373.8</name>
  </wpt>
  <wpt lat="51.565446900599554" lon="4.7468320680973068">
    <name>373.9</name>
  </wpt>
  <wpt lat="51.56706450346406" lon="4.7432963716863528">
    <name>374.31</name>
  </wpt>
  <wpt lat="51.567118180324023" lon="4.7432517718860829">
    <name>374.3</name>
  </wpt>
  <wpt lat="51.5679976743804" lon="4.7430843115001577">
    <name>374.4</name>
  </wpt>
  <wpt lat="51.568895966074756" lon="4.7431535346856784">
    <name>374.5</name>
  </wpt>
  <wpt lat="51.569724643616404" lon="4.7432323581032483">
    <name>374.6</name>
  </wpt>
  <wpt lat="51.570621694939355" lon="4.7431770508262083">
    <name>374.7</name>
  </wpt>
  <wpt lat="51.571520702159255" lon="4.7432153063992954">
    <name>374.8</name>
  </wpt>
  <wpt lat="51.572418157062941" lon="4.7432977825367466">
    <name>374.9</name>
  </wpt>
  <wpt lat="51.573315675885674" lon="4.7433893492784911">
    <name>375.0</name>
  </wpt>
  <wpt lat="51.574007473949464" lon="4.7439817916818416">
    <name>375.1</name>
  </wpt>
  <wpt lat="51.574717596238493" lon="4.7430991200944623">
    <name>375.2</name>
  </wpt>
  <wpt lat="51.5773334638379" lon="4.73913882981599">
    <name>375.63</name>
  </wpt>
  <wpt lat="51.577326364382238" lon="4.7378903816123783">
    <name>375.7</name>
  </wpt>
  <wpt lat="51.577379300488609" lon="4.7364581010130937">
    <name>375.8</name>
  </wpt>
  <wpt lat="51.577581602783873" lon="4.73504817335669">
    <name>375.9</name>
  </wpt>
  <wpt lat="51.577999861868882" lon="4.7225032379550154">
    <name>376.79</name>
  </wpt>
  <wpt lat="51.57799490688668" lon="4.7221889568999629">
    <name>376.8</name>
  </wpt>
  <wpt lat="51.577978000360204" lon="4.72074216514279">
    <name>376.9</name>
  </wpt>
  <wpt lat="51.5779956339567" lon="4.7192953579436923">
    <name>377.0</name>
  </wpt>
  <wpt lat="51.577976676706122" lon="4.7179589040852665">
    <name>377.1</name>
  </wpt>
  <wpt lat="51.577668545134543" lon="4.7166059431096743">
    <name>377.2</name>
  </wpt>
  <wpt lat="51.577215079185933" lon="4.715356255808369">
    <name>377.3</name>
  </wpt>
  <wpt lat="51.57676161323743" lon="4.7141065809756535">
    <name>377.4</name>
  </wpt>
  <wpt lat="51.576308147289033" lon="4.712856918611017">
    <name>377.5</name>
  </wpt>
  <wpt lat="51.575859407812132" lon="4.7116029238816575">
    <name>377.6</name>
  </wpt>
  <wpt lat="51.5754473360785" lon="4.7103174662404816">
    <name>377.7</name>
  </wpt>
  <wpt lat="51.575072827823426" lon="4.7090025728900944">
    <name>377.8</name>
  </wpt>
  <wpt lat="51.574759511722171" lon="4.7076466782948287">
    <name>377.9</name>
  </wpt>
  <wpt lat="51.57449839282625" lon="4.7062621613187412">
    <name>378.0</name>
  </wpt>
  <wpt lat="51.574275862435421" lon="4.7048611829815066">
    <name>378.1</name>
  </wpt>
  <wpt lat="51.57411958927409" lon="4.7034362411725166">
    <name>378.2</name>
  </wpt>
  <wpt lat="51.574003445236777" lon="4.70200161532554">
    <name>378.3</name>
  </wpt>
  <wpt lat="51.5739673097978" lon="4.7005566174956561">
    <name>378.4</name>
  </wpt>
  <wpt lat="51.573966007017525" lon="4.6991096356997808">
    <name>378.5</name>
  </wpt>
  <wpt lat="51.573947431295608" lon="4.69766451449725">
    <name>378.6</name>
  </wpt>
  <wpt lat="51.573866272617984" lon="4.6962252603841463">
    <name>378.7</name>
  </wpt>
  <wpt lat="51.57383700007928" lon="4.6947792221399682">
    <name>378.8</name>
  </wpt>
  <wpt lat="51.573908591185528" lon="4.6933370646811872">
    <name>378.9</name>
  </wpt>
  <wpt lat="51.573966000564496" lon="4.6918939954659757">
    <name>379.0</name>
  </wpt>
  <wpt lat="51.573893996970305" lon="4.6905672936900693">
    <name>379.1</name>
  </wpt>
  <wpt lat="51.573790215216178" lon="4.689129955934848">
    <name>379.2</name>
  </wpt>
  <wpt lat="51.573644060427384" lon="4.6877032065965825">
    <name>379.3</name>
  </wpt>
  <wpt lat="51.573466761939024" lon="4.6862846159659917">
    <name>379.4</name>
  </wpt>
  <wpt lat="51.57328613731481" lon="4.68486711113158">
    <name>379.5</name>
  </wpt>
  <wpt lat="51.573105512690653" lon="4.6834496119297526">
    <name>379.6</name>
  </wpt>
  <wpt lat="51.572925802577046" lon="4.6820318188178023">
    <name>379.7</name>
  </wpt>
  <wpt lat="51.572747495210407" lon="4.680613571519693">
    <name>379.8</name>
  </wpt>
  <wpt lat="51.572579788199192" lon="4.6792051234994627">
    <name>379.9</name>
  </wpt>
  <wpt lat="51.5731979681639" lon="4.6784627467522952">
    <name>380.0</name>
  </wpt>
  <wpt lat="51.573196768514578" lon="4.677023815863647">
    <name>380.1</name>
  </wpt>
  <wpt lat="51.573043124322567" lon="4.6755981073336574">
    <name>380.2</name>
  </wpt>
  <wpt lat="51.572836553925647" lon="4.674192205134938">
    <name>380.3</name>
  </wpt>
  <wpt lat="51.572576798034085" lon="4.6728073672575752">
    <name>380.4</name>
  </wpt>
  <wpt lat="51.572255361336538" lon="4.6714561396847927">
    <name>380.5</name>
  </wpt>
  <wpt lat="51.571899590891448" lon="4.6701272278634693">
    <name>380.6</name>
  </wpt>
  <wpt lat="51.5714505049831" lon="4.6688760530133813">
    <name>380.7</name>
  </wpt>
  <wpt lat="51.570902928909433" lon="4.6677308049181852">
    <name>380.8</name>
  </wpt>
  <wpt lat="51.570310508132344" lon="4.6666427179178243">
    <name>380.9</name>
  </wpt>
  <wpt lat="51.569822769525338" lon="4.6655866342272">
    <name>381.0</name>
  </wpt>
  <wpt lat="51.570691079610405" lon="4.6652123052255314">
    <name>381.1</name>
  </wpt>
  <wpt lat="51.571325051961082" lon="4.666091765958484">
    <name>381.2</name>
  </wpt>
  <wpt lat="51.571794759920628" lon="4.6673221476360665">
    <name>381.3</name>
  </wpt>
  <wpt lat="51.572259874972985" lon="4.6685299374665332">
    <name>381.4</name>
  </wpt>
  <wpt lat="51.5727558913398" lon="4.6678176047722024">
    <name>381.5</name>
  </wpt>
  <wpt lat="51.572627614489171" lon="4.66638565097201">
    <name>381.6</name>
  </wpt>
  <wpt lat="51.572486552407952" lon="4.6649567952030644">
    <name>381.7</name>
  </wpt>
  <wpt lat="51.5722759178211" lon="4.6635554727183122">
    <name>381.8</name>
  </wpt>
  <wpt lat="51.572136030751928" lon="4.66212613427195">
    <name>381.9</name>
  </wpt>
  <wpt lat="51.572004526966488" lon="4.66069474182826">
    <name>382.0</name>
  </wpt>
  <wpt lat="51.572007572699974" lon="4.6592931711631467">
    <name>382.1</name>
  </wpt>
  <wpt lat="51.5717876299224" lon="4.6579091277399991">
    <name>382.2</name>
  </wpt>
  <wpt lat="51.571642660925512" lon="4.6564811718494088">
    <name>382.3</name>
  </wpt>
  <wpt lat="51.571501069319375" lon="4.6550537600658251">
    <name>382.4</name>
  </wpt>
  <wpt lat="51.571282364156694" lon="4.6536503736693708">
    <name>382.5</name>
  </wpt>
  <wpt lat="51.571000721889391" lon="4.6522768077665493">
    <name>382.6</name>
  </wpt>
  <wpt lat="51.570814016146258" lon="4.6508634394633406">
    <name>382.7</name>
  </wpt>
  <wpt lat="51.570729001895621" lon="4.6494345644807913">
    <name>382.8</name>
  </wpt>
  <wpt lat="51.570541404615035" lon="4.6483651364132159">
    <name>382.9</name>
  </wpt>
  <wpt lat="51.570432452877654" lon="4.6469294198735325">
    <name>383.0</name>
  </wpt>
  <wpt lat="51.570345505453844" lon="4.6454918195438282">
    <name>383.1</name>
  </wpt>
  <wpt lat="51.570329070731106" lon="4.6440464137254178">
    <name>383.2</name>
  </wpt>
  <wpt lat="51.57037644712512" lon="4.64260152884268">
    <name>383.3</name>
  </wpt>
  <wpt lat="51.570412024018637" lon="4.6411566557034662">
    <name>383.4</name>
  </wpt>
  <wpt lat="51.570446000015323" lon="4.63971101718336">
    <name>383.5</name>
  </wpt>
  <wpt lat="51.57020342444757" lon="4.6380276358426258">
    <name>383.89</name>
  </wpt>
  <wpt lat="51.570113919897636" lon="4.6376687775436958">
    <name>383.9</name>
  </wpt>
  <wpt lat="51.569748421798671" lon="4.6363473835616125">
    <name>384.0</name>
  </wpt>
  <wpt lat="51.569109778945787" lon="4.6355570633539322">
    <name>384.1</name>
  </wpt>
  <wpt lat="51.568254379642418" lon="4.6352991529211485">
    <name>384.2</name>
  </wpt>
  <wpt lat="51.567362621371174" lon="4.6354644590829874">
    <name>384.3</name>
  </wpt>
  <wpt lat="51.566543143884061" lon="4.635865681221305">
    <name>384.4</name>
  </wpt>
  <wpt lat="51.565874314600293" lon="4.636828115164672">
    <name>384.5</name>
  </wpt>
  <wpt lat="51.565263723246346" lon="4.6378743672698013">
    <name>384.6</name>
  </wpt>
  <wpt lat="51.564657732142308" lon="4.6389416681961455">
    <name>384.7</name>
  </wpt>
  <wpt lat="51.56407941543673" lon="4.6400477095358719">
    <name>384.8</name>
  </wpt>
  <wpt lat="51.563533794183726" lon="4.6411963764059374">
    <name>384.9</name>
  </wpt>
  <wpt lat="51.562982379577043" lon="4.6423344818551886">
    <name>385.0</name>
  </wpt>
  <wpt lat="51.562370939677514" lon="4.6433787251562793">
    <name>385.1</name>
  </wpt>
  <wpt lat="51.561777924807906" lon="4.6442835439237857">
    <name>385.2</name>
  </wpt>
  <wpt lat="51.561148843782583" lon="4.6433227813590543">
    <name>385.3</name>
  </wpt>
  <wpt lat="51.560522989368245" lon="4.6422839539915612">
    <name>385.4</name>
  </wpt>
  <wpt lat="51.559871877981941" lon="4.6424604931571389">
    <name>385.5</name>
  </wpt>
  <wpt lat="51.559198890502259" lon="4.6427663590675374">
    <name>385.6</name>
  </wpt>
  <wpt lat="51.558610454977853" lon="4.6416724575063659">
    <name>385.7</name>
  </wpt>
  <wpt lat="51.557790643716807" lon="4.6411276437069349">
    <name>385.8</name>
  </wpt>
  <wpt lat="51.557303390192608" lon="4.6399140395724432">
    <name>385.9</name>
  </wpt>
  <wpt lat="51.556821242015864" lon="4.6386930316141166">
    <name>386.0</name>
  </wpt>
  <wpt lat="51.55632328280965" lon="4.6374941443410327">
    <name>386.1</name>
  </wpt>
  <wpt lat="51.55575356103612" lon="4.6363918692192554">
    <name>386.2</name>
  </wpt>
  <wpt lat="51.555681355581832" lon="4.6350763542542381">
    <name>386.3</name>
  </wpt>
  <wpt lat="51.556088463785812" lon="4.6342038681515048">
    <name>386.4</name>
  </wpt>
  <wpt lat="51.555696991618625" lon="4.6329019744636479">
    <name>386.5</name>
  </wpt>
  <wpt lat="51.555272199289071" lon="4.63162708112492">
    <name>386.6</name>
  </wpt>
  <wpt lat="51.554786227029474" lon="4.6306852287281934">
    <name>386.7</name>
  </wpt>
  <wpt lat="51.554030921053283" lon="4.6314419310432529">
    <name>386.8</name>
  </wpt>
  <wpt lat="51.553422509415157" lon="4.6325051202875338">
    <name>386.9</name>
  </wpt>
  <wpt lat="51.552676612248234" lon="4.6333020135842204">
    <name>387.0</name>
  </wpt>
  <wpt lat="51.55185687299624" lon="4.6338879719580639">
    <name>387.1</name>
  </wpt>
  <wpt lat="51.551136830450304" lon="4.6347510101527876">
    <name>387.2</name>
  </wpt>
  <wpt lat="51.550429333965205" lon="4.6356438424624891">
    <name>387.3</name>
  </wpt>
  <wpt lat="51.549733954463242" lon="4.6365606737978657">
    <name>387.4</name>
  </wpt>
  <wpt lat="51.54904184973676" lon="4.637484086871118">
    <name>387.5</name>
  </wpt>
  <wpt lat="51.548338572666069" lon="4.6383854460551532">
    <name>387.6</name>
  </wpt>
  <wpt lat="51.547577444005853" lon="4.6381168020480539">
    <name>387.7</name>
  </wpt>
  <wpt lat="51.546800238598884" lon="4.6373892383904085">
    <name>387.8</name>
  </wpt>
  <wpt lat="51.546056146502877" lon="4.6365806670940479">
    <name>387.9</name>
  </wpt>
  <wpt lat="51.545449556981168" lon="4.6355166257768268">
    <name>388.0</name>
  </wpt>
  <wpt lat="51.544967956393947" lon="4.6342957288104953">
    <name>388.1</name>
  </wpt>
  <wpt lat="51.544497139410012" lon="4.6330636543483807">
    <name>388.2</name>
  </wpt>
  <wpt lat="51.544026358739686" lon="4.6318315648548127">
    <name>388.3</name>
  </wpt>
  <wpt lat="51.543555359292235" lon="4.63059974399934">
    <name>388.4</name>
  </wpt>
  <wpt lat="51.543096006688444" lon="4.6293565688885288">
    <name>388.5</name>
  </wpt>
  <wpt lat="51.542624796371726" lon="4.6281249772089676">
    <name>388.6</name>
  </wpt>
  <wpt lat="51.542158201610924" lon="4.6268888201004543">
    <name>388.7</name>
  </wpt>
  <wpt lat="51.541691606850243" lon="4.6256526756665286">
    <name>388.8</name>
  </wpt>
  <wpt lat="51.541228593042774" lon="4.6244130735470819">
    <name>388.9</name>
  </wpt>
  <wpt lat="51.540765704792094" lon="4.6231733644519952">
    <name>389.0</name>
  </wpt>
  <wpt lat="51.540295541949796" lon="4.6219407604613165">
    <name>389.1</name>
  </wpt>
  <wpt lat="51.540040095919238" lon="4.6205838007851039">
    <name>389.2</name>
  </wpt>
  <wpt lat="51.539901731147836" lon="4.6191571516497811">
    <name>389.3</name>
  </wpt>
  <wpt lat="51.539696894411577" lon="4.617749421848873">
    <name>389.4</name>
  </wpt>
  <wpt lat="51.539499376515977" lon="4.6163409929363981">
    <name>389.5</name>
  </wpt>
  <wpt lat="51.5395704813552" lon="4.61490568406627">
    <name>389.6</name>
  </wpt>
  <wpt lat="51.539703381961822" lon="4.6134860403830311">
    <name>389.7</name>
  </wpt>
  <wpt lat="51.539573675326942" lon="4.6122319507536549">
    <name>389.8</name>
  </wpt>
  <wpt lat="51.539488646665809" lon="4.6107931856004027">
    <name>389.9</name>
  </wpt>
  <wpt lat="51.539210602229446" lon="4.6094216949362306">
    <name>390.0</name>
  </wpt>
  <wpt lat="51.539204000039014" lon="4.6079858766352855">
    <name>390.1</name>
  </wpt>
  <wpt lat="51.53903708254731" lon="4.60656911513243">
    <name>390.2</name>
  </wpt>
  <wpt lat="51.53873604848944" lon="4.6052074147570252">
    <name>390.3</name>
  </wpt>
  <wpt lat="51.538437124659588" lon="4.6038437447939744">
    <name>390.4</name>
  </wpt>
  <wpt lat="51.538313921405795" lon="4.602414800233">
    <name>390.5</name>
  </wpt>
  <wpt lat="51.538244930790384" lon="4.6009747244415582">
    <name>390.6</name>
  </wpt>
  <wpt lat="51.538140710494268" lon="4.5995472750191375">
    <name>390.7</name>
  </wpt>
  <wpt lat="51.537683207375359" lon="4.5983024947620708">
    <name>390.8</name>
  </wpt>
  <wpt lat="51.537249044557285" lon="4.597039178064998">
    <name>390.9</name>
  </wpt>
  <wpt lat="51.536962184956465" lon="4.5956730386767495">
    <name>391.0</name>
  </wpt>
  <wpt lat="51.536956532182828" lon="4.5944684680145276">
    <name>391.1</name>
  </wpt>
  <wpt lat="51.537787562512371" lon="4.5939535559732754">
    <name>391.2</name>
  </wpt>
  <wpt lat="51.538678839538548" lon="4.5937636461771767">
    <name>391.3</name>
  </wpt>
  <wpt lat="51.539572485944866" lon="4.5936160000000177">
    <name>391.4</name>
  </wpt>
  <wpt lat="51.540469478228076" lon="4.5935259121231748">
    <name>391.5</name>
  </wpt>
  <wpt lat="51.541356467797975" lon="4.5932891449486366">
    <name>391.6</name>
  </wpt>
  <wpt lat="51.542194440433626" lon="4.5931931191533995">
    <name>391.7</name>
  </wpt>
  <wpt lat="51.543013007062058" lon="4.5927420487374686">
    <name>391.8</name>
  </wpt>
  <wpt lat="51.543899259275918" lon="4.592496419353302">
    <name>391.9</name>
  </wpt>
  <wpt lat="51.544782700336441" lon="4.5922278345401413">
    <name>392.0</name>
  </wpt>
  <wpt lat="51.545662362927153" lon="4.5919272871250882">
    <name>392.1</name>
  </wpt>
  <wpt lat="51.546543000005045" lon="4.5917317227876353">
    <name>392.2</name>
  </wpt>
  <wpt lat="51.546810919689918" lon="4.5905203546375359">
    <name>392.3</name>
  </wpt>
  <wpt lat="51.547187672473306" lon="4.5892085964785716">
    <name>392.4</name>
  </wpt>
  <wpt lat="51.547879024142844" lon="4.5883366242668613">
    <name>392.5</name>
  </wpt>
  <wpt lat="51.548641234571093" lon="4.5876097244296528">
    <name>392.6</name>
  </wpt>
  <wpt lat="51.550299329349123" lon="4.586518317376501">
    <name>392.83</name>
  </wpt>
  <wpt lat="51.550856479884452" lon="4.5861800124690255">
    <name>392.9</name>
  </wpt>
  <wpt lat="51.551710454333083" lon="4.5857346242199837">
    <name>393.0</name>
  </wpt>
  <wpt lat="51.552556660547914" lon="4.5852504419263846">
    <name>393.1</name>
  </wpt>
  <wpt lat="51.553394949580394" lon="4.5847288855178086">
    <name>393.2</name>
  </wpt>
  <wpt lat="51.554257850663532" lon="4.5844100000000028">
    <name>393.3</name>
  </wpt>
  <wpt lat="51.555141590519462" lon="4.5843592048924311">
    <name>393.4</name>
  </wpt>
  <wpt lat="51.555866990572369" lon="4.5837062438822542">
    <name>393.5</name>
  </wpt>
  <wpt lat="51.556721588544455" lon="4.5832625893916337">
    <name>393.6</name>
  </wpt>
  <wpt lat="51.557585152557486" lon="4.5828631235083863">
    <name>393.7</name>
  </wpt>
  <wpt lat="51.558413686046244" lon="4.5823042099437545">
    <name>393.8</name>
  </wpt>
  <wpt lat="51.559273699184764" lon="4.5818919432295626">
    <name>393.9</name>
  </wpt>
  <wpt lat="51.560137406559832" lon="4.5814958553162439">
    <name>394.0</name>
  </wpt>
  <wpt lat="51.561034117117273" lon="4.5814192427590248">
    <name>394.1</name>
  </wpt>
  <wpt lat="51.561922393444661" lon="4.5815812376503713">
    <name>394.2</name>
  </wpt>
  <wpt lat="51.562722000079773" lon="4.5820343353341464">
    <name>394.3</name>
  </wpt>
  <wpt lat="51.562790285900029" lon="4.5834759740363173">
    <name>394.4</name>
  </wpt>
  <wpt lat="51.562957059691307" lon="4.584891585658939">
    <name>394.5</name>
  </wpt>
  <wpt lat="51.5633196887453" lon="4.5862152876385665">
    <name>394.6</name>
  </wpt>
  <wpt lat="51.563702752193009" lon="4.5875222258891943">
    <name>394.7</name>
  </wpt>
  <wpt lat="51.564221899348318" lon="4.5886956980131046">
    <name>394.8</name>
  </wpt>
  <wpt lat="51.565060629697513" lon="4.5887110666194273">
    <name>394.9</name>
  </wpt>
  <wpt lat="51.565940953579819" lon="4.5889794041468521">
    <name>395.0</name>
  </wpt>
  <wpt lat="51.566812611826613" lon="4.5893279884744418">
    <name>395.1</name>
  </wpt>
  <wpt lat="51.567701773546588" lon="4.589544246511">
    <name>395.2</name>
  </wpt>
  <wpt lat="51.568595488836024" lon="4.5896927477866463">
    <name>395.3</name>
  </wpt>
  <wpt lat="51.569494523893361" lon="4.5897235918235886">
    <name>395.4</name>
  </wpt>
  <wpt lat="51.570391422155225" lon="4.5898116368079718">
    <name>395.5</name>
  </wpt>
  <wpt lat="51.571255815795176" lon="4.5902066997441358">
    <name>395.6</name>
  </wpt>
  <wpt lat="51.572118950774467" lon="4.5906130192746968">
    <name>395.7</name>
  </wpt>
  <wpt lat="51.572979892297035" lon="4.5910311992196657">
    <name>395.8</name>
  </wpt>
  <wpt lat="51.573871429662631" lon="4.5911689999999856">
    <name>395.9</name>
  </wpt>
  <wpt lat="51.574734384532142" lon="4.590825687286773">
    <name>396.0</name>
  </wpt>
  <wpt lat="51.575545949820274" lon="4.5902045698068665">
    <name>396.1</name>
  </wpt>
  <wpt lat="51.576431889965413" lon="4.5900253327149665">
    <name>396.2</name>
  </wpt>
  <wpt lat="51.577270169379211" lon="4.5898900144025614">
    <name>396.3</name>
  </wpt>
  <wpt lat="51.578095357975855" lon="4.5899181478094864">
    <name>396.4</name>
  </wpt>
  <wpt lat="51.578961074379315" lon="4.5895324691595514">
    <name>396.5</name>
  </wpt>
  <wpt lat="51.579652433817422" lon="4.5888581803589084">
    <name>396.6</name>
  </wpt>
  <wpt lat="51.580184046773873" lon="4.5877009064643275">
    <name>396.7</name>
  </wpt>
  <wpt lat="51.580873203031722" lon="4.5868179312376878">
    <name>396.8</name>
  </wpt>
  <wpt lat="51.581328460898916" lon="4.5855705282757917">
    <name>396.9</name>
  </wpt>
  <wpt lat="51.581786787660072" lon="4.5843258698277607">
    <name>397.0</name>
  </wpt>
  <wpt lat="51.582312232646828" lon="4.5831671492529464">
    <name>397.1</name>
  </wpt>
  <wpt lat="51.581881403658777" lon="4.5820408703028059">
    <name>397.2</name>
  </wpt>
  <wpt lat="51.581236776365216" lon="4.5810379830662207">
    <name>397.3</name>
  </wpt>
  <wpt lat="51.580473754210345" lon="4.5802751810488909">
    <name>397.4</name>
  </wpt>
  <wpt lat="51.57971390067582" lon="4.579501853493">
    <name>397.5</name>
  </wpt>
  <wpt lat="51.579395259833596" lon="4.5783662304634216">
    <name>397.6</name>
  </wpt>
  <wpt lat="51.579491327830311" lon="4.5769282226196788">
    <name>397.7</name>
  </wpt>
  <wpt lat="51.579628325427947" lon="4.575507922869126">
    <name>397.8</name>
  </wpt>
  <wpt lat="51.579866245433045" lon="4.5741168201275109">
    <name>397.9</name>
  </wpt>
  <wpt lat="51.580187397080621" lon="4.5727657142331832">
    <name>398.0</name>
  </wpt>
  <wpt lat="51.580335195879918" lon="4.5713604732173314">
    <name>398.1</name>
  </wpt>
  <wpt lat="51.580421141526934" lon="4.56992998482">
    <name>398.2</name>
  </wpt>
  <wpt lat="51.580283907055438" lon="4.568501114483503">
    <name>398.3</name>
  </wpt>
  <wpt lat="51.580365658860359" lon="4.5670632214854674">
    <name>398.4</name>
  </wpt>
  <wpt lat="51.580384452409966" lon="4.565630261962232">
    <name>398.5</name>
  </wpt>
  <wpt lat="51.57955451664639" lon="4.5653878878844329">
    <name>398.6</name>
  </wpt>
  <wpt lat="51.57865909627894" lon="4.5652554538959524">
    <name>398.7</name>
  </wpt>
  <wpt lat="51.577891475592025" lon="4.5645683309527119">
    <name>398.8</name>
  </wpt>
  <wpt lat="51.577323231019754" lon="4.5634475474175691">
    <name>398.9</name>
  </wpt>
  <wpt lat="51.576800024118555" lon="4.562270547508815">
    <name>399.0</name>
  </wpt>
  <wpt lat="51.576111075792284" lon="4.5613415407425446">
    <name>399.1</name>
  </wpt>
  <wpt lat="51.575999429114816" lon="4.56022301389919">
    <name>399.2</name>
  </wpt>
  <wpt lat="51.576327400861963" lon="4.5588783888299975">
    <name>399.3</name>
  </wpt>
  <wpt lat="51.57609781626973" lon="4.557508254090636">
    <name>399.4</name>
  </wpt>
  <wpt lat="51.57576528322187" lon="4.5561637557997789">
    <name>399.5</name>
  </wpt>
  <wpt lat="51.575590350728469" lon="4.554752070524076">
    <name>399.6</name>
  </wpt>
  <wpt lat="51.575484648944631" lon="4.5533163290615661">
    <name>399.7</name>
  </wpt>
  <wpt lat="51.575337503622819" lon="4.5518895865369133">
    <name>399.8</name>
  </wpt>
  <wpt lat="51.575249382688767" lon="4.5504502599236512">
    <name>399.9</name>
  </wpt>
  <wpt lat="51.575193054924689" lon="4.5490070186456215">
    <name>400.0</name>
  </wpt>
  <wpt lat="51.575367268034995" lon="4.5475918211231789">
    <name>400.1</name>
  </wpt>
  <wpt lat="51.575535120387819" lon="4.5461701935655476">
    <name>400.2</name>
  </wpt>
  <wpt lat="51.575165352597857" lon="4.5454549888828568">
    <name>400.3</name>
  </wpt>
  <wpt lat="51.574267348181088" lon="4.5453998380056495">
    <name>400.4</name>
  </wpt>
  <wpt lat="51.573748585071741" lon="4.5450824180286125">
    <name>400.5</name>
  </wpt>
  <wpt lat="51.574291015428564" lon="4.5439464656905084">
    <name>400.6</name>
  </wpt>
  <wpt lat="51.574636026706095" lon="4.542610160311062">
    <name>400.7</name>
  </wpt>
  <wpt lat="51.575002404610238" lon="4.5412891545778127">
    <name>400.8</name>
  </wpt>
  <wpt lat="51.575379754182194" lon="4.5399757415661712">
    <name>400.9</name>
  </wpt>
  <wpt lat="51.575508056265164" lon="4.5385714021727388">
    <name>401.0</name>
  </wpt>
  <wpt lat="51.575302212004914" lon="4.5372155210439926">
    <name>401.1</name>
  </wpt>
  <wpt lat="51.575668229012813" lon="4.5359045554113688">
    <name>401.2</name>
  </wpt>
  <wpt lat="51.575969942422979" lon="4.5345431373751763">
    <name>401.3</name>
  </wpt>
  <wpt lat="51.576261645521761" lon="4.5331743114338625">
    <name>401.4</name>
  </wpt>
  <wpt lat="51.576636167431232" lon="4.5318689017711478">
    <name>401.5</name>
  </wpt>
  <wpt lat="51.577356521212018" lon="4.5310200410413035">
    <name>401.6</name>
  </wpt>
  <wpt lat="51.578088610013069" lon="4.530180238096194">
    <name>401.7</name>
  </wpt>
  <wpt lat="51.578827069643182" lon="4.5293542880719606">
    <name>401.8</name>
  </wpt>
  <wpt lat="51.579640154374211" lon="4.528749095811424">
    <name>401.9</name>
  </wpt>
  <wpt lat="51.580467074394242" lon="4.5281852822778381">
    <name>402.0</name>
  </wpt>
  <wpt lat="51.581306021014278" lon="4.5276732766964587">
    <name>402.1</name>
  </wpt>
  <wpt lat="51.582047720641739" lon="4.5269492426914821">
    <name>402.2</name>
  </wpt>
  <wpt lat="51.582772451160814" lon="4.5272148812023421">
    <name>402.3</name>
  </wpt>
  <wpt lat="51.58366179531496" lon="4.5270108864549981">
    <name>402.4</name>
  </wpt>
  <wpt lat="51.58443831902278" lon="4.52675663797751">
    <name>402.5</name>
  </wpt>
  <wpt lat="51.584922525459" lon="4.52797390271691">
    <name>402.6</name>
  </wpt>
  <wpt lat="51.5855184968329" lon="4.5290576271589567">
    <name>402.7</name>
  </wpt>
  <wpt lat="51.586128192450545" lon="4.5301216118577239">
    <name>402.8</name>
  </wpt>
  <wpt lat="51.586761466869461" lon="4.5311490148607847">
    <name>402.9</name>
  </wpt>
  <wpt lat="51.587398730644914" lon="4.5321696337754167">
    <name>403.0</name>
  </wpt>
  <wpt lat="51.588020867299981" lon="4.5332056920774">
    <name>403.1</name>
  </wpt>
  <wpt lat="51.588735887475153" lon="4.5327618461446653">
    <name>403.2</name>
  </wpt>
  <wpt lat="51.588781560487462" lon="4.5313217944881883">
    <name>403.3</name>
  </wpt>
  <wpt lat="51.5887585380692" lon="4.5298757700133185">
    <name>403.4</name>
  </wpt>
  <wpt lat="51.588771000176436" lon="4.5284286566883276">
    <name>403.5</name>
  </wpt>
  <wpt lat="51.5887805341131" lon="4.5269829112490667">
    <name>403.6</name>
  </wpt>
  <wpt lat="51.588805443723913" lon="4.5255395206116811">
    <name>403.7</name>
  </wpt>
  <wpt lat="51.58905082092047" lon="4.5241489774408778">
    <name>403.8</name>
  </wpt>
  <wpt lat="51.589355443350492" lon="4.522795113421946">
    <name>403.9</name>
  </wpt>
  <wpt lat="51.589668723399782" lon="4.521447779904852">
    <name>404.0</name>
  </wpt>
  <wpt lat="51.589961995445279" lon="4.5200793958744869">
    <name>404.1</name>
  </wpt>
  <wpt lat="51.59026115512814" lon="4.5187188448799942">
    <name>404.2</name>
  </wpt>
  <wpt lat="51.590203180766565" lon="4.517437770371199">
    <name>404.3</name>
  </wpt>
  <wpt lat="51.590075900640862" lon="4.51600702880772">
    <name>404.4</name>
  </wpt>
  <wpt lat="51.589925764696538" lon="4.5145798229482077">
    <name>404.5</name>
  </wpt>
  <wpt lat="51.589775628752264" lon="4.5131526218053812">
    <name>404.6</name>
  </wpt>
  <wpt lat="51.5896528458328" lon="4.5117194890557029">
    <name>404.7</name>
  </wpt>
  <wpt lat="51.589630003174655" lon="4.51027453862443">
    <name>404.8</name>
  </wpt>
  <wpt lat="51.589626882313766" lon="4.5088272735872854">
    <name>404.9</name>
  </wpt>
  <wpt lat="51.589391779056733" lon="4.507454130746174">
    <name>405.0</name>
  </wpt>
  <wpt lat="51.589061286121073" lon="4.5061082052165675">
    <name>405.1</name>
  </wpt>
  <wpt lat="51.588762144681773" lon="4.5047436918117372">
    <name>405.2</name>
  </wpt>
  <wpt lat="51.588404873032438" lon="4.5034155623309395">
    <name>405.3</name>
  </wpt>
  <wpt lat="51.5880390982765" lon="4.5020955549631179">
    <name>405.4</name>
  </wpt>
  <wpt lat="51.587573047324966" lon="4.500868492067327">
    <name>405.5</name>
  </wpt>
  <wpt lat="51.58705974116323" lon="4.499679989836455">
    <name>405.6</name>
  </wpt>
  <wpt lat="51.586540227462713" lon="4.4984987146997861">
    <name>405.7</name>
  </wpt>
  <wpt lat="51.585789044222786" lon="4.4977195477282459">
    <name>405.8</name>
  </wpt>
  <wpt lat="51.58507077856072" lon="4.4968612287944527">
    <name>405.9</name>
  </wpt>
  <wpt lat="51.584673000201185" lon="4.4956236531607914">
    <name>406.0</name>
  </wpt>
  <wpt lat="51.5848445479363" lon="4.4942099703584324">
    <name>406.1</name>
  </wpt>
  <wpt lat="51.585139595889849" lon="4.492842846480829">
    <name>406.2</name>
  </wpt>
  <wpt lat="51.585424000074859" lon="4.4914834253449536">
    <name>406.3</name>
  </wpt>
  <wpt lat="51.585819193151679" lon="4.4903595631334348">
    <name>406.4</name>
  </wpt>
  <wpt lat="51.585879386254852" lon="4.4890367262186768">
    <name>406.5</name>
  </wpt>
  <wpt lat="51.585822687443304" lon="4.4876031763050044">
    <name>406.6</name>
  </wpt>
  <wpt lat="51.585480062889864" lon="4.486267238472899">
    <name>406.7</name>
  </wpt>
  <wpt lat="51.585119970949073" lon="4.48494095870286">
    <name>406.8</name>
  </wpt>
  <wpt lat="51.584760096539817" lon="4.48361453518661">
    <name>406.9</name>
  </wpt>
  <wpt lat="51.584399707866169" lon="4.4822884930103157">
    <name>407.0</name>
  </wpt>
  <wpt lat="51.584040602035444" lon="4.48096165309493">
    <name>407.1</name>
  </wpt>
  <wpt lat="51.583785662356682" lon="4.4795768752907641">
    <name>407.2</name>
  </wpt>
  <wpt lat="51.583627905815824" lon="4.4781524460776758">
    <name>407.3</name>
  </wpt>
  <wpt lat="51.583557000003374" lon="4.4767245376025926">
    <name>407.4</name>
  </wpt>
  <wpt lat="51.583500374723059" lon="4.4753025301745728">
    <name>407.5</name>
  </wpt>
  <wpt lat="51.583517369694626" lon="4.473855476008">
    <name>407.6</name>
  </wpt>
  <wpt lat="51.5835333229123" lon="4.4724083903472183">
    <name>407.7</name>
  </wpt>
  <wpt lat="51.583579000068518" lon="4.4709646720951941">
    <name>407.8</name>
  </wpt>
  <wpt lat="51.583600000319159" lon="4.469518038611989">
    <name>407.9</name>
  </wpt>
  <wpt lat="51.5836255167918" lon="4.4681130811499656">
    <name>408.0</name>
  </wpt>
  <wpt lat="51.58778851651406" lon="4.4597205818834862">
    <name>409.05</name>
  </wpt>
  <wpt lat="51.587291470609948" lon="4.4596873128325765">
    <name>409.1</name>
  </wpt>
  <wpt lat="51.5870326088827" lon="4.4583565440740713">
    <name>409.2</name>
  </wpt>
  <wpt lat="51.586896756268075" lon="4.4569877290255207">
    <name>409.3</name>
  </wpt>
  <wpt lat="51.58667045075989" lon="4.4555889860158047">
    <name>409.4</name>
  </wpt>
  <wpt lat="51.586218581877233" lon="4.4543455854372533">
    <name>409.5</name>
  </wpt>
  <wpt lat="51.585464397835707" lon="4.4536023864873888">
    <name>409.6</name>
  </wpt>
  <wpt lat="51.584816990278732" lon="4.4535260129908369">
    <name>409.7</name>
  </wpt>
  <wpt lat="51.584085572207719" lon="4.4543423730728522">
    <name>409.8</name>
  </wpt>
  <wpt lat="51.583202885745" lon="4.4546176053576589">
    <name>409.9</name>
  </wpt>
  <wpt lat="51.5663547053364" lon="4.4713903511759092">
    <name>412.41</name>
  </wpt>
  <wpt lat="51.566326012022195" lon="4.4713047126396033">
    <name>412.4</name>
  </wpt>
  <wpt lat="51.565637250419044" lon="4.4711338390426949">
    <name>412.5</name>
  </wpt>
  <wpt lat="51.564793490416179" lon="4.4716344336004648">
    <name>412.6</name>
  </wpt>
  <wpt lat="51.563947491086928" lon="4.4721251430247166">
    <name>412.7</name>
  </wpt>
  <wpt lat="51.563106663838106" lon="4.4726377795859067">
    <name>412.8</name>
  </wpt>
  <wpt lat="51.562260093466463" lon="4.4731255991572594">
    <name>412.9</name>
  </wpt>
  <wpt lat="51.561584000002945" lon="4.4737063515985893">
    <name>413.0</name>
  </wpt>
  <wpt lat="51.56129189820917" lon="4.4747843031924184">
    <name>413.1</name>
  </wpt>
  <wpt lat="51.560700273163931" lon="4.4758463173119187">
    <name>413.2</name>
  </wpt>
  <wpt lat="51.560314256437742" lon="4.4771459442112276">
    <name>413.3</name>
  </wpt>
  <wpt lat="51.559937495366171" lon="4.4783176677278513">
    <name>413.4</name>
  </wpt>
  <wpt lat="51.559136454673457" lon="4.477672699683743">
    <name>413.5</name>
  </wpt>
  <wpt lat="51.558350412650135" lon="4.476969896970898">
    <name>413.6</name>
  </wpt>
  <wpt lat="51.557564370626864" lon="4.4762671064045145">
    <name>413.7</name>
  </wpt>
  <wpt lat="51.556779349035757" lon="4.4755614499642729">
    <name>413.8</name>
  </wpt>
  <wpt lat="51.55603179398701" lon="4.4747773818825447">
    <name>413.9</name>
  </wpt>
  <wpt lat="51.555879056372625" lon="4.4736029999999989">
    <name>414.0</name>
  </wpt>
  <wpt lat="51.554979867115456" lon="4.4736239999999547">
    <name>414.1</name>
  </wpt>
  <wpt lat="51.554094525008658" lon="4.4736606794453531">
    <name>414.2</name>
  </wpt>
  <wpt lat="51.553198606057414" lon="4.47353784259946">
    <name>414.3</name>
  </wpt>
  <wpt lat="51.552304996842111" lon="4.47338800000004">
    <name>414.4</name>
  </wpt>
  <wpt lat="51.551411148655326" lon="4.4732524895778569">
    <name>414.5</name>
  </wpt>
  <wpt lat="51.550524862185718" lon="4.4730087131895289">
    <name>414.6</name>
  </wpt>
  <wpt lat="51.549636952609525" lon="4.47278700000003">
    <name>414.7</name>
  </wpt>
  <wpt lat="51.548771569715868" lon="4.4731045939866885">
    <name>414.8</name>
  </wpt>
  <wpt lat="51.547928809826772" lon="4.4735968419162813">
    <name>414.9</name>
  </wpt>
  <wpt lat="51.547058511815521" lon="4.4738981820335466">
    <name>415.0</name>
  </wpt>
  <wpt lat="51.54622889184062" lon="4.47443578451341">
    <name>415.1</name>
  </wpt>
  <wpt lat="51.545365124382293" lon="4.4747829999999835">
    <name>415.2</name>
  </wpt>
  <wpt lat="51.54449013261538" lon="4.4744970659039653">
    <name>415.3</name>
  </wpt>
  <wpt lat="51.543847240923618" lon="4.4746029337201758">
    <name>415.4</name>
  </wpt>
  <wpt lat="51.54355405042952" lon="4.475969888798363">
    <name>415.5</name>
  </wpt>
  <wpt lat="51.542776261963226" lon="4.4762831389554423">
    <name>415.6</name>
  </wpt>
  <wpt lat="51.541877015986827" lon="4.4762966600913376">
    <name>415.7</name>
  </wpt>
  <wpt lat="51.540977974262567" lon="4.47632799999996">
    <name>415.8</name>
  </wpt>
  <wpt lat="51.540078764634416" lon="4.4763421999407251">
    <name>415.9</name>
  </wpt>
  <wpt lat="51.539188102803756" lon="4.4765041022879055">
    <name>416.0</name>
  </wpt>
  <wpt lat="51.538305157206871" lon="4.4764650158870669">
    <name>416.1</name>
  </wpt>
  <wpt lat="51.537410832185778" lon="4.4765639999999776">
    <name>416.2</name>
  </wpt>
  <wpt lat="51.536561491391971" lon="4.4765578362179266">
    <name>416.3</name>
  </wpt>
  <wpt lat="51.535666774427966" lon="4.4764257229517961">
    <name>416.4</name>
  </wpt>
  <wpt lat="51.534777092771868" lon="4.4762208689665615">
    <name>416.5</name>
  </wpt>
  <wpt lat="51.533914837629517" lon="4.4758825448296049">
    <name>416.6</name>
  </wpt>
  <wpt lat="51.533031523023624" lon="4.4757043673095245">
    <name>416.7</name>
  </wpt>
  <wpt lat="51.53214825010366" lon="4.4754324685704905">
    <name>416.8</name>
  </wpt>
  <wpt lat="51.531728192134771" lon="4.4765857070780513">
    <name>416.9</name>
  </wpt>
  <wpt lat="51.53131742005327" lon="4.4778717377506556">
    <name>417.0</name>
  </wpt>
  <wpt lat="51.530894483008673" lon="4.4791449882651069">
    <name>417.1</name>
  </wpt>
  <wpt lat="51.530511557257419" lon="4.480430774454935">
    <name>417.2</name>
  </wpt>
  <wpt lat="51.529740773410317" lon="4.481142269505459">
    <name>417.3</name>
  </wpt>
  <wpt lat="51.528958075589436" lon="4.4818496295499193">
    <name>417.4</name>
  </wpt>
  <wpt lat="51.528174290209968" lon="4.48255845235621">
    <name>417.5</name>
  </wpt>
  <wpt lat="51.52738423158123" lon="4.4832475213145564">
    <name>417.6</name>
  </wpt>
  <wpt lat="51.526517158665868" lon="4.4835380000000216">
    <name>417.7</name>
  </wpt>
  <wpt lat="51.525627561607884" lon="4.4833371540693925">
    <name>417.8</name>
  </wpt>
  <wpt lat="51.524736234519892" lon="4.48314486021398">
    <name>417.9</name>
  </wpt>
  <wpt lat="51.52390211029013" lon="4.4827105169356081">
    <name>418.0</name>
  </wpt>
  <wpt lat="51.523598690892996" lon="4.4813704804764711">
    <name>418.1</name>
  </wpt>
  <wpt lat="51.5233349011494" lon="4.4799886560336049">
    <name>418.2</name>
  </wpt>
  <wpt lat="51.5202389867829" lon="4.47924099698102">
    <name>418.83</name>
  </wpt>
  <wpt lat="51.51954218666058" lon="4.47942528462694">
    <name>418.9</name>
  </wpt>
  <wpt lat="51.518680132166978" lon="4.479836966081006">
    <name>419.0</name>
  </wpt>
  <wpt lat="51.5178170205814" lon="4.4802425465101985">
    <name>419.1</name>
  </wpt>
  <wpt lat="51.517075392048305" lon="4.4801654911811939">
    <name>419.2</name>
  </wpt>
  <wpt lat="51.516816898663606" lon="4.4787819268003677">
    <name>419.3</name>
  </wpt>
  <wpt lat="51.516579001777551" lon="4.4773891226014344">
    <name>419.4</name>
  </wpt>
  <wpt lat="51.516326334414657" lon="4.4760026028997819">
    <name>419.5</name>
  </wpt>
  <wpt lat="51.526023650379692" lon="4.46579200000003">
    <name>421.25</name>
  </wpt>
  <wpt lat="51.526608863520821" lon="4.4656979331280633">
    <name>421.3</name>
  </wpt>
  <wpt lat="51.52749287234424" lon="4.4655316359243162">
    <name>421.4</name>
  </wpt>
  <wpt lat="51.528369154223725" lon="4.4652065273828878">
    <name>421.5</name>
  </wpt>
  <wpt lat="51.529203490080718" lon="4.4647951919223852">
    <name>421.6</name>
  </wpt>
  <wpt lat="51.530002045785167" lon="4.4651692444848958">
    <name>421.7</name>
  </wpt>
  <wpt lat="51.530263486370814" lon="4.4638295648318849">
    <name>421.8</name>
  </wpt>
  <wpt lat="51.530640662306205" lon="4.462517269147372">
    <name>421.9</name>
  </wpt>
  <wpt lat="51.5310029152401" lon="4.4611962768990638">
    <name>422.0</name>
  </wpt>
  <wpt lat="51.531440730646793" lon="4.459936916911146">
    <name>422.1</name>
  </wpt>
  <wpt lat="51.530229949126522" lon="4.4469514937305386">
    <name>423.44</name>
  </wpt>
  <wpt lat="51.529542027185236" lon="4.4468675923680108">
    <name>423.5</name>
  </wpt>
  <wpt lat="51.5286452125215" lon="4.4467751177391213">
    <name>423.6</name>
  </wpt>
  <wpt lat="51.52777082361505" lon="4.446651160496379">
    <name>423.7</name>
  </wpt>
  <wpt lat="51.527573673912883" lon="4.44540752559695">
    <name>423.8</name>
  </wpt>
  <wpt lat="51.527502804871247" lon="4.4439983784005248">
    <name>423.9</name>
  </wpt>
  <wpt lat="51.527406925379758" lon="4.4425610885012015">
    <name>424.0</name>
  </wpt>
  <wpt lat="51.527278093680422" lon="4.4411312272864549">
    <name>424.1</name>
  </wpt>
  <wpt lat="51.5270857011601" lon="4.4397195696078908">
    <name>424.2</name>
  </wpt>
  <wpt lat="51.52690847136445" lon="4.4383024647094524">
    <name>424.3</name>
  </wpt>
  <wpt lat="51.526583789057888" lon="4.4374481433458328">
    <name>424.4</name>
  </wpt>
  <wpt lat="51.525703885313071" lon="4.4377459859191726">
    <name>424.5</name>
  </wpt>
  <wpt lat="51.524823620876433" lon="4.4379867762420577">
    <name>424.6</name>
  </wpt>
  <wpt lat="51.523957398602768" lon="4.4383226364560233">
    <name>424.7</name>
  </wpt>
  <wpt lat="51.52308212099603" lon="4.4386514179923768">
    <name>424.8</name>
  </wpt>
  <wpt lat="51.522204708614375" lon="4.438868749870605">
    <name>424.9</name>
  </wpt>
  <wpt lat="51.521330921648932" lon="4.43918108257913">
    <name>425.0</name>
  </wpt>
  <wpt lat="51.520605655365088" lon="4.4388904759157768">
    <name>425.1</name>
  </wpt>
  <wpt lat="51.520066125366519" lon="4.4377341565335433">
    <name>425.2</name>
  </wpt>
  <wpt lat="51.519635764940304" lon="4.4364736475867863">
    <name>425.3</name>
  </wpt>
  <wpt lat="51.519194859495293" lon="4.4352146130767842">
    <name>425.4</name>
  </wpt>
  <wpt lat="51.518777313561706" lon="4.4339345690832781">
    <name>425.5</name>
  </wpt>
  <wpt lat="51.518369266975263" lon="4.4326483695710568">
    <name>425.6</name>
  </wpt>
  <wpt lat="51.518040179916831" lon="4.4313050002537562">
    <name>425.7</name>
  </wpt>
  <wpt lat="51.517551191793544" lon="4.4302640904798141">
    <name>425.8</name>
  </wpt>
  <wpt lat="51.51715434870696" lon="4.4290786333631891">
    <name>425.9</name>
  </wpt>
  <wpt lat="51.5165648873613" lon="4.4280009883011449">
    <name>426.0</name>
  </wpt>
  <wpt lat="51.515771347788231" lon="4.4273434062838328">
    <name>426.1</name>
  </wpt>
  <wpt lat="51.514884991995352" lon="4.4272138058632224">
    <name>426.2</name>
  </wpt>
  <wpt lat="51.514104802598759" lon="4.4274015567425682">
    <name>426.3</name>
  </wpt>
  <wpt lat="51.507376527721988" lon="4.416362959813692">
    <name>427.42</name>
  </wpt>
  <wpt lat="51.506705161512784" lon="4.4155943345630693">
    <name>427.5</name>
  </wpt>
  <wpt lat="51.506048844132621" lon="4.4146099455069105">
    <name>427.6</name>
  </wpt>
  <wpt lat="51.505403688007462" lon="4.413603352024202">
    <name>427.7</name>
  </wpt>
  <wpt lat="51.504723091480038" lon="4.4126596423886237">
    <name>427.8</name>
  </wpt>
  <wpt lat="51.504084570425888" lon="4.4116422397010631">
    <name>427.9</name>
  </wpt>
  <wpt lat="51.503464289182517" lon="4.4105985782734436">
    <name>428.0</name>
  </wpt>
  <wpt lat="51.502874477292032" lon="4.4095527377217092">
    <name>428.1</name>
  </wpt>
  <wpt lat="51.50206949942514" lon="4.4089178830195319">
    <name>428.2</name>
  </wpt>
  <wpt lat="51.501814041925606" lon="4.407569212479995">
    <name>428.3</name>
  </wpt>
  <wpt lat="51.501693164346108" lon="4.4061376070885512">
    <name>428.4</name>
  </wpt>
  <wpt lat="51.501550237815344" lon="4.4047122534153376">
    <name>428.5</name>
  </wpt>
  <wpt lat="51.501185877403891" lon="4.4033972851737264">
    <name>428.6</name>
  </wpt>
  <wpt lat="51.500728607713462" lon="4.4021532842396791">
    <name>428.7</name>
  </wpt>
  <wpt lat="51.500271338023126" lon="4.4009092957872475">
    <name>428.8</name>
  </wpt>
  <wpt lat="51.499818846761052" lon="4.3996608306946356">
    <name>428.9</name>
  </wpt>
  <wpt lat="51.499185260614738" lon="4.3991019999999921">
    <name>429.0</name>
  </wpt>
  <wpt lat="51.498287704371513" lon="4.3990518394626452">
    <name>429.1</name>
  </wpt>
  <wpt lat="51.497461679627939" lon="4.3986940758942508">
    <name>429.2</name>
  </wpt>
  <wpt lat="51.496638697305293" lon="4.398735253384503">
    <name>429.3</name>
  </wpt>
  <wpt lat="51.495745228181363" lon="4.3986022466709462">
    <name>429.4</name>
  </wpt>
  <wpt lat="51.494848226346662" lon="4.3984985605887372">
    <name>429.5</name>
  </wpt>
  <wpt lat="51.493956871784583" lon="4.39833395627527">
    <name>429.6</name>
  </wpt>
  <wpt lat="51.493060937454878" lon="4.3982087064649784">
    <name>429.7</name>
  </wpt>
  <wpt lat="51.492165003125166" lon="4.3980834591162834">
    <name>429.8</name>
  </wpt>
  <wpt lat="51.491267928236681" lon="4.3979987437727663">
    <name>429.9</name>
  </wpt>
  <wpt lat="51.49037463629729" lon="4.3978790000000165">
    <name>430.0</name>
  </wpt>
  <wpt lat="51.489486795142369" lon="4.3981079323097365">
    <name>430.1</name>
  </wpt>
  <wpt lat="51.488599792474595" lon="4.3983455103232822">
    <name>430.2</name>
  </wpt>
  <wpt lat="51.487711904426313" lon="4.39857232476403">
    <name>430.3</name>
  </wpt>
  <wpt lat="51.48684417738405" lon="4.3986115924473248">
    <name>430.4</name>
  </wpt>
  <wpt lat="51.486259283192595" lon="4.398937304242982">
    <name>430.5</name>
  </wpt>
  <wpt lat="51.485372205442175" lon="4.3987010509496969">
    <name>430.6</name>
  </wpt>
  <wpt lat="51.484484364805922" lon="4.3984710442097263">
    <name>430.7</name>
  </wpt>
  <wpt lat="51.483596597717593" lon="4.3982402938900655">
    <name>430.8</name>
  </wpt>
  <wpt lat="51.482708514944143" lon="4.398012699293961">
    <name>430.9</name>
  </wpt>
  <wpt lat="51.481821274044322" lon="4.3977772622563966">
    <name>431.0</name>
  </wpt>
  <wpt lat="51.480932684145785" lon="4.39758166220106">
    <name>431.1</name>
  </wpt>
  <wpt lat="51.480050662864436" lon="4.3978569999999806">
    <name>431.2</name>
  </wpt>
  <wpt lat="51.479153695119273" lon="4.3977554597280957">
    <name>431.3</name>
  </wpt>
  <wpt lat="51.47825686202664" lon="4.3976481128446485">
    <name>431.4</name>
  </wpt>
  <wpt lat="51.477360028934008" lon="4.3975407680718694">
    <name>431.5</name>
  </wpt>
  <wpt lat="51.476463195841383" lon="4.3974334254096545">
    <name>431.6</name>
  </wpt>
  <wpt lat="51.47556633565727" lon="4.3973266726483269">
    <name>431.7</name>
  </wpt>
  <wpt lat="51.474669428098146" lon="4.3972209502161359">
    <name>431.8</name>
  </wpt>
  <wpt lat="51.473772749234605" lon="4.3971105548510252">
    <name>431.9</name>
  </wpt>
  <wpt lat="51.472876557978296" lon="4.3969901935034077">
    <name>432.0</name>
  </wpt>
  <wpt lat="51.471980366721986" lon="4.3968698345201886">
    <name>432.1</name>
  </wpt>
  <wpt lat="51.471083156355057" lon="4.3967746712620688">
    <name>432.2</name>
  </wpt>
  <wpt lat="51.470186613605875" lon="4.3966632063414535">
    <name>432.3</name>
  </wpt>
  <wpt lat="51.469290384524932" lon="4.3965435825631438">
    <name>432.4</name>
  </wpt>
  <wpt lat="51.468394110331687" lon="4.3964248651419551">
    <name>432.5</name>
  </wpt>
  <wpt lat="51.467498697351324" lon="4.39629285748856">
    <name>432.6</name>
  </wpt>
  <wpt lat="51.466605240746304" lon="4.3961282559182067">
    <name>432.7</name>
  </wpt>
  <wpt lat="51.465708153389414" lon="4.39603189359372">
    <name>432.8</name>
  </wpt>
  <wpt lat="51.464810248433515" lon="4.3959508996985628">
    <name>432.9</name>
  </wpt>
  <wpt lat="51.463912750118354" lon="4.395859192139973">
    <name>433.0</name>
  </wpt>
  <wpt lat="51.463015637069283" lon="4.3957580894975532">
    <name>433.1</name>
  </wpt>
  <wpt lat="51.462120471541475" lon="4.3956210357640844">
    <name>433.2</name>
  </wpt>
  <wpt lat="51.461230353714825" lon="4.3954175880239026">
    <name>433.3</name>
  </wpt>
  <wpt lat="51.4609034154347" lon="4.3942116563828924">
    <name>433.4</name>
  </wpt>
  <wpt lat="51.460318828391813" lon="4.3931152446536688">
    <name>433.5</name>
  </wpt>
  <wpt lat="51.459731579932594" lon="4.3920220678070718">
    <name>433.6</name>
  </wpt>
  <wpt lat="51.459141601749657" lon="4.3909333948881848">
    <name>433.7</name>
  </wpt>
  <wpt lat="51.458347085826269" lon="4.3902691487780041">
    <name>433.8</name>
  </wpt>
  <wpt lat="51.457537932545513" lon="4.3896392347768467">
    <name>433.9</name>
  </wpt>
  <wpt lat="51.456728779264807" lon="4.3890093319421331">
    <name>434.0</name>
  </wpt>
  <wpt lat="51.455918521763067" lon="4.38838316136193">
    <name>434.1</name>
  </wpt>
  <wpt lat="51.455103755077751" lon="4.3877722012397768">
    <name>434.2</name>
  </wpt>
  <wpt lat="51.454291560965622" lon="4.3871527937690651">
    <name>434.3</name>
  </wpt>
  <wpt lat="51.453489515757795" lon="4.386499961625498">
    <name>434.4</name>
  </wpt>
  <wpt lat="51.452704936944023" lon="4.3858071483027175">
    <name>434.5</name>
  </wpt>
  <wpt lat="51.452377294072441" lon="4.3845319421015274">
    <name>434.6</name>
  </wpt>
  <wpt lat="51.452618013553639" lon="4.3831417271735349">
    <name>434.7</name>
  </wpt>
  <wpt lat="51.45225980807249" lon="4.3822769846397565">
    <name>434.8</name>
  </wpt>
  <wpt lat="51.451402146857617" lon="4.3818428371991791">
    <name>434.9</name>
  </wpt>
  <wpt lat="51.450553837546551" lon="4.3813688375363773">
    <name>435.0</name>
  </wpt>
  <wpt lat="51.449908548540684" lon="4.3807267239860517">
    <name>435.1</name>
  </wpt>
  <wpt lat="51.449047484710789" lon="4.3803103024538412">
    <name>435.2</name>
  </wpt>
  <wpt lat="51.448204351793024" lon="4.3798217344946142">
    <name>435.3</name>
  </wpt>
  <wpt lat="51.447345935253992" lon="4.3794371175809035">
    <name>435.4</name>
  </wpt>
  <wpt lat="51.446479551823884" lon="4.3790553492852444">
    <name>435.5</name>
  </wpt>
  <wpt lat="51.445596204903048" lon="4.3787860451686251">
    <name>435.6</name>
  </wpt>
  <wpt lat="51.444710096697392" lon="4.3785396075600191">
    <name>435.7</name>
  </wpt>
  <wpt lat="51.443823988491744" lon="4.3782931747332379">
    <name>435.8</name>
  </wpt>
  <wpt lat="51.442937880286109" lon="4.378046746687974">
    <name>435.9</name>
  </wpt>
  <wpt lat="51.442051630533463" lon="4.3778016915956508">
    <name>436.0</name>
  </wpt>
  <wpt lat="51.441163357651178" lon="4.3775762234780009">
    <name>436.1</name>
  </wpt>
  <wpt lat="51.4402740677806" lon="4.3773804993456134">
    <name>436.2</name>
  </wpt>
  <wpt lat="51.43940595861423" lon="4.37702282836403">
    <name>436.3</name>
  </wpt>
  <wpt lat="51.438566494409223" lon="4.3765097746822024">
    <name>436.4</name>
  </wpt>
  <wpt lat="51.437816889246271" lon="4.3757371421170008">
    <name>436.5</name>
  </wpt>
  <wpt lat="51.437236697600447" lon="4.3746803518774">
    <name>436.6</name>
  </wpt>
  <wpt lat="51.43656334166355" lon="4.3739122149271079">
    <name>436.7</name>
  </wpt>
  <wpt lat="51.435730710235937" lon="4.3744220611395352">
    <name>436.8</name>
  </wpt>
  <wpt lat="51.434917831810253" lon="4.3750382529531322">
    <name>436.9</name>
  </wpt>
  <wpt lat="51.434119561385636" lon="4.375674277533447">
    <name>437.0</name>
  </wpt>
  <wpt lat="51.433373455622167" lon="4.3763855937583278">
    <name>437.1</name>
  </wpt>
  <wpt lat="51.432579258161361" lon="4.3768286387455646">
    <name>437.2</name>
  </wpt>
  <wpt lat="51.431707225423281" lon="4.3767493359067533">
    <name>437.3</name>
  </wpt>
  <wpt lat="51.43087336835432" lon="4.37706389633949">
    <name>437.4</name>
  </wpt>
  <wpt lat="51.4303026192317" lon="4.3760078547064847">
    <name>437.5</name>
  </wpt>
  <wpt lat="51.429828596043045" lon="4.374782172270252">
    <name>437.6</name>
  </wpt>
  <wpt lat="51.429366637090794" lon="4.3735446751016376">
    <name>437.7</name>
  </wpt>
  <wpt lat="51.42889771633196" lon="4.3723138586610588">
    <name>437.8</name>
  </wpt>
  <wpt lat="51.4284308487185" lon="4.3710810485795966">
    <name>437.9</name>
  </wpt>
  <wpt lat="51.427965021216671" lon="4.3698472372950414">
    <name>438.0</name>
  </wpt>
  <wpt lat="51.427496411962053" lon="4.3686161998594466">
    <name>438.1</name>
  </wpt>
  <wpt lat="51.427148931898124" lon="4.3673292823083552">
    <name>438.2</name>
  </wpt>
  <wpt lat="51.4264775155446" lon="4.3668722433060525">
    <name>438.3</name>
  </wpt>
  <wpt lat="51.425736209823036" lon="4.3660572098213857">
    <name>438.4</name>
  </wpt>
  <wpt lat="51.424931564636907" lon="4.36541337084274">
    <name>438.5</name>
  </wpt>
  <wpt lat="51.424103822974736" lon="4.3648495267548624">
    <name>438.6</name>
  </wpt>
  <wpt lat="51.4233317375858" lon="4.3641168859748278">
    <name>438.7</name>
  </wpt>
  <wpt lat="51.422738151698155" lon="4.3630891878208722">
    <name>438.8</name>
  </wpt>
  <wpt lat="51.422085308066755" lon="4.3620974277691911">
    <name>438.9</name>
  </wpt>
  <wpt lat="51.4214267920144" lon="4.3611152271066578">
    <name>439.0</name>
  </wpt>
  <wpt lat="51.420659771870731" lon="4.3603777262904737">
    <name>439.1</name>
  </wpt>
  <wpt lat="51.4198439844979" lon="4.3597741502276284">
    <name>439.2</name>
  </wpt>
  <wpt lat="51.419020932164536" lon="4.3591929546242971">
    <name>439.3</name>
  </wpt>
  <wpt lat="51.418197879831219" lon="4.3586117694862629">
    <name>439.4</name>
  </wpt>
  <wpt lat="51.41737191312702" lon="4.3580415021899395">
    <name>439.5</name>
  </wpt>
  <wpt lat="51.416562916376229" lon="4.3574411029048026">
    <name>439.6</name>
  </wpt>
  <wpt lat="51.415751471654112" lon="4.3568407962731435">
    <name>439.7</name>
  </wpt>
  <wpt lat="51.414961457307719" lon="4.3561517830058518">
    <name>439.8</name>
  </wpt>
  <wpt lat="51.414135890202417" lon="4.3556264977805128">
    <name>439.9</name>
  </wpt>
  <wpt lat="51.413359186573061" lon="4.3549000270936649">
    <name>440.0</name>
  </wpt>
  <wpt lat="51.412608819504207" lon="4.3541053907015828">
    <name>440.1</name>
  </wpt>
  <wpt lat="51.411866058362996" lon="4.3532925835503349">
    <name>440.2</name>
  </wpt>
  <wpt lat="51.411129243340518" lon="4.3524661326766747">
    <name>440.3</name>
  </wpt>
  <wpt lat="51.410417892901329" lon="4.3515839658698878">
    <name>440.4</name>
  </wpt>
  <wpt lat="51.409707954779272" lon="4.3506988966712843">
    <name>440.5</name>
  </wpt>
  <wpt lat="51.409276717089071" lon="4.3495732678910475">
    <name>440.6</name>
  </wpt>
  <wpt lat="51.408607847647325" lon="4.3497597682650424">
    <name>440.7</name>
  </wpt>
  <wpt lat="51.407881315658358" lon="4.3506074262782608">
    <name>440.8</name>
  </wpt>
  <wpt lat="51.407115213146739" lon="4.351360936814995">
    <name>440.9</name>
  </wpt>
  <wpt lat="51.406337270656906" lon="4.3520842656894727">
    <name>441.0</name>
  </wpt>
  <wpt lat="51.405557868597512" lon="4.3528035264938554">
    <name>441.1</name>
  </wpt>
  <wpt lat="51.404774525259334" lon="4.3535115167130654">
    <name>441.2</name>
  </wpt>
  <wpt lat="51.403984206082342" lon="4.354199465458068">
    <name>441.3</name>
  </wpt>
  <wpt lat="51.403127945350192" lon="4.3546198459425138">
    <name>441.4</name>
  </wpt>
  <wpt lat="51.402248495362123" lon="4.3549212126916572">
    <name>441.5</name>
  </wpt>
  <wpt lat="51.401369325495132" lon="4.35522467066385">
    <name>441.6</name>
  </wpt>
  <wpt lat="51.400490155628148" lon="4.3555281228029568">
    <name>441.7</name>
  </wpt>
  <wpt lat="51.399602730111106" lon="4.3557497392308226">
    <name>441.8</name>
  </wpt>
  <wpt lat="51.398705914814975" lon="4.3556567553742633">
    <name>441.9</name>
  </wpt>
  <wpt lat="51.397808385566947" lon="4.3555714755475305">
    <name>442.0</name>
  </wpt>
  <wpt lat="51.396924240012119" lon="4.3557339205954531">
    <name>442.1</name>
  </wpt>
  <wpt lat="51.396074220198905" lon="4.3561983647470415">
    <name>442.2</name>
  </wpt>
  <wpt lat="51.39524761019625" lon="4.3567660383865165">
    <name>442.3</name>
  </wpt>
  <wpt lat="51.394426600446906" lon="4.3573542545513471">
    <name>442.4</name>
  </wpt>
  <wpt lat="51.393708071291819" lon="4.3571606960806255">
    <name>442.5</name>
  </wpt>
  <wpt lat="51.3929561013928" lon="4.3563968017430614">
    <name>442.6</name>
  </wpt>
  <wpt lat="51.392453566842711" lon="4.35520809399808">
    <name>442.7</name>
  </wpt>
  <wpt lat="51.392046763941025" lon="4.3539319267041021">
    <name>442.8</name>
  </wpt>
  <wpt lat="51.39176875193813" lon="4.3525629418145417">
    <name>442.9</name>
  </wpt>
  <wpt lat="51.391635063749334" lon="4.35113884644774">
    <name>443.0</name>
  </wpt>
  <wpt lat="51.391575470633882" lon="4.3497010640064975">
    <name>443.1</name>
  </wpt>
  <wpt lat="51.391593363176035" lon="4.3482845343274032">
    <name>443.2</name>
  </wpt>
  <wpt lat="51.39144941100659" lon="4.3468618863501236">
    <name>443.3</name>
  </wpt>
  <wpt lat="51.391297099594354" lon="4.3454436708853459">
    <name>443.4</name>
  </wpt>
  <wpt lat="51.391189960328461" lon="4.344012873272554">
    <name>443.5</name>
  </wpt>
  <wpt lat="51.391081419243406" lon="4.34258219167561">
    <name>443.6</name>
  </wpt>
  <wpt lat="51.391106460472379" lon="4.3411532315943422">
    <name>443.7</name>
  </wpt>
  <wpt lat="51.391247500236418" lon="4.3397298603711416">
    <name>443.8</name>
  </wpt>
  <wpt lat="51.391391133549362" lon="4.3383071822408805">
    <name>443.9</name>
  </wpt>
  <wpt lat="51.391974199388407" lon="4.337730137411123">
    <name>444.0</name>
  </wpt>
  <wpt lat="51.392832531199048" lon="4.3381507639288266">
    <name>444.1</name>
  </wpt>
  <wpt lat="51.393724717126048" lon="4.3383289522691033">
    <name>444.2</name>
  </wpt>
  <wpt lat="51.3944413516385" lon="4.3381110959434634">
    <name>444.3</name>
  </wpt>
  <wpt lat="51.394515363867988" lon="4.3366750569648458">
    <name>444.4</name>
  </wpt>
  <wpt lat="51.394601414108322" lon="4.3352410223788116">
    <name>444.5</name>
  </wpt>
  <wpt lat="51.394710453207011" lon="4.3338111396338981">
    <name>444.6</name>
  </wpt>
  <wpt lat="51.394809825351359" lon="4.3323786321174564">
    <name>444.7</name>
  </wpt>
  <wpt lat="51.395000680584154" lon="4.3309710117961258">
    <name>444.8</name>
  </wpt>
  <wpt lat="51.395160113234283" lon="4.3295839965871572">
    <name>444.9</name>
  </wpt>
  <wpt lat="51.395961304666919" lon="4.328943211278399">
    <name>445.0</name>
  </wpt>
  <wpt lat="51.396730873247613" lon="4.3282243195159644">
    <name>445.1</name>
  </wpt>
  <wpt lat="51.39748089418147" lon="4.3288318941028443">
    <name>445.2</name>
  </wpt>
  <wpt lat="51.398124931373822" lon="4.3298057207001577">
    <name>445.3</name>
  </wpt>
  <wpt lat="51.39859955953478" lon="4.3310300743304655">
    <name>445.4</name>
  </wpt>
  <wpt lat="51.399074187695639" lon="4.3322544406653849">
    <name>445.5</name>
  </wpt>
  <wpt lat="51.399551133444085" lon="4.333476248064934">
    <name>445.6</name>
  </wpt>
  <wpt lat="51.400012974326586" lon="4.3347131395355341">
    <name>445.7</name>
  </wpt>
  <wpt lat="51.400347579735644" lon="4.3360157737607405">
    <name>445.8</name>
  </wpt>
  <wpt lat="51.400765630278045" lon="4.3372920762500726">
    <name>445.9</name>
  </wpt>
  <wpt lat="51.401220357388119" lon="4.3385112354288049">
    <name>446.0</name>
  </wpt>
  <wpt lat="51.401642507957426" lon="4.3397603234251632">
    <name>446.1</name>
  </wpt>
  <wpt lat="51.40213569447257" lon="4.3409043922188246">
    <name>446.2</name>
  </wpt>
  <wpt lat="51.4027631334245" lon="4.34191415945288">
    <name>446.3</name>
  </wpt>
  <wpt lat="51.403490130719142" lon="4.342759130610041">
    <name>446.4</name>
  </wpt>
  <wpt lat="51.404265429659596" lon="4.343472706011104">
    <name>446.5</name>
  </wpt>
  <wpt lat="51.405009232088943" lon="4.3442815557228407">
    <name>446.6</name>
  </wpt>
  <wpt lat="51.405638954064045" lon="4.345305287866986">
    <name>446.7</name>
  </wpt>
  <wpt lat="51.406237209836085" lon="4.346125958443416">
    <name>446.8</name>
  </wpt>
  <wpt lat="51.406818290576993" lon="4.3450257806306913">
    <name>446.9</name>
  </wpt>
  <wpt lat="51.407415123993218" lon="4.3439473358196485">
    <name>447.0</name>
  </wpt>
  <wpt lat="51.408016262236735" lon="4.3428750723254357">
    <name>447.1</name>
  </wpt>
  <wpt lat="51.408616572869022" lon="4.3418019606308249">
    <name>447.2</name>
  </wpt>
  <wpt lat="51.409216210776606" lon="4.34072749842771">
    <name>447.3</name>
  </wpt>
  <wpt lat="51.409808872802486" lon="4.3396430837524758">
    <name>447.4</name>
  </wpt>
  <wpt lat="51.410390803100377" lon="4.33928206722084">
    <name>447.5</name>
  </wpt>
  <wpt lat="51.410965450734814" lon="4.3403911609806238">
    <name>447.6</name>
  </wpt>
  <wpt lat="51.411537378388182" lon="4.341503865137029">
    <name>447.7</name>
  </wpt>
  <wpt lat="51.412113919801286" lon="4.3426093787611588">
    <name>447.8</name>
  </wpt>
  <wpt lat="51.412738370352905" lon="4.3428514203341022">
    <name>447.9</name>
  </wpt>
  <wpt lat="51.413304153962336" lon="4.3417306156177888">
    <name>448.0</name>
  </wpt>
  <wpt lat="51.413868862593574" lon="4.3406084160354794">
    <name>448.1</name>
  </wpt>
  <wpt lat="51.414427644517538" lon="4.339478589853516">
    <name>448.2</name>
  </wpt>
  <wpt lat="51.414961100677026" lon="4.3383192371138923">
    <name>448.3</name>
  </wpt>
  <wpt lat="51.415494263085243" lon="4.3371605743869059">
    <name>448.4</name>
  </wpt>
  <wpt lat="51.416101514735473" lon="4.3361074744952344">
    <name>448.5</name>
  </wpt>
  <wpt lat="51.416594086067249" lon="4.3349457418051669">
    <name>448.6</name>
  </wpt>
  <wpt lat="51.417218406971848" lon="4.3356310265179756">
    <name>448.7</name>
  </wpt>
  <wpt lat="51.418078479572166" lon="4.335919868388733">
    <name>448.8</name>
  </wpt>
  <wpt lat="51.418977503479283" lon="4.335886999999981">
    <name>448.9</name>
  </wpt>
  <wpt lat="51.41987682508519" lon="4.335886999999981">
    <name>449.0</name>
  </wpt>
  <wpt lat="51.420776146691111" lon="4.335886999999981">
    <name>449.1</name>
  </wpt>
  <wpt lat="51.421675411096352" lon="4.3358752731495311">
    <name>449.2</name>
  </wpt>
  <wpt lat="51.422574622657763" lon="4.3358527124377551">
    <name>449.3</name>
  </wpt>
  <wpt lat="51.423176887271595" lon="4.3351956038594937">
    <name>449.4</name>
  </wpt>
  <wpt lat="51.423143294026481" lon="4.3337543813299009">
    <name>449.5</name>
  </wpt>
  <wpt lat="51.423155892146973" lon="4.3323258263813793">
    <name>449.6</name>
  </wpt>
  <wpt lat="51.42325316221671" lon="4.3310898519076435">
    <name>449.7</name>
  </wpt>
  <wpt lat="51.423184972684773" lon="4.3296543412675037">
    <name>449.8</name>
  </wpt>
  <wpt lat="51.423045268662634" lon="4.3282297806745049">
    <name>449.9</name>
  </wpt>
  <wpt lat="51.422908786786913" lon="4.3268043338479849">
    <name>450.0</name>
  </wpt>
  <wpt lat="51.4227806794964" lon="4.32537682826338">
    <name>450.1</name>
  </wpt>
  <wpt lat="51.434757355587507" lon="4.3186338577521388">
    <name>451.72</name>
  </wpt>
  <wpt lat="51.435611473541236" lon="4.3183841934801723">
    <name>451.8</name>
  </wpt>
  <wpt lat="51.436495362994449" lon="4.3181199618935278">
    <name>451.9</name>
  </wpt>
  <wpt lat="51.437390017026274" lon="4.3180222659066878">
    <name>452.0</name>
  </wpt>
  <wpt lat="51.438285927489062" lon="4.3181477846862606">
    <name>452.1</name>
  </wpt>
  <wpt lat="51.439150144812714" lon="4.317945857253048">
    <name>452.2</name>
  </wpt>
  <wpt lat="51.439904569282668" lon="4.3171619911361354">
    <name>452.3</name>
  </wpt>
  <wpt lat="51.440627947275338" lon="4.3163048068981507">
    <name>452.4</name>
  </wpt>
  <wpt lat="51.441367641836713" lon="4.31549608604132">
    <name>452.5</name>
  </wpt>
  <wpt lat="51.44222308761303" lon="4.3150509232938088">
    <name>452.6</name>
  </wpt>
  <wpt lat="51.4423636661659" lon="4.3139947698517371">
    <name>452.7</name>
  </wpt>
  <wpt lat="51.441852402152939" lon="4.3129053277073037">
    <name>452.8</name>
  </wpt>
  <wpt lat="51.442723778174759" lon="4.3125629999999679">
    <name>452.9</name>
  </wpt>
  <wpt lat="51.446118375827439" lon="4.3117427509236723">
    <name>453.34</name>
  </wpt>
  <wpt lat="51.446476970500981" lon="4.3125811824668325">
    <name>453.4</name>
  </wpt>
  <wpt lat="51.447295699608951" lon="4.3130589979829645">
    <name>453.5</name>
  </wpt>
  <wpt lat="51.448157317009731" lon="4.3127196402154038">
    <name>453.6</name>
  </wpt>
  <wpt lat="51.449045336769892" lon="4.3127891391079931">
    <name>453.7</name>
  </wpt>
  <wpt lat="51.449941313625608" lon="4.3126700000000096">
    <name>453.8</name>
  </wpt>
  <wpt lat="51.450494396799265" lon="4.3129421214080992">
    <name>453.9</name>
  </wpt>
  <wpt lat="51.451391440083562" lon="4.3128889469418192">
    <name>454.0</name>
  </wpt>
  <wpt lat="51.452290669821465" lon="4.3128683199681044">
    <name>454.1</name>
  </wpt>
  <wpt lat="51.453189899559369" lon="4.3128476925880932">
    <name>454.2</name>
  </wpt>
  <wpt lat="51.454088922621779" lon="4.3128151734333038">
    <name>454.3</name>
  </wpt>
  <wpt lat="51.4549881944757" lon="4.3127999928186274">
    <name>454.4</name>
  </wpt>
  <wpt lat="51.45588548757884" lon="4.3127054235848172">
    <name>454.5</name>
  </wpt>
  <wpt lat="51.45678248134157" lon="4.3126016461791643">
    <name>454.6</name>
  </wpt>
  <wpt lat="51.457676137584031" lon="4.3124424394622007">
    <name>454.7</name>
  </wpt>
  <wpt lat="51.45856231961266" lon="4.3121977251414272">
    <name>454.8</name>
  </wpt>
  <wpt lat="51.459443990486449" lon="4.3119139085124614">
    <name>454.9</name>
  </wpt>
  <wpt lat="51.460312739640052" lon="4.3115469649074614">
    <name>455.0</name>
  </wpt>
  <wpt lat="51.461174307279379" lon="4.3111338999300219">
    <name>455.1</name>
  </wpt>
  <wpt lat="51.462028163550791" lon="4.3106807541277616">
    <name>455.2</name>
  </wpt>
  <wpt lat="51.462882019822175" lon="4.31022759984711">
    <name>455.3</name>
  </wpt>
  <wpt lat="51.46374439331565" lon="4.3098221964018926">
    <name>455.4</name>
  </wpt>
  <wpt lat="51.464601800035069" lon="4.3093983377525138">
    <name>455.5</name>
  </wpt>
  <wpt lat="51.465437857532741" lon="4.3088666758555867">
    <name>455.6</name>
  </wpt>
  <wpt lat="51.466255900075559" lon="4.3082672295664111">
    <name>455.7</name>
  </wpt>
  <wpt lat="51.467071519726751" lon="4.3076590590266344">
    <name>455.8</name>
  </wpt>
  <wpt lat="51.4678879253297" lon="4.3070558231947969">
    <name>455.9</name>
  </wpt>
  <wpt lat="51.468619899899529" lon="4.3062840778073088">
    <name>456.0</name>
  </wpt>
  <wpt lat="51.469364794379416" lon="4.3054751749681976">
    <name>456.1</name>
  </wpt>
  <wpt lat="51.470113815155074" lon="4.3046779836511968">
    <name>456.2</name>
  </wpt>
  <wpt lat="51.470950797076632" lon="4.304161695175595">
    <name>456.3</name>
  </wpt>
  <wpt lat="51.471812759257553" lon="4.303980601456324">
    <name>456.4</name>
  </wpt>
  <wpt lat="51.472711728997524" lon="4.3040009999999551">
    <name>456.5</name>
  </wpt>
  <wpt lat="51.473595408951851" lon="4.3037690678874432">
    <name>456.6</name>
  </wpt>
  <wpt lat="51.47443737345634" lon="4.3032740705016579">
    <name>456.7</name>
  </wpt>
  <wpt lat="51.475292587098956" lon="4.3028274377413638">
    <name>456.8</name>
  </wpt>
  <wpt lat="51.476158269559754" lon="4.3024498030759366">
    <name>456.9</name>
  </wpt>
  <wpt lat="51.47704573438341" lon="4.3022614727485857">
    <name>457.0</name>
  </wpt>
  <wpt lat="51.47791680551488" lon="4.3019348460167572">
    <name>457.1</name>
  </wpt>
  <wpt lat="51.478776973723015" lon="4.30152303265252">
    <name>457.2</name>
  </wpt>
  <wpt lat="51.479592974100349" lon="4.300939135577031">
    <name>457.3</name>
  </wpt>
  <wpt lat="51.479350885559832" lon="4.2999156812696544">
    <name>457.4</name>
  </wpt>
  <wpt lat="51.478758899021578" lon="4.2988528988502761">
    <name>457.5</name>
  </wpt>
  <wpt lat="51.477907722135441" lon="4.2989120935149341">
    <name>457.6</name>
  </wpt>
  <wpt lat="51.477040798166854" lon="4.2991943990621664">
    <name>457.7</name>
  </wpt>
  <wpt lat="51.476319793188033" lon="4.2984026230202605">
    <name>457.8</name>
  </wpt>
  <wpt lat="51.47652600049522" lon="4.2970236792298913">
    <name>457.9</name>
  </wpt>
  <wpt lat="51.476487394402547" lon="4.2955815755735758">
    <name>458.0</name>
  </wpt>
  <wpt lat="51.47634314610108" lon="4.2941577302687008">
    <name>458.1</name>
  </wpt>
  <wpt lat="51.475936374426908" lon="4.29325214442153">
    <name>458.2</name>
  </wpt>
  <wpt lat="51.475725659440684" lon="4.2918491654498556">
    <name>458.3</name>
  </wpt>
  <wpt lat="51.480884997503253" lon="4.2807823657947557">
    <name>459.81</name>
  </wpt>
  <wpt lat="51.480899682222621" lon="4.2807743598465269">
    <name>459.8</name>
  </wpt>
  <wpt lat="51.481752597854879" lon="4.2803167019724029">
    <name>459.9</name>
  </wpt>
  <wpt lat="51.48260725958928" lon="4.2798687067351535">
    <name>460.0</name>
  </wpt>
  <wpt lat="51.489859755884872" lon="4.2854868362163749">
    <name>461.06</name>
  </wpt>
  <wpt lat="51.490308525180332" lon="4.2856834575841543">
    <name>461.1</name>
  </wpt>
  <wpt lat="51.490371162401466" lon="4.28680817884273">
    <name>461.2</name>
  </wpt>
  <wpt lat="51.490324000186796" lon="4.2882488938194063">
    <name>461.3</name>
  </wpt>
  <wpt lat="51.490655691867474" lon="4.2892621728184874">
    <name>461.4</name>
  </wpt>
  <wpt lat="51.491457833840123" lon="4.2886163513932907">
    <name>461.5</name>
  </wpt>
  <wpt lat="51.492182066008581" lon="4.2878535720991655">
    <name>461.6</name>
  </wpt>
  <wpt lat="51.492964759190947" lon="4.2871424736963792">
    <name>461.7</name>
  </wpt>
  <wpt lat="51.497226057760727" lon="4.2840159802581095">
    <name>462.30</name>
  </wpt>
  <wpt lat="51.497290964129689" lon="4.28411703589814">
    <name>462.3</name>
  </wpt>
  <wpt lat="51.498042096090423" lon="4.2833298693187185">
    <name>462.4</name>
  </wpt>
  <wpt lat="51.499413015547539" lon="4.281857000000028">
    <name>462.68</name>
  </wpt>
  <wpt lat="51.499595002582" lon="4.2816361743136264">
    <name>462.7</name>
  </wpt>
  <wpt lat="51.500226048401736" lon="4.2806612516936084">
    <name>462.8</name>
  </wpt>
  <wpt lat="51.501021390146747" lon="4.2799984644352618">
    <name>462.9</name>
  </wpt>
  <wpt lat="51.501881529892621" lon="4.27963121188838">
    <name>463.0</name>
  </wpt>
  <wpt lat="51.502774177529552" lon="4.2794750000000246">
    <name>463.1</name>
  </wpt>
  <wpt lat="51.503672718640196" lon="4.2795236738346665">
    <name>463.2</name>
  </wpt>
  <wpt lat="51.504571451439212" lon="4.2795758398105654">
    <name>463.3</name>
  </wpt>
  <wpt lat="51.505470141871953" lon="4.279629788658351">
    <name>463.4</name>
  </wpt>
  <wpt lat="51.506368349167865" lon="4.2796899999999836">
    <name>463.5</name>
  </wpt>
  <wpt lat="51.507266005965285" lon="4.2796257304777967">
    <name>463.6</name>
  </wpt>
  <wpt lat="51.508158976573455" lon="4.2794555222034631">
    <name>463.7</name>
  </wpt>
  <wpt lat="51.509050992902431" lon="4.279272545982475">
    <name>463.8</name>
  </wpt>
  <wpt lat="51.509941938740731" lon="4.2790767803164194">
    <name>463.9</name>
  </wpt>
  <wpt lat="51.510834025439415" lon="4.2789005931933612">
    <name>464.0</name>
  </wpt>
  <wpt lat="51.512148576720037" lon="4.2787024702083656">
    <name>464.18</name>
  </wpt>
  <wpt lat="51.51247721823264" lon="4.2786614054796157">
    <name>464.2</name>
  </wpt>
  <wpt lat="51.513365284811265" lon="4.2784408629973338">
    <name>464.3</name>
  </wpt>
  <wpt lat="51.514229413937237" lon="4.2780502105036762">
    <name>464.4</name>
  </wpt>
  <wpt lat="51.515086173601567" lon="4.2776122724795558">
    <name>464.5</name>
  </wpt>
  <wpt lat="51.5159370850589" lon="4.2771449490808173">
    <name>464.6</name>
  </wpt>
  <wpt lat="51.516786062276871" lon="4.2766682764954336">
    <name>464.7</name>
  </wpt>
  <wpt lat="51.517642044494025" lon="4.2762382327297592">
    <name>464.8</name>
  </wpt>
  <wpt lat="51.518509273279683" lon="4.275905124043164">
    <name>464.9</name>
  </wpt>
  <wpt lat="51.519398335585464" lon="4.2756874893317551">
    <name>465.0</name>
  </wpt>
  <wpt lat="51.520281424860961" lon="4.2754422079753827">
    <name>465.1</name>
  </wpt>
  <wpt lat="51.521138988330833" lon="4.275352040627725">
    <name>465.2</name>
  </wpt>
  <wpt lat="51.573119079923117" lon="4.3107038584256454">
    <name>474.76</name>
  </wpt>
  <wpt lat="51.573134590866132" lon="4.3114330397351823">
    <name>474.8</name>
  </wpt>
  <wpt lat="51.573097576925917" lon="4.3128784571663319">
    <name>474.9</name>
  </wpt>
  <wpt lat="51.572718256986505" lon="4.31411618515925">
    <name>475.0</name>
  </wpt>
  <wpt lat="51.572308982420481" lon="4.3151008864106153">
    <name>475.1</name>
  </wpt>
  <wpt lat="51.572911731415992" lon="4.3161747619384858">
    <name>475.2</name>
  </wpt>
  <wpt lat="51.573597911659917" lon="4.315834367769015">
    <name>475.3</name>
  </wpt>
  <wpt lat="51.574479252271828" lon="4.3155465803203255">
    <name>475.4</name>
  </wpt>
  <wpt lat="51.575317000274829" lon="4.3153105717291469">
    <name>475.5</name>
  </wpt>
  <wpt lat="51.575317000133012" lon="4.3167576237377254">
    <name>475.6</name>
  </wpt>
  <wpt lat="51.576005587598019" lon="4.3169800789385206">
    <name>475.7</name>
  </wpt>
  <wpt lat="51.576901338063273" lon="4.3168525791890895">
    <name>475.8</name>
  </wpt>
  <wpt lat="51.577799451237418" lon="4.31679197365409">
    <name>475.9</name>
  </wpt>
  <wpt lat="51.578914440926653" lon="4.31704747007732">
    <name>476.06</name>
  </wpt>
  <wpt lat="51.579424422834265" lon="4.3170273632730947">
    <name>476.1</name>
  </wpt>
  <wpt lat="51.580320883016306" lon="4.3169136240955828">
    <name>476.2</name>
  </wpt>
  <wpt lat="51.58063250276723" lon="4.3159492128090031">
    <name>476.3</name>
  </wpt>
  <wpt lat="51.580781901916623" lon="4.315524220391012">
    <name>476.4</name>
  </wpt>
  <wpt lat="51.581504670042811" lon="4.3157599999999636">
    <name>476.5</name>
  </wpt>
  <wpt lat="51.582403196820927" lon="4.3157082820961286">
    <name>476.6</name>
  </wpt>
  <wpt lat="51.583287154470945" lon="4.3154523811194734">
    <name>476.7</name>
  </wpt>
  <wpt lat="51.584154246216812" lon="4.3152568307498971">
    <name>476.8</name>
  </wpt>
  <wpt lat="51.584990915035682" lon="4.31578079026366">
    <name>476.9</name>
  </wpt>
  <wpt lat="51.586248784446688" lon="4.3157459402820679">
    <name>477.06</name>
  </wpt>
  <wpt lat="51.586458546298729" lon="4.3163899816235807">
    <name>477.1</name>
  </wpt>
  <wpt lat="51.586861886011995" lon="4.3176822516017026">
    <name>477.2</name>
  </wpt>
  <wpt lat="51.587238536318608" lon="4.3189924908725814">
    <name>477.3</name>
  </wpt>
  <wpt lat="51.587539562224812" lon="4.3203562724268938">
    <name>477.4</name>
  </wpt>
  <wpt lat="51.587461998251428" lon="4.3214628714293033">
    <name>477.5</name>
  </wpt>
  <wpt lat="51.587801756015054" lon="4.3228027223732495">
    <name>477.6</name>
  </wpt>
  <wpt lat="51.588178160675263" lon="4.3241110031147372">
    <name>477.7</name>
  </wpt>
  <wpt lat="51.588256001194154" lon="4.3255311550563142">
    <name>477.8</name>
  </wpt>
  <wpt lat="51.588256001716928" lon="4.326978619154656">
    <name>477.9</name>
  </wpt>
  <wpt lat="51.588256000054756" lon="4.3284260832529986">
    <name>478.0</name>
  </wpt>
  <wpt lat="51.588364200940617" lon="4.32985950470137">
    <name>478.1</name>
  </wpt>
  <wpt lat="51.5884490000702" lon="4.331284719822091">
    <name>478.2</name>
  </wpt>
  <wpt lat="51.588314231914488" lon="4.3325339975578228">
    <name>478.3</name>
  </wpt>
  <wpt lat="51.589108767267348" lon="4.33258719718285">
    <name>478.4</name>
  </wpt>
  <wpt lat="51.590006026512455" lon="4.3326671083960226">
    <name>478.5</name>
  </wpt>
  <wpt lat="51.590885542653531" lon="4.3329516201094131">
    <name>478.6</name>
  </wpt>
  <wpt lat="51.591724207583759" lon="4.3334684938962331">
    <name>478.7</name>
  </wpt>
  <wpt lat="51.592507410655649" lon="4.334179544869774">
    <name>478.8</name>
  </wpt>
  <wpt lat="51.593284500905533" lon="4.3349081946007395">
    <name>478.9</name>
  </wpt>
  <wpt lat="51.594061360909443" lon="4.3356374894690042">
    <name>479.0</name>
  </wpt>
  <wpt lat="51.5948361488217" lon="4.3363724894814011">
    <name>479.1</name>
  </wpt>
  <wpt lat="51.595594061101437" lon="4.3371498791577636">
    <name>479.2</name>
  </wpt>
  <wpt lat="51.596315572900657" lon="4.3380127641960069">
    <name>479.3</name>
  </wpt>
  <wpt lat="51.597040237591223" lon="4.3388688957076438">
    <name>479.4</name>
  </wpt>
  <wpt lat="51.597812740362272" lon="4.33960539884662">
    <name>479.5</name>
  </wpt>
  <wpt lat="51.59857657219905" lon="4.3403674428746681">
    <name>479.6</name>
  </wpt>
  <wpt lat="51.599384893386627" lon="4.3409975278138972">
    <name>479.7</name>
  </wpt>
  <wpt lat="51.60022039288453" lon="4.3415330428089076">
    <name>479.8</name>
  </wpt>
  <wpt lat="51.6010044200054" lon="4.3422194197203261">
    <name>479.9</name>
  </wpt>
  <wpt lat="51.601788351558504" lon="4.34292712427331">
    <name>480.0</name>
  </wpt>
  <wpt lat="51.602530308092341" lon="4.3437435347728677">
    <name>480.1</name>
  </wpt>
  <wpt lat="51.6032676636684" lon="4.3445720182495613">
    <name>480.2</name>
  </wpt>
  <wpt lat="51.604043632483069" lon="4.3453001226365142">
    <name>480.3</name>
  </wpt>
  <wpt lat="51.604858943243151" lon="4.3459106137643539">
    <name>480.4</name>
  </wpt>
  <wpt lat="51.60565459378234" lon="4.346580350504655">
    <name>480.5</name>
  </wpt>
  <wpt lat="51.606424586713132" lon="4.3473284843968534">
    <name>480.6</name>
  </wpt>
  <wpt lat="51.607201538679767" lon="4.3480574576501763">
    <name>480.7</name>
  </wpt>
  <wpt lat="51.607993160240696" lon="4.3487438341012545">
    <name>480.8</name>
  </wpt>
  <wpt lat="51.6087705391441" lon="4.3494719338640371">
    <name>480.9</name>
  </wpt>
  <wpt lat="51.609547918047454" lon="4.3502000460948995">
    <name>481.0</name>
  </wpt>
  <wpt lat="51.610325296950734" lon="4.3509281707943508">
    <name>481.1</name>
  </wpt>
  <wpt lat="51.61111228900063" lon="4.3516274209524983">
    <name>481.2</name>
  </wpt>
  <wpt lat="51.611936250213404" lon="4.3522075040517443">
    <name>481.3</name>
  </wpt>
  <wpt lat="51.612765167762504" lon="4.3527692293274747">
    <name>481.4</name>
  </wpt>
  <wpt lat="51.613594085311561" lon="4.3533309648613843">
    <name>481.5</name>
  </wpt>
  <wpt lat="51.614423002860583" lon="4.3538927106540841">
    <name>481.6</name>
  </wpt>
  <wpt lat="51.615251920409563" lon="4.354454466705981">
    <name>481.7</name>
  </wpt>
  <wpt lat="51.6160808379585" lon="4.3550162330175839">
    <name>481.8</name>
  </wpt>
  <wpt lat="51.616909755507415" lon="4.3555780095894026">
    <name>481.9</name>
  </wpt>
  <wpt lat="51.617738673056273" lon="4.3561397964219442">
    <name>482.0</name>
  </wpt>
  <wpt lat="51.618567590605096" lon="4.3567015935157185">
    <name>482.1</name>
  </wpt>
  <wpt lat="51.619396508153876" lon="4.3572634008711333">
    <name>482.2</name>
  </wpt>
  <wpt lat="51.620225425702621" lon="4.3578252184887978">
    <name>482.3</name>
  </wpt>
  <wpt lat="51.621053328762869" lon="4.3583688559013032">
    <name>482.4</name>
  </wpt>
  <wpt lat="51.621881724559913" lon="4.3589326868971012">
    <name>482.5</name>
  </wpt>
  <wpt lat="51.622710120356921" lon="4.3594965281864981">
    <name>482.6</name>
  </wpt>
  <wpt lat="51.623538516153893" lon="4.360060379770001">
    <name>482.7</name>
  </wpt>
  <wpt lat="51.624366911950823" lon="4.3606242416481207">
    <name>482.8</name>
  </wpt>
  <wpt lat="51.625195307747717" lon="4.361188113821262">
    <name>482.9</name>
  </wpt>
  <wpt lat="51.626025193604157" lon="4.3617462503235629">
    <name>483.0</name>
  </wpt>
  <wpt lat="51.626860553420315" lon="4.3622825611858707">
    <name>483.1</name>
  </wpt>
  <wpt lat="51.627639507541652" lon="4.362981790585021">
    <name>483.2</name>
  </wpt>
  <wpt lat="51.808403980350917" lon="4.4121398932853113">
    <name>518.69</name>
  </wpt>
  <wpt lat="51.808639549854114" lon="4.4122167831394705">
    <name>518.7</name>
  </wpt>
  <wpt lat="51.809511895127024" lon="4.4125514389622609">
    <name>518.8</name>
  </wpt>
  <wpt lat="51.810394484309441" lon="4.4128307209425124">
    <name>518.9</name>
  </wpt>
  <wpt lat="51.811276973245093" lon="4.4131108358782809">
    <name>519.0</name>
  </wpt>
  <wpt lat="51.812159460874447" lon="4.4133909670786426">
    <name>519.1</name>
  </wpt>
</gpx>