<?xml version="1.0" encoding="utf-8"?>
<gpx xmlns:xsi="http://www.w3.org/2001/XMLSchema-instance" xsi:schemaLocation="http://www.topografix.com/GPX/1/1 http://www.topografix.com/GPX/1/1/gpx.xsd" version="1.1" creator="Roparun" xmlns="http://www.topografix.com/GPX/1/1">
  <wpt lat="49.846537647448592" lon="3.3625977176750741">
    <name>21.08</name>
  </wpt>
  <wpt lat="49.8465689964486" lon="3.3630198321061284">
    <name>21.1</name>
  </wpt>
  <wpt lat="49.84660100029572" lon="3.3644123294171577">
    <name>21.2</name>
  </wpt>
  <wpt lat="49.846537241325329" lon="3.365803072018815">
    <name>21.3</name>
  </wpt>
  <wpt lat="49.846473562724277" lon="3.3671939612291837">
    <name>21.4</name>
  </wpt>
  <wpt lat="49.846384493405843" lon="3.3685794799072788">
    <name>21.5</name>
  </wpt>
  <wpt lat="49.897662321207996" lon="3.3670807723312945">
    <name>28.02</name>
  </wpt>
  <wpt lat="49.89849714456107" lon="3.3667698742051906">
    <name>28.1</name>
  </wpt>
  <wpt lat="49.964707500949729" lon="3.3548225774879992">
    <name>36.15</name>
  </wpt>
  <wpt lat="49.965014804199015" lon="3.3555853680112628">
    <name>36.2</name>
  </wpt>
  <wpt lat="49.965418234323394" lon="3.3568332612240614">
    <name>36.3</name>
  </wpt>
  <wpt lat="49.965778964525654" lon="3.3581138557556041">
    <name>36.4</name>
  </wpt>
  <wpt lat="49.9661275706635" lon="3.3594019279094169">
    <name>36.5</name>
  </wpt>
  <wpt lat="49.966419660956909" lon="3.360724244985565">
    <name>36.6</name>
  </wpt>
  <wpt lat="49.966720849735488" lon="3.362041625103366">
    <name>36.7</name>
  </wpt>
  <wpt lat="49.967037252525394" lon="3.3633499605951758">
    <name>36.8</name>
  </wpt>
  <wpt lat="49.967458380158959" lon="3.364578448158912">
    <name>36.9</name>
  </wpt>
  <wpt lat="49.968033850856791" lon="3.3656507204674848">
    <name>37.0</name>
  </wpt>
  <wpt lat="49.96861849886259" lon="3.366712956107683">
    <name>37.1</name>
  </wpt>
  <wpt lat="49.969198986327513" lon="3.367780872007557">
    <name>37.2</name>
  </wpt>
  <wpt lat="49.969697427278582" lon="3.3689421910165662">
    <name>37.3</name>
  </wpt>
  <wpt lat="49.970155753944212" lon="3.3701452070725137">
    <name>37.4</name>
  </wpt>
  <wpt lat="49.970614080609742" lon="3.3713482345850734">
    <name>37.5</name>
  </wpt>
  <wpt lat="49.971076006294865" lon="3.3725479232894413">
    <name>37.6</name>
  </wpt>
  <wpt lat="49.9716067270791" lon="3.3736680969130726">
    <name>37.7</name>
  </wpt>
  <wpt lat="49.972233900443655" lon="3.3746699522986381">
    <name>37.8</name>
  </wpt>
  <wpt lat="49.972860468870422" lon="3.3756729688626836">
    <name>37.9</name>
  </wpt>
  <wpt lat="49.973504959269114" lon="3.3766479663727038">
    <name>38.0</name>
  </wpt>
  <wpt lat="49.974170906799259" lon="3.377587725659422">
    <name>38.1</name>
  </wpt>
  <wpt lat="49.974785098760726" lon="3.378603849013492">
    <name>38.2</name>
  </wpt>
  <wpt lat="49.975281123362826" lon="3.3797667183884097">
    <name>38.3</name>
  </wpt>
  <wpt lat="49.975789509783944" lon="3.380918019207507">
    <name>38.4</name>
  </wpt>
  <wpt lat="49.976380220659891" lon="3.381971419955021">
    <name>38.5</name>
  </wpt>
  <wpt lat="49.976923498169967" lon="3.3830853210605105">
    <name>38.6</name>
  </wpt>
  <wpt lat="49.977420450081311" lon="3.38425039059334">
    <name>38.7</name>
  </wpt>
  <wpt lat="49.9779353614075" lon="3.3853887475960702">
    <name>38.8</name>
  </wpt>
  <wpt lat="49.978463211013036" lon="3.3865209829894796">
    <name>38.9</name>
  </wpt>
  <wpt lat="49.978986279778567" lon="3.3876585574777462">
    <name>39.0</name>
  </wpt>
  <wpt lat="49.979434625046977" lon="3.3888669400769924">
    <name>39.1</name>
  </wpt>
  <wpt lat="49.9797885335984" lon="3.3901524174647819">
    <name>39.2</name>
  </wpt>
  <wpt lat="49.980127718122553" lon="3.3914476500597694">
    <name>39.3</name>
  </wpt>
  <wpt lat="49.9804669026466" lon="3.392742891786257">
    <name>39.4</name>
  </wpt>
  <wpt lat="49.980803175268491" lon="3.3940399604979565">
    <name>39.5</name>
  </wpt>
  <wpt lat="49.981111141673658" lon="3.3953521324605203">
    <name>39.6</name>
  </wpt>
  <wpt lat="49.981019017559561" lon="3.3967243262698132">
    <name>39.7</name>
  </wpt>
  <wpt lat="49.980855508884773" lon="3.3980994871987216">
    <name>39.8</name>
  </wpt>
  <wpt lat="49.980778869343077" lon="3.3994837799222948">
    <name>39.9</name>
  </wpt>
  <wpt lat="49.981057744011636" lon="3.4008087919024752">
    <name>40.0</name>
  </wpt>
  <wpt lat="49.981378209459585" lon="3.4021155350582855">
    <name>40.1</name>
  </wpt>
  <wpt lat="49.98181336239103" lon="3.4033355501902349">
    <name>40.2</name>
  </wpt>
  <wpt lat="49.982318817062321" lon="3.4044921096727956">
    <name>40.3</name>
  </wpt>
  <wpt lat="49.982813879867479" lon="3.4056594638837496">
    <name>40.4</name>
  </wpt>
  <wpt lat="49.983297308087984" lon="3.4068388052228173">
    <name>40.5</name>
  </wpt>
  <wpt lat="49.983763702673514" lon="3.4080343727718518">
    <name>40.6</name>
  </wpt>
  <wpt lat="49.984229276552959" lon="3.4092309478616802">
    <name>40.7</name>
  </wpt>
  <wpt lat="49.984635089270654" lon="3.4104785699540234">
    <name>40.8</name>
  </wpt>
  <wpt lat="49.985017255152243" lon="3.4117442998854091">
    <name>40.9</name>
  </wpt>
  <wpt lat="49.985334573465458" lon="3.4130521826310103">
    <name>41.0</name>
  </wpt>
  <wpt lat="49.985553979556194" lon="3.4144085918139684">
    <name>41.1</name>
  </wpt>
  <wpt lat="49.985876566115991" lon="3.4157087008362081">
    <name>41.2</name>
  </wpt>
  <wpt lat="49.986266151063248" lon="3.4169691452600448">
    <name>41.3</name>
  </wpt>
  <wpt lat="49.986645610155229" lon="3.4182372422495853">
    <name>41.4</name>
  </wpt>
  <wpt lat="49.986933874442165" lon="3.4195613665829572">
    <name>41.5</name>
  </wpt>
  <wpt lat="49.987136119952964" lon="3.4209237132416792">
    <name>41.6</name>
  </wpt>
  <wpt lat="49.987357194119106" lon="3.4222795179453094">
    <name>41.7</name>
  </wpt>
  <wpt lat="49.9875680159825" lon="3.423639148710985">
    <name>41.8</name>
  </wpt>
  <wpt lat="49.987737741786518" lon="3.4250127498364398">
    <name>41.9</name>
  </wpt>
  <wpt lat="49.987877819658983" lon="3.4263940382311642">
    <name>42.0</name>
  </wpt>
  <wpt lat="49.988003587949734" lon="3.427779037975657">
    <name>42.1</name>
  </wpt>
  <wpt lat="49.988107185278395" lon="3.4291674150556983">
    <name>42.2</name>
  </wpt>
  <wpt lat="49.988131621074935" lon="3.4305649011384984">
    <name>42.3</name>
  </wpt>
  <wpt lat="49.988121018135644" lon="3.4319635545472567">
    <name>42.4</name>
  </wpt>
  <wpt lat="49.9881049607564" lon="3.4333620486994842">
    <name>42.5</name>
  </wpt>
  <wpt lat="49.988081831414874" lon="3.43476033569155">
    <name>42.6</name>
  </wpt>
  <wpt lat="49.988058702073346" lon="3.43615862201117">
    <name>42.7</name>
  </wpt>
  <wpt lat="49.988039928921829" lon="3.4375570552172525">
    <name>42.8</name>
  </wpt>
  <wpt lat="49.988013840084982" lon="3.438955032185234">
    <name>42.9</name>
  </wpt>
  <wpt lat="49.987841734128558" lon="3.4403253269944321">
    <name>43.0</name>
  </wpt>
  <wpt lat="49.98761766906798" lon="3.4416799545949268">
    <name>43.1</name>
  </wpt>
  <wpt lat="49.987396522366893" lon="3.4430347612621772">
    <name>43.2</name>
  </wpt>
  <wpt lat="49.9882207683632" lon="3.4433753086226315">
    <name>43.3</name>
  </wpt>
  <wpt lat="49.988801000089687" lon="3.4443613985408108">
    <name>43.4</name>
  </wpt>
  <wpt lat="49.98925102001909" lon="3.4515994604025173">
    <name>44.00</name>
  </wpt>
  <wpt lat="49.989344198855385" lon="3.4516202204280448">
    <name>44.0</name>
  </wpt>
  <wpt lat="49.990213872906438" lon="3.4519599999999526">
    <name>44.1</name>
  </wpt>
  <wpt lat="50.027432509590653" lon="3.4608183723029238">
    <name>48.91</name>
  </wpt>
  <wpt lat="50.0274358353106" lon="3.4608143851556057">
    <name>48.9</name>
  </wpt>
  <wpt lat="50.028216488072665" lon="3.4614359636970646">
    <name>49.0</name>
  </wpt>
  <wpt lat="50.029076312475333" lon="3.4618462863777646">
    <name>49.1</name>
  </wpt>
  <wpt lat="50.029935561190712" lon="3.4622594676995884">
    <name>49.2</name>
  </wpt>
  <wpt lat="50.0307503457061" lon="3.4628432052200324">
    <name>49.3</name>
  </wpt>
  <wpt lat="50.031593988856336" lon="3.4633166547553693">
    <name>49.4</name>
  </wpt>
  <wpt lat="50.032471237485105" lon="3.4636144915939395">
    <name>49.5</name>
  </wpt>
  <wpt lat="50.033314085765106" lon="3.4640506659709733">
    <name>49.6</name>
  </wpt>
  <wpt lat="50.034213243777685" lon="3.4640620000000197">
    <name>49.7</name>
  </wpt>
  <wpt lat="50.035101605966574" lon="3.464238832805397">
    <name>49.8</name>
  </wpt>
  <wpt lat="50.035983003525068" lon="3.4645166006900738">
    <name>49.9</name>
  </wpt>
  <wpt lat="50.036880441424728" lon="3.4645859937556858">
    <name>50.0</name>
  </wpt>
  <wpt lat="50.03777826296394" lon="3.4646461259037462">
    <name>50.1</name>
  </wpt>
  <wpt lat="50.038648698125272" lon="3.4649949324442235">
    <name>50.2</name>
  </wpt>
  <wpt lat="50.039286915640567" lon="3.4642861695178544">
    <name>50.3</name>
  </wpt>
  <wpt lat="50.039841054852161" lon="3.4631836253424222">
    <name>50.4</name>
  </wpt>
  <wpt lat="50.040342802597515" lon="3.4620220512999489">
    <name>50.5</name>
  </wpt>
  <wpt lat="50.0408315400463" lon="3.4608466004611675">
    <name>50.6</name>
  </wpt>
  <wpt lat="50.041345606523222" lon="3.4596979549065185">
    <name>50.7</name>
  </wpt>
  <wpt lat="50.041911145482679" lon="3.4586091781403332">
    <name>50.8</name>
  </wpt>
  <wpt lat="50.042478684990343" lon="3.4575234200649563">
    <name>50.9</name>
  </wpt>
  <wpt lat="50.043226933047123" lon="3.4567568231727264">
    <name>51.0</name>
  </wpt>
  <wpt lat="50.044018734076396" lon="3.4560928352019613">
    <name>51.1</name>
  </wpt>
  <wpt lat="50.044810535105611" lon="3.4554288362782817">
    <name>51.2</name>
  </wpt>
  <wpt lat="50.045585897317935" lon="3.4547211035094523">
    <name>51.3</name>
  </wpt>
  <wpt lat="50.046334106591985" lon="3.4539442027746214">
    <name>51.4</name>
  </wpt>
  <wpt lat="50.047078036019357" lon="3.4531574285943272">
    <name>51.5</name>
  </wpt>
  <wpt lat="50.047830357339144" lon="3.4523901394313179">
    <name>51.6</name>
  </wpt>
  <wpt lat="50.04858421701978" lon="3.4516317222404593">
    <name>51.7</name>
  </wpt>
  <wpt lat="50.049464583887719" lon="3.4515901572448588">
    <name>51.8</name>
  </wpt>
  <wpt lat="50.050360508165049" lon="3.4515332959719047">
    <name>51.9</name>
  </wpt>
  <wpt lat="50.051237156100733" lon="3.451233536729446">
    <name>52.0</name>
  </wpt>
  <wpt lat="50.052084117993736" lon="3.4507627656465822">
    <name>52.1</name>
  </wpt>
  <wpt lat="50.052928730079479" lon="3.450281700724954">
    <name>52.2</name>
  </wpt>
  <wpt lat="50.053790180731944" lon="3.4499052914414468">
    <name>52.3</name>
  </wpt>
  <wpt lat="50.054658080040006" lon="3.4495961109102362">
    <name>52.4</name>
  </wpt>
  <wpt lat="50.05548216171595" lon="3.4490352591267772">
    <name>52.5</name>
  </wpt>
  <wpt lat="50.056306243391859" lon="3.4484743977106644">
    <name>52.6</name>
  </wpt>
  <wpt lat="50.057120726751648" lon="3.4478811042322035">
    <name>52.7</name>
  </wpt>
  <wpt lat="50.057899392709331" lon="3.4471881746074797">
    <name>52.8</name>
  </wpt>
  <wpt lat="50.058605553467721" lon="3.4463207702851979">
    <name>52.9</name>
  </wpt>
  <wpt lat="50.0593102786292" lon="3.4454507370816017">
    <name>53.0</name>
  </wpt>
  <wpt lat="50.059969997498513" lon="3.4444987163525287">
    <name>53.1</name>
  </wpt>
  <wpt lat="50.06074016986522" lon="3.4437974575585821">
    <name>53.2</name>
  </wpt>
  <wpt lat="50.061154369243752" lon="3.4429091132736138">
    <name>53.3</name>
  </wpt>
  <wpt lat="50.061553249851883" lon="3.4416710691424157">
    <name>53.4</name>
  </wpt>
  <wpt lat="50.062126965621083" lon="3.4405929558498998">
    <name>53.5</name>
  </wpt>
  <wpt lat="50.062929087806815" lon="3.4400228259955723">
    <name>53.6</name>
  </wpt>
  <wpt lat="50.063800549657856" lon="3.4402839945203807">
    <name>53.7</name>
  </wpt>
  <wpt lat="50.0646436573888" lon="3.4407709354930689">
    <name>53.8</name>
  </wpt>
  <wpt lat="50.065495541491579" lon="3.441219939762258">
    <name>53.9</name>
  </wpt>
  <wpt lat="50.0663397414256" lon="3.4416992877260197">
    <name>54.0</name>
  </wpt>
  <wpt lat="50.0671405850418" lon="3.4423367452546114">
    <name>54.1</name>
  </wpt>
  <wpt lat="50.067941428657953" lon="3.4429742134273242">
    <name>54.2</name>
  </wpt>
  <wpt lat="50.068764321050757" lon="3.4435314488678985">
    <name>54.3</name>
  </wpt>
  <wpt lat="50.069634388188021" lon="3.4438836569314071">
    <name>54.4</name>
  </wpt>
  <wpt lat="50.070510284282676" lon="3.4441995221055342">
    <name>54.5</name>
  </wpt>
  <wpt lat="50.071407572741251" lon="3.4442388748871395">
    <name>54.6</name>
  </wpt>
  <wpt lat="50.072300494766345" lon="3.4443826466011318">
    <name>54.7</name>
  </wpt>
  <wpt lat="50.073159522645177" lon="3.444778874350463">
    <name>54.8</name>
  </wpt>
  <wpt lat="50.073994493118377" lon="3.4452989843223603">
    <name>54.9</name>
  </wpt>
  <wpt lat="50.074883922275305" lon="3.445479999999979">
    <name>55.0</name>
  </wpt>
  <wpt lat="50.0757714922626" lon="3.4452787541068122">
    <name>55.1</name>
  </wpt>
  <wpt lat="50.076653097074214" lon="3.44500477114653">
    <name>55.2</name>
  </wpt>
  <wpt lat="50.077551621982188" lon="3.4450150986022816">
    <name>55.3</name>
  </wpt>
  <wpt lat="50.078447837205111" lon="3.4449390411595351">
    <name>55.4</name>
  </wpt>
  <wpt lat="50.079333287609558" lon="3.4447023239274404">
    <name>55.5</name>
  </wpt>
  <wpt lat="50.080137411275111" lon="3.4440838771922762">
    <name>55.6</name>
  </wpt>
  <wpt lat="50.080974808661139" lon="3.4435800512702341">
    <name>55.7</name>
  </wpt>
  <wpt lat="50.081864118298775" lon="3.4434821735595276">
    <name>55.8</name>
  </wpt>
  <wpt lat="50.082567173171917" lon="3.4438490959791843">
    <name>55.9</name>
  </wpt>
  <wpt lat="50.082617417367459" lon="3.4452423080513306">
    <name>56.0</name>
  </wpt>
  <wpt lat="50.082802825967214" lon="3.4466108866095087">
    <name>56.1</name>
  </wpt>
  <wpt lat="50.083118848561895" lon="3.447917173044079">
    <name>56.2</name>
  </wpt>
  <wpt lat="50.083904889688419" lon="3.4480374775532">
    <name>56.3</name>
  </wpt>
  <wpt lat="50.084799540486486" lon="3.4478948184447651">
    <name>56.4</name>
  </wpt>
  <wpt lat="50.085696093367275" lon="3.447798639814053">
    <name>56.5</name>
  </wpt>
  <wpt lat="50.086592525179277" lon="3.4479109110879231">
    <name>56.6</name>
  </wpt>
  <wpt lat="50.087490886150924" lon="3.4479718087121394">
    <name>56.7</name>
  </wpt>
  <wpt lat="50.088390086227569" lon="3.4479932348662206">
    <name>56.8</name>
  </wpt>
  <wpt lat="50.089289386885966" lon="3.4480028017969984">
    <name>56.9</name>
  </wpt>
  <wpt lat="50.090187821888165" lon="3.4480331247007174">
    <name>57.0</name>
  </wpt>
  <wpt lat="50.091072000519453" lon="3.44827326364519">
    <name>57.1</name>
  </wpt>
  <wpt lat="50.0919602637343" lon="3.4483543862118489">
    <name>57.2</name>
  </wpt>
  <wpt lat="50.092553211115408" lon="3.449310339922528">
    <name>57.3</name>
  </wpt>
  <wpt lat="50.093161380398826" lon="3.4503314193987795">
    <name>57.4</name>
  </wpt>
  <wpt lat="50.093712488150324" lon="3.45143385730216">
    <name>57.5</name>
  </wpt>
  <wpt lat="50.094309271452254" lon="3.4524605189562947">
    <name>57.6</name>
  </wpt>
  <wpt lat="50.094912046331039" lon="3.4534712852209979">
    <name>57.7</name>
  </wpt>
  <wpt lat="50.095208839990505" lon="3.454794201046183">
    <name>57.8</name>
  </wpt>
  <wpt lat="50.095628829506914" lon="3.4560319030648081">
    <name>57.9</name>
  </wpt>
  <wpt lat="50.095864689772732" lon="3.4573797391610412">
    <name>58.0</name>
  </wpt>
  <wpt lat="50.0960327986597" lon="3.4587569222068226">
    <name>58.1</name>
  </wpt>
  <wpt lat="50.096261013471235" lon="3.4601095720309392">
    <name>58.2</name>
  </wpt>
  <wpt lat="50.096645036869958" lon="3.4613771423059685">
    <name>58.3</name>
  </wpt>
  <wpt lat="50.096907753108653" lon="3.4627159002502128">
    <name>58.4</name>
  </wpt>
  <wpt lat="50.097139551235109" lon="3.4640698821714415">
    <name>58.5</name>
  </wpt>
  <wpt lat="50.097209942972263" lon="3.4654579337593181">
    <name>58.6</name>
  </wpt>
  <wpt lat="50.097773862679773" lon="3.4663230493941444">
    <name>58.7</name>
  </wpt>
  <wpt lat="50.098661801265891" lon="3.4665454028691984">
    <name>58.8</name>
  </wpt>
  <wpt lat="50.099539793307414" lon="3.46684739371757">
    <name>58.9</name>
  </wpt>
  <wpt lat="50.100417588695379" lon="3.4671470395862309">
    <name>59.0</name>
  </wpt>
  <wpt lat="50.101278302844406" lon="3.4675418340555915">
    <name>59.1</name>
  </wpt>
  <wpt lat="50.102075882213711" lon="3.4681649811206183">
    <name>59.2</name>
  </wpt>
  <wpt lat="50.102899634795207" lon="3.4686543036854256">
    <name>59.3</name>
  </wpt>
  <wpt lat="50.10374286110487" lon="3.4690772431230523">
    <name>59.4</name>
  </wpt>
  <wpt lat="50.1043336311278" lon="3.4700943572744585">
    <name>59.5</name>
  </wpt>
  <wpt lat="50.105126093105689" lon="3.4703161538104697">
    <name>59.6</name>
  </wpt>
  <wpt lat="50.105993094422381" lon="3.470204923511893">
    <name>59.7</name>
  </wpt>
  <wpt lat="50.106827295670016" lon="3.4707274995772934">
    <name>59.8</name>
  </wpt>
  <wpt lat="50.107719266758636" lon="3.4708210000000026">
    <name>59.9</name>
  </wpt>
  <wpt lat="50.108571591838938" lon="3.4711402970975636">
    <name>60.0</name>
  </wpt>
  <wpt lat="50.184038217643263" lon="3.492958892873379">
    <name>69.82</name>
  </wpt>
  <wpt lat="50.18447878594823" lon="3.4940170000000177">
    <name>69.9</name>
  </wpt>
  <wpt lat="50.185365500875051" lon="3.4938699409796135">
    <name>70.0</name>
  </wpt>
  <wpt lat="50.186081705296324" lon="3.4946583489380769">
    <name>70.1</name>
  </wpt>
  <wpt lat="50.186605927966305" lon="3.4957917721956853">
    <name>70.2</name>
  </wpt>
  <wpt lat="50.186652243421108" lon="3.4970200484856062">
    <name>70.3</name>
  </wpt>
  <wpt lat="50.187092111416327" lon="3.4982075499286371">
    <name>70.4</name>
  </wpt>
  <wpt lat="50.187824615582912" lon="3.4989262970028054">
    <name>70.5</name>
  </wpt>
  <wpt lat="50.18871403570143" lon="3.4987947097859675">
    <name>70.6</name>
  </wpt>
  <wpt lat="50.189612802313363" lon="3.4987485102199227">
    <name>70.7</name>
  </wpt>
  <wpt lat="50.190511200173638" lon="3.4986926698218692">
    <name>70.8</name>
  </wpt>
  <wpt lat="50.191408876951122" lon="3.4987146139318752">
    <name>70.9</name>
  </wpt>
  <wpt lat="50.192266612300934" lon="3.4991248648952906">
    <name>71.0</name>
  </wpt>
  <wpt lat="50.193103327130991" lon="3.4996372862076335">
    <name>71.1</name>
  </wpt>
  <wpt lat="50.193879942652494" lon="3.5003421914086963">
    <name>71.2</name>
  </wpt>
  <wpt lat="50.19436954657175" lon="3.5012204376043519">
    <name>71.3</name>
  </wpt>
  <wpt lat="50.235643015921575" lon="3.5894100159113109">
    <name>80.76</name>
  </wpt>
  <wpt lat="50.235827510773426" lon="3.5901153611406382">
    <name>80.8</name>
  </wpt>
  <wpt lat="50.2364743126343" lon="3.590974250433888">
    <name>80.9</name>
  </wpt>
  <wpt lat="50.236525057952541" lon="3.5923461194368964">
    <name>81.0</name>
  </wpt>
  <wpt lat="50.257943452030339" lon="3.589630451965617">
    <name>83.64</name>
  </wpt>
  <wpt lat="50.258327414880604" lon="3.5895340045029225">
    <name>83.7</name>
  </wpt>
  <wpt lat="50.258570742156529" lon="3.5881822057802775">
    <name>83.8</name>
  </wpt>
  <wpt lat="50.258719747054549" lon="3.5867954202685257">
    <name>83.9</name>
  </wpt>
  <wpt lat="50.258665866640882" lon="3.585414046357795">
    <name>84.0</name>
  </wpt>
  <wpt lat="50.292583321602883" lon="3.5791515683831441">
    <name>89.38</name>
  </wpt>
  <wpt lat="50.292655239252866" lon="3.5787247463651686">
    <name>89.4</name>
  </wpt>
  <wpt lat="50.292788369843819" lon="3.5773355741665069">
    <name>89.5</name>
  </wpt>
  <wpt lat="50.293157939927774" lon="3.576055485147033">
    <name>89.6</name>
  </wpt>
  <wpt lat="50.293896380046142" lon="3.5757599286226625">
    <name>89.7</name>
  </wpt>
  <wpt lat="50.294734460276921" lon="3.5758483806037487">
    <name>89.8</name>
  </wpt>
  <wpt lat="50.295505841144021" lon="3.5765676260683925">
    <name>89.9</name>
  </wpt>
  <wpt lat="50.296343020792683" lon="3.57705316581591">
    <name>90.0</name>
  </wpt>
  <wpt lat="50.2971503472991" lon="3.577661081545116">
    <name>90.1</name>
  </wpt>
  <wpt lat="50.2978561590266" lon="3.5785325604224654">
    <name>90.2</name>
  </wpt>
  <wpt lat="50.298552880444532" lon="3.5794227243602714">
    <name>90.3</name>
  </wpt>
  <wpt lat="50.299247904666615" lon="3.5803161730184181">
    <name>90.4</name>
  </wpt>
  <wpt lat="50.299955492669525" lon="3.5811849671118026">
    <name>90.5</name>
  </wpt>
  <wpt lat="50.300497781445443" lon="3.5822791602946227">
    <name>90.6</name>
  </wpt>
  <wpt lat="50.300950957108931" lon="3.5834931624099373">
    <name>90.7</name>
  </wpt>
  <wpt lat="50.301456598008649" lon="3.584657482513196">
    <name>90.8</name>
  </wpt>
  <wpt lat="50.30196223890826" lon="3.5858218149938508">
    <name>90.9</name>
  </wpt>
  <wpt lat="50.302494863683165" lon="3.5869557118399187">
    <name>91.0</name>
  </wpt>
  <wpt lat="50.303108159940315" lon="3.5879847762984878">
    <name>91.1</name>
  </wpt>
  <wpt lat="50.303705342053064" lon="3.5882983160157083">
    <name>91.2</name>
  </wpt>
  <wpt lat="50.304264747234832" lon="3.5871958476826125">
    <name>91.3</name>
  </wpt>
  <wpt lat="50.304852464483979" lon="3.5861306957298442">
    <name>91.4</name>
  </wpt>
  <wpt lat="50.305457665381191" lon="3.5850899944072165">
    <name>91.5</name>
  </wpt>
  <wpt lat="50.30608283527809" lon="3.5840811470569514">
    <name>91.6</name>
  </wpt>
  <wpt lat="50.3066555355775" lon="3.5829954853441373">
    <name>91.7</name>
  </wpt>
  <wpt lat="50.307229532040829" lon="3.5819114922052693">
    <name>91.8</name>
  </wpt>
  <wpt lat="50.307849510579395" lon="3.5808976451639052">
    <name>91.9</name>
  </wpt>
  <wpt lat="50.3086327206841" lon="3.580209238977381">
    <name>92.0</name>
  </wpt>
  <wpt lat="50.309432966548542" lon="3.5795669565054049">
    <name>92.1</name>
  </wpt>
  <wpt lat="50.310216749224658" lon="3.5788764522300065">
    <name>92.2</name>
  </wpt>
  <wpt lat="50.310981247381754" lon="3.5781407693268714">
    <name>92.3</name>
  </wpt>
  <wpt lat="50.311634890457583" lon="3.5771742366760684">
    <name>92.4</name>
  </wpt>
  <wpt lat="50.31227580251479" lon="3.5761962654820727">
    <name>92.5</name>
  </wpt>
  <wpt lat="50.313086816342405" lon="3.5755879035345814">
    <name>92.6</name>
  </wpt>
  <wpt lat="50.313863482162269" lon="3.5748874415554828">
    <name>92.7</name>
  </wpt>
  <wpt lat="50.334221734908745" lon="3.5889730192650173">
    <name>96.39</name>
  </wpt>
  <wpt lat="50.334096667166065" lon="3.5891830035475465">
    <name>96.4</name>
  </wpt>
  <wpt lat="50.333897881102807" lon="3.5902543042949815">
    <name>96.5</name>
  </wpt>
  <wpt lat="50.333598474441757" lon="3.5915663367829449">
    <name>96.6</name>
  </wpt>
  <wpt lat="50.33325017366527" lon="3.5928652732350264">
    <name>96.7</name>
  </wpt>
  <wpt lat="50.332901872888861" lon="3.5941642001649852">
    <name>96.8</name>
  </wpt>
  <wpt lat="50.332538578069361" lon="3.59545277033005">
    <name>96.9</name>
  </wpt>
  <wpt lat="50.3321817333017" lon="3.596745973535636">
    <name>97.0</name>
  </wpt>
  <wpt lat="50.331824888534136" lon="3.5980391670288765">
    <name>97.1</name>
  </wpt>
  <wpt lat="50.331317769125839" lon="3.5991832817490357">
    <name>97.2</name>
  </wpt>
  <wpt lat="50.330752274500476" lon="3.6002669299590382">
    <name>97.3</name>
  </wpt>
  <wpt lat="50.330334932657657" lon="3.6015135556231916">
    <name>97.4</name>
  </wpt>
  <wpt lat="50.33010572172001" lon="3.6028682600189676">
    <name>97.5</name>
  </wpt>
  <wpt lat="50.329962221409282" lon="3.6042576056114966">
    <name>97.6</name>
  </wpt>
  <wpt lat="50.329578691648827" lon="3.6055094149113041">
    <name>97.7</name>
  </wpt>
  <wpt lat="50.328978960287166" lon="3.6065589051801705">
    <name>97.8</name>
  </wpt>
  <wpt lat="50.32863556798921" lon="3.607709661393653">
    <name>97.9</name>
  </wpt>
  <wpt lat="50.328379591553983" lon="3.6090601359917422">
    <name>98.0</name>
  </wpt>
  <wpt lat="50.328133000002758" lon="3.6104125212486693">
    <name>98.1</name>
  </wpt>
  <wpt lat="50.3285623516736" lon="3.6116146608401305">
    <name>98.2</name>
  </wpt>
  <wpt lat="50.329093083760142" lon="3.6127519422290364">
    <name>98.3</name>
  </wpt>
  <wpt lat="50.329624021755727" lon="3.6138890005529718">
    <name>98.4</name>
  </wpt>
  <wpt lat="50.330093304771836" lon="3.6150814275100527">
    <name>98.5</name>
  </wpt>
  <wpt lat="50.330351699464678" lon="3.6164300601953911">
    <name>98.6</name>
  </wpt>
  <wpt lat="50.330597285150475" lon="3.6177853172920829">
    <name>98.7</name>
  </wpt>
  <wpt lat="50.33085412322329" lon="3.619134435759364">
    <name>98.8</name>
  </wpt>
  <wpt lat="50.331305691255878" lon="3.6203458615915962">
    <name>98.9</name>
  </wpt>
  <wpt lat="50.331894128871134" lon="3.62141125779814">
    <name>99.0</name>
  </wpt>
  <wpt lat="50.3324825664863" lon="3.622476667199253">
    <name>99.1</name>
  </wpt>
  <wpt lat="50.333071004101363" lon="3.6235420897954445">
    <name>99.2</name>
  </wpt>
  <wpt lat="50.333657864169709" lon="3.6246094449463278">
    <name>99.3</name>
  </wpt>
  <wpt lat="50.33415377513461" lon="3.6257845478514592">
    <name>99.4</name>
  </wpt>
  <wpt lat="50.334636755579815" lon="3.6269730316578097">
    <name>99.5</name>
  </wpt>
  <wpt lat="50.335115201248676" lon="3.6281660319997928">
    <name>99.6</name>
  </wpt>
  <wpt lat="50.335593646917438" lon="3.6293590443563342">
    <name>99.7</name>
  </wpt>
  <wpt lat="50.336072051701429" lon="3.630552108451798">
    <name>99.8</name>
  </wpt>
  <wpt lat="50.336633456192175" lon="3.6316521809532527">
    <name>99.9</name>
  </wpt>
  <wpt lat="50.337233474373278" lon="3.6327001101422702">
    <name>100.0</name>
  </wpt>
  <wpt lat="50.337840088535252" lon="3.6337396846034324">
    <name>100.1</name>
  </wpt>
  <wpt lat="50.338467427798136" lon="3.634747943279844">
    <name>100.2</name>
  </wpt>
  <wpt lat="50.338944953696441" lon="3.6359418923258198">
    <name>100.3</name>
  </wpt>
  <wpt lat="50.339334000004477" lon="3.6371970820494184">
    <name>100.4</name>
  </wpt>
  <wpt lat="50.339813558343977" lon="3.6381186330694266">
    <name>100.5</name>
  </wpt>
  <wpt lat="50.344462565892727" lon="3.6394376975363176">
    <name>101.80</name>
  </wpt>
  <wpt lat="50.344545681982254" lon="3.6393727519935939">
    <name>101.8</name>
  </wpt>
  <wpt lat="50.345410151080138" lon="3.638994841421002">
    <name>101.9</name>
  </wpt>
  <wpt lat="50.346291843514457" lon="3.6387171735967794">
    <name>102.0</name>
  </wpt>
  <wpt lat="50.347174715750093" lon="3.6384488864805857">
    <name>102.1</name>
  </wpt>
  <wpt lat="50.348057742775111" lon="3.6381818257687715">
    <name>102.2</name>
  </wpt>
  <wpt lat="50.348950664004072" lon="3.6380293999214142">
    <name>102.3</name>
  </wpt>
  <wpt lat="50.349849002025216" lon="3.6380310380255443">
    <name>102.4</name>
  </wpt>
  <wpt lat="50.350744125246031" lon="3.63816138244344">
    <name>102.5</name>
  </wpt>
  <wpt lat="50.351623730337415" lon="3.6384471885511891">
    <name>102.6</name>
  </wpt>
  <wpt lat="50.352485499689962" lon="3.6388493046846007">
    <name>102.7</name>
  </wpt>
  <wpt lat="50.353327483106753" lon="3.6393445036986223">
    <name>102.8</name>
  </wpt>
  <wpt lat="50.354168577198955" lon="3.6398434327352707">
    <name>102.9</name>
  </wpt>
  <wpt lat="50.355009671291143" lon="3.6403423706112146">
    <name>103.0</name>
  </wpt>
  <wpt lat="50.355850416904175" lon="3.6408427564850063">
    <name>103.1</name>
  </wpt>
  <wpt lat="50.356690921207168" lon="3.6413441476619064">
    <name>103.2</name>
  </wpt>
  <wpt lat="50.357531425510125" lon="3.6418455477162688">
    <name>103.3</name>
  </wpt>
  <wpt lat="50.358390455577748" lon="3.6422528035421808">
    <name>103.4</name>
  </wpt>
  <wpt lat="50.359247029357427" lon="3.6426654606456945">
    <name>103.5</name>
  </wpt>
  <wpt lat="50.359987668260615" lon="3.643457233808002">
    <name>103.6</name>
  </wpt>
  <wpt lat="50.360614262319196" lon="3.6444681808965518">
    <name>103.7</name>
  </wpt>
  <wpt lat="50.361242589993168" lon="3.645476693975914">
    <name>103.8</name>
  </wpt>
  <wpt lat="50.361948382710395" lon="3.6463238712021364">
    <name>103.9</name>
  </wpt>
  <wpt lat="50.3627854716664" lon="3.6468391738451209">
    <name>104.0</name>
  </wpt>
  <wpt lat="50.36365903501467" lon="3.6471537080532936">
    <name>104.1</name>
  </wpt>
  <wpt lat="50.36455570312436" lon="3.6470904594203573">
    <name>104.2</name>
  </wpt>
  <wpt lat="50.3654493813235" lon="3.6470529999999521">
    <name>104.3</name>
  </wpt>
  <wpt lat="50.366276676211008" lon="3.6474176644230303">
    <name>104.4</name>
  </wpt>
  <wpt lat="50.3671581341879" lon="3.647688496068259">
    <name>104.5</name>
  </wpt>
  <wpt lat="50.368009225077863" lon="3.6481289000513319">
    <name>104.6</name>
  </wpt>
  <wpt lat="50.368818299832157" lon="3.6487325760853717">
    <name>104.7</name>
  </wpt>
  <wpt lat="50.369585745590676" lon="3.6494645496996365">
    <name>104.8</name>
  </wpt>
  <wpt lat="50.370362696492293" lon="3.65017181422802">
    <name>104.9</name>
  </wpt>
  <wpt lat="50.371100409901864" lon="3.6509782397043877">
    <name>105.0</name>
  </wpt>
  <wpt lat="50.3718378883614" lon="3.6517852049734025">
    <name>105.1</name>
  </wpt>
  <wpt lat="50.372577244665386" lon="3.652587927570456">
    <name>105.2</name>
  </wpt>
  <wpt lat="50.373307404593" lon="3.653410999109957">
    <name>105.3</name>
  </wpt>
  <wpt lat="50.374049461436293" lon="3.6542054177950556">
    <name>105.4</name>
  </wpt>
  <wpt lat="50.374875526859505" lon="3.65476107572814">
    <name>105.5</name>
  </wpt>
  <wpt lat="50.375725585342607" lon="3.6552213836461238">
    <name>105.6</name>
  </wpt>
  <wpt lat="50.376575643825689" lon="3.6556816998123804">
    <name>105.7</name>
  </wpt>
  <wpt lat="50.377425702308734" lon="3.6561420242273162">
    <name>105.8</name>
  </wpt>
  <wpt lat="50.378275760791759" lon="3.6566023568913386">
    <name>105.9</name>
  </wpt>
  <wpt lat="50.379125819274755" lon="3.6570626978047533">
    <name>106.0</name>
  </wpt>
  <wpt lat="50.379975877757715" lon="3.6575230469680684">
    <name>106.1</name>
  </wpt>
  <wpt lat="50.380854042225955" lon="3.6578193886675767">
    <name>106.2</name>
  </wpt>
  <wpt lat="50.3817359955522" lon="3.65809522035005">
    <name>106.3</name>
  </wpt>
  <wpt lat="50.382614145496731" lon="3.6583971878308614">
    <name>106.4</name>
  </wpt>
  <wpt lat="50.383485887345785" lon="3.6587436056881604">
    <name>106.5</name>
  </wpt>
  <wpt lat="50.384360970561033" lon="3.6590687881506665">
    <name>106.6</name>
  </wpt>
  <wpt lat="50.3852334844674" lon="3.6594105730241346">
    <name>106.7</name>
  </wpt>
  <wpt lat="50.386106249093054" lon="3.6597508026288565">
    <name>106.8</name>
  </wpt>
  <wpt lat="50.386927377539415" lon="3.6603182447441016">
    <name>106.9</name>
  </wpt>
  <wpt lat="50.387729862663072" lon="3.6609533254143596">
    <name>107.0</name>
  </wpt>
  <wpt lat="50.388538924954432" lon="3.66156921328377">
    <name>107.1</name>
  </wpt>
  <wpt lat="50.389352415096646" lon="3.6621694837640746">
    <name>107.2</name>
  </wpt>
  <wpt lat="50.390190623927737" lon="3.6626770506782473">
    <name>107.3</name>
  </wpt>
  <wpt lat="50.391075170875972" lon="3.662911107239867">
    <name>107.4</name>
  </wpt>
  <wpt lat="50.391974210259242" lon="3.6629464441296751">
    <name>107.5</name>
  </wpt>
  <wpt lat="50.392873422496862" lon="3.6629386656458625">
    <name>107.6</name>
  </wpt>
  <wpt lat="50.393771493435366" lon="3.6629697137913646">
    <name>107.7</name>
  </wpt>
  <wpt lat="50.394660296745862" lon="3.6631779707827352">
    <name>107.8</name>
  </wpt>
  <wpt lat="50.395518072673447" lon="3.6635932896157217">
    <name>107.9</name>
  </wpt>
  <wpt lat="50.396356413238941" lon="3.6641036088034991">
    <name>108.0</name>
  </wpt>
  <wpt lat="50.397166653222591" lon="3.6647153289718633">
    <name>108.1</name>
  </wpt>
  <wpt lat="50.397961841056471" lon="3.66537369757882">
    <name>108.2</name>
  </wpt>
  <wpt lat="50.398823872979243" lon="3.6657713674127113">
    <name>108.3</name>
  </wpt>
  <wpt lat="50.399694292958849" lon="3.6661242741441376">
    <name>108.4</name>
  </wpt>
  <wpt lat="50.400548501448313" lon="3.6665649431073124">
    <name>108.5</name>
  </wpt>
  <wpt lat="50.401427815896938" lon="3.6668159999999554">
    <name>108.6</name>
  </wpt>
  <wpt lat="50.402313695460577" lon="3.6665863701047239">
    <name>108.7</name>
  </wpt>
  <wpt lat="50.402548020431944" lon="3.66791677330605">
    <name>108.8</name>
  </wpt>
  <wpt lat="50.402756482786046" lon="3.6692892624449591">
    <name>108.9</name>
  </wpt>
  <wpt lat="50.4029617713541" lon="3.6706629618875164">
    <name>109.0</name>
  </wpt>
  <wpt lat="50.403179666235005" lon="3.6720312950474283">
    <name>109.1</name>
  </wpt>
  <wpt lat="50.403385276806674" lon="3.6734017836536754">
    <name>109.2</name>
  </wpt>
  <wpt lat="50.403593402198887" lon="3.6747740148396257">
    <name>109.3</name>
  </wpt>
  <wpt lat="50.403897567172983" lon="3.6760971926113251">
    <name>109.4</name>
  </wpt>
  <wpt lat="50.404166854459561" lon="3.6774425963194872">
    <name>109.5</name>
  </wpt>
  <wpt lat="50.40442208294003" lon="3.6787955566900115">
    <name>109.6</name>
  </wpt>
  <wpt lat="50.4047396843126" lon="3.6801131941998744">
    <name>109.7</name>
  </wpt>
  <wpt lat="50.405052578371432" lon="3.6814320754087007">
    <name>109.8</name>
  </wpt>
  <wpt lat="50.405288963738606" lon="3.6827868391304217">
    <name>109.9</name>
  </wpt>
  <wpt lat="50.406162127747933" lon="3.6827626656191104">
    <name>110.0</name>
  </wpt>
  <wpt lat="50.407058981828975" lon="3.6826730000000349">
    <name>110.1</name>
  </wpt>
  <wpt lat="50.407634712837208" lon="3.6834697126009122">
    <name>110.2</name>
  </wpt>
  <wpt lat="50.432278694681173" lon="3.6847768577771043">
    <name>113.44</name>
  </wpt>
  <wpt lat="50.432734209205833" lon="3.6842829333568856">
    <name>113.5</name>
  </wpt>
  <wpt lat="50.433569613528682" lon="3.6837619262436396">
    <name>113.6</name>
  </wpt>
  <wpt lat="50.434442722824684" lon="3.6834385318430733">
    <name>113.7</name>
  </wpt>
  <wpt lat="50.434842057411821" lon="3.6843696191593671">
    <name>113.8</name>
  </wpt>
  <wpt lat="50.435055818606273" lon="3.685741021704465">
    <name>113.9</name>
  </wpt>
  <wpt lat="50.435275723872117" lon="3.6871099040265816">
    <name>114.0</name>
  </wpt>
  <wpt lat="50.435488313686811" lon="3.6884811810093856">
    <name>114.1</name>
  </wpt>
  <wpt lat="50.435707253357052" lon="3.6898501608911745">
    <name>114.2</name>
  </wpt>
  <wpt lat="50.436058017551865" lon="3.6910639958335834">
    <name>114.3</name>
  </wpt>
  <wpt lat="50.436836796269773" lon="3.6917699021290407">
    <name>114.4</name>
  </wpt>
  <wpt lat="50.437689521601946" lon="3.6921187930539596">
    <name>114.5</name>
  </wpt>
  <wpt lat="50.438553690993707" lon="3.6924431272925569">
    <name>114.6</name>
  </wpt>
  <wpt lat="50.439329884608931" lon="3.6931556489908153">
    <name>114.7</name>
  </wpt>
  <wpt lat="50.440114306720133" lon="3.6938461542436873">
    <name>114.8</name>
  </wpt>
  <wpt lat="50.440943607067389" lon="3.6943918492988943">
    <name>114.9</name>
  </wpt>
  <wpt lat="50.44179652913283" lon="3.6948371935017823">
    <name>115.0</name>
  </wpt>
  <wpt lat="50.442667480722008" lon="3.6951888566490503">
    <name>115.1</name>
  </wpt>
  <wpt lat="50.443540220600376" lon="3.6955296548127805">
    <name>115.2</name>
  </wpt>
  <wpt lat="50.444413405314712" lon="3.6958676286087382">
    <name>115.3</name>
  </wpt>
  <wpt lat="50.4452870301483" lon="3.6962028023286262">
    <name>115.4</name>
  </wpt>
  <wpt lat="50.44616065498186" lon="3.696537982236296">
    <name>115.5</name>
  </wpt>
  <wpt lat="50.447034632883692" lon="3.6968708500121075">
    <name>115.6</name>
  </wpt>
  <wpt lat="50.447909901070496" lon="3.6971952405527313">
    <name>115.7</name>
  </wpt>
  <wpt lat="50.448780953089646" lon="3.6975463503892314">
    <name>115.8</name>
  </wpt>
  <wpt lat="50.449652064282425" lon="3.6978876825150664">
    <name>115.9</name>
  </wpt>
  <wpt lat="50.450521679701914" lon="3.6982476891972831">
    <name>116.0</name>
  </wpt>
  <wpt lat="50.4513756731173" lon="3.6986797632662221">
    <name>116.1</name>
  </wpt>
  <wpt lat="50.45210315419974" lon="3.6994925585692169">
    <name>116.2</name>
  </wpt>
  <wpt lat="50.452762682430475" lon="3.7004524829371834">
    <name>116.3</name>
  </wpt>
  <wpt lat="50.453462130373794" lon="3.7013397654108156">
    <name>116.4</name>
  </wpt>
  <wpt lat="50.454209222082632" lon="3.70212548002438">
    <name>116.5</name>
  </wpt>
  <wpt lat="50.454998656774805" lon="3.702799132785942">
    <name>116.6</name>
  </wpt>
  <wpt lat="50.45582972592458" lon="3.7033377568260781">
    <name>116.7</name>
  </wpt>
  <wpt lat="50.456681332493844" lon="3.7037896884731141">
    <name>116.8</name>
  </wpt>
  <wpt lat="50.457555802432744" lon="3.7041187767346293">
    <name>116.9</name>
  </wpt>
  <wpt lat="50.458432231690985" lon="3.7044352149818112">
    <name>117.0</name>
  </wpt>
  <wpt lat="50.459306428934966" lon="3.7047667863144778">
    <name>117.1</name>
  </wpt>
  <wpt lat="50.460180849535114" lon="3.7050968590071309">
    <name>117.2</name>
  </wpt>
  <wpt lat="50.461069600727733" lon="3.7052670383074768">
    <name>117.3</name>
  </wpt>
  <wpt lat="50.461965580916541" lon="3.7051996401468279">
    <name>117.4</name>
  </wpt>
  <wpt lat="50.462859397919907" lon="3.7053424248193885">
    <name>117.5</name>
  </wpt>
  <wpt lat="50.463747295325192" lon="3.7055668926262308">
    <name>117.6</name>
  </wpt>
  <wpt lat="50.464635020870219" lon="3.7057930152406628">
    <name>117.7</name>
  </wpt>
  <wpt lat="50.4651282127047" lon="3.7067636933453207">
    <name>117.8</name>
  </wpt>
  <wpt lat="50.465429119130015" lon="3.7080950781281095">
    <name>117.9</name>
  </wpt>
  <wpt lat="50.465730025555267" lon="3.7094264713827765">
    <name>118.0</name>
  </wpt>
  <wpt lat="50.472360119684808" lon="3.7144572969401608">
    <name>118.93</name>
  </wpt>
  <wpt lat="50.472959282450653" lon="3.7137763720185326">
    <name>119.0</name>
  </wpt>
  <wpt lat="50.473659190355548" lon="3.7128890585758652">
    <name>119.1</name>
  </wpt>
  <wpt lat="50.474363294768331" lon="3.7120101229445517">
    <name>119.2</name>
  </wpt>
  <wpt lat="50.474958364867135" lon="3.7109652296910562">
    <name>119.3</name>
  </wpt>
  <wpt lat="50.47544966051624" lon="3.7097848206069077">
    <name>119.4</name>
  </wpt>
  <wpt lat="50.476084726077637" lon="3.7088076344685623">
    <name>119.5</name>
  </wpt>
  <wpt lat="50.476894283114383" lon="3.7091689336687637">
    <name>119.6</name>
  </wpt>
  <wpt lat="50.477653184691704" lon="3.7099271909831635">
    <name>119.7</name>
  </wpt>
  <wpt lat="50.47848799468445" lon="3.7098901756369935">
    <name>119.8</name>
  </wpt>
  <wpt lat="50.479334022186457" lon="3.7094662255031574">
    <name>119.9</name>
  </wpt>
  <wpt lat="50.4801103422277" lon="3.7101523372513765">
    <name>120.0</name>
  </wpt>
  <wpt lat="50.480869072004133" lon="3.7109110705966986">
    <name>120.1</name>
  </wpt>
  <wpt lat="50.481536062178392" lon="3.7104362553206984">
    <name>120.2</name>
  </wpt>
  <wpt lat="50.482030841961276" lon="3.709256068068687">
    <name>120.3</name>
  </wpt>
  <wpt lat="50.482525621744067" lon="3.7080758684610609">
    <name>120.4</name>
  </wpt>
  <wpt lat="50.483020401526737" lon="3.706895656497514">
    <name>120.5</name>
  </wpt>
  <wpt lat="50.483519764712995" lon="3.7057202984096103">
    <name>120.6</name>
  </wpt>
  <wpt lat="50.483993181865856" lon="3.7045191987004515">
    <name>120.7</name>
  </wpt>
  <wpt lat="50.484434016093353" lon="3.703287323209258">
    <name>120.8</name>
  </wpt>
  <wpt lat="50.484925332876635" lon="3.702107680918473">
    <name>120.9</name>
  </wpt>
  <wpt lat="50.485223886164249" lon="3.7008078288837285">
    <name>121.0</name>
  </wpt>
  <wpt lat="50.4859804638962" lon="3.7012634077368363">
    <name>121.1</name>
  </wpt>
  <wpt lat="50.48676313560123" lon="3.7019560771446569">
    <name>121.2</name>
  </wpt>
  <wpt lat="50.487590285738229" lon="3.702510604696394">
    <name>121.3</name>
  </wpt>
  <wpt lat="50.488418327805263" lon="3.7030621142678335">
    <name>121.4</name>
  </wpt>
  <wpt lat="50.489264393507305" lon="3.7035322940972866">
    <name>121.5</name>
  </wpt>
  <wpt lat="50.490100275437712" lon="3.7040483474640471">
    <name>121.6</name>
  </wpt>
  <wpt lat="50.490904939032966" lon="3.7046796139258058">
    <name>121.7</name>
  </wpt>
  <wpt lat="50.491708993706169" lon="3.70531280585313">
    <name>121.8</name>
  </wpt>
  <wpt lat="50.492512312183592" lon="3.7059483139102452">
    <name>121.9</name>
  </wpt>
  <wpt lat="50.493315630660966" lon="3.7065838327736125">
    <name>122.0</name>
  </wpt>
  <wpt lat="50.49411894913829" lon="3.7072193624437415">
    <name>122.1</name>
  </wpt>
  <wpt lat="50.494922267615557" lon="3.7078549029211407">
    <name>122.2</name>
  </wpt>
  <wpt lat="50.495758970166648" lon="3.7083712041820633">
    <name>122.3</name>
  </wpt>
  <wpt lat="50.496601810991372" lon="3.7088643199616738">
    <name>122.4</name>
  </wpt>
  <wpt lat="50.497399922904911" lon="3.70950349875211">
    <name>122.5</name>
  </wpt>
  <wpt lat="50.497917795513978" lon="3.7103354991643429">
    <name>122.6</name>
  </wpt>
  <wpt lat="50.510118951584147" lon="3.7172599658979686">
    <name>124.27</name>
  </wpt>
  <wpt lat="50.510209425754155" lon="3.7178784458401597">
    <name>124.3</name>
  </wpt>
  <wpt lat="50.510645065183823" lon="3.7190992394041649">
    <name>124.4</name>
  </wpt>
  <wpt lat="50.511217951959424" lon="3.7201828774134928">
    <name>124.5</name>
  </wpt>
  <wpt lat="50.511719419562738" lon="3.7212800634719079">
    <name>124.6</name>
  </wpt>
  <wpt lat="50.512481798183927" lon="3.7220071316666128">
    <name>124.7</name>
  </wpt>
  <wpt lat="50.513253369165454" lon="3.722613361665299">
    <name>124.8</name>
  </wpt>
  <wpt lat="50.513690040930406" lon="3.7238118388685018">
    <name>124.9</name>
  </wpt>
  <wpt lat="50.514578607509044" lon="3.724024297118671">
    <name>125.0</name>
  </wpt>
  <wpt lat="50.515469721287737" lon="3.7242149287747832">
    <name>125.1</name>
  </wpt>
  <wpt lat="50.516360991832734" lon="3.7244037543230477">
    <name>125.2</name>
  </wpt>
  <wpt lat="50.517250084500823" lon="3.7246122512192312">
    <name>125.3</name>
  </wpt>
  <wpt lat="50.518131728093927" lon="3.7248912717381435">
    <name>125.4</name>
  </wpt>
  <wpt lat="50.51901266463944" lon="3.7251737764169022">
    <name>125.5</name>
  </wpt>
  <wpt lat="50.519894882978747" lon="3.7254483164814118">
    <name>125.6</name>
  </wpt>
  <wpt lat="50.520777101318046" lon="3.7257228616777596">
    <name>125.7</name>
  </wpt>
  <wpt lat="50.521659319657338" lon="3.7259974120061483">
    <name>125.8</name>
  </wpt>
  <wpt lat="50.522541537996609" lon="3.7262719674668836">
    <name>125.9</name>
  </wpt>
  <wpt lat="50.523423756335873" lon="3.726546528060271">
    <name>126.0</name>
  </wpt>
  <wpt lat="50.524305974675137" lon="3.7268210937865138">
    <name>126.1</name>
  </wpt>
  <wpt lat="50.525188168706" lon="3.7270958578288393">
    <name>126.2</name>
  </wpt>
  <wpt lat="50.526070343993382" lon="3.7273707758596792">
    <name>126.3</name>
  </wpt>
  <wpt lat="50.526952519280762" lon="3.7276456990302953">
    <name>126.4</name>
  </wpt>
  <wpt lat="50.527834694568128" lon="3.7279206273409931">
    <name>126.5</name>
  </wpt>
  <wpt lat="50.528716869855486" lon="3.7281955607919763">
    <name>126.6</name>
  </wpt>
  <wpt lat="50.529598984487741" lon="3.7284709675903076">
    <name>126.7</name>
  </wpt>
  <wpt lat="50.530479696540667" lon="3.7287568980410533">
    <name>126.8</name>
  </wpt>
  <wpt lat="50.531360059858407" lon="3.7290458236607518">
    <name>126.9</name>
  </wpt>
  <wpt lat="50.532241086219543" lon="3.72932974864404">
    <name>127.0</name>
  </wpt>
  <wpt lat="50.533122112580678" lon="3.7296136789297449">
    <name>127.1</name>
  </wpt>
  <wpt lat="50.534001554539977" lon="3.7299093543513919">
    <name>127.2</name>
  </wpt>
  <wpt lat="50.534879090738272" lon="3.7302187793932648">
    <name>127.3</name>
  </wpt>
  <wpt lat="50.535754905466" lon="3.730540165987724">
    <name>127.4</name>
  </wpt>
  <wpt lat="50.536631199529957" lon="3.7308582791256879">
    <name>127.5</name>
  </wpt>
  <wpt lat="50.537508263097209" lon="3.7311711337481728">
    <name>127.6</name>
  </wpt>
  <wpt lat="50.538385326664454" lon="3.7314839941881721">
    <name>127.7</name>
  </wpt>
  <wpt lat="50.539260843047551" lon="3.7318073872527018">
    <name>127.8</name>
  </wpt>
  <wpt lat="50.540136101989631" lon="3.7321325241631516">
    <name>127.9</name>
  </wpt>
  <wpt lat="50.54101193220832" lon="3.7324534744837239">
    <name>128.0</name>
  </wpt>
  <wpt lat="50.541889015181816" lon="3.7327660560078049">
    <name>128.1</name>
  </wpt>
  <wpt lat="50.542765453365355" lon="3.733083254831969">
    <name>128.2</name>
  </wpt>
  <wpt lat="50.543639107856137" lon="3.733416515039782">
    <name>128.3</name>
  </wpt>
  <wpt lat="50.544517970949727" lon="3.7337145735647441">
    <name>128.4</name>
  </wpt>
  <wpt lat="50.545392395542756" lon="3.7340452531019377">
    <name>128.5</name>
  </wpt>
  <wpt lat="50.546268058938345" lon="3.7343669430203503">
    <name>128.6</name>
  </wpt>
  <wpt lat="50.547147366472132" lon="3.7346633623842203">
    <name>128.7</name>
  </wpt>
  <wpt lat="50.548021624416634" lon="3.7349948971793867">
    <name>128.8</name>
  </wpt>
  <wpt lat="50.548830667433805" lon="3.7354865642819863">
    <name>128.9</name>
  </wpt>
  <wpt lat="50.548987773829964" lon="3.736872690928045">
    <name>129.0</name>
  </wpt>
  <wpt lat="50.549191870622131" lon="3.738251072692317">
    <name>129.1</name>
  </wpt>
  <wpt lat="50.549391871992043" lon="3.7396278076088336">
    <name>129.2</name>
  </wpt>
  <wpt lat="50.549106358976708" lon="3.7409336952091752">
    <name>129.3</name>
  </wpt>
  <wpt lat="50.548650871372011" lon="3.7421540568556866">
    <name>129.4</name>
  </wpt>
  <wpt lat="50.548207324894506" lon="3.7433852143216488">
    <name>129.5</name>
  </wpt>
  <wpt lat="50.547781822874171" lon="3.744631273211263">
    <name>129.6</name>
  </wpt>
  <wpt lat="50.547430089507479" lon="3.7459307874697769">
    <name>129.7</name>
  </wpt>
  <wpt lat="50.547184463997453" lon="3.7472722966063392">
    <name>129.8</name>
  </wpt>
  <wpt lat="50.547568131813826" lon="3.7485417200566418">
    <name>129.9</name>
  </wpt>
  <wpt lat="50.548018576713275" lon="3.7497666808024235">
    <name>130.0</name>
  </wpt>
  <wpt lat="50.548469021612604" lon="3.7509916532509155">
    <name>130.1</name>
  </wpt>
  <wpt lat="50.549022990262962" lon="3.7521012450251066">
    <name>130.2</name>
  </wpt>
  <wpt lat="50.549346512931855" lon="3.7533695404369856">
    <name>130.3</name>
  </wpt>
  <wpt lat="50.549002371042462" lon="3.7544093404904642">
    <name>130.4</name>
  </wpt>
  <wpt lat="50.548459236912208" lon="3.7554205789499844">
    <name>130.5</name>
  </wpt>
  <wpt lat="50.548272274201928" lon="3.7568046608258858">
    <name>130.6</name>
  </wpt>
  <wpt lat="50.548083885641717" lon="3.7581863174013148">
    <name>130.7</name>
  </wpt>
  <wpt lat="50.548072041861936" lon="3.7595989352961565">
    <name>130.8</name>
  </wpt>
  <wpt lat="50.548140199928447" lon="3.7610099944880671">
    <name>130.9</name>
  </wpt>
  <wpt lat="50.548196246181071" lon="3.762422440682013">
    <name>131.0</name>
  </wpt>
  <wpt lat="50.548774253807572" lon="3.7634546958618431">
    <name>131.1</name>
  </wpt>
  <wpt lat="50.549555340184625" lon="3.7641515244824455">
    <name>131.2</name>
  </wpt>
  <wpt lat="50.5503550812825" lon="3.7647988773843135">
    <name>131.3</name>
  </wpt>
  <wpt lat="50.55115525778627" lon="3.7654449064705213">
    <name>131.4</name>
  </wpt>
  <wpt lat="50.551955613876629" lon="3.7660903959989853">
    <name>131.5</name>
  </wpt>
  <wpt lat="50.552746884908885" lon="3.7667608847041412">
    <name>131.6</name>
  </wpt>
  <wpt lat="50.553506073094269" lon="3.7675196462517722">
    <name>131.7</name>
  </wpt>
  <wpt lat="50.554266976041973" lon="3.7682741514699871">
    <name>131.8</name>
  </wpt>
  <wpt lat="50.555028050413192" lon="3.7690282472602328">
    <name>131.9</name>
  </wpt>
  <wpt lat="50.555789124784333" lon="3.7697823552259466">
    <name>132.0</name>
  </wpt>
  <wpt lat="50.5565821200933" lon="3.7704452356346487">
    <name>132.1</name>
  </wpt>
  <wpt lat="50.55739550406873" lon="3.7710440094887145">
    <name>132.2</name>
  </wpt>
  <wpt lat="50.558167222603664" lon="3.7717708603875164">
    <name>132.3</name>
  </wpt>
  <wpt lat="50.558938941138543" lon="3.7724977231873944">
    <name>132.4</name>
  </wpt>
  <wpt lat="50.559710659673357" lon="3.7732245978887549">
    <name>132.5</name>
  </wpt>
  <wpt lat="50.56047633045663" lon="3.7739661922953971">
    <name>132.6</name>
  </wpt>
  <wpt lat="50.561199131659571" lon="3.7748079402939134">
    <name>132.7</name>
  </wpt>
  <wpt lat="50.561920522903208" lon="3.7756531776902684">
    <name>132.8</name>
  </wpt>
  <wpt lat="50.562598455471921" lon="3.7765722549242073">
    <name>132.9</name>
  </wpt>
  <wpt lat="50.562986255455321" lon="3.777845402938897">
    <name>133.0</name>
  </wpt>
  <wpt lat="50.563738916295691" lon="3.7785992979565521">
    <name>133.1</name>
  </wpt>
  <wpt lat="50.564391507877787" lon="3.7795610186784954">
    <name>133.2</name>
  </wpt>
  <wpt lat="50.564965818163181" lon="3.7806505221967437">
    <name>133.3</name>
  </wpt>
  <wpt lat="50.565539999117931" lon="3.7817402072615622">
    <name>133.4</name>
  </wpt>
  <wpt lat="50.566114168734515" lon="3.7828298888950456">
    <name>133.5</name>
  </wpt>
  <wpt lat="50.566765492061251" lon="3.7838034846947211">
    <name>133.6</name>
  </wpt>
  <wpt lat="50.567485754199033" lon="3.7846503513924485">
    <name>133.7</name>
  </wpt>
  <wpt lat="50.56821706602593" lon="3.7854744128103346">
    <name>133.8</name>
  </wpt>
  <wpt lat="50.568950112105213" lon="3.7862946325384059">
    <name>133.9</name>
  </wpt>
  <wpt lat="50.569686455258648" lon="3.78710753772412">
    <name>134.0</name>
  </wpt>
  <wpt lat="50.570422798412011" lon="3.7879204556149544">
    <name>134.1</name>
  </wpt>
  <wpt lat="50.571159141565289" lon="3.7887333862114176">
    <name>134.2</name>
  </wpt>
  <wpt lat="50.571868856959661" lon="3.7896013805318858">
    <name>134.3</name>
  </wpt>
  <wpt lat="50.572516696336777" lon="3.7905827565908865">
    <name>134.4</name>
  </wpt>
  <wpt lat="50.57311244094042" lon="3.7916420718878103">
    <name>134.5</name>
  </wpt>
  <wpt lat="50.573685647497584" lon="3.792733216955773">
    <name>134.6</name>
  </wpt>
  <wpt lat="50.574258854054648" lon="3.7938243753011518">
    <name>134.7</name>
  </wpt>
  <wpt lat="50.5748694724061" lon="3.7948623371567671">
    <name>134.8</name>
  </wpt>
  <wpt lat="50.575547314126133" lon="3.7957921601894458">
    <name>134.9</name>
  </wpt>
  <wpt lat="50.57623485763537" lon="3.7967050088266161">
    <name>135.0</name>
  </wpt>
  <wpt lat="50.576957445048713" lon="3.7975409656467423">
    <name>135.1</name>
  </wpt>
  <wpt lat="50.57780014398503" lon="3.7980290627808779">
    <name>135.2</name>
  </wpt>
  <wpt lat="50.578649132394816" lon="3.798490625302497">
    <name>135.3</name>
  </wpt>
  <wpt lat="50.579436771295811" lon="3.7991721689492848">
    <name>135.4</name>
  </wpt>
  <wpt lat="50.580221887407767" lon="3.7998628786169655">
    <name>135.5</name>
  </wpt>
  <wpt lat="50.581007003519666" lon="3.800553599799374">
    <name>135.6</name>
  </wpt>
  <wpt lat="50.581767143674362" lon="3.8013093676279781">
    <name>135.7</name>
  </wpt>
  <wpt lat="50.582507505104324" lon="3.8021127830794041">
    <name>135.8</name>
  </wpt>
  <wpt lat="50.583256087040112" lon="3.8028957289495868">
    <name>135.9</name>
  </wpt>
  <wpt lat="50.584025930713658" lon="3.8036278910721215">
    <name>136.0</name>
  </wpt>
  <wpt lat="50.584799725697849" lon="3.8043496017433771">
    <name>136.1</name>
  </wpt>
  <wpt lat="50.5856025571098" lon="3.8049878146431211">
    <name>136.2</name>
  </wpt>
  <wpt lat="50.586010696768845" lon="3.8059401054229651">
    <name>136.3</name>
  </wpt>
  <wpt lat="50.586483378216556" lon="3.8070280655669273">
    <name>136.4</name>
  </wpt>
  <wpt lat="50.587113909806163" lon="3.8080317516729481">
    <name>136.5</name>
  </wpt>
  <wpt lat="50.587008873414746" lon="3.80920450435254">
    <name>136.6</name>
  </wpt>
  <wpt lat="50.586656087239646" lon="3.8104774123594187">
    <name>136.7</name>
  </wpt>
  <wpt lat="50.586891099322386" lon="3.8118152451689542">
    <name>136.8</name>
  </wpt>
  <wpt lat="50.587369536208932" lon="3.8130146267706664">
    <name>136.9</name>
  </wpt>
  <wpt lat="50.587866051867643" lon="3.8141952129181766">
    <name>137.0</name>
  </wpt>
  <wpt lat="50.588372570640125" lon="3.8153656660365818">
    <name>137.1</name>
  </wpt>
  <wpt lat="50.588882129258792" lon="3.8165327800644633">
    <name>137.2</name>
  </wpt>
  <wpt lat="50.589380442839563" lon="3.8177118069285019">
    <name>137.3</name>
  </wpt>
  <wpt lat="50.589892192069485" lon="3.8188766457115295">
    <name>137.4</name>
  </wpt>
  <wpt lat="50.590394881754222" lon="3.820051026572735">
    <name>137.5</name>
  </wpt>
  <wpt lat="50.590908713016944" lon="3.8212135784068746">
    <name>137.6</name>
  </wpt>
  <wpt lat="50.5914185552623" lon="3.8223804420630181">
    <name>137.7</name>
  </wpt>
  <wpt lat="50.5919217797284" lon="3.8235544550574017">
    <name>137.8</name>
  </wpt>
  <wpt lat="50.592431493750453" lon="3.8247215495525042">
    <name>137.9</name>
  </wpt>
  <wpt lat="50.592937531189122" lon="3.8258926388280527">
    <name>138.0</name>
  </wpt>
  <wpt lat="50.593443020076265" lon="3.8270643283919248">
    <name>138.1</name>
  </wpt>
  <wpt lat="50.593948509749808" lon="3.8282360296905673">
    <name>138.2</name>
  </wpt>
  <wpt lat="50.594452402734653" lon="3.8294093925222734">
    <name>138.3</name>
  </wpt>
  <wpt lat="50.594745635134821" lon="3.8307036346777754">
    <name>138.4</name>
  </wpt>
  <wpt lat="50.595600764949737" lon="3.83098744788884">
    <name>138.5</name>
  </wpt>
  <wpt lat="50.596411262273982" lon="3.8316013719893407">
    <name>138.6</name>
  </wpt>
  <wpt lat="50.597221759598192" lon="3.8322153066613942">
    <name>138.7</name>
  </wpt>
  <wpt lat="50.598032256922352" lon="3.8328292519055096">
    <name>138.8</name>
  </wpt>
  <wpt lat="50.598842143716709" lon="3.8334452018467271">
    <name>138.9</name>
  </wpt>
  <wpt lat="50.599651659547618" lon="3.8340623737996982">
    <name>139.0</name>
  </wpt>
  <wpt lat="50.648327206360953" lon="3.8744432063363723">
    <name>145.59</name>
  </wpt>
  <wpt lat="50.648501817643783" lon="3.87448999378617">
    <name>145.6</name>
  </wpt>
  <wpt lat="50.649392901869156" lon="3.8742984654638075">
    <name>145.7</name>
  </wpt>
  <wpt lat="50.650283986094514" lon="3.87410693350859">
    <name>145.8</name>
  </wpt>
  <wpt lat="50.651175120948082" lon="3.8739159896573723">
    <name>145.9</name>
  </wpt>
  <wpt lat="50.652066712193" lon="3.8737304584763512">
    <name>146.0</name>
  </wpt>
  <wpt lat="50.652958889603916" lon="3.8735520232502241">
    <name>146.1</name>
  </wpt>
  <wpt lat="50.653856825798641" lon="3.8734915435651418">
    <name>146.2</name>
  </wpt>
  <wpt lat="50.654753962625918" lon="3.8734351108321867">
    <name>146.3</name>
  </wpt>
  <wpt lat="50.655651282445881" lon="3.8734518227168229">
    <name>146.4</name>
  </wpt>
  <wpt lat="50.656547803930636" lon="3.8733670000000195">
    <name>146.5</name>
  </wpt>
  <wpt lat="50.678859000241481" lon="3.9305829075832586">
    <name>151.72</name>
  </wpt>
  <wpt lat="50.679051296705012" lon="3.9315675269838382">
    <name>151.8</name>
  </wpt>
  <wpt lat="50.679776232867056" lon="3.9319566434613344">
    <name>151.9</name>
  </wpt>
  <wpt lat="50.680585565907592" lon="3.9313379474942409">
    <name>152.0</name>
  </wpt>
  <wpt lat="50.68139913279078" lon="3.930733292376873">
    <name>152.1</name>
  </wpt>
  <wpt lat="50.682164601802675" lon="3.9299928663437873">
    <name>152.2</name>
  </wpt>
  <wpt lat="50.682925565523249" lon="3.9292382959780419">
    <name>152.3</name>
  </wpt>
  <wpt lat="50.683705360198168" lon="3.9285322480293297">
    <name>152.4</name>
  </wpt>
  <wpt lat="50.684460206381772" lon="3.9277633645296763">
    <name>152.5</name>
  </wpt>
  <wpt lat="50.685203480325171" lon="3.9269674093879221">
    <name>152.6</name>
  </wpt>
  <wpt lat="50.686064347453367" lon="3.9265766032559672">
    <name>152.7</name>
  </wpt>
  <wpt lat="50.686941367165439" lon="3.9262658326244075">
    <name>152.8</name>
  </wpt>
  <wpt lat="50.742625272997294" lon="3.9294479444208656">
    <name>159.71</name>
  </wpt>
  <wpt lat="50.742622464805322" lon="3.9294430137459715">
    <name>159.7</name>
  </wpt>
  <wpt lat="50.742161441244413" lon="3.9282314272352719">
    <name>159.8</name>
  </wpt>
  <wpt lat="50.741760148272313" lon="3.9269605484311345">
    <name>159.9</name>
  </wpt>
  <wpt lat="50.741343000010176" lon="3.9257125232920829">
    <name>160.0</name>
  </wpt>
  <wpt lat="50.76606905341874" lon="3.8883113404562173">
    <name>165.01</name>
  </wpt>
  <wpt lat="50.76607269058217" lon="3.8883146540283109">
    <name>165.0</name>
  </wpt>
  <wpt lat="50.766569397525984" lon="3.88725916275289">
    <name>165.1</name>
  </wpt>
  <wpt lat="50.767416811354764" lon="3.886822662050335">
    <name>165.2</name>
  </wpt>
  <wpt lat="50.768310792081905" lon="3.886675637712226">
    <name>165.3</name>
  </wpt>
  <wpt lat="50.769204403464244" lon="3.8865191045086642">
    <name>165.4</name>
  </wpt>
  <wpt lat="50.770096433702115" lon="3.8863490000000036">
    <name>165.5</name>
  </wpt>
  <wpt lat="50.770982293393438" lon="3.8862357066322408">
    <name>165.6</name>
  </wpt>
  <wpt lat="50.770694268543537" lon="3.8853716025651468">
    <name>165.7</name>
  </wpt>
  <wpt lat="50.771643645268867" lon="3.884611712947541">
    <name>165.99</name>
  </wpt>
  <wpt lat="50.771866322537043" lon="3.8846941485218771">
    <name>166.0</name>
  </wpt>
  <wpt lat="50.772610575997753" lon="3.8853463224087892">
    <name>166.1</name>
  </wpt>
  <wpt lat="50.7733208252138" lon="3.8862179697509092">
    <name>166.2</name>
  </wpt>
  <wpt lat="50.774187554806723" lon="3.89196545935069">
    <name>167.11</name>
  </wpt>
  <wpt lat="50.774195000059287" lon="3.8920357324643828">
    <name>167.1</name>
  </wpt>
  <wpt lat="50.77433017484087" lon="3.8934133119401992">
    <name>167.2</name>
  </wpt>
  <wpt lat="50.774560551784589" lon="3.8947858467002723">
    <name>167.3</name>
  </wpt>
  <wpt lat="50.774762875417657" lon="3.8961699158792977">
    <name>167.4</name>
  </wpt>
  <wpt lat="50.774982579844441" lon="3.897548964565277">
    <name>167.5</name>
  </wpt>
  <wpt lat="50.775260736542165" lon="3.8988935557976419">
    <name>167.6</name>
  </wpt>
  <wpt lat="50.775871281920146" lon="3.8999259179534183">
    <name>167.7</name>
  </wpt>
  <wpt lat="50.77652867652165" lon="3.9008939841871828">
    <name>167.8</name>
  </wpt>
  <wpt lat="50.777104433319494" lon="3.9019857160477391">
    <name>167.9</name>
  </wpt>
  <wpt lat="50.777672584623758" lon="3.9030881691372756">
    <name>168.0</name>
  </wpt>
  <wpt lat="50.77823703771719" lon="3.9041953396853608">
    <name>168.1</name>
  </wpt>
  <wpt lat="50.778736542503083" lon="3.905374275499025">
    <name>168.2</name>
  </wpt>
  <wpt lat="50.779367172827854" lon="3.9063769455075934">
    <name>168.3</name>
  </wpt>
  <wpt lat="50.779814744545135" lon="3.9076073351122376">
    <name>168.4</name>
  </wpt>
  <wpt lat="50.780253450474973" lon="3.9088477383404334">
    <name>168.5</name>
  </wpt>
  <wpt lat="50.78079117855745" lon="3.9099800988001738">
    <name>168.6</name>
  </wpt>
  <wpt lat="50.781489883257059" lon="3.9108740927349559">
    <name>168.7</name>
  </wpt>
  <wpt lat="50.782329085655959" lon="3.9113204799120527">
    <name>168.8</name>
  </wpt>
  <wpt lat="50.785484220101857" lon="3.91642241763778">
    <name>169.32</name>
  </wpt>
  <wpt lat="50.785799196942676" lon="3.9175981442630179">
    <name>169.4</name>
  </wpt>
  <wpt lat="50.786389357931213" lon="3.9186645461351004">
    <name>169.5</name>
  </wpt>
  <wpt lat="50.787007403026919" lon="3.9196978979115604">
    <name>169.6</name>
  </wpt>
  <wpt lat="50.78761881875932" lon="3.9207389740598604">
    <name>169.7</name>
  </wpt>
  <wpt lat="50.788187923679295" lon="3.9218232232133303">
    <name>169.8</name>
  </wpt>
  <wpt lat="50.788952106232131" lon="3.9225701588998958">
    <name>169.9</name>
  </wpt>
  <wpt lat="50.789703262424624" lon="3.9233502761104404">
    <name>170.0</name>
  </wpt>
  <wpt lat="50.790307272934932" lon="3.924392530525501">
    <name>170.1</name>
  </wpt>
  <wpt lat="50.790804403926977" lon="3.9255763209312216">
    <name>170.2</name>
  </wpt>
  <wpt lat="50.791417001632247" lon="3.9266119564785598">
    <name>170.3</name>
  </wpt>
  <wpt lat="50.791790000148545" lon="3.9278840312594983">
    <name>170.4</name>
  </wpt>
  <wpt lat="50.791653402801394" lon="3.9292865420480276">
    <name>170.5</name>
  </wpt>
  <wpt lat="50.791628840299872" lon="3.9307064619566905">
    <name>170.6</name>
  </wpt>
  <wpt lat="50.791662000576238" lon="3.9321278884353803">
    <name>170.7</name>
  </wpt>
  <wpt lat="50.791685412624666" lon="3.9335497982759415">
    <name>170.8</name>
  </wpt>
  <wpt lat="50.7917217108982" lon="3.934971297676455">
    <name>170.9</name>
  </wpt>
  <wpt lat="50.79177963511097" lon="3.9363899040478914">
    <name>171.0</name>
  </wpt>
  <wpt lat="50.7921700932912" lon="3.937663126593308">
    <name>171.1</name>
  </wpt>
  <wpt lat="50.792572633412156" lon="3.9389353313846351">
    <name>171.2</name>
  </wpt>
  <wpt lat="50.792975173533016" lon="3.9402075471323372">
    <name>171.3</name>
  </wpt>
  <wpt lat="50.793374360783815" lon="3.9414823050230989">
    <name>171.4</name>
  </wpt>
  <wpt lat="50.793585677947192" lon="3.9428589390911983">
    <name>171.5</name>
  </wpt>
  <wpt lat="50.793883727108387" lon="3.9442002883437706">
    <name>171.6</name>
  </wpt>
  <wpt lat="50.794197598022464" lon="3.9455335562670339">
    <name>171.7</name>
  </wpt>
  <wpt lat="50.794535012427495" lon="3.9468518505713113">
    <name>171.8</name>
  </wpt>
  <wpt lat="50.794859455422" lon="3.9481741835206154">
    <name>171.9</name>
  </wpt>
  <wpt lat="50.795086185132284" lon="3.9495499353855918">
    <name>172.0</name>
  </wpt>
  <wpt lat="50.794945000037508" lon="3.9509032850012527">
    <name>172.1</name>
  </wpt>
  <wpt lat="50.795129457428061" lon="3.9522500203718343">
    <name>172.2</name>
  </wpt>
  <wpt lat="50.795178344816513" lon="3.9536706803610686">
    <name>172.3</name>
  </wpt>
  <wpt lat="50.79528952711506" lon="3.9550778571979661">
    <name>172.4</name>
  </wpt>
  <wpt lat="50.795525123339935" lon="3.9564490696539822">
    <name>172.5</name>
  </wpt>
  <wpt lat="50.795646691530905" lon="3.9578574507198212">
    <name>172.6</name>
  </wpt>
  <wpt lat="50.79602915021966" lon="3.95913407361355">
    <name>172.7</name>
  </wpt>
  <wpt lat="50.79640205756116" lon="3.9604279486580318">
    <name>172.8</name>
  </wpt>
  <wpt lat="50.796736807564457" lon="3.9617483798361386">
    <name>172.9</name>
  </wpt>
  <wpt lat="50.7971535906857" lon="3.9630064975491668">
    <name>173.0</name>
  </wpt>
  <wpt lat="50.797820506491547" lon="3.9639301297703722">
    <name>173.1</name>
  </wpt>
  <wpt lat="50.798684203545214" lon="3.9643225214846605">
    <name>173.2</name>
  </wpt>
  <wpt lat="50.799551827072889" lon="3.9646969615740959">
    <name>173.3</name>
  </wpt>
  <wpt lat="50.800413433183095" lon="3.9651035552481151">
    <name>173.4</name>
  </wpt>
  <wpt lat="50.801214018875974" lon="3.9657470001619384">
    <name>173.5</name>
  </wpt>
  <wpt lat="50.802050819782352" lon="3.966167767178431">
    <name>173.6</name>
  </wpt>
  <wpt lat="50.80257015726005" lon="3.9667341074097937">
    <name>173.7</name>
  </wpt>
  <wpt lat="50.80230430063537" lon="3.9680934649262305">
    <name>173.8</name>
  </wpt>
  <wpt lat="50.801972234421456" lon="3.9693980625499776">
    <name>173.9</name>
  </wpt>
  <wpt lat="50.801253178306887" lon="3.9702469373138545">
    <name>174.0</name>
  </wpt>
  <wpt lat="50.800488800087294" lon="3.9709960301191676">
    <name>174.1</name>
  </wpt>
  <wpt lat="50.79995529907125" lon="3.9720722495459713">
    <name>174.2</name>
  </wpt>
  <wpt lat="50.822541920209929" lon="4.0069265534226339">
    <name>178.03</name>
  </wpt>
  <wpt lat="50.822977437002976" lon="4.0078402383896607">
    <name>178.1</name>
  </wpt>
  <wpt lat="50.823457968274489" lon="4.0090335788880482">
    <name>178.2</name>
  </wpt>
  <wpt lat="50.823867195708559" lon="4.0103012820269077">
    <name>178.3</name>
  </wpt>
  <wpt lat="50.8243657741653" lon="4.0114844850957274">
    <name>178.4</name>
  </wpt>
  <wpt lat="50.824886485428948" lon="4.0126452307337779">
    <name>178.5</name>
  </wpt>
  <wpt lat="50.825405080383426" lon="4.0138083593967746">
    <name>178.6</name>
  </wpt>
  <wpt lat="50.833020750686394" lon="4.0242723476327447">
    <name>180.18</name>
  </wpt>
  <wpt lat="50.833183868643509" lon="4.0247019779434092">
    <name>180.2</name>
  </wpt>
  <wpt lat="50.833692348426368" lon="4.0258762759466364">
    <name>180.3</name>
  </wpt>
  <wpt lat="50.834184201391459" lon="4.0270683858735588">
    <name>180.4</name>
  </wpt>
  <wpt lat="50.83491812593234" lon="4.02662185491534">
    <name>180.5</name>
  </wpt>
  <wpt lat="50.835661310047634" lon="4.0263951922376346">
    <name>180.6</name>
  </wpt>
  <wpt lat="50.836330857709378" lon="4.0264649135629513">
    <name>180.7</name>
  </wpt>
  <wpt lat="50.837087880391344" lon="4.0257142067352429">
    <name>180.8</name>
  </wpt>
  <wpt lat="50.837794404455323" lon="4.0248332012063726">
    <name>180.9</name>
  </wpt>
  <wpt lat="50.838472247604166" lon="4.0239002134559358">
    <name>181.0</name>
  </wpt>
  <wpt lat="50.839106905097168" lon="4.0228916772669177">
    <name>181.1</name>
  </wpt>
  <wpt lat="50.839873356310775" lon="4.0222213219103589">
    <name>181.2</name>
  </wpt>
  <wpt lat="50.84072913416427" lon="4.0217837647292152">
    <name>181.3</name>
  </wpt>
  <wpt lat="50.841578337101211" lon="4.02132564934029">
    <name>181.4</name>
  </wpt>
  <wpt lat="50.842471475164878" lon="4.0212079524564039">
    <name>181.5</name>
  </wpt>
  <wpt lat="50.8433699463476" lon="4.0211522913312061">
    <name>181.6</name>
  </wpt>
  <wpt lat="50.844268033466463" lon="4.0210783177624423">
    <name>181.7</name>
  </wpt>
  <wpt lat="50.845167102744327" lon="4.0210599999999719">
    <name>181.8</name>
  </wpt>
  <wpt lat="50.846066424350255" lon="4.0210599999999719">
    <name>181.9</name>
  </wpt>
  <wpt lat="50.846964861435424" lon="4.021105885149205">
    <name>182.0</name>
  </wpt>
  <wpt lat="50.847851933381008" lon="4.0213349126597961">
    <name>182.1</name>
  </wpt>
  <wpt lat="50.848735912302445" lon="4.0215943635969369">
    <name>182.2</name>
  </wpt>
  <wpt lat="50.849629566873027" lon="4.0217495512460264">
    <name>182.3</name>
  </wpt>
  <wpt lat="50.850528720075076" lon="4.0217612926419415">
    <name>182.4</name>
  </wpt>
  <wpt lat="50.851427684002729" lon="4.0217265601847449">
    <name>182.5</name>
  </wpt>
  <wpt lat="50.852326064327066" lon="4.0216717395199506">
    <name>182.6</name>
  </wpt>
  <wpt lat="50.853224904099605" lon="4.0216259517688693">
    <name>182.7</name>
  </wpt>
  <wpt lat="50.854123557277752" lon="4.0215734019426641">
    <name>182.8</name>
  </wpt>
  <wpt lat="50.855022277152536" lon="4.0215231872846937">
    <name>182.9</name>
  </wpt>
  <wpt lat="50.855921209932475" lon="4.0214813000159557">
    <name>183.0</name>
  </wpt>
  <wpt lat="50.856820142712415" lon="4.0214394119398138">
    <name>183.1</name>
  </wpt>
  <wpt lat="50.857719091081478" lon="4.0213984260981839">
    <name>183.2</name>
  </wpt>
  <wpt lat="50.858618125076347" lon="4.0213623977358388">
    <name>183.3</name>
  </wpt>
  <wpt lat="50.85951694264606" lon="4.0213202506908949">
    <name>183.4</name>
  </wpt>
  <wpt lat="50.860415771908563" lon="4.0212731385426972">
    <name>183.5</name>
  </wpt>
  <wpt lat="50.861314156419418" lon="4.0212153307924439">
    <name>183.6</name>
  </wpt>
  <wpt lat="50.862197112987133" lon="4.020958124817918">
    <name>183.7</name>
  </wpt>
  <wpt lat="50.86306636493056" lon="4.02059276450973">
    <name>183.8</name>
  </wpt>
  <wpt lat="50.863930442441557" lon="4.0201979648465489">
    <name>183.9</name>
  </wpt>
  <wpt lat="50.864791586880813" lon="4.0197878358355741">
    <name>184.0</name>
  </wpt>
  <wpt lat="50.865644303377586" lon="4.0193350861532329">
    <name>184.1</name>
  </wpt>
  <wpt lat="50.866491840361952" lon="4.0188589780040438">
    <name>184.2</name>
  </wpt>
  <wpt lat="50.8673367271927" lon="4.0183710242239705">
    <name>184.3</name>
  </wpt>
  <wpt lat="50.868197936335442" lon="4.0179607476268107">
    <name>184.4</name>
  </wpt>
  <wpt lat="50.869072437208466" lon="4.0176299307346408">
    <name>184.5</name>
  </wpt>
  <wpt lat="50.869961569409462" lon="4.0175170861295051">
    <name>184.6</name>
  </wpt>
  <wpt lat="50.870732036005933" lon="4.0177746060235568">
    <name>184.7</name>
  </wpt>
  <wpt lat="50.87152339794622" lon="4.0182241205614995">
    <name>184.8</name>
  </wpt>
  <wpt lat="50.875576134134434" lon="4.0205469764048685">
    <name>185.32</name>
  </wpt>
  <wpt lat="50.8763501080831" lon="4.02018081866343">
    <name>185.4</name>
  </wpt>
  <wpt lat="50.877237489158" lon="4.0199771527225412">
    <name>185.5</name>
  </wpt>
  <wpt lat="50.878133469407743" lon="4.0198544357055974">
    <name>185.6</name>
  </wpt>
  <wpt lat="50.879024391109056" lon="4.0196770546626661">
    <name>185.7</name>
  </wpt>
  <wpt lat="50.879805071962544" lon="4.0201281416205346">
    <name>185.8</name>
  </wpt>
  <wpt lat="50.880363343083523" lon="4.02124561073608">
    <name>185.9</name>
  </wpt>
  <wpt lat="50.881034855165886" lon="4.0221810216454834">
    <name>186.0</name>
  </wpt>
  <wpt lat="50.881759616624855" lon="4.0230249334184016">
    <name>186.1</name>
  </wpt>
  <wpt lat="50.882404608038009" lon="4.0224447055108934">
    <name>186.2</name>
  </wpt>
  <wpt lat="50.8832072016478" lon="4.02181832225967">
    <name>186.3</name>
  </wpt>
  <wpt lat="50.884035227279519" lon="4.0212620806974479">
    <name>186.4</name>
  </wpt>
  <wpt lat="50.884913481083935" lon="4.0211137013925624">
    <name>186.5</name>
  </wpt>
  <wpt lat="50.885808910965061" lon="4.0212320000000412">
    <name>186.6</name>
  </wpt>
  <wpt lat="50.886593599558019" lon="4.0212166122722248">
    <name>186.7</name>
  </wpt>
  <wpt lat="50.88729768195779" lon="4.0220835685093119">
    <name>186.8</name>
  </wpt>
  <wpt lat="50.888171220647" lon="4.0220589334773287">
    <name>186.9</name>
  </wpt>
  <wpt lat="50.889063686259512" lon="4.0218969999999992">
    <name>187.0</name>
  </wpt>
  <wpt lat="50.8899516669741" lon="4.022109515265555">
    <name>187.1</name>
  </wpt>
  <wpt lat="50.890838364584155" lon="4.0223475065005312">
    <name>187.2</name>
  </wpt>
  <wpt lat="50.891725848136332" lon="4.0225748416774669">
    <name>187.3</name>
  </wpt>
  <wpt lat="50.8926025598656" lon="4.0228924433604574">
    <name>187.4</name>
  </wpt>
  <wpt lat="50.893478878022364" lon="4.023212836001961">
    <name>187.5</name>
  </wpt>
  <wpt lat="50.894199311642488" lon="4.0240293301899017">
    <name>187.6</name>
  </wpt>
  <wpt lat="50.894726998076329" lon="4.0251764564152586">
    <name>187.7</name>
  </wpt>
  <wpt lat="50.895194582888529" lon="4.026319080866319">
    <name>187.8</name>
  </wpt>
  <wpt lat="50.89604061890266" lon="4.0263586197505754">
    <name>187.9</name>
  </wpt>
  <wpt lat="50.89686379968191" lon="4.0257852622211141">
    <name>188.0</name>
  </wpt>
  <wpt lat="50.897633566129926" lon="4.0250645304039825">
    <name>188.1</name>
  </wpt>
  <wpt lat="50.909432028622547" lon="4.0276589713865434">
    <name>189.49</name>
  </wpt>
  <wpt lat="50.90958525854451" lon="4.027795506062037">
    <name>189.5</name>
  </wpt>
  <wpt lat="50.910419257360495" lon="4.0283276933264478">
    <name>189.6</name>
  </wpt>
  <wpt lat="50.911197702937045" lon="4.029023871572166">
    <name>189.7</name>
  </wpt>
  <wpt lat="50.911915863081823" lon="4.0298822360179152">
    <name>189.8</name>
  </wpt>
  <wpt lat="50.912633611664987" lon="4.0307416078045666">
    <name>189.9</name>
  </wpt>
  <wpt lat="50.913323774049516" lon="4.031635323887313">
    <name>190.0</name>
  </wpt>
  <wpt lat="50.913684601844693" lon="4.0325399999999707">
    <name>190.1</name>
  </wpt>
  <wpt lat="50.91388159138026" lon="4.0338518289839342">
    <name>190.2</name>
  </wpt>
  <wpt lat="50.914054117983433" lon="4.035238353618551">
    <name>190.3</name>
  </wpt>
  <wpt lat="50.914670341555194" lon="4.036244340346486">
    <name>190.4</name>
  </wpt>
  <wpt lat="50.915428140939305" lon="4.0370084782048226">
    <name>190.5</name>
  </wpt>
  <wpt lat="50.91615858385223" lon="4.0378185052789224">
    <name>190.6</name>
  </wpt>
  <wpt lat="50.916637885128537" lon="4.0388267567880431">
    <name>190.7</name>
  </wpt>
  <wpt lat="50.916455689605733" lon="4.0400530887676362">
    <name>190.8</name>
  </wpt>
  <wpt lat="50.916075691321737" lon="4.0411963260979453">
    <name>190.9</name>
  </wpt>
  <wpt lat="50.915708458221935" lon="4.0424776596448542">
    <name>191.0</name>
  </wpt>
  <wpt lat="50.915456466952826" lon="4.0438235306672841">
    <name>191.1</name>
  </wpt>
  <wpt lat="50.915021589556417" lon="4.0449839850897789">
    <name>191.2</name>
  </wpt>
  <wpt lat="50.91549824491571" lon="4.045965283670264">
    <name>191.3</name>
  </wpt>
  <wpt lat="50.916072637429608" lon="4.0461772036588295">
    <name>191.4</name>
  </wpt>
  <wpt lat="50.916528304209834" lon="4.04740700220222">
    <name>191.5</name>
  </wpt>
  <wpt lat="50.916856077548907" lon="4.0487273470491827">
    <name>191.6</name>
  </wpt>
  <wpt lat="50.917197335567586" lon="4.050020826403248">
    <name>191.7</name>
  </wpt>
  <wpt lat="50.917822619880852" lon="4.0510460886764257">
    <name>191.8</name>
  </wpt>
  <wpt lat="50.91830322125336" lon="4.0522336494081514">
    <name>191.9</name>
  </wpt>
  <wpt lat="50.918711896568517" lon="4.0535011468315831">
    <name>192.0</name>
  </wpt>
  <wpt lat="50.919237306530555" lon="4.0546538860387749">
    <name>192.1</name>
  </wpt>
  <wpt lat="50.926263362176861" lon="4.0514575109317725">
    <name>192.98</name>
  </wpt>
  <wpt lat="50.926506885749149" lon="4.051599604692389">
    <name>193.0</name>
  </wpt>
  <wpt lat="50.92732719794531" lon="4.0511186887415294">
    <name>193.1</name>
  </wpt>
  <wpt lat="50.928219649123925" lon="4.0509471682201035">
    <name>193.2</name>
  </wpt>
  <wpt lat="50.9290407683773" lon="4.0504314525026563">
    <name>193.3</name>
  </wpt>
  <wpt lat="50.929705126888756" lon="4.0495130311248424">
    <name>193.4</name>
  </wpt>
  <wpt lat="50.930540912011082" lon="4.049030297167401">
    <name>193.5</name>
  </wpt>
  <wpt lat="50.931422887342336" lon="4.0487552449972526">
    <name>193.6</name>
  </wpt>
  <wpt lat="50.93229992910026" lon="4.0485172847903428">
    <name>193.7</name>
  </wpt>
  <wpt lat="50.933097515926114" lon="4.0479099063787523">
    <name>193.8</name>
  </wpt>
  <wpt lat="50.933833193913841" lon="4.0470992784984841">
    <name>193.9</name>
  </wpt>
  <wpt lat="50.934646168280551" lon="4.0464891419770472">
    <name>194.0</name>
  </wpt>
  <wpt lat="50.942492652198865" lon="4.0533950518329824">
    <name>195.78</name>
  </wpt>
  <wpt lat="50.942552000007773" lon="4.0538102489830354">
    <name>195.8</name>
  </wpt>
  <wpt lat="50.942767552008881" lon="4.0551931776937247">
    <name>195.9</name>
  </wpt>
  <wpt lat="50.942874048733444" lon="4.0565733887293405">
    <name>196.0</name>
  </wpt>
  <wpt lat="50.943179513858112" lon="4.0576157933461721">
    <name>196.65</name>
  </wpt>
  <wpt lat="50.943468831320693" lon="4.05841030692976">
    <name>196.7</name>
  </wpt>
  <wpt lat="50.943571733316091" lon="4.0598221185940906">
    <name>196.8</name>
  </wpt>
  <wpt lat="50.94376578303266" lon="4.0612142498646993">
    <name>196.9</name>
  </wpt>
  <wpt lat="50.944081183991905" lon="4.0625484747933562">
    <name>197.0</name>
  </wpt>
  <wpt lat="50.944435547994708" lon="4.06386029291855">
    <name>197.1</name>
  </wpt>
  <wpt lat="50.944762756540712" lon="4.0651880727847365">
    <name>197.2</name>
  </wpt>
  <wpt lat="50.94479192669224" lon="4.0666099469469037">
    <name>197.3</name>
  </wpt>
  <wpt lat="50.94474715996575" lon="4.068034169724589">
    <name>197.4</name>
  </wpt>
  <wpt lat="50.9448476181809" lon="4.06945255151599">
    <name>197.5</name>
  </wpt>
  <wpt lat="50.9449665116399" lon="4.0708659615010552">
    <name>197.6</name>
  </wpt>
  <wpt lat="50.945152075340317" lon="4.0722582549295732">
    <name>197.7</name>
  </wpt>
  <wpt lat="50.94538116339627" lon="4.0736281062758133">
    <name>197.8</name>
  </wpt>
  <wpt lat="50.945541525795043" lon="4.0750322881858869">
    <name>197.9</name>
  </wpt>
  <wpt lat="50.9458356796445" lon="4.0763655609034934">
    <name>198.0</name>
  </wpt>
  <wpt lat="50.946072286736587" lon="4.0777425748138905">
    <name>198.1</name>
  </wpt>
  <wpt lat="50.946275717200692" lon="4.0788122142562449">
    <name>198.2</name>
  </wpt>
  <wpt lat="50.947167329465508" lon="4.0789959999999494">
    <name>198.3</name>
  </wpt>
  <wpt lat="50.947879631492107" lon="4.0797186116053021">
    <name>198.4</name>
  </wpt>
  <wpt lat="50.948511497685558" lon="4.0807342500632009">
    <name>198.5</name>
  </wpt>
  <wpt lat="50.949155554810162" lon="4.0817302391046573">
    <name>198.6</name>
  </wpt>
  <wpt lat="50.949652016064135" lon="4.0828861321675811">
    <name>198.7</name>
  </wpt>
  <wpt lat="50.949917704101907" lon="4.0842495605344764">
    <name>198.8</name>
  </wpt>
  <wpt lat="50.950420701638919" lon="4.0854143763777158">
    <name>198.9</name>
  </wpt>
  <wpt lat="50.950591907411976" lon="4.0868151358940095">
    <name>199.0</name>
  </wpt>
  <wpt lat="50.9509336539233" lon="4.0880778010128793">
    <name>199.1</name>
  </wpt>
  <wpt lat="50.951715115309575" lon="4.0887419649264336">
    <name>199.2</name>
  </wpt>
  <wpt lat="50.952446083321441" lon="4.0895359911630429">
    <name>199.3</name>
  </wpt>
  <wpt lat="50.95285200008292" lon="4.0907716606910975">
    <name>199.4</name>
  </wpt>
  <wpt lat="50.952859819478263" lon="4.09218068635115">
    <name>199.5</name>
  </wpt>
  <wpt lat="50.952777255269083" lon="4.0932302302877295">
    <name>199.6</name>
  </wpt>
  <wpt lat="50.95207091962984" lon="4.0941136990895357">
    <name>199.7</name>
  </wpt>
  <wpt lat="50.951365688936093" lon="4.09499953398729">
    <name>199.8</name>
  </wpt>
  <wpt lat="50.950728504623534" lon="4.0960029484737381">
    <name>199.9</name>
  </wpt>
  <wpt lat="50.950157789798979" lon="4.0971061520758623">
    <name>200.0</name>
  </wpt>
  <wpt lat="50.949580835719182" lon="4.0981983287664558">
    <name>200.1</name>
  </wpt>
  <wpt lat="50.949577506869119" lon="4.1002953250797818">
    <name>200.29</name>
  </wpt>
  <wpt lat="50.949716470171154" lon="4.1005589304929684">
    <name>200.3</name>
  </wpt>
  <wpt lat="50.950292914501084" lon="4.1016508504162115">
    <name>200.4</name>
  </wpt>
  <wpt lat="50.95083372584012" lon="4.1027912993812024">
    <name>200.5</name>
  </wpt>
  <wpt lat="50.95117424925715" lon="4.1040907444136465">
    <name>200.6</name>
  </wpt>
  <wpt lat="50.951594849774366" lon="4.1053525398909043">
    <name>200.7</name>
  </wpt>
  <wpt lat="50.951121616623908" lon="4.1064317822144822">
    <name>200.8</name>
  </wpt>
  <wpt lat="50.950550705163245" lon="4.107533021645267">
    <name>200.9</name>
  </wpt>
  <wpt lat="50.95004521054674" lon="4.1087055514620179">
    <name>201.0</name>
  </wpt>
  <wpt lat="50.949533363442811" lon="4.1098769178516115">
    <name>201.1</name>
  </wpt>
  <wpt lat="50.949031653082521" lon="4.1110458425516656">
    <name>201.2</name>
  </wpt>
  <wpt lat="50.948500605488512" lon="4.1121835295101477">
    <name>201.3</name>
  </wpt>
  <wpt lat="50.947895000091805" lon="4.1131865334321747">
    <name>201.4</name>
  </wpt>
  <wpt lat="50.948103150767146" lon="4.1145671502807168">
    <name>201.5</name>
  </wpt>
  <wpt lat="50.94844682675582" lon="4.1158862528574716">
    <name>201.6</name>
  </wpt>
  <wpt lat="50.948759761137666" lon="4.1172236144462033">
    <name>201.7</name>
  </wpt>
  <wpt lat="50.949019215060254" lon="4.118589989318548">
    <name>201.8</name>
  </wpt>
  <wpt lat="50.949288126245619" lon="4.1199521289630567">
    <name>201.9</name>
  </wpt>
  <wpt lat="50.949529554225094" lon="4.12132627731297">
    <name>202.0</name>
  </wpt>
  <wpt lat="50.949825913502281" lon="4.12265956462693">
    <name>202.1</name>
  </wpt>
  <wpt lat="50.950097224810975" lon="4.1240205491779456">
    <name>202.2</name>
  </wpt>
  <wpt lat="50.950363310657352" lon="4.1253841173619232">
    <name>202.3</name>
  </wpt>
  <wpt lat="50.950573586106067" lon="4.1267671343128018">
    <name>202.4</name>
  </wpt>
  <wpt lat="50.950709649282167" lon="4.1281686251940313">
    <name>202.5</name>
  </wpt>
  <wpt lat="50.950761138330343" lon="4.1295898331817442">
    <name>202.6</name>
  </wpt>
  <wpt lat="50.950884524821227" lon="4.1309873608989713">
    <name>202.7</name>
  </wpt>
  <wpt lat="50.950945308032573" lon="4.13237829902332">
    <name>202.8</name>
  </wpt>
  <wpt lat="50.951297740659136" lon="4.1335792913374112">
    <name>202.9</name>
  </wpt>
  <wpt lat="50.951678188468186" lon="4.134755022527381">
    <name>203.0</name>
  </wpt>
  <wpt lat="50.951218379640643" lon="4.135981869041335">
    <name>203.1</name>
  </wpt>
  <wpt lat="50.95137301111118" lon="4.137325031671943">
    <name>203.2</name>
  </wpt>
  <wpt lat="50.951925287336572" lon="4.1384359273770679">
    <name>203.3</name>
  </wpt>
  <wpt lat="50.952602995699472" lon="4.1393676696061084">
    <name>203.4</name>
  </wpt>
  <wpt lat="50.953339064508093" lon="4.1401859912270833">
    <name>203.5</name>
  </wpt>
  <wpt lat="50.954047978748264" lon="4.14105370014208">
    <name>203.6</name>
  </wpt>
  <wpt lat="50.954877789940781" lon="4.1415109272707822">
    <name>203.7</name>
  </wpt>
  <wpt lat="50.9553363153721" lon="4.1426956304977329">
    <name>203.8</name>
  </wpt>
  <wpt lat="50.956053066813418" lon="4.1435470529242791">
    <name>203.9</name>
  </wpt>
  <wpt lat="50.956838066605314" lon="4.1442343503429795">
    <name>204.0</name>
  </wpt>
  <wpt lat="50.957693965268" lon="4.1446388790572906">
    <name>204.1</name>
  </wpt>
  <wpt lat="50.958419446957649" lon="4.1454257543610051">
    <name>204.2</name>
  </wpt>
  <wpt lat="50.958788777400251" lon="4.1467268040339711">
    <name>204.3</name>
  </wpt>
  <wpt lat="50.959154090554065" lon="4.1480314407692793">
    <name>204.4</name>
  </wpt>
  <wpt lat="50.959524551024849" lon="4.1493323572215832">
    <name>204.5</name>
  </wpt>
  <wpt lat="50.959895814092967" lon="4.1506328085260593">
    <name>204.6</name>
  </wpt>
  <wpt lat="50.96027253580575" lon="4.1519292930557645">
    <name>204.7</name>
  </wpt>
  <wpt lat="50.960715968467014" lon="4.1531694850913636">
    <name>204.8</name>
  </wpt>
  <wpt lat="50.961301535213515" lon="4.15425184150977">
    <name>204.9</name>
  </wpt>
  <wpt lat="50.961732327890459" lon="4.1553749429434985">
    <name>205.0</name>
  </wpt>
  <wpt lat="50.961729218410518" lon="4.1560326956954281">
    <name>205.1</name>
  </wpt>
  <wpt lat="50.962320601782395" lon="4.1570866893245935">
    <name>205.2</name>
  </wpt>
  <wpt lat="50.962955710550411" lon="4.1580791522692921">
    <name>205.3</name>
  </wpt>
  <wpt lat="50.963739140275038" lon="4.15877731068683">
    <name>205.4</name>
  </wpt>
  <wpt lat="50.964495115996023" lon="4.1595456185043558">
    <name>205.5</name>
  </wpt>
  <wpt lat="50.965167695542576" lon="4.1604791936348473">
    <name>205.6</name>
  </wpt>
  <wpt lat="50.965848650000588" lon="4.1613644034417536">
    <name>205.7</name>
  </wpt>
  <wpt lat="50.966548028069617" lon="4.162257886070158">
    <name>205.8</name>
  </wpt>
  <wpt lat="50.967005114755082" lon="4.1634698619267541">
    <name>205.9</name>
  </wpt>
  <wpt lat="50.967231514373424" lon="4.16485017567271">
    <name>206.0</name>
  </wpt>
  <wpt lat="50.967531279248888" lon="4.1661955805215962">
    <name>206.1</name>
  </wpt>
  <wpt lat="50.967820767567353" lon="4.16754699292379">
    <name>206.2</name>
  </wpt>
  <wpt lat="51.022293892910461" lon="4.1069190882875715">
    <name>217.19</name>
  </wpt>
  <wpt lat="51.022399603385587" lon="4.1065960879033812">
    <name>217.2</name>
  </wpt>
  <wpt lat="51.022854783848338" lon="4.1053701784863792">
    <name>217.3</name>
  </wpt>
  <wpt lat="51.0235859804833" lon="4.10455022938789">
    <name>217.4</name>
  </wpt>
  <wpt lat="51.024297670493524" lon="4.1036793770815425">
    <name>217.5</name>
  </wpt>
  <wpt lat="51.024988701982004" lon="4.1027643958164042">
    <name>217.6</name>
  </wpt>
  <wpt lat="51.025759849694822" lon="4.1022023006254731">
    <name>217.7</name>
  </wpt>
  <wpt lat="51.033655709024011" lon="4.1075616231534058">
    <name>219.94</name>
  </wpt>
  <wpt lat="51.0343022234335" lon="4.1073877766140745">
    <name>220.0</name>
  </wpt>
  <wpt lat="51.035007198909788" lon="4.1065019143159169">
    <name>220.1</name>
  </wpt>
  <wpt lat="51.035702987752266" lon="4.10559582317153">
    <name>220.2</name>
  </wpt>
  <wpt lat="51.0363582759564" lon="4.104628194372733">
    <name>220.3</name>
  </wpt>
  <wpt lat="51.036775291760279" lon="4.1033645370928067">
    <name>220.4</name>
  </wpt>
  <wpt lat="51.037436460142679" lon="4.1024678249366087">
    <name>220.5</name>
  </wpt>
  <wpt lat="51.038304771938307" lon="4.1021568217019766">
    <name>220.6</name>
  </wpt>
  <wpt lat="51.039201505035059" lon="4.1020629999999887">
    <name>220.7</name>
  </wpt>
  <wpt lat="51.040089002117696" lon="4.1021409483421349">
    <name>220.8</name>
  </wpt>
  <wpt lat="51.040973461900549" lon="4.1020685381251036">
    <name>220.9</name>
  </wpt>
  <wpt lat="51.041544358753882" lon="4.1011980969313511">
    <name>221.0</name>
  </wpt>
  <wpt lat="51.042041066483428" lon="4.1000057764913009">
    <name>221.1</name>
  </wpt>
  <wpt lat="51.042535136869489" lon="4.0988106388199306">
    <name>221.2</name>
  </wpt>
  <wpt lat="51.043024842426206" lon="4.097610973333409">
    <name>221.3</name>
  </wpt>
  <wpt lat="51.0435251768329" lon="4.0964224087791354">
    <name>221.4</name>
  </wpt>
  <wpt lat="51.044031742294273" lon="4.0952405629608828">
    <name>221.5</name>
  </wpt>
  <wpt lat="51.044529196687179" lon="4.0940490459832946">
    <name>221.6</name>
  </wpt>
  <wpt lat="51.045028995849805" lon="4.0928599175727562">
    <name>221.7</name>
  </wpt>
  <wpt lat="51.045528391941254" lon="4.0916703262778258">
    <name>221.8</name>
  </wpt>
  <wpt lat="51.046276676525217" lon="4.0909326328297446">
    <name>221.9</name>
  </wpt>
  <wpt lat="51.047124180852613" lon="4.090454082291803">
    <name>222.0</name>
  </wpt>
  <wpt lat="51.047962377940777" lon="4.0899400350905939">
    <name>222.1</name>
  </wpt>
  <wpt lat="51.048710403774372" lon="4.089156437327512">
    <name>222.2</name>
  </wpt>
  <wpt lat="51.049290479699934" lon="4.0880704090266109">
    <name>222.3</name>
  </wpt>
  <wpt lat="51.049648789337162" lon="4.0867625446737756">
    <name>222.4</name>
  </wpt>
  <wpt lat="51.049923437530687" lon="4.0854003173112989">
    <name>222.5</name>
  </wpt>
  <wpt lat="51.050193725311182" lon="4.0840358858856982">
    <name>222.6</name>
  </wpt>
  <wpt lat="51.050461949710531" lon="4.0826704074808324">
    <name>222.7</name>
  </wpt>
  <wpt lat="51.050730278429576" lon="4.0813051472847146">
    <name>222.8</name>
  </wpt>
  <wpt lat="51.0510038076335" lon="4.0799423199833171">
    <name>222.9</name>
  </wpt>
  <wpt lat="51.051281052668557" lon="4.0785813845152328">
    <name>223.0</name>
  </wpt>
  <wpt lat="51.051556367651514" lon="4.0772194556114272">
    <name>223.1</name>
  </wpt>
  <wpt lat="51.051836000014923" lon="4.07586644396802">
    <name>223.2</name>
  </wpt>
  <wpt lat="51.052094091245948" lon="4.074500143012683">
    <name>223.3</name>
  </wpt>
  <wpt lat="51.052369188979654" lon="4.0731380732782929">
    <name>223.4</name>
  </wpt>
  <wpt lat="51.052644286713289" lon="4.071775995452775">
    <name>223.5</name>
  </wpt>
  <wpt lat="51.052919384446845" lon="4.0704139095360272">
    <name>223.6</name>
  </wpt>
  <wpt lat="51.053193837616476" lon="4.0690514871059085">
    <name>223.7</name>
  </wpt>
  <wpt lat="51.053466971228133" lon="4.0676883850794949">
    <name>223.8</name>
  </wpt>
  <wpt lat="51.053798951374581" lon="4.0663846527892087">
    <name>223.9</name>
  </wpt>
  <wpt lat="51.054115617603237" lon="4.0650533521723444">
    <name>224.0</name>
  </wpt>
  <wpt lat="51.054441783432644" lon="4.0637203018998829">
    <name>224.1</name>
  </wpt>
  <wpt lat="51.054843487083041" lon="4.0624495129286551">
    <name>224.2</name>
  </wpt>
  <wpt lat="51.055245741006082" lon="4.0613454561463511">
    <name>224.3</name>
  </wpt>
  <wpt lat="51.055801307450594" lon="4.0602223890231226">
    <name>224.4</name>
  </wpt>
  <wpt lat="51.056444924462419" lon="4.05922511247532">
    <name>224.5</name>
  </wpt>
  <wpt lat="51.057164170592777" lon="4.0583699537676292">
    <name>224.6</name>
  </wpt>
  <wpt lat="51.057978736757029" lon="4.057891253314116">
    <name>224.7</name>
  </wpt>
  <wpt lat="51.058648923496506" lon="4.0569946061634683">
    <name>224.8</name>
  </wpt>
  <wpt lat="51.059427294799406" lon="4.0562779000458447">
    <name>224.9</name>
  </wpt>
  <wpt lat="51.060216935384673" lon="4.0555936103167962">
    <name>225.0</name>
  </wpt>
  <wpt lat="51.061047551952818" lon="4.0550497989458627">
    <name>225.1</name>
  </wpt>
  <wpt lat="51.061840102530304" lon="4.0545626218436048">
    <name>225.2</name>
  </wpt>
  <wpt lat="51.062670020997743" lon="4.054091322380331">
    <name>225.3</name>
  </wpt>
  <wpt lat="51.081831310978338" lon="4.0362042414132659">
    <name>229.22</name>
  </wpt>
  <wpt lat="51.081234976878243" lon="4.0370756404846464">
    <name>229.3</name>
  </wpt>
  <wpt lat="51.080566191178455" lon="4.0380327105358216">
    <name>229.4</name>
  </wpt>
  <wpt lat="51.079897356032767" lon="4.0389896791950868">
    <name>229.5</name>
  </wpt>
  <wpt lat="51.079228484300721" lon="4.0399465692297172">
    <name>229.6</name>
  </wpt>
  <wpt lat="51.078505609237141" lon="4.0407842401651584">
    <name>229.7</name>
  </wpt>
  <wpt lat="51.077826051435217" lon="4.0414581283679682">
    <name>229.8</name>
  </wpt>
  <wpt lat="51.078599501413024" lon="4.04215950068044">
    <name>229.9</name>
  </wpt>
  <wpt lat="51.079216884622525" lon="4.0430898615625228">
    <name>230.0</name>
  </wpt>
  <wpt lat="51.080004557034826" lon="4.0437274671194228">
    <name>230.1</name>
  </wpt>
  <wpt lat="51.080742680029054" lon="4.0445452587472177">
    <name>230.2</name>
  </wpt>
  <wpt lat="51.081482845789246" lon="4.0453582014821023">
    <name>230.3</name>
  </wpt>
  <wpt lat="51.082148421744854" lon="4.0463121117709759">
    <name>230.4</name>
  </wpt>
  <wpt lat="51.082711647054495" lon="4.0474279289405155">
    <name>230.5</name>
  </wpt>
  <wpt lat="51.083265065759406" lon="4.0485559068713162">
    <name>230.6</name>
  </wpt>
  <wpt lat="51.083714137955674" lon="4.0497933220362743">
    <name>230.7</name>
  </wpt>
  <wpt lat="51.084167032162071" lon="4.0510284678276314">
    <name>230.8</name>
  </wpt>
  <wpt lat="51.084683727555976" lon="4.0522002007452622">
    <name>230.9</name>
  </wpt>
  <wpt lat="51.085175355847156" lon="4.0533984618201568">
    <name>231.0</name>
  </wpt>
  <wpt lat="51.085660367227213" lon="4.0545771012801168">
    <name>231.1</name>
  </wpt>
  <wpt lat="51.0860351968179" lon="4.0558768504766887">
    <name>231.2</name>
  </wpt>
  <wpt lat="51.086154424107264" lon="4.0572878592441359">
    <name>231.3</name>
  </wpt>
  <wpt lat="51.086247648459171" lon="4.0586966956913111">
    <name>231.4</name>
  </wpt>
  <wpt lat="51.086839401586616" lon="4.0597697348905468">
    <name>231.5</name>
  </wpt>
  <wpt lat="51.087484080647179" lon="4.0607679266753758">
    <name>231.6</name>
  </wpt>
  <wpt lat="51.088138927894121" lon="4.0617492607308012">
    <name>231.7</name>
  </wpt>
  <wpt lat="51.088782417722108" lon="4.0627494076876784">
    <name>231.8</name>
  </wpt>
  <wpt lat="51.089435260880904" lon="4.06373270400611">
    <name>231.9</name>
  </wpt>
  <wpt lat="51.090228432652609" lon="4.0643893019239776">
    <name>232.0</name>
  </wpt>
  <wpt lat="51.0911062429003" lon="4.0646733768383081">
    <name>232.1</name>
  </wpt>
  <wpt lat="51.091987873349147" lon="4.06495489908861">
    <name>232.2</name>
  </wpt>
  <wpt lat="51.092824554981313" lon="4.0654479961625887">
    <name>232.3</name>
  </wpt>
  <wpt lat="51.093445997149445" lon="4.0664696192067291">
    <name>232.4</name>
  </wpt>
  <wpt lat="51.093951211160743" lon="4.0676541083413333">
    <name>232.5</name>
  </wpt>
  <wpt lat="51.094464418874381" lon="4.0688300017304311">
    <name>232.6</name>
  </wpt>
  <wpt lat="51.094885350911376" lon="4.0700748367757837">
    <name>232.7</name>
  </wpt>
  <wpt lat="51.094926502818041" lon="4.0715039379330218">
    <name>232.8</name>
  </wpt>
  <wpt lat="51.094928306957563" lon="4.0729336688438522">
    <name>232.9</name>
  </wpt>
  <wpt lat="51.094797273755823" lon="4.0743486694932169">
    <name>233.0</name>
  </wpt>
  <wpt lat="51.094669361167711" lon="4.0757400671993711">
    <name>233.1</name>
  </wpt>
  <wpt lat="51.094677168070938" lon="4.0771542572495161">
    <name>233.2</name>
  </wpt>
  <wpt lat="51.094623000012284" lon="4.0785813398449777">
    <name>233.3</name>
  </wpt>
  <wpt lat="51.094797098541775" lon="4.0799743079817095">
    <name>233.4</name>
  </wpt>
  <wpt lat="51.095017537426521" lon="4.0813561678148371">
    <name>233.5</name>
  </wpt>
  <wpt lat="51.095145914278021" lon="4.0827734232899964">
    <name>233.6</name>
  </wpt>
  <wpt lat="51.095335138802412" lon="4.0841694135678024">
    <name>233.7</name>
  </wpt>
  <wpt lat="51.095359511527093" lon="4.0856007859928267">
    <name>233.8</name>
  </wpt>
  <wpt lat="51.095375866543108" lon="4.087032441483859">
    <name>233.9</name>
  </wpt>
  <wpt lat="51.095560354129525" lon="4.0884033232989774">
    <name>234.0</name>
  </wpt>
  <wpt lat="51.095469482107568" lon="4.0897676074928855">
    <name>234.1</name>
  </wpt>
  <wpt lat="51.095139209502555" lon="4.0910666983189135">
    <name>234.2</name>
  </wpt>
  <wpt lat="51.094295791522562" lon="4.0915377883496324">
    <name>234.3</name>
  </wpt>
  <wpt lat="51.093471264780284" lon="4.09210659341103">
    <name>234.4</name>
  </wpt>
  <wpt lat="51.092654254099152" lon="4.0927044882083292">
    <name>234.5</name>
  </wpt>
  <wpt lat="51.092558298845255" lon="4.0936015689838943">
    <name>234.6</name>
  </wpt>
  <wpt lat="51.0928213751274" lon="4.0949664838977746">
    <name>234.7</name>
  </wpt>
  <wpt lat="51.093040789481634" lon="4.0963452675982577">
    <name>234.8</name>
  </wpt>
  <wpt lat="51.092976716772561" lon="4.0977682295850348">
    <name>234.9</name>
  </wpt>
  <wpt lat="51.092790267573982" lon="4.099165917227066">
    <name>235.0</name>
  </wpt>
  <wpt lat="51.092490939904174" lon="4.1005135113134177">
    <name>235.1</name>
  </wpt>
  <wpt lat="51.095121225387473" lon="4.1101517406585781">
    <name>236.23</name>
  </wpt>
  <wpt lat="51.09546914080974" lon="4.1111569096466694">
    <name>236.3</name>
  </wpt>
  <wpt lat="51.095663813318765" lon="4.1125512263892707">
    <name>236.4</name>
  </wpt>
  <wpt lat="51.0958680548415" lon="4.1139443386705725">
    <name>236.5</name>
  </wpt>
  <wpt lat="51.096124633997171" lon="4.1153168218343135">
    <name>236.6</name>
  </wpt>
  <wpt lat="51.096476503632658" lon="4.116627166931865">
    <name>236.7</name>
  </wpt>
  <wpt lat="51.096890091910957" lon="4.11789876875445">
    <name>236.8</name>
  </wpt>
  <wpt lat="51.097292724127492" lon="4.1191786738491132">
    <name>236.9</name>
  </wpt>
  <wpt lat="51.0976889430811" lon="4.1204538149042991">
    <name>237.0</name>
  </wpt>
  <wpt lat="51.097897807918848" lon="4.121788598437286">
    <name>237.1</name>
  </wpt>
  <wpt lat="51.098152151355251" lon="4.123142980378149">
    <name>237.2</name>
  </wpt>
  <wpt lat="51.098557568353613" lon="4.1244205720901057">
    <name>237.3</name>
  </wpt>
  <wpt lat="51.098850064732481" lon="4.1257744126644305">
    <name>237.4</name>
  </wpt>
  <wpt lat="51.099007351403664" lon="4.1271760272423688">
    <name>237.5</name>
  </wpt>
  <wpt lat="51.098992029733431" lon="4.1286057958326454">
    <name>237.6</name>
  </wpt>
  <wpt lat="51.099076178548472" lon="4.130012854477993">
    <name>237.7</name>
  </wpt>
  <wpt lat="51.0993656786404" lon="4.1313473104107947">
    <name>237.8</name>
  </wpt>
  <wpt lat="51.099973146018684" lon="4.1323720998557913">
    <name>237.9</name>
  </wpt>
  <wpt lat="51.100637417703354" lon="4.1333170567084849">
    <name>238.0</name>
  </wpt>
  <wpt lat="51.100595402750884" lon="4.1346475368065647">
    <name>238.1</name>
  </wpt>
  <wpt lat="51.100389446140042" lon="4.1360416009145027">
    <name>238.2</name>
  </wpt>
  <wpt lat="51.100192221250936" lon="4.1374387495128691">
    <name>238.3</name>
  </wpt>
  <wpt lat="51.100107603560865" lon="4.1386531120327632">
    <name>238.4</name>
  </wpt>
  <wpt lat="51.1004493702155" lon="4.1399770174842292">
    <name>238.5</name>
  </wpt>
  <wpt lat="51.100629903792267" lon="4.1413663731021719">
    <name>238.6</name>
  </wpt>
  <wpt lat="51.110398537923466" lon="4.1423514812966031">
    <name>239.79</name>
  </wpt>
  <wpt lat="51.110625672551706" lon="4.142391038312871">
    <name>239.8</name>
  </wpt>
  <wpt lat="51.111521276009512" lon="4.1425208892337642">
    <name>239.9</name>
  </wpt>
  <wpt lat="51.113966900052468" lon="4.1428539999999847">
    <name>240.19</name>
  </wpt>
  <wpt lat="51.113907949230672" lon="4.14313936665085">
    <name>240.2</name>
  </wpt>
  <wpt lat="51.114102935863734" lon="4.1443241477800159">
    <name>240.3</name>
  </wpt>
  <wpt lat="51.114007423891564" lon="4.1457471187537687">
    <name>240.4</name>
  </wpt>
  <wpt lat="51.113868040079225" lon="4.1471591377677708">
    <name>240.5</name>
  </wpt>
  <wpt lat="51.113667963387577" lon="4.1485556589269708">
    <name>240.6</name>
  </wpt>
  <wpt lat="51.113702363976429" lon="4.1499776476288011">
    <name>240.7</name>
  </wpt>
  <wpt lat="51.113836887013044" lon="4.1513940688969839">
    <name>240.8</name>
  </wpt>
  <wpt lat="51.113775231121672" lon="4.1528184660446872">
    <name>240.9</name>
  </wpt>
  <wpt lat="51.113821878054196" lon="4.1542462751801068">
    <name>241.0</name>
  </wpt>
  <wpt lat="51.113886502739952" lon="4.1556749970008831">
    <name>241.1</name>
  </wpt>
  <wpt lat="51.11407575500975" lon="4.1570709004791633">
    <name>241.2</name>
  </wpt>
  <wpt lat="51.114395784541735" lon="4.15840913803876">
    <name>241.3</name>
  </wpt>
  <wpt lat="51.114726687146621" lon="4.1597369989130124">
    <name>241.4</name>
  </wpt>
  <wpt lat="51.114712511455764" lon="4.1611519193558113">
    <name>241.5</name>
  </wpt>
  <wpt lat="51.114541156365767" lon="4.1625581193978531">
    <name>241.6</name>
  </wpt>
  <wpt lat="51.114353898206538" lon="4.1639587064192831">
    <name>241.7</name>
  </wpt>
  <wpt lat="51.114088599643942" lon="4.1653272490374986">
    <name>241.8</name>
  </wpt>
  <wpt lat="51.114201331332424" lon="4.1667161018168706">
    <name>241.9</name>
  </wpt>
  <wpt lat="51.114166098039817" lon="4.1681326939413976">
    <name>242.0</name>
  </wpt>
  <wpt lat="51.114008599737211" lon="4.1695429754615319">
    <name>242.1</name>
  </wpt>
  <wpt lat="51.113858613227059" lon="4.170955438229984">
    <name>242.2</name>
  </wpt>
  <wpt lat="51.113708312367834" lon="4.1723677442975458">
    <name>242.3</name>
  </wpt>
  <wpt lat="51.113563143568307" lon="4.17378149239145">
    <name>242.4</name>
  </wpt>
  <wpt lat="51.113424289016386" lon="4.1751968456545105">
    <name>242.5</name>
  </wpt>
  <wpt lat="51.113438760150466" lon="4.1766132158327069">
    <name>242.6</name>
  </wpt>
  <wpt lat="51.113719914976762" lon="4.1779725156819723">
    <name>242.7</name>
  </wpt>
  <wpt lat="51.114027406297517" lon="4.1793183864286867">
    <name>242.8</name>
  </wpt>
  <wpt lat="51.114393349202004" lon="4.1806267675919386">
    <name>242.9</name>
  </wpt>
  <wpt lat="51.114801860762441" lon="4.1819018556768954">
    <name>243.0</name>
  </wpt>
  <wpt lat="51.115237850034866" lon="4.1831536203556068">
    <name>243.1</name>
  </wpt>
  <wpt lat="51.115705507537726" lon="4.1843771846576345">
    <name>243.2</name>
  </wpt>
  <wpt lat="51.116128738962473" lon="4.1856402136434614">
    <name>243.3</name>
  </wpt>
  <wpt lat="51.116472652115682" lon="4.1869612840530106">
    <name>243.4</name>
  </wpt>
  <wpt lat="51.116709084989431" lon="4.1883422982659066">
    <name>243.5</name>
  </wpt>
  <wpt lat="51.116952283420076" lon="4.1897076538441631">
    <name>243.6</name>
  </wpt>
  <wpt lat="51.11738848273459" lon="4.1909605077757313">
    <name>243.7</name>
  </wpt>
  <wpt lat="51.117947892033911" lon="4.1920796674881977">
    <name>243.8</name>
  </wpt>
  <wpt lat="51.118628532720635" lon="4.1930106158537424">
    <name>243.9</name>
  </wpt>
  <wpt lat="51.119310692711892" lon="4.19394411117857">
    <name>244.0</name>
  </wpt>
  <wpt lat="51.120006227440996" lon="4.1948522585278445">
    <name>244.1</name>
  </wpt>
  <wpt lat="51.120704019138081" lon="4.1957560105938994">
    <name>244.2</name>
  </wpt>
  <wpt lat="51.121389729608161" lon="4.1966826257889451">
    <name>244.3</name>
  </wpt>
  <wpt lat="51.122082962445496" lon="4.1975952680486248">
    <name>244.4</name>
  </wpt>
  <wpt lat="51.122761245669118" lon="4.1985335304520133">
    <name>244.5</name>
  </wpt>
  <wpt lat="51.123417048335938" lon="4.1995129287401314">
    <name>244.6</name>
  </wpt>
  <wpt lat="51.124030030311673" lon="4.2005608577442191">
    <name>244.7</name>
  </wpt>
  <wpt lat="51.124643672417193" lon="4.2016081165548513">
    <name>244.8</name>
  </wpt>
  <wpt lat="51.125225745402041" lon="4.2026988660695945">
    <name>244.9</name>
  </wpt>
  <wpt lat="51.12567292242624" lon="4.2039335779285638">
    <name>245.0</name>
  </wpt>
  <wpt lat="51.125947375991316" lon="4.205173219559863">
    <name>245.1</name>
  </wpt>
  <wpt lat="51.128732821119328" lon="4.2292250894607646">
    <name>247.12</name>
  </wpt>
  <wpt lat="51.128826000092751" lon="4.230326020649696">
    <name>247.2</name>
  </wpt>
  <wpt lat="51.12882213120281" lon="4.2317513906064335">
    <name>247.3</name>
  </wpt>
  <wpt lat="51.128783000329086" lon="4.2331828197650214">
    <name>247.4</name>
  </wpt>
  <wpt lat="51.12874732230793" lon="4.23461428718034">
    <name>247.5</name>
  </wpt>
  <wpt lat="51.128710408325" lon="4.2360459016121919">
    <name>247.6</name>
  </wpt>
  <wpt lat="51.128671385300414" lon="4.2374775648482057">
    <name>247.7</name>
  </wpt>
  <wpt lat="51.128627194549075" lon="4.2389088251597462">
    <name>247.8</name>
  </wpt>
  <wpt lat="51.12859000026409" lon="4.2403404859079048">
    <name>247.9</name>
  </wpt>
  <wpt lat="51.128552089435246" lon="4.241770646029857">
    <name>248.0</name>
  </wpt>
  <wpt lat="51.128517897877458" lon="4.2432025071858348">
    <name>248.1</name>
  </wpt>
  <wpt lat="51.128467232153447" lon="4.2446331484223041">
    <name>248.2</name>
  </wpt>
  <wpt lat="51.128520710489887" lon="4.2460621583961435">
    <name>248.3</name>
  </wpt>
  <wpt lat="51.1287006234995" lon="4.2474641026064628">
    <name>248.4</name>
  </wpt>
  <wpt lat="51.128933326433419" lon="4.2488482786567054">
    <name>248.5</name>
  </wpt>
  <wpt lat="51.129139957876006" lon="4.25023903039424">
    <name>248.6</name>
  </wpt>
  <wpt lat="51.129369085938578" lon="4.2516238668448816">
    <name>248.7</name>
  </wpt>
  <wpt lat="51.129586899677172" lon="4.2530141946240434">
    <name>248.8</name>
  </wpt>
  <wpt lat="51.129803822683556" lon="4.2544033810260951">
    <name>248.9</name>
  </wpt>
  <wpt lat="51.129818375944431" lon="4.2558248240518122">
    <name>249.0</name>
  </wpt>
  <wpt lat="51.129725580883381" lon="4.2572500854621724">
    <name>249.1</name>
  </wpt>
  <wpt lat="51.129626138510034" lon="4.2586738346293123">
    <name>249.2</name>
  </wpt>
  <wpt lat="51.129633302993263" lon="4.2601010093173528">
    <name>249.3</name>
  </wpt>
  <wpt lat="51.129681791916" lon="4.2615317718916277">
    <name>249.4</name>
  </wpt>
  <wpt lat="51.1297270000045" lon="4.2629623185365686">
    <name>249.5</name>
  </wpt>
  <wpt lat="51.1297700001638" lon="4.264392871841947">
    <name>249.6</name>
  </wpt>
  <wpt lat="51.129792000117632" lon="4.2658247282022588">
    <name>249.7</name>
  </wpt>
  <wpt lat="51.12982945782926" lon="4.2672527487153076">
    <name>249.8</name>
  </wpt>
  <wpt lat="51.130158896172816" lon="4.2685684399152155">
    <name>249.9</name>
  </wpt>
  <wpt lat="51.130632102692253" lon="4.2697858357277685">
    <name>250.0</name>
  </wpt>
  <wpt lat="51.130938713669948" lon="4.2711217983886565">
    <name>250.1</name>
  </wpt>
  <wpt lat="51.131293864515143" lon="4.2724365538387428">
    <name>250.2</name>
  </wpt>
  <wpt lat="51.1316904917667" lon="4.273722712834056">
    <name>250.3</name>
  </wpt>
  <wpt lat="51.132099519014005" lon="4.2749980857322392">
    <name>250.4</name>
  </wpt>
  <wpt lat="51.132622742898363" lon="4.2761632473183617">
    <name>250.5</name>
  </wpt>
  <wpt lat="51.133019837117416" lon="4.2774404682072591">
    <name>250.6</name>
  </wpt>
  <wpt lat="51.133397965976869" lon="4.2787386453258796">
    <name>250.7</name>
  </wpt>
  <wpt lat="51.133861220237044" lon="4.2799516341547408">
    <name>250.8</name>
  </wpt>
  <wpt lat="51.13449140450674" lon="4.2809740860271059">
    <name>250.9</name>
  </wpt>
  <wpt lat="51.135144831828292" lon="4.2819581501397836">
    <name>251.0</name>
  </wpt>
  <wpt lat="51.135811202316695" lon="4.2829206151919266">
    <name>251.1</name>
  </wpt>
  <wpt lat="51.136478075046831" lon="4.2838820658359245">
    <name>251.2</name>
  </wpt>
  <wpt lat="51.13715519147906" lon="4.2848253173640494">
    <name>251.3</name>
  </wpt>
  <wpt lat="51.137836779696357" lon="4.2857603375716726">
    <name>251.4</name>
  </wpt>
  <wpt lat="51.138501090666814" lon="4.2867248648834622">
    <name>251.5</name>
  </wpt>
  <wpt lat="51.139182744708904" lon="4.2876597745128171">
    <name>251.6</name>
  </wpt>
  <wpt lat="51.139777395609549" lon="4.2887320738978341">
    <name>251.7</name>
  </wpt>
  <wpt lat="51.140355111646016" lon="4.2898305143154136">
    <name>251.8</name>
  </wpt>
  <wpt lat="51.140915913019278" lon="4.2909510702600384">
    <name>251.9</name>
  </wpt>
  <wpt lat="51.141480680600758" lon="4.292066530519131">
    <name>252.0</name>
  </wpt>
  <wpt lat="51.142045404368261" lon="4.2931820561569927">
    <name>252.1</name>
  </wpt>
  <wpt lat="51.1425917187493" lon="4.2943191129714622">
    <name>252.2</name>
  </wpt>
  <wpt lat="51.143160688186065" lon="4.2954289916969248">
    <name>252.3</name>
  </wpt>
  <wpt lat="51.143727437673" lon="4.2965408771358078">
    <name>252.4</name>
  </wpt>
  <wpt lat="51.144519164448944" lon="4.2971508518698069">
    <name>252.5</name>
  </wpt>
  <wpt lat="51.145392194617038" lon="4.2974843664986873">
    <name>252.6</name>
  </wpt>
  <wpt lat="51.146264096136093" lon="4.2978354310798137">
    <name>252.7</name>
  </wpt>
  <wpt lat="51.147131860102107" lon="4.2982033894776794">
    <name>252.8</name>
  </wpt>
  <wpt lat="51.147999924095316" lon="4.2985080000000417">
    <name>252.9</name>
  </wpt>
  <wpt lat="51.148830759492142" lon="4.29905291078349">
    <name>253.0</name>
  </wpt>
  <wpt lat="51.149697385048526" lon="4.299434278157662">
    <name>253.1</name>
  </wpt>
  <wpt lat="51.150572950964161" lon="4.2997592126771531">
    <name>253.2</name>
  </wpt>
  <wpt lat="51.1514695310975" lon="4.2997746161534485">
    <name>253.3</name>
  </wpt>
  <wpt lat="51.152352937394824" lon="4.3000041028552225">
    <name>253.4</name>
  </wpt>
  <wpt lat="51.153221454644658" lon="4.3003584023085937">
    <name>253.5</name>
  </wpt>
  <wpt lat="51.154110936708335" lon="4.3005679733669453">
    <name>253.6</name>
  </wpt>
  <wpt lat="51.15499859516342" lon="4.3007973081127062">
    <name>253.7</name>
  </wpt>
  <wpt lat="51.1558953517933" lon="4.3008689999999881">
    <name>253.8</name>
  </wpt>
  <wpt lat="51.156718203803187" lon="4.3013211239111984">
    <name>253.9</name>
  </wpt>
  <wpt lat="51.15738564435761" lon="4.3022821530479378">
    <name>254.0</name>
  </wpt>
  <wpt lat="51.158126068251207" lon="4.30305341301571">
    <name>254.1</name>
  </wpt>
  <wpt lat="51.159012063235892" lon="4.303291648466498">
    <name>254.2</name>
  </wpt>
  <wpt lat="51.159854468066435" lon="4.3037749438176931">
    <name>254.3</name>
  </wpt>
  <wpt lat="51.160647124173934" lon="4.3044522095205231">
    <name>254.4</name>
  </wpt>
  <wpt lat="51.161436939896348" lon="4.3051379991692373">
    <name>254.5</name>
  </wpt>
  <wpt lat="51.162181071579319" lon="4.3059372778671774">
    <name>254.6</name>
  </wpt>
  <wpt lat="51.162909209695158" lon="4.3067772096299421">
    <name>254.7</name>
  </wpt>
  <wpt lat="51.163674613828725" lon="4.3075284161537315">
    <name>254.8</name>
  </wpt>
  <wpt lat="51.1644532946006" lon="4.3082435272773276">
    <name>254.9</name>
  </wpt>
  <wpt lat="51.165225727076141" lon="4.3089735857055791">
    <name>255.0</name>
  </wpt>
  <wpt lat="51.166041085146517" lon="4.3095781231449681">
    <name>255.1</name>
  </wpt>
  <wpt lat="51.16686020697469" lon="4.3101697691332523">
    <name>255.2</name>
  </wpt>
  <wpt lat="51.167690218018691" lon="4.310720252913824">
    <name>255.3</name>
  </wpt>
  <wpt lat="51.168542983231305" lon="4.3111757378673907">
    <name>255.4</name>
  </wpt>
  <wpt lat="51.169384186736572" lon="4.3116823289422994">
    <name>255.5</name>
  </wpt>
  <wpt lat="51.170223381192287" lon="4.3121971474164162">
    <name>255.6</name>
  </wpt>
  <wpt lat="51.175402234581348" lon="4.3178325309602856">
    <name>257.41</name>
  </wpt>
  <wpt lat="51.17540794625873" lon="4.317754642999418">
    <name>257.4</name>
  </wpt>
  <wpt lat="51.175620047840034" lon="4.3163640314399716">
    <name>257.5</name>
  </wpt>
  <wpt lat="51.202187657578818" lon="4.3435781429476483">
    <name>261.66</name>
  </wpt>
  <wpt lat="51.202012394080654" lon="4.3443143516637477">
    <name>261.7</name>
  </wpt>
  <wpt lat="51.20166759627665" lon="4.3456269743173213">
    <name>261.8</name>
  </wpt>
  <wpt lat="51.201581528611086" lon="4.3470525584259452">
    <name>261.9</name>
  </wpt>
  <wpt lat="51.201654034525454" lon="4.3484656087871683">
    <name>262.0</name>
  </wpt>
  <wpt lat="51.202036932305226" lon="4.3497569087841494">
    <name>262.1</name>
  </wpt>
  <wpt lat="51.202302214974367" lon="4.3511169436023014">
    <name>262.2</name>
  </wpt>
  <wpt lat="51.202720684998681" lon="4.3523869956363628">
    <name>262.3</name>
  </wpt>
  <wpt lat="51.203157582917562" lon="4.3536415619232054">
    <name>262.4</name>
  </wpt>
  <wpt lat="51.203594341235096" lon="4.3548962639410576">
    <name>262.5</name>
  </wpt>
  <wpt lat="51.204117661675824" lon="4.3557549507588735">
    <name>262.6</name>
  </wpt>
  <wpt lat="51.204513568707391" lon="4.3570433985542083">
    <name>262.7</name>
  </wpt>
  <wpt lat="51.204905518559215" lon="4.3583352818692953">
    <name>262.8</name>
  </wpt>
  <wpt lat="51.205297468410947" lon="4.3596271761781091">
    <name>262.9</name>
  </wpt>
  <wpt lat="51.205689418262587" lon="4.3609190814809553">
    <name>263.0</name>
  </wpt>
  <wpt lat="51.206093694906841" lon="4.3622010965629219">
    <name>263.1</name>
  </wpt>
  <wpt lat="51.20651863083134" lon="4.3634660928711266">
    <name>263.2</name>
  </wpt>
  <wpt lat="51.20695113875918" lon="4.3647246315731607">
    <name>263.3</name>
  </wpt>
  <wpt lat="51.207149254527323" lon="4.3658824058191694">
    <name>263.4</name>
  </wpt>
  <wpt lat="51.20760989775026" lon="4.3671105500616205">
    <name>263.5</name>
  </wpt>
  <wpt lat="51.208091344774822" lon="4.3683190153127445">
    <name>263.6</name>
  </wpt>
  <wpt lat="51.208536648018239" lon="4.3695660409516481">
    <name>263.7</name>
  </wpt>
  <wpt lat="51.208921001042548" lon="4.3708608959269615">
    <name>263.8</name>
  </wpt>
  <wpt lat="51.209443753590428" lon="4.3720274247374631">
    <name>263.9</name>
  </wpt>
  <wpt lat="51.20997025308295" lon="4.373191234099516">
    <name>264.0</name>
  </wpt>
  <wpt lat="51.210497060008692" lon="4.3743547002753429">
    <name>264.1</name>
  </wpt>
  <wpt lat="51.211027365856374" lon="4.3755141244290545">
    <name>264.2</name>
  </wpt>
  <wpt lat="51.211557671703964" lon="4.3766735619350907">
    <name>264.3</name>
  </wpt>
  <wpt lat="51.212087977551441" lon="4.3778330127938592">
    <name>264.4</name>
  </wpt>
  <wpt lat="51.21262692407678" lon="4.3789821937629814">
    <name>264.5</name>
  </wpt>
  <wpt lat="51.213173083639241" lon="4.38012261792565">
    <name>264.6</name>
  </wpt>
  <wpt lat="51.21378090781711" lon="4.3811804693640894">
    <name>264.7</name>
  </wpt>
  <wpt lat="51.214466718548323" lon="4.3820898784449014">
    <name>264.8</name>
  </wpt>
  <wpt lat="51.215170302229289" lon="4.3829823589472916">
    <name>264.9</name>
  </wpt>
  <wpt lat="51.215883853917404" lon="4.3838526994720608">
    <name>265.0</name>
  </wpt>
  <wpt lat="51.216635439016805" lon="4.3846405491079148">
    <name>265.1</name>
  </wpt>
  <wpt lat="51.217410598175171" lon="4.3853685010589736">
    <name>265.2</name>
  </wpt>
  <wpt lat="51.218204163643165" lon="4.3860421878043292">
    <name>265.3</name>
  </wpt>
  <wpt lat="51.219021977911247" lon="4.3866350634174447">
    <name>265.4</name>
  </wpt>
  <wpt lat="51.2198519705322" lon="4.3871873556164234">
    <name>265.5</name>
  </wpt>
  <wpt lat="51.234934000071853" lon="4.4203986391330492">
    <name>269.45</name>
  </wpt>
  <wpt lat="51.235359283136468" lon="4.4206677294795504">
    <name>269.5</name>
  </wpt>
  <wpt lat="51.236256145993544" lon="4.42061025083905">
    <name>269.6</name>
  </wpt>
  <wpt lat="51.237155334640946" lon="4.4205865758886924">
    <name>269.7</name>
  </wpt>
  <wpt lat="51.23805456829264" lon="4.4205664873970321">
    <name>269.8</name>
  </wpt>
  <wpt lat="51.238953776397395" lon="4.4205742454148664">
    <name>269.9</name>
  </wpt>
  <wpt lat="51.23985251167025" lon="4.4205590000000274">
    <name>270.0</name>
  </wpt>
  <wpt lat="51.240751833276178" lon="4.4205590000000274">
    <name>270.1</name>
  </wpt>
  <wpt lat="51.241650812972004" lon="4.4205300113617954">
    <name>270.2</name>
  </wpt>
  <wpt lat="51.242550059418626" lon="4.4205114393502623">
    <name>270.3</name>
  </wpt>
  <wpt lat="51.243449314494754" lon="4.4204949999999776">
    <name>270.4</name>
  </wpt>
  <wpt lat="51.244348636100668" lon="4.4204949999999776">
    <name>270.5</name>
  </wpt>
  <wpt lat="51.24454700213311" lon="4.4217559732507228">
    <name>270.6</name>
  </wpt>
  <wpt lat="51.244547000499523" lon="4.42319259452865">
    <name>270.7</name>
  </wpt>
  <wpt lat="51.24492621830894" lon="4.4240105971664523">
    <name>270.8</name>
  </wpt>
  <wpt lat="51.244922805123579" lon="4.425444990572692">
    <name>270.9</name>
  </wpt>
  <wpt lat="51.244793925027516" lon="4.4268571352890342">
    <name>271.0</name>
  </wpt>
  <wpt lat="51.24477525176993" lon="4.4280434966675832">
    <name>271.1</name>
  </wpt>
  <wpt lat="51.244168466164957" lon="4.4287639833476105">
    <name>271.2</name>
  </wpt>
  <wpt lat="51.244265819148154" lon="4.429582806023399">
    <name>271.3</name>
  </wpt>
  <wpt lat="51.245135875430115" lon="4.4299463113861952">
    <name>271.4</name>
  </wpt>
  <wpt lat="51.24589476834425" lon="4.4307046263074126">
    <name>271.5</name>
  </wpt>
  <wpt lat="51.246672429207557" lon="4.4314226914474517">
    <name>271.6</name>
  </wpt>
  <wpt lat="51.247528266773514" lon="4.4318609313097737">
    <name>271.7</name>
  </wpt>
  <wpt lat="51.248371081584374" lon="4.4323618339544923">
    <name>271.8</name>
  </wpt>
  <wpt lat="51.249209888100694" lon="4.4328799555173912">
    <name>271.9</name>
  </wpt>
  <wpt lat="51.250048443087564" lon="4.4333991331917666">
    <name>272.0</name>
  </wpt>
  <wpt lat="51.250887628345133" lon="4.4339156599166643">
    <name>272.1</name>
  </wpt>
  <wpt lat="51.2517283956876" lon="4.4344256433886">
    <name>272.2</name>
  </wpt>
  <wpt lat="51.252569707863387" lon="4.43493333718716">
    <name>272.3</name>
  </wpt>
  <wpt lat="51.253423571938562" lon="4.4353792283720717">
    <name>272.4</name>
  </wpt>
  <wpt lat="51.2543071634543" lon="4.4356345345615935">
    <name>272.5</name>
  </wpt>
  <wpt lat="51.254899123271123" lon="4.43619051790715">
    <name>272.6</name>
  </wpt>
  <wpt lat="51.2549267023958" lon="4.4376267854095888">
    <name>272.7</name>
  </wpt>
  <wpt lat="51.254920453383932" lon="4.4390607837062577">
    <name>272.8</name>
  </wpt>
  <wpt lat="51.254954000065183" lon="4.4404937810942764">
    <name>272.9</name>
  </wpt>
  <wpt lat="51.255090259212" lon="4.44190626490538">
    <name>273.0</name>
  </wpt>
  <wpt lat="51.255255000059151" lon="4.4433182640946036">
    <name>273.1</name>
  </wpt>
  <wpt lat="51.255077299518419" lon="4.4447060421591544">
    <name>273.2</name>
  </wpt>
  <wpt lat="51.25469995038447" lon="4.4460028847484789">
    <name>273.3</name>
  </wpt>
  <wpt lat="51.254607203736825" lon="4.4474227487630413">
    <name>273.4</name>
  </wpt>
  <wpt lat="51.254542230545383" lon="4.448855928320917">
    <name>273.5</name>
  </wpt>
  <wpt lat="51.254480451426367" lon="4.4502894505644761">
    <name>273.6</name>
  </wpt>
  <wpt lat="51.254412211109319" lon="4.4517202147667874">
    <name>273.7</name>
  </wpt>
  <wpt lat="51.254337666108533" lon="4.4531521981803355">
    <name>273.8</name>
  </wpt>
  <wpt lat="51.254278904464869" lon="4.4545860353960061">
    <name>273.9</name>
  </wpt>
  <wpt lat="51.254213968005388" lon="4.4560191422613631">
    <name>274.0</name>
  </wpt>
  <wpt lat="51.254143936171864" lon="4.4574516569900817">
    <name>274.1</name>
  </wpt>
  <wpt lat="51.25409600000426" lon="4.4588859808248174">
    <name>274.2</name>
  </wpt>
  <wpt lat="51.254682745705409" lon="4.459736627001524">
    <name>274.3</name>
  </wpt>
  <wpt lat="51.255467013803845" lon="4.4604366575225542">
    <name>274.4</name>
  </wpt>
  <wpt lat="51.256255427014878" lon="4.4611271106513763">
    <name>274.5</name>
  </wpt>
  <wpt lat="51.257031946798804" lon="4.4618519810685466">
    <name>274.6</name>
  </wpt>
  <wpt lat="51.257767034330584" lon="4.4625520000000423">
    <name>274.7</name>
  </wpt>
  <wpt lat="51.25852248978876" lon="4.4633160023511778">
    <name>274.8</name>
  </wpt>
  <wpt lat="51.259306246592985" lon="4.4640142304729373">
    <name>274.9</name>
  </wpt>
  <wpt lat="51.260096351496081" lon="4.4642469999999506">
    <name>275.0</name>
  </wpt>
  <wpt lat="51.2609941650762" lon="4.46419081971215">
    <name>275.1</name>
  </wpt>
  <wpt lat="51.261887976405191" lon="4.4640319724279918">
    <name>275.2</name>
  </wpt>
  <wpt lat="51.262781787734177" lon="4.4638731220548786">
    <name>275.3</name>
  </wpt>
  <wpt lat="51.263674822025855" lon="4.4637043561028582">
    <name>275.4</name>
  </wpt>
  <wpt lat="51.264567155207232" lon="4.4635263217301295">
    <name>275.5</name>
  </wpt>
  <wpt lat="51.265458724087082" lon="4.4634031657873772">
    <name>275.6</name>
  </wpt>
  <wpt lat="51.266352746768504" lon="4.4632505100161444">
    <name>275.7</name>
  </wpt>
  <wpt lat="51.267239794901812" lon="4.4631544611978642">
    <name>275.8</name>
  </wpt>
  <wpt lat="51.268003499326738" lon="4.4638580264958687">
    <name>275.9</name>
  </wpt>
  <wpt lat="51.268708202788957" lon="4.4647117892879296">
    <name>276.0</name>
  </wpt>
  <wpt lat="51.269444434243255" lon="4.4655338873243737">
    <name>276.1</name>
  </wpt>
  <wpt lat="51.270168422091153" lon="4.46638659331918">
    <name>276.2</name>
  </wpt>
  <wpt lat="51.270892409938973" lon="4.4672393127490571">
    <name>276.3</name>
  </wpt>
  <wpt lat="51.271616397786723" lon="4.4680920456145117">
    <name>276.4</name>
  </wpt>
  <wpt lat="51.272340385634379" lon="4.4689447919161571">
    <name>276.5</name>
  </wpt>
  <wpt lat="51.273064373481965" lon="4.4697975516545005">
    <name>276.6</name>
  </wpt>
  <wpt lat="51.273797239695647" lon="4.4706270612065309">
    <name>276.7</name>
  </wpt>
  <wpt lat="51.274521320962158" lon="4.4714787895703783">
    <name>276.8</name>
  </wpt>
  <wpt lat="51.275244455955104" lon="4.472333422269589">
    <name>276.9</name>
  </wpt>
  <wpt lat="51.275971023870916" lon="4.4731806104793614">
    <name>277.0</name>
  </wpt>
  <wpt lat="51.276695583378455" lon="4.4740321919926727">
    <name>277.1</name>
  </wpt>
  <wpt lat="51.277419661672241" lon="4.4748848363266509">
    <name>277.2</name>
  </wpt>
  <wpt lat="51.278143739965955" lon="4.4757374940998718">
    <name>277.3</name>
  </wpt>
  <wpt lat="51.278867818259585" lon="4.4765901653128441">
    <name>277.4</name>
  </wpt>
  <wpt lat="51.279591896553136" lon="4.47744284996618">
    <name>277.5</name>
  </wpt>
  <wpt lat="51.28031322055638" lon="4.4783011420855052">
    <name>277.6</name>
  </wpt>
  <wpt lat="51.281038854241395" lon="4.4791504675626816">
    <name>277.7</name>
  </wpt>
  <wpt lat="51.281766113880948" lon="4.4799962417456776">
    <name>277.8</name>
  </wpt>
  <wpt lat="51.282491599424695" lon="4.4808459097113937">
    <name>277.9</name>
  </wpt>
  <wpt lat="51.283216246225805" lon="4.481697426370193">
    <name>278.0</name>
  </wpt>
  <wpt lat="51.283940893026831" lon="4.4825489564637575">
    <name>278.1</name>
  </wpt>
  <wpt lat="51.284663091600365" lon="4.4833438168267339">
    <name>278.2</name>
  </wpt>
  <wpt lat="51.285409473860867" lon="4.4840045496277172">
    <name>278.3</name>
  </wpt>
  <wpt lat="51.286123347165933" lon="4.4848790057867838">
    <name>278.4</name>
  </wpt>
  <wpt lat="51.286848936424747" lon="4.485728091255436">
    <name>278.5</name>
  </wpt>
  <wpt lat="51.287570882343495" lon="4.4865808234095663">
    <name>278.6</name>
  </wpt>
  <wpt lat="51.288183359695722" lon="4.4876174520382355">
    <name>278.7</name>
  </wpt>
  <wpt lat="51.288708752070306" lon="4.48878444210845">
    <name>278.8</name>
  </wpt>
  <wpt lat="51.289253040160851" lon="4.4899288700620517">
    <name>278.9</name>
  </wpt>
  <wpt lat="51.289827261960546" lon="4.4910341182004476">
    <name>279.0</name>
  </wpt>
  <wpt lat="51.290384131682359" lon="4.4921584052738188">
    <name>279.1</name>
  </wpt>
  <wpt lat="51.29109711549696" lon="4.4930337626824928">
    <name>279.2</name>
  </wpt>
  <wpt lat="51.291827815647913" lon="4.4938663693089564">
    <name>279.3</name>
  </wpt>
  <wpt lat="51.29262730151806" lon="4.4945248522624">
    <name>279.4</name>
  </wpt>
  <wpt lat="51.293423327949192" lon="4.495192457986894">
    <name>279.5</name>
  </wpt>
  <wpt lat="51.294220739717069" lon="4.4958573917460241">
    <name>279.6</name>
  </wpt>
  <wpt lat="51.295021737701212" lon="4.4965107226680443">
    <name>279.7</name>
  </wpt>
  <wpt lat="51.295818660180835" lon="4.4971772230034288">
    <name>279.8</name>
  </wpt>
  <wpt lat="51.296499685780859" lon="4.4978982824284808">
    <name>279.9</name>
  </wpt>
  <wpt lat="51.297295886140525" lon="4.4985318829842091">
    <name>280.0</name>
  </wpt>
  <wpt lat="51.298094420495651" lon="4.4991932480332562">
    <name>280.1</name>
  </wpt>
  <wpt lat="51.298889261041069" lon="4.4998660759066134">
    <name>280.2</name>
  </wpt>
  <wpt lat="51.29968383782785" lon="4.500539757379781">
    <name>280.3</name>
  </wpt>
  <wpt lat="51.300478414614574" lon="4.5012134505146424">
    <name>280.4</name>
  </wpt>
  <wpt lat="51.301275211079357" lon="4.5018803863409378">
    <name>280.5</name>
  </wpt>
  <wpt lat="51.302073449255545" lon="4.50254293803">
    <name>280.6</name>
  </wpt>
  <wpt lat="51.302871687431676" lon="4.5032055012418315">
    <name>280.7</name>
  </wpt>
  <wpt lat="51.303669925607757" lon="4.5038680759769392">
    <name>280.8</name>
  </wpt>
  <wpt lat="51.30446706932905" lon="4.5045318450236636">
    <name>280.9</name>
  </wpt>
  <wpt lat="51.305263968413428" lon="4.5051985497360976">
    <name>281.0</name>
  </wpt>
  <wpt lat="51.306061870041233" lon="4.505862191093474">
    <name>281.1</name>
  </wpt>
  <wpt lat="51.306858807073915" lon="4.5065287976566379">
    <name>281.2</name>
  </wpt>
  <wpt lat="51.307620690862436" lon="4.5072831920738947">
    <name>281.3</name>
  </wpt>
  <wpt lat="51.308309327177987" lon="4.5080933070365417">
    <name>281.4</name>
  </wpt>
  <wpt lat="51.309052770490787" lon="4.5089026214076737">
    <name>281.5</name>
  </wpt>
  <wpt lat="51.3097981970256" lon="4.5097074172293983">
    <name>281.6</name>
  </wpt>
  <wpt lat="51.310538647033354" lon="4.5105239289776646">
    <name>281.7</name>
  </wpt>
  <wpt lat="51.311279097041023" lon="4.51134045390218">
    <name>281.8</name>
  </wpt>
  <wpt lat="51.312020466266354" lon="4.5121548521479431">
    <name>281.9</name>
  </wpt>
  <wpt lat="51.312762346705824" lon="4.5129680736225684">
    <name>282.0</name>
  </wpt>
  <wpt lat="51.313483998350868" lon="4.5137977093342263">
    <name>282.1</name>
  </wpt>
  <wpt lat="51.314221350550959" lon="4.5146214301798437">
    <name>282.2</name>
  </wpt>
  <wpt lat="51.314961063937616" lon="4.5154397241677522">
    <name>282.3</name>
  </wpt>
  <wpt lat="51.315701084630909" lon="4.5162573233443055">
    <name>282.4</name>
  </wpt>
  <wpt lat="51.316447944535049" lon="4.5170570000542121">
    <name>282.5</name>
  </wpt>
  <wpt lat="51.317248247203615" lon="4.5176353441184709">
    <name>282.6</name>
  </wpt>
  <wpt lat="51.318116059246194" lon="4.5177917366200946">
    <name>282.7</name>
  </wpt>
  <wpt lat="51.318978448551618" lon="4.518199864634199">
    <name>282.8</name>
  </wpt>
  <wpt lat="51.319841219172979" lon="4.5186056466937661">
    <name>282.9</name>
  </wpt>
  <wpt lat="51.320706975351975" lon="4.5189946748459864">
    <name>283.0</name>
  </wpt>
  <wpt lat="51.321570810037038" lon="4.5193943715029539">
    <name>283.1</name>
  </wpt>
  <wpt lat="51.322433010566208" lon="4.5198007970774823">
    <name>283.2</name>
  </wpt>
  <wpt lat="51.323296383676485" lon="4.5202034077743232">
    <name>283.3</name>
  </wpt>
  <wpt lat="51.32415895663172" lon="4.52060564813277">
    <name>283.4</name>
  </wpt>
  <wpt lat="51.32502280773889" lon="4.5210054133359332">
    <name>283.5</name>
  </wpt>
  <wpt lat="51.325886080227704" lon="4.52140878701568">
    <name>283.6</name>
  </wpt>
  <wpt lat="51.326748971712775" lon="4.5218142471558878">
    <name>283.7</name>
  </wpt>
  <wpt lat="51.32761238392105" lon="4.5222162487153383">
    <name>283.8</name>
  </wpt>
  <wpt lat="51.328439382619678" lon="4.5227127568633767">
    <name>283.9</name>
  </wpt>
  <wpt lat="51.329261356443133" lon="4.5230840796349874">
    <name>284.0</name>
  </wpt>
  <wpt lat="51.330107146558127" lon="4.5235497820011847">
    <name>284.1</name>
  </wpt>
  <wpt lat="51.330969114951429" lon="4.5239602781440444">
    <name>284.2</name>
  </wpt>
  <wpt lat="51.331831346188878" lon="4.5243693700038214">
    <name>284.3</name>
  </wpt>
  <wpt lat="51.332694036598923" lon="4.5247759881936567">
    <name>284.4</name>
  </wpt>
  <wpt lat="51.333556856214926" lon="4.5251819091013816">
    <name>284.5</name>
  </wpt>
  <wpt lat="51.334420089203384" lon="4.5255855817362711">
    <name>284.6</name>
  </wpt>
  <wpt lat="51.335283101061137" lon="4.52599046791409">
    <name>284.7</name>
  </wpt>
  <wpt lat="51.336144938548735" lon="4.5264017184001464">
    <name>284.8</name>
  </wpt>
  <wpt lat="51.3369863614375" lon="4.5269061755426021">
    <name>284.9</name>
  </wpt>
  <wpt lat="51.337726031494064" lon="4.5277148467978421">
    <name>285.0</name>
  </wpt>
  <wpt lat="51.338466325256846" lon="4.5285110526104591">
    <name>285.1</name>
  </wpt>
  <wpt lat="51.339135025608243" lon="4.5294380736105948">
    <name>285.2</name>
  </wpt>
  <wpt lat="51.339851191564868" lon="4.5303088111863445">
    <name>285.3</name>
  </wpt>
  <wpt lat="51.34056734304562" lon="4.5311795928750138">
    <name>285.4</name>
  </wpt>
  <wpt lat="51.341283498422769" lon="4.5320503799571918">
    <name>285.5</name>
  </wpt>
  <wpt lat="51.341991010454443" lon="4.5329390871038573">
    <name>285.6</name>
  </wpt>
  <wpt lat="51.34272019119539" lon="4.5337571918763437">
    <name>285.7</name>
  </wpt>
  <wpt lat="51.343403478050476" lon="4.5346733257447793">
    <name>285.8</name>
  </wpt>
  <wpt lat="51.344120154563925" lon="4.535543019559884">
    <name>285.9</name>
  </wpt>
  <wpt lat="51.344832899775312" lon="4.5364210152928122">
    <name>286.0</name>
  </wpt>
  <wpt lat="51.345552314946751" lon="4.5372849674491853">
    <name>286.1</name>
  </wpt>
  <wpt lat="51.346264007614586" lon="4.538164938227184">
    <name>286.2</name>
  </wpt>
  <wpt lat="51.346968969487037" lon="4.53905893521998">
    <name>286.3</name>
  </wpt>
  <wpt lat="51.347702828622019" lon="4.5398769798909759">
    <name>286.4</name>
  </wpt>
  <wpt lat="51.348418609271967" lon="4.5407486911165469">
    <name>286.5</name>
  </wpt>
  <wpt lat="51.349133526563946" lon="4.5416222309769436">
    <name>286.6</name>
  </wpt>
  <wpt lat="51.3498495304816" lon="4.542493489284098">
    <name>286.7</name>
  </wpt>
  <wpt lat="51.350568564777618" lon="4.5433581981185505">
    <name>286.8</name>
  </wpt>
  <wpt lat="51.351276856865248" lon="4.5442452913485685">
    <name>286.9</name>
  </wpt>
  <wpt lat="51.351997661207946" lon="4.5451063165086589">
    <name>287.0</name>
  </wpt>
  <wpt lat="51.352713514455118" lon="4.5459779200483839">
    <name>287.1</name>
  </wpt>
  <wpt lat="51.353435081753858" lon="4.5467866634208942">
    <name>287.2</name>
  </wpt>
  <wpt lat="51.354149473205709" lon="4.5476613919966571">
    <name>287.3</name>
  </wpt>
  <wpt lat="51.354867731116066" lon="4.5485279404865331">
    <name>287.4</name>
  </wpt>
  <wpt lat="51.355585658834421" lon="4.5493950229679267">
    <name>287.5</name>
  </wpt>
  <wpt lat="51.356299062131058" lon="4.5502710749054209">
    <name>287.6</name>
  </wpt>
  <wpt lat="51.357014219815014" lon="4.5511439415255444">
    <name>287.7</name>
  </wpt>
  <wpt lat="51.357726484070177" lon="4.5520231183021371">
    <name>287.8</name>
  </wpt>
  <wpt lat="51.358438598451293" lon="4.5529026765933374">
    <name>287.9</name>
  </wpt>
  <wpt lat="51.35915380781897" lon="4.5537755223989951">
    <name>288.0</name>
  </wpt>
  <wpt lat="51.359867633689596" lon="4.5546506016838864">
    <name>288.1</name>
  </wpt>
  <wpt lat="51.360571648814158" lon="4.5555447081180942">
    <name>288.2</name>
  </wpt>
  <wpt lat="51.36128820130056" lon="4.5564149992783127">
    <name>288.3</name>
  </wpt>
  <wpt lat="51.36200209804899" lon="4.5572909220857962">
    <name>288.4</name>
  </wpt>
  <wpt lat="51.36271789064412" lon="4.5581628769394129">
    <name>288.5</name>
  </wpt>
  <wpt lat="51.363433262455835" lon="4.5590357244198234">
    <name>288.6</name>
  </wpt>
  <wpt lat="51.364150627464575" lon="4.5599042886971146">
    <name>288.7</name>
  </wpt>
  <wpt lat="51.364863439903687" lon="4.5607825282965537">
    <name>288.8</name>
  </wpt>
  <wpt lat="51.365579476726538" lon="4.56165397613057">
    <name>288.9</name>
  </wpt>
  <wpt lat="51.366294024222093" lon="4.5625285920579053">
    <name>289.0</name>
  </wpt>
  <wpt lat="51.367009471525016" lon="4.5634013366666588">
    <name>289.1</name>
  </wpt>
  <wpt lat="51.367720493251689" lon="4.56428324075057">
    <name>289.2</name>
  </wpt>
  <wpt lat="51.3684351901552" lon="4.5651576111458017">
    <name>289.3</name>
  </wpt>
  <wpt lat="51.36914988705864" lon="4.5660319951885135">
    <name>289.4</name>
  </wpt>
  <wpt lat="51.369864583961984" lon="4.566906392879214">
    <name>289.5</name>
  </wpt>
  <wpt lat="51.370579675479632" lon="4.5677799756734343">
    <name>289.6</name>
  </wpt>
  <wpt lat="51.371294942938306" lon="4.5686532027905509">
    <name>289.7</name>
  </wpt>
  <wpt lat="51.372010210396887" lon="4.56952644354955">
    <name>289.8</name>
  </wpt>
  <wpt lat="51.372721533266592" lon="4.5704078904706078">
    <name>289.9</name>
  </wpt>
  <wpt lat="51.373430429616981" lon="4.5712943898177869">
    <name>290.0</name>
  </wpt>
  <wpt lat="51.374134957141585" lon="4.5721891160674986">
    <name>290.1</name>
  </wpt>
  <wpt lat="51.374853057754038" lon="4.5730564124980377">
    <name>290.2</name>
  </wpt>
  <wpt lat="51.375565797332392" lon="4.5739349969511283">
    <name>290.3</name>
  </wpt>
  <wpt lat="51.376276708657819" lon="4.57481739565231">
    <name>290.4</name>
  </wpt>
  <wpt lat="51.37699033295975" lon="4.5756941727843623">
    <name>290.5</name>
  </wpt>
  <wpt lat="51.377703070576572" lon="4.5765727888784253">
    <name>290.6</name>
  </wpt>
  <wpt lat="51.378427120609324" lon="4.5774273560291023">
    <name>290.7</name>
  </wpt>
  <wpt lat="51.379140475408633" lon="4.5783047389490381">
    <name>290.8</name>
  </wpt>
  <wpt lat="51.37985383020785" lon="4.5791821355430189">
    <name>290.9</name>
  </wpt>
  <wpt lat="51.380567185006988" lon="4.5800595458115536">
    <name>291.0</name>
  </wpt>
  <wpt lat="51.381280539806049" lon="4.5809369697552507">
    <name>291.1</name>
  </wpt>
  <wpt lat="51.381993894605024" lon="4.5818144073746216">
    <name>291.2</name>
  </wpt>
  <wpt lat="51.382707224731881" lon="4.5826919100901247">
    <name>291.3</name>
  </wpt>
  <wpt lat="51.383418932788175" lon="4.5835727587032506">
    <name>291.4</name>
  </wpt>
  <wpt lat="51.384129244500173" lon="4.584456512099055">
    <name>291.5</name>
  </wpt>
  <wpt lat="51.384842616532538" lon="4.5853339638780515">
    <name>291.6</name>
  </wpt>
  <wpt lat="51.385556756144673" lon="4.5862098261267557">
    <name>291.7</name>
  </wpt>
  <wpt lat="51.386271650843142" lon="4.5870841077351487">
    <name>291.8</name>
  </wpt>
  <wpt lat="51.386982777407773" lon="4.5879662216411186">
    <name>291.9</name>
  </wpt>
  <wpt lat="51.387707280340919" lon="4.5888197865067024">
    <name>292.0</name>
  </wpt>
  <wpt lat="51.388411808646204" lon="4.5897141920922806">
    <name>292.1</name>
  </wpt>
  <wpt lat="51.389120592869837" lon="4.5906009214405836">
    <name>292.2</name>
  </wpt>
  <wpt lat="51.389841068698061" lon="4.5914620415638954">
    <name>292.3</name>
  </wpt>
  <wpt lat="51.3905505028672" lon="4.592346861373934">
    <name>292.4</name>
  </wpt>
  <wpt lat="51.391263497843873" lon="4.5932247740674139">
    <name>292.5</name>
  </wpt>
  <wpt lat="51.391983276218618" lon="4.5940883304287432">
    <name>292.6</name>
  </wpt>
  <wpt lat="51.3926987321851" lon="4.5949614590488137">
    <name>292.7</name>
  </wpt>
  <wpt lat="51.393404452986374" lon="4.5958538162006422">
    <name>292.8</name>
  </wpt>
  <wpt lat="51.394122750845646" lon="4.5967198635208986">
    <name>292.9</name>
  </wpt>
  <wpt lat="51.394836386862927" lon="4.5975960609094839">
    <name>293.0</name>
  </wpt>
  <wpt lat="51.395547876815044" lon="4.5984775463627843">
    <name>293.1</name>
  </wpt>
  <wpt lat="51.3962641712332" lon="4.5993490794609064">
    <name>293.2</name>
  </wpt>
  <wpt lat="51.396977761923758" lon="4.6002262576023822">
    <name>293.3</name>
  </wpt>
  <wpt lat="51.397694100461457" lon="4.6010976586895724">
    <name>293.4</name>
  </wpt>
  <wpt lat="51.398403613604451" lon="4.6019832692631617">
    <name>293.5</name>
  </wpt>
  <wpt lat="51.399113255654576" lon="4.6028687176498355">
    <name>293.6</name>
  </wpt>
  <wpt lat="51.399825867657533" lon="4.6037479483616126">
    <name>293.7</name>
  </wpt>
  <wpt lat="51.400542192177909" lon="4.60461950611967">
    <name>293.8</name>
  </wpt>
  <wpt lat="51.401257610916673" lon="4.6054929702091778">
    <name>293.9</name>
  </wpt>
  <wpt lat="51.401968296301149" lon="4.6063763367754387">
    <name>294.0</name>
  </wpt>
  <wpt lat="51.402678981685547" lon="4.6072597170686675">
    <name>294.1</name>
  </wpt>
  <wpt lat="51.40338966706986" lon="4.6081431110894764">
    <name>294.2</name>
  </wpt>
  <wpt lat="51.404179719111106" lon="4.6088232879572644">
    <name>294.3</name>
  </wpt>
  <wpt lat="51.405004579132672" lon="4.6093976694881356">
    <name>294.4</name>
  </wpt>
  <wpt lat="51.405832984581714" lon="4.6099582957091">
    <name>294.5</name>
  </wpt>
  <wpt lat="51.406663338210727" lon="4.610511972064">
    <name>294.6</name>
  </wpt>
  <wpt lat="51.407493752193837" lon="4.6110654363536607">
    <name>294.7</name>
  </wpt>
  <wpt lat="51.408278951667938" lon="4.6116728020932092">
    <name>294.8</name>
  </wpt>
  <wpt lat="51.408521723434681" lon="4.6130086738336926">
    <name>294.9</name>
  </wpt>
  <wpt lat="51.408800665096734" lon="4.6143791958368841">
    <name>295.0</name>
  </wpt>
  <wpt lat="51.450030784546868" lon="4.6394984185383166">
    <name>300.57</name>
  </wpt>
  <wpt lat="51.450392243165652" lon="4.6396801355738386">
    <name>300.6</name>
  </wpt>
  <wpt lat="51.451222222250991" lon="4.6402358058261015">
    <name>300.7</name>
  </wpt>
  <wpt lat="51.4520520887572" lon="4.6407919187437932">
    <name>300.8</name>
  </wpt>
  <wpt lat="51.452842560791041" lon="4.6413673411654823">
    <name>300.9</name>
  </wpt>
  <wpt lat="51.453648939837883" lon="4.641982719658527">
    <name>301.0</name>
  </wpt>
  <wpt lat="51.454382175201012" lon="4.6427755146380951">
    <name>301.1</name>
  </wpt>
  <wpt lat="51.454930208623935" lon="4.64391791367729">
    <name>301.2</name>
  </wpt>
  <wpt lat="51.455465425359428" lon="4.6450515331027589">
    <name>301.3</name>
  </wpt>
  <wpt lat="51.456121082402944" lon="4.6459868365996906">
    <name>301.4</name>
  </wpt>
  <wpt lat="51.45693322968949" lon="4.64633522966694">
    <name>301.5</name>
  </wpt>
  <wpt lat="51.457702461512845" lon="4.6470828122714067">
    <name>301.6</name>
  </wpt>
  <wpt lat="51.45846653232239" lon="4.6478251404963373">
    <name>301.7</name>
  </wpt>
  <wpt lat="51.459240104753071" lon="4.6485611649897223">
    <name>301.8</name>
  </wpt>
  <wpt lat="51.460011861871173" lon="4.6493021834169443">
    <name>301.9</name>
  </wpt>
  <wpt lat="51.460783345246789" lon="4.6500439486597784">
    <name>302.0</name>
  </wpt>
  <wpt lat="51.461548679790283" lon="4.6507997426344758">
    <name>302.1</name>
  </wpt>
  <wpt lat="51.462329612618007" lon="4.6515155761732832">
    <name>302.2</name>
  </wpt>
  <wpt lat="51.463100356042666" lon="4.6522593582420733">
    <name>302.3</name>
  </wpt>
  <wpt lat="51.463767915078307" lon="4.6531118170124151">
    <name>302.4</name>
  </wpt>
  <wpt lat="51.4645677954842" lon="4.6536417892189563">
    <name>302.5</name>
  </wpt>
  <wpt lat="51.465339983413244" lon="4.6543817375823968">
    <name>302.6</name>
  </wpt>
  <wpt lat="51.466110546047794" lon="4.6551255458479659">
    <name>302.7</name>
  </wpt>
  <wpt lat="51.466884553233385" lon="4.6558595443232349">
    <name>302.8</name>
  </wpt>
  <wpt lat="51.467645564283586" lon="4.6566196927044592">
    <name>302.9</name>
  </wpt>
  <wpt lat="51.468386841621069" lon="4.6571995381510316">
    <name>303.0</name>
  </wpt>
  <wpt lat="51.469137725685584" lon="4.6579936761048018">
    <name>303.1</name>
  </wpt>
  <wpt lat="51.476222123079921" lon="4.6695632722680926">
    <name>305.61</name>
  </wpt>
  <wpt lat="51.47626656907623" lon="4.6695955690642492">
    <name>305.6</name>
  </wpt>
  <wpt lat="51.477077543616709" lon="4.6699866545815221">
    <name>305.7</name>
  </wpt>
  <wpt lat="51.477889915616139" lon="4.6706060565021916">
    <name>305.8</name>
  </wpt>
  <wpt lat="51.478684737459893" lon="4.6712809360553971">
    <name>305.9</name>
  </wpt>
  <wpt lat="51.479483021804434" lon="4.6719453570412277">
    <name>306.0</name>
  </wpt>
  <wpt lat="51.480287990975157" lon="4.6725892404440286">
    <name>306.1</name>
  </wpt>
  <wpt lat="51.481092630000063" lon="4.67323417837149">
    <name>306.2</name>
  </wpt>
  <wpt lat="51.481890925185169" lon="4.673899162741133">
    <name>306.3</name>
  </wpt>
  <wpt lat="51.482693191932263" lon="4.6745516703382544">
    <name>306.4</name>
  </wpt>
  <wpt lat="51.483496726287378" lon="4.67520020352025">
    <name>306.5</name>
  </wpt>
  <wpt lat="51.484300260642463" lon="4.6758487481299538">
    <name>306.6</name>
  </wpt>
  <wpt lat="51.485103794997485" lon="4.6764973041679756">
    <name>306.7</name>
  </wpt>
  <wpt lat="51.485904424870164" lon="4.6771550604510841">
    <name>306.8</name>
  </wpt>
  <wpt lat="51.486713342717479" lon="4.6777861200175064">
    <name>306.9</name>
  </wpt>
  <wpt lat="51.487517749655488" lon="4.6784319148250741">
    <name>307.0</name>
  </wpt>
  <wpt lat="51.4883610785777" lon="4.6788908139888781">
    <name>307.1</name>
  </wpt>
  <wpt lat="51.489252762188435" lon="4.6790770800337507">
    <name>307.2</name>
  </wpt>
  <wpt lat="51.490144285968888" lon="4.6792635468145747">
    <name>307.3</name>
  </wpt>
  <wpt lat="51.4910147712752" lon="4.679602388593981">
    <name>307.4</name>
  </wpt>
  <wpt lat="51.491839584093491" lon="4.6801756632147775">
    <name>307.5</name>
  </wpt>
  <wpt lat="51.492643185851328" lon="4.6808241110023916">
    <name>307.6</name>
  </wpt>
  <wpt lat="51.49344711713065" lon="4.6814715059106851">
    <name>307.7</name>
  </wpt>
  <wpt lat="51.494253429953659" lon="4.6821112360250856">
    <name>307.8</name>
  </wpt>
  <wpt lat="51.495057392576683" lon="4.6827585274703925">
    <name>307.9</name>
  </wpt>
  <wpt lat="51.495859822205809" lon="4.683410754970363">
    <name>308.0</name>
  </wpt>
  <wpt lat="51.496665007340695" lon="4.6840534886659526">
    <name>308.1</name>
  </wpt>
  <wpt lat="51.49746962707124" lon="4.6846985628297508">
    <name>308.2</name>
  </wpt>
  <wpt lat="51.498272107370923" lon="4.6853505243827307">
    <name>308.3</name>
  </wpt>
  <wpt lat="51.499075041435638" lon="4.68600106483192">
    <name>308.4</name>
  </wpt>
  <wpt lat="51.499884208232658" lon="4.6866314219408318">
    <name>308.5</name>
  </wpt>
  <wpt lat="51.500689366677825" lon="4.68727498241413">
    <name>308.6</name>
  </wpt>
  <wpt lat="51.501496105183115" lon="4.6879132762843838">
    <name>308.7</name>
  </wpt>
  <wpt lat="51.502300154738187" lon="4.68856042772656">
    <name>308.8</name>
  </wpt>
  <wpt lat="51.503104204293216" lon="4.6892075905871815">
    <name>308.9</name>
  </wpt>
  <wpt lat="51.503908248630218" lon="4.689854781416634">
    <name>309.0</name>
  </wpt>
  <wpt lat="51.504714080226691" lon="4.6904962111262281">
    <name>309.1</name>
  </wpt>
  <wpt lat="51.505518602144981" lon="4.6911418913714371">
    <name>309.2</name>
  </wpt>
  <wpt lat="51.506324821460417" lon="4.6917820358129809">
    <name>309.3</name>
  </wpt>
  <wpt lat="51.5071298825172" lon="4.6924258761708169">
    <name>309.4</name>
  </wpt>
  <wpt lat="51.507932386174872" lon="4.6930780337648406">
    <name>309.5</name>
  </wpt>
  <wpt lat="51.508738373489955" lon="4.6937190193732281">
    <name>309.6</name>
  </wpt>
  <wpt lat="51.509542243349706" lon="4.6943668207878595">
    <name>309.7</name>
  </wpt>
  <wpt lat="51.510346532381384" lon="4.6950130549396434">
    <name>309.8</name>
  </wpt>
  <wpt lat="51.511148322214609" lon="4.69566752880442">
    <name>309.9</name>
  </wpt>
  <wpt lat="51.511950630423442" lon="4.6963203705116348">
    <name>310.0</name>
  </wpt>
  <wpt lat="51.512755000379194" lon="4.6969665516824008">
    <name>310.1</name>
  </wpt>
  <wpt lat="51.513560075837646" lon="4.6976105621425095">
    <name>310.2</name>
  </wpt>
  <wpt lat="51.514363720439384" lon="4.6982590656908956">
    <name>310.3</name>
  </wpt>
  <wpt lat="51.514973572626594" lon="4.6992974779891838">
    <name>310.4</name>
  </wpt>
  <wpt lat="51.515455976334692" lon="4.7005127193909892">
    <name>310.5</name>
  </wpt>
  <wpt lat="51.515892191330906" lon="4.7017724135872161">
    <name>310.6</name>
  </wpt>
  <wpt lat="51.516647509601071" lon="4.7025201943519441">
    <name>310.7</name>
  </wpt>
  <wpt lat="51.517439609478295" lon="4.7030355793714982">
    <name>310.8</name>
  </wpt>
  <wpt lat="51.518640096899468" lon="4.7058075385572664">
    <name>311.13</name>
  </wpt>
  <wpt lat="51.5180763828228" lon="4.7066128847765736">
    <name>311.2</name>
  </wpt>
  <wpt lat="51.517483430643971" lon="4.707476683912339">
    <name>311.3</name>
  </wpt>
  <wpt lat="51.516957061998554" lon="4.7086297968516009">
    <name>311.4</name>
  </wpt>
  <wpt lat="51.516267607494534" lon="4.7095577206546766">
    <name>311.5</name>
  </wpt>
  <wpt lat="51.515583563378854" lon="4.7104957743627889">
    <name>311.6</name>
  </wpt>
  <wpt lat="51.514982511609858" lon="4.7115579495721427">
    <name>311.7</name>
  </wpt>
  <wpt lat="51.514386377752736" lon="4.7126301546102027">
    <name>311.8</name>
  </wpt>
  <wpt lat="51.513710933313845" lon="4.713584257075417">
    <name>311.9</name>
  </wpt>
  <wpt lat="51.513033685511886" lon="4.7145337893408472">
    <name>312.0</name>
  </wpt>
  <wpt lat="51.512285349929655" lon="4.7153339535962004">
    <name>312.1</name>
  </wpt>
  <wpt lat="51.511521978664874" lon="4.7160978950163557">
    <name>312.2</name>
  </wpt>
  <wpt lat="51.51071042872762" lon="4.7166281425804613">
    <name>312.3</name>
  </wpt>
  <wpt lat="51.505708028099576" lon="4.792672190326364">
    <name>318.76</name>
  </wpt>
  <wpt lat="51.505230886618754" lon="4.7927805875418379">
    <name>318.8</name>
  </wpt>
  <wpt lat="51.504385989270638" lon="4.7932540693029626">
    <name>318.9</name>
  </wpt>
  <wpt lat="51.503642307791061" lon="4.7940569461445008">
    <name>319.0</name>
  </wpt>
  <wpt lat="51.502988355920543" lon="4.7950486208890242">
    <name>319.1</name>
  </wpt>
  <wpt lat="51.502274445585222" lon="4.795919554915983">
    <name>319.2</name>
  </wpt>
  <wpt lat="51.501478651536921" lon="4.7965900996588484">
    <name>319.3</name>
  </wpt>
  <wpt lat="51.511572069603488" lon="4.8488886489315064">
    <name>324.19</name>
  </wpt>
  <wpt lat="51.511366742953911" lon="4.84905167993775">
    <name>324.2</name>
  </wpt>
  <wpt lat="51.510560488479626" lon="4.8496918400951019">
    <name>324.3</name>
  </wpt>
  <wpt lat="51.509754234005392" lon="4.8503319889235721">
    <name>324.4</name>
  </wpt>
  <wpt lat="51.509042720882725" lon="4.8511775588340438">
    <name>324.5</name>
  </wpt>
  <wpt lat="51.508544947969128" lon="4.85237627136552">
    <name>324.6</name>
  </wpt>
  <wpt lat="51.508219000108063" lon="4.8536943764594644">
    <name>324.7</name>
  </wpt>
  <wpt lat="51.507967510964022" lon="4.8550627109470668">
    <name>324.8</name>
  </wpt>
  <wpt lat="51.507603794427723" lon="4.8563841405622528">
    <name>324.9</name>
  </wpt>
  <wpt lat="51.507244198354314" lon="4.8577084938898629">
    <name>325.0</name>
  </wpt>
  <wpt lat="51.506790994568988" lon="4.8589285716315143">
    <name>325.1</name>
  </wpt>
  <wpt lat="51.506001923436727" lon="4.8596104520539551">
    <name>325.2</name>
  </wpt>
  <wpt lat="51.505466675500614" lon="4.8607609735892181">
    <name>325.3</name>
  </wpt>
  <wpt lat="51.505699602375508" lon="4.8614504296090582">
    <name>325.4</name>
  </wpt>
  <wpt lat="51.506513730897829" lon="4.8620642573692852">
    <name>325.5</name>
  </wpt>
  <wpt lat="51.507192243223685" lon="4.863005026860626">
    <name>325.6</name>
  </wpt>
  <wpt lat="51.507770296624237" lon="4.8640511844806857">
    <name>325.7</name>
  </wpt>
  <wpt lat="51.508390623394924" lon="4.8650973420014108">
    <name>325.8</name>
  </wpt>
  <wpt lat="51.509020255174569" lon="4.8661263558374577">
    <name>325.9</name>
  </wpt>
  <wpt lat="51.50973074785027" lon="4.8669849069446176">
    <name>326.0</name>
  </wpt>
  <wpt lat="51.510539594872121" lon="4.867616555778767">
    <name>326.1</name>
  </wpt>
  <wpt lat="51.511351578748759" lon="4.8682353813228794">
    <name>326.2</name>
  </wpt>
  <wpt lat="51.512212542499469" lon="4.86863304159811">
    <name>326.3</name>
  </wpt>
  <wpt lat="51.5130705002693" lon="4.8690585850555967">
    <name>326.4</name>
  </wpt>
  <wpt lat="51.513913600101425" lon="4.8695257386956632">
    <name>326.5</name>
  </wpt>
  <wpt lat="51.514642823043772" lon="4.8703672006326491">
    <name>326.6</name>
  </wpt>
  <wpt lat="51.515231529792324" lon="4.8714564565572855">
    <name>326.7</name>
  </wpt>
  <wpt lat="51.5157637313646" lon="4.8726213907382263">
    <name>326.8</name>
  </wpt>
  <wpt lat="51.516340982218146" lon="4.8737241250325614">
    <name>326.9</name>
  </wpt>
  <wpt lat="51.516912566962709" lon="4.87483889017985">
    <name>327.0</name>
  </wpt>
  <wpt lat="51.517524051716265" lon="4.8758978040406991">
    <name>327.1</name>
  </wpt>
  <wpt lat="51.518148629002461" lon="4.8769369326495688">
    <name>327.2</name>
  </wpt>
  <wpt lat="51.518759059742059" lon="4.8779982520514515">
    <name>327.3</name>
  </wpt>
  <wpt lat="51.519321264814423" lon="4.8791234549807587">
    <name>327.4</name>
  </wpt>
  <wpt lat="51.519957623153708" lon="4.8801102947690032">
    <name>327.5</name>
  </wpt>
  <wpt lat="51.520506737940657" lon="4.8812455042053582">
    <name>327.6</name>
  </wpt>
  <wpt lat="51.521169447526766" lon="4.8822033992920106">
    <name>327.7</name>
  </wpt>
  <wpt lat="51.521782743524234" lon="4.8832604660056784">
    <name>327.8</name>
  </wpt>
  <wpt lat="51.52239806438017" lon="4.8843141283630258">
    <name>327.9</name>
  </wpt>
  <wpt lat="51.522970526943759" lon="4.8854210835509191">
    <name>328.0</name>
  </wpt>
  <wpt lat="51.523582472469847" lon="4.8864802425743168">
    <name>328.1</name>
  </wpt>
  <wpt lat="51.524198397118539" lon="4.8875329891025974">
    <name>328.2</name>
  </wpt>
  <wpt lat="51.524815548271746" lon="4.88858332469603">
    <name>328.3</name>
  </wpt>
  <wpt lat="51.525432976663268" lon="4.8896338472964089">
    <name>328.4</name>
  </wpt>
  <wpt lat="51.526043686828089" lon="4.8906947759672">
    <name>328.5</name>
  </wpt>
  <wpt lat="51.52665044730518" lon="4.8917617018489485">
    <name>328.6</name>
  </wpt>
  <wpt lat="51.527265818681443" lon="4.8928158029176583">
    <name>328.7</name>
  </wpt>
  <wpt lat="51.527882242982429" lon="4.89386834853778">
    <name>328.8</name>
  </wpt>
  <wpt lat="51.528496272038616" lon="4.8949245119132589">
    <name>328.9</name>
  </wpt>
  <wpt lat="51.529105599834558" lon="4.8959876471953834">
    <name>329.0</name>
  </wpt>
  <wpt lat="51.529715695004555" lon="4.8970497203212471">
    <name>329.1</name>
  </wpt>
  <wpt lat="51.530325790174459" lon="4.8981118076800163">
    <name>329.2</name>
  </wpt>
  <wpt lat="51.530935885344249" lon="4.8991739092722009">
    <name>329.3</name>
  </wpt>
  <wpt lat="51.531562420527017" lon="4.9002106254230169">
    <name>329.4</name>
  </wpt>
  <wpt lat="51.532175778914578" lon="4.9012676940584523">
    <name>329.5</name>
  </wpt>
  <wpt lat="51.532785479950839" lon="4.9023304234878555">
    <name>329.6</name>
  </wpt>
  <wpt lat="51.533395828397865" lon="4.903391895196477">
    <name>329.7</name>
  </wpt>
  <wpt lat="51.534030384237255" lon="4.9044150967221212">
    <name>329.8</name>
  </wpt>
  <wpt lat="51.53464308611413" lon="4.9054730982885415">
    <name>329.9</name>
  </wpt>
  <wpt lat="51.535241287972376" lon="4.9065526415464324">
    <name>330.0</name>
  </wpt>
  <wpt lat="51.535808101160896" lon="4.9076696140677782">
    <name>330.1</name>
  </wpt>
  <wpt lat="51.53640008091385" lon="4.90875801337866">
    <name>330.2</name>
  </wpt>
  <wpt lat="51.536973134609177" lon="4.9098717045362941">
    <name>330.3</name>
  </wpt>
  <wpt lat="51.537506787699613" lon="4.9110339134291863">
    <name>330.4</name>
  </wpt>
  <wpt lat="51.538086620988025" lon="4.9121384238087646">
    <name>330.5</name>
  </wpt>
  <wpt lat="51.538649054813469" lon="4.9132541055847891">
    <name>330.6</name>
  </wpt>
  <wpt lat="51.539176756153722" lon="4.9144181095400983">
    <name>330.7</name>
  </wpt>
  <wpt lat="51.539748792843092" lon="4.9155283025778465">
    <name>330.8</name>
  </wpt>
  <wpt lat="51.540280171606668" lon="4.916691282870767">
    <name>330.9</name>
  </wpt>
  <wpt lat="51.540652515782405" lon="4.9179932324711455">
    <name>331.0</name>
  </wpt>
  <wpt lat="51.540690320416125" lon="4.919430491342708">
    <name>331.1</name>
  </wpt>
  <wpt lat="51.540662122979704" lon="4.9208754900606015">
    <name>331.2</name>
  </wpt>
  <wpt lat="51.5405959709477" lon="4.9223165051108575">
    <name>331.3</name>
  </wpt>
  <wpt lat="51.540622718283245" lon="4.9237539613967511">
    <name>331.4</name>
  </wpt>
  <wpt lat="51.541224912887124" lon="4.924769054934135">
    <name>331.5</name>
  </wpt>
  <wpt lat="51.542052779431692" lon="4.9253240259649109">
    <name>331.6</name>
  </wpt>
  <wpt lat="51.552278358260189" lon="4.94623243289518">
    <name>334.08</name>
  </wpt>
  <wpt lat="51.5524834230397" lon="4.9464999356777346">
    <name>334.1</name>
  </wpt>
  <wpt lat="51.553073517283622" lon="4.9470771701558762">
    <name>334.2</name>
  </wpt>
  <wpt lat="51.553592345306946" lon="4.9482399732061015">
    <name>334.3</name>
  </wpt>
  <wpt lat="51.554112718543408" lon="4.9494183780406651">
    <name>334.4</name>
  </wpt>
  <wpt lat="51.554462779814628" lon="4.95074186457644">
    <name>334.5</name>
  </wpt>
  <wpt lat="51.554764523705721" lon="4.9521035189056564">
    <name>334.6</name>
  </wpt>
  <wpt lat="51.608649932677537" lon="4.9877098274821323">
    <name>342.93</name>
  </wpt>
  <wpt lat="51.609032422633824" lon="4.9867230578352464">
    <name>343.0</name>
  </wpt>
  <wpt lat="51.609471570300954" lon="4.9854593739293449">
    <name>343.1</name>
  </wpt>
  <wpt lat="51.609877116398891" lon="4.9841714538651782">
    <name>343.2</name>
  </wpt>
  <wpt lat="51.609947541681137" lon="4.9827443728923591">
    <name>343.3</name>
  </wpt>
  <wpt lat="51.610553774352773" lon="4.9823382789612385">
    <name>343.4</name>
  </wpt>
  <wpt lat="51.611010954685476" lon="4.9810925656099352">
    <name>343.5</name>
  </wpt>
  <wpt lat="51.611543095417687" lon="4.9799252882408762">
    <name>343.6</name>
  </wpt>
  <wpt lat="51.612091480749882" lon="4.97877747149084">
    <name>343.7</name>
  </wpt>
  <wpt lat="51.612642226557142" lon="4.9776325774242531">
    <name>343.8</name>
  </wpt>
  <wpt lat="51.613193304433508" lon="4.9764880819051882">
    <name>343.9</name>
  </wpt>
  <wpt lat="51.613742299468491" lon="4.9753409817109153">
    <name>344.0</name>
  </wpt>
  <wpt lat="51.614293801159022" lon="4.9741969889311877">
    <name>344.1</name>
  </wpt>
  <wpt lat="51.6148494555669" lon="4.9730583372245709">
    <name>344.2</name>
  </wpt>
  <wpt lat="51.615402857992514" lon="4.971917112473033">
    <name>344.3</name>
  </wpt>
  <wpt lat="51.615941944864453" lon="4.9707587944495746">
    <name>344.4</name>
  </wpt>
  <wpt lat="51.616471237366383" lon="4.9695929026841261">
    <name>344.5</name>
  </wpt>
  <wpt lat="51.616899076121761" lon="4.968319000313822">
    <name>344.6</name>
  </wpt>
  <wpt lat="51.6172981984299" lon="4.967021169835359">
    <name>344.7</name>
  </wpt>
  <wpt lat="51.617680524353524" lon="4.9657114202442054">
    <name>344.8</name>
  </wpt>
  <wpt lat="51.618043113870009" lon="4.9643876287862616">
    <name>344.9</name>
  </wpt>
  <wpt lat="51.618425164125185" lon="4.9630764226115947">
    <name>345.0</name>
  </wpt>
  <wpt lat="51.618806526572023" lon="4.9617648910934609">
    <name>345.1</name>
  </wpt>
  <wpt lat="51.619205547485663" lon="4.9604674630712928">
    <name>345.2</name>
  </wpt>
  <wpt lat="51.619349020065755" lon="4.9134639589130424">
    <name>352.61</name>
  </wpt>
  <wpt lat="51.619379415165476" lon="4.9134017213565571">
    <name>352.6</name>
  </wpt>
  <wpt lat="51.618704251761947" lon="4.9124903426643849">
    <name>352.7</name>
  </wpt>
  <wpt lat="51.617966377742178" lon="4.9116714699914983">
    <name>352.8</name>
  </wpt>
  <wpt lat="51.61711479311019" lon="4.9112399602484276">
    <name>352.9</name>
  </wpt>
  <wpt lat="51.616219372793111" lon="4.9112705829199852">
    <name>353.0</name>
  </wpt>
  <wpt lat="51.61538542631498" lon="4.9117971562445257">
    <name>353.1</name>
  </wpt>
  <wpt lat="51.614595048181236" lon="4.912487326025416">
    <name>353.2</name>
  </wpt>
  <wpt lat="51.613818952511" lon="4.9132190605080739">
    <name>353.3</name>
  </wpt>
  <wpt lat="51.613042806040042" lon="4.91395064271361">
    <name>353.4</name>
  </wpt>
  <wpt lat="51.6122784331939" lon="4.9147131272842053">
    <name>353.5</name>
  </wpt>
  <wpt lat="51.611505764920317" lon="4.9154527074822072">
    <name>353.6</name>
  </wpt>
  <wpt lat="51.61068394856337" lon="4.9160404307126644">
    <name>353.7</name>
  </wpt>
  <wpt lat="51.609858816920628" lon="4.9166164030161266">
    <name>353.8</name>
  </wpt>
  <wpt lat="51.609033685277915" lon="4.91719236485073">
    <name>353.9</name>
  </wpt>
  <wpt lat="51.60817614597422" lon="4.9176090285465071">
    <name>354.0</name>
  </wpt>
  <wpt lat="51.607282364766228" lon="4.9177610693471614">
    <name>354.1</name>
  </wpt>
  <wpt lat="51.606391770614806" lon="4.9179538053226759">
    <name>354.2</name>
  </wpt>
  <wpt lat="51.60551116799752" lon="4.9182477082635385">
    <name>354.3</name>
  </wpt>
  <wpt lat="51.604626718368806" lon="4.9185046922946842">
    <name>354.4</name>
  </wpt>
  <wpt lat="51.60373086181518" lon="4.91862061721329">
    <name>354.5</name>
  </wpt>
  <wpt lat="51.602832127523371" lon="4.9186559999999773">
    <name>354.6</name>
  </wpt>
  <wpt lat="51.60193280591745" lon="4.9186559999999773">
    <name>354.7</name>
  </wpt>
  <wpt lat="51.601056871472274" lon="4.9183834351977316">
    <name>354.8</name>
  </wpt>
  <wpt lat="51.600197785350623" lon="4.9179722922369171">
    <name>354.9</name>
  </wpt>
  <wpt lat="51.599335053179537" lon="4.9175647307165464">
    <name>355.0</name>
  </wpt>
  <wpt lat="51.59845663548375" lon="4.9172555342075519">
    <name>355.1</name>
  </wpt>
  <wpt lat="51.597590179628838" lon="4.9169173592216131">
    <name>355.2</name>
  </wpt>
  <wpt lat="51.582661733781265" lon="4.9072054879262641">
    <name>357.52</name>
  </wpt>
  <wpt lat="51.581993346914956" lon="4.9075840343208457">
    <name>357.6</name>
  </wpt>
  <wpt lat="51.581203775829124" lon="4.9082752097759252">
    <name>357.7</name>
  </wpt>
  <wpt lat="51.580401209589027" lon="4.9088272095512453">
    <name>357.8</name>
  </wpt>
  <wpt lat="51.579650588808278" lon="4.90839006979597">
    <name>357.9</name>
  </wpt>
  <wpt lat="51.565015566602867" lon="4.837009275636496">
    <name>364.49</name>
  </wpt>
  <wpt lat="51.564790147022833" lon="4.8369459999999895">
    <name>364.5</name>
  </wpt>
  <wpt lat="51.563953798704794" lon="4.8365957103071207">
    <name>364.6</name>
  </wpt>
  <wpt lat="51.572013000020014" lon="4.7774957183685292">
    <name>370.24</name>
  </wpt>
  <wpt lat="51.571346092561129" lon="4.7773665269633829">
    <name>370.3</name>
  </wpt>
  <wpt lat="51.570499942656063" lon="4.776877218198214">
    <name>370.4</name>
  </wpt>
  <wpt lat="51.569620567615189" lon="4.7766280000000076">
    <name>370.5</name>
  </wpt>
  <wpt lat="51.568723919188578" lon="4.77670755980087">
    <name>370.6</name>
  </wpt>
  <wpt lat="51.5678283538888" lon="4.7766279523985542">
    <name>370.7</name>
  </wpt>
  <wpt lat="51.567014307506184" lon="4.7761241929529552">
    <name>370.8</name>
  </wpt>
  <wpt lat="51.566397286553261" lon="4.7751813432325978">
    <name>370.9</name>
  </wpt>
  <wpt lat="51.5657823001204" lon="4.7741263214163094">
    <name>371.0</name>
  </wpt>
  <wpt lat="51.565158230114442" lon="4.7730846752271177">
    <name>371.1</name>
  </wpt>
  <wpt lat="51.564533267803341" lon="4.7720444095473544">
    <name>371.2</name>
  </wpt>
  <wpt lat="51.564395000049132" lon="4.77066548227643">
    <name>371.3</name>
  </wpt>
  <wpt lat="51.564395002675511" lon="4.7692187778787627">
    <name>371.4</name>
  </wpt>
  <wpt lat="51.564391648260774" lon="4.7677721745166819">
    <name>371.5</name>
  </wpt>
  <wpt lat="51.564374001376052" lon="4.76632600269277">
    <name>371.6</name>
  </wpt>
  <wpt lat="51.564335060330187" lon="4.76488195278085">
    <name>371.7</name>
  </wpt>
  <wpt lat="51.564062843600922" lon="4.763505487220776">
    <name>371.8</name>
  </wpt>
  <wpt lat="51.563764699342" lon="4.7621406174233432">
    <name>371.9</name>
  </wpt>
  <wpt lat="51.5634715902495" lon="4.7607729315002025">
    <name>372.0</name>
  </wpt>
  <wpt lat="51.563037292068479" lon="4.759546373488817">
    <name>372.1</name>
  </wpt>
  <wpt lat="51.562391617887485" lon="4.75853982715577">
    <name>372.2</name>
  </wpt>
  <wpt lat="51.562555747718086" lon="4.7575665663158295">
    <name>372.3</name>
  </wpt>
  <wpt lat="51.562930013792929" lon="4.7570815351601752">
    <name>372.83</name>
  </wpt>
  <wpt lat="51.563494658911523" lon="4.7563534634700373">
    <name>372.9</name>
  </wpt>
  <wpt lat="51.564188754609575" lon="4.7554336665529071">
    <name>373.0</name>
  </wpt>
  <wpt lat="51.564875788984466" lon="4.7545102684888194">
    <name>373.1</name>
  </wpt>
  <wpt lat="51.564966193076792" lon="4.7531572040090211">
    <name>373.2</name>
  </wpt>
  <wpt lat="51.5643256195125" lon="4.7521583294838816">
    <name>373.3</name>
  </wpt>
  <wpt lat="51.563588443282207" lon="4.7513355168800029">
    <name>373.4</name>
  </wpt>
  <wpt lat="51.562969300340889" lon="4.7503548562380775">
    <name>373.5</name>
  </wpt>
  <wpt lat="51.563262648556908" lon="4.7492860692782166">
    <name>373.6</name>
  </wpt>
  <wpt lat="51.564001323710023" lon="4.7484608876011878">
    <name>373.7</name>
  </wpt>
  <wpt lat="51.564740580611087" lon="4.74763719830535">
    <name>373.8</name>
  </wpt>
  <wpt lat="51.565474361155353" lon="4.7468007653748137">
    <name>373.9</name>
  </wpt>
  <wpt lat="51.56706450346406" lon="4.7432963716863528">
    <name>374.30</name>
  </wpt>
  <wpt lat="51.567148484972613" lon="4.7432282190980315">
    <name>374.3</name>
  </wpt>
  <wpt lat="51.568031291617572" lon="4.7430869020382316">
    <name>374.4</name>
  </wpt>
  <wpt lat="51.5689190609551" lon="4.7431889343311378">
    <name>374.5</name>
  </wpt>
  <wpt lat="51.569758225670505" lon="4.7432287760509162">
    <name>374.6</name>
  </wpt>
  <wpt lat="51.57065533895387" lon="4.74317848245799">
    <name>374.7</name>
  </wpt>
  <wpt lat="51.571554346173777" lon="4.7432167380593722">
    <name>374.8</name>
  </wpt>
  <wpt lat="51.57245174787392" lon="4.7433011455526755">
    <name>374.9</name>
  </wpt>
  <wpt lat="51.573348715839977" lon="4.7433991835623193">
    <name>375.0</name>
  </wpt>
  <wpt lat="51.54813507922438" lon="4.6386298570702937">
    <name>387.64</name>
  </wpt>
  <wpt lat="51.54754834348892" lon="4.6380896132855121">
    <name>387.7</name>
  </wpt>
  <wpt lat="51.546771658556821" lon="4.6373606581122937">
    <name>387.8</name>
  </wpt>
  <wpt lat="51.546032282115682" lon="4.6365425059078138">
    <name>387.9</name>
  </wpt>
  <wpt lat="51.545430640738687" lon="4.635471864438272">
    <name>388.0</name>
  </wpt>
  <wpt lat="51.544950315491448" lon="4.6342496410448666">
    <name>388.1</name>
  </wpt>
  <wpt lat="51.544479530893206" lon="4.6330175350492571">
    <name>388.2</name>
  </wpt>
  <wpt lat="51.5440085574847" lon="4.6317856377348781">
    <name>388.3</name>
  </wpt>
  <wpt lat="51.543538165939751" lon="4.6305532224216241">
    <name>388.4</name>
  </wpt>
  <wpt lat="51.543078826887786" lon="4.6293100348384595">
    <name>388.5</name>
  </wpt>
  <wpt lat="51.542607334795456" lon="4.6280787155894361">
    <name>388.6</name>
  </wpt>
  <wpt lat="51.542140740034661" lon="4.6268425589552074">
    <name>388.7</name>
  </wpt>
  <wpt lat="51.541674145273973" lon="4.6256064149956675">
    <name>388.8</name>
  </wpt>
  <wpt lat="51.54121130583858" lon="4.6243666443520119">
    <name>388.9</name>
  </wpt>
  <wpt lat="51.540748177379228" lon="4.623127169131406">
    <name>389.0</name>
  </wpt>
  <wpt lat="51.540277909245958" lon="4.621894669317073">
    <name>389.1</name>
  </wpt>
  <wpt lat="51.540036776243248" lon="4.6205299528674635">
    <name>389.2</name>
  </wpt>
  <wpt lat="51.539894874692216" lon="4.6191041748241872">
    <name>389.3</name>
  </wpt>
  <wpt lat="51.539688892687174" lon="4.6176968620634105">
    <name>389.4</name>
  </wpt>
  <wpt lat="51.539497324357896" lon="4.6162869824730759">
    <name>389.5</name>
  </wpt>
  <wpt lat="51.53957514893829" lon="4.6148520957383781">
    <name>389.6</name>
  </wpt>
  <wpt lat="51.539709859636538" lon="4.613440280755686">
    <name>389.7</name>
  </wpt>
  <wpt lat="51.5395120117932" lon="4.5936160000000177">
    <name>391.40</name>
  </wpt>
  <wpt lat="51.53960614172486" lon="4.5936160000000177">
    <name>391.4</name>
  </wpt>
  <wpt lat="51.5405027783452" lon="4.5935180660888593">
    <name>391.5</name>
  </wpt>
  <wpt lat="51.541389280085063" lon="4.5932771058986042">
    <name>391.6</name>
  </wpt>
  <wpt lat="51.542215527971258" lon="4.5931509440896514">
    <name>391.7</name>
  </wpt>
  <wpt lat="51.54304617482213" lon="4.5927328665890759">
    <name>391.8</name>
  </wpt>
  <wpt lat="51.543932421329409" lon="4.5924871838906709">
    <name>391.9</name>
  </wpt>
  <wpt lat="51.544815545659461" lon="4.5922160297822847">
    <name>392.0</name>
  </wpt>
  <wpt lat="51.545695311203829" lon="4.5919162491498078">
    <name>392.1</name>
  </wpt>
  <wpt lat="51.555426383594146" lon="4.5842596164297564">
    <name>393.44</name>
  </wpt>
  <wpt lat="51.555898460272125" lon="4.5836870531297853">
    <name>393.5</name>
  </wpt>
  <wpt lat="51.556754529895336" lon="4.5832514951151406">
    <name>393.6</name>
  </wpt>
  <wpt lat="51.557617924344811" lon="4.58285079818258">
    <name>393.7</name>
  </wpt>
  <wpt lat="51.55844477700515" lon="4.5822834825218131">
    <name>393.8</name>
  </wpt>
  <wpt lat="51.559306836246357" lon="4.5818824754787588">
    <name>393.9</name>
  </wpt>
  <wpt lat="51.560170482245425" lon="4.5814860951272287">
    <name>394.0</name>
  </wpt>
  <wpt lat="51.561067762792106" lon="4.5814179162293591">
    <name>394.1</name>
  </wpt>
  <wpt lat="51.561955304831564" lon="4.5815925609374881">
    <name>394.2</name>
  </wpt>
  <wpt lat="51.577871660841346" lon="4.5900313392093777">
    <name>396.38</name>
  </wpt>
  <wpt lat="51.578126485897208" lon="4.5898975554988306">
    <name>396.4</name>
  </wpt>
  <wpt lat="51.578993709699645" lon="4.5895192339864623">
    <name>396.5</name>
  </wpt>
  <wpt lat="51.575339940553313" lon="4.5372915676080208">
    <name>401.10</name>
  </wpt>
  <wpt lat="51.57530630500559" lon="4.5371686613895985">
    <name>401.1</name>
  </wpt>
  <wpt lat="51.575679586692175" lon="4.5358535780145548">
    <name>401.2</name>
  </wpt>
  <wpt lat="51.575980274185682" lon="4.5344915976701374">
    <name>401.3</name>
  </wpt>
  <wpt lat="51.576272455806624" lon="4.5331230261425626">
    <name>401.4</name>
  </wpt>
  <wpt lat="51.576652670174916" lon="4.5318217036540327">
    <name>401.5</name>
  </wpt>
  <wpt lat="51.57738423911006" lon="4.5309893228536682">
    <name>401.6</name>
  </wpt>
  <wpt lat="51.578116245761677" lon="4.5301493283575409">
    <name>401.7</name>
  </wpt>
  <wpt lat="51.578854705391805" lon="4.5293233778310347">
    <name>401.8</name>
  </wpt>
  <wpt lat="51.579671412412047" lon="4.52872901966337">
    <name>401.9</name>
  </wpt>
  <wpt lat="51.58049646641846" lon="4.5281588977327463">
    <name>402.0</name>
  </wpt>
  <wpt lat="51.581337042214564" lon="4.5276522700352517">
    <name>402.1</name>
  </wpt>
  <wpt lat="51.5820785766266" lon="4.5269276147010293">
    <name>402.2</name>
  </wpt>
  <wpt lat="51.5828054116332" lon="4.52720392855488">
    <name>402.3</name>
  </wpt>
  <wpt lat="51.583695319275748" lon="4.5270060973147874">
    <name>402.4</name>
  </wpt>
  <wpt lat="51.584459178400756" lon="4.5267991084244095">
    <name>402.5</name>
  </wpt>
  <wpt lat="51.58494457533812" lon="4.528014824081013">
    <name>402.6</name>
  </wpt>
  <wpt lat="51.585541313843258" lon="4.5290974448738419">
    <name>402.7</name>
  </wpt>
  <wpt lat="51.5861510094609" lon="4.5301614301069426">
    <name>402.8</name>
  </wpt>
  <wpt lat="51.586785399164718" lon="4.5311871000266732">
    <name>402.9</name>
  </wpt>
  <wpt lat="51.5874219858238" lon="4.5322087909963678">
    <name>403.0</name>
  </wpt>
  <wpt lat="51.58805192559889" lon="4.5332265593772876">
    <name>403.1</name>
  </wpt>
  <wpt lat="51.588741039367548" lon="4.5327083147902281">
    <name>403.2</name>
  </wpt>
  <wpt lat="51.588779965919251" lon="4.531267685493928">
    <name>403.3</name>
  </wpt>
  <wpt lat="51.588759769736612" lon="4.5298216364980508">
    <name>403.4</name>
  </wpt>
  <wpt lat="51.588771000159667" lon="4.5283744868728029">
    <name>403.5</name>
  </wpt>
  <wpt lat="51.5887784796549" lon="4.526928842443481">
    <name>403.6</name>
  </wpt>
  <wpt lat="51.588813969978027" lon="4.5254871178743743">
    <name>403.7</name>
  </wpt>
  <wpt lat="51.589056290265596" lon="4.5240955273630981">
    <name>403.8</name>
  </wpt>
  <wpt lat="51.589376544175295" lon="4.5227529117920682">
    <name>403.9</name>
  </wpt>
  <wpt lat="51.5896796985734" lon="4.5213965702623069">
    <name>404.0</name>
  </wpt>
  <wpt lat="51.589972970618881" lon="4.520028185901368">
    <name>404.1</name>
  </wpt>
  <wpt lat="51.590289742855305" lon="4.5186902571499168">
    <name>404.2</name>
  </wpt>
  <wpt lat="51.590199667167596" lon="4.5173838948653762">
    <name>404.3</name>
  </wpt>
  <wpt lat="51.590070282319417" lon="4.5159536175757591">
    <name>404.4</name>
  </wpt>
  <wpt lat="51.5899201463751" lon="4.5145264118927289">
    <name>404.5</name>
  </wpt>
  <wpt lat="51.589770010430819" lon="4.5130992109263852">
    <name>404.6</name>
  </wpt>
  <wpt lat="51.589648839094124" lon="4.51166571527837">
    <name>404.7</name>
  </wpt>
  <wpt lat="51.589630003360128" lon="4.5102203677846155">
    <name>404.8</name>
  </wpt>
  <wpt lat="51.589623632527925" lon="4.5087733558819654">
    <name>404.9</name>
  </wpt>
  <wpt lat="51.589379197690853" lon="4.5074038875990849">
    <name>405.0</name>
  </wpt>
  <wpt lat="51.589050621934732" lon="4.5060568263322809">
    <name>405.1</name>
  </wpt>
  <wpt lat="51.588749558073445" lon="4.5046934549553272">
    <name>405.2</name>
  </wpt>
  <wpt lat="51.588391842911449" lon="4.5033656174566756">
    <name>405.3</name>
  </wpt>
  <wpt lat="51.588021420338855" lon="4.5020494602580783">
    <name>405.4</name>
  </wpt>
  <wpt lat="51.587553837782821" lon="4.500824013685877">
    <name>405.5</name>
  </wpt>
  <wpt lat="51.587040531621085" lon="4.4996355119574822">
    <name>405.6</name>
  </wpt>
  <wpt lat="51.586520038379035" lon="4.4984553756933758">
    <name>405.7</name>
  </wpt>
  <wpt lat="51.585759673033074" lon="4.4976931000887861">
    <name>405.8</name>
  </wpt>
  <wpt lat="51.585046443933138" lon="4.4968238112661769">
    <name>405.9</name>
  </wpt>
  <wpt lat="51.584673000215936" lon="4.4955694882310064">
    <name>406.0</name>
  </wpt>
  <wpt lat="51.584854227495995" lon="4.4941580937383039">
    <name>406.1</name>
  </wpt>
  <wpt lat="51.58515076053606" lon="4.4927917481511841">
    <name>406.2</name>
  </wpt>
  <wpt lat="51.585424000095045" lon="4.49142925951983">
    <name>406.3</name>
  </wpt>
  <wpt lat="51.585829476225626" lon="4.49030798704631">
    <name>406.4</name>
  </wpt>
  <wpt lat="51.5858834337292" lon="4.4889829529703844">
    <name>406.5</name>
  </wpt>
  <wpt lat="51.585814010127031" lon="4.4875508412903073">
    <name>406.6</name>
  </wpt>
  <wpt lat="51.585466388252478" lon="4.4862177452263063">
    <name>406.7</name>
  </wpt>
  <wpt lat="51.585106502513128" lon="4.48489131954626">
    <name>406.8</name>
  </wpt>
  <wpt lat="51.584746644919" lon="4.4835648846148208">
    <name>406.9</name>
  </wpt>
  <wpt lat="51.58438590840219" lon="4.4822390906965444">
    <name>407.0</name>
  </wpt>
  <wpt lat="51.584028719994819" lon="4.4809109767767508">
    <name>407.1</name>
  </wpt>
  <wpt lat="51.58377798238137" lon="4.4795241404729147">
    <name>407.2</name>
  </wpt>
  <wpt lat="51.583622375316622" lon="4.4780990186879883">
    <name>407.3</name>
  </wpt>
  <wpt lat="51.583540005705672" lon="4.476680011376847">
    <name>407.4</name>
  </wpt>
  <wpt lat="51.58350102134871" lon="4.4752483766400282">
    <name>407.5</name>
  </wpt>
  <wpt lat="51.583517966900068" lon="4.4738013209833278">
    <name>407.6</name>
  </wpt>
  <wpt lat="51.583533920117759" lon="4.4723542353035137">
    <name>407.7</name>
  </wpt>
  <wpt lat="51.583579000066486" lon="4.47091050846959">
    <name>407.8</name>
  </wpt>
  <wpt lat="51.583600000239052" lon="4.469463874961245">
    <name>407.9</name>
  </wpt>
  <wpt lat="51.583635653441696" lon="4.4680614325313348">
    <name>408.0</name>
  </wpt>
  <wpt lat="51.5663547053364" lon="4.4713903511759092">
    <name>412.40</name>
  </wpt>
  <wpt lat="51.56631004325741" lon="4.4712570521295811">
    <name>412.4</name>
  </wpt>
  <wpt lat="51.5656056224676" lon="4.4711523485385678">
    <name>412.5</name>
  </wpt>
  <wpt lat="51.5647619613687" lon="4.4716533743920719">
    <name>412.6</name>
  </wpt>
  <wpt lat="51.563915808423019" lon="4.4721434080829026">
    <name>412.7</name>
  </wpt>
  <wpt lat="51.563075024893173" lon="4.4726562393675229">
    <name>412.8</name>
  </wpt>
  <wpt lat="51.56222796551225" lon="4.4731417256679817">
    <name>412.9</name>
  </wpt>
  <wpt lat="51.561591088774541" lon="4.473759184544134">
    <name>413.0</name>
  </wpt>
  <wpt lat="51.561264208823061" lon="4.4748150769932469">
    <name>413.1</name>
  </wpt>
  <wpt lat="51.560682062410422" lon="4.4758918441344671">
    <name>413.2</name>
  </wpt>
  <wpt lat="51.560303588646505" lon="4.4771972886736684">
    <name>413.3</name>
  </wpt>
  <wpt lat="51.55990449859889" lon="4.47830700723403">
    <name>413.4</name>
  </wpt>
  <wpt lat="51.559107038177935" lon="4.4776463982185053">
    <name>413.5</name>
  </wpt>
  <wpt lat="51.55832099615462" lon="4.4769435959601989">
    <name>413.6</name>
  </wpt>
  <wpt lat="51.557534954131363" lon="4.4762408058483549">
    <name>413.7</name>
  </wpt>
  <wpt lat="51.556750289765759" lon="4.4755341418383132">
    <name>413.8</name>
  </wpt>
  <wpt lat="51.556015891608588" lon="4.474729674762588">
    <name>413.9</name>
  </wpt>
  <wpt lat="51.538363833570436" lon="4.4764689819135679">
    <name>416.10</name>
  </wpt>
  <wpt lat="51.538271749425029" lon="4.4764715725533177">
    <name>416.1</name>
  </wpt>
  <wpt lat="51.537377176405755" lon="4.4765639999999776">
    <name>416.2</name>
  </wpt>
  <wpt lat="51.536528299548444" lon="4.4765616800794747">
    <name>416.3</name>
  </wpt>
  <wpt lat="51.535633279631952" lon="4.4764204372023215">
    <name>416.4</name>
  </wpt>
  <wpt lat="51.534743924111162" lon="4.4762116968997647">
    <name>416.5</name>
  </wpt>
  <wpt lat="51.533881717477158" lon="4.4758769999999837">
    <name>416.6</name>
  </wpt>
  <wpt lat="51.532998467834609" lon="4.4756941918682056">
    <name>416.7</name>
  </wpt>
  <wpt lat="51.532115194914645" lon="4.4754222933266208">
    <name>416.8</name>
  </wpt>
  <wpt lat="51.531713076756482" lon="4.47663404545893">
    <name>416.9</name>
  </wpt>
  <wpt lat="51.531301789137892" lon="4.4779196503586673">
    <name>417.0</name>
  </wpt>
  <wpt lat="51.530879045218079" lon="4.4791930619546259">
    <name>417.1</name>
  </wpt>
  <wpt lat="51.530489576620859" lon="4.4804714612483973">
    <name>417.2</name>
  </wpt>
  <wpt lat="51.529716740616436" lon="4.4811797570602874">
    <name>417.3</name>
  </wpt>
  <wpt lat="51.528928741700405" lon="4.48187615104186">
    <name>417.4</name>
  </wpt>
  <wpt lat="51.528144966342076" lon="4.4825850020086282">
    <name>417.5</name>
  </wpt>
  <wpt lat="51.527354448203923" lon="4.4832727143401012">
    <name>417.6</name>
  </wpt>
  <wpt lat="51.526483668597159" lon="4.4835341385843552">
    <name>417.7</name>
  </wpt>
  <wpt lat="51.525594203824689" lon="4.4833299714679447">
    <name>417.8</name>
  </wpt>
  <wpt lat="51.524702916368348" lon="4.4831372173079007">
    <name>417.9</name>
  </wpt>
  <wpt lat="51.523878747961021" lon="4.4826715797021732">
    <name>418.0</name>
  </wpt>
  <wpt lat="51.5235888827862" lon="4.4813187361612092">
    <name>418.1</name>
  </wpt>
  <wpt lat="51.523324988608543" lon="4.4799369634503448">
    <name>418.2</name>
  </wpt>
  <wpt lat="51.526023650379692" lon="4.46579200000003">
    <name>421.24</name>
  </wpt>
  <wpt lat="51.526638445524114" lon="4.46567213482169">
    <name>421.3</name>
  </wpt>
  <wpt lat="51.527525665903681" lon="4.4655194693793323">
    <name>421.4</name>
  </wpt>
  <wpt lat="51.528401947783188" lon="4.4651943606037134">
    <name>421.5</name>
  </wpt>
  <wpt lat="51.52923362050128" lon="4.4648192961982627">
    <name>421.6</name>
  </wpt>
  <wpt lat="51.530009434980357" lon="4.4651164646141073">
    <name>421.7</name>
  </wpt>
  <wpt lat="51.530229949126522" lon="4.4469514937305386">
    <name>423.43</name>
  </wpt>
  <wpt lat="51.529508530521163" lon="4.4468623380071">
    <name>423.5</name>
  </wpt>
  <wpt lat="51.5286117524111" lon="4.4467692927126059">
    <name>423.6</name>
  </wpt>
  <wpt lat="51.499650661615846" lon="4.3991019702777345">
    <name>428.95</name>
  </wpt>
  <wpt lat="51.49915160483458" lon="4.3991019999999921">
    <name>429.0</name>
  </wpt>
  <wpt lat="51.49825426303601" lon="4.3990457462895192">
    <name>429.1</name>
  </wpt>
  <wpt lat="51.49745278749927" lon="4.3986419356987572">
    <name>429.2</name>
  </wpt>
  <wpt lat="51.496605131927794" lon="4.3987312936884768">
    <name>429.3</name>
  </wpt>
  <wpt lat="51.49571165921666" lon="4.3985983663035508">
    <name>429.4</name>
  </wpt>
  <wpt lat="51.494814657381966" lon="4.3984946802977776">
    <name>429.5</name>
  </wpt>
  <wpt lat="51.493923342769094" lon="4.3983292689258366">
    <name>429.6</name>
  </wpt>
  <wpt lat="51.493027408439389" lon="4.398204019207653">
    <name>429.7</name>
  </wpt>
  <wpt lat="51.492131474109684" lon="4.3980787719510674">
    <name>429.8</name>
  </wpt>
  <wpt lat="51.491234393621639" lon="4.397994161198743">
    <name>429.9</name>
  </wpt>
  <wpt lat="51.490341303010787" lon="4.397885430863167">
    <name>430.0</name>
  </wpt>
  <wpt lat="51.489453573170891" lon="4.3981165827867352">
    <name>430.1</name>
  </wpt>
  <wpt lat="51.488566555252547" lon="4.3983540081894308">
    <name>430.2</name>
  </wpt>
  <wpt lat="51.487678803363671" lon="4.398582097519748">
    <name>430.3</name>
  </wpt>
  <wpt lat="51.486814508060142" lon="4.3985860768104343">
    <name>430.4</name>
  </wpt>
  <wpt lat="51.4527252986851" lon="4.3825413892096963">
    <name>434.75</name>
  </wpt>
  <wpt lat="51.452227711371876" lon="4.3822607371904017">
    <name>434.8</name>
  </wpt>
  <wpt lat="51.451370050157" lon="4.3818265900550557">
    <name>434.9</name>
  </wpt>
  <wpt lat="51.450541000017871" lon="4.3813262667957495">
    <name>435.0</name>
  </wpt>
  <wpt lat="51.449876324497808" lon="4.38071113993262">
    <name>435.1</name>
  </wpt>
  <wpt lat="51.449015260667906" lon="4.380294718694242">
    <name>435.2</name>
  </wpt>
  <wpt lat="51.448174579650541" lon="4.3797965509731762">
    <name>435.3</name>
  </wpt>
  <wpt lat="51.447313799763059" lon="4.37942107052115">
    <name>435.4</name>
  </wpt>
  <wpt lat="51.4464466439711" lon="4.37904402821678">
    <name>435.5</name>
  </wpt>
  <wpt lat="51.445563043617938" lon="4.3787768225410852">
    <name>435.6</name>
  </wpt>
  <wpt lat="51.444676935412282" lon="4.3785303851114046">
    <name>435.7</name>
  </wpt>
  <wpt lat="51.443790827206634" lon="4.3782839524635477">
    <name>435.8</name>
  </wpt>
  <wpt lat="51.442904719001007" lon="4.3780375245973113">
    <name>435.9</name>
  </wpt>
  <wpt lat="51.442018388247469" lon="4.3777932536387354">
    <name>436.0</name>
  </wpt>
  <wpt lat="51.441130115365176" lon="4.3775677856851516">
    <name>436.1</name>
  </wpt>
  <wpt lat="51.440240936771374" lon="4.3773710018372345">
    <name>436.2</name>
  </wpt>
  <wpt lat="51.439374038361329" lon="4.3770057365936372">
    <name>436.3</name>
  </wpt>
  <wpt lat="51.438535795995762" lon="4.3764876434229647">
    <name>436.4</name>
  </wpt>
  <wpt lat="51.4377902703494" lon="4.3757041039573634">
    <name>436.5</name>
  </wpt>
  <wpt lat="51.437220779467467" lon="4.3746327825003961">
    <name>436.6</name>
  </wpt>
  <wpt lat="51.436530105838678" lon="4.3739207171215586">
    <name>436.7</name>
  </wpt>
  <wpt lat="51.435700850657817" lon="4.374446969908985">
    <name>436.8</name>
  </wpt>
  <wpt lat="51.434887348118586" lon="4.3750611334674936">
    <name>436.9</name>
  </wpt>
  <wpt lat="51.427139369189518" lon="4.3673488630967734">
    <name>438.21</name>
  </wpt>
  <wpt lat="51.427165846864796" lon="4.3672827182304905">
    <name>438.2</name>
  </wpt>
  <wpt lat="51.42645030175057" lon="4.3668404847730269">
    <name>438.3</name>
  </wpt>
  <wpt lat="51.425706268582893" lon="4.3660325630159553">
    <name>438.4</name>
  </wpt>
  <wpt lat="51.424900635202306" lon="4.3653920898223051">
    <name>438.5</name>
  </wpt>
  <wpt lat="51.424072852835394" lon="4.3648283989243941">
    <name>438.6</name>
  </wpt>
  <wpt lat="51.42330400703117" lon="4.3640863009534039">
    <name>438.7</name>
  </wpt>
  <wpt lat="51.422714071748338" lon="4.3630514805154652">
    <name>438.8</name>
  </wpt>
  <wpt lat="51.422060664038369" lon="4.362060670189523">
    <name>438.9</name>
  </wpt>
  <wpt lat="51.421402147986015" lon="4.3610784700566407">
    <name>439.0</name>
  </wpt>
  <wpt lat="51.420629487443918" lon="4.3603541820820828">
    <name>439.1</name>
  </wpt>
  <wpt lat="51.419813183032026" lon="4.3597523994950418">
    <name>439.2</name>
  </wpt>
  <wpt lat="51.418990130698667" lon="4.359171204283351">
    <name>439.3</name>
  </wpt>
  <wpt lat="51.418167078365357" lon="4.3585900195369573">
    <name>439.4</name>
  </wpt>
  <wpt lat="51.417340845161817" lon="4.3580207500915753">
    <name>439.5</name>
  </wpt>
  <wpt lat="51.416534405830461" lon="4.3574124257325408">
    <name>439.6</name>
  </wpt>
  <wpt lat="51.415721906588061" lon="4.3568150106230377">
    <name>439.7</name>
  </wpt>
  <wpt lat="51.414931892241675" lon="4.3561259978013291">
    <name>439.8</name>
  </wpt>
  <wpt lat="51.414106923630925" lon="4.35559902215891">
    <name>439.9</name>
  </wpt>
  <wpt lat="51.413331284126436" lon="4.3548698533940913">
    <name>440.0</name>
  </wpt>
  <wpt lat="51.412580769314623" lon="4.3540755717151773">
    <name>440.1</name>
  </wpt>
  <wpt lat="51.411838398438071" lon="4.3532618421963543">
    <name>440.2</name>
  </wpt>
  <wpt lat="51.411102622206265" lon="4.35243311844285">
    <name>440.3</name>
  </wpt>
  <wpt lat="51.410391271767068" lon="4.3515509521496334">
    <name>440.4</name>
  </wpt>
  <wpt lat="51.409681409601731" lon="4.3506657266307869">
    <name>440.5</name>
  </wpt>
  <wpt lat="51.409260472868304" lon="4.3495260119673258">
    <name>440.6</name>
  </wpt>
  <wpt lat="51.408578726529136" lon="4.34978593748933">
    <name>440.7</name>
  </wpt>
  <wpt lat="51.407853492560662" lon="4.3506377841161745">
    <name>440.8</name>
  </wpt>
  <wpt lat="51.407086099775938" lon="4.3513880064640844">
    <name>440.9</name>
  </wpt>
  <wpt lat="51.406308157286112" lon="4.3521113348780176">
    <name>441.0</name>
  </wpt>
  <wpt lat="51.405528677144432" lon="4.3528303782474689">
    <name>441.1</name>
  </wpt>
  <wpt lat="51.404744948762634" lon="4.35353726245754">
    <name>441.2</name>
  </wpt>
  <wpt lat="51.403954629585641" lon="4.3542252107576731">
    <name>441.3</name>
  </wpt>
  <wpt lat="51.403095027434809" lon="4.3546310807812043">
    <name>441.4</name>
  </wpt>
  <wpt lat="51.402215593740017" lon="4.3549325692875787">
    <name>441.5</name>
  </wpt>
  <wpt lat="51.401336423873033" lon="4.3552360270414585">
    <name>441.6</name>
  </wpt>
  <wpt lat="51.400457254006071" lon="4.3555394789622515">
    <name>441.7</name>
  </wpt>
  <wpt lat="51.399569151615815" lon="4.3557533928419714">
    <name>441.8</name>
  </wpt>
  <wpt lat="51.398672354160439" lon="4.3556527025233018">
    <name>441.9</name>
  </wpt>
  <wpt lat="51.397774744014143" lon="4.3555699075153456">
    <name>442.0</name>
  </wpt>
  <wpt lat="51.396891698154036" lon="4.355747683731968">
    <name>442.1</name>
  </wpt>
  <wpt lat="51.396043149435542" lon="4.3562190964132173">
    <name>442.2</name>
  </wpt>
  <wpt lat="51.395216741914126" lon="4.3567875326038568">
    <name>442.3</name>
  </wpt>
  <wpt lat="51.394395908105658" lon="4.3573763860926107">
    <name>442.4</name>
  </wpt>
  <wpt lat="51.393684129203329" lon="4.3571227877563254">
    <name>442.5</name>
  </wpt>
  <wpt lat="51.392930228913571" lon="4.3563623052021088">
    <name>442.6</name>
  </wpt>
  <wpt lat="51.392436697315532" lon="4.3551614217456311">
    <name>442.7</name>
  </wpt>
  <wpt lat="51.392035575851857" lon="4.3538810575708249">
    <name>442.8</name>
  </wpt>
  <wpt lat="51.391761272767674" lon="4.352510354238766">
    <name>442.9</name>
  </wpt>
  <wpt lat="51.391632153845528" lon="4.3510851123443919">
    <name>443.0</name>
  </wpt>
  <wpt lat="51.3915781981991" lon="4.3496474942752332">
    <name>443.1</name>
  </wpt>
  <wpt lat="51.391587991663421" lon="4.3482312896757982">
    <name>443.2</name>
  </wpt>
  <wpt lat="51.391443983924667" lon="4.3468086563401629">
    <name>443.3</name>
  </wpt>
  <wpt lat="51.391292636118251" lon="4.3453902116309786">
    <name>443.4</name>
  </wpt>
  <wpt lat="51.391186059821479" lon="4.3439593029327606">
    <name>443.5</name>
  </wpt>
  <wpt lat="51.391077351121638" lon="4.3425286517136241">
    <name>443.6</name>
  </wpt>
  <wpt lat="51.391111798780265" lon="4.3410999789270273">
    <name>443.7</name>
  </wpt>
  <wpt lat="51.412529465844329" lon="4.3432326924435882">
    <name>447.87</name>
  </wpt>
  <wpt lat="51.412759544074909" lon="4.3428094762811149">
    <name>447.9</name>
  </wpt>
  <wpt lat="51.41332532768434" lon="4.3416886710457341">
    <name>448.0</name>
  </wpt>
  <wpt lat="51.413889774309446" lon="4.3405661343908868">
    <name>448.1</name>
  </wpt>
  <wpt lat="51.4144485562334" lon="4.339436307692095">
    <name>448.2</name>
  </wpt>
  <wpt lat="51.450112000014656" lon="4.3128100912298635">
    <name>453.83</name>
  </wpt>
  <wpt lat="51.4505265449241" lon="4.3129268750941554">
    <name>453.9</name>
  </wpt>
  <wpt lat="51.451425092418305" lon="4.3128881750101042">
    <name>454.0</name>
  </wpt>
  <wpt lat="51.4523243221562" lon="4.3128675480212246">
    <name>454.1</name>
  </wpt>
  <wpt lat="51.453223551894105" lon="4.3128469206260487">
    <name>454.2</name>
  </wpt>
  <wpt lat="51.454122576532725" lon="4.31281460532853">
    <name>454.3</name>
  </wpt>
  <wpt lat="51.45502184838665" lon="4.31279942470276">
    <name>454.4</name>
  </wpt>
  <wpt lat="51.455919056236993" lon="4.312701539937736">
    <name>454.5</name>
  </wpt>
  <wpt lat="51.456816049999723" lon="4.3125977624557494">
    <name>454.6</name>
  </wpt>
  <wpt lat="51.457709390783435" lon="4.3124341100890149">
    <name>454.7</name>
  </wpt>
  <wpt lat="51.458595387586378" lon="4.3121876741087517">
    <name>454.8</name>
  </wpt>
  <wpt lat="51.459476858779695" lon="4.3119022920620678">
    <name>454.9</name>
  </wpt>
  <wpt lat="51.460345086606047" lon="4.3115320475662777">
    <name>455.0</name>
  </wpt>
  <wpt lat="51.461206261593844" lon="4.3111169418439914">
    <name>455.1</name>
  </wpt>
  <wpt lat="51.462060117865256" lon="4.31066379572449">
    <name>455.2</name>
  </wpt>
  <wpt lat="51.462913974136647" lon="4.3102106411265968">
    <name>455.3</name>
  </wpt>
  <wpt lat="51.463777098047316" lon="4.3098094449446585">
    <name>455.4</name>
  </wpt>
  <wpt lat="51.464633047238934" lon="4.30937826877114">
    <name>455.5</name>
  </wpt>
  <wpt lat="51.465468765347865" lon="4.308845295236158">
    <name>455.6</name>
  </wpt>
  <wpt lat="51.466286423420883" lon="4.3082444698626459">
    <name>455.7</name>
  </wpt>
  <wpt lat="51.467102256112049" lon="4.3076370631308878">
    <name>455.8</name>
  </wpt>
  <wpt lat="51.467917700205767" lon="4.30703063712688">
    <name>455.9</name>
  </wpt>
  <wpt lat="51.468647776563863" lon="4.3062538062901581">
    <name>456.0</name>
  </wpt>
  <wpt lat="51.469392671043757" lon="4.3054449029568147">
    <name>456.1</name>
  </wpt>
  <wpt lat="51.470143432315915" lon="4.3046523216226866">
    <name>456.2</name>
  </wpt>
  <wpt lat="51.470982633794911" lon="4.30414418331581">
    <name>456.3</name>
  </wpt>
  <wpt lat="51.476317249437081" lon="4.2983602422184912">
    <name>457.81</name>
  </wpt>
  <wpt lat="51.476318969885973" lon="4.29835409454572">
    <name>457.8</name>
  </wpt>
  <wpt lat="51.4765260005008" lon="4.2969696428301374">
    <name>457.9</name>
  </wpt>
  <wpt lat="51.476485428414385" lon="4.2955276314926536">
    <name>458.0</name>
  </wpt>
  <wpt lat="51.476332856363193" lon="4.2941062815198912">
    <name>458.1</name>
  </wpt>
  <wpt lat="51.475929278561765" lon="4.2931993233745169">
    <name>458.2</name>
  </wpt>
  <wpt lat="51.475716461531221" lon="4.2917971870979805">
    <name>458.3</name>
  </wpt>
  <wpt lat="51.480884997503253" lon="4.2807823657947557">
    <name>459.81</name>
  </wpt>
  <wpt lat="51.480931551147059" lon="4.2807569852391261">
    <name>459.8</name>
  </wpt>
  <wpt lat="51.481784731847888" lon="4.2803006350817636">
    <name>459.9</name>
  </wpt>
  <wpt lat="51.482639212099819" lon="4.279851731922153">
    <name>460.0</name>
  </wpt>
  <wpt lat="51.588299000002344" lon="4.3323780325286512">
    <name>478.30</name>
  </wpt>
  <wpt lat="51.588342941625726" lon="4.3325622655769154">
    <name>478.3</name>
  </wpt>
  <wpt lat="51.589142295563107" lon="4.3325833081715714">
    <name>478.4</name>
  </wpt>
  <wpt lat="51.590039550064695" lon="4.33267190547673">
    <name>478.5</name>
  </wpt>
  <wpt lat="51.59091789982309" lon="4.3329665230117937">
    <name>478.6</name>
  </wpt>
  <wpt lat="51.5917543182757" lon="4.3334926950080428">
    <name>478.7</name>
  </wpt>
  <wpt lat="51.592536492131323" lon="4.3342068131957481">
    <name>478.8</name>
  </wpt>
  <wpt lat="51.5933135823812" lon="4.3349354633932631">
    <name>478.9</name>
  </wpt>
  <wpt lat="51.594090356260061" lon="4.3356649953446533">
    <name>479.0</name>
  </wpt>
  <wpt lat="51.594865144172324" lon="4.3363999958262465">
    <name>479.1</name>
  </wpt>
  <wpt lat="51.59562169329903" lon="4.337180809010448">
    <name>479.2</name>
  </wpt>
  <wpt lat="51.596341879968428" lon="4.3380465563956445">
    <name>479.3</name>
  </wpt>
  <wpt lat="51.597067852897126" lon="4.3388998656151641">
    <name>479.4</name>
  </wpt>
  <wpt lat="51.59784169933134" lon="4.3396330061373858">
    <name>479.5</name>
  </wpt>
  <wpt lat="51.59860575603728" lon="4.3403944299644959">
    <name>479.6</name>
  </wpt>
  <wpt lat="51.599416274968782" lon="4.3410171069805887">
    <name>479.7</name>
  </wpt>
  <wpt lat="51.600251116147604" lon="4.3415551635302805">
    <name>479.8</name>
  </wpt>
  <wpt lat="51.601033009581059" lon="4.3422480094006692">
    <name>479.9</name>
  </wpt>
  <wpt lat="51.601817372066407" lon="4.3429545659847042">
    <name>480.0</name>
  </wpt>
  <wpt lat="51.6025576965556" lon="4.3437750261967025">
    <name>480.1</name>
  </wpt>
  <wpt lat="51.603295772006533" lon="4.34460182060874">
    <name>480.2</name>
  </wpt>
  <wpt lat="51.604073871859576" lon="4.3453239108565516">
    <name>480.3</name>
  </wpt>
  <wpt lat="51.6048897109088" lon="4.3459325761890621">
    <name>480.4</name>
  </wpt>
  <wpt lat="51.605683409624262" lon="4.3466083480675959">
    <name>480.5</name>
  </wpt>
  <wpt lat="51.606453402555047" lon="4.3473564824346891">
    <name>480.6</name>
  </wpt>
  <wpt lat="51.607230831602386" lon="4.3480841417527323">
    <name>480.7</name>
  </wpt>
  <wpt lat="51.608022252524883" lon="4.34877108182843">
    <name>480.8</name>
  </wpt>
  <wpt lat="51.60879963142829" lon="4.3494991820577615">
    <name>480.9</name>
  </wpt>
  <wpt lat="51.609577010331634" lon="4.3502272947551734">
    <name>481.0</name>
  </wpt>
  <wpt lat="51.610354389234907" lon="4.3509554199212754">
    <name>481.1</name>
  </wpt>
  <wpt lat="51.611142999201547" lon="4.35164959395415">
    <name>481.2</name>
  </wpt>
  <wpt lat="51.611967271227" lon="4.3522285255695516">
    <name>481.3</name>
  </wpt>
  <wpt lat="51.612796188776116" lon="4.3527902512290861">
    <name>481.4</name>
  </wpt>
  <wpt lat="51.613625106325195" lon="4.353351987146902">
    <name>481.5</name>
  </wpt>
  <wpt lat="51.614454023874224" lon="4.3539137333235072">
    <name>481.6</name>
  </wpt>
  <wpt lat="51.6152829414232" lon="4.3544754897593094">
    <name>481.7</name>
  </wpt>
  <wpt lat="51.616111858972147" lon="4.3550372564549207">
    <name>481.8</name>
  </wpt>
  <wpt lat="51.616940776521055" lon="4.3555990334107459">
    <name>481.9</name>
  </wpt>
  <wpt lat="51.617769694069921" lon="4.356160820627295">
    <name>482.0</name>
  </wpt>
  <wpt lat="51.618598611618758" lon="4.3567226181050769">
    <name>482.1</name>
  </wpt>
  <wpt lat="51.619427529167552" lon="4.3572844258446">
    <name>482.2</name>
  </wpt>
  <wpt lat="51.6202564467163" lon="4.3578462438462733">
    <name>482.3</name>
  </wpt>
  <wpt lat="51.621084330277164" lon="4.3583899561209956">
    <name>482.4</name>
  </wpt>
  <wpt lat="51.6219127260742" lon="4.3589537875020223">
    <name>482.5</name>
  </wpt>
  <wpt lat="51.622741121871215" lon="4.3595176291766471">
    <name>482.6</name>
  </wpt>
  <wpt lat="51.623569517668187" lon="4.36008148114538">
    <name>482.7</name>
  </wpt>
  <wpt lat="51.624397913465124" lon="4.3606453434087271">
    <name>482.8</name>
  </wpt>
  <wpt lat="51.625226309262011" lon="4.3612092159672">
    <name>482.9</name>
  </wpt>
  <wpt lat="51.626056299493" lon="4.3617669504699839">
    <name>483.0</name>
  </wpt>
  <wpt lat="51.626891948875539" lon="4.3623020944443844">
    <name>483.1</name>
  </wpt>
  <wpt lat="51.627664702859192" lon="4.3630177360218072">
    <name>483.2</name>
  </wpt>
  <wpt lat="51.683084258691764" lon="4.4180637183711022">
    <name>498.81</name>
  </wpt>
  <wpt lat="51.6830815218341" lon="4.4180585847557516">
    <name>498.8</name>
  </wpt>
</gpx>