<?xml version="1.0" encoding="utf-8"?>
<gpx xmlns:xsi="http://www.w3.org/2001/XMLSchema-instance" xsi:schemaLocation="http://www.topografix.com/GPX/1/1 http://www.topografix.com/GPX/1/1/gpx.xsd" version="1.1" creator="Roparun" xmlns="http://www.topografix.com/GPX/1/1">
  <wpt lat="49.759001" lon="3.223914">
    <name>0.0</name>
  </wpt>
  <wpt lat="49.758207475097848" lon="3.2245548740598298">
    <name>0.1</name>
  </wpt>
  <wpt lat="49.75746765827548" lon="3.225346320447573">
    <name>0.2</name>
  </wpt>
  <wpt lat="49.756726896968033" lon="3.2261356853727539">
    <name>0.3</name>
  </wpt>
  <wpt lat="49.755987842067029" lon="3.226928648330595">
    <name>0.4</name>
  </wpt>
  <wpt lat="49.755250068877928" lon="3.2277246660277021">
    <name>0.5</name>
  </wpt>
  <wpt lat="49.754512295688883" lon="3.2285206716150894">
    <name>0.6</name>
  </wpt>
  <wpt lat="49.7537744080449" lon="3.2293163883385976">
    <name>0.7</name>
  </wpt>
  <wpt lat="49.752917670389941" lon="3.2296897154161788">
    <name>0.8</name>
  </wpt>
  <wpt lat="49.752030497018779" lon="3.2299177127115222">
    <name>0.9</name>
  </wpt>
  <wpt lat="49.751147121053727" lon="3.2301681115970688">
    <name>1.0</name>
  </wpt>
  <wpt lat="49.750302884627338" lon="3.2304310757643258">
    <name>1.1</name>
  </wpt>
  <wpt lat="49.749413887558951" lon="3.2306228734183997">
    <name>1.2</name>
  </wpt>
  <wpt lat="49.74855062471071" lon="3.2309951044759218">
    <name>1.3</name>
  </wpt>
  <wpt lat="49.747716968538327" lon="3.2314254842512704">
    <name>1.4</name>
  </wpt>
  <wpt lat="49.74687021513035" lon="3.2312683362345811">
    <name>1.5</name>
  </wpt>
  <wpt lat="49.746015200565715" lon="3.2316540000000287">
    <name>1.6</name>
  </wpt>
  <wpt lat="49.745235323129563" lon="3.2309706519022336">
    <name>1.7</name>
  </wpt>
  <wpt lat="49.744978000006952" lon="3.2319394154560728">
    <name>1.8</name>
  </wpt>
  <wpt lat="49.745139486069853" lon="3.2333007661605837">
    <name>1.9</name>
  </wpt>
  <wpt lat="49.745518816765674" lon="3.2345551773153369">
    <name>2.0</name>
  </wpt>
  <wpt lat="49.745899916885584" lon="3.2358104412488586">
    <name>2.1</name>
  </wpt>
  <wpt lat="49.746398059925994" lon="3.2369221217206867">
    <name>2.2</name>
  </wpt>
  <wpt lat="49.746349457764929" lon="3.2382010583286127">
    <name>2.3</name>
  </wpt>
  <wpt lat="49.745684626549128" lon="3.2391378476363708">
    <name>2.4</name>
  </wpt>
  <wpt lat="49.745020107713373" lon="3.2400753062259606">
    <name>2.5</name>
  </wpt>
  <wpt lat="49.744316536593949" lon="3.2409368145640105">
    <name>2.6</name>
  </wpt>
  <wpt lat="49.743529469509248" lon="3.2416037624115814">
    <name>2.7</name>
  </wpt>
  <wpt lat="49.743110049124958" lon="3.2428051780344993">
    <name>2.8</name>
  </wpt>
  <wpt lat="49.742839315864181" lon="3.2441322898681757">
    <name>2.9</name>
  </wpt>
  <wpt lat="49.742568582603475" lon="3.2454593942964016">
    <name>3.0</name>
  </wpt>
  <wpt lat="49.742297849342847" lon="3.2467864913191771">
    <name>3.1</name>
  </wpt>
  <wpt lat="49.742027116082291" lon="3.2481135809367045">
    <name>3.2</name>
  </wpt>
  <wpt lat="49.741756382821805" lon="3.2494406631490871">
    <name>3.3</name>
  </wpt>
  <wpt lat="49.74148564956139" lon="3.2507677379564255">
    <name>3.4</name>
  </wpt>
  <wpt lat="49.740752000215693" lon="3.251309000000012">
    <name>3.5</name>
  </wpt>
  <wpt lat="49.73985276816336" lon="3.2512905788176081">
    <name>3.6</name>
  </wpt>
  <wpt lat="49.739467162809284" lon="3.2518554796274253">
    <name>3.7</name>
  </wpt>
  <wpt lat="49.739497658535242" lon="3.2531129279384223">
    <name>3.8</name>
  </wpt>
  <wpt lat="49.740364166645804" lon="3.2529457591663093">
    <name>3.9</name>
  </wpt>
  <wpt lat="49.741211285607662" lon="3.2532099830721943">
    <name>4.0</name>
  </wpt>
  <wpt lat="49.741931880078248" lon="3.2540425657863832">
    <name>4.1</name>
  </wpt>
  <wpt lat="49.74265752098605" lon="3.2548646429999137">
    <name>4.2</name>
  </wpt>
  <wpt lat="49.743381683585717" lon="3.25568974791596">
    <name>4.3</name>
  </wpt>
  <wpt lat="49.744050613574295" lon="3.2566176435649687">
    <name>4.4</name>
  </wpt>
  <wpt lat="49.7446994502821" lon="3.2575813222197842">
    <name>4.5</name>
  </wpt>
  <wpt lat="49.745337350661437" lon="3.2585619177063427">
    <name>4.6</name>
  </wpt>
  <wpt lat="49.745974104859663" lon="3.2595442127283509">
    <name>4.7</name>
  </wpt>
  <wpt lat="49.746630183680182" lon="3.2604960994937837">
    <name>4.8</name>
  </wpt>
  <wpt lat="49.747330416558839" lon="3.2613651205962304">
    <name>4.9</name>
  </wpt>
  <wpt lat="49.748158879159533" lon="3.261899856511878">
    <name>5.0</name>
  </wpt>
  <wpt lat="49.749001805029863" lon="3.2623849768527284">
    <name>5.1</name>
  </wpt>
  <wpt lat="49.749843903357274" lon="3.2628734428335004">
    <name>5.2</name>
  </wpt>
  <wpt lat="49.750680071596349" lon="3.2633858270924323">
    <name>5.3</name>
  </wpt>
  <wpt lat="49.751526571275754" lon="3.2638537266705843">
    <name>5.4</name>
  </wpt>
  <wpt lat="49.752295281095954" lon="3.26456882629533">
    <name>5.5</name>
  </wpt>
  <wpt lat="49.7530377394654" lon="3.2653542670842048">
    <name>5.6</name>
  </wpt>
  <wpt lat="49.7537838275494" lon="3.26613143631047">
    <name>5.7</name>
  </wpt>
  <wpt lat="49.754532831446909" lon="3.2669018924817457">
    <name>5.8</name>
  </wpt>
  <wpt lat="49.755281835344341" lon="3.2676723605524685">
    <name>5.9</name>
  </wpt>
  <wpt lat="49.756030916290719" lon="3.2684426609480126">
    <name>6.0</name>
  </wpt>
  <wpt lat="49.756780165857428" lon="3.2692125803130039">
    <name>6.1</name>
  </wpt>
  <wpt lat="49.757529415424052" lon="3.2699825115740841">
    <name>6.2</name>
  </wpt>
  <wpt lat="49.758290633963561" lon="3.2707215540417618">
    <name>6.3</name>
  </wpt>
  <wpt lat="49.759120935502288" lon="3.2712513975932889">
    <name>6.4</name>
  </wpt>
  <wpt lat="49.759962399783859" lon="3.2717426551373379">
    <name>6.5</name>
  </wpt>
  <wpt lat="49.760804453799786" lon="3.2722315076047641">
    <name>6.6</name>
  </wpt>
  <wpt lat="49.761650079378789" lon="3.2727051845208557">
    <name>6.7</name>
  </wpt>
  <wpt lat="49.762498028251912" lon="3.273168992990807">
    <name>6.8</name>
  </wpt>
  <wpt lat="49.763382428783807" lon="3.2733674651111424">
    <name>6.9</name>
  </wpt>
  <wpt lat="49.764281524973306" lon="3.2733362944446691">
    <name>7.0</name>
  </wpt>
  <wpt lat="49.7651806211628" lon="3.2733051232000983">
    <name>7.1</name>
  </wpt>
  <wpt lat="49.766072250091945" lon="3.2731256894291092">
    <name>7.2</name>
  </wpt>
  <wpt lat="49.766963600063121" lon="3.272940714126606">
    <name>7.3</name>
  </wpt>
  <wpt lat="49.7678549500343" lon="3.2727557354227925">
    <name>7.4</name>
  </wpt>
  <wpt lat="49.768744639736212" lon="3.272574">
    <name>7.5</name>
  </wpt>
  <wpt lat="49.769614532009065" lon="3.2728683250726287">
    <name>7.6</name>
  </wpt>
  <wpt lat="49.770448529441282" lon="3.2733893275224184">
    <name>7.7</name>
  </wpt>
  <wpt lat="49.771284278351182" lon="3.2739035587808516">
    <name>7.8</name>
  </wpt>
  <wpt lat="49.772110226416054" lon="3.2744537773142564">
    <name>7.9</name>
  </wpt>
  <wpt lat="49.77185409993951" lon="3.2755708628783164">
    <name>8.0</name>
  </wpt>
  <wpt lat="49.771682474724507" lon="3.276788682890047">
    <name>8.1</name>
  </wpt>
  <wpt lat="49.772355698216252" lon="3.277711042755644">
    <name>8.2</name>
  </wpt>
  <wpt lat="49.773062277573942" lon="3.2785725031319468">
    <name>8.3</name>
  </wpt>
  <wpt lat="49.773825988667262" lon="3.2793029382639749">
    <name>8.4</name>
  </wpt>
  <wpt lat="49.77464003519453" lon="3.2798922114054951">
    <name>8.5</name>
  </wpt>
  <wpt lat="49.775485009371963" lon="3.2803097787567017">
    <name>8.6</name>
  </wpt>
  <wpt lat="49.776352510883228" lon="3.2806162278366098">
    <name>8.7</name>
  </wpt>
  <wpt lat="49.777205629764914" lon="3.2809798722677095">
    <name>8.8</name>
  </wpt>
  <wpt lat="49.778082564799227" lon="3.281280712596073">
    <name>8.9</name>
  </wpt>
  <wpt lat="49.777980225625626" lon="3.2823398795363543">
    <name>9.0</name>
  </wpt>
  <wpt lat="49.777850518663556" lon="3.2836544563484744">
    <name>9.1</name>
  </wpt>
  <wpt lat="49.77821107576878" lon="3.2849298125744442">
    <name>9.2</name>
  </wpt>
  <wpt lat="49.778494092283175" lon="3.2862511000870271">
    <name>9.3</name>
  </wpt>
  <wpt lat="49.778967604979769" lon="3.2873805078529266">
    <name>9.4</name>
  </wpt>
  <wpt lat="49.779692443104594" lon="3.2882002153385703">
    <name>9.5</name>
  </wpt>
  <wpt lat="49.780364940519611" lon="3.2891242392261031">
    <name>9.6</name>
  </wpt>
  <wpt lat="49.780984088649689" lon="3.2901340932358685">
    <name>9.7</name>
  </wpt>
  <wpt lat="49.781567692398255" lon="3.2911937139517384">
    <name>9.8</name>
  </wpt>
  <wpt lat="49.78215030297843" lon="3.292254713781563">
    <name>9.9</name>
  </wpt>
  <wpt lat="49.782726660247008" lon="3.2933233354425515">
    <name>10.0</name>
  </wpt>
  <wpt lat="49.783271947749959" lon="3.2944306528691611">
    <name>10.1</name>
  </wpt>
  <wpt lat="49.7838039148116" lon="3.2955536817684319">
    <name>10.2</name>
  </wpt>
  <wpt lat="49.784343741457043" lon="3.2966676443275302">
    <name>10.3</name>
  </wpt>
  <wpt lat="49.784879828369341" lon="3.2977859528478413">
    <name>10.4</name>
  </wpt>
  <wpt lat="49.785412918745756" lon="3.2989077405813969">
    <name>10.5</name>
  </wpt>
  <wpt lat="49.785946009122078" lon="3.3000295406596774">
    <name>10.6</name>
  </wpt>
  <wpt lat="49.786479099498287" lon="3.3011513530829881">
    <name>10.7</name>
  </wpt>
  <wpt lat="49.787012189874396" lon="3.3022731778517365">
    <name>10.8</name>
  </wpt>
  <wpt lat="49.787523708550211" lon="3.3034182425288736">
    <name>10.9</name>
  </wpt>
  <wpt lat="49.788079753184817" lon="3.30451303377424">
    <name>11.0</name>
  </wpt>
  <wpt lat="49.788609511036718" lon="3.3056340603142438">
    <name>11.1</name>
  </wpt>
  <wpt lat="49.789291676791748" lon="3.3065328585450633">
    <name>11.2</name>
  </wpt>
  <wpt lat="49.789725019644493" lon="3.3077416881860784">
    <name>11.3</name>
  </wpt>
  <wpt lat="49.790006811598317" lon="3.3090623049699572">
    <name>11.4</name>
  </wpt>
  <wpt lat="49.790745456875506" lon="3.3098096019020917">
    <name>11.5</name>
  </wpt>
  <wpt lat="49.7915300309778" lon="3.3104788386163486">
    <name>11.6</name>
  </wpt>
  <wpt lat="49.792222590113319" lon="3.3113658388264904">
    <name>11.7</name>
  </wpt>
  <wpt lat="49.792753189160834" lon="3.3124751925513789">
    <name>11.8</name>
  </wpt>
  <wpt lat="49.793211131977095" lon="3.313673671661082">
    <name>11.9</name>
  </wpt>
  <wpt lat="49.793785619393347" lon="3.3147415006610776">
    <name>12.0</name>
  </wpt>
  <wpt lat="49.794426926896229" lon="3.3157148760181876">
    <name>12.1</name>
  </wpt>
  <wpt lat="49.79520697472509" lon="3.3164062770064504">
    <name>12.2</name>
  </wpt>
  <wpt lat="49.795988788482575" lon="3.3170948143811354">
    <name>12.3</name>
  </wpt>
  <wpt lat="49.79677060224" lon="3.3177833628722917">
    <name>12.4</name>
  </wpt>
  <wpt lat="49.7975549012565" lon="3.3184646397458573">
    <name>12.5</name>
  </wpt>
  <wpt lat="49.798266830446892" lon="3.3192926578591586">
    <name>12.6</name>
  </wpt>
  <wpt lat="49.798746312679718" lon="3.3204702587559578">
    <name>12.7</name>
  </wpt>
  <wpt lat="49.799263273815889" lon="3.3216097536718938">
    <name>12.8</name>
  </wpt>
  <wpt lat="49.799846947855436" lon="3.3226681729676852">
    <name>12.9</name>
  </wpt>
  <wpt lat="49.800510395629296" lon="3.3236086871525936">
    <name>13.0</name>
  </wpt>
  <wpt lat="49.8011811248382" lon="3.3245368572088685">
    <name>13.1</name>
  </wpt>
  <wpt lat="49.801878065262258" lon="3.3254153810361089">
    <name>13.2</name>
  </wpt>
  <wpt lat="49.802427851245014" lon="3.3264916572317933">
    <name>13.3</name>
  </wpt>
  <wpt lat="49.802721343650155" lon="3.3278068692291809">
    <name>13.4</name>
  </wpt>
  <wpt lat="49.80335518582163" lon="3.3287803975109216">
    <name>13.5</name>
  </wpt>
  <wpt lat="49.804091621683952" lon="3.3295788952966854">
    <name>13.6</name>
  </wpt>
  <wpt lat="49.804840710717087" lon="3.3303493568889491">
    <name>13.7</name>
  </wpt>
  <wpt lat="49.805600636060454" lon="3.3310945326669286">
    <name>13.8</name>
  </wpt>
  <wpt lat="49.806363300373953" lon="3.3318328021750383">
    <name>13.9</name>
  </wpt>
  <wpt lat="49.807130422695209" lon="3.3325594222205304">
    <name>14.0</name>
  </wpt>
  <wpt lat="49.807637357633389" lon="3.3335667676503831">
    <name>14.1</name>
  </wpt>
  <wpt lat="49.807706871944347" lon="3.3348931274433813">
    <name>14.2</name>
  </wpt>
  <wpt lat="49.807713886708484" lon="3.3362861573399711">
    <name>14.3</name>
  </wpt>
  <wpt lat="49.80774200053456" lon="3.3376780227241474">
    <name>14.4</name>
  </wpt>
  <wpt lat="49.8077734707183" lon="3.3390687649399653">
    <name>14.5</name>
  </wpt>
  <wpt lat="49.808043852949886" lon="3.3403954657368717">
    <name>14.6</name>
  </wpt>
  <wpt lat="49.808299234326171" lon="3.3417304044844887">
    <name>14.7</name>
  </wpt>
  <wpt lat="49.809034404587322" lon="3.3412595661207307">
    <name>14.8</name>
  </wpt>
  <wpt lat="49.809813723330777" lon="3.3405640753074812">
    <name>14.9</name>
  </wpt>
  <wpt lat="49.810593042074181" lon="3.3398685732958291">
    <name>15.0</name>
  </wpt>
  <wpt lat="49.811372360817529" lon="3.339173060085368">
    <name>15.1</name>
  </wpt>
  <wpt lat="49.812206248596823" lon="3.3386764283699817">
    <name>15.2</name>
  </wpt>
  <wpt lat="49.813099594016826" lon="3.33851824750139">
    <name>15.3</name>
  </wpt>
  <wpt lat="49.813995298283373" lon="3.3383935930216242">
    <name>15.4</name>
  </wpt>
  <wpt lat="49.814886684150018" lon="3.3382130771262917">
    <name>15.5</name>
  </wpt>
  <wpt lat="49.815738470443115" lon="3.3377696265521775">
    <name>15.6</name>
  </wpt>
  <wpt lat="49.81658232705098" lon="3.3372885015760789">
    <name>15.7</name>
  </wpt>
  <wpt lat="49.817369249152286" lon="3.3366173519871807">
    <name>15.8</name>
  </wpt>
  <wpt lat="49.818138669726437" lon="3.3358957587744711">
    <name>15.9</name>
  </wpt>
  <wpt lat="49.818908090300532" lon="3.3351741540873374">
    <name>16.0</name>
  </wpt>
  <wpt lat="49.819625717859509" lon="3.3343361065095922">
    <name>16.1</name>
  </wpt>
  <wpt lat="49.820378943349695" lon="3.3336084178386423">
    <name>16.2</name>
  </wpt>
  <wpt lat="49.821189951182348" lon="3.3330446201913415">
    <name>16.3</name>
  </wpt>
  <wpt lat="49.821750094622523" lon="3.3319571599305275">
    <name>16.4</name>
  </wpt>
  <wpt lat="49.82242009852019" lon="3.3310450988972167">
    <name>16.5</name>
  </wpt>
  <wpt lat="49.823210176196525" lon="3.3303797474452543">
    <name>16.6</name>
  </wpt>
  <wpt lat="49.823921099390446" lon="3.3295389437161722">
    <name>16.7</name>
  </wpt>
  <wpt lat="49.824549909585272" lon="3.3285427871418221">
    <name>16.8</name>
  </wpt>
  <wpt lat="49.824901875043167" lon="3.3292636015229977">
    <name>16.9</name>
  </wpt>
  <wpt lat="49.825044844188504" lon="3.330637679715879">
    <name>17.0</name>
  </wpt>
  <wpt lat="49.825470803500529" lon="3.3318582422889711">
    <name>17.1</name>
  </wpt>
  <wpt lat="49.825446997123905" lon="3.3332394718989029">
    <name>17.2</name>
  </wpt>
  <wpt lat="49.825380000031423" lon="3.3346266905225104">
    <name>17.3</name>
  </wpt>
  <wpt lat="49.82545515031903" lon="3.3360018547455574">
    <name>17.4</name>
  </wpt>
  <wpt lat="49.825606192099031" lon="3.3373695536541144">
    <name>17.5</name>
  </wpt>
  <wpt lat="49.82553110179925" lon="3.3387581743447976">
    <name>17.6</name>
  </wpt>
  <wpt lat="49.825466000067436" lon="3.3401466615226147">
    <name>17.7</name>
  </wpt>
  <wpt lat="49.825661550203158" lon="3.3415045495791258">
    <name>17.8</name>
  </wpt>
  <wpt lat="49.825876001667751" lon="3.3428583851949409">
    <name>17.9</name>
  </wpt>
  <wpt lat="49.826090453132281" lon="3.34421222681259">
    <name>18.0</name>
  </wpt>
  <wpt lat="49.826275567151711" lon="3.3455747103912903">
    <name>18.1</name>
  </wpt>
  <wpt lat="49.826217248972121" lon="3.3469637405900423">
    <name>18.2</name>
  </wpt>
  <wpt lat="49.826131649478839" lon="3.3483514734350441">
    <name>18.3</name>
  </wpt>
  <wpt lat="49.826131000032433" lon="3.3497267884415223">
    <name>18.4</name>
  </wpt>
  <wpt lat="49.826452958570094" lon="3.3509799290163831">
    <name>18.5</name>
  </wpt>
  <wpt lat="49.827081595083612" lon="3.3519760045265876">
    <name>18.6</name>
  </wpt>
  <wpt lat="49.827730153066263" lon="3.3529411128984408">
    <name>18.7</name>
  </wpt>
  <wpt lat="49.828373351303874" lon="3.3539152376862402">
    <name>18.8</name>
  </wpt>
  <wpt lat="49.829028806503395" lon="3.354868921217748">
    <name>18.9</name>
  </wpt>
  <wpt lat="49.829685409756983" lon="3.3558209088489">
    <name>19.0</name>
  </wpt>
  <wpt lat="49.8303246840119" lon="3.356801094280538">
    <name>19.1</name>
  </wpt>
  <wpt lat="49.8308704744802" lon="3.357906770643015">
    <name>19.2</name>
  </wpt>
  <wpt lat="49.831254585133159" lon="3.3591586927666133">
    <name>19.3</name>
  </wpt>
  <wpt lat="49.831765650621726" lon="3.3598324772848667">
    <name>19.4</name>
  </wpt>
  <wpt lat="49.832628590993188" lon="3.3595078291956471">
    <name>19.5</name>
  </wpt>
  <wpt lat="49.833526556603815" lon="3.3595843654002162">
    <name>19.6</name>
  </wpt>
  <wpt lat="49.834425672666683" lon="3.3595982596872345">
    <name>19.7</name>
  </wpt>
  <wpt lat="49.835324281790818" lon="3.3595491747088535">
    <name>19.8</name>
  </wpt>
  <wpt lat="49.8362221281819" lon="3.3594839035217059">
    <name>19.9</name>
  </wpt>
  <wpt lat="49.837096879461463" lon="3.3597896757038548">
    <name>20.0</name>
  </wpt>
  <wpt lat="49.837956578820368" lon="3.3601990062007">
    <name>20.1</name>
  </wpt>
  <wpt lat="49.838815948310135" lon="3.3606100005543982">
    <name>20.2</name>
  </wpt>
  <wpt lat="49.839703585817389" lon="3.3606488499905796">
    <name>20.3</name>
  </wpt>
  <wpt lat="49.840568784297972" lon="3.3608481949908908">
    <name>20.4</name>
  </wpt>
  <wpt lat="49.841345247684153" lon="3.3615513980057026">
    <name>20.5</name>
  </wpt>
  <wpt lat="49.842209197663614" lon="3.3618953309830557">
    <name>20.6</name>
  </wpt>
  <wpt lat="49.84310360514494" lon="3.3620385366131731">
    <name>20.7</name>
  </wpt>
  <wpt lat="49.843958150564937" lon="3.3624585776644467">
    <name>20.8</name>
  </wpt>
  <wpt lat="49.844814181975813" lon="3.3628460000000011">
    <name>20.9</name>
  </wpt>
  <wpt lat="49.845690139403182" lon="3.3625686947942275">
    <name>21.0</name>
  </wpt>
  <wpt lat="49.846542792339122" lon="3.362666992196782">
    <name>21.1</name>
  </wpt>
  <wpt lat="49.846601000832656" lon="3.3640571568013771">
    <name>21.2</name>
  </wpt>
  <wpt lat="49.846551188698115" lon="3.3654485590233083">
    <name>21.3</name>
  </wpt>
  <wpt lat="49.846496417918075" lon="3.3668406190882694">
    <name>21.4</name>
  </wpt>
  <wpt lat="49.846387000043663" lon="3.3682244191014812">
    <name>21.5</name>
  </wpt>
  <wpt lat="49.846339002548014" lon="3.3696164876069727">
    <name>21.6</name>
  </wpt>
  <wpt lat="49.846971587479352" lon="3.3695252747495177">
    <name>21.7</name>
  </wpt>
  <wpt lat="49.847782298043732" lon="3.3689271371600724">
    <name>21.8</name>
  </wpt>
  <wpt lat="49.848553693994077" lon="3.3682103828008136">
    <name>21.9</name>
  </wpt>
  <wpt lat="49.849261604057538" lon="3.3673651255130155">
    <name>22.0</name>
  </wpt>
  <wpt lat="49.84994224252987" lon="3.3664699047695925">
    <name>22.1</name>
  </wpt>
  <wpt lat="49.85065203446176" lon="3.3656264716071536">
    <name>22.2</name>
  </wpt>
  <wpt lat="49.850494536849062" lon="3.3645695166460658">
    <name>22.3</name>
  </wpt>
  <wpt lat="49.851265433989539" lon="3.3638647120704253">
    <name>22.4</name>
  </wpt>
  <wpt lat="49.851971756366638" lon="3.3630057372792854">
    <name>22.5</name>
  </wpt>
  <wpt lat="49.85263892331259" lon="3.363096072322274">
    <name>22.6</name>
  </wpt>
  <wpt lat="49.853061518776769" lon="3.364326848921749">
    <name>22.7</name>
  </wpt>
  <wpt lat="49.853490209771124" lon="3.3655527917717238">
    <name>22.8</name>
  </wpt>
  <wpt lat="49.8540260261848" lon="3.3666708721494736">
    <name>22.9</name>
  </wpt>
  <wpt lat="49.854624504697306" lon="3.3677070983681552">
    <name>23.0</name>
  </wpt>
  <wpt lat="49.855392061672163" lon="3.3672165053164806">
    <name>23.1</name>
  </wpt>
  <wpt lat="49.856218294743428" lon="3.3667040595063353">
    <name>23.2</name>
  </wpt>
  <wpt lat="49.857081101633447" lon="3.3663122453161485">
    <name>23.3</name>
  </wpt>
  <wpt lat="49.857945393930756" lon="3.3659579999999911">
    <name>23.4</name>
  </wpt>
  <wpt lat="49.858843025062967" lon="3.3660273303200272">
    <name>23.5</name>
  </wpt>
  <wpt lat="49.859739777378245" lon="3.3661327042845404">
    <name>23.6</name>
  </wpt>
  <wpt lat="49.860636529693508" lon="3.3662380802048149">
    <name>23.7</name>
  </wpt>
  <wpt lat="49.861529364335979" lon="3.3664028408773019">
    <name>23.8</name>
  </wpt>
  <wpt lat="49.862412291062107" lon="3.3666655430664938">
    <name>23.9</name>
  </wpt>
  <wpt lat="49.863295769077673" lon="3.3669257245642208">
    <name>24.0</name>
  </wpt>
  <wpt lat="49.864178313442693" lon="3.3671925110400611">
    <name>24.1</name>
  </wpt>
  <wpt lat="49.865059859804738" lon="3.3674674720000435">
    <name>24.2</name>
  </wpt>
  <wpt lat="49.865950459196014" lon="3.3676261662938218">
    <name>24.3</name>
  </wpt>
  <wpt lat="49.866849107259121" lon="3.3675721776665086">
    <name>24.4</name>
  </wpt>
  <wpt lat="49.867747003836591" lon="3.3675435563321661">
    <name>24.5</name>
  </wpt>
  <wpt lat="49.868590976132289" lon="3.3680133625441506">
    <name>24.6</name>
  </wpt>
  <wpt lat="49.869420102034418" lon="3.3685537643835692">
    <name>24.7</name>
  </wpt>
  <wpt lat="49.870257164698906" lon="3.3690617398044194">
    <name>24.8</name>
  </wpt>
  <wpt lat="49.871091586795089" lon="3.3695821371739854">
    <name>24.9</name>
  </wpt>
  <wpt lat="49.871927312256226" lon="3.3700959681296379">
    <name>25.0</name>
  </wpt>
  <wpt lat="49.872742313045038" lon="3.3706830510491979">
    <name>25.1</name>
  </wpt>
  <wpt lat="49.873485885249252" lon="3.3714655982420925">
    <name>25.2</name>
  </wpt>
  <wpt lat="49.8742242398562" lon="3.3722620836254662">
    <name>25.3</name>
  </wpt>
  <wpt lat="49.87501814603656" lon="3.372903122704626">
    <name>25.4</name>
  </wpt>
  <wpt lat="49.875865978669424" lon="3.3733682679266983">
    <name>25.5</name>
  </wpt>
  <wpt lat="49.876724465652636" lon="3.3737772327817872">
    <name>25.6</name>
  </wpt>
  <wpt lat="49.877615592802236" lon="3.3738552811438796">
    <name>25.7</name>
  </wpt>
  <wpt lat="49.878500990534029" lon="3.3736317336537907">
    <name>25.8</name>
  </wpt>
  <wpt lat="49.879384334860582" lon="3.3733740560184753">
    <name>25.9</name>
  </wpt>
  <wpt lat="49.880278415310514" lon="3.3732284100560244">
    <name>26.0</name>
  </wpt>
  <wpt lat="49.88117324206732" lon="3.3730899568963073">
    <name>26.1</name>
  </wpt>
  <wpt lat="49.882069769163969" lon="3.3729913974685641">
    <name>26.2</name>
  </wpt>
  <wpt lat="49.882965141536509" lon="3.3728611205539472">
    <name>26.3</name>
  </wpt>
  <wpt lat="49.883861651324771" lon="3.3727528301919811">
    <name>26.4</name>
  </wpt>
  <wpt lat="49.884756934009246" lon="3.372621182138511">
    <name>26.5</name>
  </wpt>
  <wpt lat="49.88565403903268" lon="3.3725232456963434">
    <name>26.6</name>
  </wpt>
  <wpt lat="49.88654962540803" lon="3.3723983648771108">
    <name>26.7</name>
  </wpt>
  <wpt lat="49.887436087680243" lon="3.3721720898380818">
    <name>26.8</name>
  </wpt>
  <wpt lat="49.888312384467241" lon="3.3718582597545392">
    <name>26.9</name>
  </wpt>
  <wpt lat="49.88919164080918" lon="3.3715664282306741">
    <name>27.0</name>
  </wpt>
  <wpt lat="49.890083015072889" lon="3.3715346768294188">
    <name>27.1</name>
  </wpt>
  <wpt lat="49.890978310190334" lon="3.3716440000000314">
    <name>27.2</name>
  </wpt>
  <wpt lat="49.891871462505271" lon="3.3715135057465613">
    <name>27.3</name>
  </wpt>
  <wpt lat="49.89274908363511" lon="3.3712090628314924">
    <name>27.4</name>
  </wpt>
  <wpt lat="49.893594488115546" lon="3.3707466596311555">
    <name>27.5</name>
  </wpt>
  <wpt lat="49.894402488095963" lon="3.3701364894652515">
    <name>27.6</name>
  </wpt>
  <wpt lat="49.895231051903743" lon="3.3695946534939822">
    <name>27.7</name>
  </wpt>
  <wpt lat="49.896048250646949" lon="3.3690152934084008">
    <name>27.8</name>
  </wpt>
  <wpt lat="49.896705850854069" lon="3.3680672141906225">
    <name>27.9</name>
  </wpt>
  <wpt lat="49.8974025367338" lon="3.3671914777238485">
    <name>28.0</name>
  </wpt>
  <wpt lat="49.898274386932279" lon="3.3668522674780479">
    <name>28.1</name>
  </wpt>
  <wpt lat="49.899152423672852" lon="3.36655085888115">
    <name>28.2</name>
  </wpt>
  <wpt lat="49.89999434000741" lon="3.3667793392152205">
    <name>28.3</name>
  </wpt>
  <wpt lat="49.900651922990221" lon="3.36739171321474">
    <name>28.4</name>
  </wpt>
  <wpt lat="49.9015481721945" lon="3.367331">
    <name>28.5</name>
  </wpt>
  <wpt lat="49.902447345062747" lon="3.36735005597654">
    <name>28.6</name>
  </wpt>
  <wpt lat="49.903266741112311" lon="3.3678807690019488">
    <name>28.7</name>
  </wpt>
  <wpt lat="49.904051783116742" lon="3.3685619554396733">
    <name>28.8</name>
  </wpt>
  <wpt lat="49.904856301561786" lon="3.3691726467360521">
    <name>28.9</name>
  </wpt>
  <wpt lat="49.905751749974328" lon="3.36912161753528">
    <name>29.0</name>
  </wpt>
  <wpt lat="49.906648641400807" lon="3.3690191711338491">
    <name>29.1</name>
  </wpt>
  <wpt lat="49.907545967906508" lon="3.3689287726804729">
    <name>29.2</name>
  </wpt>
  <wpt lat="49.90824159759039" lon="3.368157802011273">
    <name>29.3</name>
  </wpt>
  <wpt lat="49.908450590162573" lon="3.3668021081301776">
    <name>29.4</name>
  </wpt>
  <wpt lat="49.908772981211584" lon="3.3655413631625488">
    <name>29.5</name>
  </wpt>
  <wpt lat="49.909610628686316" lon="3.3656843779914452">
    <name>29.6</name>
  </wpt>
  <wpt lat="49.910422088638633" lon="3.36628639908243">
    <name>29.7</name>
  </wpt>
  <wpt lat="49.911233418196957" lon="3.3668888012776539">
    <name>29.8</name>
  </wpt>
  <wpt lat="49.912041565230062" lon="3.3675015016597918">
    <name>29.9</name>
  </wpt>
  <wpt lat="49.912849362629295" lon="3.3681153240199966">
    <name>30.0</name>
  </wpt>
  <wpt lat="49.9136589126782" lon="3.3687234933202217">
    <name>30.1</name>
  </wpt>
  <wpt lat="49.914470841370331" lon="3.3693240295317484">
    <name>30.2</name>
  </wpt>
  <wpt lat="49.915281548133009" lon="3.3699285619631629">
    <name>30.3</name>
  </wpt>
  <wpt lat="49.916092254895638" lon="3.3705331045583073">
    <name>30.4</name>
  </wpt>
  <wpt lat="49.91689878311719" lon="3.3711508249022111">
    <name>30.5</name>
  </wpt>
  <wpt lat="49.917712406234955" lon="3.3717453078192712">
    <name>30.6</name>
  </wpt>
  <wpt lat="49.918538269027259" lon="3.3721298380255651">
    <name>30.7</name>
  </wpt>
  <wpt lat="49.919404467993225" lon="3.3717578055337865">
    <name>30.8</name>
  </wpt>
  <wpt lat="49.920276381354263" lon="3.3715732688114541">
    <name>30.9</name>
  </wpt>
  <wpt lat="49.921174060404617" lon="3.3716576485839589">
    <name>31.0</name>
  </wpt>
  <wpt lat="49.922051053430813" lon="3.3714375983664562">
    <name>31.1</name>
  </wpt>
  <wpt lat="49.9229153124473" lon="3.3710576526922877">
    <name>31.2</name>
  </wpt>
  <wpt lat="49.92379890980169" lon="3.3707975817119662">
    <name>31.3</name>
  </wpt>
  <wpt lat="49.924683326270333" lon="3.3705443265133592">
    <name>31.4</name>
  </wpt>
  <wpt lat="49.925567372470141" lon="3.370287968469317">
    <name>31.5</name>
  </wpt>
  <wpt lat="49.926430664394175" lon="3.3701871331471742">
    <name>31.6</name>
  </wpt>
  <wpt lat="49.926989919814723" lon="3.369721861132315">
    <name>31.7</name>
  </wpt>
  <wpt lat="49.927773714985" lon="3.3690712657325039">
    <name>31.8</name>
  </wpt>
  <wpt lat="49.9285107983748" lon="3.3688214569836625">
    <name>31.9</name>
  </wpt>
  <wpt lat="49.929182454973969" lon="3.3679178613133693">
    <name>32.0</name>
  </wpt>
  <wpt lat="49.929877597353823" lon="3.3670315019184334">
    <name>32.1</name>
  </wpt>
  <wpt lat="49.930572739733591" lon="3.3661451297391944">
    <name>32.2</name>
  </wpt>
  <wpt lat="49.931267882113275" lon="3.3652587447751432">
    <name>32.3</name>
  </wpt>
  <wpt lat="49.931963024492873" lon="3.3643723470257716">
    <name>32.4</name>
  </wpt>
  <wpt lat="49.932797412916955" lon="3.3638975318169444">
    <name>32.5</name>
  </wpt>
  <wpt lat="49.933676722611523" lon="3.3636044307664852">
    <name>32.6</name>
  </wpt>
  <wpt lat="49.934555520780457" lon="3.3633076597071581">
    <name>32.7</name>
  </wpt>
  <wpt lat="49.935433992161677" lon="3.3630085421336169">
    <name>32.8</name>
  </wpt>
  <wpt lat="49.936318545089222" lon="3.3627819999999518">
    <name>32.9</name>
  </wpt>
  <wpt lat="49.937213593500836" lon="3.3629149460513239">
    <name>33.0</name>
  </wpt>
  <wpt lat="49.938108751941925" lon="3.363048112442975">
    <name>33.1</name>
  </wpt>
  <wpt lat="49.93899255226421" lon="3.3628374207806582">
    <name>33.2</name>
  </wpt>
  <wpt lat="49.939866545174326" lon="3.362508125705534">
    <name>33.3</name>
  </wpt>
  <wpt lat="49.940739702691907" lon="3.3621738051157513">
    <name>33.4</name>
  </wpt>
  <wpt lat="49.941626871520249" lon="3.361947597158641">
    <name>33.5</name>
  </wpt>
  <wpt lat="49.942518079129762" lon="3.3617603057428358">
    <name>33.6</name>
  </wpt>
  <wpt lat="49.943409157884773" lon="3.361571662076499">
    <name>33.7</name>
  </wpt>
  <wpt lat="49.944291688871431" lon="3.3613153653349257">
    <name>33.8</name>
  </wpt>
  <wpt lat="49.945093585218814" lon="3.3606994193584607">
    <name>33.9</name>
  </wpt>
  <wpt lat="49.945851136535481" lon="3.359946413958947">
    <name>34.0</name>
  </wpt>
  <wpt lat="49.946684465298326" lon="3.3594411106316997">
    <name>34.1</name>
  </wpt>
  <wpt lat="49.947549660444629" lon="3.3590597694113558">
    <name>34.2</name>
  </wpt>
  <wpt lat="49.948362845267226" lon="3.3584838026520325">
    <name>34.3</name>
  </wpt>
  <wpt lat="49.949139924869" lon="3.3577809856727958">
    <name>34.4</name>
  </wpt>
  <wpt lat="49.950018140727117" lon="3.3575295911516023">
    <name>34.5</name>
  </wpt>
  <wpt lat="49.950913383583426" lon="3.3573966288601653">
    <name>34.6</name>
  </wpt>
  <wpt lat="49.951808626439721" lon="3.3572636640970557">
    <name>34.7</name>
  </wpt>
  <wpt lat="49.952703869296009" lon="3.3571306968621717">
    <name>34.8</name>
  </wpt>
  <wpt lat="49.953598506181436" lon="3.3569901693723745">
    <name>34.9</name>
  </wpt>
  <wpt lat="49.954449612309816" lon="3.3565495716168829">
    <name>35.0</name>
  </wpt>
  <wpt lat="49.955274466678794" lon="3.355994036505014">
    <name>35.1</name>
  </wpt>
  <wpt lat="49.956125661289462" lon="3.3555502231225334">
    <name>35.2</name>
  </wpt>
  <wpt lat="49.957022720410691" lon="3.3555140464571833">
    <name>35.3</name>
  </wpt>
  <wpt lat="49.957921064650208" lon="3.3555791990659247">
    <name>35.4</name>
  </wpt>
  <wpt lat="49.958819389858583" lon="3.3556449617848476">
    <name>35.5</name>
  </wpt>
  <wpt lat="49.959716412264846" lon="3.355680000000012">
    <name>35.6</name>
  </wpt>
  <wpt lat="49.960610289319142" lon="3.3555540432143971">
    <name>35.7</name>
  </wpt>
  <wpt lat="49.961499176929983" lon="3.3553417112300092">
    <name>35.8</name>
  </wpt>
  <wpt lat="49.962388285295539" lon="3.3551316556183761">
    <name>35.9</name>
  </wpt>
  <wpt lat="49.963277643811715" lon="3.3549241815598774">
    <name>36.0</name>
  </wpt>
  <wpt lat="49.96416904651506" lon="3.3548094385322362">
    <name>36.1</name>
  </wpt>
  <wpt lat="49.964898808969444" lon="3.3552783647791906">
    <name>36.2</name>
  </wpt>
  <wpt lat="49.965326171648414" lon="3.3565072448199138">
    <name>36.3</name>
  </wpt>
  <wpt lat="49.965685821890375" lon="3.3577885872870312">
    <name>36.4</name>
  </wpt>
  <wpt lat="49.966047515618548" lon="3.3590686183827523">
    <name>36.5</name>
  </wpt>
  <wpt lat="49.966344821267207" lon="3.3603877357517842">
    <name>36.6</name>
  </wpt>
  <wpt lat="49.9666439977336" lon="3.361706211469913">
    <name>36.7</name>
  </wpt>
  <wpt lat="49.966949950788425" lon="3.363020783135132">
    <name>36.8</name>
  </wpt>
  <wpt lat="49.967329189395571" lon="3.3642844594116719">
    <name>36.9</name>
  </wpt>
  <wpt lat="49.967879868729874" lon="3.3653871405253004">
    <name>37.0</name>
  </wpt>
  <wpt lat="49.96847066794772" lon="3.3664409938081397">
    <name>37.1</name>
  </wpt>
  <wpt lat="49.969051155412672" lon="3.3675089064279202">
    <name>37.2</name>
  </wpt>
  <wpt lat="49.9695807058732" lon="3.368635823868968">
    <name>37.3</name>
  </wpt>
  <wpt lat="49.970039032538857" lon="3.3698388370072525">
    <name>37.4</name>
  </wpt>
  <wpt lat="49.970497359204415" lon="3.37104186160215">
    <name>37.5</name>
  </wpt>
  <wpt lat="49.970957450500755" lon="3.3722432547907069">
    <name>37.6</name>
  </wpt>
  <wpt lat="49.971448485944329" lon="3.3734106670913118">
    <name>37.7</name>
  </wpt>
  <wpt lat="49.972074219139678" lon="3.3744146812457472">
    <name>37.8</name>
  </wpt>
  <wpt lat="49.972699782467821" lon="3.3754192562412828">
    <name>37.9</name>
  </wpt>
  <wpt lat="49.9733376100504" lon="3.3764049560362888">
    <name>38.0</name>
  </wpt>
  <wpt lat="49.974001547560675" lon="3.3773479939495066">
    <name>38.1</name>
  </wpt>
  <wpt lat="49.974640551901906" lon="3.3783276173610512">
    <name>38.2</name>
  </wpt>
  <wpt lat="49.975162987391961" lon="3.3794616292690027">
    <name>38.3</name>
  </wpt>
  <wpt lat="49.975651382492167" lon="3.3806339643352512">
    <name>38.4</name>
  </wpt>
  <wpt lat="49.976225563854548" lon="3.3817087861288244">
    <name>38.5</name>
  </wpt>
  <wpt lat="49.976792243848138" lon="3.3827935402905629">
    <name>38.6</name>
  </wpt>
  <wpt lat="49.977299536131767" lon="3.3839479308301428">
    <name>38.7</name>
  </wpt>
  <wpt lat="49.977785887413077" lon="3.3851202083613274">
    <name>38.8</name>
  </wpt>
  <wpt lat="49.978328784945575" lon="3.3862326378044205">
    <name>38.9</name>
  </wpt>
  <wpt lat="49.97885390901029" lon="3.3873679357822271">
    <name>39.0</name>
  </wpt>
  <wpt lat="49.979336827671062" lon="3.3885448908603251">
    <name>39.1</name>
  </wpt>
  <wpt lat="49.979700676998256" lon="3.3898235189609602">
    <name>39.2</name>
  </wpt>
  <wpt lat="49.980041338796291" lon="3.3911177952569944">
    <name>39.3</name>
  </wpt>
  <wpt lat="49.980380523320356" lon="3.3924130346579622">
    <name>39.4</name>
  </wpt>
  <wpt lat="49.980718936261155" lon="3.3937087651250715">
    <name>39.5</name>
  </wpt>
  <wpt lat="49.9810455672065" lon="3.3950116612647325">
    <name>39.6</name>
  </wpt>
  <wpt lat="49.98107116108504" lon="3.3963775157882545">
    <name>39.7</name>
  </wpt>
  <wpt lat="49.980895937716141" lon="3.3977489289931468">
    <name>39.8</name>
  </wpt>
  <wpt lat="49.980758378404516" lon="3.399129096680805">
    <name>39.9</name>
  </wpt>
  <wpt lat="49.98097613199203" lon="3.4004760078934155">
    <name>40.0</name>
  </wpt>
  <wpt lat="49.98129659744" lon="3.4017827488324048">
    <name>40.1</name>
  </wpt>
  <wpt lat="49.981689358953254" lon="3.4030361029498088">
    <name>40.2</name>
  </wpt>
  <wpt lat="49.982188139054777" lon="3.40419960436496">
    <name>40.3</name>
  </wpt>
  <wpt lat="49.982690168224913" lon="3.4053597186629063">
    <name>40.4</name>
  </wpt>
  <wpt lat="49.983174764192874" lon="3.4065378990822133">
    <name>40.5</name>
  </wpt>
  <wpt lat="49.983648255186395" lon="3.4077267511343043">
    <name>40.6</name>
  </wpt>
  <wpt lat="49.984110029034738" lon="3.4089268495268872">
    <name>40.7</name>
  </wpt>
  <wpt lat="49.984532442707625" lon="3.4101601587298949">
    <name>40.8</name>
  </wpt>
  <wpt lat="49.984923412419654" lon="3.41141938007148">
    <name>40.9</name>
  </wpt>
  <wpt lat="49.985258750775643" lon="3.4127163979945556">
    <name>41.0</name>
  </wpt>
  <wpt lat="49.985498104895349" lon="3.414063157216142">
    <name>41.1</name>
  </wpt>
  <wpt lat="49.985773242106617" lon="3.4153908095711945">
    <name>41.2</name>
  </wpt>
  <wpt lat="49.986169515038625" lon="3.4166462035308807">
    <name>41.3</name>
  </wpt>
  <wpt lat="49.986548974130628" lon="3.4179142979727204">
    <name>41.4</name>
  </wpt>
  <wpt lat="49.986867273170958" lon="3.4192208735551297">
    <name>41.5</name>
  </wpt>
  <wpt lat="49.987086804997759" lon="3.4205760643969487">
    <name>41.6</name>
  </wpt>
  <wpt lat="49.987300893561937" lon="3.4219342377119641">
    <name>41.7</name>
  </wpt>
  <wpt lat="49.987516897290149" lon="3.4232920002676552">
    <name>41.8</name>
  </wpt>
  <wpt lat="49.987694518858746" lon="3.4246629372935389">
    <name>41.9</name>
  </wpt>
  <wpt lat="49.987845790733594" lon="3.4260413240487884">
    <name>42.0</name>
  </wpt>
  <wpt lat="49.987971559024352" lon="3.4274263228709709">
    <name>42.1</name>
  </wpt>
  <wpt lat="49.988094678408032" lon="3.4288117301500618">
    <name>42.2</name>
  </wpt>
  <wpt lat="49.988134320384283" lon="3.4302087092074602">
    <name>42.3</name>
  </wpt>
  <wpt lat="49.988123717444992" lon="3.431607362694689">
    <name>42.4</name>
  </wpt>
  <wpt lat="49.988110850226121" lon="3.4330059500085692">
    <name>42.5</name>
  </wpt>
  <wpt lat="49.988087720884586" lon="3.4344042371718251">
    <name>42.6</name>
  </wpt>
  <wpt lat="49.988064591543065" lon="3.435802523662737">
    <name>42.7</name>
  </wpt>
  <wpt lat="49.988044028777075" lon="3.4372008962977252">
    <name>42.8</name>
  </wpt>
  <wpt lat="49.98802584999541" lon="3.4385993064494174">
    <name>42.9</name>
  </wpt>
  <wpt lat="49.987898460680221" lon="3.4399802115836389">
    <name>43.0</name>
  </wpt>
  <wpt lat="49.987675242529313" lon="3.4413351802159289">
    <name>43.1</name>
  </wpt>
  <wpt lat="49.987452673956177" lon="3.4426895716523509">
    <name>43.2</name>
  </wpt>
  <wpt lat="49.988003031702576" lon="3.4432716243737453">
    <name>43.3</name>
  </wpt>
  <wpt lat="49.98873602793396" lon="3.4440395270123192">
    <name>43.4</name>
  </wpt>
  <wpt lat="49.989290324000059" lon="3.4450105897573833">
    <name>43.5</name>
  </wpt>
  <wpt lat="49.9898462863206" lon="3.4459226728976353">
    <name>43.6</name>
  </wpt>
  <wpt lat="49.989761883778478" lon="3.4473118247414591">
    <name>43.7</name>
  </wpt>
  <wpt lat="49.989684122742347" lon="3.4487053416162876">
    <name>43.8</name>
  </wpt>
  <wpt lat="49.989469927512147" lon="3.4500625846648587">
    <name>43.9</name>
  </wpt>
  <wpt lat="49.989260702674194" lon="3.4514227260648735">
    <name>44.0</name>
  </wpt>
  <wpt lat="49.989991347538876" lon="3.4518879682845">
    <name>44.1</name>
  </wpt>
  <wpt lat="49.990650292119156" lon="3.4526507282869572">
    <name>44.2</name>
  </wpt>
  <wpt lat="49.991417213966123" lon="3.4533572765445539">
    <name>44.3</name>
  </wpt>
  <wpt lat="49.992256946114694" lon="3.4538579768056419">
    <name>44.4</name>
  </wpt>
  <wpt lat="49.993099657972721" lon="3.45434590071191">
    <name>44.5</name>
  </wpt>
  <wpt lat="49.993947423872676" lon="3.4548127424786932">
    <name>44.6</name>
  </wpt>
  <wpt lat="49.994742368620187" lon="3.4554579332338911">
    <name>44.7</name>
  </wpt>
  <wpt lat="49.995532890090608" lon="3.4561234200506679">
    <name>44.8</name>
  </wpt>
  <wpt lat="49.996343495310846" lon="3.4567291948965093">
    <name>44.9</name>
  </wpt>
  <wpt lat="49.997044514065337" lon="3.4575577719891917">
    <name>45.0</name>
  </wpt>
  <wpt lat="49.997556400083738" lon="3.4587080513583444">
    <name>45.1</name>
  </wpt>
  <wpt lat="49.99806828610204" lon="3.4598583429739049">
    <name>45.2</name>
  </wpt>
  <wpt lat="49.998580172120228" lon="3.46100864683628">
    <name>45.3</name>
  </wpt>
  <wpt lat="49.999076669823054" lon="3.4621750197510544">
    <name>45.4</name>
  </wpt>
  <wpt lat="49.9997776560747" lon="3.4629819724129614">
    <name>45.5</name>
  </wpt>
  <wpt lat="50.00062856805345" lon="3.4634348159913837">
    <name>45.6</name>
  </wpt>
  <wpt lat="50.001479480032152" lon="3.4638876675851091">
    <name>45.7</name>
  </wpt>
  <wpt lat="50.00233039201084" lon="3.4643405271944432">
    <name>45.8</name>
  </wpt>
  <wpt lat="50.0031813039895" lon="3.4647933948197931">
    <name>45.9</name>
  </wpt>
  <wpt lat="50.004032215968131" lon="3.4652462704615652">
    <name>46.0</name>
  </wpt>
  <wpt lat="50.004883127946748" lon="3.4656991541200659">
    <name>46.1</name>
  </wpt>
  <wpt lat="50.005734039925322" lon="3.4661520457957011">
    <name>46.2</name>
  </wpt>
  <wpt lat="50.006584951903875" lon="3.466604945488879">
    <name>46.3</name>
  </wpt>
  <wpt lat="50.007435863882407" lon="3.4670578532000063">
    <name>46.4</name>
  </wpt>
  <wpt lat="50.008286557345585" lon="3.4675117554507353">
    <name>46.5</name>
  </wpt>
  <wpt lat="50.009135958725267" lon="3.4679714930131302">
    <name>46.6</name>
  </wpt>
  <wpt lat="50.00998536010492" lon="3.46843123870085">
    <name>46.7</name>
  </wpt>
  <wpt lat="50.01084015739039" lon="3.4688657581658706">
    <name>46.8</name>
  </wpt>
  <wpt lat="50.011697243465328" lon="3.4692895825704975">
    <name>46.9</name>
  </wpt>
  <wpt lat="50.012573207082909" lon="3.4695616476419557">
    <name>47.0</name>
  </wpt>
  <wpt lat="50.013471194567913" lon="3.4696339028990049">
    <name>47.1</name>
  </wpt>
  <wpt lat="50.014368666965773" lon="3.4697235960664674">
    <name>47.2</name>
  </wpt>
  <wpt lat="50.015266206671775" lon="3.4698116517616353">
    <name>47.3</name>
  </wpt>
  <wpt lat="50.016126528472995" lon="3.4695989750023721">
    <name>47.4</name>
  </wpt>
  <wpt lat="50.017024092496278" lon="3.4696710955631849">
    <name>47.5</name>
  </wpt>
  <wpt lat="50.0179233064474" lon="3.4696926095350777">
    <name>47.6</name>
  </wpt>
  <wpt lat="50.018822292617671" lon="3.4697246774997392">
    <name>47.7</name>
  </wpt>
  <wpt lat="50.019720652504837" lon="3.4697893898340157">
    <name>47.8</name>
  </wpt>
  <wpt lat="50.02061765414048" lon="3.4697067248694249">
    <name>47.9</name>
  </wpt>
  <wpt lat="50.0215112443961" lon="3.4695644270371937">
    <name>48.0</name>
  </wpt>
  <wpt lat="50.022377407613241" lon="3.4692170530136597">
    <name>48.1</name>
  </wpt>
  <wpt lat="50.023010873734385" lon="3.4682282529390345">
    <name>48.2</name>
  </wpt>
  <wpt lat="50.023632973646187" lon="3.4672174147317114">
    <name>48.3</name>
  </wpt>
  <wpt lat="50.024240544483028" lon="3.4661863221939253">
    <name>48.4</name>
  </wpt>
  <wpt lat="50.024817275079918" lon="3.4651122557077909">
    <name>48.5</name>
  </wpt>
  <wpt lat="50.025394005676709" lon="3.4640381763256016">
    <name>48.6</name>
  </wpt>
  <wpt lat="50.026067241943039" lon="3.4631144352574692">
    <name>48.7</name>
  </wpt>
  <wpt lat="50.026681454158542" lon="3.4621012902801431">
    <name>48.8</name>
  </wpt>
  <wpt lat="50.027254378878709" lon="3.4610319068711175">
    <name>48.9</name>
  </wpt>
  <wpt lat="50.027997518454747" lon="3.4613314694582007">
    <name>49.0</name>
  </wpt>
  <wpt lat="50.028857342857414" lon="3.4617417902681238">
    <name>49.1</name>
  </wpt>
  <wpt lat="50.02971716726006" lon="3.4621521184240596">
    <name>49.2</name>
  </wpt>
  <wpt lat="50.030542616827326" lon="3.4626930597955736">
    <name>49.3</name>
  </wpt>
  <wpt lat="50.031372496770452" lon="3.4632298423967338">
    <name>49.4</name>
  </wpt>
  <wpt lat="50.032251219681669" lon="3.4635216563057205">
    <name>49.5</name>
  </wpt>
  <wpt lat="50.03308686236285" lon="3.4640140513400888">
    <name>49.6</name>
  </wpt>
  <wpt lat="50.033984215601" lon="3.4640620000000197">
    <name>49.7</name>
  </wpt>
  <wpt lat="50.034877197937504" lon="3.4641675746143794">
    <name>49.8</name>
  </wpt>
  <wpt lat="50.035758377627332" lon="3.4644473854088176">
    <name>49.9</name>
  </wpt>
  <wpt lat="50.036651502438211" lon="3.4645760436165149">
    <name>50.0</name>
  </wpt>
  <wpt lat="50.037550472585217" lon="3.4646151846346522">
    <name>50.1</name>
  </wpt>
  <wpt lat="50.03842730875251" lon="3.4649036050217639">
    <name>50.2</name>
  </wpt>
  <wpt lat="50.0391462257416" lon="3.4645675518416628">
    <name>50.3</name>
  </wpt>
  <wpt lat="50.03970461458794" lon="3.4634699418310841">
    <name>50.4</name>
  </wpt>
  <wpt lat="50.04021833704315" lon="3.4623213988598573">
    <name>50.5</name>
  </wpt>
  <wpt lat="50.040707074491969" lon="3.4611459510686071">
    <name>50.6</name>
  </wpt>
  <wpt lat="50.041212324911413" lon="3.4599878689727923">
    <name>50.7</name>
  </wpt>
  <wpt lat="50.041767121726387" lon="3.4588864566002373">
    <name>50.8</name>
  </wpt>
  <wpt lat="50.042332660685744" lon="3.4577976702738646">
    <name>50.9</name>
  </wpt>
  <wpt lat="50.04302528676579" lon="3.4569259173623665">
    <name>51.0</name>
  </wpt>
  <wpt lat="50.04381708779507" lon="3.4562619321808206">
    <name>51.1</name>
  </wpt>
  <wpt lat="50.044608888824314" lon="3.4555979360465638">
    <name>51.2</name>
  </wpt>
  <wpt lat="50.045393184391195" lon="3.4549138166109268">
    <name>51.3</name>
  </wpt>
  <wpt lat="50.046144557383954" lon="3.4541443645001548">
    <name>51.4</name>
  </wpt>
  <wpt lat="50.046886765323833" lon="3.45335360098483">
    <name>51.5</name>
  </wpt>
  <wpt lat="50.047637823711256" lon="3.4525832857552805">
    <name>51.6</name>
  </wpt>
  <wpt lat="50.048381039759619" lon="3.4517960224540203">
    <name>51.7</name>
  </wpt>
  <wpt lat="50.049238437745622" lon="3.4515337523008935">
    <name>51.8</name>
  </wpt>
  <wpt lat="50.050133176505994" lon="3.4515761373062879">
    <name>51.9</name>
  </wpt>
  <wpt lat="50.051016537275579" lon="3.4513293028451675">
    <name>52.0</name>
  </wpt>
  <wpt lat="50.051869022469077" lon="3.4508852755869235">
    <name>52.1</name>
  </wpt>
  <wpt lat="50.05271363455482" lon="3.45040421282166">
    <name>52.2</name>
  </wpt>
  <wpt lat="50.053563750942828" lon="3.4499519838685857">
    <name>52.3</name>
  </wpt>
  <wpt lat="50.054445653003327" lon="3.4497286689740378">
    <name>52.4</name>
  </wpt>
  <wpt lat="50.055272294653811" lon="3.449178090645499">
    <name>52.5</name>
  </wpt>
  <wpt lat="50.05609637632972" lon="3.4486172316825354">
    <name>52.6</name>
  </wpt>
  <wpt lat="50.0569147143285" lon="3.4480369609685262">
    <name>52.7</name>
  </wpt>
  <wpt lat="50.057713094103015" lon="3.4473944314324871">
    <name>52.8</name>
  </wpt>
  <wpt lat="50.05842571697584" lon="3.4465416710825609">
    <name>52.9</name>
  </wpt>
  <wpt lat="50.05913187773416" lon="3.4456742572443648">
    <name>53.0</name>
  </wpt>
  <wpt lat="50.059801988963393" lon="3.4447411674793416">
    <name>53.1</name>
  </wpt>
  <wpt lat="50.060532704713509" lon="3.4439432913507506">
    <name>53.2</name>
  </wpt>
  <wpt lat="50.061074450481911" lon="3.4432398740142873">
    <name>53.3</name>
  </wpt>
  <wpt lat="50.061415302756004" lon="3.4419551858177853">
    <name>53.4</name>
  </wpt>
  <wpt lat="50.061978141707293" lon="3.4408635114906643">
    <name>53.5</name>
  </wpt>
  <wpt lat="50.0627037212723" lon="3.440082564663117">
    <name>53.6</name>
  </wpt>
  <wpt lat="50.063586642517592" lon="3.44015650647763">
    <name>53.7</name>
  </wpt>
  <wpt lat="50.0644267098527" lon="3.4406565906126572">
    <name>53.8</name>
  </wpt>
  <wpt lat="50.06527859395549" lon="3.4411055928510748">
    <name>53.9</name>
  </wpt>
  <wpt lat="50.066129114070755" lon="3.4415605777327967">
    <name>54.0</name>
  </wpt>
  <wpt lat="50.066936636114768" lon="3.44217440413368">
    <name>54.1</name>
  </wpt>
  <wpt lat="50.06773747973093" lon="3.4428118695956442">
    <name>54.2</name>
  </wpt>
  <wpt lat="50.068547838815768" lon="3.4434152568918055">
    <name>54.3</name>
  </wpt>
  <wpt lat="50.069411539562118" lon="3.443801328511841">
    <name>54.4</name>
  </wpt>
  <wpt lat="50.070286596026655" lon="3.4441246084459234">
    <name>54.5</name>
  </wpt>
  <wpt lat="50.071178599597765" lon="3.4442466969817">
    <name>54.6</name>
  </wpt>
  <wpt lat="50.072073946893" lon="3.4443302722964582">
    <name>54.7</name>
  </wpt>
  <wpt lat="50.072947250066093" lon="3.4446449592450445">
    <name>54.8</name>
  </wpt>
  <wpt lat="50.073779916366448" lon="3.4451742303622734">
    <name>54.9</name>
  </wpt>
  <wpt lat="50.074655332050924" lon="3.4454597996100955">
    <name>55.0</name>
  </wpt>
  <wpt lat="50.075547513420851" lon="3.4453532764382011">
    <name>55.1</name>
  </wpt>
  <wpt lat="50.07642700775785" lon="3.44506064781624">
    <name>55.2</name>
  </wpt>
  <wpt lat="50.077322712169575" lon="3.4450036264143167">
    <name>55.3</name>
  </wpt>
  <wpt lat="50.078220528868393" lon="3.4449803441110167">
    <name>55.4</name>
  </wpt>
  <wpt lat="50.079109667387726" lon="3.4447735838742264">
    <name>55.5</name>
  </wpt>
  <wpt lat="50.079938419933853" lon="3.4442605685929406">
    <name>55.6</name>
  </wpt>
  <wpt lat="50.080758650774712" lon="3.4436968262766046">
    <name>55.7</name>
  </wpt>
  <wpt lat="50.081635613659962" lon="3.4434581918421769">
    <name>55.8</name>
  </wpt>
  <wpt lat="50.082531589735211" lon="3.4435364192103655">
    <name>55.9</name>
  </wpt>
  <wpt lat="50.08258372070366" lon="3.4448892740940531">
    <name>56.0</name>
  </wpt>
  <wpt lat="50.082734995928725" lon="3.446270599060373">
    <name>56.1</name>
  </wpt>
  <wpt lat="50.083019531106963" lon="3.4475993826771503">
    <name>56.2</name>
  </wpt>
  <wpt lat="50.083686306909485" lon="3.4479889684221314">
    <name>56.3</name>
  </wpt>
  <wpt lat="50.084571701814347" lon="3.4479311493752607">
    <name>56.4</name>
  </wpt>
  <wpt lat="50.085467236500477" lon="3.4478086343530547">
    <name>56.5</name>
  </wpt>
  <wpt lat="50.086364232948888" lon="3.4478823188435954">
    <name>56.6</name>
  </wpt>
  <wpt lat="50.0872619864119" lon="3.447960411586283">
    <name>56.7</name>
  </wpt>
  <wpt lat="50.088161063385485" lon="3.4479907985197071">
    <name>56.8</name>
  </wpt>
  <wpt lat="50.089060364043888" lon="3.4480003654046851">
    <name>56.9</name>
  </wpt>
  <wpt lat="50.08995966246011" lon="3.4480103902894355">
    <name>57.0</name>
  </wpt>
  <wpt lat="50.090848124613672" lon="3.448201751703718">
    <name>57.1</name>
  </wpt>
  <wpt lat="50.0917384866762" lon="3.4483844564773412">
    <name>57.2</name>
  </wpt>
  <wpt lat="50.09242072305166" lon="3.4490204459260121">
    <name>57.3</name>
  </wpt>
  <wpt lat="50.092998118456435" lon="3.4500810507848874">
    <name>57.4</name>
  </wpt>
  <wpt lat="50.093586547766819" lon="3.4511356773488111">
    <name>57.5</name>
  </wpt>
  <wpt lat="50.094127266490339" lon="3.45224380862878">
    <name>57.6</name>
  </wpt>
  <wpt lat="50.094807690608192" lon="3.4531542926648124">
    <name>57.7</name>
  </wpt>
  <wpt lat="50.095129820812907" lon="3.4544594600326679">
    <name>57.8</name>
  </wpt>
  <wpt lat="50.095514958402447" lon="3.4557224224333534">
    <name>57.9</name>
  </wpt>
  <wpt lat="50.095822055904847" lon="3.457028962598836">
    <name>58.0</name>
  </wpt>
  <wpt lat="50.095989460696451" lon="3.4584063550865349">
    <name>58.1</name>
  </wpt>
  <wpt lat="50.096185873431629" lon="3.4597723136950069">
    <name>58.2</name>
  </wpt>
  <wpt lat="50.096547831048809" lon="3.4610538720626542">
    <name>58.3</name>
  </wpt>
  <wpt lat="50.096844431849718" lon="3.462372792465787">
    <name>58.4</name>
  </wpt>
  <wpt lat="50.097089661173349" lon="3.4637214295461938">
    <name>58.5</name>
  </wpt>
  <wpt lat="50.097219377950722" lon="3.4651012098031071">
    <name>58.6</name>
  </wpt>
  <wpt lat="50.0975485491321" lon="3.4662611483693513">
    <name>58.7</name>
  </wpt>
  <wpt lat="50.098435671944472" lon="3.4664887765411212">
    <name>58.8</name>
  </wpt>
  <wpt lat="50.099316556021165" lon="3.4667676123195759">
    <name>58.9</name>
  </wpt>
  <wpt lat="50.100191891231425" lon="3.4670863682564956">
    <name>59.0</name>
  </wpt>
  <wpt lat="50.101062931079966" lon="3.4674203824227856">
    <name>59.1</name>
  </wpt>
  <wpt lat="50.101891402438312" lon="3.4679541320626752">
    <name>59.2</name>
  </wpt>
  <wpt lat="50.102674029232688" lon="3.4685928040547758">
    <name>59.3</name>
  </wpt>
  <wpt lat="50.10354966736773" lon="3.46889104185473">
    <name>59.4</name>
  </wpt>
  <wpt lat="50.104144984223886" lon="3.469891875863631">
    <name>59.5</name>
  </wpt>
  <wpt lat="50.104917500491048" lon="3.4704635971759208">
    <name>59.6</name>
  </wpt>
  <wpt lat="50.105771816865946" lon="3.4701146056177432">
    <name>59.7</name>
  </wpt>
  <wpt lat="50.106613317178365" lon="3.4706007616017507">
    <name>59.8</name>
  </wpt>
  <wpt lat="50.107490238581953" lon="3.4708210000000026">
    <name>59.9</name>
  </wpt>
  <wpt lat="50.108373485803035" lon="3.4709622991897664">
    <name>60.0</name>
  </wpt>
  <wpt lat="50.109131988773996" lon="3.4715219852000909">
    <name>60.1</name>
  </wpt>
  <wpt lat="50.10985901597536" lon="3.4707056751139529">
    <name>60.2</name>
  </wpt>
  <wpt lat="50.11074606111783" lon="3.4705422652785076">
    <name>60.3</name>
  </wpt>
  <wpt lat="50.111596244458234" lon="3.4709836872421254">
    <name>60.4</name>
  </wpt>
  <wpt lat="50.11248639384258" lon="3.4709189360193853">
    <name>60.5</name>
  </wpt>
  <wpt lat="50.113375825349962" lon="3.4707115530609287">
    <name>60.6</name>
  </wpt>
  <wpt lat="50.114247454649266" lon="3.4704052981608555">
    <name>60.7</name>
  </wpt>
  <wpt lat="50.114982689304519" lon="3.4695981641233655">
    <name>60.8</name>
  </wpt>
  <wpt lat="50.115736659113459" lon="3.4688389548298666">
    <name>60.9</name>
  </wpt>
  <wpt lat="50.116535702884669" lon="3.4681954536990016">
    <name>61.0</name>
  </wpt>
  <wpt lat="50.117411870515021" lon="3.46788882622458">
    <name>61.1</name>
  </wpt>
  <wpt lat="50.118255553076118" lon="3.4674437854830451">
    <name>61.2</name>
  </wpt>
  <wpt lat="50.118828425656019" lon="3.4663661913540471">
    <name>61.3</name>
  </wpt>
  <wpt lat="50.1195150766541" lon="3.4654629788584583">
    <name>61.4</name>
  </wpt>
  <wpt lat="50.120211698724937" lon="3.4645761605396079">
    <name>61.5</name>
  </wpt>
  <wpt lat="50.1210156088608" lon="3.4641463674089703">
    <name>61.6</name>
  </wpt>
  <wpt lat="50.12184944619495" lon="3.4637626143683122">
    <name>61.7</name>
  </wpt>
  <wpt lat="50.122700550985627" lon="3.463521540893518">
    <name>61.8</name>
  </wpt>
  <wpt lat="50.12358228986303" lon="3.4632548497351867">
    <name>61.9</name>
  </wpt>
  <wpt lat="50.124470472837139" lon="3.463310294599053">
    <name>62.0</name>
  </wpt>
  <wpt lat="50.125353302199152" lon="3.4635771107243802">
    <name>62.1</name>
  </wpt>
  <wpt lat="50.126235450069885" lon="3.4638499412487893">
    <name>62.2</name>
  </wpt>
  <wpt lat="50.127117597940611" lon="3.4641227768018337">
    <name>62.3</name>
  </wpt>
  <wpt lat="50.12799974581133" lon="3.464395617383818">
    <name>62.4</name>
  </wpt>
  <wpt lat="50.128881206706886" lon="3.4646738010910583">
    <name>62.5</name>
  </wpt>
  <wpt lat="50.129762514045289" lon="3.4649420000000384">
    <name>62.6</name>
  </wpt>
  <wpt lat="50.130654917219942" lon="3.4647920000000054">
    <name>62.7</name>
  </wpt>
  <wpt lat="50.131515113891965" lon="3.4651792044829328">
    <name>62.8</name>
  </wpt>
  <wpt lat="50.132393874588551" lon="3.4654181128208261">
    <name>62.9</name>
  </wpt>
  <wpt lat="50.133293155426934" lon="3.4654314713977064">
    <name>63.0</name>
  </wpt>
  <wpt lat="50.134191913734313" lon="3.4654417015109789">
    <name>63.1</name>
  </wpt>
  <wpt lat="50.135090935901381" lon="3.4654054987155152">
    <name>63.2</name>
  </wpt>
  <wpt lat="50.13598995806845" lon="3.4653692952398703">
    <name>63.3</name>
  </wpt>
  <wpt lat="50.136888980235526" lon="3.4653330910839433">
    <name>63.4</name>
  </wpt>
  <wpt lat="50.137788002402594" lon="3.4652968862476317">
    <name>63.5</name>
  </wpt>
  <wpt lat="50.138673775575718" lon="3.4650912946113621">
    <name>63.6</name>
  </wpt>
  <wpt lat="50.139548236790588" lon="3.4647636685803973">
    <name>63.7</name>
  </wpt>
  <wpt lat="50.140422812565134" lon="3.4644367681791919">
    <name>63.8</name>
  </wpt>
  <wpt lat="50.141310525500927" lon="3.4642250310699763">
    <name>63.9</name>
  </wpt>
  <wpt lat="50.142206268790545" lon="3.4641859484373572">
    <name>64.0</name>
  </wpt>
  <wpt lat="50.143102917179107" lon="3.4642940647160136">
    <name>64.1</name>
  </wpt>
  <wpt lat="50.144000118060305" lon="3.4642619126208465">
    <name>64.2</name>
  </wpt>
  <wpt lat="50.144886598500243" lon="3.4640396008532965">
    <name>64.3</name>
  </wpt>
  <wpt lat="50.145714363949153" lon="3.4634997061386152">
    <name>64.4</name>
  </wpt>
  <wpt lat="50.14647297116138" lon="3.4627512143263344">
    <name>64.5</name>
  </wpt>
  <wpt lat="50.147285189437092" lon="3.4622380000000335">
    <name>64.6</name>
  </wpt>
  <wpt lat="50.148180286413741" lon="3.4623669712882008">
    <name>64.7</name>
  </wpt>
  <wpt lat="50.1490788583496" lon="3.4623992029095505">
    <name>64.8</name>
  </wpt>
  <wpt lat="50.149977207612729" lon="3.4624307393003222">
    <name>64.9</name>
  </wpt>
  <wpt lat="50.150753967736215" lon="3.4628766251578811">
    <name>65.0</name>
  </wpt>
  <wpt lat="50.151371167286072" lon="3.4638620874315063">
    <name>65.1</name>
  </wpt>
  <wpt lat="50.152142093721437" lon="3.4645796060878258">
    <name>65.2</name>
  </wpt>
  <wpt lat="50.152613826398905" lon="3.4657335558986051">
    <name>65.3</name>
  </wpt>
  <wpt lat="50.153242045159281" lon="3.4667192043918242">
    <name>65.4</name>
  </wpt>
  <wpt lat="50.153720087974726" lon="3.4678934760082534">
    <name>65.5</name>
  </wpt>
  <wpt lat="50.154220998514489" lon="3.4690580320765081">
    <name>65.6</name>
  </wpt>
  <wpt lat="50.154729338702914" lon="3.4702158998802881">
    <name>65.7</name>
  </wpt>
  <wpt lat="50.155235154235427" lon="3.4713764629459507">
    <name>65.8</name>
  </wpt>
  <wpt lat="50.155739083549847" lon="3.4725390425950335">
    <name>65.9</name>
  </wpt>
  <wpt lat="50.156281508790862" lon="3.4736573449994177">
    <name>66.0</name>
  </wpt>
  <wpt lat="50.156959876039409" lon="3.474578419064565">
    <name>66.1</name>
  </wpt>
  <wpt lat="50.157426368708215" lon="3.4757752304895546">
    <name>66.2</name>
  </wpt>
  <wpt lat="50.157865674402352" lon="3.4770000633407032">
    <name>66.3</name>
  </wpt>
  <wpt lat="50.158481025432032" lon="3.4780175140690925">
    <name>66.4</name>
  </wpt>
  <wpt lat="50.159078755155171" lon="3.4790601162714463">
    <name>66.5</name>
  </wpt>
  <wpt lat="50.159615873551473" lon="3.4801860061313561">
    <name>66.6</name>
  </wpt>
  <wpt lat="50.160152991947669" lon="3.4813119086413242">
    <name>66.7</name>
  </wpt>
  <wpt lat="50.160607568887038" lon="3.4825220009109468">
    <name>66.8</name>
  </wpt>
  <wpt lat="50.161139842113471" lon="3.4836532423635123">
    <name>66.9</name>
  </wpt>
  <wpt lat="50.161532638820759" lon="3.4849155945684207">
    <name>67.0</name>
  </wpt>
  <wpt lat="50.161915622471668" lon="3.4861857477140972">
    <name>67.1</name>
  </wpt>
  <wpt lat="50.162570494487056" lon="3.486247381230934">
    <name>67.2</name>
  </wpt>
  <wpt lat="50.163446386904759" lon="3.4862519933696641">
    <name>67.3</name>
  </wpt>
  <wpt lat="50.16399426875406" lon="3.4872296416645883">
    <name>67.4</name>
  </wpt>
  <wpt lat="50.1645746685279" lon="3.4882469925157236">
    <name>67.5</name>
  </wpt>
  <wpt lat="50.165422783479976" lon="3.4887119150555095">
    <name>67.6</name>
  </wpt>
  <wpt lat="50.166300926128947" lon="3.4889530000000448">
    <name>67.7</name>
  </wpt>
  <wpt lat="50.167152654512243" lon="3.4885370250774552">
    <name>67.8</name>
  </wpt>
  <wpt lat="50.16798230596175" lon="3.4879963824047064">
    <name>67.9</name>
  </wpt>
  <wpt lat="50.168870615356525" lon="3.4878370000000087">
    <name>68.0</name>
  </wpt>
  <wpt lat="50.169751858296031" lon="3.4880690495327982">
    <name>68.1</name>
  </wpt>
  <wpt lat="50.170601788484809" lon="3.4885279582660522">
    <name>68.2</name>
  </wpt>
  <wpt lat="50.17147677472834" lon="3.4888095859177986">
    <name>68.3</name>
  </wpt>
  <wpt lat="50.172373585339933" lon="3.4889037847289437">
    <name>68.4</name>
  </wpt>
  <wpt lat="50.173193582376605" lon="3.489456029332473">
    <name>68.5</name>
  </wpt>
  <wpt lat="50.173947114450357" lon="3.4902221365987161">
    <name>68.6</name>
  </wpt>
  <wpt lat="50.174736983096324" lon="3.4908926577536716">
    <name>68.7</name>
  </wpt>
  <wpt lat="50.175560120514618" lon="3.4914580649560367">
    <name>68.8</name>
  </wpt>
  <wpt lat="50.176433383177667" lon="3.4917743200488656">
    <name>68.9</name>
  </wpt>
  <wpt lat="50.177330361839587" lon="3.4918756191939946">
    <name>69.0</name>
  </wpt>
  <wpt lat="50.1782052585519" lon="3.492120172636918">
    <name>69.1</name>
  </wpt>
  <wpt lat="50.179004307752031" lon="3.4927638150142322">
    <name>69.2</name>
  </wpt>
  <wpt lat="50.179606286471682" lon="3.4921614760764239">
    <name>69.3</name>
  </wpt>
  <wpt lat="50.18042354019547" lon="3.4919144049287034">
    <name>69.4</name>
  </wpt>
  <wpt lat="50.181319215488514" lon="3.4918464572562433">
    <name>69.5</name>
  </wpt>
  <wpt lat="50.182215721966131" lon="3.4917639999999897">
    <name>69.6</name>
  </wpt>
  <wpt lat="50.182910740289444" lon="3.4925733960234409">
    <name>69.7</name>
  </wpt>
  <wpt lat="50.183770261020484" lon="3.4929124380242094">
    <name>69.8</name>
  </wpt>
  <wpt lat="50.184310046860659" lon="3.4938241693723153">
    <name>69.9</name>
  </wpt>
  <wpt lat="50.185139628624512" lon="3.4938640206088221">
    <name>70.0</name>
  </wpt>
  <wpt lat="50.185934394762945" lon="3.49438455164789">
    <name>70.1</name>
  </wpt>
  <wpt lat="50.186494855431178" lon="3.495478958045326">
    <name>70.2</name>
  </wpt>
  <wpt lat="50.186774988873815" lon="3.496720143830732">
    <name>70.3</name>
  </wpt>
  <wpt lat="50.186980488485617" lon="3.4978952108434309">
    <name>70.4</name>
  </wpt>
  <wpt lat="50.187603966416106" lon="3.4988333729066805">
    <name>70.5</name>
  </wpt>
  <wpt lat="50.1884857417089" lon="3.4988204626623149">
    <name>70.6</name>
  </wpt>
  <wpt lat="50.1893838847673" lon="3.4987589999999895">
    <name>70.7</name>
  </wpt>
  <wpt lat="50.190282356202971" lon="3.4987070142177288">
    <name>70.8</name>
  </wpt>
  <wpt lat="50.191181089875364" lon="3.4986859429031214">
    <name>70.9</name>
  </wpt>
  <wpt lat="50.192052635218651" lon="3.4989973200963811">
    <name>71.0</name>
  </wpt>
  <wpt lat="50.192892855669257" lon="3.4994981526763809">
    <name>71.1</name>
  </wpt>
  <wpt lat="50.193678579325827" lon="3.5001719470206654">
    <name>71.2</name>
  </wpt>
  <wpt lat="50.194316644684534" lon="3.5008723593275404">
    <name>71.3</name>
  </wpt>
  <wpt lat="50.194762849515385" lon="3.5017580178358036">
    <name>71.4</name>
  </wpt>
  <wpt lat="50.195472290483544" lon="3.50259362809404">
    <name>71.5</name>
  </wpt>
  <wpt lat="50.196149544527344" lon="3.5035171239578942">
    <name>71.6</name>
  </wpt>
  <wpt lat="50.196882453693561" lon="3.5043288667289363">
    <name>71.7</name>
  </wpt>
  <wpt lat="50.197636454199248" lon="3.5050945757017971">
    <name>71.8</name>
  </wpt>
  <wpt lat="50.1983927480777" lon="3.5058547430382112">
    <name>71.9</name>
  </wpt>
  <wpt lat="50.199117632890683" lon="3.5066772856022088">
    <name>72.0</name>
  </wpt>
  <wpt lat="50.199701735054987" lon="3.5077455434785789">
    <name>72.1</name>
  </wpt>
  <wpt lat="50.200314914474589" lon="3.5087711424656303">
    <name>72.2</name>
  </wpt>
  <wpt lat="50.2009760535756" lon="3.50972206472353">
    <name>72.3</name>
  </wpt>
  <wpt lat="50.2017379236115" lon="3.5104655208704503">
    <name>72.4</name>
  </wpt>
  <wpt lat="50.202505799745879" lon="3.5111966525973868">
    <name>72.5</name>
  </wpt>
  <wpt lat="50.203206520479931" lon="3.51207523104559">
    <name>72.6</name>
  </wpt>
  <wpt lat="50.203900983354181" lon="3.5129679607000139">
    <name>72.7</name>
  </wpt>
  <wpt lat="50.204577041107115" lon="3.5138945260214185">
    <name>72.8</name>
  </wpt>
  <wpt lat="50.205252726146028" lon="3.5148217889843121">
    <name>72.9</name>
  </wpt>
  <wpt lat="50.205929568260963" lon="3.5157436271889684">
    <name>73.0</name>
  </wpt>
  <wpt lat="50.206592448605363" lon="3.5166930677443005">
    <name>73.1</name>
  </wpt>
  <wpt lat="50.207262058734862" lon="3.5176284168611751">
    <name>73.2</name>
  </wpt>
  <wpt lat="50.207973794524833" lon="3.5184871896091305">
    <name>73.3</name>
  </wpt>
  <wpt lat="50.208744376775279" lon="3.5192049744996576">
    <name>73.4</name>
  </wpt>
  <wpt lat="50.209517809191681" lon="3.51991997078864">
    <name>73.5</name>
  </wpt>
  <wpt lat="50.21032316177736" lon="3.5204938845663776">
    <name>73.6</name>
  </wpt>
  <wpt lat="50.210833374959087" lon="3.5215528656024744">
    <name>73.7</name>
  </wpt>
  <wpt lat="50.211156787325443" lon="3.5228618428384153">
    <name>73.8</name>
  </wpt>
  <wpt lat="50.211848060512963" lon="3.5237320673487629">
    <name>73.9</name>
  </wpt>
  <wpt lat="50.212661312362826" lon="3.5242299999999678">
    <name>74.0</name>
  </wpt>
  <wpt lat="50.213363615884347" lon="3.5248629237442448">
    <name>74.1</name>
  </wpt>
  <wpt lat="50.214040854109378" lon="3.5257863761887949">
    <name>74.2</name>
  </wpt>
  <wpt lat="50.214737903650814" lon="3.5266714109282007">
    <name>74.3</name>
  </wpt>
  <wpt lat="50.215430454024059" lon="3.5275656146681449">
    <name>74.4</name>
  </wpt>
  <wpt lat="50.216103263992864" lon="3.5284950379819424">
    <name>74.5</name>
  </wpt>
  <wpt lat="50.216826849356309" lon="3.529325750510437">
    <name>74.6</name>
  </wpt>
  <wpt lat="50.217485478394067" lon="3.5302767876844747">
    <name>74.7</name>
  </wpt>
  <wpt lat="50.218128574366332" lon="3.5312590304472722">
    <name>74.8</name>
  </wpt>
  <wpt lat="50.218777322927231" lon="3.5322323961091353">
    <name>74.9</name>
  </wpt>
  <wpt lat="50.219458828396114" lon="3.5331484378477414">
    <name>75.0</name>
  </wpt>
  <wpt lat="50.220239818542659" lon="3.5338410148159207">
    <name>75.1</name>
  </wpt>
  <wpt lat="50.221042596316387" lon="3.5344745754292766">
    <name>75.2</name>
  </wpt>
  <wpt lat="50.221845374090073" lon="3.5351081467051748">
    <name>75.3</name>
  </wpt>
  <wpt lat="50.222591270276709" lon="3.5358878578032615">
    <name>75.4</name>
  </wpt>
  <wpt lat="50.223275454382843" lon="3.5368000205168189">
    <name>75.5</name>
  </wpt>
  <wpt lat="50.223940813873668" lon="3.5377457047484238">
    <name>75.6</name>
  </wpt>
  <wpt lat="50.224633017398709" lon="3.538641442586834">
    <name>75.7</name>
  </wpt>
  <wpt lat="50.225313262562821" lon="3.5395568755170972">
    <name>75.8</name>
  </wpt>
  <wpt lat="50.225791359160375" lon="3.5407393643752139">
    <name>75.9</name>
  </wpt>
  <wpt lat="50.226421594082687" lon="3.5417203349177675">
    <name>76.0</name>
  </wpt>
  <wpt lat="50.227198709294235" lon="3.5423095590895342">
    <name>76.1</name>
  </wpt>
  <wpt lat="50.227832739940986" lon="3.5433054436016795">
    <name>76.2</name>
  </wpt>
  <wpt lat="50.228334069088696" lon="3.544451156179993">
    <name>76.3</name>
  </wpt>
  <wpt lat="50.228683229601792" lon="3.5457340156143453">
    <name>76.4</name>
  </wpt>
  <wpt lat="50.228958306408977" lon="3.5470718615020167">
    <name>76.5</name>
  </wpt>
  <wpt lat="50.229556574382961" lon="3.5480935314308915">
    <name>76.6</name>
  </wpt>
  <wpt lat="50.230380345547083" lon="3.548351302504186">
    <name>76.7</name>
  </wpt>
  <wpt lat="50.231206752846632" lon="3.547851684665039">
    <name>76.8</name>
  </wpt>
  <wpt lat="50.232063596252772" lon="3.5474266592046977">
    <name>76.9</name>
  </wpt>
  <wpt lat="50.232832300051" lon="3.5467021314553993">
    <name>77.0</name>
  </wpt>
  <wpt lat="50.233723088131015" lon="3.5465488362743081">
    <name>77.1</name>
  </wpt>
  <wpt lat="50.234616819529045" lon="3.546696663148905">
    <name>77.2</name>
  </wpt>
  <wpt lat="50.235486704553971" lon="3.5470108521791626">
    <name>77.3</name>
  </wpt>
  <wpt lat="50.23637796495094" lon="3.5471613245252547">
    <name>77.4</name>
  </wpt>
  <wpt lat="50.237276369218144" lon="3.5472230889384555">
    <name>77.5</name>
  </wpt>
  <wpt lat="50.238138893712652" lon="3.5475750685887757">
    <name>77.6</name>
  </wpt>
  <wpt lat="50.238960866703692" lon="3.5481440269889379">
    <name>77.7</name>
  </wpt>
  <wpt lat="50.239199506870328" lon="3.5492044287341304">
    <name>77.8</name>
  </wpt>
  <wpt lat="50.239101487319" lon="3.5506017454236418">
    <name>77.9</name>
  </wpt>
  <wpt lat="50.238993740336127" lon="3.5519977168723607">
    <name>78.0</name>
  </wpt>
  <wpt lat="50.238885993353286" lon="3.5533936851658674">
    <name>78.1</name>
  </wpt>
  <wpt lat="50.238772707321381" lon="3.5547884984680653">
    <name>78.2</name>
  </wpt>
  <wpt lat="50.238643026707038" lon="3.5561798928176906">
    <name>78.3</name>
  </wpt>
  <wpt lat="50.2384783879144" lon="3.5575606896833882">
    <name>78.4</name>
  </wpt>
  <wpt lat="50.238244275706279" lon="3.5589174095598231">
    <name>78.5</name>
  </wpt>
  <wpt lat="50.237973701629954" lon="3.5602567538857839">
    <name>78.6</name>
  </wpt>
  <wpt lat="50.237786240928379" lon="3.5616318244449054">
    <name>78.7</name>
  </wpt>
  <wpt lat="50.237605413992661" lon="3.5629926238005165">
    <name>78.8</name>
  </wpt>
  <wpt lat="50.237166492014147" lon="3.5641838156936623">
    <name>78.9</name>
  </wpt>
  <wpt lat="50.23657616645901" lon="3.5652445324382427">
    <name>79.0</name>
  </wpt>
  <wpt lat="50.236007024408146" lon="3.5663266926573396">
    <name>79.1</name>
  </wpt>
  <wpt lat="50.236084820859809" lon="3.5677084205838567">
    <name>79.2</name>
  </wpt>
  <wpt lat="50.236272630518364" lon="3.5690830157338165">
    <name>79.3</name>
  </wpt>
  <wpt lat="50.236480225041817" lon="3.57045039415401">
    <name>79.4</name>
  </wpt>
  <wpt lat="50.236597121910854" lon="3.5718432789988843">
    <name>79.5</name>
  </wpt>
  <wpt lat="50.236614529940617" lon="3.5732490432172028">
    <name>79.6</name>
  </wpt>
  <wpt lat="50.236652810632414" lon="3.5746537621146235">
    <name>79.7</name>
  </wpt>
  <wpt lat="50.2366617691189" lon="3.5760595367572225">
    <name>79.8</name>
  </wpt>
  <wpt lat="50.23667761659835" lon="3.5774653479768115">
    <name>79.9</name>
  </wpt>
  <wpt lat="50.236712766790639" lon="3.5788702153181995">
    <name>80.0</name>
  </wpt>
  <wpt lat="50.236702621131059" lon="3.5802706408622069">
    <name>80.1</name>
  </wpt>
  <wpt lat="50.236467767336251" lon="3.5816278355462967">
    <name>80.2</name>
  </wpt>
  <wpt lat="50.236337240400815" lon="3.5830163125202832">
    <name>80.3</name>
  </wpt>
  <wpt lat="50.2362730016065" lon="3.5844169217004596">
    <name>80.4</name>
  </wpt>
  <wpt lat="50.236247550021886" lon="3.585821642317415">
    <name>80.5</name>
  </wpt>
  <wpt lat="50.236149373857728" lon="3.5872184013809858">
    <name>80.6</name>
  </wpt>
  <wpt lat="50.23595749552269" lon="3.5885885971194171">
    <name>80.7</name>
  </wpt>
  <wpt lat="50.235769929479957" lon="3.5897687986565465">
    <name>80.8</name>
  </wpt>
  <wpt lat="50.236308859719841" lon="3.590743720163625">
    <name>80.9</name>
  </wpt>
  <wpt lat="50.236573000052282" lon="3.5920034028359646">
    <name>81.0</name>
  </wpt>
  <wpt lat="50.2371371285359" lon="3.5922557837259408">
    <name>81.1</name>
  </wpt>
  <wpt lat="50.238000996809006" lon="3.5918758082696689">
    <name>81.2</name>
  </wpt>
  <wpt lat="50.238854064578263" lon="3.5914314679580279">
    <name>81.3</name>
  </wpt>
  <wpt lat="50.239649461174849" lon="3.5913707903434147">
    <name>81.4</name>
  </wpt>
  <wpt lat="50.240393479219229" lon="3.5921500553190908">
    <name>81.5</name>
  </wpt>
  <wpt lat="50.241092025463367" lon="3.5929027395993205">
    <name>81.6</name>
  </wpt>
  <wpt lat="50.241610432459289" lon="3.5940262918332668">
    <name>81.7</name>
  </wpt>
  <wpt lat="50.24225511433032" lon="3.5950061476961337">
    <name>81.8</name>
  </wpt>
  <wpt lat="50.243093484509892" lon="3.595199852036965">
    <name>81.9</name>
  </wpt>
  <wpt lat="50.243896216489887" lon="3.5945726116405043">
    <name>82.0</name>
  </wpt>
  <wpt lat="50.24469596988753" lon="3.5939306108900522">
    <name>82.1</name>
  </wpt>
  <wpt lat="50.245521525072796" lon="3.5933730693799681">
    <name>82.2</name>
  </wpt>
  <wpt lat="50.2463952227699" lon="3.5930614523678979">
    <name>82.3</name>
  </wpt>
  <wpt lat="50.247275807843948" lon="3.5927844009111531">
    <name>82.4</name>
  </wpt>
  <wpt lat="50.248137182696013" lon="3.5923801886000497">
    <name>82.5</name>
  </wpt>
  <wpt lat="50.248998557548049" lon="3.5919759689826276">
    <name>82.6</name>
  </wpt>
  <wpt lat="50.249862729021942" lon="3.5915870993526111">
    <name>82.7</name>
  </wpt>
  <wpt lat="50.250731036356655" lon="3.5912209317423951">
    <name>82.8</name>
  </wpt>
  <wpt lat="50.251570250871296" lon="3.5907231938643895">
    <name>82.9</name>
  </wpt>
  <wpt lat="50.252385175312455" lon="3.5901283275112603">
    <name>83.0</name>
  </wpt>
  <wpt lat="50.253187775806687" lon="3.5894944109081388">
    <name>83.1</name>
  </wpt>
  <wpt lat="50.254010757016" lon="3.5889287510915664">
    <name>83.2</name>
  </wpt>
  <wpt lat="50.254887450493577" lon="3.5886161370333118">
    <name>83.3</name>
  </wpt>
  <wpt lat="50.255767178574729" lon="3.5887127556678613">
    <name>83.4</name>
  </wpt>
  <wpt lat="50.256589355209357" lon="3.5892824487505068">
    <name>83.5</name>
  </wpt>
  <wpt lat="50.257460990253968" lon="3.5895821858913166">
    <name>83.6</name>
  </wpt>
  <wpt lat="50.258228032152005" lon="3.5898518557884151">
    <name>83.7</name>
  </wpt>
  <wpt lat="50.258521310772245" lon="3.5885317359059017">
    <name>83.8</name>
  </wpt>
  <wpt lat="50.258689171615686" lon="3.587150449519557">
    <name>83.9</name>
  </wpt>
  <wpt lat="50.258739347518571" lon="3.5857532529070282">
    <name>84.0</name>
  </wpt>
  <wpt lat="50.258582193884308" lon="3.58439146773773">
    <name>84.1</name>
  </wpt>
  <wpt lat="50.259248397504265" lon="3.5839984196277932">
    <name>84.2</name>
  </wpt>
  <wpt lat="50.260132751461391" lon="3.5838071243163268">
    <name>84.3</name>
  </wpt>
  <wpt lat="50.260940533039133" lon="3.5831896749390921">
    <name>84.4</name>
  </wpt>
  <wpt lat="50.261712051475556" lon="3.5824773327040131">
    <name>84.5</name>
  </wpt>
  <wpt lat="50.262405110341128" lon="3.5815819339336983">
    <name>84.6</name>
  </wpt>
  <wpt lat="50.263073778384793" lon="3.5806412256312425">
    <name>84.7</name>
  </wpt>
  <wpt lat="50.26385955986045" lon="3.5799587366394334">
    <name>84.8</name>
  </wpt>
  <wpt lat="50.264654537478854" lon="3.5793009885165596">
    <name>84.9</name>
  </wpt>
  <wpt lat="50.265445033668477" lon="3.5786302688415588">
    <name>85.0</name>
  </wpt>
  <wpt lat="50.266206225323479" lon="3.5778849577635974">
    <name>85.1</name>
  </wpt>
  <wpt lat="50.266921493499716" lon="3.5770325117486537">
    <name>85.2</name>
  </wpt>
  <wpt lat="50.267625475112276" lon="3.576157015965292">
    <name>85.3</name>
  </wpt>
  <wpt lat="50.268325250776435" lon="3.5752733122053768">
    <name>85.4</name>
  </wpt>
  <wpt lat="50.268992727188795" lon="3.5743346427440152">
    <name>85.5</name>
  </wpt>
  <wpt lat="50.26971354717049" lon="3.5735011257685039">
    <name>85.6</name>
  </wpt>
  <wpt lat="50.270333984388785" lon="3.572483109411186">
    <name>85.7</name>
  </wpt>
  <wpt lat="50.270938684058791" lon="3.5714498521978579">
    <name>85.8</name>
  </wpt>
  <wpt lat="50.271662080301624" lon="3.5706139012138718">
    <name>85.9</name>
  </wpt>
  <wpt lat="50.2723840406642" lon="3.5697750318352481">
    <name>86.0</name>
  </wpt>
  <wpt lat="50.273083101582095" lon="3.568889821728098">
    <name>86.1</name>
  </wpt>
  <wpt lat="50.273782929852487" lon="3.5680060918519105">
    <name>86.2</name>
  </wpt>
  <wpt lat="50.274485561965676" lon="3.5671278047811916">
    <name>86.3</name>
  </wpt>
  <wpt lat="50.275199234007637" lon="3.5662716416941276">
    <name>86.4</name>
  </wpt>
  <wpt lat="50.275914518327681" lon="3.5654186985458671">
    <name>86.5</name>
  </wpt>
  <wpt lat="50.276679489732459" lon="3.5646918815966622">
    <name>86.6</name>
  </wpt>
  <wpt lat="50.27751631210208" lon="3.5641784357325959">
    <name>86.7</name>
  </wpt>
  <wpt lat="50.2783684621302" lon="3.5637293189309038">
    <name>86.8</name>
  </wpt>
  <wpt lat="50.279009171339361" lon="3.5628305316821072">
    <name>86.9</name>
  </wpt>
  <wpt lat="50.279787366317962" lon="3.5632385950232708">
    <name>87.0</name>
  </wpt>
  <wpt lat="50.280669639518813" lon="3.5633582096317107">
    <name>87.1</name>
  </wpt>
  <wpt lat="50.281535446319921" lon="3.56364733004415">
    <name>87.2</name>
  </wpt>
  <wpt lat="50.282364249434295" lon="3.5641894329940289">
    <name>87.3</name>
  </wpt>
  <wpt lat="50.283131788819006" lon="3.5645007887224631">
    <name>87.4</name>
  </wpt>
  <wpt lat="50.283823000002322" lon="3.5652931398606635">
    <name>87.5</name>
  </wpt>
  <wpt lat="50.283363500850463" lon="3.5664976934727721">
    <name>87.6</name>
  </wpt>
  <wpt lat="50.282897866180804" lon="3.567701517247527">
    <name>87.7</name>
  </wpt>
  <wpt lat="50.282867892938519" lon="3.5688424669602683">
    <name>87.8</name>
  </wpt>
  <wpt lat="50.283584407730096" lon="3.56969294743944">
    <name>87.9</name>
  </wpt>
  <wpt lat="50.28444801383678" lon="3.5699559999999604">
    <name>88.0</name>
  </wpt>
  <wpt lat="50.285290657277457" lon="3.5704136254962409">
    <name>88.1</name>
  </wpt>
  <wpt lat="50.286110253221075" lon="3.5709834813140784">
    <name>88.2</name>
  </wpt>
  <wpt lat="50.286987586341553" lon="3.5712928193826912">
    <name>88.3</name>
  </wpt>
  <wpt lat="50.28787177832389" lon="3.57152281404032">
    <name>88.4</name>
  </wpt>
  <wpt lat="50.288770543463464" lon="3.5715723220121176">
    <name>88.5</name>
  </wpt>
  <wpt lat="50.289622005154527" lon="3.571940557545199">
    <name>88.6</name>
  </wpt>
  <wpt lat="50.289777435941311" lon="3.5732201208074832">
    <name>88.7</name>
  </wpt>
  <wpt lat="50.290252056841162" lon="3.5741735503878314">
    <name>88.8</name>
  </wpt>
  <wpt lat="50.291102089248717" lon="3.5745192260626442">
    <name>88.9</name>
  </wpt>
  <wpt lat="50.291422336244487" lon="3.5758115897615852">
    <name>89.0</name>
  </wpt>
  <wpt lat="50.291207734665441" lon="3.5771576177347715">
    <name>89.1</name>
  </wpt>
  <wpt lat="50.290993478790256" lon="3.5784982797466243">
    <name>89.2</name>
  </wpt>
  <wpt lat="50.291784075823017" lon="3.5789516227763523">
    <name>89.3</name>
  </wpt>
  <wpt lat="50.292627313218482" lon="3.5790805628083691">
    <name>89.4</name>
  </wpt>
  <wpt lat="50.292736964694683" lon="3.5776833813466791">
    <name>89.5</name>
  </wpt>
  <wpt lat="50.293053557556661" lon="3.5763745820117312">
    <name>89.6</name>
  </wpt>
  <wpt lat="50.293667539670551" lon="3.5757454135455164">
    <name>89.7</name>
  </wpt>
  <wpt lat="50.294531465847278" lon="3.57568237240006">
    <name>89.8</name>
  </wpt>
  <wpt lat="50.295315721815179" lon="3.5763677215074474">
    <name>89.9</name>
  </wpt>
  <wpt lat="50.296122547901732" lon="3.5769560913084382">
    <name>90.0</name>
  </wpt>
  <wpt lat="50.296956608351728" lon="3.5774700859008304">
    <name>90.1</name>
  </wpt>
  <wpt lat="50.297677587372768" lon="3.5783080625445725">
    <name>90.2</name>
  </wpt>
  <wpt lat="50.298375880385855" lon="3.5791951935949986">
    <name>90.3</name>
  </wpt>
  <wpt lat="50.299070904607959" lon="3.5800886389287787">
    <name>90.4</name>
  </wpt>
  <wpt lat="50.2997743870588" lon="3.5809654903498354">
    <name>90.5</name>
  </wpt>
  <wpt lat="50.300392082937591" lon="3.5819610776417412">
    <name>90.6</name>
  </wpt>
  <wpt lat="50.300822185870281" lon="3.5831966505301946">
    <name>90.7</name>
  </wpt>
  <wpt lat="50.30132782677002" lon="3.5843609674813965">
    <name>90.8</name>
  </wpt>
  <wpt lat="50.30183346766966" lon="3.5855252968098927">
    <name>90.9</name>
  </wpt>
  <wpt lat="50.302355919170736" lon="3.5866706691344">
    <name>91.0</name>
  </wpt>
  <wpt lat="50.302950641520411" lon="3.5877244798701708">
    <name>91.1</name>
  </wpt>
  <wpt lat="50.303564166932055" lon="3.5885806666298232">
    <name>91.2</name>
  </wpt>
  <wpt lat="50.304122265334861" lon="3.587476587979348">
    <name>91.3</name>
  </wpt>
  <wpt lat="50.304699980906378" lon="3.5863982499590161">
    <name>91.4</name>
  </wpt>
  <wpt lat="50.305298736817754" lon="3.5853476449449184">
    <name>91.5</name>
  </wpt>
  <wpt lat="50.305934254443649" lon="3.5843540345922689">
    <name>91.6</name>
  </wpt>
  <wpt lat="50.306509688158563" lon="3.5832719706776195">
    <name>91.7</name>
  </wpt>
  <wpt lat="50.307083123939144" lon="3.5821872534481765">
    <name>91.8</name>
  </wpt>
  <wpt lat="50.307671404721894" lon="3.581123095364295">
    <name>91.9</name>
  </wpt>
  <wpt lat="50.308429435618194" lon="3.5803743832627259">
    <name>92.0</name>
  </wpt>
  <wpt lat="50.309230467592059" lon="3.5797343267377189">
    <name>92.1</name>
  </wpt>
  <wpt lat="50.310017145179835" lon="3.5790523027234626">
    <name>92.2</name>
  </wpt>
  <wpt lat="50.31080045760541" lon="3.5783606539682595">
    <name>92.3</name>
  </wpt>
  <wpt lat="50.311470408687214" lon="3.5774237974706984">
    <name>92.4</name>
  </wpt>
  <wpt lat="50.312103975032187" lon="3.5764245491243316">
    <name>92.5</name>
  </wpt>
  <wpt lat="50.312881680618084" lon="3.5757473932793862">
    <name>92.6</name>
  </wpt>
  <wpt lat="50.313678614122892" lon="3.5750973862935904">
    <name>92.7</name>
  </wpt>
  <wpt lat="50.314341390691524" lon="3.5742523906454462">
    <name>92.8</name>
  </wpt>
  <wpt lat="50.315203931595029" lon="3.5745661663980925">
    <name>92.9</name>
  </wpt>
  <wpt lat="50.316048347534384" lon="3.5747515759723103">
    <name>93.0</name>
  </wpt>
  <wpt lat="50.316940925996974" lon="3.5745909999999923">
    <name>93.1</name>
  </wpt>
  <wpt lat="50.317830549269082" lon="3.5747829385003249">
    <name>93.2</name>
  </wpt>
  <wpt lat="50.318722709392446" lon="3.5749339999999492">
    <name>93.3</name>
  </wpt>
  <wpt lat="50.319596893372037" lon="3.5746150046136727">
    <name>93.4</name>
  </wpt>
  <wpt lat="50.320488931255817" lon="3.5744994859870607">
    <name>93.5</name>
  </wpt>
  <wpt lat="50.321320979643119" lon="3.5750173742763751">
    <name>93.6</name>
  </wpt>
  <wpt lat="50.322217434678691" lon="3.5750630000000267">
    <name>93.7</name>
  </wpt>
  <wpt lat="50.323116034251555" lon="3.5750279189959695">
    <name>93.8</name>
  </wpt>
  <wpt lat="50.324007719797535" lon="3.5748543312835621">
    <name>93.9</name>
  </wpt>
  <wpt lat="50.324897963430665" lon="3.5746592714280854">
    <name>94.0</name>
  </wpt>
  <wpt lat="50.325795183100887" lon="3.5745689999999564">
    <name>94.1</name>
  </wpt>
  <wpt lat="50.326654674779526" lon="3.5748286745053592">
    <name>94.2</name>
  </wpt>
  <wpt lat="50.327493228059176" lon="3.5753049055290953">
    <name>94.3</name>
  </wpt>
  <wpt lat="50.328369965137654" lon="3.5753282140416927">
    <name>94.4</name>
  </wpt>
  <wpt lat="50.329257328451526" lon="3.575107856731305">
    <name>94.5</name>
  </wpt>
  <wpt lat="50.330155833831846" lon="3.5750839999999826">
    <name>94.6</name>
  </wpt>
  <wpt lat="50.331053571297886" lon="3.5751668270350554">
    <name>94.7</name>
  </wpt>
  <wpt lat="50.331947644400977" lon="3.5752990000000437">
    <name>94.8</name>
  </wpt>
  <wpt lat="50.332830926949306" lon="3.5750816159311016">
    <name>94.9</name>
  </wpt>
  <wpt lat="50.333721049720275" lon="3.5748864839765724">
    <name>95.0</name>
  </wpt>
  <wpt lat="50.334587947432354" lon="3.5745271754865642">
    <name>95.1</name>
  </wpt>
  <wpt lat="50.335486296564341" lon="3.574480654475547">
    <name>95.2</name>
  </wpt>
  <wpt lat="50.336377707194856" lon="3.5743353535932032">
    <name>95.3</name>
  </wpt>
  <wpt lat="50.336565571615438" lon="3.5756351464165026">
    <name>95.4</name>
  </wpt>
  <wpt lat="50.33641817123695" lon="3.5769955555971356">
    <name>95.5</name>
  </wpt>
  <wpt lat="50.336381087113317" lon="3.5783534313509557">
    <name>95.6</name>
  </wpt>
  <wpt lat="50.336391628905922" lon="3.579726263268777">
    <name>95.7</name>
  </wpt>
  <wpt lat="50.33612726149137" lon="3.5810712615828288">
    <name>95.8</name>
  </wpt>
  <wpt lat="50.33600060513993" lon="3.5824661875338615">
    <name>95.9</name>
  </wpt>
  <wpt lat="50.335694704080929" lon="3.5837817673520673">
    <name>96.0</name>
  </wpt>
  <wpt lat="50.335348683610164" lon="3.5850822527756008">
    <name>96.1</name>
  </wpt>
  <wpt lat="50.3350068370283" lon="3.5863853487744985">
    <name>96.2</name>
  </wpt>
  <wpt lat="50.334649019283752" lon="3.5876740012805111">
    <name>96.3</name>
  </wpt>
  <wpt lat="50.33425946602835" lon="3.588934698579513">
    <name>96.4</name>
  </wpt>
  <wpt lat="50.333776119414459" lon="3.589954233400809">
    <name>96.5</name>
  </wpt>
  <wpt lat="50.333682573472309" lon="3.5912326083605377">
    <name>96.6</name>
  </wpt>
  <wpt lat="50.333338875798518" lon="3.5925344777343">
    <name>96.7</name>
  </wpt>
  <wpt lat="50.332990575022095" lon="3.5938334070892153">
    <name>96.8</name>
  </wpt>
  <wpt lat="50.332629454086835" lon="3.5951234311182922">
    <name>96.9</name>
  </wpt>
  <wpt lat="50.332272609319169" lon="3.5964166367972812">
    <name>97.0</name>
  </wpt>
  <wpt lat="50.331915764551582" lon="3.5977098327639245">
    <name>97.1</name>
  </wpt>
  <wpt lat="50.33147253951293" lon="3.598918817817121">
    <name>97.2</name>
  </wpt>
  <wpt lat="50.330865797365668" lon="3.5999555974646325">
    <name>97.3</name>
  </wpt>
  <wpt lat="50.330437755440464" lon="3.6011941878962483">
    <name>97.4</name>
  </wpt>
  <wpt lat="50.330141247003084" lon="3.602513828283529">
    <name>97.5</name>
  </wpt>
  <wpt lat="50.33000671871271" lon="3.6039056886369325">
    <name>97.6</name>
  </wpt>
  <wpt lat="50.32972191727859" lon="3.6052295491543367">
    <name>97.7</name>
  </wpt>
  <wpt lat="50.329132587877851" lon="3.6062928426337906">
    <name>97.8</name>
  </wpt>
  <wpt lat="50.32866034237577" lon="3.6073616864126063">
    <name>97.9</name>
  </wpt>
  <wpt lat="50.32844478040353" lon="3.6087162143661704">
    <name>98.0</name>
  </wpt>
  <wpt lat="50.328188114133368" lon="3.61006621106307">
    <name>98.1</name>
  </wpt>
  <wpt lat="50.328427256750508" lon="3.6113249591297727">
    <name>98.2</name>
  </wpt>
  <wpt lat="50.328957870793118" lon="3.6124623724476796">
    <name>98.3</name>
  </wpt>
  <wpt lat="50.329488808788746" lon="3.6135994275361005">
    <name>98.4</name>
  </wpt>
  <wpt lat="50.3300077903909" lon="3.6147494821101618">
    <name>98.5</name>
  </wpt>
  <wpt lat="50.330289157497845" lon="3.616084920743472">
    <name>98.6</name>
  </wpt>
  <wpt lat="50.330534743183662" lon="3.6174401760563053">
    <name>98.7</name>
  </wpt>
  <wpt lat="50.330780328869423" lon="3.6187954383737879">
    <name>98.8</name>
  </wpt>
  <wpt lat="50.331169628941886" lon="3.62005772471862">
    <name>98.9</name>
  </wpt>
  <wpt lat="50.331744273244055" lon="3.6211399339419734">
    <name>99.0</name>
  </wpt>
  <wpt lat="50.332332710859241" lon="3.6222053399827923">
    <name>99.1</name>
  </wpt>
  <wpt lat="50.332921148474334" lon="3.6232707592185878">
    <name>99.2</name>
  </wpt>
  <wpt lat="50.333509586089313" lon="3.6243361916497663">
    <name>99.3</name>
  </wpt>
  <wpt lat="50.334030340222377" lon="3.6254823138295809">
    <name>99.4</name>
  </wpt>
  <wpt lat="50.334514909815177" lon="3.6266692159920919">
    <name>99.5</name>
  </wpt>
  <wpt lat="50.334993355484066" lon="3.6278622132744323">
    <name>99.6</name>
  </wpt>
  <wpt lat="50.335471801152856" lon="3.6290552225712287">
    <name>99.7</name>
  </wpt>
  <wpt lat="50.335950246821547" lon="3.6302482438827872">
    <name>99.8</name>
  </wpt>
  <wpt lat="50.336486546806078" lon="3.6313769038343291">
    <name>99.9</name>
  </wpt>
  <wpt lat="50.337081457205542" lon="3.6324317233253054">
    <name>100.0</name>
  </wpt>
  <wpt lat="50.337678377948826" lon="3.6334856028382045">
    <name>100.1</name>
  </wpt>
  <wpt lat="50.338314056226842" lon="3.6344822864788098">
    <name>100.2</name>
  </wpt>
  <wpt lat="50.338824755961" lon="3.6356364419520917">
    <name>100.3</name>
  </wpt>
  <wpt lat="50.339279736515259" lon="3.636849663779127">
    <name>100.4</name>
  </wpt>
  <wpt lat="50.339644254215543" lon="3.6378769660777861">
    <name>100.5</name>
  </wpt>
  <wpt lat="50.340310310583284" lon="3.6388233639579761">
    <name>100.6</name>
  </wpt>
  <wpt lat="50.340233397715515" lon="3.6397658450862433">
    <name>100.7</name>
  </wpt>
  <wpt lat="50.340368312615496" lon="3.6411508831239017">
    <name>100.8</name>
  </wpt>
  <wpt lat="50.340655085608809" lon="3.6424807564312816">
    <name>100.9</name>
  </wpt>
  <wpt lat="50.340686000258415" lon="3.6438862644356158">
    <name>101.0</name>
  </wpt>
  <wpt lat="50.341269853695543" lon="3.6447751706912128">
    <name>101.1</name>
  </wpt>
  <wpt lat="50.3421669562594" lon="3.6448676885032829">
    <name>101.2</name>
  </wpt>
  <wpt lat="50.3430585540226" lon="3.6447994559068619">
    <name>101.3</name>
  </wpt>
  <wpt lat="50.343757025113057" lon="3.6444211110024045">
    <name>101.4</name>
  </wpt>
  <wpt lat="50.344094010319758" lon="3.6437368449615168">
    <name>101.5</name>
  </wpt>
  <wpt lat="50.3441129136731" lon="3.6423361347729286">
    <name>101.6</name>
  </wpt>
  <wpt lat="50.344321374720522" lon="3.64100729254774">
    <name>101.7</name>
  </wpt>
  <wpt lat="50.3445050000114" lon="3.6396327608305592">
    <name>101.8</name>
  </wpt>
  <wpt lat="50.345185873202041" lon="3.6390674637740088">
    <name>101.9</name>
  </wpt>
  <wpt lat="50.346067304883732" lon="3.6387878868416341">
    <name>102.0</name>
  </wpt>
  <wpt lat="50.346949837317347" lon="3.6385168977525368">
    <name>102.1</name>
  </wpt>
  <wpt lat="50.347832864342379" lon="3.638249838305311">
    <name>102.2</name>
  </wpt>
  <wpt lat="50.348721956494565" lon="3.6380463510090033">
    <name>102.3</name>
  </wpt>
  <wpt lat="50.3496203528327" lon="3.63801039841368">
    <name>102.4</name>
  </wpt>
  <wpt lat="50.350516592955955" lon="3.6381204263909352">
    <name>102.5</name>
  </wpt>
  <wpt lat="50.351403188449233" lon="3.63835172102187">
    <name>102.6</name>
  </wpt>
  <wpt lat="50.35226715689231" lon="3.6387415545512973">
    <name>102.7</name>
  </wpt>
  <wpt lat="50.353113283577947" lon="3.6392174440776048">
    <name>102.8</name>
  </wpt>
  <wpt lat="50.353954377670171" lon="3.6397163708632347">
    <name>102.9</name>
  </wpt>
  <wpt lat="50.354795471762351" lon="3.6402153064880585">
    <name>103.0</name>
  </wpt>
  <wpt lat="50.355636367569737" lon="3.6407150698662325">
    <name>103.1</name>
  </wpt>
  <wpt lat="50.356476871872744" lon="3.6412164587824449">
    <name>103.2</name>
  </wpt>
  <wpt lat="50.357317376175722" lon="3.6417178565760184">
    <name>103.3</name>
  </wpt>
  <wpt lat="50.358167705465171" lon="3.6421693268651252">
    <name>103.4</name>
  </wpt>
  <wpt lat="50.359037186242233" lon="3.6425217905951555">
    <name>103.5</name>
  </wpt>
  <wpt lat="50.359807803735528" lon="3.6432349892347338">
    <name>103.6</name>
  </wpt>
  <wpt lat="50.360454991097811" lon="3.6442102001090841">
    <name>103.7</name>
  </wpt>
  <wpt lat="50.36108055875858" lon="3.6452229680506347">
    <name>103.8</name>
  </wpt>
  <wpt lat="50.361740636226628" lon="3.646174093560024">
    <name>103.9</name>
  </wpt>
  <wpt lat="50.362572292139077" lon="3.6467079420274322">
    <name>104.0</name>
  </wpt>
  <wpt lat="50.36343290428939" lon="3.6470967798624865">
    <name>104.1</name>
  </wpt>
  <wpt lat="50.364328116637537" lon="3.6471300031166658">
    <name>104.2</name>
  </wpt>
  <wpt lat="50.365220601273336" lon="3.6470420384172182">
    <name>104.3</name>
  </wpt>
  <wpt lat="50.366057237130455" lon="3.647314859008933">
    <name>104.4</name>
  </wpt>
  <wpt lat="50.366932171487818" lon="3.6476299469781379">
    <name>104.5</name>
  </wpt>
  <wpt lat="50.367798164323467" lon="3.6479901411127824">
    <name>104.6</name>
  </wpt>
  <wpt lat="50.368623687016822" lon="3.6485442634100482">
    <name>104.7</name>
  </wpt>
  <wpt lat="50.369383498665307" lon="3.6492960555703378">
    <name>104.8</name>
  </wpt>
  <wpt lat="50.3701714282612" lon="3.6499744278425936">
    <name>104.9</name>
  </wpt>
  <wpt lat="50.37091253827429" lon="3.6507728676251157">
    <name>105.0</name>
  </wpt>
  <wpt lat="50.3716502516838" lon="3.6515793024467165">
    <name>105.1</name>
  </wpt>
  <wpt lat="50.372388531761942" lon="3.6523844540081392">
    <name>105.2</name>
  </wpt>
  <wpt lat="50.37312038151542" lon="3.65320372230376">
    <name>105.3</name>
  </wpt>
  <wpt lat="50.373854760290513" lon="3.654017642298319">
    <name>105.4</name>
  </wpt>
  <wpt lat="50.374661644135543" lon="3.6546326734705175">
    <name>105.5</name>
  </wpt>
  <wpt lat="50.375509103053446" lon="3.655104156570367">
    <name>105.6</name>
  </wpt>
  <wpt lat="50.376359161536541" lon="3.6555644706360324">
    <name>105.7</name>
  </wpt>
  <wpt lat="50.377209220019608" lon="3.6560247929502756">
    <name>105.8</name>
  </wpt>
  <wpt lat="50.37805927850264" lon="3.6564851235135034">
    <name>105.9</name>
  </wpt>
  <wpt lat="50.378909336985657" lon="3.6569454623260218">
    <name>106.0</name>
  </wpt>
  <wpt lat="50.379759395468632" lon="3.6574058093883388">
    <name>106.1</name>
  </wpt>
  <wpt lat="50.380629437133834" lon="3.65774914450202">
    <name>106.2</name>
  </wpt>
  <wpt lat="50.381511390460084" lon="3.6580249748782778">
    <name>106.3</name>
  </wpt>
  <wpt lat="50.382392350518828" lon="3.6583076349359369">
    <name>106.4</name>
  </wpt>
  <wpt lat="50.383263269329838" lon="3.6586592852168685">
    <name>106.5</name>
  </wpt>
  <wpt lat="50.384138288145671" lon="3.6589848683595472">
    <name>106.6</name>
  </wpt>
  <wpt lat="50.38501121954333" lon="3.6593239282333028">
    <name>106.7</name>
  </wpt>
  <wpt lat="50.385883984168977" lon="3.6596641562433705">
    <name>106.8</name>
  </wpt>
  <wpt lat="50.386723299062062" lon="3.6601552096889356">
    <name>106.9</name>
  </wpt>
  <wpt lat="50.387523820527036" lon="3.6607964806381657">
    <name>107.0</name>
  </wpt>
  <wpt lat="50.388332882818439" lon="3.6614123658315334">
    <name>107.1</name>
  </wpt>
  <wpt lat="50.389141945109785" lon="3.6620282615333526">
    <name>107.2</name>
  </wpt>
  <wpt lat="50.389973747653727" lon="3.6625639136939312">
    <name>107.3</name>
  </wpt>
  <wpt lat="50.390846946847454" lon="3.6628819924994103">
    <name>107.4</name>
  </wpt>
  <wpt lat="50.391745253956614" lon="3.6629374448532031">
    <name>107.5</name>
  </wpt>
  <wpt lat="50.392644412145891" lon="3.6629431476905423">
    <name>107.6</name>
  </wpt>
  <wpt lat="50.393543649651896" lon="3.6629332250701414">
    <name>107.7</name>
  </wpt>
  <wpt lat="50.394435663694018" lon="3.6631084544528694">
    <name>107.8</name>
  </wpt>
  <wpt lat="50.395304129688171" lon="3.6634650587163091">
    <name>107.9</name>
  </wpt>
  <wpt lat="50.396144215761758" lon="3.6639685874528176">
    <name>108.0</name>
  </wpt>
  <wpt lat="50.39696236658996" lon="3.6645530719565023">
    <name>108.1</name>
  </wpt>
  <wpt lat="50.397758543245104" lon="3.6652088013249347">
    <name>108.2</name>
  </wpt>
  <wpt lat="50.398602947769646" lon="3.6656766421976807">
    <name>108.3</name>
  </wpt>
  <wpt lat="50.399473887732441" lon="3.6660266115194342">
    <name>108.4</name>
  </wpt>
  <wpt lat="50.400331369612772" lon="3.6664506479979506">
    <name>108.5</name>
  </wpt>
  <wpt lat="50.401199149845084" lon="3.6667986415562863">
    <name>108.6</name>
  </wpt>
  <wpt lat="50.402089113452249" lon="3.6666568274218951">
    <name>108.7</name>
  </wpt>
  <wpt lat="50.40249378397241" lon="3.667567672141276">
    <name>108.8</name>
  </wpt>
  <wpt lat="50.402705154547419" lon="3.6689390790855136">
    <name>108.9</name>
  </wpt>
  <wpt lat="50.4029093415607" lon="3.6703131789418908">
    <name>109.0</name>
  </wpt>
  <wpt lat="50.403115220685642" lon="3.6716866673568336">
    <name>109.1</name>
  </wpt>
  <wpt lat="50.403339269671761" lon="3.6730497800226858">
    <name>109.2</name>
  </wpt>
  <wpt lat="50.403537632897482" lon="3.6744255321365089">
    <name>109.3</name>
  </wpt>
  <wpt lat="50.403804384011877" lon="3.675770327614833">
    <name>109.4</name>
  </wpt>
  <wpt lat="50.404096066695345" lon="3.6771008962089722">
    <name>109.5</name>
  </wpt>
  <wpt lat="50.404357360015453" lon="3.6784508677934329">
    <name>109.6</name>
  </wpt>
  <wpt lat="50.404642650017855" lon="3.6797877359163071">
    <name>109.7</name>
  </wpt>
  <wpt lat="50.404984914901526" lon="3.6810887748427641">
    <name>109.8</name>
  </wpt>
  <wpt lat="50.405216082317274" lon="3.682450645876759">
    <name>109.9</name>
  </wpt>
  <wpt lat="50.405935706909446" lon="3.6828143610487891">
    <name>110.0</name>
  </wpt>
  <wpt lat="50.406829989842628" lon="3.6826743367689496">
    <name>110.1</name>
  </wpt>
  <wpt lat="50.4076167786479" lon="3.68311145550946">
    <name>110.2</name>
  </wpt>
  <wpt lat="50.407713916185067" lon="3.6844126428122026">
    <name>110.3</name>
  </wpt>
  <wpt lat="50.408542168187346" lon="3.6849121681019921">
    <name>110.4</name>
  </wpt>
  <wpt lat="50.409327661975517" lon="3.6855974994655485">
    <name>110.5</name>
  </wpt>
  <wpt lat="50.409753825494228" lon="3.6848322112894354">
    <name>110.6</name>
  </wpt>
  <wpt lat="50.410053164566087" lon="3.6838926709250286">
    <name>110.7</name>
  </wpt>
  <wpt lat="50.410943237088027" lon="3.6838120789995683">
    <name>110.8</name>
  </wpt>
  <wpt lat="50.411784475250535" lon="3.6842914749486892">
    <name>110.9</name>
  </wpt>
  <wpt lat="50.41256721748065" lon="3.6849601506620555">
    <name>111.0</name>
  </wpt>
  <wpt lat="50.413464547221139" lon="3.6850182171450885">
    <name>111.1</name>
  </wpt>
  <wpt lat="50.414363352220846" lon="3.6850496272166451">
    <name>111.2</name>
  </wpt>
  <wpt lat="50.415260697400143" lon="3.6849689999999535">
    <name>111.3</name>
  </wpt>
  <wpt lat="50.41615911635909" lon="3.6850278731131794">
    <name>111.4</name>
  </wpt>
  <wpt lat="50.417057408559309" lon="3.685056619840763">
    <name>111.5</name>
  </wpt>
  <wpt lat="50.417950795982719" lon="3.6849071905508106">
    <name>111.6</name>
  </wpt>
  <wpt lat="50.418821539297653" lon="3.6845674497867584">
    <name>111.7</name>
  </wpt>
  <wpt lat="50.419654463193858" lon="3.6840476078054474">
    <name>111.8</name>
  </wpt>
  <wpt lat="50.420310795495304" lon="3.68309401965679">
    <name>111.9</name>
  </wpt>
  <wpt lat="50.420940113956675" lon="3.6820857294790454">
    <name>112.0</name>
  </wpt>
  <wpt lat="50.421573939764606" lon="3.6810882927515878">
    <name>112.1</name>
  </wpt>
  <wpt lat="50.422291481010333" lon="3.6802389410910674">
    <name>112.2</name>
  </wpt>
  <wpt lat="50.423101388653407" lon="3.6796413503581538">
    <name>112.3</name>
  </wpt>
  <wpt lat="50.423970106151941" lon="3.6792813872021077">
    <name>112.4</name>
  </wpt>
  <wpt lat="50.4248626035625" lon="3.6791249106417316">
    <name>112.5</name>
  </wpt>
  <wpt lat="50.425758946247925" lon="3.6792016128694232">
    <name>112.6</name>
  </wpt>
  <wpt lat="50.426641127461174" lon="3.679466222556032">
    <name>112.7</name>
  </wpt>
  <wpt lat="50.427521355716131" lon="3.6797554737197005">
    <name>112.8</name>
  </wpt>
  <wpt lat="50.428379194349581" lon="3.6801581943007866">
    <name>112.9</name>
  </wpt>
  <wpt lat="50.429064004699072" lon="3.6810639050210128">
    <name>113.0</name>
  </wpt>
  <wpt lat="50.4298160569066" lon="3.6818377877866393">
    <name>113.1</name>
  </wpt>
  <wpt lat="50.430498492925935" lon="3.6827493032611867">
    <name>113.2</name>
  </wpt>
  <wpt lat="50.431201125089011" lon="3.6836197948125333">
    <name>113.3</name>
  </wpt>
  <wpt lat="50.431950177720609" lon="3.6843984810740209">
    <name>113.4</name>
  </wpt>
  <wpt lat="50.432526807038307" lon="3.68443425312671">
    <name>113.5</name>
  </wpt>
  <wpt lat="50.433353943791367" lon="3.6838829271920503">
    <name>113.6</name>
  </wpt>
  <wpt lat="50.43421742213787" lon="3.6835028698247405">
    <name>113.7</name>
  </wpt>
  <wpt lat="50.434788101753647" lon="3.6840201839775242">
    <name>113.8</name>
  </wpt>
  <wpt lat="50.435003212422806" lon="3.6853910669210523">
    <name>113.9</name>
  </wpt>
  <wpt lat="50.435218803180042" lon="3.6867616479805791">
    <name>114.0</name>
  </wpt>
  <wpt lat="50.435438191205627" lon="3.6881303256275388">
    <name>114.1</name>
  </wpt>
  <wpt lat="50.435651177274259" lon="3.6895015538971712">
    <name>114.2</name>
  </wpt>
  <wpt lat="50.435868907160838" lon="3.6908714594016931">
    <name>114.3</name>
  </wpt>
  <wpt lat="50.43663870133517" lon="3.6915894351791376">
    <name>114.4</name>
  </wpt>
  <wpt lat="50.437461089661859" lon="3.6920941143849695">
    <name>114.5</name>
  </wpt>
  <wpt lat="50.43834630837064" lon="3.692291070267002">
    <name>114.6</name>
  </wpt>
  <wpt lat="50.439132577497915" lon="3.6929730573779693">
    <name>114.7</name>
  </wpt>
  <wpt lat="50.43991415812927" lon="3.6936713499618881">
    <name>114.8</name>
  </wpt>
  <wpt lat="50.440731216065849" lon="3.6942572907085376">
    <name>114.9</name>
  </wpt>
  <wpt lat="50.441577712988675" lon="3.6947312208404446">
    <name>115.0</name>
  </wpt>
  <wpt lat="50.4424452417631" lon="3.695101942891482">
    <name>115.1</name>
  </wpt>
  <wpt lat="50.443317937903586" lon="3.6954430156720384">
    <name>115.2</name>
  </wpt>
  <wpt lat="50.444190921231467" lon="3.6957822719623987">
    <name>115.3</name>
  </wpt>
  <wpt lat="50.445064546065041" lon="3.6961174441064619">
    <name>115.4</name>
  </wpt>
  <wpt lat="50.445938170898607" lon="3.6964526224382053">
    <name>115.5</name>
  </wpt>
  <wpt lat="50.446811795732167" lon="3.6967878069579339">
    <name>115.6</name>
  </wpt>
  <wpt lat="50.447687168922705" lon="3.6971115333606748">
    <name>115.7</name>
  </wpt>
  <wpt lat="50.448559580233656" lon="3.6974541358720061">
    <name>115.8</name>
  </wpt>
  <wpt lat="50.44943046993469" lon="3.6977971771234013">
    <name>115.9</name>
  </wpt>
  <wpt lat="50.450300216833632" lon="3.698156005886021">
    <name>116.0</name>
  </wpt>
  <wpt lat="50.4511657823429" lon="3.69853789095801">
    <name>116.1</name>
  </wpt>
  <wpt lat="50.451936199337979" lon="3.6992463294417468">
    <name>116.2</name>
  </wpt>
  <wpt lat="50.452591776533261" lon="3.7002132021596954">
    <name>116.3</name>
  </wpt>
  <wpt lat="50.453281147772373" lon="3.7011195165415667">
    <name>116.4</name>
  </wpt>
  <wpt lat="50.454015905410145" lon="3.7019325918738271">
    <name>116.5</name>
  </wpt>
  <wpt lat="50.454791046729575" lon="3.7026476185747139">
    <name>116.6</name>
  </wpt>
  <wpt lat="50.455614898064276" lon="3.70321306076715">
    <name>116.7</name>
  </wpt>
  <wpt lat="50.456462059573795" lon="3.7036862360261069">
    <name>116.8</name>
  </wpt>
  <wpt lat="50.457332222398378" lon="3.704040778659091">
    <name>116.9</name>
  </wpt>
  <wpt lat="50.458209601824265" lon="3.7043507757999041">
    <name>117.0</name>
  </wpt>
  <wpt lat="50.459083799068253" lon="3.7046823455719102">
    <name>117.1</name>
  </wpt>
  <wpt lat="50.45995799631222" lon="3.7050139214721587">
    <name>117.2</name>
  </wpt>
  <wpt lat="50.460840600881973" lon="3.7052680000000406">
    <name>117.3</name>
  </wpt>
  <wpt lat="50.461736630590067" lon="3.7051902604125067">
    <name>117.4</name>
  </wpt>
  <wpt lat="50.462633279086042" lon="3.7052852611071336">
    <name>117.5</name>
  </wpt>
  <wpt lat="50.463521176491334" lon="3.7055097278407296">
    <name>117.6</name>
  </wpt>
  <wpt lat="50.464409073896618" lon="3.7057341987886372">
    <name>117.7</name>
  </wpt>
  <wpt lat="50.465051581726392" lon="3.7064246338849864">
    <name>117.8</name>
  </wpt>
  <wpt lat="50.465352488151723" lon="3.7077560165102903">
    <name>117.9</name>
  </wpt>
  <wpt lat="50.465653394576989" lon="3.7090874076073708">
    <name>118.0</name>
  </wpt>
  <wpt lat="50.4659011934443" lon="3.7104098830170269">
    <name>118.1</name>
  </wpt>
  <wpt lat="50.466715568964055" lon="3.7098108485497354">
    <name>118.2</name>
  </wpt>
  <wpt lat="50.467430192771346" lon="3.7102372270694359">
    <name>118.3</name>
  </wpt>
  <wpt lat="50.46821851022947" lon="3.7108250000000034">
    <name>118.4</name>
  </wpt>
  <wpt lat="50.469112559013354" lon="3.7109294614386465">
    <name>118.5</name>
  </wpt>
  <wpt lat="50.469885803107935" lon="3.7116380452681343">
    <name>118.6</name>
  </wpt>
  <wpt lat="50.470621580470386" lon="3.7124493312283713">
    <name>118.7</name>
  </wpt>
  <wpt lat="50.471335924948434" lon="3.7133077239819734">
    <name>118.8</name>
  </wpt>
  <wpt lat="50.472064699135153" lon="3.7141351367908353">
    <name>118.9</name>
  </wpt>
  <wpt lat="50.472781064046366" lon="3.714002389708857">
    <name>119.0</name>
  </wpt>
  <wpt lat="50.473480946128994" lon="3.7131150293597766">
    <name>119.1</name>
  </wpt>
  <wpt lat="50.4741814160653" lon="3.7122288301761484">
    <name>119.2</name>
  </wpt>
  <wpt lat="50.474833367546523" lon="3.7112658882083287">
    <name>119.3</name>
  </wpt>
  <wpt lat="50.475319540290208" lon="3.710079919547268">
    <name>119.4</name>
  </wpt>
  <wpt lat="50.475894510138509" lon="3.7090032262320656">
    <name>119.5</name>
  </wpt>
  <wpt lat="50.476701015265135" lon="3.7089758322551494">
    <name>119.6</name>
  </wpt>
  <wpt lat="50.47745991684247" lon="3.7097340864692971">
    <name>119.7</name>
  </wpt>
  <wpt lat="50.478274937687658" lon="3.7100222176806827">
    <name>119.8</name>
  </wpt>
  <wpt lat="50.479111545057904" lon="3.709503724947663">
    <name>119.9</name>
  </wpt>
  <wpt lat="50.479917118649659" lon="3.7099591133269687">
    <name>120.0</name>
  </wpt>
  <wpt lat="50.480675847583733" lon="3.7107178456507475">
    <name>120.1</name>
  </wpt>
  <wpt lat="50.481410057169519" lon="3.7107368083412622">
    <name>120.2</name>
  </wpt>
  <wpt lat="50.481904836952445" lon="3.709556624235812">
    <name>120.3</name>
  </wpt>
  <wpt lat="50.482399616735265" lon="3.7083764277748483">
    <name>120.4</name>
  </wpt>
  <wpt lat="50.482894396517977" lon="3.7071962189579639">
    <name>120.5</name>
  </wpt>
  <wpt lat="50.483389442804693" lon="3.7060162826750243">
    <name>120.6</name>
  </wpt>
  <wpt lat="50.483877517867782" lon="3.704829827488636">
    <name>120.7</name>
  </wpt>
  <wpt lat="50.484321311982363" lon="3.7036006180366936">
    <name>120.8</name>
  </wpt>
  <wpt lat="50.484822039695473" lon="3.7024283328536542">
    <name>120.9</name>
  </wpt>
  <wpt lat="50.485198835171907" lon="3.701147727386398">
    <name>121.0</name>
  </wpt>
  <wpt lat="50.485777515519082" lon="3.7010965901353128">
    <name>121.1</name>
  </wpt>
  <wpt lat="50.486556938381277" lon="3.7018003423019477">
    <name>121.2</name>
  </wpt>
  <wpt lat="50.487379390250062" lon="3.7023702282703241">
    <name>121.3</name>
  </wpt>
  <wpt lat="50.488207509618583" lon="3.7029214491846965">
    <name>121.4</name>
  </wpt>
  <wpt lat="50.489042539566178" lon="3.7034430187696232">
    <name>121.5</name>
  </wpt>
  <wpt lat="50.489887232213853" lon="3.7039162962543557">
    <name>121.6</name>
  </wpt>
  <wpt lat="50.490700141783933" lon="3.704518457571162">
    <name>121.7</name>
  </wpt>
  <wpt lat="50.4915043153558" lon="3.7051512744225428">
    <name>121.8</name>
  </wpt>
  <wpt lat="50.492307732876426" lon="3.7057864695885963">
    <name>121.9</name>
  </wpt>
  <wpt lat="50.493111051353807" lon="3.7064219856998935">
    <name>122.0</name>
  </wpt>
  <wpt lat="50.493914369831138" lon="3.70705751261785">
    <name>122.1</name>
  </wpt>
  <wpt lat="50.49471768830842" lon="3.7076930503428738">
    <name>122.2</name>
  </wpt>
  <wpt lat="50.495544168023486" lon="3.7082462962724434">
    <name>122.3</name>
  </wpt>
  <wpt lat="50.496387174002408" lon="3.7087387073563489">
    <name>122.4</name>
  </wpt>
  <wpt lat="50.497206557002279" lon="3.7093105567123761">
    <name>122.5</name>
  </wpt>
  <wpt lat="50.4979708695478" lon="3.7100555083849103">
    <name>122.6</name>
  </wpt>
  <wpt lat="50.497987836837993" lon="3.7112268829638473">
    <name>122.7</name>
  </wpt>
  <wpt lat="50.498409082748196" lon="3.7124759892160797">
    <name>122.8</name>
  </wpt>
  <wpt lat="50.498829647711112" lon="3.7137256795330593">
    <name>122.9</name>
  </wpt>
  <wpt lat="50.49953817308112" lon="3.7144675245017633">
    <name>123.0</name>
  </wpt>
  <wpt lat="50.500405163535888" lon="3.7148427090062821">
    <name>123.1</name>
  </wpt>
  <wpt lat="50.501292894504068" lon="3.714694680845422">
    <name>123.2</name>
  </wpt>
  <wpt lat="50.50218705480453" lon="3.7148458704138205">
    <name>123.3</name>
  </wpt>
  <wpt lat="50.503081295590981" lon="3.714995813219033">
    <name>123.4</name>
  </wpt>
  <wpt lat="50.5039749018546" lon="3.7151548805319288">
    <name>123.5</name>
  </wpt>
  <wpt lat="50.504866079692022" lon="3.7153340264814463">
    <name>123.6</name>
  </wpt>
  <wpt lat="50.505737796267411" lon="3.7156320000000034">
    <name>123.7</name>
  </wpt>
  <wpt lat="50.506633541833651" lon="3.715595043008717">
    <name>123.8</name>
  </wpt>
  <wpt lat="50.507521193332771" lon="3.7153679782623872">
    <name>123.9</name>
  </wpt>
  <wpt lat="50.508246924115831" lon="3.7157066038041755">
    <name>124.0</name>
  </wpt>
  <wpt lat="50.508583336950252" lon="3.716975336942717">
    <name>124.1</name>
  </wpt>
  <wpt lat="50.509461962639989" lon="3.7168979999999712">
    <name>124.2</name>
  </wpt>
  <wpt lat="50.510164726938804" lon="3.7175257412068774">
    <name>124.3</name>
  </wpt>
  <wpt lat="50.510498934025627" lon="3.7188219303582146">
    <name>124.4</name>
  </wpt>
  <wpt lat="50.511085752800263" lon="3.7198904175488114">
    <name>124.5</name>
  </wpt>
  <wpt lat="50.511525161505133" lon="3.7210905656986029">
    <name>124.6</name>
  </wpt>
  <wpt lat="50.512266658418447" lon="3.7218838345794953">
    <name>124.7</name>
  </wpt>
  <wpt lat="50.5131174023896" lon="3.7223250366859735">
    <name>124.8</name>
  </wpt>
  <wpt lat="50.513520671704526" lon="3.7235754295987791">
    <name>124.9</name>
  </wpt>
  <wpt lat="50.514351721723564" lon="3.7239751482730221">
    <name>125.0</name>
  </wpt>
  <wpt lat="50.515242743451871" lon="3.7241668416293292">
    <name>125.1</name>
  </wpt>
  <wpt lat="50.516134013996862" lon="3.7243556662696342">
    <name>125.2</name>
  </wpt>
  <wpt lat="50.517025284541852" lon="3.7245444944753157">
    <name>125.3</name>
  </wpt>
  <wpt lat="50.517907240480213" lon="3.7248199192904461">
    <name>125.4</name>
  </wpt>
  <wpt lat="50.518788473631446" lon="3.7251005174175065">
    <name>125.5</name>
  </wpt>
  <wpt lat="50.519670210412137" lon="3.7253783998219983">
    <name>125.6</name>
  </wpt>
  <wpt lat="50.520552428751436" lon="3.7256529437114176">
    <name>125.7</name>
  </wpt>
  <wpt lat="50.521434647090729" lon="3.7259274927327768">
    <name>125.8</name>
  </wpt>
  <wpt lat="50.522316865430021" lon="3.726202046886482">
    <name>125.9</name>
  </wpt>
  <wpt lat="50.5231990837693" lon="3.7264766061727381">
    <name>126.0</name>
  </wpt>
  <wpt lat="50.52408130210857" lon="3.7267511705917475">
    <name>126.1</name>
  </wpt>
  <wpt lat="50.52496352044782" lon="3.7270257401438158">
    <name>126.2</name>
  </wpt>
  <wpt lat="50.525845682369578" lon="3.7273007631114847">
    <name>126.3</name>
  </wpt>
  <wpt lat="50.526727857656951" lon="3.7275756849731376">
    <name>126.4</name>
  </wpt>
  <wpt lat="50.52761003294431" lon="3.7278506119747696">
    <name>126.5</name>
  </wpt>
  <wpt lat="50.528492208231675" lon="3.7281255441166876">
    <name>126.6</name>
  </wpt>
  <wpt lat="50.529374383519034" lon="3.7284004813990941">
    <name>126.7</name>
  </wpt>
  <wpt lat="50.530255642744386" lon="3.7286822141846097">
    <name>126.8</name>
  </wpt>
  <wpt lat="50.531135690861511" lon="3.7289735182019292">
    <name>126.9</name>
  </wpt>
  <wpt lat="50.532016717222653" lon="3.72925744183483">
    <name>127.0</name>
  </wpt>
  <wpt lat="50.532897743583788" lon="3.7295413707701481">
    <name>127.1</name>
  </wpt>
  <wpt lat="50.533777868222224" lon="3.7298319866529366">
    <name>127.2</name>
  </wpt>
  <wpt lat="50.534656048935489" lon="3.7301369340249444">
    <name>127.3</name>
  </wpt>
  <wpt lat="50.53553186366323" lon="3.73045831909976">
    <name>127.4</name>
  </wpt>
  <wpt lat="50.536407839705525" lon="3.7307786064437343">
    <name>127.5</name>
  </wpt>
  <wpt lat="50.537284903272777" lon="3.7310914595847424">
    <name>127.6</name>
  </wpt>
  <wpt lat="50.538161966840008" lon="3.7314043185431633">
    <name>127.7</name>
  </wpt>
  <wpt lat="50.539038044626516" lon="3.7317239095554262">
    <name>127.8</name>
  </wpt>
  <wpt lat="50.539913148752426" lon="3.73205007447387">
    <name>127.9</name>
  </wpt>
  <wpt lat="50.540788132138211" lon="3.7323770111806231">
    <name>128.0</name>
  </wpt>
  <wpt lat="50.54166581464802" lon="3.732685276830114">
    <name>128.1</name>
  </wpt>
  <wpt lat="50.542542252831574" lon="3.7330024741530559">
    <name>128.2</name>
  </wpt>
  <wpt lat="50.5434186910151" lon="3.7333196773710675">
    <name>128.3</name>
  </wpt>
  <wpt lat="50.544294409683836" lon="3.7336368493145065">
    <name>128.4</name>
  </wpt>
  <wpt lat="50.545169838248512" lon="3.7339601867319496">
    <name>128.5</name>
  </wpt>
  <wpt lat="50.5460443781794" lon="3.7342895154177507">
    <name>128.6</name>
  </wpt>
  <wpt lat="50.54692390438273" lon="3.7345843851446441">
    <name>128.7</name>
  </wpt>
  <wpt lat="50.547799349108082" lon="3.7349080790680698">
    <name>128.8</name>
  </wpt>
  <wpt lat="50.548671176423774" lon="3.735254021865813">
    <name>128.9</name>
  </wpt>
  <wpt lat="50.548936461513065" lon="3.7365214168610335">
    <name>129.0</name>
  </wpt>
  <wpt lat="50.549138437401069" lon="3.7379005811692845">
    <name>129.1</name>
  </wpt>
  <wpt lat="50.549354228074272" lon="3.7392743501097607">
    <name>129.2</name>
  </wpt>
  <wpt lat="50.549222512409607" lon="3.7406230503609708">
    <name>129.3</name>
  </wpt>
  <wpt lat="50.54876677310957" lon="3.7418431822594789">
    <name>129.4</name>
  </wpt>
  <wpt lat="50.54832076809781" lon="3.7430721140066581">
    <name>129.5</name>
  </wpt>
  <wpt lat="50.547883349908972" lon="3.7443081942216736">
    <name>129.6</name>
  </wpt>
  <wpt lat="50.547510829870092" lon="3.7455935019282451">
    <name>129.7</name>
  </wpt>
  <wpt lat="50.547193819287237" lon="3.7469179293825237">
    <name>129.8</name>
  </wpt>
  <wpt lat="50.547453417922057" lon="3.7482297640837503">
    <name>129.9</name>
  </wpt>
  <wpt lat="50.547903862821521" lon="3.7494547218493777">
    <name>130.0</name>
  </wpt>
  <wpt lat="50.548354307720892" lon="3.750679691317512">
    <name>130.1</name>
  </wpt>
  <wpt lat="50.548869810072752" lon="3.7518332899072204">
    <name>130.2</name>
  </wpt>
  <wpt lat="50.549336690760647" lon="3.7530098351120706">
    <name>130.3</name>
  </wpt>
  <wpt lat="50.549213313287979" lon="3.7542689545566219">
    <name>130.4</name>
  </wpt>
  <wpt lat="50.548513751183755" lon="3.7550709953894135">
    <name>130.5</name>
  </wpt>
  <wpt lat="50.548312312978283" lon="3.7564497978824458">
    <name>130.6</name>
  </wpt>
  <wpt lat="50.548118581474" lon="3.7578301172876509">
    <name>130.7</name>
  </wpt>
  <wpt lat="50.548061037388941" lon="3.7592389217471989">
    <name>130.8</name>
  </wpt>
  <wpt lat="50.548126314047067" lon="3.7606502297840789">
    <name>130.9</name>
  </wpt>
  <wpt lat="50.548180772464676" lon="3.7620628345744249">
    <name>131.0</name>
  </wpt>
  <wpt lat="50.548596805650746" lon="3.7632269288856794">
    <name>131.1</name>
  </wpt>
  <wpt lat="50.549351671865757" lon="3.7639866666069146">
    <name>131.2</name>
  </wpt>
  <wpt lat="50.550151412963658" lon="3.7646340167122352">
    <name>131.3</name>
  </wpt>
  <wpt lat="50.550951433008741" lon="3.7652805226417554">
    <name>131.4</name>
  </wpt>
  <wpt lat="50.551751789099107" lon="3.7659260093794735">
    <name>131.5</name>
  </wpt>
  <wpt lat="50.552552145189424" lon="3.766571507075704">
    <name>131.6</name>
  </wpt>
  <wpt lat="50.553312858990694" lon="3.767326102964256">
    <name>131.7</name>
  </wpt>
  <wpt lat="50.554073155405277" lon="3.7680821084832936">
    <name>131.8</name>
  </wpt>
  <wpt lat="50.554834229776517" lon="3.76883620117288">
    <name>131.9</name>
  </wpt>
  <wpt lat="50.555595304147687" lon="3.7695903060378333">
    <name>132.0</name>
  </wpt>
  <wpt lat="50.55637203672481" lon="3.7703016910863547">
    <name>132.1</name>
  </wpt>
  <wpt lat="50.557195766987341" lon="3.7708697302646885">
    <name>132.2</name>
  </wpt>
  <wpt lat="50.557970691201696" lon="3.7715857527704784">
    <name>132.3</name>
  </wpt>
  <wpt lat="50.558742409736588" lon="3.7723126125394146">
    <name>132.4</name>
  </wpt>
  <wpt lat="50.5595141282714" lon="3.7730394842098338">
    <name>132.5</name>
  </wpt>
  <wpt lat="50.560285846806167" lon="3.7737663677822448">
    <name>132.6</name>
  </wpt>
  <wpt lat="50.561017540287374" lon="3.7745882410658358">
    <name>132.7</name>
  </wpt>
  <wpt lat="50.561735671839315" lon="3.7754403176688691">
    <name>132.8</name>
  </wpt>
  <wpt lat="50.562449169253291" lon="3.7763018847145644">
    <name>132.9</name>
  </wpt>
  <wpt lat="50.562872932842545" lon="3.7775326474003084">
    <name>133.0</name>
  </wpt>
  <wpt lat="50.563536746819914" lon="3.7784298813465016">
    <name>133.1</name>
  </wpt>
  <wpt lat="50.564242800651449" lon="3.7792869948614696">
    <name>133.2</name>
  </wpt>
  <wpt lat="50.56481955930424" lon="3.7803730603150143">
    <name>133.3</name>
  </wpt>
  <wpt lat="50.565393869589563" lon="3.7814625737302325">
    <name>133.4</name>
  </wpt>
  <wpt lat="50.565968350598588" lon="3.7825518459157981">
    <name>133.5</name>
  </wpt>
  <wpt lat="50.566589597989292" lon="3.7835728283721042">
    <name>133.6</name>
  </wpt>
  <wpt lat="50.567299512743382" lon="3.7844404914792764">
    <name>133.7</name>
  </wpt>
  <wpt lat="50.568030824570286" lon="3.7852645496398671">
    <name>133.8</name>
  </wpt>
  <wpt lat="50.568762588873838" lon="3.7860876147725611">
    <name>133.9</name>
  </wpt>
  <wpt lat="50.569498932027287" lon="3.7869005167227607">
    <name>134.0</name>
  </wpt>
  <wpt lat="50.570235275180657" lon="3.7877134313778766">
    <name>134.1</name>
  </wpt>
  <wpt lat="50.570971618333957" lon="3.7885263587385203">
    <name>134.2</name>
  </wpt>
  <wpt lat="50.571694124213572" lon="3.7893682526925385">
    <name>134.3</name>
  </wpt>
  <wpt lat="50.572353557278262" lon="3.7903296526644477">
    <name>134.4</name>
  </wpt>
  <wpt lat="50.572966463555723" lon="3.7913641948271595">
    <name>134.5</name>
  </wpt>
  <wpt lat="50.573539670112915" lon="3.7924553365138616">
    <name>134.6</name>
  </wpt>
  <wpt lat="50.574112876669993" lon="3.793546491477878">
    <name>134.7</name>
  </wpt>
  <wpt lat="50.574705149581362" lon="3.7946111263613069">
    <name>134.8</name>
  </wpt>
  <wpt lat="50.5753722184409" lon="3.7955596902751614">
    <name>134.9</name>
  </wpt>
  <wpt lat="50.576059761950155" lon="3.7964725355190621">
    <name>135.0</name>
  </wpt>
  <wpt lat="50.576762090059113" lon="3.7973546169781831">
    <name>135.1</name>
  </wpt>
  <wpt lat="50.577582336290476" lon="3.7979175602792359">
    <name>135.2</name>
  </wpt>
  <wpt lat="50.578439164338761" lon="3.7983465777370125">
    <name>135.3</name>
  </wpt>
  <wpt lat="50.579236827476286" lon="3.7989962696056638">
    <name>135.4</name>
  </wpt>
  <wpt lat="50.58002194358825" lon="3.7996869763410261">
    <name>135.5</name>
  </wpt>
  <wpt lat="50.58080705970017" lon="3.800377694590912">
    <name>135.6</name>
  </wpt>
  <wpt lat="50.581576824046408" lon="3.80110872085493">
    <name>135.7</name>
  </wpt>
  <wpt lat="50.58232180241653" lon="3.8019018084292444">
    <name>135.8</name>
  </wpt>
  <wpt lat="50.583060032520187" lon="3.802709273310577">
    <name>135.9</name>
  </wpt>
  <wpt lat="50.583829875669643" lon="3.8034414337517433">
    <name>136.0</name>
  </wpt>
  <wpt lat="50.584601677592595" lon="3.8041684412838559">
    <name>136.1</name>
  </wpt>
  <wpt lat="50.585398016410622" lon="3.8048255298120028">
    <name>136.2</name>
  </wpt>
  <wpt lat="50.586076000026139" lon="3.80559690710489">
    <name>136.3</name>
  </wpt>
  <wpt lat="50.586328061143995" lon="3.8067629639215856">
    <name>136.4</name>
  </wpt>
  <wpt lat="50.58693528719499" lon="3.8078059774777477">
    <name>136.5</name>
  </wpt>
  <wpt lat="50.587135479955833" lon="3.8089039064603032">
    <name>136.6</name>
  </wpt>
  <wpt lat="50.586684391002109" lon="3.81012078003738">
    <name>136.7</name>
  </wpt>
  <wpt lat="50.586776389008044" lon="3.8115033439765118">
    <name>136.8</name>
  </wpt>
  <wpt lat="50.587248397140748" lon="3.8127084902933817">
    <name>136.9</name>
  </wpt>
  <wpt lat="50.587736590989913" lon="3.8138976413822419">
    <name>137.0</name>
  </wpt>
  <wpt lat="50.588243117091352" lon="3.815068081330097">
    <name>137.1</name>
  </wpt>
  <wpt lat="50.588752737948376" lon="3.8162351902694982">
    <name>137.2</name>
  </wpt>
  <wpt lat="50.589250659869734" lon="3.8174145724026145">
    <name>137.3</name>
  </wpt>
  <wpt lat="50.5897618668033" lon="3.818579996874965">
    <name>137.4</name>
  </wpt>
  <wpt lat="50.590270867249778" lon="3.819747736664207">
    <name>137.5</name>
  </wpt>
  <wpt lat="50.59077763860779" lon="3.8209177432182821">
    <name>137.6</name>
  </wpt>
  <wpt lat="50.591291317036166" lon="3.8220804769516517">
    <name>137.7</name>
  </wpt>
  <wpt lat="50.591791123613469" lon="3.8232581547457136">
    <name>137.8</name>
  </wpt>
  <wpt lat="50.592302621898625" lon="3.8244233134240457">
    <name>137.9</name>
  </wpt>
  <wpt lat="50.592808659337329" lon="3.8255943994935953">
    <name>138.0</name>
  </wpt>
  <wpt lat="50.593314289266218" lon="3.8267659347466227">
    <name>138.1</name>
  </wpt>
  <wpt lat="50.593819778939775" lon="3.8279376328409969">
    <name>138.2</name>
  </wpt>
  <wpt lat="50.59432526861324" lon="3.8291093435175432">
    <name>138.3</name>
  </wpt>
  <wpt lat="50.594659000008456" lon="3.8303912655477772">
    <name>138.4</name>
  </wpt>
  <wpt lat="50.5953861525597" lon="3.8308815120550688">
    <name>138.5</name>
  </wpt>
  <wpt lat="50.596204854831946" lon="3.8314450241506433">
    <name>138.6</name>
  </wpt>
  <wpt lat="50.597015352156177" lon="3.83205895613037">
    <name>138.7</name>
  </wpt>
  <wpt lat="50.597825849480358" lon="3.8326728986820568">
    <name>138.8</name>
  </wpt>
  <wpt lat="50.598635986155521" lon="3.83328802982545">
    <name>138.9</name>
  </wpt>
  <wpt lat="50.599445501986438" lon="3.8339051990750006">
    <name>139.0</name>
  </wpt>
  <wpt lat="50.600265447575495" lon="3.8344844984795681">
    <name>139.1</name>
  </wpt>
  <wpt lat="50.601100837335807" lon="3.8350091717004386">
    <name>139.2</name>
  </wpt>
  <wpt lat="50.601933528890712" lon="3.8355417312288766">
    <name>139.3</name>
  </wpt>
  <wpt lat="50.602767099404623" lon="3.8360734908578884">
    <name>139.4</name>
  </wpt>
  <wpt lat="50.603601986672281" lon="3.8365999830754354">
    <name>139.5</name>
  </wpt>
  <wpt lat="50.60443981206965" lon="3.8371095360373624">
    <name>139.6</name>
  </wpt>
  <wpt lat="50.60526632049551" lon="3.8376502105025287">
    <name>139.7</name>
  </wpt>
  <wpt lat="50.60610789062909" lon="3.8381491351399357">
    <name>139.8</name>
  </wpt>
  <wpt lat="50.6069481026035" lon="3.8386541450045781">
    <name>139.9</name>
  </wpt>
  <wpt lat="50.60778881073815" lon="3.8391573032075859">
    <name>140.0</name>
  </wpt>
  <wpt lat="50.608631769178885" lon="3.8396507123130119">
    <name>140.1</name>
  </wpt>
  <wpt lat="50.609316030069145" lon="3.840477208829514">
    <name>140.2</name>
  </wpt>
  <wpt lat="50.609921984309437" lon="3.8414010501794666">
    <name>140.3</name>
  </wpt>
  <wpt lat="50.6108180423455" lon="3.841521022608247">
    <name>140.4</name>
  </wpt>
  <wpt lat="50.611716106761179" lon="3.8414529881860306">
    <name>140.5</name>
  </wpt>
  <wpt lat="50.612612179641431" lon="3.8413335728915028">
    <name>140.6</name>
  </wpt>
  <wpt lat="50.613455946668395" lon="3.8415540619273361">
    <name>140.7</name>
  </wpt>
  <wpt lat="50.613585758851663" lon="3.8429240275241892">
    <name>140.8</name>
  </wpt>
  <wpt lat="50.613657827933565" lon="3.8443232777272409">
    <name>140.9</name>
  </wpt>
  <wpt lat="50.614046413522445" lon="3.8455966563558595">
    <name>141.0</name>
  </wpt>
  <wpt lat="50.614483015854155" lon="3.8468356868167577">
    <name>141.1</name>
  </wpt>
  <wpt lat="50.615042001314237" lon="3.8479393175674774">
    <name>141.2</name>
  </wpt>
  <wpt lat="50.61565311125662" lon="3.8489791385762824">
    <name>141.3</name>
  </wpt>
  <wpt lat="50.616249756263073" lon="3.8500385068331564">
    <name>141.4</name>
  </wpt>
  <wpt lat="50.616743953954931" lon="3.8512219951296416">
    <name>141.5</name>
  </wpt>
  <wpt lat="50.617261812931972" lon="3.8523784262228284">
    <name>141.6</name>
  </wpt>
  <wpt lat="50.617914845810716" lon="3.8533428452928606">
    <name>141.7</name>
  </wpt>
  <wpt lat="50.618687203325216" lon="3.8540684805103833">
    <name>141.8</name>
  </wpt>
  <wpt lat="50.619472700540648" lon="3.8547522334629689">
    <name>141.9</name>
  </wpt>
  <wpt lat="50.620366485909109" lon="3.8548672361818306">
    <name>142.0</name>
  </wpt>
  <wpt lat="50.621237942107342" lon="3.8551612365860839">
    <name>142.1</name>
  </wpt>
  <wpt lat="50.62199924639539" lon="3.8559152665313161">
    <name>142.2</name>
  </wpt>
  <wpt lat="50.622759775162748" lon="3.8566714915052684">
    <name>142.3</name>
  </wpt>
  <wpt lat="50.623598989000648" lon="3.8571541726649934">
    <name>142.4</name>
  </wpt>
  <wpt lat="50.624453558322507" lon="3.8575781216111849">
    <name>142.5</name>
  </wpt>
  <wpt lat="50.625237769519508" lon="3.8582718790080879">
    <name>142.6</name>
  </wpt>
  <wpt lat="50.626020533547127" lon="3.8589698567007069">
    <name>142.7</name>
  </wpt>
  <wpt lat="50.626816316018683" lon="3.85963005789686">
    <name>142.8</name>
  </wpt>
  <wpt lat="50.627615801638861" lon="3.8602788149411542">
    <name>142.9</name>
  </wpt>
  <wpt lat="50.62847220504694" lon="3.860705026357667">
    <name>143.0</name>
  </wpt>
  <wpt lat="50.629336569099316" lon="3.8610964604015461">
    <name>143.1</name>
  </wpt>
  <wpt lat="50.630200933151677" lon="3.86148790164213">
    <name>143.2</name>
  </wpt>
  <wpt lat="50.631065297204017" lon="3.8618793500798256">
    <name>143.3</name>
  </wpt>
  <wpt lat="50.631930247834319" lon="3.8622672091347483">
    <name>143.4</name>
  </wpt>
  <wpt lat="50.632819724131686" lon="3.862456920051526">
    <name>143.5</name>
  </wpt>
  <wpt lat="50.633717389790796" lon="3.8624821762913335">
    <name>143.6</name>
  </wpt>
  <wpt lat="50.634593934999579" lon="3.86217715382587">
    <name>143.7</name>
  </wpt>
  <wpt lat="50.6354570196773" lon="3.8617787140013684">
    <name>143.8</name>
  </wpt>
  <wpt lat="50.636340228558595" lon="3.861611197785666">
    <name>143.9</name>
  </wpt>
  <wpt lat="50.637213445664628" lon="3.8619420399730675">
    <name>144.0</name>
  </wpt>
  <wpt lat="50.638073368694116" lon="3.8623571484554642">
    <name>144.1</name>
  </wpt>
  <wpt lat="50.638909048373989" lon="3.8628733960743222">
    <name>144.2</name>
  </wpt>
  <wpt lat="50.639697859783148" lon="3.8635520868330748">
    <name>144.3</name>
  </wpt>
  <wpt lat="50.64045237425762" lon="3.8643209420579536">
    <name>144.4</name>
  </wpt>
  <wpt lat="50.641180234783882" lon="3.8651502288068866">
    <name>144.5</name>
  </wpt>
  <wpt lat="50.641939713005137" lon="3.86590970186465">
    <name>144.6</name>
  </wpt>
  <wpt lat="50.642728411087269" lon="3.866588420712942">
    <name>144.7</name>
  </wpt>
  <wpt lat="50.643529514024877" lon="3.8672328638769811">
    <name>144.8</name>
  </wpt>
  <wpt lat="50.644326454806517" lon="3.8678895574028309">
    <name>144.9</name>
  </wpt>
  <wpt lat="50.645084850148194" lon="3.8686480993469523">
    <name>145.0</name>
  </wpt>
  <wpt lat="50.6457802635834" lon="3.8695473728387451">
    <name>145.1</name>
  </wpt>
  <wpt lat="50.646548314145235" lon="3.8702796187532726">
    <name>145.2</name>
  </wpt>
  <wpt lat="50.647387608004493" lon="3.8707890929467528">
    <name>145.3</name>
  </wpt>
  <wpt lat="50.648033805035624" lon="3.8715995906340428">
    <name>145.4</name>
  </wpt>
  <wpt lat="50.648148180779678" lon="3.8730063790685234">
    <name>145.5</name>
  </wpt>
  <wpt lat="50.648294330126816" lon="3.8743972244684564">
    <name>145.6</name>
  </wpt>
  <wpt lat="50.649165971499087" lon="3.8743472420210021">
    <name>145.7</name>
  </wpt>
  <wpt lat="50.650057055724453" lon="3.8741557109909444">
    <name>145.8</name>
  </wpt>
  <wpt lat="50.650948139949804" lon="3.8739641763279296">
    <name>145.9</name>
  </wpt>
  <wpt lat="50.651839507324731" lon="3.8737759470019677">
    <name>146.0</name>
  </wpt>
  <wpt lat="50.652731680798482" lon="3.8735974649540044">
    <name>146.1</name>
  </wpt>
  <wpt lat="50.65362846686525" lon="3.8735176435949104">
    <name>146.2</name>
  </wpt>
  <wpt lat="50.654525108888343" lon="3.8734381903467017">
    <name>146.3</name>
  </wpt>
  <wpt lat="50.655422357664428" lon="3.87346264114162">
    <name>146.4</name>
  </wpt>
  <wpt lat="50.656319657790959" lon="3.8733965855754406">
    <name>146.5</name>
  </wpt>
  <wpt lat="50.65716119964825" lon="3.8734916198784037">
    <name>146.6</name>
  </wpt>
  <wpt lat="50.6569498117113" lon="3.874862778751488">
    <name>146.7</name>
  </wpt>
  <wpt lat="50.656702401809966" lon="3.8762191595194211">
    <name>146.8</name>
  </wpt>
  <wpt lat="50.65657269212852" lon="3.8774900996316251">
    <name>146.9</name>
  </wpt>
  <wpt lat="50.657375894205096" lon="3.8781110075166421">
    <name>147.0</name>
  </wpt>
  <wpt lat="50.65825000217221" lon="3.8784444882232023">
    <name>147.1</name>
  </wpt>
  <wpt lat="50.658905113771731" lon="3.8792992337161802">
    <name>147.2</name>
  </wpt>
  <wpt lat="50.659292963017066" lon="3.8805371058821656">
    <name>147.3</name>
  </wpt>
  <wpt lat="50.659451527679479" lon="3.8818948639567861">
    <name>147.4</name>
  </wpt>
  <wpt lat="50.659943903221816" lon="3.88307685070791">
    <name>147.5</name>
  </wpt>
  <wpt lat="50.660540262331232" lon="3.8841377290027861">
    <name>147.6</name>
  </wpt>
  <wpt lat="50.660974956943996" lon="3.8853607101747945">
    <name>147.7</name>
  </wpt>
  <wpt lat="50.661613513134654" lon="3.8863143790044044">
    <name>147.8</name>
  </wpt>
  <wpt lat="50.662225768245207" lon="3.8873534815288582">
    <name>147.9</name>
  </wpt>
  <wpt lat="50.662923286288581" lon="3.8880861972946681">
    <name>148.0</name>
  </wpt>
  <wpt lat="50.663573276466494" lon="3.8888872792198406">
    <name>148.1</name>
  </wpt>
  <wpt lat="50.66414130737747" lon="3.8899867482246315">
    <name>148.2</name>
  </wpt>
  <wpt lat="50.664638240217116" lon="3.8911681271330809">
    <name>148.3</name>
  </wpt>
  <wpt lat="50.665088015635277" lon="3.8923932560150942">
    <name>148.4</name>
  </wpt>
  <wpt lat="50.665257689133675" lon="3.8937856994038644">
    <name>148.5</name>
  </wpt>
  <wpt lat="50.665425404962562" lon="3.8951795312167086">
    <name>148.6</name>
  </wpt>
  <wpt lat="50.665789863282306" lon="3.8955982821176534">
    <name>148.7</name>
  </wpt>
  <wpt lat="50.666670769983568" lon="3.8954377935675373">
    <name>148.8</name>
  </wpt>
  <wpt lat="50.667521345163621" lon="3.8958985889557534">
    <name>148.9</name>
  </wpt>
  <wpt lat="50.668206526184719" lon="3.8967184579198375">
    <name>149.0</name>
  </wpt>
  <wpt lat="50.668676200597481" lon="3.89791190761883">
    <name>149.1</name>
  </wpt>
  <wpt lat="50.668931541036962" lon="3.8992633426526297">
    <name>149.2</name>
  </wpt>
  <wpt lat="50.669101507333252" lon="3.9006559025325482">
    <name>149.3</name>
  </wpt>
  <wpt lat="50.669490794465872" lon="3.901926070050973">
    <name>149.4</name>
  </wpt>
  <wpt lat="50.669969616556024" lon="3.9031270132064111">
    <name>149.5</name>
  </wpt>
  <wpt lat="50.670412110173885" lon="3.9043623399840519">
    <name>149.6</name>
  </wpt>
  <wpt lat="50.670785480901365" lon="3.9056395262501948">
    <name>149.7</name>
  </wpt>
  <wpt lat="50.670834225800675" lon="3.9070554926700525">
    <name>149.8</name>
  </wpt>
  <wpt lat="50.67107796762" lon="3.9084142126824188">
    <name>149.9</name>
  </wpt>
  <wpt lat="50.671447451276542" lon="3.9096979528635565">
    <name>150.0</name>
  </wpt>
  <wpt lat="50.672128233207246" lon="3.9105711160682155">
    <name>150.1</name>
  </wpt>
  <wpt lat="50.67266367247484" lon="3.9117112340546103">
    <name>150.2</name>
  </wpt>
  <wpt lat="50.673189765416893" lon="3.9128621135227797">
    <name>150.3</name>
  </wpt>
  <wpt lat="50.673803919668565" lon="3.9138905365728807">
    <name>150.4</name>
  </wpt>
  <wpt lat="50.674298067280091" lon="3.9150546001804347">
    <name>150.5</name>
  </wpt>
  <wpt lat="50.674674010556664" lon="3.9163318838217269">
    <name>150.6</name>
  </wpt>
  <wpt lat="50.675154961238142" lon="3.9175185136379715">
    <name>150.7</name>
  </wpt>
  <wpt lat="50.675607901541632" lon="3.91873443957331">
    <name>150.8</name>
  </wpt>
  <wpt lat="50.676148742809957" lon="3.9198682620639125">
    <name>150.9</name>
  </wpt>
  <wpt lat="50.676564814591849" lon="3.9211192574663927">
    <name>151.0</name>
  </wpt>
  <wpt lat="50.677075433690447" lon="3.9222767203700917">
    <name>151.1</name>
  </wpt>
  <wpt lat="50.677509314169264" lon="3.9235066029437364">
    <name>151.2</name>
  </wpt>
  <wpt lat="50.677898043936175" lon="3.9247861260671155">
    <name>151.3</name>
  </wpt>
  <wpt lat="50.678232154726729" lon="3.9261028573682495">
    <name>151.4</name>
  </wpt>
  <wpt lat="50.67845852998996" lon="3.9274726678765748">
    <name>151.5</name>
  </wpt>
  <wpt lat="50.678804167055375" lon="3.9287642416926483">
    <name>151.6</name>
  </wpt>
  <wpt lat="50.678881051639678" lon="3.9301613796074046">
    <name>151.7</name>
  </wpt>
  <wpt lat="50.678956144516221" lon="3.9312398519861729">
    <name>151.8</name>
  </wpt>
  <wpt lat="50.679570459230547" lon="3.9321153323181455">
    <name>151.9</name>
  </wpt>
  <wpt lat="50.680379999278145" lon="3.9314972148577159">
    <name>152.0</name>
  </wpt>
  <wpt lat="50.681191756085951" lon="3.9308866968955618">
    <name>152.1</name>
  </wpt>
  <wpt lat="50.6819732003792" lon="3.9301913679684746">
    <name>152.2</name>
  </wpt>
  <wpt lat="50.682724774316782" lon="3.9294119116883883">
    <name>152.3</name>
  </wpt>
  <wpt lat="50.6835096334555" lon="3.9287199565413458">
    <name>152.4</name>
  </wpt>
  <wpt lat="50.684275191894848" lon="3.9279761812288676">
    <name>152.5</name>
  </wpt>
  <wpt lat="50.685011774536719" lon="3.9271631426806124">
    <name>152.6</name>
  </wpt>
  <wpt lat="50.685841620043405" lon="3.9266605520742024">
    <name>152.7</name>
  </wpt>
  <wpt lat="50.686717239117662" lon="3.9263377174809793">
    <name>152.8</name>
  </wpt>
  <wpt lat="50.687606509395245" lon="3.9262876685906694">
    <name>152.9</name>
  </wpt>
  <wpt lat="50.688476722401326" lon="3.9266453957934671">
    <name>153.0</name>
  </wpt>
  <wpt lat="50.689149076588343" lon="3.9275136146051177">
    <name>153.1</name>
  </wpt>
  <wpt lat="50.690013881947827" lon="3.9278550949263789">
    <name>153.2</name>
  </wpt>
  <wpt lat="50.69091204718908" lon="3.9278337500946536">
    <name>153.3</name>
  </wpt>
  <wpt lat="50.691797205408761" lon="3.9280744307814275">
    <name>153.4</name>
  </wpt>
  <wpt lat="50.692692948622273" lon="3.92816288351974">
    <name>153.5</name>
  </wpt>
  <wpt lat="50.693578911292917" lon="3.9279250326982633">
    <name>153.6</name>
  </wpt>
  <wpt lat="50.694462487648742" lon="3.9276769999999592">
    <name>153.7</name>
  </wpt>
  <wpt lat="50.695351568363996" lon="3.9278748623396691">
    <name>153.8</name>
  </wpt>
  <wpt lat="50.696226432690871" lon="3.928198244698299">
    <name>153.9</name>
  </wpt>
  <wpt lat="50.697039346429065" lon="3.928777346161326">
    <name>154.0</name>
  </wpt>
  <wpt lat="50.697854607424581" lon="3.9293512146859282">
    <name>154.1</name>
  </wpt>
  <wpt lat="50.698746193889932" lon="3.9295353962553117">
    <name>154.2</name>
  </wpt>
  <wpt lat="50.69964318126506" lon="3.929636776788036">
    <name>154.3</name>
  </wpt>
  <wpt lat="50.70052971828283" lon="3.9298475754749491">
    <name>154.4</name>
  </wpt>
  <wpt lat="50.701407631804138" lon="3.9301506309713052">
    <name>154.5</name>
  </wpt>
  <wpt lat="50.702271347237478" lon="3.9305158744076962">
    <name>154.6</name>
  </wpt>
  <wpt lat="50.703112925841083" lon="3.9310160806619781">
    <name>154.7</name>
  </wpt>
  <wpt lat="50.703996581120137" lon="3.9312425217552733">
    <name>154.8</name>
  </wpt>
  <wpt lat="50.704892979402025" lon="3.931335164133742">
    <name>154.9</name>
  </wpt>
  <wpt lat="50.705785890818554" lon="3.9311782051102933">
    <name>155.0</name>
  </wpt>
  <wpt lat="50.706683767289604" lon="3.9311449946923238">
    <name>155.1</name>
  </wpt>
  <wpt lat="50.7075434950448" lon="3.9307553017738455">
    <name>155.2</name>
  </wpt>
  <wpt lat="50.708259210669141" lon="3.9299064018297463">
    <name>155.3</name>
  </wpt>
  <wpt lat="50.70903713968984" lon="3.9299221974497067">
    <name>155.4</name>
  </wpt>
  <wpt lat="50.709770310220584" lon="3.9307443632166987">
    <name>155.5</name>
  </wpt>
  <wpt lat="50.7105400154857" lon="3.931477372080546">
    <name>155.6</name>
  </wpt>
  <wpt lat="50.711340328825287" lon="3.9321201060354651">
    <name>155.7</name>
  </wpt>
  <wpt lat="50.712181872231284" lon="3.93262088688672">
    <name>155.8</name>
  </wpt>
  <wpt lat="50.712999955546522" lon="3.9332032111222461">
    <name>155.9</name>
  </wpt>
  <wpt lat="50.713712458092054" lon="3.9340628138150304">
    <name>156.0</name>
  </wpt>
  <wpt lat="50.714319694820674" lon="3.9351100678016011">
    <name>156.1</name>
  </wpt>
  <wpt lat="50.714921720002806" lon="3.9361650392043166">
    <name>156.2</name>
  </wpt>
  <wpt lat="50.715432043395246" lon="3.9373311965228761">
    <name>156.3</name>
  </wpt>
  <wpt lat="50.715918536304443" lon="3.9385251631135039">
    <name>156.4</name>
  </wpt>
  <wpt lat="50.71634096217926" lon="3.9397709240620888">
    <name>156.5</name>
  </wpt>
  <wpt lat="50.716962416620206" lon="3.9406465921098897">
    <name>156.6</name>
  </wpt>
  <wpt lat="50.71775996631591" lon="3.9399942239795318">
    <name>156.7</name>
  </wpt>
  <wpt lat="50.718628571502919" lon="3.9396782275015227">
    <name>156.8</name>
  </wpt>
  <wpt lat="50.719333883025719" lon="3.9388029290597215">
    <name>156.9</name>
  </wpt>
  <wpt lat="50.719975030420485" lon="3.9378136834897388">
    <name>157.0</name>
  </wpt>
  <wpt lat="50.720731382345932" lon="3.9370848347539606">
    <name>157.1</name>
  </wpt>
  <wpt lat="50.721616712552617" lon="3.93685060080787">
    <name>157.2</name>
  </wpt>
  <wpt lat="50.72250815856367" lon="3.9366630146657871">
    <name>157.3</name>
  </wpt>
  <wpt lat="50.723401072135282" lon="3.9364938357397583">
    <name>157.4</name>
  </wpt>
  <wpt lat="50.724239323467913" lon="3.9360378301679644">
    <name>157.5</name>
  </wpt>
  <wpt lat="50.724856381778643" lon="3.9350089514378097">
    <name>157.6</name>
  </wpt>
  <wpt lat="50.725555595912496" lon="3.9341201701947033">
    <name>157.7</name>
  </wpt>
  <wpt lat="50.7263447154064" lon="3.9334485174597638">
    <name>157.8</name>
  </wpt>
  <wpt lat="50.727223852579954" lon="3.933172089907139">
    <name>157.9</name>
  </wpt>
  <wpt lat="50.728119144068557" lon="3.9330489374780608">
    <name>158.0</name>
  </wpt>
  <wpt lat="50.729005500500548" lon="3.932820418292573">
    <name>158.1</name>
  </wpt>
  <wpt lat="50.72988733089764" lon="3.9325539602522079">
    <name>158.2</name>
  </wpt>
  <wpt lat="50.730638899470115" lon="3.931805385270509">
    <name>158.3</name>
  </wpt>
  <wpt lat="50.731440522805336" lon="3.9312162138461808">
    <name>158.4</name>
  </wpt>
  <wpt lat="50.732322609927891" lon="3.9309393849666878">
    <name>158.5</name>
  </wpt>
  <wpt lat="50.733204697050425" lon="3.9306625508741386">
    <name>158.6</name>
  </wpt>
  <wpt lat="50.734074021715628" lon="3.9303129869850695">
    <name>158.7</name>
  </wpt>
  <wpt lat="50.734915761873523" lon="3.9298127252431869">
    <name>158.8</name>
  </wpt>
  <wpt lat="50.735758085275343" lon="3.9293149046751363">
    <name>158.9</name>
  </wpt>
  <wpt lat="50.736589472369516" lon="3.9287750808805142">
    <name>159.0</name>
  </wpt>
  <wpt lat="50.737348257424181" lon="3.9280267537725195">
    <name>159.1</name>
  </wpt>
  <wpt lat="50.738229907248652" lon="3.9280140285965395">
    <name>159.2</name>
  </wpt>
  <wpt lat="50.739029313132029" lon="3.9286613892344326">
    <name>159.3</name>
  </wpt>
  <wpt lat="50.73981548710595" lon="3.9293514432305114">
    <name>159.4</name>
  </wpt>
  <wpt lat="50.740670063535063" lon="3.9297369999999625">
    <name>159.5</name>
  </wpt>
  <wpt lat="50.74156938514097" lon="3.9297369999999625">
    <name>159.6</name>
  </wpt>
  <wpt lat="50.742464936736432" lon="3.9296680726258746">
    <name>159.7</name>
  </wpt>
  <wpt lat="50.742263305862643" lon="3.9285555811424238">
    <name>159.8</name>
  </wpt>
  <wpt lat="50.741865468637194" lon="3.9272819299081068">
    <name>159.9</name>
  </wpt>
  <wpt lat="50.741437586839673" lon="3.9260323491722793">
    <name>160.0</name>
  </wpt>
  <wpt lat="50.741849002884273" lon="3.9250375122192263">
    <name>160.1</name>
  </wpt>
  <wpt lat="50.742457425824341" lon="3.9239979063260413">
    <name>160.2</name>
  </wpt>
  <wpt lat="50.743172182826704" lon="3.9231759742470733">
    <name>160.3</name>
  </wpt>
  <wpt lat="50.7438000243467" lon="3.9230594169415793">
    <name>160.4</name>
  </wpt>
  <wpt lat="50.7441568745214" lon="3.9221124017156237">
    <name>160.5</name>
  </wpt>
  <wpt lat="50.7450116756966" lon="3.9216761105329483">
    <name>160.6</name>
  </wpt>
  <wpt lat="50.745884924091925" lon="3.9213409662450482">
    <name>160.7</name>
  </wpt>
  <wpt lat="50.746761832174187" lon="3.9210281489705192">
    <name>160.8</name>
  </wpt>
  <wpt lat="50.747637269160712" lon="3.9207031788752262">
    <name>160.9</name>
  </wpt>
  <wpt lat="50.748524244783034" lon="3.9205015772382907">
    <name>161.0</name>
  </wpt>
  <wpt lat="50.749423308429094" lon="3.920468610681235">
    <name>161.1</name>
  </wpt>
  <wpt lat="50.7503168338007" lon="3.9203152920040374">
    <name>161.2</name>
  </wpt>
  <wpt lat="50.751126542009843" lon="3.9197548802040605">
    <name>161.3</name>
  </wpt>
  <wpt lat="50.751212158250965" lon="3.9185341579172523">
    <name>161.4</name>
  </wpt>
  <wpt lat="50.750588788633991" lon="3.917524635697557">
    <name>161.5</name>
  </wpt>
  <wpt lat="50.750353788969093" lon="3.9161700053223973">
    <name>161.6</name>
  </wpt>
  <wpt lat="50.750184000000978" lon="3.9147748597385426">
    <name>161.7</name>
  </wpt>
  <wpt lat="50.750059090602946" lon="3.9133693356899641">
    <name>161.8</name>
  </wpt>
  <wpt lat="50.749948000201385" lon="3.9119622691485962">
    <name>161.9</name>
  </wpt>
  <wpt lat="50.749892437343959" lon="3.91054625963838">
    <name>162.0</name>
  </wpt>
  <wpt lat="50.749942292099533" lon="3.9091307804133444">
    <name>162.1</name>
  </wpt>
  <wpt lat="50.749991000150921" lon="3.9077120919548967">
    <name>162.2</name>
  </wpt>
  <wpt lat="50.749969000007539" lon="3.9062915292248865">
    <name>162.3</name>
  </wpt>
  <wpt lat="50.750098223583038" lon="3.904885941032306">
    <name>162.4</name>
  </wpt>
  <wpt lat="50.750197818583416" lon="3.903473300511151">
    <name>162.5</name>
  </wpt>
  <wpt lat="50.750116713043447" lon="3.9020741302413926">
    <name>162.6</name>
  </wpt>
  <wpt lat="50.750012000395714" lon="3.9006749322818779">
    <name>162.7</name>
  </wpt>
  <wpt lat="50.750095655962518" lon="3.8992817813608571">
    <name>162.8</name>
  </wpt>
  <wpt lat="50.750963472771311" lon="3.89903576675208">
    <name>162.9</name>
  </wpt>
  <wpt lat="50.751767724109861" lon="3.8987078204746775">
    <name>163.0</name>
  </wpt>
  <wpt lat="50.752212440003021" lon="3.8974738736001751">
    <name>163.1</name>
  </wpt>
  <wpt lat="50.75303424223825" lon="3.8975625789934059">
    <name>163.2</name>
  </wpt>
  <wpt lat="50.75384580192555" lon="3.8969500968699888">
    <name>163.3</name>
  </wpt>
  <wpt lat="50.754658730288149" lon="3.8963422829467249">
    <name>163.4</name>
  </wpt>
  <wpt lat="50.755513879678851" lon="3.8959927321677497">
    <name>163.5</name>
  </wpt>
  <wpt lat="50.756345829566875" lon="3.8956009341943205">
    <name>163.6</name>
  </wpt>
  <wpt lat="50.75708937894715" lon="3.8948112422255767">
    <name>163.7</name>
  </wpt>
  <wpt lat="50.757671445803517" lon="3.8937277793260887">
    <name>163.8</name>
  </wpt>
  <wpt lat="50.758262197640569" lon="3.8926558825767006">
    <name>163.9</name>
  </wpt>
  <wpt lat="50.758853300968248" lon="3.8915844578606076">
    <name>164.0</name>
  </wpt>
  <wpt lat="50.759644135042329" lon="3.890958145149304">
    <name>164.1</name>
  </wpt>
  <wpt lat="50.760518506289152" lon="3.8907673509819105">
    <name>164.2</name>
  </wpt>
  <wpt lat="50.761307242813871" lon="3.8901591952268788">
    <name>164.3</name>
  </wpt>
  <wpt lat="50.762004161384475" lon="3.889265129515374">
    <name>164.4</name>
  </wpt>
  <wpt lat="50.762560374987565" lon="3.8881707203165061">
    <name>164.5</name>
  </wpt>
  <wpt lat="50.762993852005259" lon="3.8869878209851625">
    <name>164.6</name>
  </wpt>
  <wpt lat="50.763629960871448" lon="3.8859838893133491">
    <name>164.7</name>
  </wpt>
  <wpt lat="50.764309972359364" lon="3.8867434059053236">
    <name>164.8</name>
  </wpt>
  <wpt lat="50.765104822138646" lon="3.8874007437764386">
    <name>164.9</name>
  </wpt>
  <wpt lat="50.765874248194194" lon="3.8881338701546064">
    <name>165.0</name>
  </wpt>
  <wpt lat="50.76638408350118" lon="3.8874700045516368">
    <name>165.1</name>
  </wpt>
  <wpt lat="50.767195617035547" lon="3.8869143412510989">
    <name>165.2</name>
  </wpt>
  <wpt lat="50.7680827810499" lon="3.8867097283723666">
    <name>165.3</name>
  </wpt>
  <wpt lat="50.768977745266852" lon="3.8865710656675292">
    <name>165.4</name>
  </wpt>
  <wpt lat="50.769868019304845" lon="3.8863699705050725">
    <name>165.5</name>
  </wpt>
  <wpt lat="50.770766710511936" lon="3.886348755584605">
    <name>165.6</name>
  </wpt>
  <wpt lat="50.770921136037984" lon="3.8854018587949741">
    <name>165.7</name>
  </wpt>
  <wpt lat="50.770029564156381" lon="3.8855081855057869">
    <name>165.8</name>
  </wpt>
  <wpt lat="50.770812432081179" lon="3.8850284272620739">
    <name>165.9</name>
  </wpt>
  <wpt lat="50.771643645268867" lon="3.884611712947541">
    <name>166.0</name>
  </wpt>
  <wpt lat="50.772498358758995" lon="3.8850388196702483">
    <name>166.1</name>
  </wpt>
  <wpt lat="50.773138343947522" lon="3.8859991187580376">
    <name>166.2</name>
  </wpt>
  <wpt lat="50.773869784560056" lon="3.8868085956700682">
    <name>166.3</name>
  </wpt>
  <wpt lat="50.77328050221233" lon="3.887746671808979">
    <name>166.4</name>
  </wpt>
  <wpt lat="50.772482159675413" lon="3.8881365631289317">
    <name>166.5</name>
  </wpt>
  <wpt lat="50.771713017284867" lon="3.8881113025437233">
    <name>166.6</name>
  </wpt>
  <wpt lat="50.771688132612937" lon="3.8891421319757464">
    <name>166.7</name>
  </wpt>
  <wpt lat="50.772152676152011" lon="3.8900473281975394">
    <name>166.8</name>
  </wpt>
  <wpt lat="50.772703212680369" lon="3.89100599999997">
    <name>166.9</name>
  </wpt>
  <wpt lat="50.773323974615629" lon="3.8909664287794974">
    <name>167.0</name>
  </wpt>
  <wpt lat="50.774026053800917" lon="3.8918403329228162">
    <name>167.1</name>
  </wpt>
  <wpt lat="50.774246094247218" lon="3.8930764305363312">
    <name>167.2</name>
  </wpt>
  <wpt lat="50.77450942067199" lon="3.8944328212973129">
    <name>167.3</name>
  </wpt>
  <wpt lat="50.774707061070416" lon="3.8958186614767656">
    <name>167.4</name>
  </wpt>
  <wpt lat="50.774925822319823" lon="3.8971980866657141">
    <name>167.5</name>
  </wpt>
  <wpt lat="50.7751564209085" lon="3.8985713271916853">
    <name>167.6</name>
  </wpt>
  <wpt lat="50.775700059675472" lon="3.8996858074456489">
    <name>167.7</name>
  </wpt>
  <wpt lat="50.776367749809594" lon="3.9006362752967347">
    <name>167.8</name>
  </wpt>
  <wpt lat="50.776959569543223" lon="3.9017051812832308">
    <name>167.9</name>
  </wpt>
  <wpt lat="50.77752825146375" lon="3.9028069549636424">
    <name>168.0</name>
  </wpt>
  <wpt lat="50.778094778765869" lon="3.9039114839012741">
    <name>168.1</name>
  </wpt>
  <wpt lat="50.778608544930172" lon="3.905076090184024">
    <name>168.2</name>
  </wpt>
  <wpt lat="50.779224223849084" lon="3.906095154467343">
    <name>168.3</name>
  </wpt>
  <wpt lat="50.779710481597064" lon="3.907284832631313">
    <name>168.4</name>
  </wpt>
  <wpt lat="50.78013439551534" lon="3.9085383074034916">
    <name>168.5</name>
  </wpt>
  <wpt lat="50.780633335899509" lon="3.9097176392309194">
    <name>168.6</name>
  </wpt>
  <wpt lat="50.781314848460241" lon="3.91064048630976">
    <name>168.7</name>
  </wpt>
  <wpt lat="50.782113663890065" lon="3.9111976678100606">
    <name>168.8</name>
  </wpt>
  <wpt lat="50.78286237123136" lon="3.9118460713612988">
    <name>168.9</name>
  </wpt>
  <wpt lat="50.783437415650212" lon="3.9129370061795341">
    <name>169.0</name>
  </wpt>
  <wpt lat="50.784066079441182" lon="3.913953281303872">
    <name>169.1</name>
  </wpt>
  <wpt lat="50.784708204368748" lon="3.9149490757144148">
    <name>169.2</name>
  </wpt>
  <wpt lat="50.785291216910707" lon="3.91603013930645">
    <name>169.3</name>
  </wpt>
  <wpt lat="50.785743585068388" lon="3.9172477948923583">
    <name>169.4</name>
  </wpt>
  <wpt lat="50.786232500538773" lon="3.9184005816049257">
    <name>169.5</name>
  </wpt>
  <wpt lat="50.786849539369257" lon="3.9194354356234156">
    <name>169.6</name>
  </wpt>
  <wpt lat="50.787474758860327" lon="3.9204578359697773">
    <name>169.7</name>
  </wpt>
  <wpt lat="50.788009262022371" lon="3.9215973929485641">
    <name>169.8</name>
  </wpt>
  <wpt lat="50.7887563330631" lon="3.9223821490141919">
    <name>169.9</name>
  </wpt>
  <wpt lat="50.789518637202939" lon="3.9231364874685464">
    <name>170.0</name>
  </wpt>
  <wpt lat="50.79018007414782" lon="3.9240912667078591">
    <name>170.1</name>
  </wpt>
  <wpt lat="50.790664569475595" lon="3.9252895993584644">
    <name>170.2</name>
  </wpt>
  <wpt lat="50.791277974165062" lon="3.9263252429934696">
    <name>170.3</name>
  </wpt>
  <wpt lat="50.791745677457676" lon="3.9275332376114549">
    <name>170.4</name>
  </wpt>
  <wpt lat="50.79169069891941" lon="3.928929073234408">
    <name>170.5</name>
  </wpt>
  <wpt lat="50.791621045911235" lon="3.9303446725202433">
    <name>170.6</name>
  </wpt>
  <wpt lat="50.791659555745262" lon="3.9317656619040049">
    <name>170.7</name>
  </wpt>
  <wpt lat="50.791676168703873" lon="3.9331877884463928">
    <name>170.8</name>
  </wpt>
  <wpt lat="50.791712466977415" lon="3.9346092875657961">
    <name>170.9</name>
  </wpt>
  <wpt lat="50.791750330559687" lon="3.936030576348045">
    <name>171.0</name>
  </wpt>
  <wpt lat="50.792067578737765" lon="3.9373391393198434">
    <name>171.1</name>
  </wpt>
  <wpt lat="50.792470118858745" lon="3.9386113413209336">
    <name>171.2</name>
  </wpt>
  <wpt lat="50.792872658979626" lon="3.9398835542783988">
    <name>171.3</name>
  </wpt>
  <wpt lat="50.793275199100393" lon="3.9411557781924422">
    <name>171.4</name>
  </wpt>
  <wpt lat="50.793534414244341" lon="3.9425062935655482">
    <name>171.5</name>
  </wpt>
  <wpt lat="50.793803794947237" lon="3.9438607491124871">
    <name>171.6</name>
  </wpt>
  <wpt lat="50.794117665861343" lon="3.9451940147556237">
    <name>171.7</name>
  </wpt>
  <wpt lat="50.794443672038931" lon="3.9465196381126098">
    <name>171.8</name>
  </wpt>
  <wpt lat="50.7947989332352" lon="3.947824733989433">
    <name>171.9</name>
  </wpt>
  <wpt lat="50.7950365805829" lon="3.9491969168152781">
    <name>172.0</name>
  </wpt>
  <wpt lat="50.795036402431471" lon="3.95058219519519">
    <name>172.1</name>
  </wpt>
  <wpt lat="50.79511700584159" lon="3.9518882245124987">
    <name>172.2</name>
  </wpt>
  <wpt lat="50.795165893230028" lon="3.9533088841232216">
    <name>172.3</name>
  </wpt>
  <wpt lat="50.795233108071393" lon="3.9547266903225684">
    <name>172.4</name>
  </wpt>
  <wpt lat="50.79547558532385" lon="3.9560954810449136">
    <name>172.5</name>
  </wpt>
  <wpt lat="50.795604893412161" lon="3.957501201032454">
    <name>172.6</name>
  </wpt>
  <wpt lat="50.795917597889364" lon="3.95881762037074">
    <name>172.7</name>
  </wpt>
  <wpt lat="50.796306489923943" lon="3.9600986599788248">
    <name>172.8</name>
  </wpt>
  <wpt lat="50.796651310540796" lon="3.9614122415327917">
    <name>172.9</name>
  </wpt>
  <wpt lat="50.79703678581977" lon="3.9626948163751821">
    <name>173.0</name>
  </wpt>
  <wpt lat="50.797620921513946" lon="3.9637549330365212">
    <name>173.1</name>
  </wpt>
  <wpt lat="50.798463276201268" lon="3.9642270005781022">
    <name>173.2</name>
  </wpt>
  <wpt lat="50.799330866911546" lon="3.9646016289444672">
    <name>173.3</name>
  </wpt>
  <wpt lat="50.800196006120252" lon="3.9649898237874939">
    <name>173.4</name>
  </wpt>
  <wpt lat="50.801012190265389" lon="3.9655757536212275">
    <name>173.5</name>
  </wpt>
  <wpt lat="50.801821935357573" lon="3.9661720000000367">
    <name>173.6</name>
  </wpt>
  <wpt lat="50.802635877420627" lon="3.966386969934645">
    <name>173.7</name>
  </wpt>
  <wpt lat="50.802371475810666" lon="3.9677470165389654">
    <name>173.8</name>
  </wpt>
  <wpt lat="50.802106371372091" lon="3.9691063742057278">
    <name>173.9</name>
  </wpt>
  <wpt lat="50.8014418411098" lon="3.9700414867462279">
    <name>174.0</name>
  </wpt>
  <wpt lat="50.800682591057445" lon="3.9708031583138159">
    <name>174.1</name>
  </wpt>
  <wpt lat="50.800041931078439" lon="3.9717368041554173">
    <name>174.2</name>
  </wpt>
  <wpt lat="50.800195422198748" lon="3.9730319256919495">
    <name>174.3</name>
  </wpt>
  <wpt lat="50.800629355345272" lon="3.9742782497943296">
    <name>174.4</name>
  </wpt>
  <wpt lat="50.801074214058652" lon="3.9755149043379303">
    <name>174.5</name>
  </wpt>
  <wpt lat="50.801518010953281" lon="3.9767524427826131">
    <name>174.6</name>
  </wpt>
  <wpt lat="50.801659961714293" lon="3.9781336522044195">
    <name>174.7</name>
  </wpt>
  <wpt lat="50.801911825271631" lon="3.9794963017076195">
    <name>174.8</name>
  </wpt>
  <wpt lat="50.802392123843859" lon="3.9806961099032381">
    <name>174.9</name>
  </wpt>
  <wpt lat="50.803008492537074" lon="3.9816827148818676">
    <name>175.0</name>
  </wpt>
  <wpt lat="50.803812050729128" lon="3.9823216832633959">
    <name>175.1</name>
  </wpt>
  <wpt lat="50.8046513848527" lon="3.9827134265782043">
    <name>175.2</name>
  </wpt>
  <wpt lat="50.805459077660508" lon="3.9831556977940936">
    <name>175.3</name>
  </wpt>
  <wpt lat="50.805836116326269" lon="3.984424781975493">
    <name>175.4</name>
  </wpt>
  <wpt lat="50.806021551834149" lon="3.9857173533074559">
    <name>175.5</name>
  </wpt>
  <wpt lat="50.806706474289477" lon="3.9866099191786821">
    <name>175.6</name>
  </wpt>
  <wpt lat="50.807597432183634" lon="3.9867919264896394">
    <name>175.7</name>
  </wpt>
  <wpt lat="50.808356275173665" lon="3.9874274287593661">
    <name>175.8</name>
  </wpt>
  <wpt lat="50.80870842269799" lon="3.988733735079375">
    <name>175.9</name>
  </wpt>
  <wpt lat="50.809381611024619" lon="3.9896640522596183">
    <name>176.0</name>
  </wpt>
  <wpt lat="50.809957095690265" lon="3.9907389512326845">
    <name>176.1</name>
  </wpt>
  <wpt lat="50.810574182609109" lon="3.9917567613670095">
    <name>176.2</name>
  </wpt>
  <wpt lat="50.811300298612181" lon="3.9925834904127959">
    <name>176.3</name>
  </wpt>
  <wpt lat="50.812141172197812" lon="3.9928039148639294">
    <name>176.4</name>
  </wpt>
  <wpt lat="50.813030687903094" lon="3.9929356481113811">
    <name>176.5</name>
  </wpt>
  <wpt lat="50.813923884443469" lon="3.992769813482826">
    <name>176.6</name>
  </wpt>
  <wpt lat="50.814686461783431" lon="3.9933873970576879">
    <name>176.7</name>
  </wpt>
  <wpt lat="50.81543562634662" lon="3.9941726263339765">
    <name>176.8</name>
  </wpt>
  <wpt lat="50.816105813330829" lon="3.9951158037792989">
    <name>176.9</name>
  </wpt>
  <wpt lat="50.81668025121094" lon="3.9962049680867593">
    <name>177.0</name>
  </wpt>
  <wpt lat="50.817161580991105" lon="3.9974044468989445">
    <name>177.1</name>
  </wpt>
  <wpt lat="50.817613068383949" lon="3.9986315813359448">
    <name>177.2</name>
  </wpt>
  <wpt lat="50.817998796547457" lon="3.9998507045676917">
    <name>177.3</name>
  </wpt>
  <wpt lat="50.81881958014354" lon="4.0003657701648008">
    <name>177.4</name>
  </wpt>
  <wpt lat="50.819614170378138" lon="4.0010154128527136">
    <name>177.5</name>
  </wpt>
  <wpt lat="50.820414863647343" lon="4.001661863555082">
    <name>177.6</name>
  </wpt>
  <wpt lat="50.821044829813353" lon="4.0026587151010871">
    <name>177.7</name>
  </wpt>
  <wpt lat="50.821599757718062" lon="4.0037784474127314">
    <name>177.8</name>
  </wpt>
  <wpt lat="50.821995288350209" lon="4.0050534526427626">
    <name>177.9</name>
  </wpt>
  <wpt lat="50.822364014104828" lon="4.0063513325766635">
    <name>178.0</name>
  </wpt>
  <wpt lat="50.822830433556746" lon="4.0075622284471653">
    <name>178.1</name>
  </wpt>
  <wpt lat="50.823353751048252" lon="4.0087107377756555">
    <name>178.2</name>
  </wpt>
  <wpt lat="50.823762978482335" lon="4.0099784380847874">
    <name>178.3</name>
  </wpt>
  <wpt lat="50.824233107866434" lon="4.0111889478080638">
    <name>178.4</name>
  </wpt>
  <wpt lat="50.824754046645907" lon="4.0123494346488071">
    <name>178.5</name>
  </wpt>
  <wpt lat="50.825273319823367" lon="4.0135118018278808">
    <name>178.6</name>
  </wpt>
  <wpt lat="50.825796632828812" lon="4.0146695895740967">
    <name>178.7</name>
  </wpt>
  <wpt lat="50.826600505133761" lon="4.0142793646749224">
    <name>178.8</name>
  </wpt>
  <wpt lat="50.827436246390654" lon="4.0137535495521766">
    <name>178.9</name>
  </wpt>
  <wpt lat="50.827926680637638" lon="4.01284139898732">
    <name>179.0</name>
  </wpt>
  <wpt lat="50.82875948594873" lon="4.01230402057565">
    <name>179.1</name>
  </wpt>
  <wpt lat="50.829597504045267" lon="4.0117914908608441">
    <name>179.2</name>
  </wpt>
  <wpt lat="50.829662170081768" lon="4.0132074259053692">
    <name>179.3</name>
  </wpt>
  <wpt lat="50.829913568730227" lon="4.0145612585520221">
    <name>179.4</name>
  </wpt>
  <wpt lat="50.830221000047231" lon="4.0158915445237">
    <name>179.5</name>
  </wpt>
  <wpt lat="50.83019558784499" lon="4.0173096328255253">
    <name>179.6</name>
  </wpt>
  <wpt lat="50.8305702812244" lon="4.0185913897515881">
    <name>179.7</name>
  </wpt>
  <wpt lat="50.831074266946381" lon="4.019740585181192">
    <name>179.8</name>
  </wpt>
  <wpt lat="50.831409819300163" lon="4.0210327877118095">
    <name>179.9</name>
  </wpt>
  <wpt lat="50.831989018657374" lon="4.02212177814491">
    <name>180.0</name>
  </wpt>
  <wpt lat="50.83254634960096" lon="4.0232386934049735">
    <name>180.1</name>
  </wpt>
  <wpt lat="50.833053242893023" lon="4.0244043176973774">
    <name>180.2</name>
  </wpt>
  <wpt lat="50.833567088330447" lon="4.0255726871069841">
    <name>180.3</name>
  </wpt>
  <wpt lat="50.834058941295552" lon="4.0267647938345226">
    <name>180.4</name>
  </wpt>
  <wpt lat="50.834716810743608" lon="4.0267945302053851">
    <name>180.5</name>
  </wpt>
  <wpt lat="50.835542245640127" lon="4.0262385126366524">
    <name>180.6</name>
  </wpt>
  <wpt lat="50.836119719640351" lon="4.0266054259189055">
    <name>180.7</name>
  </wpt>
  <wpt lat="50.836910421582445" lon="4.0259434575925264">
    <name>180.8</name>
  </wpt>
  <wpt lat="50.837614607225163" lon="4.0250578485200572">
    <name>180.9</name>
  </wpt>
  <wpt lat="50.8383101923242" lon="4.0241564871889191">
    <name>181.0</name>
  </wpt>
  <wpt lat="50.838947539574583" lon="4.0231519636412214">
    <name>181.1</name>
  </wpt>
  <wpt lat="50.839652457910191" lon="4.0223153497705066">
    <name>181.2</name>
  </wpt>
  <wpt lat="50.840510453752188" lon="4.0218915074868882">
    <name>181.3</name>
  </wpt>
  <wpt lat="50.841361273663182" lon="4.02143984069436">
    <name>181.4</name>
  </wpt>
  <wpt lat="50.842242531795044" lon="4.02121778807464">
    <name>181.5</name>
  </wpt>
  <wpt lat="50.843141296177187" lon="4.0211731215852131">
    <name>181.6</name>
  </wpt>
  <wpt lat="50.844039223184261" lon="4.0210941357901993">
    <name>181.7</name>
  </wpt>
  <wpt lat="50.844938074568006" lon="4.0210599999999719">
    <name>181.8</name>
  </wpt>
  <wpt lat="50.845837396173934" lon="4.0210599999999719">
    <name>181.9</name>
  </wpt>
  <wpt lat="50.846736467920053" lon="4.0210820000000078">
    <name>182.0</name>
  </wpt>
  <wpt lat="50.847626624730573" lon="4.0212698122806483">
    <name>182.1</name>
  </wpt>
  <wpt lat="50.848510207825711" lon="4.0215348745515369">
    <name>182.2</name>
  </wpt>
  <wpt lat="50.84940161408332" lon="4.0217184162340294">
    <name>182.3</name>
  </wpt>
  <wpt lat="50.850299716685328" lon="4.0217666295267964">
    <name>182.4</name>
  </wpt>
  <wpt lat="50.851198889117342" lon="4.0217429297778828">
    <name>182.5</name>
  </wpt>
  <wpt lat="50.852097222648389" lon="4.02168410537101">
    <name>182.6</name>
  </wpt>
  <wpt lat="50.852995975024804" lon="4.0216366228759712">
    <name>182.7</name>
  </wpt>
  <wpt lat="50.853894857917012" lon="4.0215928338397">
    <name>182.8</name>
  </wpt>
  <wpt lat="50.854793347998061" lon="4.0215338545128425">
    <name>182.9</name>
  </wpt>
  <wpt lat="50.855692280778" lon="4.0214919674496956">
    <name>183.0</name>
  </wpt>
  <wpt lat="50.856591213557948" lon="4.0214500795791448">
    <name>183.1</name>
  </wpt>
  <wpt lat="50.857490146337881" lon="4.0214081909011918">
    <name>183.2</name>
  </wpt>
  <wpt lat="50.85838917014506" lon="4.0213715730481248">
    <name>183.3</name>
  </wpt>
  <wpt lat="50.859288082592911" lon="4.0213341505042415">
    <name>183.4</name>
  </wpt>
  <wpt lat="50.860186867279644" lon="4.0212850548451">
    <name>183.5</name>
  </wpt>
  <wpt lat="50.861085703759954" lon="4.021238263236663">
    <name>183.6</name>
  </wpt>
  <wpt lat="50.861974873813388" lon="4.0210456920039066">
    <name>183.7</name>
  </wpt>
  <wpt lat="50.862844994546542" lon="4.02068581075035">
    <name>183.8</name>
  </wpt>
  <wpt lat="50.863710588015728" lon="4.0202996356949106">
    <name>183.9</name>
  </wpt>
  <wpt lat="50.8645738875186" lon="4.0199004052882268">
    <name>184.0</name>
  </wpt>
  <wpt lat="50.865427143918311" lon="4.0194503871946887">
    <name>184.1</name>
  </wpt>
  <wpt lat="50.866276903462946" lon="4.0189843007975314">
    <name>184.2</name>
  </wpt>
  <wpt lat="50.867120892985163" lon="4.0184921939863516">
    <name>184.3</name>
  </wpt>
  <wpt lat="50.86797831523873" lon="4.0180636859874834">
    <name>184.4</name>
  </wpt>
  <wpt lat="50.868848343972076" lon="4.0177048602130574">
    <name>184.5</name>
  </wpt>
  <wpt lat="50.86973324233211" lon="4.0174887115624411">
    <name>184.6</name>
  </wpt>
  <wpt lat="50.870625070254768" lon="4.0174563649476029">
    <name>184.7</name>
  </wpt>
  <wpt lat="50.87129851873798" lon="4.0182709999999613">
    <name>184.8</name>
  </wpt>
  <wpt lat="50.872129598968343" lon="4.0185339933605375">
    <name>184.9</name>
  </wpt>
  <wpt lat="50.873008053167624" lon="4.0183900652910873">
    <name>185.0</name>
  </wpt>
  <wpt lat="50.873878251293739" lon="4.01860425127464">
    <name>185.1</name>
  </wpt>
  <wpt lat="50.874576144213592" lon="4.0194973679746813">
    <name>185.2</name>
  </wpt>
  <wpt lat="50.875325210078685" lon="4.0202860564345571">
    <name>185.3</name>
  </wpt>
  <wpt lat="50.876127847949874" lon="4.020268403898787">
    <name>185.4</name>
  </wpt>
  <wpt lat="50.877009269735765" lon="4.020007629181201">
    <name>185.5</name>
  </wpt>
  <wpt lat="50.877905327025914" lon="4.0198863286424524">
    <name>185.6</name>
  </wpt>
  <wpt lat="50.87879887821542" lon="4.0197396938190888">
    <name>185.7</name>
  </wpt>
  <wpt lat="50.879656252151037" lon="4.0198552520712392">
    <name>185.8</name>
  </wpt>
  <wpt lat="50.880221224343416" lon="4.020960957272238">
    <name>185.9</name>
  </wpt>
  <wpt lat="50.880850281451288" lon="4.0219661074635047">
    <name>186.0</name>
  </wpt>
  <wpt lat="50.881575042910278" lon="4.0228100158933291">
    <name>186.1</name>
  </wpt>
  <wpt lat="50.882241321393906" lon="4.0226985487616949">
    <name>186.2</name>
  </wpt>
  <wpt lat="50.882996330291334" lon="4.0219599775856576">
    <name>186.3</name>
  </wpt>
  <wpt lat="50.883824355923068" lon="4.0214037385411121">
    <name>186.4</name>
  </wpt>
  <wpt lat="50.884685175527352" lon="4.02108488606128">
    <name>186.5</name>
  </wpt>
  <wpt lat="50.885580407694626" lon="4.0212188201953714">
    <name>186.6</name>
  </wpt>
  <wpt lat="50.886438550827734" lon="4.0209522922640222">
    <name>186.7</name>
  </wpt>
  <wpt lat="50.887105909064417" lon="4.0218856918969008">
    <name>186.8</name>
  </wpt>
  <wpt lat="50.887944840824488" lon="4.02211398518535">
    <name>186.9</name>
  </wpt>
  <wpt lat="50.888834989011585" lon="4.0219132709114662">
    <name>187.0</name>
  </wpt>
  <wpt lat="50.88972589367193" lon="4.0220485226715024">
    <name>187.1</name>
  </wpt>
  <wpt lat="50.890612434538383" lon="4.0222880219163555">
    <name>187.2</name>
  </wpt>
  <wpt lat="50.891501305552751" lon="4.0225043500419577">
    <name>187.3</name>
  </wpt>
  <wpt lat="50.892379461656446" lon="4.0228103553232444">
    <name>187.4</name>
  </wpt>
  <wpt lat="50.893255535611658" lon="4.0231324327475138">
    <name>187.5</name>
  </wpt>
  <wpt lat="50.894036747085728" lon="4.0237735609699374">
    <name>187.6</name>
  </wpt>
  <wpt lat="50.894609714581534" lon="4.0248649833183512">
    <name>187.7</name>
  </wpt>
  <wpt lat="50.89499892661032" lon="4.0261392212790046">
    <name>187.8</name>
  </wpt>
  <wpt lat="50.895830367374593" lon="4.0265009084869288">
    <name>187.9</name>
  </wpt>
  <wpt lat="50.896651025392522" lon="4.0259196179751333">
    <name>188.0</name>
  </wpt>
  <wpt lat="50.897455910983751" lon="4.0252937051199069">
    <name>188.1</name>
  </wpt>
  <wpt lat="50.898112401805641" lon="4.0243260776169443">
    <name>188.2</name>
  </wpt>
  <wpt lat="50.898955053135296" lon="4.0245900558989218">
    <name>188.3</name>
  </wpt>
  <wpt lat="50.89981820115554" lon="4.0249904101724638">
    <name>188.4</name>
  </wpt>
  <wpt lat="50.900695103114124" lon="4.0253013271342706">
    <name>188.5</name>
  </wpt>
  <wpt lat="50.901586652951558" lon="4.0254817564836056">
    <name>188.6</name>
  </wpt>
  <wpt lat="50.902475345357956" lon="4.0256971476568815">
    <name>188.7</name>
  </wpt>
  <wpt lat="50.903367270665726" lon="4.0258324540899917">
    <name>188.8</name>
  </wpt>
  <wpt lat="50.90426117659748" lon="4.0259270183786242">
    <name>188.9</name>
  </wpt>
  <wpt lat="50.905062650821662" lon="4.0263259806739118">
    <name>189.0</name>
  </wpt>
  <wpt lat="50.905831816949821" lon="4.02690393754009">
    <name>189.1</name>
  </wpt>
  <wpt lat="50.906719947282205" lon="4.027127966392932">
    <name>189.2</name>
  </wpt>
  <wpt lat="50.9076066801851" lon="4.0273640843611984">
    <name>189.3</name>
  </wpt>
  <wpt lat="50.908498441644959" lon="4.0275485867739462">
    <name>189.4</name>
  </wpt>
  <wpt lat="50.909392898076653" lon="4.0276909999999573">
    <name>189.5</name>
  </wpt>
  <wpt lat="50.910205018665394" lon="4.028199283241098">
    <name>189.6</name>
  </wpt>
  <wpt lat="50.911013618839362" lon="4.0288077888301741">
    <name>189.7</name>
  </wpt>
  <wpt lat="50.911731158222395" lon="4.0296674626854516">
    <name>189.8</name>
  </wpt>
  <wpt lat="50.912451874188669" lon="4.0305205626744467">
    <name>189.9</name>
  </wpt>
  <wpt lat="50.913137775408636" lon="4.031423371325797">
    <name>190.0</name>
  </wpt>
  <wpt lat="50.913473804610582" lon="4.0324572633391638">
    <name>190.1</name>
  </wpt>
  <wpt lat="50.9138557673831" lon="4.033490890074118">
    <name>190.2</name>
  </wpt>
  <wpt lat="50.9139647726767" lon="4.0349047586720648">
    <name>190.3</name>
  </wpt>
  <wpt lat="50.914479881747447" lon="4.0360431608628939">
    <name>190.4</name>
  </wpt>
  <wpt lat="50.915243345155808" lon="4.03679534502782">
    <name>190.5</name>
  </wpt>
  <wpt lat="50.915954131765439" lon="4.0376547917073244">
    <name>190.6</name>
  </wpt>
  <wpt lat="50.916653000041" lon="4.0384653865655977">
    <name>190.7</name>
  </wpt>
  <wpt lat="50.916643876676346" lon="4.0398460378950158">
    <name>190.8</name>
  </wpt>
  <wpt lat="50.916138000030791" lon="4.04085228495405">
    <name>190.9</name>
  </wpt>
  <wpt lat="50.915790145447488" lon="4.0421407091391863">
    <name>191.0</name>
  </wpt>
  <wpt lat="50.915530280547081" lon="4.0434796462289615">
    <name>191.1</name>
  </wpt>
  <wpt lat="50.9151155628917" lon="4.044705232551479">
    <name>191.2</name>
  </wpt>
  <wpt lat="50.915343699877191" lon="4.0458484180787444">
    <name>191.3</name>
  </wpt>
  <wpt lat="50.915956906299179" lon="4.0458637231570238">
    <name>191.4</name>
  </wpt>
  <wpt lat="50.916411342785025" lon="4.0470946699873176">
    <name>191.5</name>
  </wpt>
  <wpt lat="50.916794588236385" lon="4.04837755602393">
    <name>191.6</name>
  </wpt>
  <wpt lat="50.917055249176435" lon="4.0497416830622042">
    <name>191.7</name>
  </wpt>
  <wpt lat="50.917663484736188" lon="4.0507848222787741">
    <name>191.8</name>
  </wpt>
  <wpt lat="50.918204536427936" lon="4.05190610016687">
    <name>191.9</name>
  </wpt>
  <wpt lat="50.9185915034587" lon="4.0531921016618284">
    <name>192.0</name>
  </wpt>
  <wpt lat="50.919115169297356" lon="4.0543502223501369">
    <name>192.1</name>
  </wpt>
  <wpt lat="50.91969073499962" lon="4.0552466047150784">
    <name>192.2</name>
  </wpt>
  <wpt lat="50.920577713106006" lon="4.0550128398811607">
    <name>192.3</name>
  </wpt>
  <wpt lat="50.921462964958955" lon="4.05476172149491">
    <name>192.4</name>
  </wpt>
  <wpt lat="50.922347117446947" lon="4.0545027251043244">
    <name>192.5</name>
  </wpt>
  <wpt lat="50.923158349738337" lon="4.0539742817430922">
    <name>192.6</name>
  </wpt>
  <wpt lat="50.923807928793074" lon="4.0530074947321859">
    <name>192.7</name>
  </wpt>
  <wpt lat="50.924643924256642" lon="4.0524815975819672">
    <name>192.8</name>
  </wpt>
  <wpt lat="50.925480094977651" lon="4.0519563927077185">
    <name>192.9</name>
  </wpt>
  <wpt lat="50.926305006720611" lon="4.0514844197234687">
    <name>193.0</name>
  </wpt>
  <wpt lat="50.927099377740234" lon="4.0511559589749089">
    <name>193.1</name>
  </wpt>
  <wpt lat="50.927993687154881" lon="4.05100642770355">
    <name>193.2</name>
  </wpt>
  <wpt lat="50.928826770157741" lon="4.0505423377712">
    <name>193.3</name>
  </wpt>
  <wpt lat="50.929520630837573" lon="4.04972833773526">
    <name>193.4</name>
  </wpt>
  <wpt lat="50.930317481489" lon="4.0491101463181307">
    <name>193.5</name>
  </wpt>
  <wpt lat="50.931196637487723" lon="4.0488116757224377">
    <name>193.6</name>
  </wpt>
  <wpt lat="50.932074287933986" lon="4.0485789424488621">
    <name>193.7</name>
  </wpt>
  <wpt lat="50.932915024184375" lon="4.0481294603718139">
    <name>193.8</name>
  </wpt>
  <wpt lat="50.933628610733" lon="4.0472610844261059">
    <name>193.9</name>
  </wpt>
  <wpt lat="50.934439134075717" lon="4.0466445388755936">
    <name>194.0</name>
  </wpt>
  <wpt lat="50.935179321985757" lon="4.045902160973859">
    <name>194.1</name>
  </wpt>
  <wpt lat="50.935851308073978" lon="4.0454359999999712">
    <name>194.2</name>
  </wpt>
  <wpt lat="50.936684221695423" lon="4.0451344429648053">
    <name>194.3</name>
  </wpt>
  <wpt lat="50.937120109698469" lon="4.0438896688231569">
    <name>194.4</name>
  </wpt>
  <wpt lat="50.937822627896921" lon="4.043177647286714">
    <name>194.5</name>
  </wpt>
  <wpt lat="50.938700112281083" lon="4.0433075320016876">
    <name>194.6</name>
  </wpt>
  <wpt lat="50.939547596165475" lon="4.0436083615999285">
    <name>194.7</name>
  </wpt>
  <wpt lat="50.940213327359622" lon="4.0429257189480419">
    <name>194.8</name>
  </wpt>
  <wpt lat="50.940887347875382" lon="4.0430712629972767">
    <name>194.9</name>
  </wpt>
  <wpt lat="50.941617760251312" lon="4.0436304967628516">
    <name>195.0</name>
  </wpt>
  <wpt lat="50.942112698534643" lon="4.0445487202981543">
    <name>195.1</name>
  </wpt>
  <wpt lat="50.942380000001073" lon="4.04576505238086">
    <name>195.2</name>
  </wpt>
  <wpt lat="50.941924528582852" lon="4.0469484514660943">
    <name>195.3</name>
  </wpt>
  <wpt lat="50.941426611283184" lon="4.0480841111972392">
    <name>195.4</name>
  </wpt>
  <wpt lat="50.94160800002156" lon="4.0494750269866637">
    <name>195.5</name>
  </wpt>
  <wpt lat="50.941805587820525" lon="4.0508423138275429">
    <name>195.6</name>
  </wpt>
  <wpt lat="50.942191199237946" lon="4.0521306066566867">
    <name>195.7</name>
  </wpt>
  <wpt lat="50.942508900675413" lon="4.053461593241459">
    <name>195.8</name>
  </wpt>
  <wpt lat="50.942724155795979" lon="4.054836281270231">
    <name>195.9</name>
  </wpt>
  <wpt lat="50.942829420060242" lon="4.05621687451692">
    <name>196.0</name>
  </wpt>
  <wpt lat="50.943147205450472" lon="4.05743679457522">
    <name>196.1</name>
  </wpt>
  <wpt lat="50.943621459040862" lon="4.0565016320595033">
    <name>196.2</name>
  </wpt>
  <wpt lat="50.943781555228725" lon="4.0553928391357159">
    <name>196.3</name>
  </wpt>
  <wpt lat="50.944300215947237" lon="4.0559909897744939">
    <name>196.4</name>
  </wpt>
  <wpt lat="50.944256182064493" lon="4.057108884399911">
    <name>196.5</name>
  </wpt>
  <wpt lat="50.9434938562275" lon="4.057447712419882">
    <name>196.6</name>
  </wpt>
  <wpt lat="50.9433657120172" lon="4.0580925586597374">
    <name>196.7</name>
  </wpt>
  <wpt lat="50.9435354387169" lon="4.0594642175721987">
    <name>196.8</name>
  </wpt>
  <wpt lat="50.943701404210643" lon="4.0608654555820287">
    <name>196.9</name>
  </wpt>
  <wpt lat="50.9439919616758" lon="4.0622137004929195">
    <name>197.0</name>
  </wpt>
  <wpt lat="50.944343791807519" lon="4.0635272457556884">
    <name>197.1</name>
  </wpt>
  <wpt lat="50.94469030258378" lon="4.0648435214692844">
    <name>197.2</name>
  </wpt>
  <wpt lat="50.944795482498257" lon="4.0662485292430013">
    <name>197.3</name>
  </wpt>
  <wpt lat="50.944749112490832" lon="4.0676715103481182">
    <name>197.4</name>
  </wpt>
  <wpt lat="50.9448202085423" lon="4.0690916746677015">
    <name>197.5</name>
  </wpt>
  <wpt lat="50.944924672326408" lon="4.0705092972122543">
    <name>197.6</name>
  </wpt>
  <wpt lat="50.945121597143491" lon="4.0719009421993588">
    <name>197.7</name>
  </wpt>
  <wpt lat="50.945326744586282" lon="4.0732750150888055">
    <name>197.8</name>
  </wpt>
  <wpt lat="50.945493967336191" lon="4.0746767089478446">
    <name>197.9</name>
  </wpt>
  <wpt lat="50.945775208892137" lon="4.0760149553193585">
    <name>198.0</name>
  </wpt>
  <wpt lat="50.946012654269964" lon="4.0773916776281567">
    <name>198.1</name>
  </wpt>
  <wpt lat="50.946048682344212" lon="4.0787643594384528">
    <name>198.2</name>
  </wpt>
  <wpt lat="50.946940252894414" lon="4.0789513404854523">
    <name>198.3</name>
  </wpt>
  <wpt lat="50.947717926780292" lon="4.0794611857020859">
    <name>198.4</name>
  </wpt>
  <wpt lat="50.948347865925356" lon="4.0804799003844323">
    <name>198.5</name>
  </wpt>
  <wpt lat="50.9489878193376" lon="4.0814827122922521">
    <name>198.6</name>
  </wpt>
  <wpt lat="50.949571143777419" lon="4.0825460157945752">
    <name>198.7</name>
  </wpt>
  <wpt lat="50.94985407442492" lon="4.0839003354725945">
    <name>198.8</name>
  </wpt>
  <wpt lat="50.950310186808039" lon="4.0851044407469983">
    <name>198.9</name>
  </wpt>
  <wpt lat="50.9505591282378" lon="4.0864553363411158">
    <name>199.0</name>
  </wpt>
  <wpt lat="50.950771403255992" lon="4.0878212186196343">
    <name>199.1</name>
  </wpt>
  <wpt lat="50.951503361470387" lon="4.0886034526521637">
    <name>199.2</name>
  </wpt>
  <wpt lat="50.952289113758248" lon="4.0892720831130047">
    <name>199.3</name>
  </wpt>
  <wpt lat="50.952818746141155" lon="4.0904154805421573">
    <name>199.4</name>
  </wpt>
  <wpt lat="50.952809000109625" lon="4.0918325904833779">
    <name>199.5</name>
  </wpt>
  <wpt lat="50.952958695558983" lon="4.0930083720955714">
    <name>199.6</name>
  </wpt>
  <wpt lat="50.952249672234387" lon="4.0938864176721168">
    <name>199.7</name>
  </wpt>
  <wpt lat="50.951545688203488" lon="4.0947747442210911">
    <name>199.8</name>
  </wpt>
  <wpt lat="50.950882085270329" lon="4.0957340686477961">
    <name>199.9</name>
  </wpt>
  <wpt lat="50.950302524474125" lon="4.0968244311766648">
    <name>200.0</name>
  </wpt>
  <wpt lat="50.94972321269718" lon="4.0979135755791454">
    <name>200.1</name>
  </wpt>
  <wpt lat="50.949731158894309" lon="4.0989413097698542">
    <name>200.2</name>
  </wpt>
  <wpt lat="50.949577506838395" lon="4.1002953250575951">
    <name>200.3</name>
  </wpt>
  <wpt lat="50.950154419801713" lon="4.1013613177536072">
    <name>200.4</name>
  </wpt>
  <wpt lat="50.950698487362232" lon="4.102497931074585">
    <name>200.5</name>
  </wpt>
  <wpt lat="50.951089625534181" lon="4.1037542154823088">
    <name>200.6</name>
  </wpt>
  <wpt lat="50.951487736747431" lon="4.1050311999497371">
    <name>200.7</name>
  </wpt>
  <wpt lat="50.951276487408151" lon="4.1061639532812606">
    <name>200.8</name>
  </wpt>
  <wpt lat="50.950685309638679" lon="4.1072394443839428">
    <name>200.9</name>
  </wpt>
  <wpt lat="50.950155943778739" lon="4.1083915297640505">
    <name>201.0</name>
  </wpt>
  <wpt lat="50.949648149515355" lon="4.1095626783035613">
    <name>201.1</name>
  </wpt>
  <wpt lat="50.949180949595885" lon="4.1107701658916662">
    <name>201.2</name>
  </wpt>
  <wpt lat="50.94866078558718" lon="4.111923702511854">
    <name>201.3</name>
  </wpt>
  <wpt lat="50.9480033893326" lon="4.1128969915982756">
    <name>201.4</name>
  </wpt>
  <wpt lat="50.948036978355006" lon="4.114219518331093">
    <name>201.5</name>
  </wpt>
  <wpt lat="50.948359304499846" lon="4.115550318490782">
    <name>201.6</name>
  </wpt>
  <wpt lat="50.948688181855893" lon="4.1168787402214013">
    <name>201.7</name>
  </wpt>
  <wpt lat="50.94894877938885" lon="4.1182440781122107">
    <name>201.8</name>
  </wpt>
  <wpt lat="50.949220407834609" lon="4.1196048513211174">
    <name>201.9</name>
  </wpt>
  <wpt lat="50.949477220933858" lon="4.1209725008975919">
    <name>202.0</name>
  </wpt>
  <wpt lat="50.949736449309675" lon="4.1223257527934836">
    <name>202.1</name>
  </wpt>
  <wpt lat="50.95002873030009" lon="4.1236736497400894">
    <name>202.2</name>
  </wpt>
  <wpt lat="50.950297175394191" lon="4.1250360732716471">
    <name>202.3</name>
  </wpt>
  <wpt lat="50.950501487210829" lon="4.1264226368638344">
    <name>202.4</name>
  </wpt>
  <wpt lat="50.950706000261619" lon="4.1278055631180157">
    <name>202.5</name>
  </wpt>
  <wpt lat="50.950768699717507" lon="4.1292264876373928">
    <name>202.6</name>
  </wpt>
  <wpt lat="50.950816192875571" lon="4.13064052217419">
    <name>202.7</name>
  </wpt>
  <wpt lat="50.950993444671319" lon="4.1320237072280186">
    <name>202.8</name>
  </wpt>
  <wpt lat="50.9511537350771" lon="4.1332965994843835">
    <name>202.9</name>
  </wpt>
  <wpt lat="50.951699501528417" lon="4.1344248651685653">
    <name>203.0</name>
  </wpt>
  <wpt lat="50.951335316880559" lon="4.1356692797336994">
    <name>203.1</name>
  </wpt>
  <wpt lat="50.951272683031156" lon="4.136999184176724">
    <name>203.2</name>
  </wpt>
  <wpt lat="50.951763393527052" lon="4.1381787721683674">
    <name>203.3</name>
  </wpt>
  <wpt lat="50.95241525668893" lon="4.13916053852509">
    <name>203.4</name>
  </wpt>
  <wpt lat="50.953155699770981" lon="4.1399696527008132">
    <name>203.5</name>
  </wpt>
  <wpt lat="50.953850456670686" lon="4.1408696738332287">
    <name>203.6</name>
  </wpt>
  <wpt lat="50.954654949829724" lon="4.1414433659527674">
    <name>203.7</name>
  </wpt>
  <wpt lat="50.955198404205483" lon="4.1424062125445555">
    <name>203.8</name>
  </wpt>
  <wpt lat="50.955854322581786" lon="4.1433669377816864">
    <name>203.9</name>
  </wpt>
  <wpt lat="50.95663429586434" lon="4.1440715312130756">
    <name>204.0</name>
  </wpt>
  <wpt lat="50.957487534285669" lon="4.1444815136215469">
    <name>204.1</name>
  </wpt>
  <wpt lat="50.958279726726296" lon="4.1451381261897104">
    <name>204.2</name>
  </wpt>
  <wpt lat="50.958696669432157" lon="4.1463938994338507">
    <name>204.3</name>
  </wpt>
  <wpt lat="50.959059570525476" lon="4.1477002594722574">
    <name>204.4</name>
  </wpt>
  <wpt lat="50.959433386436757" lon="4.14899879279804">
    <name>204.5</name>
  </wpt>
  <wpt lat="50.959801262494388" lon="4.1503016265893642">
    <name>204.6</name>
  </wpt>
  <wpt lat="50.960177625987967" lon="4.1515983724003638">
    <name>204.7</name>
  </wpt>
  <wpt lat="50.960592983580561" lon="4.15286273750617">
    <name>204.8</name>
  </wpt>
  <wpt lat="50.961147851659753" lon="4.153982237030422">
    <name>204.9</name>
  </wpt>
  <wpt lat="50.961747669194374" lon="4.15504586438985">
    <name>205.0</name>
  </wpt>
  <wpt lat="50.961559758507192" lon="4.155795827670131">
    <name>205.1</name>
  </wpt>
  <wpt lat="50.962183001980151" lon="4.1567960038863818">
    <name>205.2</name>
  </wpt>
  <wpt lat="50.962768303329781" lon="4.1578704899729679">
    <name>205.3</name>
  </wpt>
  <wpt lat="50.963536501849319" lon="4.1586078749740114">
    <name>205.4</name>
  </wpt>
  <wpt lat="50.964313098601252" lon="4.1593248999010726">
    <name>205.5</name>
  </wpt>
  <wpt lat="50.965017066766649" lon="4.1602113410089876">
    <name>205.6</name>
  </wpt>
  <wpt lat="50.965654350339108" lon="4.1611835891739561">
    <name>205.7</name>
  </wpt>
  <wpt lat="50.966369690850094" lon="4.162031303594846">
    <name>205.8</name>
  </wpt>
  <wpt lat="50.96690734847261" lon="4.1631477129946592">
    <name>205.9</name>
  </wpt>
  <wpt lat="50.967179870707554" lon="4.1644958695326419">
    <name>206.0</name>
  </wpt>
  <wpt lat="50.967452462887536" lon="4.1658541189321232">
    <name>206.1</name>
  </wpt>
  <wpt lat="50.967752852254961" lon="4.1671996736737844">
    <name>206.2</name>
  </wpt>
  <wpt lat="50.968348427575641" lon="4.1675813950133627">
    <name>206.3</name>
  </wpt>
  <wpt lat="50.969090747600852" lon="4.16680385708468">
    <name>206.4</name>
  </wpt>
  <wpt lat="50.9699740833882" lon="4.1665431670106621">
    <name>206.5</name>
  </wpt>
  <wpt lat="50.970696246209982" lon="4.1667487967468215">
    <name>206.6</name>
  </wpt>
  <wpt lat="50.971220608480948" lon="4.1679079126545062">
    <name>206.7</name>
  </wpt>
  <wpt lat="50.97182244138893" lon="4.1685274141557471">
    <name>206.8</name>
  </wpt>
  <wpt lat="50.972500835837614" lon="4.1692401956081255">
    <name>206.9</name>
  </wpt>
  <wpt lat="50.973153444448904" lon="4.1701663222025962">
    <name>207.0</name>
  </wpt>
  <wpt lat="50.973745238063408" lon="4.170578601426902">
    <name>207.1</name>
  </wpt>
  <wpt lat="50.97437284412198" lon="4.1696208168687479">
    <name>207.2</name>
  </wpt>
  <wpt lat="50.975143869097991" lon="4.1688860470300906">
    <name>207.3</name>
  </wpt>
  <wpt lat="50.975924636483278" lon="4.16817864691746">
    <name>207.4</name>
  </wpt>
  <wpt lat="50.976801177634322" lon="4.1678824100692884">
    <name>207.5</name>
  </wpt>
  <wpt lat="50.97769067861973" lon="4.1677192309181006">
    <name>207.6</name>
  </wpt>
  <wpt lat="50.978445529129566" lon="4.1684834707474625">
    <name>207.7</name>
  </wpt>
  <wpt lat="50.979265278948041" lon="4.1690709017554761">
    <name>207.8</name>
  </wpt>
  <wpt lat="50.980121203363758" lon="4.16949663594355">
    <name>207.9</name>
  </wpt>
  <wpt lat="50.980915491581804" lon="4.1701006546513648">
    <name>208.0</name>
  </wpt>
  <wpt lat="50.981576069805207" lon="4.1710682761056761">
    <name>208.1</name>
  </wpt>
  <wpt lat="50.982283784641993" lon="4.1710682252868247">
    <name>208.2</name>
  </wpt>
  <wpt lat="50.983078978948676" lon="4.1704682855542838">
    <name>208.3</name>
  </wpt>
  <wpt lat="50.983966593750992" lon="4.1705772250032389">
    <name>208.4</name>
  </wpt>
  <wpt lat="50.984812155595918" lon="4.1701170989531366">
    <name>208.5</name>
  </wpt>
  <wpt lat="50.985681649112344" lon="4.1697622131566225">
    <name>208.6</name>
  </wpt>
  <wpt lat="50.986295597230615" lon="4.1687541812910105">
    <name>208.7</name>
  </wpt>
  <wpt lat="50.9870694111114" lon="4.1680351540933316">
    <name>208.8</name>
  </wpt>
  <wpt lat="50.987956545484074" lon="4.16785203584017">
    <name>208.9</name>
  </wpt>
  <wpt lat="50.988712746721426" lon="4.1682292698025245">
    <name>209.0</name>
  </wpt>
  <wpt lat="50.989116572433339" lon="4.1694845215674992">
    <name>209.1</name>
  </wpt>
  <wpt lat="50.989739356424408" lon="4.1705152131011545">
    <name>209.2</name>
  </wpt>
  <wpt lat="50.990356763125547" lon="4.1715539659025023">
    <name>209.3</name>
  </wpt>
  <wpt lat="50.99103293455687" lon="4.172489927694663">
    <name>209.4</name>
  </wpt>
  <wpt lat="50.991846525545952" lon="4.1730433162446809">
    <name>209.5</name>
  </wpt>
  <wpt lat="50.992594353540618" lon="4.1723308648680284">
    <name>209.6</name>
  </wpt>
  <wpt lat="50.993303428932236" lon="4.1725554274872572">
    <name>209.7</name>
  </wpt>
  <wpt lat="50.994026959561609" lon="4.1733997914173964">
    <name>209.8</name>
  </wpt>
  <wpt lat="50.994652170267216" lon="4.174419551427663">
    <name>209.9</name>
  </wpt>
  <wpt lat="50.995291394170344" lon="4.1754219597226863">
    <name>210.0</name>
  </wpt>
  <wpt lat="50.995938242929185" lon="4.1764110462771482">
    <name>210.1</name>
  </wpt>
  <wpt lat="50.996597600227588" lon="4.1773566190275133">
    <name>210.2</name>
  </wpt>
  <wpt lat="50.997360053316811" lon="4.1769414688547108">
    <name>210.3</name>
  </wpt>
  <wpt lat="50.998129644149728" lon="4.176204155034787">
    <name>210.4</name>
  </wpt>
  <wpt lat="50.998710397869488" lon="4.17657731475158">
    <name>210.5</name>
  </wpt>
  <wpt lat="50.999425395501724" lon="4.1761912745930836">
    <name>210.6</name>
  </wpt>
  <wpt lat="50.999738375637918" lon="4.1752319124967032">
    <name>210.7</name>
  </wpt>
  <wpt lat="51.000005892216031" lon="4.1741945919505259">
    <name>210.8</name>
  </wpt>
  <wpt lat="51.000637547472415" lon="4.17318690932936">
    <name>210.9</name>
  </wpt>
  <wpt lat="51.001321471851682" lon="4.1722596163255412">
    <name>211.0</name>
  </wpt>
  <wpt lat="51.002000034454873" lon="4.1713256079429444">
    <name>211.1</name>
  </wpt>
  <wpt lat="51.002716697448442" lon="4.1704655070892951">
    <name>211.2</name>
  </wpt>
  <wpt lat="51.003433284895891" lon="4.1696024915427659">
    <name>211.3</name>
  </wpt>
  <wpt lat="51.004154026835153" lon="4.1687495919286146">
    <name>211.4</name>
  </wpt>
  <wpt lat="51.00497234239878" lon="4.1681871087417672">
    <name>211.5</name>
  </wpt>
  <wpt lat="51.005763762244143" lon="4.167546697858084">
    <name>211.6</name>
  </wpt>
  <wpt lat="51.006007319167907" lon="4.166241767981381">
    <name>211.7</name>
  </wpt>
  <wpt lat="51.005700285068528" lon="4.1648996786440646">
    <name>211.8</name>
  </wpt>
  <wpt lat="51.005537392424138" lon="4.1635219593743713">
    <name>211.9</name>
  </wpt>
  <wpt lat="51.005161371412527" lon="4.162223698377451">
    <name>212.0</name>
  </wpt>
  <wpt lat="51.004798306558321" lon="4.1609161512111053">
    <name>212.1</name>
  </wpt>
  <wpt lat="51.004407557845028" lon="4.1596291328413155">
    <name>212.2</name>
  </wpt>
  <wpt lat="51.004301757554877" lon="4.1583153377354423">
    <name>212.3</name>
  </wpt>
  <wpt lat="51.004889143553406" lon="4.15723345229968">
    <name>212.4</name>
  </wpt>
  <wpt lat="51.005452333852077" lon="4.1561208984205651">
    <name>212.5</name>
  </wpt>
  <wpt lat="51.005983247972289" lon="4.1549674287659641">
    <name>212.6</name>
  </wpt>
  <wpt lat="51.006533567282894" lon="4.1538370766087">
    <name>212.7</name>
  </wpt>
  <wpt lat="51.006973105093444" lon="4.1525958282616315">
    <name>212.8</name>
  </wpt>
  <wpt lat="51.007393007949268" lon="4.151342189246118">
    <name>212.9</name>
  </wpt>
  <wpt lat="51.00799694212261" lon="4.1503110289436886">
    <name>213.0</name>
  </wpt>
  <wpt lat="51.008834370476926" lon="4.14979019808803">
    <name>213.1</name>
  </wpt>
  <wpt lat="51.009701614360488" lon="4.1494352308885523">
    <name>213.2</name>
  </wpt>
  <wpt lat="51.01059314482945" lon="4.1495439280251416">
    <name>213.3</name>
  </wpt>
  <wpt lat="51.011482508212183" lon="4.1496471633523218">
    <name>213.4</name>
  </wpt>
  <wpt lat="51.01237725722185" lon="4.1495214168816741">
    <name>213.5</name>
  </wpt>
  <wpt lat="51.01327218964439" lon="4.1494115411673924">
    <name>213.6</name>
  </wpt>
  <wpt lat="51.014114285534" lon="4.1489318006589615">
    <name>213.7</name>
  </wpt>
  <wpt lat="51.014722540607586" lon="4.1479411168286155">
    <name>213.8</name>
  </wpt>
  <wpt lat="51.015086312984" lon="4.14663378824332">
    <name>213.9</name>
  </wpt>
  <wpt lat="51.01518763648204" lon="4.145422923337172">
    <name>214.0</name>
  </wpt>
  <wpt lat="51.015502236667174" lon="4.1441554208037852">
    <name>214.1</name>
  </wpt>
  <wpt lat="51.015863352070035" lon="4.1428465255126721">
    <name>214.2</name>
  </wpt>
  <wpt lat="51.016248671414004" lon="4.1415549858187086">
    <name>214.3</name>
  </wpt>
  <wpt lat="51.016609098438586" lon="4.14024543210138">
    <name>214.4</name>
  </wpt>
  <wpt lat="51.017049589930515" lon="4.139000710777192">
    <name>214.5</name>
  </wpt>
  <wpt lat="51.017638033953922" lon="4.1379200806835641">
    <name>214.6</name>
  </wpt>
  <wpt lat="51.018181180283037" lon="4.136782616289409">
    <name>214.7</name>
  </wpt>
  <wpt lat="51.018626881034024" lon="4.135548635408111">
    <name>214.8</name>
  </wpt>
  <wpt lat="51.019026888188563" lon="4.1342692030126758">
    <name>214.9</name>
  </wpt>
  <wpt lat="51.019521324499706" lon="4.1330774496744809">
    <name>215.0</name>
  </wpt>
  <wpt lat="51.020064536683762" lon="4.1319383441912585">
    <name>215.1</name>
  </wpt>
  <wpt lat="51.020642142525148" lon="4.1308428876881491">
    <name>215.2</name>
  </wpt>
  <wpt lat="51.021208539657259" lon="4.1297340426188365">
    <name>215.3</name>
  </wpt>
  <wpt lat="51.021373005917646" lon="4.1283343347861781">
    <name>215.4</name>
  </wpt>
  <wpt lat="51.0213053608574" lon="4.1269339688291762">
    <name>215.5</name>
  </wpt>
  <wpt lat="51.020891719656646" lon="4.1256708350223432">
    <name>215.6</name>
  </wpt>
  <wpt lat="51.020407839574517" lon="4.1244661486202956">
    <name>215.7</name>
  </wpt>
  <wpt lat="51.019993000008078" lon="4.1232213615007627">
    <name>215.8</name>
  </wpt>
  <wpt lat="51.020429530481145" lon="4.12197480097498">
    <name>215.9</name>
  </wpt>
  <wpt lat="51.020819301134281" lon="4.12068830187181">
    <name>216.0</name>
  </wpt>
  <wpt lat="51.021271212805857" lon="4.1194595922785888">
    <name>216.1</name>
  </wpt>
  <wpt lat="51.0215660303513" lon="4.1181219212773552">
    <name>216.2</name>
  </wpt>
  <wpt lat="51.0213135604661" lon="4.1168574354811529">
    <name>216.3</name>
  </wpt>
  <wpt lat="51.02160383973483" lon="4.1155046036364871">
    <name>216.4</name>
  </wpt>
  <wpt lat="51.021782572382158" lon="4.11410713056068">
    <name>216.5</name>
  </wpt>
  <wpt lat="51.021839138043951" lon="4.1126804986212164">
    <name>216.6</name>
  </wpt>
  <wpt lat="51.02193319976228" lon="4.1112670581114781">
    <name>216.7</name>
  </wpt>
  <wpt lat="51.022322586940433" lon="4.1099819195171872">
    <name>216.8</name>
  </wpt>
  <wpt lat="51.022678261641225" lon="4.1086687567347946">
    <name>216.9</name>
  </wpt>
  <wpt lat="51.023091793801953" lon="4.1073996510390041">
    <name>217.0</name>
  </wpt>
  <wpt lat="51.022921877989759" lon="4.1060646450408225">
    <name>217.1</name>
  </wpt>
  <wpt lat="51.022293892910461" lon="4.1069190882875715">
    <name>217.2</name>
  </wpt>
  <wpt lat="51.022710915244247" lon="4.105652538507405">
    <name>217.3</name>
  </wpt>
  <wpt lat="51.023394566621938" lon="4.104750159316124">
    <name>217.4</name>
  </wpt>
  <wpt lat="51.024123477139163" lon="4.1039157811734235">
    <name>217.5</name>
  </wpt>
  <wpt lat="51.024812082759858" lon="4.1029962091809482">
    <name>217.6</name>
  </wpt>
  <wpt lat="51.0255698683242" lon="4.1023322891038809">
    <name>217.7</name>
  </wpt>
  <wpt lat="51.025907409499922" lon="4.1014487464492886">
    <name>217.8</name>
  </wpt>
  <wpt lat="51.026676661622027" lon="4.1007085812005171">
    <name>217.9</name>
  </wpt>
  <wpt lat="51.027430139905725" lon="4.0999426149201721">
    <name>218.0</name>
  </wpt>
  <wpt lat="51.027509891570624" lon="4.0989292623538933">
    <name>218.1</name>
  </wpt>
  <wpt lat="51.027030071390612" lon="4.0980192963895075">
    <name>218.2</name>
  </wpt>
  <wpt lat="51.02691615060332" lon="4.0967290082843189">
    <name>218.3</name>
  </wpt>
  <wpt lat="51.027530341971392" lon="4.0966931869161369">
    <name>218.4</name>
  </wpt>
  <wpt lat="51.027357667754032" lon="4.0980855146482345">
    <name>218.5</name>
  </wpt>
  <wpt lat="51.02774742725417" lon="4.0992738771157624">
    <name>218.6</name>
  </wpt>
  <wpt lat="51.028481932079842" lon="4.0988113559975572">
    <name>218.7</name>
  </wpt>
  <wpt lat="51.029336233424651" lon="4.0989693340815139">
    <name>218.8</name>
  </wpt>
  <wpt lat="51.030137115293307" lon="4.0987642566245022">
    <name>218.9</name>
  </wpt>
  <wpt lat="51.030872021872263" lon="4.0984370082259343">
    <name>219.0</name>
  </wpt>
  <wpt lat="51.031585705682282" lon="4.09907041122413">
    <name>219.1</name>
  </wpt>
  <wpt lat="51.032038835622124" lon="4.1002939308564121">
    <name>219.2</name>
  </wpt>
  <wpt lat="51.032172588340856" lon="4.1017041481490866">
    <name>219.3</name>
  </wpt>
  <wpt lat="51.032831742878734" lon="4.1018774320897187">
    <name>219.4</name>
  </wpt>
  <wpt lat="51.033566409059482" lon="4.1020243917073564">
    <name>219.5</name>
  </wpt>
  <wpt lat="51.033594193518738" lon="4.1034303531711576">
    <name>219.6</name>
  </wpt>
  <wpt lat="51.033809077856539" lon="4.1048173604933682">
    <name>219.7</name>
  </wpt>
  <wpt lat="51.03411194592222" lon="4.106157970679889">
    <name>219.8</name>
  </wpt>
  <wpt lat="51.033554000002283" lon="4.1068732024818724">
    <name>219.9</name>
  </wpt>
  <wpt lat="51.034094473812594" lon="4.1075391055171284">
    <name>220.0</name>
  </wpt>
  <wpt lat="51.034830004363762" lon="4.1067326650917462">
    <name>220.1</name>
  </wpt>
  <wpt lat="51.035525793206247" lon="4.10582657741218">
    <name>220.2</name>
  </wpt>
  <wpt lat="51.036215583473044" lon="4.1049113480510542">
    <name>220.3</name>
  </wpt>
  <wpt lat="51.0366709809481" lon="4.1036886128660965">
    <name>220.4</name>
  </wpt>
  <wpt lat="51.037232995352717" lon="4.1026210000000072">
    <name>220.5</name>
  </wpt>
  <wpt lat="51.038076655219193" lon="4.1021892841292074">
    <name>220.6</name>
  </wpt>
  <wpt lat="51.038972484184789" lon="4.1020644083116391">
    <name>220.7</name>
  </wpt>
  <wpt lat="51.0398697651597" lon="4.1020629999999887">
    <name>220.8</name>
  </wpt>
  <wpt lat="51.040757385729435" lon="4.1021798714483086">
    <name>220.9</name>
  </wpt>
  <wpt lat="51.041412502774961" lon="4.101494994615023">
    <name>221.0</name>
  </wpt>
  <wpt lat="51.041914313937063" lon="4.1003091647049219">
    <name>221.1</name>
  </wpt>
  <wpt lat="51.042408104290423" lon="4.0991137338493093">
    <name>221.2</name>
  </wpt>
  <wpt lat="51.04289941677483" lon="4.0979157597800366">
    <name>221.3</name>
  </wpt>
  <wpt lat="51.043397704188848" lon="4.0967250425480879">
    <name>221.4</name>
  </wpt>
  <wpt lat="51.043901616121417" lon="4.0955403287953844">
    <name>221.5</name>
  </wpt>
  <wpt lat="51.044403213747671" lon="4.0943532603238575">
    <name>221.6</name>
  </wpt>
  <wpt lat="51.044900358580122" lon="4.09316130477709">
    <name>221.7</name>
  </wpt>
  <wpt lat="51.045401077123167" lon="4.0919731317561219">
    <name>221.8</name>
  </wpt>
  <wpt lat="51.046060844374658" lon="4.0910545020755888">
    <name>221.9</name>
  </wpt>
  <wpt lat="51.046908348702075" lon="4.0905759537675976">
    <name>222.0</name>
  </wpt>
  <wpt lat="51.0477513667652" lon="4.0900786852853175">
    <name>222.1</name>
  </wpt>
  <wpt lat="51.048535279130945" lon="4.089391207337723">
    <name>222.2</name>
  </wpt>
  <wpt lat="51.049157808390838" lon="4.0883658663100428">
    <name>222.3</name>
  </wpt>
  <wpt lat="51.049578844054516" lon="4.0871094580691274">
    <name>222.4</name>
  </wpt>
  <wpt lat="51.049853492248054" lon="4.0857472327638842">
    <name>222.5</name>
  </wpt>
  <wpt lat="51.050125417420183" lon="4.0843836279854111">
    <name>222.6</name>
  </wpt>
  <wpt lat="51.050393641819554" lon="4.0830181515944224">
    <name>222.7</name>
  </wpt>
  <wpt lat="51.050660760034688" lon="4.0816522858173343">
    <name>222.8</name>
  </wpt>
  <wpt lat="51.050933864725728" lon="4.0802892437163365">
    <name>222.9</name>
  </wpt>
  <wpt lat="51.051210447713096" lon="4.07892797181905">
    <name>223.0</name>
  </wpt>
  <wpt lat="51.051487014397132" lon="4.0775666839429618">
    <name>223.1</name>
  </wpt>
  <wpt lat="51.0517862539719" lon="4.0762204040527461">
    <name>223.2</name>
  </wpt>
  <wpt lat="51.052024033988452" lon="4.0748470175442009">
    <name>223.3</name>
  </wpt>
  <wpt lat="51.052299131722187" lon="4.0734849498704024">
    <name>223.4</name>
  </wpt>
  <wpt lat="51.052574229455843" lon="4.0721228741054771">
    <name>223.5</name>
  </wpt>
  <wpt lat="51.052849327189413" lon="4.0707607902493219">
    <name>223.6</name>
  </wpt>
  <wpt lat="51.053124277818604" lon="4.06939862314314">
    <name>223.7</name>
  </wpt>
  <wpt lat="51.053397411430289" lon="4.06803552316419">
    <name>223.8</name>
  </wpt>
  <wpt lat="51.053693737821973" lon="4.066686487164672">
    <name>223.9</name>
  </wpt>
  <wpt lat="51.054034125703915" lon="4.065393861565525">
    <name>224.0</name>
  </wpt>
  <wpt lat="51.054354119658328" lon="4.0640567853897958">
    <name>224.1</name>
  </wpt>
  <wpt lat="51.0547212327095" lon="4.0627517635279915">
    <name>224.2</name>
  </wpt>
  <wpt lat="51.055119439196517" lon="4.061649406132033">
    <name>224.3</name>
  </wpt>
  <wpt lat="51.055647841497908" lon="4.0604927763474068">
    <name>224.4</name>
  </wpt>
  <wpt lat="51.056273064654683" lon="4.0594659033505538">
    <name>224.5</name>
  </wpt>
  <wpt lat="51.056969693864993" lon="4.058562335512403">
    <name>224.6</name>
  </wpt>
  <wpt lat="51.057771262683694" lon="4.0580080427508411">
    <name>224.7</name>
  </wpt>
  <wpt lat="51.0584547726758" lon="4.057183218369488">
    <name>224.8</name>
  </wpt>
  <wpt lat="51.059229069042104" lon="4.0564604238722675">
    <name>224.9</name>
  </wpt>
  <wpt lat="51.060014377060625" lon="4.0557636699306814">
    <name>225.0</name>
  </wpt>
  <wpt lat="51.060835010410869" lon="4.0551855567777464">
    <name>225.1</name>
  </wpt>
  <wpt lat="51.061628467915867" lon="4.0546985320910265">
    <name>225.2</name>
  </wpt>
  <wpt lat="51.062449267191347" lon="4.0541883919098538">
    <name>225.3</name>
  </wpt>
  <wpt lat="51.063225769255858" lon="4.0543494413856465">
    <name>225.4</name>
  </wpt>
  <wpt lat="51.0639068647197" lon="4.0552445284416541">
    <name>225.5</name>
  </wpt>
  <wpt lat="51.064705405695186" lon="4.0547017964797352">
    <name>225.6</name>
  </wpt>
  <wpt lat="51.0655168616487" lon="4.0540886134914258">
    <name>225.7</name>
  </wpt>
  <wpt lat="51.06633485295238" lon="4.0535185735503108">
    <name>225.8</name>
  </wpt>
  <wpt lat="51.0669089629819" lon="4.0526747723436509">
    <name>225.9</name>
  </wpt>
  <wpt lat="51.067712660902757" lon="4.0523013150291236">
    <name>226.0</name>
  </wpt>
  <wpt lat="51.068596133061533" lon="4.0520338343405848">
    <name>226.1</name>
  </wpt>
  <wpt lat="51.069180823386596" lon="4.0510137041357366">
    <name>226.2</name>
  </wpt>
  <wpt lat="51.068811626466761" lon="4.0497892067299048">
    <name>226.3</name>
  </wpt>
  <wpt lat="51.068263089581258" lon="4.0486642542867335">
    <name>226.4</name>
  </wpt>
  <wpt lat="51.068450882086971" lon="4.0474718146625968">
    <name>226.5</name>
  </wpt>
  <wpt lat="51.068356344633152" lon="4.0460604514986125">
    <name>226.6</name>
  </wpt>
  <wpt lat="51.068211191962654" lon="4.0447314534316385">
    <name>226.7</name>
  </wpt>
  <wpt lat="51.068786184229765" lon="4.0442064073248778">
    <name>226.8</name>
  </wpt>
  <wpt lat="51.068398547279237" lon="4.04291624174463">
    <name>226.9</name>
  </wpt>
  <wpt lat="51.0682970891092" lon="4.041633778835882">
    <name>227.0</name>
  </wpt>
  <wpt lat="51.068462914058195" lon="4.0402271717825826">
    <name>227.1</name>
  </wpt>
  <wpt lat="51.068121513009842" lon="4.0389893752195523">
    <name>227.2</name>
  </wpt>
  <wpt lat="51.068227194124155" lon="4.0378559702800052">
    <name>227.3</name>
  </wpt>
  <wpt lat="51.069051814267105" lon="4.0373712125474261">
    <name>227.4</name>
  </wpt>
  <wpt lat="51.069864301477452" lon="4.0367589461841877">
    <name>227.5</name>
  </wpt>
  <wpt lat="51.070447227911139" lon="4.0360114904930118">
    <name>227.6</name>
  </wpt>
  <wpt lat="51.071214162945445" lon="4.0352965924364534">
    <name>227.7</name>
  </wpt>
  <wpt lat="51.071944249107908" lon="4.0345420090780655">
    <name>227.8</name>
  </wpt>
  <wpt lat="51.072730035223053" lon="4.0338549668819326">
    <name>227.9</name>
  </wpt>
  <wpt lat="51.073511025544356" lon="4.03324331850342">
    <name>228.0</name>
  </wpt>
  <wpt lat="51.074273171390239" lon="4.03250597746609">
    <name>228.1</name>
  </wpt>
  <wpt lat="51.074865021827492" lon="4.03166726285855">
    <name>228.2</name>
  </wpt>
  <wpt lat="51.075668831100764" lon="4.031025871241722">
    <name>228.3</name>
  </wpt>
  <wpt lat="51.076471910938622" lon="4.0303823181406946">
    <name>228.4</name>
  </wpt>
  <wpt lat="51.07711597641152" lon="4.03107935662203">
    <name>228.5</name>
  </wpt>
  <wpt lat="51.077745083807443" lon="4.0321020832011936">
    <name>228.6</name>
  </wpt>
  <wpt lat="51.078358358773912" lon="4.0331490645998773">
    <name>228.7</name>
  </wpt>
  <wpt lat="51.078974081530255" lon="4.0341921712020721">
    <name>228.8</name>
  </wpt>
  <wpt lat="51.079556183261815" lon="4.035283255190663">
    <name>228.9</name>
  </wpt>
  <wpt lat="51.080246264624463" lon="4.0356831833679916">
    <name>229.0</name>
  </wpt>
  <wpt lat="51.081042190631315" lon="4.0350167576629739">
    <name>229.1</name>
  </wpt>
  <wpt lat="51.081643422947181" lon="4.0358022518951415">
    <name>229.2</name>
  </wpt>
  <wpt lat="51.081405295152308" lon="4.036831903700179">
    <name>229.3</name>
  </wpt>
  <wpt lat="51.080736509452493" lon="4.0377889772747979">
    <name>229.4</name>
  </wpt>
  <wpt lat="51.0800676957095" lon="4.0387459873575056">
    <name>229.5</name>
  </wpt>
  <wpt lat="51.079398823977421" lon="4.039702880915172">
    <name>229.6</name>
  </wpt>
  <wpt lat="51.078707888007521" lon="4.0406132719777386">
    <name>229.7</name>
  </wpt>
  <wpt lat="51.077912858062277" lon="4.0412808416366754">
    <name>229.8</name>
  </wpt>
  <wpt lat="51.078398880030541" lon="4.041984417380843">
    <name>229.9</name>
  </wpt>
  <wpt lat="51.079103722415567" lon="4.0428268059874473">
    <name>230.0</name>
  </wpt>
  <wpt lat="51.079816358358684" lon="4.0435197126709577">
    <name>230.1</name>
  </wpt>
  <wpt lat="51.08055509809968" lon="4.044336092460199">
    <name>230.2</name>
  </wpt>
  <wpt lat="51.081293223299937" lon="4.045153747080283">
    <name>230.3</name>
  </wpt>
  <wpt lat="51.081994805808009" lon="4.0460417872790844">
    <name>230.4</name>
  </wpt>
  <wpt lat="51.082569215343192" lon="4.0471424277714236">
    <name>230.5</name>
  </wpt>
  <wpt lat="51.083129266843031" lon="4.048262533088038">
    <name>230.6</name>
  </wpt>
  <wpt lat="51.083603452477334" lon="4.049474139092637">
    <name>230.7</name>
  </wpt>
  <wpt lat="51.084038947020531" lon="4.0507267078742988">
    <name>230.8</name>
  </wpt>
  <wpt lat="51.0845534099307" lon="4.0519003814857877">
    <name>230.9</name>
  </wpt>
  <wpt lat="51.085054681845122" lon="4.0530885785681363">
    <name>231.0</name>
  </wpt>
  <wpt lat="51.085547709505143" lon="4.0542597110566856">
    <name>231.1</name>
  </wpt>
  <wpt lat="51.085941923420037" lon="4.055543871958645">
    <name>231.2</name>
  </wpt>
  <wpt lat="51.0861470000043" lon="4.0569235398848811">
    <name>231.3</name>
  </wpt>
  <wpt lat="51.086171923908935" lon="4.058353535746094">
    <name>231.4</name>
  </wpt>
  <wpt lat="51.086681575315104" lon="4.05950558071382">
    <name>231.5</name>
  </wpt>
  <wpt lat="51.087319981366704" lon="4.06051361047589">
    <name>231.6</name>
  </wpt>
  <wpt lat="51.087972294746955" lon="4.0614991164847369">
    <name>231.7</name>
  </wpt>
  <wpt lat="51.088619105892775" lon="4.0624937682909339">
    <name>231.8</name>
  </wpt>
  <wpt lat="51.089260861612296" lon="4.0634967923489764">
    <name>231.9</name>
  </wpt>
  <wpt lat="51.090014589168447" lon="4.0642587404471184">
    <name>232.0</name>
  </wpt>
  <wpt lat="51.0908793878801" lon="4.0646233846978461">
    <name>232.1</name>
  </wpt>
  <wpt lat="51.091763420571873" lon="4.0648824148116747">
    <name>232.2</name>
  </wpt>
  <wpt lat="51.092626294947664" lon="4.0652677486965052">
    <name>232.3</name>
  </wpt>
  <wpt lat="51.093306835088995" lon="4.0661807105531782">
    <name>232.4</name>
  </wpt>
  <wpt lat="51.093820514119031" lon="4.0673546479133611">
    <name>232.5</name>
  </wpt>
  <wpt lat="51.094333720840595" lon="4.0685305390766811">
    <name>232.6</name>
  </wpt>
  <wpt lat="51.094828184691806" lon="4.0697233038189493">
    <name>232.7</name>
  </wpt>
  <wpt lat="51.094923000099762" lon="4.071139323211276">
    <name>232.8</name>
  </wpt>
  <wpt lat="51.094941215472971" lon="4.0725709728665755">
    <name>232.9</name>
  </wpt>
  <wpt lat="51.094815491356435" lon="4.0739851499550186">
    <name>233.0</name>
  </wpt>
  <wpt lat="51.094687000199855" lon="4.075377364642061">
    <name>233.1</name>
  </wpt>
  <wpt lat="51.094687000020663" lon="4.0767900518036839">
    <name>233.2</name>
  </wpt>
  <wpt lat="51.094625849859987" lon="4.07821677662603">
    <name>233.3</name>
  </wpt>
  <wpt lat="51.094734116163124" lon="4.0796242101183227">
    <name>233.4</name>
  </wpt>
  <wpt lat="51.09498144128856" lon="4.0809960489364929">
    <name>233.5</name>
  </wpt>
  <wpt lat="51.095114314758149" lon="4.0824122334397073">
    <name>233.6</name>
  </wpt>
  <wpt lat="51.095301556567996" lon="4.0838106984113383">
    <name>233.7</name>
  </wpt>
  <wpt lat="51.095355733142675" lon="4.0852361562394233">
    <name>233.8</name>
  </wpt>
  <wpt lat="51.095370567551861" lon="4.0866679428157191">
    <name>233.9</name>
  </wpt>
  <wpt lat="51.095445594299591" lon="4.0880903753195277">
    <name>234.0</name>
  </wpt>
  <wpt lat="51.095502498136895" lon="4.0894293699861981">
    <name>234.1</name>
  </wpt>
  <wpt lat="51.095183408543932" lon="4.0907322432747186">
    <name>234.2</name>
  </wpt>
  <wpt lat="51.094507000977714" lon="4.09139676365904">
    <name>234.3</name>
  </wpt>
  <wpt lat="51.093679129378" lon="4.0919534978737122">
    <name>234.4</name>
  </wpt>
  <wpt lat="51.092864983718265" lon="4.0925617457342485">
    <name>234.5</name>
  </wpt>
  <wpt lat="51.092498000030169" lon="4.093258817225264">
    <name>234.6</name>
  </wpt>
  <wpt lat="51.092736531493379" lon="4.0946277695558155">
    <name>234.7</name>
  </wpt>
  <wpt lat="51.093015143017439" lon="4.095983747440191">
    <name>234.8</name>
  </wpt>
  <wpt lat="51.0930075418068" lon="4.0974068867965787">
    <name>234.9</name>
  </wpt>
  <wpt lat="51.092849051587052" lon="4.0988135554432281">
    <name>235.0</name>
  </wpt>
  <wpt lat="51.092574500149482" lon="4.1001739909394139">
    <name>235.1</name>
  </wpt>
  <wpt lat="51.092266710335146" lon="4.1015174378282548">
    <name>235.2</name>
  </wpt>
  <wpt lat="51.092323036763254" lon="4.1029431701843135">
    <name>235.3</name>
  </wpt>
  <wpt lat="51.092035637427266" lon="4.1042632465710875">
    <name>235.4</name>
  </wpt>
  <wpt lat="51.091605147620093" lon="4.1054666789290746">
    <name>235.5</name>
  </wpt>
  <wpt lat="51.091473892453031" lon="4.1068831607301854">
    <name>235.6</name>
  </wpt>
  <wpt lat="51.091629357630168" lon="4.1079641117206105">
    <name>235.7</name>
  </wpt>
  <wpt lat="51.092496197199104" lon="4.1078111971659128">
    <name>235.8</name>
  </wpt>
  <wpt lat="51.093035900566157" lon="4.10893458858674">
    <name>235.9</name>
  </wpt>
  <wpt lat="51.092932232967968" lon="4.1102853891515831">
    <name>236.0</name>
  </wpt>
  <wpt lat="51.093829529511154" lon="4.1102823996237641">
    <name>236.1</name>
  </wpt>
  <wpt lat="51.094726381292709" lon="4.1101763858574465">
    <name>236.2</name>
  </wpt>
  <wpt lat="51.095365344861946" lon="4.1108326330535645">
    <name>236.3</name>
  </wpt>
  <wpt lat="51.095613335259117" lon="4.1121955125551413">
    <name>236.4</name>
  </wpt>
  <wpt lat="51.095802670026579" lon="4.113594832808154">
    <name>236.5</name>
  </wpt>
  <wpt lat="51.096059410997093" lon="4.1149672374312267">
    <name>236.6</name>
  </wpt>
  <wpt lat="51.096371255957372" lon="4.1163032669441177">
    <name>236.7</name>
  </wpt>
  <wpt lat="51.096784731845929" lon="4.1175749585295893">
    <name>236.8</name>
  </wpt>
  <wpt lat="51.09719884720954" lon="4.1188461240694334">
    <name>236.9</name>
  </wpt>
  <wpt lat="51.097564952814011" lon="4.1201525085263579">
    <name>237.0</name>
  </wpt>
  <wpt lat="51.097877344839226" lon="4.1214253853614595">
    <name>237.1</name>
  </wpt>
  <wpt lat="51.098050828456046" lon="4.1228159106472662">
    <name>237.2</name>
  </wpt>
  <wpt lat="51.098458731928588" lon="4.12409157721507">
    <name>237.3</name>
  </wpt>
  <wpt lat="51.098777126920119" lon="4.1254286962140929">
    <name>237.4</name>
  </wpt>
  <wpt lat="51.098995327221935" lon="4.1268120339738328">
    <name>237.5</name>
  </wpt>
  <wpt lat="51.099010458008614" lon="4.1282422768278639">
    <name>237.6</name>
  </wpt>
  <wpt lat="51.099040291288723" lon="4.1296526514106215">
    <name>237.7</name>
  </wpt>
  <wpt lat="51.09924999358757" lon="4.1310325468191857">
    <name>237.8</name>
  </wpt>
  <wpt lat="51.0997852945715" lon="4.13216348155636">
    <name>237.9</name>
  </wpt>
  <wpt lat="51.100464410183058" lon="4.133078067946526">
    <name>238.0</name>
  </wpt>
  <wpt lat="51.100648793327387" lon="4.1342929091326726">
    <name>238.1</name>
  </wpt>
  <wpt lat="51.100442644202481" lon="4.1356868568530718">
    <name>238.2</name>
  </wpt>
  <wpt lat="51.10024474099194" lon="4.1370837507435612">
    <name>238.3</name>
  </wpt>
  <wpt lat="51.099972744177293" lon="4.1383834883471389">
    <name>238.4</name>
  </wpt>
  <wpt lat="51.100368602444" lon="4.1396358134082387">
    <name>238.5</name>
  </wpt>
  <wpt lat="51.100593980620395" lon="4.1410061666539466">
    <name>238.6</name>
  </wpt>
  <wpt lat="51.101159403307236" lon="4.1416852630386591">
    <name>238.7</name>
  </wpt>
  <wpt lat="51.102045483057005" lon="4.1419238276589443">
    <name>238.8</name>
  </wpt>
  <wpt lat="51.102933123637946" lon="4.1421528827129359">
    <name>238.9</name>
  </wpt>
  <wpt lat="51.10382346537255" lon="4.1422438836892681">
    <name>239.0</name>
  </wpt>
  <wpt lat="51.104614340407622" lon="4.141605287535433">
    <name>239.1</name>
  </wpt>
  <wpt lat="51.105340755154579" lon="4.1407622450865791">
    <name>239.2</name>
  </wpt>
  <wpt lat="51.106132842209632" lon="4.1407767726641707">
    <name>239.3</name>
  </wpt>
  <wpt lat="51.106966003334" lon="4.1412542575548743">
    <name>239.4</name>
  </wpt>
  <wpt lat="51.107764117829625" lon="4.1418240000000335">
    <name>239.5</name>
  </wpt>
  <wpt lat="51.108663397069662" lon="4.1418315532617971">
    <name>239.6</name>
  </wpt>
  <wpt lat="51.1095567150588" lon="4.1419437357605338">
    <name>239.7</name>
  </wpt>
  <wpt lat="51.110398537539133" lon="4.1423514829829582">
    <name>239.8</name>
  </wpt>
  <wpt lat="51.111293296369695" lon="4.1424862318995395">
    <name>239.9</name>
  </wpt>
  <wpt lat="51.112186507241518" lon="4.1425528634840187">
    <name>240.0</name>
  </wpt>
  <wpt lat="51.113070663632854" lon="4.1427588877404551">
    <name>240.1</name>
  </wpt>
  <wpt lat="51.113966900052489" lon="4.1428539999999847">
    <name>240.2</name>
  </wpt>
  <wpt lat="51.114120080743533" lon="4.1439603489038275">
    <name>240.3</name>
  </wpt>
  <wpt lat="51.114034186222035" lon="4.1453847913918889">
    <name>240.4</name>
  </wpt>
  <wpt lat="51.113920697995987" lon="4.1468040858852353">
    <name>240.5</name>
  </wpt>
  <wpt lat="51.11371425254211" lon="4.1481983639032363">
    <name>240.6</name>
  </wpt>
  <wpt lat="51.113666889553983" lon="4.1496172274013992">
    <name>240.7</name>
  </wpt>
  <wpt lat="51.113802988673385" lon="4.1510332620344341">
    <name>240.8</name>
  </wpt>
  <wpt lat="51.113790013196692" lon="4.1524545718569943">
    <name>240.9</name>
  </wpt>
  <wpt lat="51.11380107591534" lon="4.1538829581453323">
    <name>241.0</name>
  </wpt>
  <wpt lat="51.11387220490775" lon="4.1553108830745193">
    <name>241.1</name>
  </wpt>
  <wpt lat="51.114009756917149" lon="4.1567215494166305">
    <name>241.2</name>
  </wpt>
  <wpt lat="51.114310730289787" lon="4.1580703998434547">
    <name>241.3</name>
  </wpt>
  <wpt lat="51.114649639806345" lon="4.1593972355824924">
    <name>241.4</name>
  </wpt>
  <wpt lat="51.114756853701877" lon="4.1607940115562325">
    <name>241.5</name>
  </wpt>
  <wpt lat="51.114583366261861" lon="4.1621995573605179">
    <name>241.6</name>
  </wpt>
  <wpt lat="51.114410512142072" lon="4.163605198844234">
    <name>241.7</name>
  </wpt>
  <wpt lat="51.114154369844179" lon="4.16497786063159">
    <name>241.8</name>
  </wpt>
  <wpt lat="51.114139846976279" lon="4.1663647614985484">
    <name>241.9</name>
  </wpt>
  <wpt lat="51.114207197893229" lon="4.1677737884143351">
    <name>242.0</name>
  </wpt>
  <wpt lat="51.1140485654718" lon="4.1691837463103329">
    <name>242.1</name>
  </wpt>
  <wpt lat="51.11389677538105" lon="4.1705957249340395">
    <name>242.2</name>
  </wpt>
  <wpt lat="51.113744206320405" lon="4.1720074282960553">
    <name>242.3</name>
  </wpt>
  <wpt lat="51.113601107943893" lon="4.1734217162996519">
    <name>242.4</name>
  </wpt>
  <wpt lat="51.113458993882794" lon="4.1748362363549907">
    <name>242.5</name>
  </wpt>
  <wpt lat="51.11338826355162" lon="4.1762573718633069">
    <name>242.6</name>
  </wpt>
  <wpt lat="51.113644916346992" lon="4.1776278068431631">
    <name>242.7</name>
  </wpt>
  <wpt lat="51.113942793266865" lon="4.1789793703964095">
    <name>242.8</name>
  </wpt>
  <wpt lat="51.114296982532849" lon="4.1802958053491315">
    <name>242.9</name>
  </wpt>
  <wpt lat="51.114690233488375" lon="4.1815832908326875">
    <name>243.0</name>
  </wpt>
  <wpt lat="51.115115856016253" lon="4.1828448490074894">
    <name>243.1</name>
  </wpt>
  <wpt lat="51.115588110193642" lon="4.1840639210502184">
    <name>243.2</name>
  </wpt>
  <wpt lat="51.116028614603266" lon="4.1853120817265985">
    <name>243.3</name>
  </wpt>
  <wpt lat="51.116387876184838" lon="4.1866232246187094">
    <name>243.4</name>
  </wpt>
  <wpt lat="51.1166568878704" lon="4.18798771877462">
    <name>243.5</name>
  </wpt>
  <wpt lat="51.116849064119705" lon="4.1893822697147449">
    <name>243.6</name>
  </wpt>
  <wpt lat="51.117277396836869" lon="4.1906414452256051">
    <name>243.7</name>
  </wpt>
  <wpt lat="51.117796277405681" lon="4.1918069367366186">
    <name>243.8</name>
  </wpt>
  <wpt lat="51.118453463404727" lon="4.19277540947896">
    <name>243.9</name>
  </wpt>
  <wpt lat="51.119138642858466" lon="4.1937032783940067">
    <name>244.0</name>
  </wpt>
  <wpt lat="51.119828056265412" lon="4.19462300767056">
    <name>244.1</name>
  </wpt>
  <wpt lat="51.120527130579262" lon="4.195524238029714">
    <name>244.2</name>
  </wpt>
  <wpt lat="51.121218406516682" lon="4.1964404988652824">
    <name>244.3</name>
  </wpt>
  <wpt lat="51.121908238069004" lon="4.1973593852219722">
    <name>244.4</name>
  </wpt>
  <wpt lat="51.122592366619742" lon="4.1982870493547928">
    <name>244.5</name>
  </wpt>
  <wpt lat="51.123253963032667" lon="4.1992575742640907">
    <name>244.6</name>
  </wpt>
  <wpt lat="51.12387705135864" lon="4.2002892925318891">
    <name>244.7</name>
  </wpt>
  <wpt lat="51.1244854100541" lon="4.2013443456132844">
    <name>244.8</name>
  </wpt>
  <wpt lat="51.125080136181182" lon="4.202417270903779">
    <name>244.9</name>
  </wpt>
  <wpt lat="51.125572909050781" lon="4.2036054074330478">
    <name>245.0</name>
  </wpt>
  <wpt lat="51.125918573820876" lon="4.2048722622359405">
    <name>245.1</name>
  </wpt>
  <wpt lat="51.125978904261139" lon="4.2060729406283688">
    <name>245.2</name>
  </wpt>
  <wpt lat="51.125860096770495" lon="4.2074893840463421">
    <name>245.3</name>
  </wpt>
  <wpt lat="51.125640025169034" lon="4.2088787414180171">
    <name>245.4</name>
  </wpt>
  <wpt lat="51.125342766717509" lon="4.2102208079252605">
    <name>245.5</name>
  </wpt>
  <wpt lat="51.124902314957708" lon="4.2114407088994179">
    <name>245.6</name>
  </wpt>
  <wpt lat="51.12472800007739" lon="4.2128359813198237">
    <name>245.7</name>
  </wpt>
  <wpt lat="51.124771000042756" lon="4.21422279988563">
    <name>245.8</name>
  </wpt>
  <wpt lat="51.124575903114753" lon="4.2156184218238568">
    <name>245.9</name>
  </wpt>
  <wpt lat="51.124407555705993" lon="4.2170154409987868">
    <name>246.0</name>
  </wpt>
  <wpt lat="51.1242770000078" lon="4.2184324439550034">
    <name>246.1</name>
  </wpt>
  <wpt lat="51.124165342695683" lon="4.2196522796831095">
    <name>246.2</name>
  </wpt>
  <wpt lat="51.12410623828977" lon="4.2210812939576687">
    <name>246.3</name>
  </wpt>
  <wpt lat="51.124271027293126" lon="4.2224794338572735">
    <name>246.4</name>
  </wpt>
  <wpt lat="51.124708206452716" lon="4.2236815930153035">
    <name>246.5</name>
  </wpt>
  <wpt lat="51.125235230820046" lon="4.2247625233635731">
    <name>246.6</name>
  </wpt>
  <wpt lat="51.125988175206636" lon="4.2254999458628975">
    <name>246.7</name>
  </wpt>
  <wpt lat="51.12658507674297" lon="4.2265669587341907">
    <name>246.8</name>
  </wpt>
  <wpt lat="51.127091028526458" lon="4.2277482129550235">
    <name>246.9</name>
  </wpt>
  <wpt lat="51.127605848375723" lon="4.2289118045453629">
    <name>247.0</name>
  </wpt>
  <wpt lat="51.1284275140531" lon="4.2293459675664851">
    <name>247.1</name>
  </wpt>
  <wpt lat="51.128826000516824" lon="4.229961077057883">
    <name>247.2</name>
  </wpt>
  <wpt lat="51.1288377779119" lon="4.2313876158462786">
    <name>247.3</name>
  </wpt>
  <wpt lat="51.128788224242264" lon="4.2328180957816048">
    <name>247.4</name>
  </wpt>
  <wpt lat="51.12876168215508" lon="4.23425006218636">
    <name>247.5</name>
  </wpt>
  <wpt lat="51.128720704998564" lon="4.2356813279994974">
    <name>247.6</name>
  </wpt>
  <wpt lat="51.128681238325711" lon="4.2371129604946614">
    <name>247.7</name>
  </wpt>
  <wpt lat="51.1286386488386" lon="4.2385443443394548">
    <name>247.8</name>
  </wpt>
  <wpt lat="51.128596649207182" lon="4.239975785745977">
    <name>247.9</name>
  </wpt>
  <wpt lat="51.128560588790748" lon="4.2414059559523745">
    <name>248.0</name>
  </wpt>
  <wpt lat="51.128528113007775" lon="4.2428380307627487">
    <name>248.1</name>
  </wpt>
  <wpt lat="51.1284770741982" lon="4.2442685447475155">
    <name>248.2</name>
  </wpt>
  <wpt lat="51.128503344402034" lon="4.2456982679024744">
    <name>248.3</name>
  </wpt>
  <wpt lat="51.128643943554479" lon="4.2471105125122532">
    <name>248.4</name>
  </wpt>
  <wpt lat="51.128873081878986" lon="4.2484961864181088">
    <name>248.5</name>
  </wpt>
  <wpt lat="51.12908379882569" lon="4.2498852259626023">
    <name>248.6</name>
  </wpt>
  <wpt lat="51.129312290898156" lon="4.25127031987706">
    <name>248.7</name>
  </wpt>
  <wpt lat="51.129532994693861" lon="4.252659497647036">
    <name>248.8</name>
  </wpt>
  <wpt lat="51.12975899887271" lon="4.25404548760181">
    <name>248.9</name>
  </wpt>
  <wpt lat="51.129844890527508" lon="4.2554623469703845">
    <name>249.0</name>
  </wpt>
  <wpt lat="51.129746317174884" lon="4.2568866338590956">
    <name>249.1</name>
  </wpt>
  <wpt lat="51.129658892853392" lon="4.2583127468765589">
    <name>249.2</name>
  </wpt>
  <wpt lat="51.12962000007763" lon="4.2597369220915677">
    <name>249.3</name>
  </wpt>
  <wpt lat="51.129672866838447" lon="4.2611670987862968">
    <name>249.4</name>
  </wpt>
  <wpt lat="51.129726562260423" lon="4.2625973887574213">
    <name>249.5</name>
  </wpt>
  <wpt lat="51.129765479262346" lon="4.2640280961223551">
    <name>249.6</name>
  </wpt>
  <wpt lat="51.129779034346832" lon="4.2654604793801747">
    <name>249.7</name>
  </wpt>
  <wpt lat="51.129792000021396" lon="4.26689282565196">
    <name>249.8</name>
  </wpt>
  <wpt lat="51.130036052959149" lon="4.2682604707715868">
    <name>249.9</name>
  </wpt>
  <wpt lat="51.130524294597855" lon="4.269463840069708">
    <name>250.0</name>
  </wpt>
  <wpt lat="51.130869191370351" lon="4.270774729786817">
    <name>250.1</name>
  </wpt>
  <wpt lat="51.131194102869138" lon="4.2721080338542095">
    <name>250.2</name>
  </wpt>
  <wpt lat="51.131588469911541" lon="4.2733959574371374">
    <name>250.3</name>
  </wpt>
  <wpt lat="51.131988393740343" lon="4.2746795678229432">
    <name>250.4</name>
  </wpt>
  <wpt lat="51.13248767512583" lon="4.2758684983756021">
    <name>250.5</name>
  </wpt>
  <wpt lat="51.132932855471417" lon="4.2771041699864369">
    <name>250.6</name>
  </wpt>
  <wpt lat="51.133303086518808" lon="4.2784064578671517">
    <name>250.7</name>
  </wpt>
  <wpt lat="51.133708205211185" lon="4.2796812955385395">
    <name>250.8</name>
  </wpt>
  <wpt lat="51.134329850381789" lon="4.2807153755494554">
    <name>250.9</name>
  </wpt>
  <wpt lat="51.134975128717528" lon="4.2817130437000763">
    <name>251.0</name>
  </wpt>
  <wpt lat="51.135641499205946" lon="4.2826755052147307">
    <name>251.1</name>
  </wpt>
  <wpt lat="51.13630563473113" lon="4.2836418534765146">
    <name>251.2</name>
  </wpt>
  <wpt lat="51.13698275116338" lon="4.2845851014817047">
    <name>251.3</name>
  </wpt>
  <wpt lat="51.137662685047964" lon="4.2855231684255051">
    <name>251.4</name>
  </wpt>
  <wpt lat="51.138328952848219" lon="4.2864840916245326">
    <name>251.5</name>
  </wpt>
  <wpt lat="51.139008492107571" lon="4.2874228932856235">
    <name>251.6</name>
  </wpt>
  <wpt lat="51.139631622487364" lon="4.2884505309097047">
    <name>251.7</name>
  </wpt>
  <wpt lat="51.140207222317379" lon="4.2895518032019808">
    <name>251.8</name>
  </wpt>
  <wpt lat="51.14077303673195" lon="4.2906657727621669">
    <name>251.9</name>
  </wpt>
  <wpt lat="51.141335516589479" lon="4.2917841786030744">
    <name>252.0</name>
  </wpt>
  <wpt lat="51.141900308474419" lon="4.2928996165993025">
    <name>252.1</name>
  </wpt>
  <wpt lat="51.142453150103847" lon="4.2940289156215794">
    <name>252.2</name>
  </wpt>
  <wpt lat="51.143020327729147" lon="4.295140546156154">
    <name>252.3</name>
  </wpt>
  <wpt lat="51.143574412292089" lon="4.2962695678849521">
    <name>252.4</name>
  </wpt>
  <wpt lat="51.144297509315379" lon="4.2970598811673684">
    <name>252.5</name>
  </wpt>
  <wpt lat="51.145170254058655" lon="4.297394247797639">
    <name>252.6</name>
  </wpt>
  <wpt lat="51.146041375818648" lon="4.2977503778103516">
    <name>252.7</name>
  </wpt>
  <wpt lat="51.146916517562424" lon="4.2980797411146332">
    <name>252.8</name>
  </wpt>
  <wpt lat="51.147771653374441" lon="4.2984821392873185">
    <name>252.9</name>
  </wpt>
  <wpt lat="51.14861652145057" lon="4.2989238357163178">
    <name>253.0</name>
  </wpt>
  <wpt lat="51.149476221116828" lon="4.2993394233118742">
    <name>253.1</name>
  </wpt>
  <wpt lat="51.150348936016421" lon="4.2996842909624444">
    <name>253.2</name>
  </wpt>
  <wpt lat="51.151240752475985" lon="4.29979037151237">
    <name>253.3</name>
  </wpt>
  <wpt lat="51.152134506334981" lon="4.2998943217277876">
    <name>253.4</name>
  </wpt>
  <wpt lat="51.152995178788693" lon="4.3003019651207248">
    <name>253.5</name>
  </wpt>
  <wpt lat="51.153884945571242" lon="4.3005087062736784">
    <name>253.6</name>
  </wpt>
  <wpt lat="51.154772929382922" lon="4.3007351062828585">
    <name>253.7</name>
  </wpt>
  <wpt lat="51.15566632361876" lon="4.3008689999999881">
    <name>253.8</name>
  </wpt>
  <wpt lat="51.156532567131713" lon="4.301109531713041">
    <name>253.9</name>
  </wpt>
  <wpt lat="51.157215669008778" lon="4.3020374082690527">
    <name>254.0</name>
  </wpt>
  <wpt lat="51.157909355196082" lon="4.302937813000586">
    <name>254.1</name>
  </wpt>
  <wpt lat="51.158788334868092" lon="4.3032143337214794">
    <name>254.2</name>
  </wpt>
  <wpt lat="51.159648593903839" lon="4.3036149376229682">
    <name>254.3</name>
  </wpt>
  <wpt lat="51.160445756348793" lon="4.3042782315363475">
    <name>254.4</name>
  </wpt>
  <wpt lat="51.161235805804324" lon="4.3049633305382482">
    <name>254.5</name>
  </wpt>
  <wpt lat="51.162001880453836" lon="4.3057107744540426">
    <name>254.6</name>
  </wpt>
  <wpt lat="51.16272457315759" lon="4.306562146270382">
    <name>254.7</name>
  </wpt>
  <wpt lat="51.163475174014557" lon="4.3073488670385274">
    <name>254.8</name>
  </wpt>
  <wpt lat="51.164257350314742" lon="4.3080544410869326">
    <name>254.9</name>
  </wpt>
  <wpt lat="51.165022818880004" lon="4.3088051129024842">
    <name>255.0</name>
  </wpt>
  <wpt lat="51.165831164878519" lon="4.3094320738927632">
    <name>255.1</name>
  </wpt>
  <wpt lat="51.166652221571404" lon="4.3100168391356126">
    <name>255.2</name>
  </wpt>
  <wpt lat="51.167475350637488" lon="4.3105939177430637">
    <name>255.3</name>
  </wpt>
  <wpt lat="51.168325811628222" lon="4.3110597389894387">
    <name>255.4</name>
  </wpt>
  <wpt lat="51.16917208137675" lon="4.3115445696735613">
    <name>255.5</name>
  </wpt>
  <wpt lat="51.170008231244196" lon="4.3120719793740632">
    <name>255.6</name>
  </wpt>
  <wpt lat="51.169990271879492" lon="4.3131273290848782">
    <name>255.7</name>
  </wpt>
  <wpt lat="51.169672741240483" lon="4.3144312344130133">
    <name>255.8</name>
  </wpt>
  <wpt lat="51.16938796868822" lon="4.3157917116174156">
    <name>255.9</name>
  </wpt>
  <wpt lat="51.16943843303175" lon="4.3168438054547575">
    <name>256.0</name>
  </wpt>
  <wpt lat="51.170318689962912" lon="4.3171258135345321">
    <name>256.1</name>
  </wpt>
  <wpt lat="51.171210714789147" lon="4.3173048487166783">
    <name>256.2</name>
  </wpt>
  <wpt lat="51.172103552061742" lon="4.3174753195260056">
    <name>256.3</name>
  </wpt>
  <wpt lat="51.172994778405993" lon="4.3176613634073524">
    <name>256.4</name>
  </wpt>
  <wpt lat="51.1738756339022" lon="4.3179469506314661">
    <name>256.5</name>
  </wpt>
  <wpt lat="51.174752750825192" lon="4.3182637339523433">
    <name>256.6</name>
  </wpt>
  <wpt lat="51.175196000868681" lon="4.3192796843981274">
    <name>256.7</name>
  </wpt>
  <wpt lat="51.175196008594718" lon="4.3207141437961445">
    <name>256.8</name>
  </wpt>
  <wpt lat="51.175196019242776" lon="4.3221486031944663">
    <name>256.9</name>
  </wpt>
  <wpt lat="51.175325455353367" lon="4.3233991164855157">
    <name>257.0</name>
  </wpt>
  <wpt lat="51.1755610000611" lon="4.3223639804862746">
    <name>257.1</name>
  </wpt>
  <wpt lat="51.175548926642094" lon="4.3209296469179215">
    <name>257.2</name>
  </wpt>
  <wpt lat="51.175539000846648" lon="4.3194952915275042">
    <name>257.3</name>
  </wpt>
  <wpt lat="51.175416424601273" lon="4.31810866710418">
    <name>257.4</name>
  </wpt>
  <wpt lat="51.175553151599381" lon="4.3167134142974666">
    <name>257.5</name>
  </wpt>
  <wpt lat="51.175911786211792" lon="4.3156668929259681">
    <name>257.6</name>
  </wpt>
  <wpt lat="51.176774422189439" lon="4.3160509767591719">
    <name>257.7</name>
  </wpt>
  <wpt lat="51.17763918523665" lon="4.3164425023164137">
    <name>257.8</name>
  </wpt>
  <wpt lat="51.178482427050618" lon="4.3169298747950062">
    <name>257.9</name>
  </wpt>
  <wpt lat="51.17932921418776" lon="4.3173987275889587">
    <name>258.0</name>
  </wpt>
  <wpt lat="51.180224646295329" lon="4.3174909985482559">
    <name>258.1</name>
  </wpt>
  <wpt lat="51.181080877522362" lon="4.3178759018197725">
    <name>258.2</name>
  </wpt>
  <wpt lat="51.181894391556327" lon="4.3184872500637415">
    <name>258.3</name>
  </wpt>
  <wpt lat="51.182706829100219" lon="4.3191022447879028">
    <name>258.4</name>
  </wpt>
  <wpt lat="51.183306288549616" lon="4.3201298373455082">
    <name>258.5</name>
  </wpt>
  <wpt lat="51.183791082187561" lon="4.3213382245001233">
    <name>258.6</name>
  </wpt>
  <wpt lat="51.184325259543961" lon="4.32248117194216">
    <name>258.7</name>
  </wpt>
  <wpt lat="51.1850542655082" lon="4.3233210816377783">
    <name>258.8</name>
  </wpt>
  <wpt lat="51.185784997979063" lon="4.3241574234147366">
    <name>258.9</name>
  </wpt>
  <wpt lat="51.186515940078586" lon="4.32499219997051">
    <name>259.0</name>
  </wpt>
  <wpt lat="51.187252751675885" lon="4.3258114484950907">
    <name>259.1</name>
  </wpt>
  <wpt lat="51.188136231001771" lon="4.3257844896510305">
    <name>259.2</name>
  </wpt>
  <wpt lat="51.189021744760289" lon="4.325534060007536">
    <name>259.3</name>
  </wpt>
  <wpt lat="51.189907239370264" lon="4.3252834260738071">
    <name>259.4</name>
  </wpt>
  <wpt lat="51.190628922133627" lon="4.3245304414828567">
    <name>259.5</name>
  </wpt>
  <wpt lat="51.191083711789524" lon="4.3232925019115029">
    <name>259.6</name>
  </wpt>
  <wpt lat="51.191786743438044" lon="4.3227236143754224">
    <name>259.7</name>
  </wpt>
  <wpt lat="51.192578140735868" lon="4.3233555526370955">
    <name>259.8</name>
  </wpt>
  <wpt lat="51.193336507387386" lon="4.3241152024545162">
    <name>259.9</name>
  </wpt>
  <wpt lat="51.194147051017033" lon="4.3247049694517035">
    <name>260.0</name>
  </wpt>
  <wpt lat="51.194871359692328" lon="4.3255526591725584">
    <name>260.1</name>
  </wpt>
  <wpt lat="51.1955769224191" lon="4.3264413366289238">
    <name>260.2</name>
  </wpt>
  <wpt lat="51.196313532428228" lon="4.3272645324164634">
    <name>260.3</name>
  </wpt>
  <wpt lat="51.197050824074289" lon="4.328085760029948">
    <name>260.4</name>
  </wpt>
  <wpt lat="51.19778776450007" lon="4.3289063616549042">
    <name>260.5</name>
  </wpt>
  <wpt lat="51.198415293630987" lon="4.3299134530213363">
    <name>260.6</name>
  </wpt>
  <wpt lat="51.198833970282841" lon="4.3311830779067009">
    <name>260.7</name>
  </wpt>
  <wpt lat="51.19927865514353" lon="4.3324285523064434">
    <name>260.8</name>
  </wpt>
  <wpt lat="51.199747439003836" lon="4.3336533516156148">
    <name>260.9</name>
  </wpt>
  <wpt lat="51.200219657223279" lon="4.3348747204697">
    <name>261.0</name>
  </wpt>
  <wpt lat="51.200690251834352" lon="4.3360974035306077">
    <name>261.1</name>
  </wpt>
  <wpt lat="51.201241976244226" lon="4.33722815530131">
    <name>261.2</name>
  </wpt>
  <wpt lat="51.20170420901394" lon="4.3384386659004859">
    <name>261.3</name>
  </wpt>
  <wpt lat="51.2020320818083" lon="4.3397370124904588">
    <name>261.4</name>
  </wpt>
  <wpt lat="51.202147000520014" lon="4.3411499706085728">
    <name>261.5</name>
  </wpt>
  <wpt lat="51.2021276332498" lon="4.34258488582496">
    <name>261.6</name>
  </wpt>
  <wpt lat="51.202086472057182" lon="4.3439706963202189">
    <name>261.7</name>
  </wpt>
  <wpt lat="51.201720740448195" lon="4.3452730383695961">
    <name>261.8</name>
  </wpt>
  <wpt lat="51.20161773508395" lon="4.3466917857384306">
    <name>261.9</name>
  </wpt>
  <wpt lat="51.201585098520248" lon="4.3481190887725907">
    <name>262.0</name>
  </wpt>
  <wpt lat="51.201954864099662" lon="4.3494166271888091">
    <name>262.1</name>
  </wpt>
  <wpt lat="51.202199963494891" lon="4.3507898701571408">
    <name>262.2</name>
  </wpt>
  <wpt lat="51.202609386710442" lon="4.3520675306134535">
    <name>262.3</name>
  </wpt>
  <wpt lat="51.203046354204069" lon="4.3533220321525476">
    <name>262.4</name>
  </wpt>
  <wpt lat="51.203483112521631" lon="4.3545767311404768">
    <name>262.5</name>
  </wpt>
  <wpt lat="51.203944669117455" lon="4.3557664012695">
    <name>262.6</name>
  </wpt>
  <wpt lat="51.20441375288825" lon="4.3567143984537005">
    <name>262.7</name>
  </wpt>
  <wpt lat="51.2048057027401" lon="4.358006278969186">
    <name>262.8</name>
  </wpt>
  <wpt lat="51.205197652591863" lon="4.3592981704782972">
    <name>262.9</name>
  </wpt>
  <wpt lat="51.205589602443517" lon="4.3605900729813394">
    <name>263.0</name>
  </wpt>
  <wpt lat="51.205987680065" lon="4.3618770627736669">
    <name>263.1</name>
  </wpt>
  <wpt lat="51.206408484704014" lon="4.3631455858724486">
    <name>263.2</name>
  </wpt>
  <wpt lat="51.206840992631868" lon="4.3644041215646094">
    <name>263.3</name>
  </wpt>
  <wpt lat="51.207216666296716" lon="4.3656310835977346">
    <name>263.4</name>
  </wpt>
  <wpt lat="51.20748380640412" lon="4.3668095090747592">
    <name>263.5</name>
  </wpt>
  <wpt lat="51.207977111620941" lon="4.3680021631427826">
    <name>263.6</name>
  </wpt>
  <wpt lat="51.208425665432458" lon="4.3692463500121583">
    <name>263.7</name>
  </wpt>
  <wpt lat="51.208817390144979" lon="4.37053486716954">
    <name>263.8</name>
  </wpt>
  <wpt lat="51.2093096711279" lon="4.37173104224584">
    <name>263.9</name>
  </wpt>
  <wpt lat="51.209836170620427" lon="4.3728948482193051">
    <name>264.0</name>
  </wpt>
  <wpt lat="51.21036267011285" lon="4.3740586674987849">
    <name>264.1</name>
  </wpt>
  <wpt lat="51.210892314425855" lon="4.375218854864098">
    <name>264.2</name>
  </wpt>
  <wpt lat="51.211422620273474" lon="4.3763782889696374">
    <name>264.3</name>
  </wpt>
  <wpt lat="51.211952926120986" lon="4.3775377364278079">
    <name>264.4</name>
  </wpt>
  <wpt lat="51.21248823049406" lon="4.3786912479664979">
    <name>264.5</name>
  </wpt>
  <wpt lat="51.2130328363515" lon="4.3798337059009151">
    <name>264.6</name>
  </wpt>
  <wpt lat="51.213623812902441" lon="4.380914513237034">
    <name>264.7</name>
  </wpt>
  <wpt lat="51.214271939949896" lon="4.3819026366836109">
    <name>264.8</name>
  </wpt>
  <wpt lat="51.214989733737312" lon="4.3827574443401991">
    <name>264.9</name>
  </wpt>
  <wpt lat="51.215704517871131" lon="4.3836275177714512">
    <name>265.0</name>
  </wpt>
  <wpt lat="51.216440442216893" lon="4.3844488176817427">
    <name>265.1</name>
  </wpt>
  <wpt lat="51.217213190389536" lon="4.3851831134347554">
    <name>265.2</name>
  </wpt>
  <wpt lat="51.217997397172049" lon="4.3858851776368493">
    <name>265.3</name>
  </wpt>
  <wpt lat="51.218813296891639" lon="4.38648439228465">
    <name>265.4</name>
  </wpt>
  <wpt lat="51.219640664231029" lon="4.38704631657415">
    <name>265.5</name>
  </wpt>
  <wpt lat="51.220470466813" lon="4.3875994111926726">
    <name>265.6</name>
  </wpt>
  <wpt lat="51.2205965240409" lon="4.3885832761295509">
    <name>265.7</name>
  </wpt>
  <wpt lat="51.220252755635137" lon="4.3899101013124033">
    <name>265.8</name>
  </wpt>
  <wpt lat="51.219908987229466" lon="4.3912369165869887">
    <name>265.9</name>
  </wpt>
  <wpt lat="51.219565218823888" lon="4.3925637219534091">
    <name>266.0</name>
  </wpt>
  <wpt lat="51.2192214504184" lon="4.3938905174119682">
    <name>266.1</name>
  </wpt>
  <wpt lat="51.218877682013" lon="4.3952173029627684">
    <name>266.2</name>
  </wpt>
  <wpt lat="51.2188607750493" lon="4.3958166152779228">
    <name>266.3</name>
  </wpt>
  <wpt lat="51.219519912728522" lon="4.3957421205184319">
    <name>266.4</name>
  </wpt>
  <wpt lat="51.220343337388144" lon="4.3963190882492027">
    <name>266.5</name>
  </wpt>
  <wpt lat="51.221160032056936" lon="4.3969202954925271">
    <name>266.6</name>
  </wpt>
  <wpt lat="51.221988611697817" lon="4.3974776681439609">
    <name>266.7</name>
  </wpt>
  <wpt lat="51.222821648399467" lon="4.3980177919768453">
    <name>266.8</name>
  </wpt>
  <wpt lat="51.223663919456293" lon="4.3985166771635678">
    <name>266.9</name>
  </wpt>
  <wpt lat="51.224498531454287" lon="4.3990515067095544">
    <name>267.0</name>
  </wpt>
  <wpt lat="51.225343391419734" lon="4.3993075782011921">
    <name>267.1</name>
  </wpt>
  <wpt lat="51.226180140872806" lon="4.3998338261530554">
    <name>267.2</name>
  </wpt>
  <wpt lat="51.226915501944056" lon="4.4006064805771663">
    <name>267.3</name>
  </wpt>
  <wpt lat="51.227636171815156" lon="4.4014381709560535">
    <name>267.4</name>
  </wpt>
  <wpt lat="51.227988375162873" lon="4.4024386733571683">
    <name>267.5</name>
  </wpt>
  <wpt lat="51.228017727612375" lon="4.4038740130059049">
    <name>267.6</name>
  </wpt>
  <wpt lat="51.228048059711313" lon="4.4053090083859079">
    <name>267.7</name>
  </wpt>
  <wpt lat="51.228090256385876" lon="4.4067435335255318">
    <name>267.8</name>
  </wpt>
  <wpt lat="51.228122906901469" lon="4.40817861662798">
    <name>267.9</name>
  </wpt>
  <wpt lat="51.228157513133119" lon="4.4096131811741168">
    <name>268.0</name>
  </wpt>
  <wpt lat="51.228191759523227" lon="4.4110482496657584">
    <name>268.1</name>
  </wpt>
  <wpt lat="51.228958194417615" lon="4.4112278395808122">
    <name>268.2</name>
  </wpt>
  <wpt lat="51.229827000012058" lon="4.4111340248334008">
    <name>268.3</name>
  </wpt>
  <wpt lat="51.230688788850735" lon="4.4110540000000258">
    <name>268.4</name>
  </wpt>
  <wpt lat="51.231093000009047" lon="4.411844682150452">
    <name>268.5</name>
  </wpt>
  <wpt lat="51.231245774689413" lon="4.413160433201071">
    <name>268.6</name>
  </wpt>
  <wpt lat="51.231778503866273" lon="4.414238745878845">
    <name>268.7</name>
  </wpt>
  <wpt lat="51.231780000909374" lon="4.4156747377572643">
    <name>268.8</name>
  </wpt>
  <wpt lat="51.23178000024852" lon="4.4171109604019732">
    <name>268.9</name>
  </wpt>
  <wpt lat="51.231780000363059" lon="4.4185471830466829">
    <name>269.0</name>
  </wpt>
  <wpt lat="51.231938942487247" lon="4.41990583157911">
    <name>269.1</name>
  </wpt>
  <wpt lat="51.232807874844404" lon="4.4201298581009372">
    <name>269.2</name>
  </wpt>
  <wpt lat="51.233707194593741" lon="4.4201299999999843">
    <name>269.3</name>
  </wpt>
  <wpt lat="51.234606516199655" lon="4.4201299999999843">
    <name>269.4</name>
  </wpt>
  <wpt lat="51.235131031852795" lon="4.4206880000000028">
    <name>269.5</name>
  </wpt>
  <wpt lat="51.236027192784839" lon="4.4206196092780061">
    <name>269.6</name>
  </wpt>
  <wpt lat="51.236926328425312" lon="4.4205916412519857">
    <name>269.7</name>
  </wpt>
  <wpt lat="51.237825562613921" lon="4.4205716144092468">
    <name>269.8</name>
  </wpt>
  <wpt lat="51.238724780923135" lon="4.4205680639305092">
    <name>269.9</name>
  </wpt>
  <wpt lat="51.239623483495748" lon="4.4205590000000274">
    <name>270.0</name>
  </wpt>
  <wpt lat="51.240522805101676" lon="4.4205590000000274">
    <name>270.1</name>
  </wpt>
  <wpt lat="51.241421803937996" lon="4.4205347409771871">
    <name>270.2</name>
  </wpt>
  <wpt lat="51.242321050384632" lon="4.4205161690580681">
    <name>270.3</name>
  </wpt>
  <wpt lat="51.243220296831254" lon="4.4204975967759079">
    <name>270.4</name>
  </wpt>
  <wpt lat="51.244119607926166" lon="4.4204949999999776">
    <name>270.5</name>
  </wpt>
  <wpt lat="51.244547000920655" lon="4.4213901121987531">
    <name>270.6</name>
  </wpt>
  <wpt lat="51.244547000097548" lon="4.4228267334767821">
    <name>270.7</name>
  </wpt>
  <wpt lat="51.244823913056" lon="4.42382100000005">
    <name>270.8</name>
  </wpt>
  <wpt lat="51.244930128718664" lon="4.42507996422763">
    <name>270.9</name>
  </wpt>
  <wpt lat="51.244815310502517" lon="4.4265000944810806">
    <name>271.0</name>
  </wpt>
  <wpt lat="51.244918186090111" lon="4.4277576285323006">
    <name>271.1</name>
  </wpt>
  <wpt lat="51.24438711508266" lon="4.4287249942566822">
    <name>271.2</name>
  </wpt>
  <wpt lat="51.244044372552878" lon="4.4294894507960132">
    <name>271.3</name>
  </wpt>
  <wpt lat="51.244914336028707" lon="4.4298535210748868">
    <name>271.4</name>
  </wpt>
  <wpt lat="51.245700845873223" lon="4.4305099696224062">
    <name>271.5</name>
  </wpt>
  <wpt lat="51.246466199360157" lon="4.4312637618762878">
    <name>271.6</name>
  </wpt>
  <wpt lat="51.24731060919116" lon="4.43174730441378">
    <name>271.7</name>
  </wpt>
  <wpt lat="51.248157144293749" lon="4.4322312154697778">
    <name>271.8</name>
  </wpt>
  <wpt lat="51.248996377981832" lon="4.43274756271572">
    <name>271.9</name>
  </wpt>
  <wpt lat="51.249834770883361" lon="4.4332674071053981">
    <name>272.0</name>
  </wpt>
  <wpt lat="51.2506735119919" lon="4.43378578533112">
    <name>272.1</name>
  </wpt>
  <wpt lat="51.251514279334366" lon="4.4342957664282769">
    <name>272.2</name>
  </wpt>
  <wpt lat="51.252355447803311" lon="4.4348040642408355">
    <name>272.3</name>
  </wpt>
  <wpt lat="51.253201400307724" lon="4.4352903600207556">
    <name>272.4</name>
  </wpt>
  <wpt lat="51.254079065461383" lon="4.4356015872276062">
    <name>272.5</name>
  </wpt>
  <wpt lat="51.254892495149875" lon="4.4358247277875549">
    <name>272.6</name>
  </wpt>
  <wpt lat="51.254919347338159" lon="4.4372610305475364">
    <name>272.7</name>
  </wpt>
  <wpt lat="51.254914936096348" lon="4.4386949463341026">
    <name>272.8</name>
  </wpt>
  <wpt lat="51.254954000031496" lon="4.4401278372340975">
    <name>272.9</name>
  </wpt>
  <wpt lat="51.2550620000319" lon="4.441545733328133">
    <name>273.0</name>
  </wpt>
  <wpt lat="51.255214941581137" lon="4.4429585804051959">
    <name>273.1</name>
  </wpt>
  <wpt lat="51.255165796247866" lon="4.4443685237788317">
    <name>273.2</name>
  </wpt>
  <wpt lat="51.254771783849712" lon="4.445659099710479">
    <name>273.3</name>
  </wpt>
  <wpt lat="51.254633738340551" lon="4.4470622136204172">
    <name>273.4</name>
  </wpt>
  <wpt lat="51.254558778017909" lon="4.448490944060242">
    <name>273.5</name>
  </wpt>
  <wpt lat="51.254495118937321" lon="4.449924264206981">
    <name>273.6</name>
  </wpt>
  <wpt lat="51.254430453534873" lon="4.4513565929082617">
    <name>273.7</name>
  </wpt>
  <wpt lat="51.254356650959963" lon="4.4527875185490151">
    <name>273.8</name>
  </wpt>
  <wpt lat="51.254293539536775" lon="4.4542208447345324">
    <name>273.9</name>
  </wpt>
  <wpt lat="51.254233050508155" lon="4.4556544766225494">
    <name>274.0</name>
  </wpt>
  <wpt lat="51.254158875050848" lon="4.4570864988055829">
    <name>274.1</name>
  </wpt>
  <wpt lat="51.25409874969602" lon="4.4585201997600832">
    <name>274.2</name>
  </wpt>
  <wpt lat="51.254491698220207" lon="4.45953569790911">
    <name>274.3</name>
  </wpt>
  <wpt lat="51.255265146827128" lon="4.46026382134784">
    <name>274.4</name>
  </wpt>
  <wpt lat="51.256057672276505" lon="4.4609425121269473">
    <name>274.5</name>
  </wpt>
  <wpt lat="51.256834192060438" lon="4.4616673794261574">
    <name>274.6</name>
  </wpt>
  <wpt lat="51.257573195479694" lon="4.4624496732304184">
    <name>274.7</name>
  </wpt>
  <wpt lat="51.258337765228084" lon="4.4630996929115634">
    <name>274.8</name>
  </wpt>
  <wpt lat="51.2590978684326" lon="4.4638623617313344">
    <name>274.9</name>
  </wpt>
  <wpt lat="51.259901680607427" lon="4.4642469999999506">
    <name>275.0</name>
  </wpt>
  <wpt lat="51.260766064342469" lon="4.464223242037014">
    <name>275.1</name>
  </wpt>
  <wpt lat="51.2616603515274" lon="4.4640724260974824">
    <name>275.2</name>
  </wpt>
  <wpt lat="51.262554162856389" lon="4.4639135765111115">
    <name>275.3</name>
  </wpt>
  <wpt lat="51.263447974185382" lon="4.4637547238356845">
    <name>275.4</name>
  </wpt>
  <wpt lat="51.264339630874815" lon="4.4635681974014965">
    <name>275.5</name>
  </wpt>
  <wpt lat="51.265234794812088" lon="4.463477344827302">
    <name>275.6</name>
  </wpt>
  <wpt lat="51.26612475430818" lon="4.4632848221283847">
    <name>275.7</name>
  </wpt>
  <wpt lat="51.26701398051528" lon="4.4631099999999586">
    <name>275.8</name>
  </wpt>
  <wpt lat="51.267815406083052" lon="4.4636494522450327">
    <name>275.9</name>
  </wpt>
  <wpt lat="51.268513619521549" lon="4.464518968586713">
    <name>276.0</name>
  </wpt>
  <wpt lat="51.269260057360469" lon="4.4653167339909849">
    <name>276.1</name>
  </wpt>
  <wpt lat="51.269984045208382" lon="4.4661694365643285">
    <name>276.2</name>
  </wpt>
  <wpt lat="51.270708033056231" lon="4.4670221525726408">
    <name>276.3</name>
  </wpt>
  <wpt lat="51.271432020903994" lon="4.46787488201643">
    <name>276.4</name>
  </wpt>
  <wpt lat="51.272156008751679" lon="4.4687276248962053">
    <name>276.5</name>
  </wpt>
  <wpt lat="51.272879996599286" lon="4.4695803812125776">
    <name>276.6</name>
  </wpt>
  <wpt lat="51.273603984446808" lon="4.4704331509660546">
    <name>276.7</name>
  </wpt>
  <wpt lat="51.274337412953578" lon="4.4712605987901259">
    <name>276.8</name>
  </wpt>
  <wpt lat="51.2750595640438" lon="4.4721173656712478">
    <name>276.9</name>
  </wpt>
  <wpt lat="51.275785990044561" lon="4.47296485868706">
    <name>277.0</name>
  </wpt>
  <wpt lat="51.276511184298741" lon="4.4738150525477733">
    <name>277.1</name>
  </wpt>
  <wpt lat="51.277235262592555" lon="4.4746676934592715">
    <name>277.2</name>
  </wpt>
  <wpt lat="51.277959340886291" lon="4.47552034780991">
    <name>277.3</name>
  </wpt>
  <wpt lat="51.278683419179934" lon="4.4763730156001991">
    <name>277.4</name>
  </wpt>
  <wpt lat="51.279407497473507" lon="4.4772256968306463">
    <name>277.5</name>
  </wpt>
  <wpt lat="51.280130225744124" lon="4.4780811591524587">
    <name>277.6</name>
  </wpt>
  <wpt lat="51.2808540584324" lon="4.4789341712561628">
    <name>277.7</name>
  </wpt>
  <wpt lat="51.281580807583367" lon="4.4797810612030835">
    <name>277.8</name>
  </wpt>
  <wpt lat="51.282307055428241" lon="4.4806290577432453">
    <name>277.9</name>
  </wpt>
  <wpt lat="51.283031702229373" lon="4.4814805709806835">
    <name>278.0</name>
  </wpt>
  <wpt lat="51.283756349030426" lon="4.482332097652785">
    <name>278.1</name>
  </wpt>
  <wpt lat="51.284482289832034" lon="4.483176579628422">
    <name>278.2</name>
  </wpt>
  <wpt lat="51.285226982675368" lon="4.4837833285688529">
    <name>278.3</name>
  </wpt>
  <wpt lat="51.285941642816375" lon="4.4846561566880823">
    <name>278.4</name>
  </wpt>
  <wpt lat="51.286661588702295" lon="4.4855174544788063">
    <name>278.5</name>
  </wpt>
  <wpt lat="51.287388268621683" lon="4.4863602686123816">
    <name>278.6</name>
  </wpt>
  <wpt lat="51.288046547797975" lon="4.4873237625475015">
    <name>278.7</name>
  </wpt>
  <wpt lat="51.288572681330365" lon="4.4884899043747755">
    <name>278.8</name>
  </wpt>
  <wpt lat="51.289115225074426" lon="4.489636393616248">
    <name>278.9</name>
  </wpt>
  <wpt lat="51.289675842732983" lon="4.4907595337569708">
    <name>279.0</name>
  </wpt>
  <wpt lat="51.290249134283222" lon="4.4918639795940871">
    <name>279.1</name>
  </wpt>
  <wpt lat="51.290914611857886" lon="4.4928125085169546">
    <name>279.2</name>
  </wpt>
  <wpt lat="51.291630507989552" lon="4.4936828041111223">
    <name>279.3</name>
  </wpt>
  <wpt lat="51.292423391151956" lon="4.4943580950268887">
    <name>279.4</name>
  </wpt>
  <wpt lat="51.293223639032405" lon="4.4950138488904781">
    <name>279.5</name>
  </wpt>
  <wpt lat="51.294018229649218" lon="4.4956863285291266">
    <name>279.6</name>
  </wpt>
  <wpt lat="51.294818259936825" lon="4.4963426190754419">
    <name>279.7</name>
  </wpt>
  <wpt lat="51.295615709791868" lon="4.49700748568548">
    <name>279.8</name>
  </wpt>
  <wpt lat="51.296408608714152" lon="4.4976859033751406">
    <name>279.9</name>
  </wpt>
  <wpt lat="51.297092990115985" lon="4.4983619886678738">
    <name>280.0</name>
  </wpt>
  <wpt lat="51.29788975880836" lon="4.4990289701433221">
    <name>280.1</name>
  </wpt>
  <wpt lat="51.298686908342638" lon="4.4996945117868563">
    <name>280.2</name>
  </wpt>
  <wpt lat="51.299481485129412" lon="4.5003681902903523">
    <name>280.3</name>
  </wpt>
  <wpt lat="51.300276061916136" lon="4.5010418804553387">
    <name>280.4</name>
  </wpt>
  <wpt lat="51.301071925574327" lon="4.5017116577098006">
    <name>280.5</name>
  </wpt>
  <wpt lat="51.301870163750522" lon="4.502374206464407">
    <name>280.6</name>
  </wpt>
  <wpt lat="51.302668401926667" lon="4.5030367667416806">
    <name>280.7</name>
  </wpt>
  <wpt lat="51.303466640102762" lon="4.5036993385421287">
    <name>280.8</name>
  </wpt>
  <wpt lat="51.304262032371163" lon="4.504368942996698">
    <name>280.9</name>
  </wpt>
  <wpt lat="51.305061191767564" lon="4.5050282471310918">
    <name>281.0</name>
  </wpt>
  <wpt lat="51.305858598333408" lon="4.5056934023427289">
    <name>281.1</name>
  </wpt>
  <wpt lat="51.306656072296668" lon="4.5063583616379983">
    <name>281.2</name>
  </wpt>
  <wpt lat="51.307441481978586" lon="4.5070572731967378">
    <name>281.3</name>
  </wpt>
  <wpt lat="51.30812268879464" lon="4.507880966785561">
    <name>281.4</name>
  </wpt>
  <wpt lat="51.308862552223793" lon="4.5086985687944878">
    <name>281.5</name>
  </wpt>
  <wpt lat="51.309609304505621" lon="4.509500241125262">
    <name>281.6</name>
  </wpt>
  <wpt lat="51.310350078016945" lon="4.510315989264587">
    <name>281.7</name>
  </wpt>
  <wpt lat="51.311090528024629" lon="4.51113251083349">
    <name>281.8</name>
  </wpt>
  <wpt lat="51.31183153330624" lon="4.511947752920408">
    <name>281.9</name>
  </wpt>
  <wpt lat="51.31257341374571" lon="4.512760971046343">
    <name>282.0</name>
  </wpt>
  <wpt lat="51.313291913480811" lon="4.5135986241274226">
    <name>282.1</name>
  </wpt>
  <wpt lat="51.314033570718564" lon="4.51441165390325">
    <name>282.2</name>
  </wpt>
  <wpt lat="51.314772604935605" lon="4.5152315092982231">
    <name>282.3</name>
  </wpt>
  <wpt lat="51.315512625628912" lon="4.51604910511611">
    <name>282.4</name>
  </wpt>
  <wpt lat="51.316250745539996" lon="4.5168710777903556">
    <name>282.5</name>
  </wpt>
  <wpt lat="51.317076038386887" lon="4.5174200191915181">
    <name>282.6</name>
  </wpt>
  <wpt lat="51.317896396795547" lon="4.5176880157888251">
    <name>282.7</name>
  </wpt>
  <wpt lat="51.318758866921456" lon="4.518095704664101">
    <name>282.8</name>
  </wpt>
  <wpt lat="51.319620702573182" lon="4.5185066828190559">
    <name>282.9</name>
  </wpt>
  <wpt lat="51.320487295210327" lon="4.5188912244342285">
    <name>283.0</name>
  </wpt>
  <wpt lat="51.321349884172747" lon="4.5192977568428256">
    <name>283.1</name>
  </wpt>
  <wpt lat="51.322212288729226" lon="4.51970299388244">
    <name>283.2</name>
  </wpt>
  <wpt lat="51.323077062980744" lon="4.5200978398139888">
    <name>283.3</name>
  </wpt>
  <wpt lat="51.323940032548492" lon="4.5204981013927332">
    <name>283.4</name>
  </wpt>
  <wpt lat="51.324803295347877" lon="4.5209009558119675">
    <name>283.5</name>
  </wpt>
  <wpt lat="51.325666148837065" lon="4.5213065182677186">
    <name>283.6</name>
  </wpt>
  <wpt lat="51.32652933785851" lon="4.52171035185669">
    <name>283.7</name>
  </wpt>
  <wpt lat="51.327391766824519" lon="4.5221179968763412">
    <name>283.8</name>
  </wpt>
  <wpt lat="51.328255771500096" lon="4.5225163857072381">
    <name>283.9</name>
  </wpt>
  <wpt lat="51.329039889513915" lon="4.522991020963131">
    <name>284.0</name>
  </wpt>
  <wpt lat="51.329886626445287" lon="4.523450803961353">
    <name>284.1</name>
  </wpt>
  <wpt lat="51.3307496159003" lon="4.5238556461724047">
    <name>284.2</name>
  </wpt>
  <wpt lat="51.331611646721583" lon="4.5242658191133032">
    <name>284.3</name>
  </wpt>
  <wpt lat="51.332474337131615" lon="4.5246724353547059">
    <name>284.4</name>
  </wpt>
  <wpt lat="51.333337027541631" lon="4.5250790592471493">
    <name>284.5</name>
  </wpt>
  <wpt lat="51.334200234033844" lon="4.5254828752208347">
    <name>284.6</name>
  </wpt>
  <wpt lat="51.335063369824219" lon="4.5258870820566006">
    <name>284.7</name>
  </wpt>
  <wpt lat="51.335925495116683" lon="4.526296776177662">
    <name>284.8</name>
  </wpt>
  <wpt lat="51.336773782818995" lon="4.5267697646850333">
    <name>284.9</name>
  </wpt>
  <wpt lat="51.337543186105705" lon="4.5274940820462879">
    <name>285.0</name>
  </wpt>
  <wpt lat="51.338281026757095" lon="4.5282955888266976">
    <name>285.1</name>
  </wpt>
  <wpt lat="51.338952641370909" lon="4.5292163268129624">
    <name>285.2</name>
  </wpt>
  <wpt lat="51.33966880732757" lon="4.530087060924096">
    <name>285.3</name>
  </wpt>
  <wpt lat="51.340384961833877" lon="4.53095783277157">
    <name>285.4</name>
  </wpt>
  <wpt lat="51.341101117211039" lon="4.5318286163888253">
    <name>285.5</name>
  </wpt>
  <wpt lat="51.341810950555377" lon="4.5327125110826794">
    <name>285.6</name>
  </wpt>
  <wpt lat="51.342523479740152" lon="4.5335907321345488">
    <name>285.7</name>
  </wpt>
  <wpt lat="51.34322217361391" lon="4.5344493006068252">
    <name>285.8</name>
  </wpt>
  <wpt lat="51.343938640798214" lon="4.5353194257732339">
    <name>285.9</name>
  </wpt>
  <wpt lat="51.344651386009616" lon="4.5361974180287223">
    <name>286.0</name>
  </wpt>
  <wpt lat="51.345369083699907" lon="4.5370649863686978">
    <name>286.1</name>
  </wpt>
  <wpt lat="51.346084758586613" lon="4.5379366991956394">
    <name>286.2</name>
  </wpt>
  <wpt lat="51.346789380341875" lon="4.5388313790266563">
    <name>286.3</name>
  </wpt>
  <wpt lat="51.34752048595336" lon="4.5396551040397677">
    <name>286.4</name>
  </wpt>
  <wpt lat="51.348236487960726" lon="4.540526346428984">
    <name>286.5</name>
  </wpt>
  <wpt lat="51.348951459851065" lon="4.5413997680482652">
    <name>286.6</name>
  </wpt>
  <wpt lat="51.3496665698602" lon="4.5422729109425637">
    <name>286.7</name>
  </wpt>
  <wpt lat="51.350386821790856" lon="4.5431351586515909">
    <name>286.8</name>
  </wpt>
  <wpt lat="51.351094774142318" lon="4.5440228521062194">
    <name>286.9</name>
  </wpt>
  <wpt lat="51.35181355854138" lon="4.5448881890928936">
    <name>287.0</name>
  </wpt>
  <wpt lat="51.352531563746588" lon="4.5457551965519745">
    <name>287.1</name>
  </wpt>
  <wpt lat="51.3532460281291" lon="4.5466297642844919">
    <name>287.2</name>
  </wpt>
  <wpt lat="51.353967113487315" lon="4.5474395208525689">
    <name>287.3</name>
  </wpt>
  <wpt lat="51.354684460320648" lon="4.548308003201214">
    <name>287.4</name>
  </wpt>
  <wpt lat="51.355401616510008" lon="4.549176743399209">
    <name>287.5</name>
  </wpt>
  <wpt lat="51.356115529116472" lon="4.5500516880997184">
    <name>287.6</name>
  </wpt>
  <wpt lat="51.35683261424127" lon="4.550920511363624">
    <name>287.7</name>
  </wpt>
  <wpt lat="51.357545575618595" lon="4.5517982045332852">
    <name>287.8</name>
  </wpt>
  <wpt lat="51.358257883303388" lon="4.5526773613531955">
    <name>287.9</name>
  </wpt>
  <wpt lat="51.358970195709382" lon="4.5535562917079435">
    <name>288.0</name>
  </wpt>
  <wpt lat="51.359688636504679" lon="4.554422558191928">
    <name>288.1</name>
  </wpt>
  <wpt lat="51.360389957995217" lon="4.5553214030230134">
    <name>288.2</name>
  </wpt>
  <wpt lat="51.361106380752304" lon="4.55619196167582">
    <name>288.3</name>
  </wpt>
  <wpt lat="51.361820297433376" lon="4.5570678393357111">
    <name>288.4</name>
  </wpt>
  <wpt lat="51.362535466294595" lon="4.5579411005869472">
    <name>288.5</name>
  </wpt>
  <wpt lat="51.36325178286382" lon="4.55881196524382">
    <name>288.6</name>
  </wpt>
  <wpt lat="51.363969143433359" lon="4.5596805352520136">
    <name>288.7</name>
  </wpt>
  <wpt lat="51.364681860134581" lon="4.5605589707042089">
    <name>288.8</name>
  </wpt>
  <wpt lat="51.365397990224714" lon="4.5614302208449207">
    <name>288.9</name>
  </wpt>
  <wpt lat="51.366111158119871" lon="4.5623077336041575">
    <name>289.0</name>
  </wpt>
  <wpt lat="51.36682715064476" lon="4.5631793218676524">
    <name>289.1</name>
  </wpt>
  <wpt lat="51.367539946806922" lon="4.5640575528707394">
    <name>289.2</name>
  </wpt>
  <wpt lat="51.368253180070212" lon="4.5649349356518512">
    <name>289.3</name>
  </wpt>
  <wpt lat="51.36896787697367" lon="4.5658093162189539">
    <name>289.4</name>
  </wpt>
  <wpt lat="51.369682573877043" lon="4.5666837104339439">
    <name>289.5</name>
  </wpt>
  <wpt lat="51.370397520133572" lon="4.5675575947234774">
    <name>289.6</name>
  </wpt>
  <wpt lat="51.371112787592253" lon="4.5684308183665117">
    <name>289.7</name>
  </wpt>
  <wpt lat="51.371828055050862" lon="4.5693040556513278">
    <name>289.8</name>
  </wpt>
  <wpt lat="51.372541000236268" lon="4.5701821299446683">
    <name>289.9</name>
  </wpt>
  <wpt lat="51.373249896586678" lon="4.5710686257960873">
    <name>290.0</name>
  </wpt>
  <wpt lat="51.37395518738807" lon="4.5719618232812">
    <name>290.1</name>
  </wpt>
  <wpt lat="51.374670549740038" lon="4.5728347543353909">
    <name>290.2</name>
  </wpt>
  <wpt lat="51.375384857611621" lon="4.5737100594921829">
    <name>290.3</name>
  </wpt>
  <wpt lat="51.376095349209812" lon="4.5745933269179586">
    <name>290.4</name>
  </wpt>
  <wpt lat="51.376808845497507" lon="4.5754703643120012">
    <name>290.5</name>
  </wpt>
  <wpt lat="51.37752115461295" lon="4.5763498933803675">
    <name>290.6</name>
  </wpt>
  <wpt lat="51.378243043892766" lon="4.5772090515270749">
    <name>290.7</name>
  </wpt>
  <wpt lat="51.378958807411209" lon="4.5780812956415042">
    <name>290.8</name>
  </wpt>
  <wpt lat="51.379672162210468" lon="4.5789586887530573">
    <name>290.9</name>
  </wpt>
  <wpt lat="51.380385517009636" lon="4.5798360955390613">
    <name>291.0</name>
  </wpt>
  <wpt lat="51.381098871808724" lon="4.580713516000027">
    <name>291.1</name>
  </wpt>
  <wpt lat="51.381812226607721" lon="4.5815909501365626">
    <name>291.2</name>
  </wpt>
  <wpt lat="51.38252549977603" lon="4.5824685682984656">
    <name>291.3</name>
  </wpt>
  <wpt lat="51.383239074324045" lon="4.5833455709510806">
    <name>291.4</name>
  </wpt>
  <wpt lat="51.383947817814082" lon="4.5842325417573253">
    <name>291.5</name>
  </wpt>
  <wpt lat="51.384660558206335" lon="4.5851113098577807">
    <name>291.6</name>
  </wpt>
  <wpt lat="51.385375145763348" lon="4.5859862312844664">
    <name>291.7</name>
  </wpt>
  <wpt lat="51.386089870245726" lon="4.586860865774435">
    <name>291.8</name>
  </wpt>
  <wpt lat="51.386801779782672" lon="4.5877413605926325">
    <name>291.9</name>
  </wpt>
  <wpt lat="51.387522944730627" lon="4.5886020054174139">
    <name>292.0</name>
  </wpt>
  <wpt lat="51.388230089794504" lon="4.5894908141743036">
    <name>292.1</name>
  </wpt>
  <wpt lat="51.388940046603921" lon="4.5903751071843377">
    <name>292.2</name>
  </wpt>
  <wpt lat="51.389661508158511" lon="4.5912342143080274">
    <name>292.3</name>
  </wpt>
  <wpt lat="51.390365432224847" lon="4.5921308619569787">
    <name>292.4</name>
  </wpt>
  <wpt lat="51.39107892801259" lon="4.5930076778777531">
    <name>292.5</name>
  </wpt>
  <wpt lat="51.391801195536971" lon="4.5938656885983935">
    <name>292.6</name>
  </wpt>
  <wpt lat="51.39251623910814" lon="4.594739767717714">
    <name>292.7</name>
  </wpt>
  <wpt lat="51.393227285411392" lon="4.5956217503448391">
    <name>292.8</name>
  </wpt>
  <wpt lat="51.39394146033402" lon="4.5964955611926674">
    <name>292.9</name>
  </wpt>
  <wpt lat="51.39465950714137" lon="4.5973629081651213">
    <name>293.0</name>
  </wpt>
  <wpt lat="51.395365787589022" lon="4.5982549073423149">
    <name>293.1</name>
  </wpt>
  <wpt lat="51.396082086352855" lon="4.5991264255652125">
    <name>293.2</name>
  </wpt>
  <wpt lat="51.396796527547835" lon="4.600001824778384">
    <name>293.3</name>
  </wpt>
  <wpt lat="51.397511472440186" lon="4.6008761665683684">
    <name>293.4</name>
  </wpt>
  <wpt lat="51.398221724859191" lon="4.6017602010619">
    <name>293.5</name>
  </wpt>
  <wpt lat="51.398933331413822" lon="4.6026415850025817">
    <name>293.6</name>
  </wpt>
  <wpt lat="51.399643442960546" lon="4.6035259928628021">
    <name>293.7</name>
  </wpt>
  <wpt lat="51.400359767480943" lon="4.6043975471446394">
    <name>293.8</name>
  </wpt>
  <wpt lat="51.401076092001254" lon="4.6052691150766041">
    <name>293.9</name>
  </wpt>
  <wpt lat="51.401787307527293" lon="4.60615137085007">
    <name>294.0</name>
  </wpt>
  <wpt lat="51.402497992911712" lon="4.6070347476474378">
    <name>294.1</name>
  </wpt>
  <wpt lat="51.403208678296046" lon="4.60791813817218">
    <name>294.2</name>
  </wpt>
  <wpt lat="51.403969653735949" lon="4.608677013780202">
    <name>294.3</name>
  </wpt>
  <wpt lat="51.404794513757537" lon="4.6092513926725873">
    <name>294.4</name>
  </wpt>
  <wpt lat="51.405620335766514" lon="4.609821945929478">
    <name>294.5</name>
  </wpt>
  <wpt lat="51.406451801945437" lon="4.610371245011037">
    <name>294.6</name>
  </wpt>
  <wpt lat="51.407282253601835" lon="4.6109245589581684">
    <name>294.7</name>
  </wpt>
  <wpt lat="51.408113353805625" lon="4.6114753484507043">
    <name>294.8</name>
  </wpt>
  <wpt lat="51.40845164734489" lon="4.612659111823441">
    <name>294.9</name>
  </wpt>
  <wpt lat="51.408726435249605" lon="4.6140319298141987">
    <name>295.0</name>
  </wpt>
  <wpt lat="51.409107851844354" lon="4.6152248517191232">
    <name>295.1</name>
  </wpt>
  <wpt lat="51.409759809617263" lon="4.6162123821423746">
    <name>295.2</name>
  </wpt>
  <wpt lat="51.410366105545634" lon="4.6172772652564422">
    <name>295.3</name>
  </wpt>
  <wpt lat="51.410969255056067" lon="4.6183467501017539">
    <name>295.4</name>
  </wpt>
  <wpt lat="51.4115788522889" lon="4.6194067949271354">
    <name>295.5</name>
  </wpt>
  <wpt lat="51.412188990400992" lon="4.6204660720546551">
    <name>295.6</name>
  </wpt>
  <wpt lat="51.412810428806431" lon="4.62150814076583">
    <name>295.7</name>
  </wpt>
  <wpt lat="51.413442223610943" lon="4.6225342857857257">
    <name>295.8</name>
  </wpt>
  <wpt lat="51.41407428874713" lon="4.623560021334904">
    <name>295.9</name>
  </wpt>
  <wpt lat="51.414704912441493" lon="4.6245880517909734">
    <name>296.0</name>
  </wpt>
  <wpt lat="51.415335201626291" lon="4.6256166179549414">
    <name>296.1</name>
  </wpt>
  <wpt lat="51.415964239264646" lon="4.62664716815299">
    <name>296.2</name>
  </wpt>
  <wpt lat="51.416603171873959" lon="4.6276617600844343">
    <name>296.3</name>
  </wpt>
  <wpt lat="51.417236814801853" lon="4.6286850202346717">
    <name>296.4</name>
  </wpt>
  <wpt lat="51.417869349592308" lon="4.62971004342245">
    <name>296.5</name>
  </wpt>
  <wpt lat="51.4184767401822" lon="4.6307733198628833">
    <name>296.6</name>
  </wpt>
  <wpt lat="51.41900294128822" lon="4.6319295305701944">
    <name>296.7</name>
  </wpt>
  <wpt lat="51.41939159268933" lon="4.63322971012645">
    <name>296.8</name>
  </wpt>
  <wpt lat="51.419797732343568" lon="4.6345153620705108">
    <name>296.9</name>
  </wpt>
  <wpt lat="51.420194630529352" lon="4.635808016391338">
    <name>297.0</name>
  </wpt>
  <wpt lat="51.420608462501995" lon="4.6370863277504561">
    <name>297.1</name>
  </wpt>
  <wpt lat="51.421218108185478" lon="4.6381464190322923">
    <name>297.2</name>
  </wpt>
  <wpt lat="51.421827536413126" lon="4.6392069697041842">
    <name>297.3</name>
  </wpt>
  <wpt lat="51.422635158272655" lon="4.6397615202618656">
    <name>297.4</name>
  </wpt>
  <wpt lat="51.423522263923957" lon="4.6399984255837206">
    <name>297.5</name>
  </wpt>
  <wpt lat="51.424341028194029" lon="4.6405731129208032">
    <name>297.6</name>
  </wpt>
  <wpt lat="51.425138552579973" lon="4.6412396320905671">
    <name>297.7</name>
  </wpt>
  <wpt lat="51.426019545046195" lon="4.6415094793610434">
    <name>297.8</name>
  </wpt>
  <wpt lat="51.426906399623753" lon="4.6417484710880927">
    <name>297.9</name>
  </wpt>
  <wpt lat="51.427801976398506" lon="4.6418767526027">
    <name>298.0</name>
  </wpt>
  <wpt lat="51.42869819753512" lon="4.641996420919666">
    <name>298.1</name>
  </wpt>
  <wpt lat="51.429594372335551" lon="4.642116970600088">
    <name>298.2</name>
  </wpt>
  <wpt lat="51.430490550656742" lon="4.6422374509970377">
    <name>298.3</name>
  </wpt>
  <wpt lat="51.431386792216685" lon="4.642356732221975">
    <name>298.4</name>
  </wpt>
  <wpt lat="51.432283103714973" lon="4.6424746495247122">
    <name>298.5</name>
  </wpt>
  <wpt lat="51.433179471909362" lon="4.6425914616239838">
    <name>298.6</name>
  </wpt>
  <wpt lat="51.4340653869741" lon="4.6423765823635792">
    <name>298.7</name>
  </wpt>
  <wpt lat="51.4349508897246" lon="4.6421406026114314">
    <name>298.8</name>
  </wpt>
  <wpt lat="51.435848834211093" lon="4.6421989791973246">
    <name>298.9</name>
  </wpt>
  <wpt lat="51.4367387171575" lon="4.6424034291807681">
    <name>299.0</name>
  </wpt>
  <wpt lat="51.43761893425517" lon="4.64269892622785">
    <name>299.1</name>
  </wpt>
  <wpt lat="51.43849907209556" lon="4.64299531672124">
    <name>299.2</name>
  </wpt>
  <wpt lat="51.439380472253873" lon="4.6432818228022068">
    <name>299.3</name>
  </wpt>
  <wpt lat="51.440260955101294" lon="4.6435755807904853">
    <name>299.4</name>
  </wpt>
  <wpt lat="51.441141463070146" lon="4.64386915064931">
    <name>299.5</name>
  </wpt>
  <wpt lat="51.442022009937155" lon="4.6441624255115368">
    <name>299.6</name>
  </wpt>
  <wpt lat="51.442914778929712" lon="4.6441646288832841">
    <name>299.7</name>
  </wpt>
  <wpt lat="51.443801805881613" lon="4.6439270105227992">
    <name>299.8</name>
  </wpt>
  <wpt lat="51.444688061560569" lon="4.6436819467578916">
    <name>299.9</name>
  </wpt>
  <wpt lat="51.445551673147996" lon="4.6432983295670187">
    <name>300.0</name>
  </wpt>
  <wpt lat="51.44639269919567" lon="4.6427872696409818">
    <name>300.1</name>
  </wpt>
  <wpt lat="51.447223766396796" lon="4.64223792029587">
    <name>300.2</name>
  </wpt>
  <wpt lat="51.448053219141094" lon="4.641688007793503">
    <name>300.3</name>
  </wpt>
  <wpt lat="51.448917364670287" lon="4.641288369241555">
    <name>300.4</name>
  </wpt>
  <wpt lat="51.449619517507024" lon="4.6404453629765232">
    <name>300.5</name>
  </wpt>
  <wpt lat="51.450180874150725" lon="4.6395386264604426">
    <name>300.6</name>
  </wpt>
  <wpt lat="51.451010853236077" lon="4.6400942941401722">
    <name>300.7</name>
  </wpt>
  <wpt lat="51.451840783970376" lon="4.6406501577067525">
    <name>300.8</name>
  </wpt>
  <wpt lat="51.452665220524807" lon="4.64120903589924">
    <name>300.9</name>
  </wpt>
  <wpt lat="51.453438980753759" lon="4.6418358949800682">
    <name>301.0</name>
  </wpt>
  <wpt lat="51.4542201113604" lon="4.6425163197356056">
    <name>301.1</name>
  </wpt>
  <wpt lat="51.454797246134845" lon="4.6436186503532282">
    <name>301.2</name>
  </wpt>
  <wpt lat="51.455337025549426" lon="4.6447529125946492">
    <name>301.3</name>
  </wpt>
  <wpt lat="51.455914754879721" lon="4.6458317548602217">
    <name>301.4</name>
  </wpt>
  <wpt lat="51.456738848968477" lon="4.64614084809859">
    <name>301.5</name>
  </wpt>
  <wpt lat="51.457505693918151" lon="4.6468947147146551">
    <name>301.6</name>
  </wpt>
  <wpt lat="51.45828239745817" lon="4.6476154053252321">
    <name>301.7</name>
  </wpt>
  <wpt lat="51.459043407876081" lon="4.6483728705300713">
    <name>301.8</name>
  </wpt>
  <wpt lat="51.459815354999634" lon="4.6491133754346032">
    <name>301.9</name>
  </wpt>
  <wpt lat="51.460586920711826" lon="4.6498549169138634">
    <name>302.0</name>
  </wpt>
  <wpt lat="51.461350845262025" lon="4.6506159836587262">
    <name>302.1</name>
  </wpt>
  <wpt lat="51.46213104001167" lon="4.6513324364410469">
    <name>302.2</name>
  </wpt>
  <wpt lat="51.462904072891043" lon="4.6520699389407367">
    <name>302.3</name>
  </wpt>
  <wpt lat="51.463630000016373" lon="4.6528561035637059">
    <name>302.4</name>
  </wpt>
  <wpt lat="51.464366316289585" lon="4.6534694975538811">
    <name>302.5</name>
  </wpt>
  <wpt lat="51.465143331876817" lon="4.6541932959878434">
    <name>302.6</name>
  </wpt>
  <wpt lat="51.465912569856918" lon="4.6549408469360722">
    <name>302.7</name>
  </wpt>
  <wpt lat="51.466686381792478" lon="4.6556752446712046">
    <name>302.8</name>
  </wpt>
  <wpt lat="51.467447862994639" lon="4.6564340934257773">
    <name>302.9</name>
  </wpt>
  <wpt lat="51.468197879814426" lon="4.657008836760367">
    <name>303.0</name>
  </wpt>
  <wpt lat="51.468946468988918" lon="4.6577914163578722">
    <name>303.1</name>
  </wpt>
  <wpt lat="51.469601531331129" lon="4.6586712696769181">
    <name>303.2</name>
  </wpt>
  <wpt lat="51.470065287187516" lon="4.6599080952283085">
    <name>303.3</name>
  </wpt>
  <wpt lat="51.47047675102381" lon="4.6611912518734355">
    <name>303.4</name>
  </wpt>
  <wpt lat="51.470929338494287" lon="4.6624372204264422">
    <name>303.5</name>
  </wpt>
  <wpt lat="51.471576059127074" lon="4.6634167995797284">
    <name>303.6</name>
  </wpt>
  <wpt lat="51.472275742018113" lon="4.6643118866944615">
    <name>303.7</name>
  </wpt>
  <wpt lat="51.47281488457206" lon="4.6654112710651505">
    <name>303.8</name>
  </wpt>
  <wpt lat="51.472095935607506" lon="4.6662763438984642">
    <name>303.9</name>
  </wpt>
  <wpt lat="51.471660658104895" lon="4.6665736076357875">
    <name>304.0</name>
  </wpt>
  <wpt lat="51.4723016067441" lon="4.66675854653473">
    <name>304.1</name>
  </wpt>
  <wpt lat="51.472278028088347" lon="4.66805111476583">
    <name>304.2</name>
  </wpt>
  <wpt lat="51.471523977707811" lon="4.6679768684374805">
    <name>304.3</name>
  </wpt>
  <wpt lat="51.47111619604302" lon="4.66801893346106">
    <name>304.4</name>
  </wpt>
  <wpt lat="51.471766832350959" lon="4.6689367066466128">
    <name>304.5</name>
  </wpt>
  <wpt lat="51.472660417351989" lon="4.6690995207740382">
    <name>304.6</name>
  </wpt>
  <wpt lat="51.472701293878" lon="4.6703421098813385">
    <name>304.7</name>
  </wpt>
  <wpt lat="51.472390775604488" lon="4.6716807282847252">
    <name>304.8</name>
  </wpt>
  <wpt lat="51.473069517087048" lon="4.6725760339812217">
    <name>304.9</name>
  </wpt>
  <wpt lat="51.47356500014088" lon="4.6737430162491549">
    <name>305.0</name>
  </wpt>
  <wpt lat="51.473598534575871" lon="4.67513299999998">
    <name>305.1</name>
  </wpt>
  <wpt lat="51.474396327185978" lon="4.6746307315662543">
    <name>305.2</name>
  </wpt>
  <wpt lat="51.4748325691199" lon="4.67337038909095">
    <name>305.3</name>
  </wpt>
  <wpt lat="51.475251079161374" lon="4.6720923962703376">
    <name>305.4</name>
  </wpt>
  <wpt lat="51.475653931674096" lon="4.6708016404854984">
    <name>305.5</name>
  </wpt>
  <wpt lat="51.47609299869643" lon="4.66955548024896">
    <name>305.6</name>
  </wpt>
  <wpt lat="51.476870579224943" lon="4.6698291799383549">
    <name>305.7</name>
  </wpt>
  <wpt lat="51.4776832621742" lon="4.6704475412378157">
    <name>305.8</name>
  </wpt>
  <wpt lat="51.4784838047755" lon="4.6711044626754967">
    <name>305.9</name>
  </wpt>
  <wpt lat="51.479278022107344" lon="4.6717813826776817">
    <name>306.0</name>
  </wpt>
  <wpt lat="51.480082991278088" lon="4.672425263186331">
    <name>306.1</name>
  </wpt>
  <wpt lat="51.480887960448776" lon="4.6730691550596868">
    <name>306.2</name>
  </wpt>
  <wpt lat="51.481687625399239" lon="4.6737298109044776">
    <name>306.3</name>
  </wpt>
  <wpt lat="51.482488557796771" lon="4.6743865113225134">
    <name>306.4</name>
  </wpt>
  <wpt lat="51.483292092151913" lon="4.6750350415942767">
    <name>306.5</name>
  </wpt>
  <wpt lat="51.484095626507013" lon="4.6756835832936456">
    <name>306.6</name>
  </wpt>
  <wpt lat="51.484899160862057" lon="4.6763321364212311">
    <name>306.7</name>
  </wpt>
  <wpt lat="51.485700619514063" lon="4.6769872679946909">
    <name>306.8</name>
  </wpt>
  <wpt lat="51.486507352289692" lon="4.6776253576416824">
    <name>306.9</name>
  </wpt>
  <wpt lat="51.487312893465045" lon="4.678267449749776">
    <name>307.0</name>
  </wpt>
  <wpt lat="51.488134719830491" lon="4.6788379418423105">
    <name>307.1</name>
  </wpt>
  <wpt lat="51.489025873490625" lon="4.6790269216454412">
    <name>307.2</name>
  </wpt>
  <wpt lat="51.489916381830433" lon="4.67922714931909">
    <name>307.3</name>
  </wpt>
  <wpt lat="51.490799074645544" lon="4.6794787227650581">
    <name>307.4</name>
  </wpt>
  <wpt lat="51.491634326221174" lon="4.6800126275268594">
    <name>307.5</name>
  </wpt>
  <wpt lat="51.492438555203648" lon="4.6806589047962781">
    <name>307.6</name>
  </wpt>
  <wpt lat="51.493242075070761" lon="4.6813076229044759">
    <name>307.7</name>
  </wpt>
  <wpt lat="51.494048088060076" lon="4.6819483165195219">
    <name>307.8</name>
  </wpt>
  <wpt lat="51.494853039639416" lon="4.6825924280861555">
    <name>307.9</name>
  </wpt>
  <wpt lat="51.495655469268556" lon="4.683244652662153">
    <name>308.0</name>
  </wpt>
  <wpt lat="51.496460504394491" lon="4.6838878604402314">
    <name>308.1</name>
  </wpt>
  <wpt lat="51.497263523820052" lon="4.6845382325001692">
    <name>308.2</name>
  </wpt>
  <wpt lat="51.498068014007842" lon="4.6851835918703619">
    <name>308.3</name>
  </wpt>
  <wpt lat="51.498869425529421" lon="4.68583908423821">
    <name>308.4</name>
  </wpt>
  <wpt lat="51.499679101493506" lon="4.6864677198122076">
    <name>308.5</name>
  </wpt>
  <wpt lat="51.500484364613321" lon="4.687110939396403">
    <name>308.6</name>
  </wpt>
  <wpt lat="51.501290313292643" lon="4.6877518677881893">
    <name>308.7</name>
  </wpt>
  <wpt lat="51.502095389213665" lon="4.6883956182754574">
    <name>308.8</name>
  </wpt>
  <wpt lat="51.5028994387687" lon="4.6890427782280852">
    <name>308.9</name>
  </wpt>
  <wpt lat="51.50370348832368" lon="4.6896899495995656">
    <name>309.0</name>
  </wpt>
  <wpt lat="51.504509194234124" lon="4.6903317798013484">
    <name>309.1</name>
  </wpt>
  <wpt lat="51.505313716152429" lon="4.6909774571432452">
    <name>309.2</name>
  </wpt>
  <wpt lat="51.506118649915408" lon="4.691621799801756">
    <name>309.3</name>
  </wpt>
  <wpt lat="51.506925558012689" lon="4.6922596425396916">
    <name>309.4</name>
  </wpt>
  <wpt lat="51.507727876056343" lon="4.6929123940715147">
    <name>309.5</name>
  </wpt>
  <wpt lat="51.508533341686864" lon="4.6935550433317745">
    <name>309.6</name>
  </wpt>
  <wpt lat="51.509338133001762" lon="4.6941999005901911">
    <name>309.7</name>
  </wpt>
  <wpt lat="51.510142342318623" lon="4.6948463836768148">
    <name>309.8</name>
  </wpt>
  <wpt lat="51.510944132151863" lon="4.6955008546082553">
    <name>309.9</name>
  </wpt>
  <wpt lat="51.51174623250661" lon="4.6961543524395761">
    <name>310.0</name>
  </wpt>
  <wpt lat="51.512550435433539" lon="4.6968010650390966">
    <name>310.1</name>
  </wpt>
  <wpt lat="51.513355077237996" lon="4.697446461612822">
    <name>310.2</name>
  </wpt>
  <wpt lat="51.514160012891125" lon="4.6980909317731037">
    <name>310.3</name>
  </wpt>
  <wpt lat="51.514822922361212" lon="4.6990217714923244">
    <name>310.4</name>
  </wpt>
  <wpt lat="51.515344053777369" lon="4.7001916476920025">
    <name>310.5</name>
  </wpt>
  <wpt lat="51.515766702517411" lon="4.7014645398926946">
    <name>310.6</name>
  </wpt>
  <wpt lat="51.516454898969656" lon="4.70232182529929">
    <name>310.7</name>
  </wpt>
  <wpt lat="51.517210980701819" lon="4.7030500000000117">
    <name>310.8</name>
  </wpt>
  <wpt lat="51.518103542214945" lon="4.7028910580350667">
    <name>310.9</name>
  </wpt>
  <wpt lat="51.518263242079072" lon="4.7039974841223708">
    <name>311.0</name>
  </wpt>
  <wpt lat="51.518505413531948" lon="4.7052714865450884">
    <name>311.1</name>
  </wpt>
  <wpt lat="51.518248886795043" lon="4.7063708567702989">
    <name>311.2</name>
  </wpt>
  <wpt lat="51.517556514156944" lon="4.707128714511156">
    <name>311.3</name>
  </wpt>
  <wpt lat="51.517114918250122" lon="4.7083649736378179">
    <name>311.4</name>
  </wpt>
  <wpt lat="51.516443188480331" lon="4.7093214081947279">
    <name>311.5</name>
  </wpt>
  <wpt lat="51.515755751303729" lon="4.7102531038778519">
    <name>311.6</name>
  </wpt>
  <wpt lat="51.5151061432154" lon="4.7112481469889635">
    <name>311.7</name>
  </wpt>
  <wpt lat="51.514553294244216" lon="4.7123785494984283">
    <name>311.8</name>
  </wpt>
  <wpt lat="51.513882697832734" lon="4.7133408269065979">
    <name>311.9</name>
  </wpt>
  <wpt lat="51.513211054059113" lon="4.7143018143557818">
    <name>312.0</name>
  </wpt>
  <wpt lat="51.512479755805877" lon="4.7151393999874234">
    <name>312.1</name>
  </wpt>
  <wpt lat="51.511716384541081" lon="4.7159033446676224">
    <name>312.2</name>
  </wpt>
  <wpt lat="51.510915086457267" lon="4.7164883604330443">
    <name>312.3</name>
  </wpt>
  <wpt lat="51.510308973075595" lon="4.7174444272075062">
    <name>312.4</name>
  </wpt>
  <wpt lat="51.509640003535416" lon="4.7184101553773576">
    <name>312.5</name>
  </wpt>
  <wpt lat="51.508906705386636" lon="4.7192389835993094">
    <name>312.6</name>
  </wpt>
  <wpt lat="51.508103531466517" lon="4.719888370086367">
    <name>312.7</name>
  </wpt>
  <wpt lat="51.507288092909128" lon="4.7204977028482533">
    <name>312.8</name>
  </wpt>
  <wpt lat="51.506472796517642" lon="4.7211075207406026">
    <name>312.9</name>
  </wpt>
  <wpt lat="51.505658961293719" lon="4.7217223510540043">
    <name>313.0</name>
  </wpt>
  <wpt lat="51.504917669161351" lon="4.7225345359288644">
    <name>313.1</name>
  </wpt>
  <wpt lat="51.504282960391592" lon="4.7235427092464137">
    <name>313.2</name>
  </wpt>
  <wpt lat="51.503881660926453" lon="4.7248339822165173">
    <name>313.3</name>
  </wpt>
  <wpt lat="51.503844943518232" lon="4.7262061856035036">
    <name>313.4</name>
  </wpt>
  <wpt lat="51.504206937275853" lon="4.7275160082405483">
    <name>313.5</name>
  </wpt>
  <wpt lat="51.50489036326325" lon="4.72845053824368">
    <name>313.6</name>
  </wpt>
  <wpt lat="51.505412013270131" lon="4.72962610243794">
    <name>313.7</name>
  </wpt>
  <wpt lat="51.505795000004852" lon="4.7309069402750961">
    <name>313.8</name>
  </wpt>
  <wpt lat="51.505385953805629" lon="4.7321269311668415">
    <name>313.9</name>
  </wpt>
  <wpt lat="51.504716199664614" lon="4.7330504001885449">
    <name>314.0</name>
  </wpt>
  <wpt lat="51.503873065021672" lon="4.7335503381456858">
    <name>314.1</name>
  </wpt>
  <wpt lat="51.503090305443706" lon="4.7342614690579143">
    <name>314.2</name>
  </wpt>
  <wpt lat="51.502512000012771" lon="4.7352485370193547">
    <name>314.3</name>
  </wpt>
  <wpt lat="51.503185975980728" lon="4.7361353128247226">
    <name>314.4</name>
  </wpt>
  <wpt lat="51.503963022969394" lon="4.736861852680442">
    <name>314.5</name>
  </wpt>
  <wpt lat="51.504739528860924" lon="4.7375807027068753">
    <name>314.6</name>
  </wpt>
  <wpt lat="51.505614607630754" lon="4.7378720039150268">
    <name>314.7</name>
  </wpt>
  <wpt lat="51.505593883216136" lon="4.7392721106564153">
    <name>314.8</name>
  </wpt>
  <wpt lat="51.505504585858368" lon="4.7407098057685824">
    <name>314.9</name>
  </wpt>
  <wpt lat="51.505410604808311" lon="4.7421466284037121">
    <name>315.0</name>
  </wpt>
  <wpt lat="51.505322613777032" lon="4.7435838119280858">
    <name>315.1</name>
  </wpt>
  <wpt lat="51.50522457308265" lon="4.7450200212974138">
    <name>315.2</name>
  </wpt>
  <wpt lat="51.505124216115838" lon="4.7464558205283645">
    <name>315.3</name>
  </wpt>
  <wpt lat="51.505023859149055" lon="4.7478916165970793">
    <name>315.4</name>
  </wpt>
  <wpt lat="51.50501369013169" lon="4.7493331650914934">
    <name>315.5</name>
  </wpt>
  <wpt lat="51.505172657084309" lon="4.75075419427809">
    <name>315.6</name>
  </wpt>
  <wpt lat="51.505392152082131" lon="4.7521553270964434">
    <name>315.7</name>
  </wpt>
  <wpt lat="51.505915348923359" lon="4.7532586824139775">
    <name>315.8</name>
  </wpt>
  <wpt lat="51.505449544678335" lon="4.754471465899206">
    <name>315.9</name>
  </wpt>
  <wpt lat="51.504921697969031" lon="4.7556345150009074">
    <name>316.0</name>
  </wpt>
  <wpt lat="51.504337300669526" lon="4.7567326948186963">
    <name>316.1</name>
  </wpt>
  <wpt lat="51.503957263757044" lon="4.7580381730142731">
    <name>316.2</name>
  </wpt>
  <wpt lat="51.504247017784415" lon="4.759396196031541">
    <name>316.3</name>
  </wpt>
  <wpt lat="51.504495660471996" lon="4.7607846760989609">
    <name>316.4</name>
  </wpt>
  <wpt lat="51.504744305096331" lon="4.762173162763208">
    <name>316.5</name>
  </wpt>
  <wpt lat="51.504997026503716" lon="4.7635597561150052">
    <name>316.6</name>
  </wpt>
  <wpt lat="51.505249782288487" lon="4.7649463409875974">
    <name>316.7</name>
  </wpt>
  <wpt lat="51.505502538073188" lon="4.7663329335516353">
    <name>316.8</name>
  </wpt>
  <wpt lat="51.505725993759278" lon="4.76772880336377">
    <name>316.9</name>
  </wpt>
  <wpt lat="51.505722559291861" lon="4.7691664637555773">
    <name>317.0</name>
  </wpt>
  <wpt lat="51.505366543331071" lon="4.7704856163033753">
    <name>317.1</name>
  </wpt>
  <wpt lat="51.505273855944921" lon="4.7719217179322033">
    <name>317.2</name>
  </wpt>
  <wpt lat="51.505199845616509" lon="4.7733616424171776">
    <name>317.3</name>
  </wpt>
  <wpt lat="51.504992940221364" lon="4.7747529943815614">
    <name>317.4</name>
  </wpt>
  <wpt lat="51.504749501727055" lon="4.7761430615634763">
    <name>317.5</name>
  </wpt>
  <wpt lat="51.504559692577615" lon="4.7775553158038742">
    <name>317.6</name>
  </wpt>
  <wpt lat="51.504608143254828" lon="4.7788280783084671">
    <name>317.7</name>
  </wpt>
  <wpt lat="51.505194002042181" lon="4.7792758888414921">
    <name>317.8</name>
  </wpt>
  <wpt lat="51.505215000008356" lon="4.780719508758704">
    <name>317.9</name>
  </wpt>
  <wpt lat="51.505281450340362" lon="4.7821581771793289">
    <name>318.0</name>
  </wpt>
  <wpt lat="51.505334349460192" lon="4.7836002832191769">
    <name>318.1</name>
  </wpt>
  <wpt lat="51.505427123837372" lon="4.7850374046284889">
    <name>318.2</name>
  </wpt>
  <wpt lat="51.505931903388849" lon="4.7861490783939775">
    <name>318.3</name>
  </wpt>
  <wpt lat="51.506202000987535" lon="4.7874305950938139">
    <name>318.4</name>
  </wpt>
  <wpt lat="51.506060804908046" lon="4.78885157099182">
    <name>318.5</name>
  </wpt>
  <wpt lat="51.505874357576786" lon="4.7902650269438904">
    <name>318.6</name>
  </wpt>
  <wpt lat="51.505672519828167" lon="4.7916624126327108">
    <name>318.7</name>
  </wpt>
  <wpt lat="51.505457216562753" lon="4.79272966223223">
    <name>318.8</name>
  </wpt>
  <wpt lat="51.504590269982252" lon="4.7930880316452">
    <name>318.9</name>
  </wpt>
  <wpt lat="51.503816573933591" lon="4.7938195076430086">
    <name>319.0</name>
  </wpt>
  <wpt lat="51.503154069808538" lon="4.7947946480590655">
    <name>319.1</name>
  </wpt>
  <wpt lat="51.5024688808494" lon="4.7957251198742137">
    <name>319.2</name>
  </wpt>
  <wpt lat="51.501687512067939" lon="4.7964391351156594">
    <name>319.3</name>
  </wpt>
  <wpt lat="51.50106558234625" lon="4.7971981387940845">
    <name>319.4</name>
  </wpt>
  <wpt lat="51.501199419633949" lon="4.7986267445952482">
    <name>319.5</name>
  </wpt>
  <wpt lat="51.501279432548408" lon="4.8000636124205123">
    <name>319.6</name>
  </wpt>
  <wpt lat="51.501302824444075" lon="4.8015078164792113">
    <name>319.7</name>
  </wpt>
  <wpt lat="51.501440189095888" lon="4.80292774345868">
    <name>319.8</name>
  </wpt>
  <wpt lat="51.50148817371921" lon="4.8043703913066791">
    <name>319.9</name>
  </wpt>
  <wpt lat="51.501536158342518" lon="4.8058130406737121">
    <name>320.0</name>
  </wpt>
  <wpt lat="51.501584142965811" lon="4.8072556915597771">
    <name>320.1</name>
  </wpt>
  <wpt lat="51.50163212758909" lon="4.8086983439647737">
    <name>320.2</name>
  </wpt>
  <wpt lat="51.501665272726548" lon="4.8101392052150072">
    <name>320.3</name>
  </wpt>
  <wpt lat="51.501484663977635" lon="4.8115541537134527">
    <name>320.4</name>
  </wpt>
  <wpt lat="51.501203022896604" lon="4.812913116663303">
    <name>320.5</name>
  </wpt>
  <wpt lat="51.501739072779749" lon="4.8140374087077031">
    <name>320.6</name>
  </wpt>
  <wpt lat="51.502153898856427" lon="4.815319105112442">
    <name>320.7</name>
  </wpt>
  <wpt lat="51.502563391892494" lon="4.8166053807335558">
    <name>320.8</name>
  </wpt>
  <wpt lat="51.50251532381386" lon="4.8180186608362687">
    <name>320.9</name>
  </wpt>
  <wpt lat="51.502364565612908" lon="4.8194429531616416">
    <name>321.0</name>
  </wpt>
  <wpt lat="51.502213807412005" lon="4.8208672407752147">
    <name>321.1</name>
  </wpt>
  <wpt lat="51.502064678251891" lon="4.8222919588433273">
    <name>321.2</name>
  </wpt>
  <wpt lat="51.501920144433932" lon="4.8237179013924232">
    <name>321.3</name>
  </wpt>
  <wpt lat="51.501775610616022" lon="4.8251438394190247">
    <name>321.4</name>
  </wpt>
  <wpt lat="51.501629025666645" lon="4.826568652615645">
    <name>321.5</name>
  </wpt>
  <wpt lat="51.501056130720777" lon="4.8276738675996338">
    <name>321.6</name>
  </wpt>
  <wpt lat="51.500577500285615" lon="4.8288969473160144">
    <name>321.7</name>
  </wpt>
  <wpt lat="51.500093681564465" lon="4.8301147407895026">
    <name>321.8</name>
  </wpt>
  <wpt lat="51.499612257372128" lon="4.8313349553730687">
    <name>321.9</name>
  </wpt>
  <wpt lat="51.499127397554147" lon="4.8325516437969789">
    <name>322.0</name>
  </wpt>
  <wpt lat="51.498582819902182" lon="4.8336976589404923">
    <name>322.1</name>
  </wpt>
  <wpt lat="51.498197804908656" lon="4.8349992163636193">
    <name>322.2</name>
  </wpt>
  <wpt lat="51.497898251736508" lon="4.8363610966281438">
    <name>322.3</name>
  </wpt>
  <wpt lat="51.498026164455091" lon="4.8373279516818517">
    <name>322.4</name>
  </wpt>
  <wpt lat="51.498885447002607" lon="4.8377540600814708">
    <name>322.5</name>
  </wpt>
  <wpt lat="51.499724843040141" lon="4.8382710938480544">
    <name>322.6</name>
  </wpt>
  <wpt lat="51.500582756520863" lon="4.838702879301553">
    <name>322.7</name>
  </wpt>
  <wpt lat="51.501446125269666" lon="4.8391072762562217">
    <name>322.8</name>
  </wpt>
  <wpt lat="51.5022605077312" lon="4.8396684550972893">
    <name>322.9</name>
  </wpt>
  <wpt lat="51.502857925535714" lon="4.8407463530233032">
    <name>323.0</name>
  </wpt>
  <wpt lat="51.503453142031375" lon="4.8418293964208594">
    <name>323.1</name>
  </wpt>
  <wpt lat="51.504054982091631" lon="4.8429028182929335">
    <name>323.2</name>
  </wpt>
  <wpt lat="51.504855228007557" lon="4.8434259999999636">
    <name>323.3</name>
  </wpt>
  <wpt lat="51.5057318121994" lon="4.8432754151692041">
    <name>323.4</name>
  </wpt>
  <wpt lat="51.506508376420349" lon="4.8440041249744858">
    <name>323.5</name>
  </wpt>
  <wpt lat="51.507270707838956" lon="4.8447605411586023">
    <name>323.6</name>
  </wpt>
  <wpt lat="51.507959299122653" lon="4.8456647458574853">
    <name>323.7</name>
  </wpt>
  <wpt lat="51.508780505807579" lon="4.846253759866646">
    <name>323.8</name>
  </wpt>
  <wpt lat="51.509624776654768" lon="4.84673799639313">
    <name>323.9</name>
  </wpt>
  <wpt lat="51.510453487713832" lon="4.847277130819573">
    <name>324.0</name>
  </wpt>
  <wpt lat="51.511306749534207" lon="4.8475404990329958">
    <name>324.1</name>
  </wpt>
  <wpt lat="51.511572069603488" lon="4.8488886489315064">
    <name>324.2</name>
  </wpt>
  <wpt lat="51.510765815198027" lon="4.849528812197863">
    <name>324.3</name>
  </wpt>
  <wpt lat="51.509959560792609" lon="4.8501689641352357">
    <name>324.4</name>
  </wpt>
  <wpt lat="51.509194660598759" lon="4.8509026001114419">
    <name>324.5</name>
  </wpt>
  <wpt lat="51.508649371484275" lon="4.85204880522282">
    <name>324.6</name>
  </wpt>
  <wpt lat="51.508244702900171" lon="4.853331080415332">
    <name>324.7</name>
  </wpt>
  <wpt lat="51.508059699953861" lon="4.8547259957876872">
    <name>324.8</name>
  </wpt>
  <wpt lat="51.507697094107165" lon="4.8560480987150028">
    <name>324.9</name>
  </wpt>
  <wpt lat="51.507335261232512" lon="4.8573708634446042">
    <name>325.0</name>
  </wpt>
  <wpt lat="51.506955823668562" lon="4.858675663185223">
    <name>325.1</name>
  </wpt>
  <wpt lat="51.506190131218212" lon="4.859401869082089">
    <name>325.2</name>
  </wpt>
  <wpt lat="51.505595385115143" lon="4.8604569452402666">
    <name>325.3</name>
  </wpt>
  <wpt lat="51.50549239735404" lon="4.8612936744447124">
    <name>325.4</name>
  </wpt>
  <wpt lat="51.506306398420193" lon="4.86190793500851">
    <name>325.5</name>
  </wpt>
  <wpt lat="51.507031464020862" lon="4.8627429725600919">
    <name>325.6</name>
  </wpt>
  <wpt lat="51.507612319747828" lon="4.8637847637246665">
    <name>325.7</name>
  </wpt>
  <wpt lat="51.508232646518536" lon="4.8648309176179305">
    <name>325.8</name>
  </wpt>
  <wpt lat="51.508871967932251" lon="4.865845935856064">
    <name>325.9</name>
  </wpt>
  <wpt lat="51.5095247603524" lon="4.8668240490983132">
    <name>326.0</name>
  </wpt>
  <wpt lat="51.510333607374264" lon="4.867455695076476">
    <name>326.1</name>
  </wpt>
  <wpt lat="51.511140764905875" lon="4.8680915635411219">
    <name>326.2</name>
  </wpt>
  <wpt lat="51.511992666311492" lon="4.868530257258012">
    <name>326.3</name>
  </wpt>
  <wpt lat="51.512849755263169" lon="4.8689605076527727">
    <name>326.4</name>
  </wpt>
  <wpt lat="51.513707944090093" lon="4.8693654576454435">
    <name>326.5</name>
  </wpt>
  <wpt lat="51.5144658451644" lon="4.8701337035368066">
    <name>326.6</name>
  </wpt>
  <wpt lat="51.51509163783367" lon="4.8711652620205612">
    <name>326.7</name>
  </wpt>
  <wpt lat="51.515628196586832" lon="4.8723247185891632">
    <name>326.8</name>
  </wpt>
  <wpt lat="51.516179257630036" lon="4.8734636883251925">
    <name>326.9</name>
  </wpt>
  <wpt lat="51.516761602423834" lon="4.8745623596439183">
    <name>327.0</name>
  </wpt>
  <wpt lat="51.517360994909289" lon="4.8756394976265165">
    <name>327.1</name>
  </wpt>
  <wpt lat="51.517993000475926" lon="4.876666906343889">
    <name>327.2</name>
  </wpt>
  <wpt lat="51.518603602967126" lon="4.877727966588477">
    <name>327.3</name>
  </wpt>
  <wpt lat="51.519173145044356" lon="4.8788432669220541">
    <name>327.4</name>
  </wpt>
  <wpt lat="51.519815573939681" lon="4.8798227505115292">
    <name>327.5</name>
  </wpt>
  <wpt lat="51.520352247588" lon="4.8809737810177776">
    <name>327.6</name>
  </wpt>
  <wpt lat="51.52100034557" lon="4.8819578478262429">
    <name>327.7</name>
  </wpt>
  <wpt lat="51.521625080393505" lon="4.88299348380868">
    <name>327.8</name>
  </wpt>
  <wpt lat="51.522244171014052" lon="4.8840418486737418">
    <name>327.9</name>
  </wpt>
  <wpt lat="51.522814406316989" lon="4.8851517631908772">
    <name>328.0</name>
  </wpt>
  <wpt lat="51.523427534102922" lon="4.8862091607298632">
    <name>328.1</name>
  </wpt>
  <wpt lat="51.5240359256932" lon="4.8872736230838241">
    <name>328.2</name>
  </wpt>
  <wpt lat="51.524663635917662" lon="4.8883078468908234">
    <name>328.3</name>
  </wpt>
  <wpt lat="51.525273372019427" lon="4.8893698404320842">
    <name>328.4</name>
  </wpt>
  <wpt lat="51.525889164957846" lon="4.8904230660353578">
    <name>328.5</name>
  </wpt>
  <wpt lat="51.526495925434958" lon="4.8914899882962608">
    <name>328.6</name>
  </wpt>
  <wpt lat="51.52710883595126" lon="4.89254775485175">
    <name>328.7</name>
  </wpt>
  <wpt lat="51.527725260252275" lon="4.8936002968427834">
    <name>328.8</name>
  </wpt>
  <wpt lat="51.52834025346656" lon="4.8946550061284055">
    <name>328.9</name>
  </wpt>
  <wpt lat="51.528950227481936" lon="4.89571717494571">
    <name>329.0</name>
  </wpt>
  <wpt lat="51.529560322651975" lon="4.8967792444469618">
    <name>329.1</name>
  </wpt>
  <wpt lat="51.530170417821914" lon="4.8978413281810189">
    <name>329.2</name>
  </wpt>
  <wpt lat="51.530780512991733" lon="4.8989034261483884">
    <name>329.3</name>
  </wpt>
  <wpt lat="51.531400462930613" lon="4.8999503116827112">
    <name>329.4</name>
  </wpt>
  <wpt lat="51.532020508318737" lon="4.9009970526169075">
    <name>329.5</name>
  </wpt>
  <wpt lat="51.532630209355041" lon="4.9020597784214965">
    <name>329.6</name>
  </wpt>
  <wpt lat="51.533239809912793" lon="4.9031226583914895">
    <name>329.7</name>
  </wpt>
  <wpt lat="51.533864232770526" lon="4.9041621910372637">
    <name>329.8</name>
  </wpt>
  <wpt lat="51.5344840559044" lon="4.9052082488080586">
    <name>329.9</name>
  </wpt>
  <wpt lat="51.535088945831824" lon="4.9062777145941627">
    <name>330.0</name>
  </wpt>
  <wpt lat="51.535657342888989" lon="4.9073924363723238">
    <name>330.1</name>
  </wpt>
  <wpt lat="51.536249322641972" lon="4.9084808320782383">
    <name>330.2</name>
  </wpt>
  <wpt lat="51.536831286402688" lon="4.9095826197397576">
    <name>330.3</name>
  </wpt>
  <wpt lat="51.537373195886389" lon="4.9107353003257135">
    <name>330.4</name>
  </wpt>
  <wpt lat="51.537933834096734" lon="4.9118641183107226">
    <name>330.5</name>
  </wpt>
  <wpt lat="51.538505559813593" lon="4.9129671185756605">
    <name>330.6</name>
  </wpt>
  <wpt lat="51.539042433283662" lon="4.9141229383462885">
    <name>330.7</name>
  </wpt>
  <wpt lat="51.53961128211126" lon="4.915233832754561">
    <name>330.8</name>
  </wpt>
  <wpt lat="51.540131826165613" lon="4.9164107331086964">
    <name>330.9</name>
  </wpt>
  <wpt lat="51.540596748770156" lon="4.9176362763999881">
    <name>331.0</name>
  </wpt>
  <wpt lat="51.540699895618218" lon="4.9190625763108144">
    <name>331.1</name>
  </wpt>
  <wpt lat="51.540663000039167" lon="4.9205072859154733">
    <name>331.2</name>
  </wpt>
  <wpt lat="51.540614166002221" lon="4.9219497925215023">
    <name>331.3</name>
  </wpt>
  <wpt lat="51.540581338002063" lon="4.9233933508984924">
    <name>331.4</name>
  </wpt>
  <wpt lat="51.541028818447273" lon="4.9245791210820515">
    <name>331.5</name>
  </wpt>
  <wpt lat="51.541838071427911" lon="4.9251979976723872">
    <name>331.6</name>
  </wpt>
  <wpt lat="51.542262548702276" lon="4.92631562088138">
    <name>331.7</name>
  </wpt>
  <wpt lat="51.542532010922422" lon="4.9276705823498395">
    <name>331.8</name>
  </wpt>
  <wpt lat="51.542625694779964" lon="4.92909835130544">
    <name>331.9</name>
  </wpt>
  <wpt lat="51.542492461098568" lon="4.9305284047294">
    <name>332.0</name>
  </wpt>
  <wpt lat="51.54236199817403" lon="4.9319591139805805">
    <name>332.1</name>
  </wpt>
  <wpt lat="51.542300311203739" lon="4.9333990842468163">
    <name>332.2</name>
  </wpt>
  <wpt lat="51.542294000301482" lon="4.9348449591193857">
    <name>332.3</name>
  </wpt>
  <wpt lat="51.542294000444095" lon="4.9362909607869812">
    <name>332.4</name>
  </wpt>
  <wpt lat="51.5422940019907" lon="4.9377369624545766">
    <name>332.5</name>
  </wpt>
  <wpt lat="51.542306593063543" lon="4.9391825221449652">
    <name>332.6</name>
  </wpt>
  <wpt lat="51.542267381024594" lon="4.9406243113336812">
    <name>332.7</name>
  </wpt>
  <wpt lat="51.543066072092806" lon="4.9409690445589476">
    <name>332.8</name>
  </wpt>
  <wpt lat="51.543943628657367" lon="4.9412844512003939">
    <name>332.9</name>
  </wpt>
  <wpt lat="51.544819824111052" lon="4.9416096711410304">
    <name>333.0</name>
  </wpt>
  <wpt lat="51.545691790995555" lon="4.9419577457487538">
    <name>333.1</name>
  </wpt>
  <wpt lat="51.546535596128493" lon="4.9424575885942827">
    <name>333.2</name>
  </wpt>
  <wpt lat="51.547419468106774" lon="4.9425885961598643">
    <name>333.3</name>
  </wpt>
  <wpt lat="51.54829043793935" lon="4.9422482823178715">
    <name>333.4</name>
  </wpt>
  <wpt lat="51.54913011182488" lon="4.9417304438811316">
    <name>333.5</name>
  </wpt>
  <wpt lat="51.549961880252226" lon="4.941181052238103">
    <name>333.6</name>
  </wpt>
  <wpt lat="51.550641130867682" lon="4.941337585594229">
    <name>333.7</name>
  </wpt>
  <wpt lat="51.550935279172542" lon="4.94270419993822">
    <name>333.8</name>
  </wpt>
  <wpt lat="51.551296448754343" lon="4.9440285823605254">
    <name>333.9</name>
  </wpt>
  <wpt lat="51.55162071734231" lon="4.9453624528105111">
    <name>334.0</name>
  </wpt>
  <wpt lat="51.552307286674967" lon="4.9462865505139852">
    <name>334.1</name>
  </wpt>
  <wpt lat="51.552930535815172" lon="4.9467896399875979">
    <name>334.2</name>
  </wpt>
  <wpt lat="51.553465845365864" lon="4.9479378953014193">
    <name>334.3</name>
  </wpt>
  <wpt lat="51.553987600233441" lon="4.9491098562530142">
    <name>334.4</name>
  </wpt>
  <wpt lat="51.554396694586124" lon="4.9503891837444947">
    <name>334.5</name>
  </wpt>
  <wpt lat="51.554682599977525" lon="4.9517595399118344">
    <name>334.6</name>
  </wpt>
  <wpt lat="51.555052483112668" lon="4.952973932313574">
    <name>334.7</name>
  </wpt>
  <wpt lat="51.554860039536557" lon="4.9543284714828424">
    <name>334.8</name>
  </wpt>
  <wpt lat="51.554673608448688" lon="4.9556825165121792">
    <name>334.9</name>
  </wpt>
  <wpt lat="51.554810952428959" lon="4.9571112414955971">
    <name>335.0</name>
  </wpt>
  <wpt lat="51.554977507094648" lon="4.9585325494557253">
    <name>335.1</name>
  </wpt>
  <wpt lat="51.555269992056523" lon="4.959899232130244">
    <name>335.2</name>
  </wpt>
  <wpt lat="51.555603579510951" lon="4.96124246387344">
    <name>335.3</name>
  </wpt>
  <wpt lat="51.555937166965286" lon="4.9625857054681113">
    <name>335.4</name>
  </wpt>
  <wpt lat="51.556360300034207" lon="4.9638568042480609">
    <name>335.5</name>
  </wpt>
  <wpt lat="51.556937085245941" lon="4.9649650812717319">
    <name>335.6</name>
  </wpt>
  <wpt lat="51.557553638908828" lon="4.9660141825346393">
    <name>335.7</name>
  </wpt>
  <wpt lat="51.558272397810278" lon="4.9668734385705759">
    <name>335.8</name>
  </wpt>
  <wpt lat="51.559040427842142" lon="4.9676251531906725">
    <name>335.9</name>
  </wpt>
  <wpt lat="51.5598329855479" lon="4.9683084179793084">
    <name>336.0</name>
  </wpt>
  <wpt lat="51.560665110799221" lon="4.9688138122685883">
    <name>336.1</name>
  </wpt>
  <wpt lat="51.561557570008993" lon="4.9686627096296849">
    <name>336.2</name>
  </wpt>
  <wpt lat="51.562448027184026" lon="4.9684600967572194">
    <name>336.3</name>
  </wpt>
  <wpt lat="51.5632896988321" lon="4.9683241203677966">
    <name>336.4</name>
  </wpt>
  <wpt lat="51.563414680785044" lon="4.9697514747989064">
    <name>336.5</name>
  </wpt>
  <wpt lat="51.563978386228641" lon="4.9703200326451009">
    <name>336.6</name>
  </wpt>
  <wpt lat="51.564162250277462" lon="4.9717337056093172">
    <name>336.7</name>
  </wpt>
  <wpt lat="51.564778143060884" lon="4.972409602932184">
    <name>336.8</name>
  </wpt>
  <wpt lat="51.564878610595187" lon="4.9738472651109031">
    <name>336.9</name>
  </wpt>
  <wpt lat="51.56498695791047" lon="4.9752829828825043">
    <name>337.0</name>
  </wpt>
  <wpt lat="51.565662909882356" lon="4.9761340139592525">
    <name>337.1</name>
  </wpt>
  <wpt lat="51.566308952243396" lon="4.9768724548105094">
    <name>337.2</name>
  </wpt>
  <wpt lat="51.567096872829708" lon="4.9765904924204962">
    <name>337.3</name>
  </wpt>
  <wpt lat="51.567872822558449" lon="4.9772099782031818">
    <name>337.4</name>
  </wpt>
  <wpt lat="51.568587201971638" lon="4.97808886095953">
    <name>337.5</name>
  </wpt>
  <wpt lat="51.569122609466426" lon="4.9789741237942717">
    <name>337.6</name>
  </wpt>
  <wpt lat="51.569063284187344" lon="4.9802549112473713">
    <name>337.7</name>
  </wpt>
  <wpt lat="51.569939070899558" lon="4.9805834783684366">
    <name>337.8</name>
  </wpt>
  <wpt lat="51.570813163823608" lon="4.9809228418562119">
    <name>337.9</name>
  </wpt>
  <wpt lat="51.571687317476808" lon="4.9812627343523657">
    <name>338.0</name>
  </wpt>
  <wpt lat="51.572556794358448" lon="4.9816194052896972">
    <name>338.1</name>
  </wpt>
  <wpt lat="51.573435669849154" lon="4.9819218885634529">
    <name>338.2</name>
  </wpt>
  <wpt lat="51.574308381559511" lon="4.9822709064424764">
    <name>338.3</name>
  </wpt>
  <wpt lat="51.575185121618254" lon="4.9825930944756482">
    <name>338.4</name>
  </wpt>
  <wpt lat="51.576063523649772" lon="4.9829000796268019">
    <name>338.5</name>
  </wpt>
  <wpt lat="51.576936241162564" lon="4.9826020797057735">
    <name>338.6</name>
  </wpt>
  <wpt lat="51.577797393183175" lon="4.9821863034828668">
    <name>338.7</name>
  </wpt>
  <wpt lat="51.578672161977565" lon="4.9818579104692322">
    <name>338.8</name>
  </wpt>
  <wpt lat="51.57956699629608" lon="4.9817420000000139">
    <name>338.9</name>
  </wpt>
  <wpt lat="51.58046107007705" lon="4.9818567102670253">
    <name>339.0</name>
  </wpt>
  <wpt lat="51.581326356321362" lon="4.9822468779607938">
    <name>339.1</name>
  </wpt>
  <wpt lat="51.582080229645065" lon="4.9825121903958953">
    <name>339.2</name>
  </wpt>
  <wpt lat="51.582893770252426" lon="4.9831283522711605">
    <name>339.3</name>
  </wpt>
  <wpt lat="51.583700795645747" lon="4.9837645965274513">
    <name>339.4</name>
  </wpt>
  <wpt lat="51.5845460696389" lon="4.9842441205201053">
    <name>339.5</name>
  </wpt>
  <wpt lat="51.5854349857712" lon="4.9841722573578684">
    <name>339.6</name>
  </wpt>
  <wpt lat="51.586211364790792" lon="4.9834720217523314">
    <name>339.7</name>
  </wpt>
  <wpt lat="51.586750144316227" lon="4.9823258863299094">
    <name>339.8</name>
  </wpt>
  <wpt lat="51.587357113155051" lon="4.9815619224110694">
    <name>339.9</name>
  </wpt>
  <wpt lat="51.587880119721987" lon="4.9827382790183909">
    <name>340.0</name>
  </wpt>
  <wpt lat="51.588385770435892" lon="4.9839349990668076">
    <name>340.1</name>
  </wpt>
  <wpt lat="51.5890400829199" lon="4.9847720694403481">
    <name>340.2</name>
  </wpt>
  <wpt lat="51.5899353562942" lon="4.9849092588063062">
    <name>340.3</name>
  </wpt>
  <wpt lat="51.590764817337963" lon="4.9846627241175021">
    <name>340.4</name>
  </wpt>
  <wpt lat="51.5915677811629" lon="4.9852665455804459">
    <name>340.5</name>
  </wpt>
  <wpt lat="51.592361765889841" lon="4.9859459712801977">
    <name>340.6</name>
  </wpt>
  <wpt lat="51.593160211647437" lon="4.9866120242365213">
    <name>340.7</name>
  </wpt>
  <wpt lat="51.593953893374248" lon="4.9872898933102183">
    <name>340.8</name>
  </wpt>
  <wpt lat="51.594535784157337" lon="4.9882406910288948">
    <name>340.9</name>
  </wpt>
  <wpt lat="51.595317927832383" lon="4.9888329986309738">
    <name>341.0</name>
  </wpt>
  <wpt lat="51.596207369245555" lon="4.9890469269346367">
    <name>341.1</name>
  </wpt>
  <wpt lat="51.597095215762707" lon="4.9892429796865141">
    <name>341.2</name>
  </wpt>
  <wpt lat="51.596639984141042" lon="4.9901956109358308">
    <name>341.3</name>
  </wpt>
  <wpt lat="51.596946404428486" lon="4.9894130489025192">
    <name>341.4</name>
  </wpt>
  <wpt lat="51.59772241178689" lon="4.9901170790607265">
    <name>341.5</name>
  </wpt>
  <wpt lat="51.59838205203463" lon="4.9900013471906961">
    <name>341.6</name>
  </wpt>
  <wpt lat="51.598784227591793" lon="4.9887337008409727">
    <name>341.7</name>
  </wpt>
  <wpt lat="51.599677984260168" lon="4.98866603500362">
    <name>341.8</name>
  </wpt>
  <wpt lat="51.600572188274704" lon="4.9886345177052345">
    <name>341.9</name>
  </wpt>
  <wpt lat="51.60143876987209" lon="4.9882501555779735">
    <name>342.0</name>
  </wpt>
  <wpt lat="51.602297984155264" lon="4.987822662388357">
    <name>342.1</name>
  </wpt>
  <wpt lat="51.603162508285664" lon="4.9874241804489348">
    <name>342.2</name>
  </wpt>
  <wpt lat="51.604022217847017" lon="4.9869992675743262">
    <name>342.3</name>
  </wpt>
  <wpt lat="51.604882067558236" lon="4.9865758065883252">
    <name>342.4</name>
  </wpt>
  <wpt lat="51.605756249748481" lon="4.9862358295491607">
    <name>342.5</name>
  </wpt>
  <wpt lat="51.606630431938711" lon="4.9858958459638556">
    <name>342.6</name>
  </wpt>
  <wpt lat="51.607520482503766" lon="4.98570395078339">
    <name>342.7</name>
  </wpt>
  <wpt lat="51.60816076877218" lon="4.9860211484225552">
    <name>342.8</name>
  </wpt>
  <wpt lat="51.608315131975" lon="4.9873940526344356">
    <name>342.9</name>
  </wpt>
  <wpt lat="51.608919249234326" lon="4.9870436765598383">
    <name>343.0</name>
  </wpt>
  <wpt lat="51.609361872241138" lon="4.9857831125973222">
    <name>343.1</name>
  </wpt>
  <wpt lat="51.609790380081478" lon="4.9845099970786393">
    <name>343.2</name>
  </wpt>
  <wpt lat="51.609961628146316" lon="4.9831123746277">
    <name>343.3</name>
  </wpt>
  <wpt lat="51.610407280725937" lon="4.982614112594792">
    <name>343.4</name>
  </wpt>
  <wpt lat="51.610889930996237" lon="4.9814054462246249">
    <name>343.5</name>
  </wpt>
  <wpt lat="51.6114053985143" lon="4.9802199918222092">
    <name>343.6</name>
  </wpt>
  <wpt lat="51.611951825363867" lon="4.9790697854741133">
    <name>343.7</name>
  </wpt>
  <wpt lat="51.61250185083513" lon="4.9779239988169666">
    <name>343.8</name>
  </wpt>
  <wpt lat="51.613052972594808" lon="4.9767795616407744">
    <name>343.9</name>
  </wpt>
  <wpt lat="51.613602642521748" lon="4.9756333043917085">
    <name>344.0</name>
  </wpt>
  <wpt lat="51.614153310274276" lon="4.974488276969808">
    <name>344.1</name>
  </wpt>
  <wpt lat="51.61471043849874" lon="4.9733514569841217">
    <name>344.2</name>
  </wpt>
  <wpt lat="51.61525927151839" lon="4.9722041385553517">
    <name>344.3</name>
  </wpt>
  <wpt lat="51.615806666230775" lon="4.9710564099516654">
    <name>344.4</name>
  </wpt>
  <wpt lat="51.616350926905994" lon="4.9699064178641557">
    <name>344.5</name>
  </wpt>
  <wpt lat="51.616790886282232" lon="4.9686441055407569">
    <name>344.6</name>
  </wpt>
  <wpt lat="51.617197349381328" lon="4.9673523427993276">
    <name>344.7</name>
  </wpt>
  <wpt lat="51.617591706160077" lon="4.966050802317616">
    <name>344.8</name>
  </wpt>
  <wpt lat="51.617943883432574" lon="4.9647200730304553">
    <name>344.9</name>
  </wpt>
  <wpt lat="51.618329112337626" lon="4.9634112813707709">
    <name>345.0</name>
  </wpt>
  <wpt lat="51.618707383444331" lon="4.9620972155007657">
    <name>345.1</name>
  </wpt>
  <wpt lat="51.619105642148519" lon="4.9607993907430261">
    <name>345.2</name>
  </wpt>
  <wpt lat="51.619489420011348" lon="4.9594957640088868">
    <name>345.3</name>
  </wpt>
  <wpt lat="51.618960988233724" lon="4.9587607257355879">
    <name>345.4</name>
  </wpt>
  <wpt lat="51.618120726758164" lon="4.9582444852975573">
    <name>345.5</name>
  </wpt>
  <wpt lat="51.617280677965063" lon="4.95772735712122">
    <name>345.6</name>
  </wpt>
  <wpt lat="51.617376683972196" lon="4.9564291237448472">
    <name>345.7</name>
  </wpt>
  <wpt lat="51.61758175401674" lon="4.9550189588326008">
    <name>345.8</name>
  </wpt>
  <wpt lat="51.61779939556277" lon="4.9536136876025987">
    <name>345.9</name>
  </wpt>
  <wpt lat="51.6180006314" lon="4.9522026092769806">
    <name>346.0</name>
  </wpt>
  <wpt lat="51.618390612122148" lon="4.9513417596894111">
    <name>346.1</name>
  </wpt>
  <wpt lat="51.618748523356146" lon="4.9501347159434879">
    <name>346.2</name>
  </wpt>
  <wpt lat="51.619235167622364" lon="4.9489177240325768">
    <name>346.3</name>
  </wpt>
  <wpt lat="51.619790017275292" lon="4.9477860705559964">
    <name>346.4</name>
  </wpt>
  <wpt lat="51.620503121091005" lon="4.94690355932791">
    <name>346.5</name>
  </wpt>
  <wpt lat="51.621187395810693" lon="4.9459658852450028">
    <name>346.6</name>
  </wpt>
  <wpt lat="51.621816922829531" lon="4.9449314488840272">
    <name>346.7</name>
  </wpt>
  <wpt lat="51.622431336428164" lon="4.9438744015593263">
    <name>346.8</name>
  </wpt>
  <wpt lat="51.623017328617983" lon="4.9427761402228523">
    <name>346.9</name>
  </wpt>
  <wpt lat="51.6236072819626" lon="4.9416829392889223">
    <name>347.0</name>
  </wpt>
  <wpt lat="51.624105061044681" lon="4.9406217047677492">
    <name>347.1</name>
  </wpt>
  <wpt lat="51.624315886321725" lon="4.9419320541198131">
    <name>347.2</name>
  </wpt>
  <wpt lat="51.62481148600606" lon="4.9426934893794154">
    <name>347.3</name>
  </wpt>
  <wpt lat="51.625423668927766" lon="4.9416339655794737">
    <name>347.4</name>
  </wpt>
  <wpt lat="51.626041138683163" lon="4.9407359999999567">
    <name>347.5</name>
  </wpt>
  <wpt lat="51.626821641567652" lon="4.9412939999999752">
    <name>347.6</name>
  </wpt>
  <wpt lat="51.627485263581427" lon="4.94145887183921">
    <name>347.7</name>
  </wpt>
  <wpt lat="51.6280686429139" lon="4.9422269132273184">
    <name>347.8</name>
  </wpt>
  <wpt lat="51.628145570254617" lon="4.9412548241881975">
    <name>347.9</name>
  </wpt>
  <wpt lat="51.628239942412087" lon="4.9402577543350255">
    <name>348.0</name>
  </wpt>
  <wpt lat="51.628844877337251" lon="4.9391892453543216">
    <name>348.1</name>
  </wpt>
  <wpt lat="51.6292722382252" lon="4.9380329029942338">
    <name>348.2</name>
  </wpt>
  <wpt lat="51.62870515386652" lon="4.9369193074483473">
    <name>348.3</name>
  </wpt>
  <wpt lat="51.628339000004296" lon="4.9357333354281119">
    <name>348.4</name>
  </wpt>
  <wpt lat="51.627640206162333" lon="4.9355596334706888">
    <name>348.5</name>
  </wpt>
  <wpt lat="51.626764413153133" lon="4.9358886667095243">
    <name>348.6</name>
  </wpt>
  <wpt lat="51.625886372770928" lon="4.9362019478864267">
    <name>348.7</name>
  </wpt>
  <wpt lat="51.625009676177754" lon="4.9365246139166636">
    <name>348.8</name>
  </wpt>
  <wpt lat="51.624750754091316" lon="4.93568474576489">
    <name>348.9</name>
  </wpt>
  <wpt lat="51.62477700005487" lon="4.9342454980423094">
    <name>349.0</name>
  </wpt>
  <wpt lat="51.624641758681136" lon="4.9328212245190528">
    <name>349.1</name>
  </wpt>
  <wpt lat="51.624401457961746" lon="4.9314507262980651">
    <name>349.2</name>
  </wpt>
  <wpt lat="51.623781968406284" lon="4.932338745320072">
    <name>349.3</name>
  </wpt>
  <wpt lat="51.623551026531032" lon="4.9337387612406962">
    <name>349.4</name>
  </wpt>
  <wpt lat="51.623291016299056" lon="4.9350201382846661">
    <name>349.5</name>
  </wpt>
  <wpt lat="51.623394160171863" lon="4.93631411113441">
    <name>349.6</name>
  </wpt>
  <wpt lat="51.623053606719445" lon="4.9376547662398291">
    <name>349.7</name>
  </wpt>
  <wpt lat="51.622416158193765" lon="4.9379370857591107">
    <name>349.8</name>
  </wpt>
  <wpt lat="51.621815251697562" lon="4.9372493100179629">
    <name>349.9</name>
  </wpt>
  <wpt lat="51.621615451742009" lon="4.9360793674317121">
    <name>350.0</name>
  </wpt>
  <wpt lat="51.621425943950506" lon="4.9349682931773717">
    <name>350.1</name>
  </wpt>
  <wpt lat="51.621462166389563" lon="4.9335969458926048">
    <name>350.2</name>
  </wpt>
  <wpt lat="51.621677902832545" lon="4.9323607084306609">
    <name>350.3</name>
  </wpt>
  <wpt lat="51.621893057211814" lon="4.9309665005820067">
    <name>350.4</name>
  </wpt>
  <wpt lat="51.62217856487532" lon="4.9296426371693309">
    <name>350.5</name>
  </wpt>
  <wpt lat="51.622474564871183" lon="4.9283792138433737">
    <name>350.6</name>
  </wpt>
  <wpt lat="51.622608482316863" lon="4.9269476416498978">
    <name>350.7</name>
  </wpt>
  <wpt lat="51.622645050356375" lon="4.9255252204559374">
    <name>350.8</name>
  </wpt>
  <wpt lat="51.622817296056944" lon="4.9241036429016134">
    <name>350.9</name>
  </wpt>
  <wpt lat="51.623444683456441" lon="4.9236769999999588">
    <name>351.0</name>
  </wpt>
  <wpt lat="51.624044590310163" lon="4.9231620000000342">
    <name>351.1</name>
  </wpt>
  <wpt lat="51.624900135765749" lon="4.923280239036691">
    <name>351.2</name>
  </wpt>
  <wpt lat="51.625732454434754" lon="4.9234727046724869">
    <name>351.3</name>
  </wpt>
  <wpt lat="51.625915000414331" lon="4.9222607823015236">
    <name>351.4</name>
  </wpt>
  <wpt lat="51.62615100073819" lon="4.9211839344452555">
    <name>351.5</name>
  </wpt>
  <wpt lat="51.626129000036094" lon="4.9197372063924041">
    <name>351.6</name>
  </wpt>
  <wpt lat="51.626151000007894" lon="4.9182917607915142">
    <name>351.7</name>
  </wpt>
  <wpt lat="51.625806665765623" lon="4.91727014569927">
    <name>351.8</name>
  </wpt>
  <wpt lat="51.624922214811292" lon="4.9170077948453432">
    <name>351.9</name>
  </wpt>
  <wpt lat="51.624037763856975" lon="4.9167454491054441">
    <name>352.0</name>
  </wpt>
  <wpt lat="51.623161505964291" lon="4.916420664731441">
    <name>352.1</name>
  </wpt>
  <wpt lat="51.622292643287714" lon="4.9160515234486493">
    <name>352.2</name>
  </wpt>
  <wpt lat="51.621425726111866" lon="4.915666239056609">
    <name>352.3</name>
  </wpt>
  <wpt lat="51.620564256840304" lon="4.9152520952318666">
    <name>352.4</name>
  </wpt>
  <wpt lat="51.619756848973175" lon="4.9146228484843135">
    <name>352.5</name>
  </wpt>
  <wpt lat="51.619235764106136" lon="4.9136890070893866">
    <name>352.6</name>
  </wpt>
  <wpt lat="51.61888473780801" lon="4.9127174222511316">
    <name>352.7</name>
  </wpt>
  <wpt lat="51.61816914164757" lon="4.9118429833244637">
    <name>352.8</name>
  </wpt>
  <wpt lat="51.617339473833816" lon="4.9113026712909837">
    <name>352.9</name>
  </wpt>
  <wpt lat="51.616447074520075" lon="4.9112309427276832">
    <name>353.0</name>
  </wpt>
  <wpt lat="51.615591604839885" lon="4.9116365580105645">
    <name>353.1</name>
  </wpt>
  <wpt lat="51.614795064817223" lon="4.9123076629158753">
    <name>353.2</name>
  </wpt>
  <wpt lat="51.614016599400713" lon="4.9130327136073948">
    <name>353.3</name>
  </wpt>
  <wpt lat="51.613240475544487" lon="4.91376436121857">
    <name>353.4</name>
  </wpt>
  <wpt lat="51.612471169885076" lon="4.9145138944191586">
    <name>353.5</name>
  </wpt>
  <wpt lat="51.611706116314096" lon="4.91527478691288">
    <name>353.6</name>
  </wpt>
  <wpt lat="51.61089408303539" lon="4.9158937478179388">
    <name>353.7</name>
  </wpt>
  <wpt lat="51.610068951392627" lon="4.91646972278747">
    <name>353.8</name>
  </wpt>
  <wpt lat="51.609243819749913" lon="4.9170456872881418">
    <name>353.9</name>
  </wpt>
  <wpt lat="51.608401993546245" lon="4.9175477814788691">
    <name>354.0</name>
  </wpt>
  <wpt lat="51.607510582444291" lon="4.91773007221857">
    <name>354.1</name>
  </wpt>
  <wpt lat="51.606616912087652" lon="4.9178871111874241">
    <name>354.2</name>
  </wpt>
  <wpt lat="51.605735429026957" lon="4.9181728610515671">
    <name>354.3</name>
  </wpt>
  <wpt lat="51.604853869828872" lon="4.9184575818485152">
    <name>354.4</name>
  </wpt>
  <wpt lat="51.603959563061849" lon="4.9186009215363162">
    <name>354.5</name>
  </wpt>
  <wpt lat="51.603061155695933" lon="4.9186559999999773">
    <name>354.6</name>
  </wpt>
  <wpt lat="51.602161834090012" lon="4.9186559999999773">
    <name>354.7</name>
  </wpt>
  <wpt lat="51.601275594360274" lon="4.9184927967136209">
    <name>354.8</name>
  </wpt>
  <wpt lat="51.600421264071727" lon="4.9180460328950346">
    <name>354.9</name>
  </wpt>
  <wpt lat="51.599555586599536" lon="4.9176642184930373">
    <name>355.0</name>
  </wpt>
  <wpt lat="51.598679803966434" lon="4.9173384032572942">
    <name>355.1</name>
  </wpt>
  <wpt lat="51.597800692433253" lon="4.91703409188844">
    <name>355.2</name>
  </wpt>
  <wpt lat="51.596948326069096" lon="4.9168323652623211">
    <name>355.3</name>
  </wpt>
  <wpt lat="51.596054001897784" lon="4.916682113590034">
    <name>355.4</name>
  </wpt>
  <wpt lat="51.595158773989283" lon="4.9165441391500035">
    <name>355.5</name>
  </wpt>
  <wpt lat="51.594278503742814" lon="4.9167864012555862">
    <name>355.6</name>
  </wpt>
  <wpt lat="51.59340473053976" lon="4.9171287905993237">
    <name>355.7</name>
  </wpt>
  <wpt lat="51.592530269988018" lon="4.91746503256911">
    <name>355.8</name>
  </wpt>
  <wpt lat="51.59165347449192" lon="4.9177850208767229">
    <name>355.9</name>
  </wpt>
  <wpt lat="51.590807025488424" lon="4.9181355821616846">
    <name>356.0</name>
  </wpt>
  <wpt lat="51.590020622650229" lon="4.9181663706785592">
    <name>356.1</name>
  </wpt>
  <wpt lat="51.589520633444096" lon="4.9169673403418859">
    <name>356.2</name>
  </wpt>
  <wpt lat="51.589053029898515" lon="4.9157316962272262">
    <name>356.3</name>
  </wpt>
  <wpt lat="51.588632669222463" lon="4.9144540405891739">
    <name>356.4</name>
  </wpt>
  <wpt lat="51.588390187598556" lon="4.913063288854592">
    <name>356.5</name>
  </wpt>
  <wpt lat="51.587774325776991" lon="4.9123909999999631">
    <name>356.6</name>
  </wpt>
  <wpt lat="51.5868930119767" lon="4.9126737539278516">
    <name>356.7</name>
  </wpt>
  <wpt lat="51.586013836238749" lon="4.9129783707590091">
    <name>356.8</name>
  </wpt>
  <wpt lat="51.585167077576926" lon="4.9132071889311915">
    <name>356.9</name>
  </wpt>
  <wpt lat="51.58444207163005" lon="4.9140589283778207">
    <name>357.0</name>
  </wpt>
  <wpt lat="51.58393344017059" lon="4.9129799589434944">
    <name>357.1</name>
  </wpt>
  <wpt lat="51.583549883974008" lon="4.9116722649174527">
    <name>357.2</name>
  </wpt>
  <wpt lat="51.583153562775145" lon="4.9103731810409119">
    <name>357.3</name>
  </wpt>
  <wpt lat="51.582767627024012" lon="4.9090659914290633">
    <name>357.4</name>
  </wpt>
  <wpt lat="51.582674831879082" lon="4.9076993448117552">
    <name>357.5</name>
  </wpt>
  <wpt lat="51.58219731103231" lon="4.9074163858338631">
    <name>357.6</name>
  </wpt>
  <wpt lat="51.5814001503238" lon="4.9080855424760026">
    <name>357.7</name>
  </wpt>
  <wpt lat="51.580620622659765" lon="4.9088049182929065">
    <name>357.8</name>
  </wpt>
  <wpt lat="51.579839235053875" lon="4.9085960172858263">
    <name>357.9</name>
  </wpt>
  <wpt lat="51.579272864545274" lon="4.9075274769338613">
    <name>358.0</name>
  </wpt>
  <wpt lat="51.579158000173088" lon="4.906093609481446">
    <name>358.1</name>
  </wpt>
  <wpt lat="51.579304201933411" lon="4.9046778476463668">
    <name>358.2</name>
  </wpt>
  <wpt lat="51.579545318520573" lon="4.9032836484218505">
    <name>358.3</name>
  </wpt>
  <wpt lat="51.579472835296151" lon="4.9018810655551333">
    <name>358.4</name>
  </wpt>
  <wpt lat="51.5788754676413" lon="4.9008132042423309">
    <name>358.5</name>
  </wpt>
  <wpt lat="51.578215897791409" lon="4.8998294534779">
    <name>358.6</name>
  </wpt>
  <wpt lat="51.577529962704361" lon="4.8988936785298414">
    <name>358.7</name>
  </wpt>
  <wpt lat="51.576841761484133" lon="4.8979621159280455">
    <name>358.8</name>
  </wpt>
  <wpt lat="51.576153560264" lon="4.89703056743173">
    <name>358.9</name>
  </wpt>
  <wpt lat="51.575494290672395" lon="4.8960610548572632">
    <name>359.0</name>
  </wpt>
  <wpt lat="51.5749040644507" lon="4.89496932888913">
    <name>359.1</name>
  </wpt>
  <wpt lat="51.574298402213252" lon="4.8939054021507555">
    <name>359.2</name>
  </wpt>
  <wpt lat="51.573558000317981" lon="4.8934218705991537">
    <name>359.3</name>
  </wpt>
  <wpt lat="51.573576058424528" lon="4.8919753607937251">
    <name>359.4</name>
  </wpt>
  <wpt lat="51.573601000357137" lon="4.8905290642777191">
    <name>359.5</name>
  </wpt>
  <wpt lat="51.5736251349351" lon="4.88908287955999">
    <name>359.6</name>
  </wpt>
  <wpt lat="51.573700269174886" lon="4.8876422188528386">
    <name>359.7</name>
  </wpt>
  <wpt lat="51.573705241542974" lon="4.8862037204721975">
    <name>359.8</name>
  </wpt>
  <wpt lat="51.573451074666046" lon="4.8848288637340831">
    <name>359.9</name>
  </wpt>
  <wpt lat="51.573161811217652" lon="4.883482111793982">
    <name>360.0</name>
  </wpt>
  <wpt lat="51.573215000037194" lon="4.8820798031312806">
    <name>360.1</name>
  </wpt>
  <wpt lat="51.573308284110738" lon="4.8806439802936943">
    <name>360.2</name>
  </wpt>
  <wpt lat="51.573400576083273" lon="4.8792054175263111">
    <name>360.3</name>
  </wpt>
  <wpt lat="51.573342269497793" lon="4.87776721768037">
    <name>360.4</name>
  </wpt>
  <wpt lat="51.573257000091871" lon="4.876328651849172">
    <name>360.5</name>
  </wpt>
  <wpt lat="51.573377093206076" lon="4.8748975393818226">
    <name>360.6</name>
  </wpt>
  <wpt lat="51.573472000541024" lon="4.87345919089416">
    <name>360.7</name>
  </wpt>
  <wpt lat="51.573472002988062" lon="4.872012197621113">
    <name>360.8</name>
  </wpt>
  <wpt lat="51.572775413661759" lon="4.8716859999999516">
    <name>360.9</name>
  </wpt>
  <wpt lat="51.571945404145417" lon="4.87122555094839">
    <name>361.0</name>
  </wpt>
  <wpt lat="51.571209827083706" lon="4.8716459718933587">
    <name>361.1</name>
  </wpt>
  <wpt lat="51.570438805771623" lon="4.8722566309652739">
    <name>361.2</name>
  </wpt>
  <wpt lat="51.569792590375854" lon="4.8713402025375778">
    <name>361.3</name>
  </wpt>
  <wpt lat="51.569092686585165" lon="4.8708091983956425">
    <name>361.4</name>
  </wpt>
  <wpt lat="51.568223702850361" lon="4.8711818274173977">
    <name>361.5</name>
  </wpt>
  <wpt lat="51.567363956288546" lon="4.8715925158728774">
    <name>361.6</name>
  </wpt>
  <wpt lat="51.5664858199491" lon="4.8713883529071671">
    <name>361.7</name>
  </wpt>
  <wpt lat="51.566604433828985" lon="4.8700883805987036">
    <name>361.8</name>
  </wpt>
  <wpt lat="51.566900808406714" lon="4.868724547754919">
    <name>361.9</name>
  </wpt>
  <wpt lat="51.567138741438761" lon="4.8673294299265688">
    <name>362.0</name>
  </wpt>
  <wpt lat="51.567350359745852" lon="4.8659235490476425">
    <name>362.1</name>
  </wpt>
  <wpt lat="51.567425389199947" lon="4.86448626894168">
    <name>362.2</name>
  </wpt>
  <wpt lat="51.567615032217212" lon="4.8630719988330542">
    <name>362.3</name>
  </wpt>
  <wpt lat="51.567970932515848" lon="4.86175247079752">
    <name>362.4</name>
  </wpt>
  <wpt lat="51.568427554259635" lon="4.8605093373949257">
    <name>362.5</name>
  </wpt>
  <wpt lat="51.568960108980377" lon="4.8593434595343528">
    <name>362.6</name>
  </wpt>
  <wpt lat="51.569412596981408" lon="4.8581038690753795">
    <name>362.7</name>
  </wpt>
  <wpt lat="51.569585083997936" lon="4.8566854964853992">
    <name>362.8</name>
  </wpt>
  <wpt lat="51.569803000049994" lon="4.8552865989852014">
    <name>362.9</name>
  </wpt>
  <wpt lat="51.569588569291142" lon="4.85390103400739">
    <name>363.0</name>
  </wpt>
  <wpt lat="51.56928269040457" lon="4.8525404518945541">
    <name>363.1</name>
  </wpt>
  <wpt lat="51.569095919635771" lon="4.8511264840351087">
    <name>363.2</name>
  </wpt>
  <wpt lat="51.568932112508804" lon="4.8497038721478125">
    <name>363.3</name>
  </wpt>
  <wpt lat="51.568762252754553" lon="4.84828306778114">
    <name>363.4</name>
  </wpt>
  <wpt lat="51.568560079871986" lon="4.8468733321842352">
    <name>363.5</name>
  </wpt>
  <wpt lat="51.5680345700279" lon="4.8457528843416267">
    <name>363.6</name>
  </wpt>
  <wpt lat="51.567149872695005" lon="4.845945661417236">
    <name>363.7</name>
  </wpt>
  <wpt lat="51.566255406732758" lon="4.8459024937511233">
    <name>363.8</name>
  </wpt>
  <wpt lat="51.56550435652106" lon="4.845333493690581">
    <name>363.9</name>
  </wpt>
  <wpt lat="51.565569568954253" lon="4.84389301186963">
    <name>364.0</name>
  </wpt>
  <wpt lat="51.565236487711552" lon="4.8425604923100183">
    <name>364.1</name>
  </wpt>
  <wpt lat="51.565300047303829" lon="4.8411723226803076">
    <name>364.2</name>
  </wpt>
  <wpt lat="51.5652625646749" lon="4.83973139215688">
    <name>364.3</name>
  </wpt>
  <wpt lat="51.565060522977042" lon="4.8383261551632843">
    <name>364.4</name>
  </wpt>
  <wpt lat="51.565015566602867" lon="4.837009275636496">
    <name>364.5</name>
  </wpt>
  <wpt lat="51.564139174715862" lon="4.8368048194425741">
    <name>364.6</name>
  </wpt>
  <wpt lat="51.564191279218306" lon="4.8358101222976471">
    <name>364.7</name>
  </wpt>
  <wpt lat="51.564478438855858" lon="4.8344395216652405">
    <name>364.8</name>
  </wpt>
  <wpt lat="51.564760076520223" lon="4.8330656926855609">
    <name>364.9</name>
  </wpt>
  <wpt lat="51.565043530426408" lon="4.8316929296466462">
    <name>365.0</name>
  </wpt>
  <wpt lat="51.5654196708743" lon="4.8303941585756736">
    <name>365.1</name>
  </wpt>
  <wpt lat="51.56595714139835" lon="4.8295440828502265">
    <name>365.2</name>
  </wpt>
  <wpt lat="51.566778133132182" lon="4.8290903134799166">
    <name>365.3</name>
  </wpt>
  <wpt lat="51.566175005417371" lon="4.8283957397769122">
    <name>365.4</name>
  </wpt>
  <wpt lat="51.566239435620304" lon="4.8272639465270144">
    <name>365.5</name>
  </wpt>
  <wpt lat="51.566678591268364" lon="4.82600655098086">
    <name>365.6</name>
  </wpt>
  <wpt lat="51.567409839171695" lon="4.8251936273330687">
    <name>365.7</name>
  </wpt>
  <wpt lat="51.568166156824731" lon="4.8246227672044553">
    <name>365.8</name>
  </wpt>
  <wpt lat="51.568126305133511" lon="4.8231837310197019">
    <name>365.9</name>
  </wpt>
  <wpt lat="51.56853274822187" lon="4.8221335728856483">
    <name>366.0</name>
  </wpt>
  <wpt lat="51.567655423042417" lon="4.8218932495922573">
    <name>366.1</name>
  </wpt>
  <wpt lat="51.566764153117482" lon="4.8217000824730647">
    <name>366.2</name>
  </wpt>
  <wpt lat="51.566884550875223" lon="4.8205222471195146">
    <name>366.3</name>
  </wpt>
  <wpt lat="51.567775592858837" lon="4.8203271260391238">
    <name>366.4</name>
  </wpt>
  <wpt lat="51.568385639459727" lon="4.8198189178873676">
    <name>366.5</name>
  </wpt>
  <wpt lat="51.567904776118347" lon="4.8186050928043729">
    <name>366.6</name>
  </wpt>
  <wpt lat="51.567373307588916" lon="4.817438052510095">
    <name>366.7</name>
  </wpt>
  <wpt lat="51.566842705603229" lon="4.8162700873642539">
    <name>366.8</name>
  </wpt>
  <wpt lat="51.566437566996782" lon="4.8149907933198941">
    <name>366.9</name>
  </wpt>
  <wpt lat="51.566142555510929" lon="4.8136242569291108">
    <name>367.0</name>
  </wpt>
  <wpt lat="51.565865658140837" lon="4.8122477989178929">
    <name>367.1</name>
  </wpt>
  <wpt lat="51.565630560625692" lon="4.8108739477208422">
    <name>367.2</name>
  </wpt>
  <wpt lat="51.565441121319431" lon="4.8094601585973749">
    <name>367.3</name>
  </wpt>
  <wpt lat="51.565404000027293" lon="4.8080188766471839">
    <name>367.4</name>
  </wpt>
  <wpt lat="51.565424241041107" lon="4.8065725114144033">
    <name>367.5</name>
  </wpt>
  <wpt lat="51.565565220470546" lon="4.8051486437538413">
    <name>367.6</name>
  </wpt>
  <wpt lat="51.56562736035535" lon="4.8037144208840585">
    <name>367.7</name>
  </wpt>
  <wpt lat="51.565539154733258" lon="4.8022746544724475">
    <name>367.8</name>
  </wpt>
  <wpt lat="51.565410701935384" lon="4.800843413599643">
    <name>367.9</name>
  </wpt>
  <wpt lat="51.565260848672288" lon="4.7994170287967082">
    <name>368.0</name>
  </wpt>
  <wpt lat="51.564944476963717" lon="4.7980658689382913">
    <name>368.1</name>
  </wpt>
  <wpt lat="51.564850996709069" lon="4.7966535835721205">
    <name>368.2</name>
  </wpt>
  <wpt lat="51.565068443106988" lon="4.79525040151689">
    <name>368.3</name>
  </wpt>
  <wpt lat="51.565312989060594" lon="4.7938612133197838">
    <name>368.4</name>
  </wpt>
  <wpt lat="51.565663668703884" lon="4.7925303701810815">
    <name>368.5</name>
  </wpt>
  <wpt lat="51.566024059865406" lon="4.79120515428175">
    <name>368.6</name>
  </wpt>
  <wpt lat="51.566374078448128" lon="4.7898726653538821">
    <name>368.7</name>
  </wpt>
  <wpt lat="51.566729300879096" lon="4.7885441365801436">
    <name>368.8</name>
  </wpt>
  <wpt lat="51.567151241898252" lon="4.7874141756933932">
    <name>368.9</name>
  </wpt>
  <wpt lat="51.5674337695488" lon="4.7860743712552631">
    <name>369.0</name>
  </wpt>
  <wpt lat="51.567700431632176" lon="4.7847171367385171">
    <name>369.1</name>
  </wpt>
  <wpt lat="51.568492996343316" lon="4.784135436501459">
    <name>369.2</name>
  </wpt>
  <wpt lat="51.569377312473264" lon="4.78433063018511">
    <name>369.3</name>
  </wpt>
  <wpt lat="51.570232587643879" lon="4.7840906868582866">
    <name>369.4</name>
  </wpt>
  <wpt lat="51.571094879019768" lon="4.7837377224113444">
    <name>369.5</name>
  </wpt>
  <wpt lat="51.571990187996988" lon="4.7836077030196753">
    <name>369.6</name>
  </wpt>
  <wpt lat="51.572863911577635" lon="4.7832655078890545">
    <name>369.7</name>
  </wpt>
  <wpt lat="51.5737050456821" lon="4.7833439999999987">
    <name>369.8</name>
  </wpt>
  <wpt lat="51.573290408267674" lon="4.7820684447483517">
    <name>369.9</name>
  </wpt>
  <wpt lat="51.572801793442352" lon="4.7808583871731365">
    <name>370.0</name>
  </wpt>
  <wpt lat="51.572408077559871" lon="4.7795588850535529">
    <name>370.1</name>
  </wpt>
  <wpt lat="51.572093253337641" lon="4.7782055190119808">
    <name>370.2</name>
  </wpt>
  <wpt lat="51.571572859620879" lon="4.7774000000000072">
    <name>370.3</name>
  </wpt>
  <wpt lat="51.570713807965731" lon="4.7770090634095359">
    <name>370.4</name>
  </wpt>
  <wpt lat="51.569849293581555" lon="4.7766423946191159">
    <name>370.5</name>
  </wpt>
  <wpt lat="51.568951612810807" lon="4.7766678405948371">
    <name>370.6</name>
  </wpt>
  <wpt lat="51.568055081539143" lon="4.77667786370611">
    <name>370.7</name>
  </wpt>
  <wpt lat="51.567181708539671" lon="4.7763534194881041">
    <name>370.8</name>
  </wpt>
  <wpt lat="51.566541036877929" lon="4.7754681755807669">
    <name>370.9</name>
  </wpt>
  <wpt lat="51.56594158773013" lon="4.774391057762478">
    <name>371.0</name>
  </wpt>
  <wpt lat="51.565315682392814" lon="4.773352234478919">
    <name>371.1</name>
  </wpt>
  <wpt lat="51.564692513971252" lon="4.7723092034140322">
    <name>371.2</name>
  </wpt>
  <wpt lat="51.564402027619039" lon="4.7710337285254862">
    <name>371.3</name>
  </wpt>
  <wpt lat="51.564395002187076" lon="4.7695872067725711">
    <name>371.4</name>
  </wpt>
  <wpt lat="51.564395000113983" lon="4.7681405023749042">
    <name>371.5</name>
  </wpt>
  <wpt lat="51.5643740011421" lon="4.7666944314164059">
    <name>371.6</name>
  </wpt>
  <wpt lat="51.564354429712367" lon="4.7652490613232077">
    <name>371.7</name>
  </wpt>
  <wpt lat="51.564139041547293" lon="4.7638529253204265">
    <name>371.8</name>
  </wpt>
  <wpt lat="51.563839833609308" lon="4.7624886499720223">
    <name>371.9</name>
  </wpt>
  <wpt lat="51.563546235105314" lon="4.7611212364168267">
    <name>372.0</name>
  </wpt>
  <wpt lat="51.5632006430239" lon="4.7598043857049479">
    <name>372.1</name>
  </wpt>
  <wpt lat="51.562550796019359" lon="4.7588047143871481">
    <name>372.2</name>
  </wpt>
  <wpt lat="51.56237722082497" lon="4.757797333043591">
    <name>372.3</name>
  </wpt>
  <wpt lat="51.562962541533594" lon="4.7575144612499445">
    <name>372.4</name>
  </wpt>
  <wpt lat="51.56308549544638" lon="4.758642294534817">
    <name>372.5</name>
  </wpt>
  <wpt lat="51.563846059365225" lon="4.7580406364031349">
    <name>372.6</name>
  </wpt>
  <wpt lat="51.56396835458024" lon="4.7568761375690887">
    <name>372.7</name>
  </wpt>
  <wpt lat="51.563195392052044" lon="4.7572056268950886">
    <name>372.8</name>
  </wpt>
  <wpt lat="51.563315955970111" lon="4.7565838914103038">
    <name>372.9</name>
  </wpt>
  <wpt lat="51.564012969527816" lon="4.7556698345008677">
    <name>373.0</name>
  </wpt>
  <wpt lat="51.564713533318205" lon="4.754766833616487">
    <name>373.1</name>
  </wpt>
  <wpt lat="51.56503900016" lon="4.7534992308051471">
    <name>373.2</name>
  </wpt>
  <wpt lat="51.564498350419981" lon="4.7524002604366249">
    <name>373.3</name>
  </wpt>
  <wpt lat="51.563786475938855" lon="4.7515205938243827">
    <name>373.4</name>
  </wpt>
  <wpt lat="51.563073228589253" lon="4.7506831584995464">
    <name>373.5</name>
  </wpt>
  <wpt lat="51.563074531661329" lon="4.7494962138301684">
    <name>373.6</name>
  </wpt>
  <wpt lat="51.563813206814459" lon="4.7486710355669688">
    <name>373.7</name>
  </wpt>
  <wpt lat="51.5645537010799" lon="4.7478501186140871">
    <name>373.8</name>
  </wpt>
  <wpt lat="51.565287491500364" lon="4.7470137803730905">
    <name>373.9</name>
  </wpt>
  <wpt lat="51.566030951117952" lon="4.7462015869433021">
    <name>374.0</name>
  </wpt>
  <wpt lat="51.566808745798916" lon="4.7454994527086507">
    <name>374.1</name>
  </wpt>
  <wpt lat="51.56718145357604" lon="4.7446138349510791">
    <name>374.2</name>
  </wpt>
  <wpt lat="51.566947935467716" lon="4.7434048246451948">
    <name>374.3</name>
  </wpt>
  <wpt lat="51.567802525726563" lon="4.7430692734570776">
    <name>374.4</name>
  </wpt>
  <wpt lat="51.568700817420918" lon="4.7431384963454057">
    <name>374.5</name>
  </wpt>
  <wpt lat="51.569530584794336" lon="4.743212866689638">
    <name>374.6</name>
  </wpt>
  <wpt lat="51.570426757936332" lon="4.743156594159136">
    <name>374.7</name>
  </wpt>
  <wpt lat="51.571325398065753" lon="4.7432069954859477">
    <name>374.8</name>
  </wpt>
  <wpt lat="51.572223161812865" lon="4.7432782602682959">
    <name>374.9</name>
  </wpt>
  <wpt lat="51.5731207017766" lon="4.7433692874505669">
    <name>375.0</name>
  </wpt>
  <wpt lat="51.5738617451206" lon="4.744026639993657">
    <name>375.1</name>
  </wpt>
  <wpt lat="51.574558332761839" lon="4.74328096531041">
    <name>375.2</name>
  </wpt>
  <wpt lat="51.575271661069849" lon="4.7424004417878329">
    <name>375.3</name>
  </wpt>
  <wpt lat="51.575979200572888" lon="4.7415072077416083">
    <name>375.4</name>
  </wpt>
  <wpt lat="51.576672069884673" lon="4.7405863513247182">
    <name>375.5</name>
  </wpt>
  <wpt lat="51.577093991095957" lon="4.7393229756637236">
    <name>375.6</name>
  </wpt>
  <wpt lat="51.57732201075757" lon="4.738204681071494">
    <name>375.7</name>
  </wpt>
  <wpt lat="51.577334000006445" lon="4.7367627561703936">
    <name>375.8</name>
  </wpt>
  <wpt lat="51.57753565937211" lon="4.7353537364045959">
    <name>375.9</name>
  </wpt>
  <wpt lat="51.5777447685196" lon="4.7339464457039426">
    <name>376.0</name>
  </wpt>
  <wpt lat="51.577960061469845" lon="4.7325413924444257">
    <name>376.1</name>
  </wpt>
  <wpt lat="51.578177737620742" lon="4.7311372848832018">
    <name>376.2</name>
  </wpt>
  <wpt lat="51.578295337009195" lon="4.7297142567255195">
    <name>376.3</name>
  </wpt>
  <wpt lat="51.578257000022518" lon="4.728270050830953">
    <name>376.4</name>
  </wpt>
  <wpt lat="51.578166724792453" lon="4.7268321021396238">
    <name>376.5</name>
  </wpt>
  <wpt lat="51.578086495537427" lon="4.7253907437451828">
    <name>376.6</name>
  </wpt>
  <wpt lat="51.578030522575396" lon="4.7239492920003929">
    <name>376.7</name>
  </wpt>
  <wpt lat="51.577999861868882" lon="4.7225032379550154">
    <name>376.8</name>
  </wpt>
  <wpt lat="51.577978000138849" lon="4.7210565471880361">
    <name>376.9</name>
  </wpt>
  <wpt lat="51.577991094685153" lon="4.7196096552294469">
    <name>377.0</name>
  </wpt>
  <wpt lat="51.578071179447633" lon="4.7181747129903551">
    <name>377.1</name>
  </wpt>
  <wpt lat="51.577757052567335" lon="4.7168861498417467">
    <name>377.2</name>
  </wpt>
  <wpt lat="51.577313592939738" lon="4.7156277411953917">
    <name>377.3</name>
  </wpt>
  <wpt lat="51.576860126991214" lon="4.7143780636539629">
    <name>377.4</name>
  </wpt>
  <wpt lat="51.57640666104281" lon="4.7131283985807153">
    <name>377.5</name>
  </wpt>
  <wpt lat="51.575954760350818" lon="4.7118773080171588">
    <name>377.6</name>
  </wpt>
  <wpt lat="51.5755320447083" lon="4.7106007458539079">
    <name>377.7</name>
  </wpt>
  <wpt lat="51.575145617642413" lon="4.7092943023476694">
    <name>377.8</name>
  </wpt>
  <wpt lat="51.57482311157932" lon="4.7079439154910592">
    <name>377.9</name>
  </wpt>
  <wpt lat="51.574553952793956" lon="4.7065635401724144">
    <name>378.0</name>
  </wpt>
  <wpt lat="51.574317263742621" lon="4.7051684002891321">
    <name>378.1</name>
  </wpt>
  <wpt lat="51.574153133371617" lon="4.7037459286188019">
    <name>378.2</name>
  </wpt>
  <wpt lat="51.574027026682636" lon="4.7023136717248777">
    <name>378.3</name>
  </wpt>
  <wpt lat="51.573972352346992" lon="4.7008708670966008">
    <name>378.4</name>
  </wpt>
  <wpt lat="51.573966006805655" lon="4.6994239899956289">
    <name>378.5</name>
  </wpt>
  <wpt lat="51.573966013740836" lon="4.6979769809963932">
    <name>378.6</name>
  </wpt>
  <wpt lat="51.573877308060638" lon="4.6965391121617186">
    <name>378.7</name>
  </wpt>
  <wpt lat="51.573838511852614" lon="4.6950935330070473">
    <name>378.8</name>
  </wpt>
  <wpt lat="51.573892089171949" lon="4.6936502951169956">
    <name>378.9</name>
  </wpt>
  <wpt lat="51.573966000137965" lon="4.6922083497618239">
    <name>379.0</name>
  </wpt>
  <wpt lat="51.573916541697933" lon="4.6908795476329974">
    <name>379.1</name>
  </wpt>
  <wpt lat="51.573812759943792" lon="4.689442209164925">
    <name>379.2</name>
  </wpt>
  <wpt lat="51.573682127473724" lon="4.6880115340296458">
    <name>379.3</name>
  </wpt>
  <wpt lat="51.57350600075327" lon="4.6865925616739705">
    <name>379.4</name>
  </wpt>
  <wpt lat="51.573325376129041" lon="4.6851750556158853">
    <name>379.5</name>
  </wpt>
  <wpt lat="51.573144751504877" lon="4.6837575551904855">
    <name>379.6</name>
  </wpt>
  <wpt lat="51.572964538101452" lon="4.6823399257695222">
    <name>379.7</name>
  </wpt>
  <wpt lat="51.572786230734806" lon="4.680921677262802">
    <name>379.8</name>
  </wpt>
  <wpt lat="51.572607923368217" lon="4.679503434319253">
    <name>379.9</name>
  </wpt>
  <wpt lat="51.573215000009071" lon="4.6787754847002283">
    <name>380.0</name>
  </wpt>
  <wpt lat="51.573222730834729" lon="4.6773350973567132">
    <name>380.1</name>
  </wpt>
  <wpt lat="51.57307650249458" lon="4.67590783385466">
    <name>380.2</name>
  </wpt>
  <wpt lat="51.572893391092165" lon="4.674492921428997">
    <name>380.3</name>
  </wpt>
  <wpt lat="51.572639227134609" lon="4.6731049897765295">
    <name>380.4</name>
  </wpt>
  <wpt lat="51.572328277187516" lon="4.6717476806396956">
    <name>380.5</name>
  </wpt>
  <wpt lat="51.571976880019314" lon="4.6704159253036615">
    <name>380.6</name>
  </wpt>
  <wpt lat="51.571559764768224" lon="4.6691366407362347">
    <name>380.7</name>
  </wpt>
  <wpt lat="51.571028867364213" lon="4.6679711172919429">
    <name>380.8</name>
  </wpt>
  <wpt lat="51.570443382097515" lon="4.6668731571492135">
    <name>380.9</name>
  </wpt>
  <wpt lat="51.569831745932092" lon="4.665812427438758">
    <name>381.0</name>
  </wpt>
  <wpt lat="51.570501646838643" lon="4.6652883254454069">
    <name>381.1</name>
  </wpt>
  <wpt lat="51.571204104349015" lon="4.6658449049461952">
    <name>381.2</name>
  </wpt>
  <wpt lat="51.571698475843185" lon="4.6670486320811442">
    <name>381.3</name>
  </wpt>
  <wpt lat="51.572125141212751" lon="4.6683221538521273">
    <name>381.4</name>
  </wpt>
  <wpt lat="51.5727463386346" lon="4.6681089120355193">
    <name>381.5</name>
  </wpt>
  <wpt lat="51.572654358529931" lon="4.66669703704772">
    <name>381.6</name>
  </wpt>
  <wpt lat="51.572520865186121" lon="4.6652662534345595">
    <name>381.7</name>
  </wpt>
  <wpt lat="51.572306494377933" lon="4.66386594189008">
    <name>381.8</name>
  </wpt>
  <wpt lat="51.572165740977518" lon="4.6624368198237223">
    <name>381.9</name>
  </wpt>
  <wpt lat="51.572033231150471" lon="4.6610056715338626">
    <name>382.0</name>
  </wpt>
  <wpt lat="51.571969851381716" lon="4.65959050659119">
    <name>382.1</name>
  </wpt>
  <wpt lat="51.571818988127028" lon="4.65821939112367">
    <name>382.2</name>
  </wpt>
  <wpt lat="51.571672749004861" lon="4.6567917125373484">
    <name>382.3</name>
  </wpt>
  <wpt lat="51.571536524002745" lon="4.655362878196792">
    <name>382.4</name>
  </wpt>
  <wpt lat="51.5713325106548" lon="4.6539541671744091">
    <name>382.5</name>
  </wpt>
  <wpt lat="51.571065021518152" lon="4.6525736303832277">
    <name>382.6</name>
  </wpt>
  <wpt lat="51.570846352232266" lon="4.651173436833866">
    <name>382.7</name>
  </wpt>
  <wpt lat="51.570704000017642" lon="4.6497456736514051">
    <name>382.8</name>
  </wpt>
  <wpt lat="51.570621393284725" lon="4.648553984957756">
    <name>382.9</name>
  </wpt>
  <wpt lat="51.5704623473067" lon="4.6472400483651359">
    <name>383.0</name>
  </wpt>
  <wpt lat="51.570352507398724" lon="4.6458059468957513">
    <name>383.1</name>
  </wpt>
  <wpt lat="51.570318777039567" lon="4.6443603062475747">
    <name>383.2</name>
  </wpt>
  <wpt lat="51.570366153433596" lon="4.6429154216920523">
    <name>383.3</name>
  </wpt>
  <wpt lat="51.570397794046457" lon="4.6414701500719815">
    <name>383.4</name>
  </wpt>
  <wpt lat="51.57044081745223" lon="4.6400252208463062">
    <name>383.5</name>
  </wpt>
  <wpt lat="51.570918722056589" lon="4.6392566875454682">
    <name>383.6</name>
  </wpt>
  <wpt lat="51.571284417026135" lon="4.6381048011902237">
    <name>383.7</name>
  </wpt>
  <wpt lat="51.57090204283022" lon="4.6372989571813354">
    <name>383.8</name>
  </wpt>
  <wpt lat="51.570186678694235" lon="4.6379604952108284">
    <name>383.9</name>
  </wpt>
  <wpt lat="51.56983208066498" lon="4.6366314341021058">
    <name>384.0</name>
  </wpt>
  <wpt lat="51.569298529414262" lon="4.6356380718742463">
    <name>384.1</name>
  </wpt>
  <wpt lat="51.5684496143097" lon="4.6352873529914254">
    <name>384.2</name>
  </wpt>
  <wpt lat="51.567554707144289" lon="4.6354070499998441">
    <name>384.3</name>
  </wpt>
  <wpt lat="51.566712689892434" lon="4.6357095046848409">
    <name>384.4</name>
  </wpt>
  <wpt lat="51.566012100478147" lon="4.63660589091011">
    <name>384.5</name>
  </wpt>
  <wpt lat="51.565406013874565" lon="4.6376735759399823">
    <name>384.6</name>
  </wpt>
  <wpt lat="51.564787043871" lon="4.6387060711218231">
    <name>384.7</name>
  </wpt>
  <wpt lat="51.564196014060528" lon="4.6397955297609688">
    <name>384.8</name>
  </wpt>
  <wpt lat="51.563661493966677" lon="4.64095885938281">
    <name>384.9</name>
  </wpt>
  <wpt lat="51.563097820541962" lon="4.6420853611421542">
    <name>385.0</name>
  </wpt>
  <wpt lat="51.562505774413019" lon="4.6431531084674393">
    <name>385.1</name>
  </wpt>
  <wpt lat="51.561913765821558" lon="4.6440576693467177">
    <name>385.2</name>
  </wpt>
  <wpt lat="51.561287436392362" lon="4.64354428167235">
    <name>385.3</name>
  </wpt>
  <wpt lat="51.560658953311822" lon="4.6425096308789886">
    <name>385.4</name>
  </wpt>
  <wpt lat="51.560020423229062" lon="4.6422563745779257">
    <name>385.5</name>
  </wpt>
  <wpt lat="51.559326432088326" lon="4.6430044115265119">
    <name>385.6</name>
  </wpt>
  <wpt lat="51.558738493111839" lon="4.6419098162632606">
    <name>385.7</name>
  </wpt>
  <wpt lat="51.557967726942429" lon="4.6412530888241488">
    <name>385.8</name>
  </wpt>
  <wpt lat="51.557406753243612" lon="4.6401806989620713">
    <name>385.9</name>
  </wpt>
  <wpt lat="51.556926422458169" lon="4.6389578433638583">
    <name>386.0</name>
  </wpt>
  <wpt lat="51.556453476870921" lon="4.6377284253375519">
    <name>386.1</name>
  </wpt>
  <wpt lat="51.555840834883263" lon="4.6366723282494133">
    <name>386.2</name>
  </wpt>
  <wpt lat="51.555567148471944" lon="4.6353193737927869">
    <name>386.3</name>
  </wpt>
  <wpt lat="51.556176835901894" lon="4.6344841158489176">
    <name>386.4</name>
  </wpt>
  <wpt lat="51.5557790169074" lon="4.6331870037792857">
    <name>386.5</name>
  </wpt>
  <wpt lat="51.555364431761596" lon="4.6319040873980439">
    <name>386.6</name>
  </wpt>
  <wpt lat="51.554975511103571" lon="4.6306091819156245">
    <name>386.7</name>
  </wpt>
  <wpt lat="51.554171096331004" lon="4.6312242449894478">
    <name>386.8</name>
  </wpt>
  <wpt lat="51.553563877382416" lon="4.63228823857728">
    <name>386.9</name>
  </wpt>
  <wpt lat="51.55284700428772" lon="4.6331484181642635">
    <name>387.0</name>
  </wpt>
  <wpt lat="51.55203071178704" lon="4.6337460477515453">
    <name>387.1</name>
  </wpt>
  <wpt lat="51.551290753051852" lon="4.6345575033394653">
    <name>387.2</name>
  </wpt>
  <wpt lat="51.550582920862453" lon="4.635449650025798">
    <name>387.3</name>
  </wpt>
  <wpt lat="51.549883553031741" lon="4.6363585928539859">
    <name>387.4</name>
  </wpt>
  <wpt lat="51.549193409970613" lon="4.6372858251851348">
    <name>387.5</name>
  </wpt>
  <wpt lat="51.548491502935654" lon="4.6381899269789777">
    <name>387.6</name>
  </wpt>
  <wpt lat="51.547746372892369" lon="4.63827463397794">
    <name>387.7</name>
  </wpt>
  <wpt lat="51.546968774251091" lon="4.6375481190191961">
    <name>387.8</name>
  </wpt>
  <wpt lat="51.546210640492561" lon="4.6367715129708476">
    <name>387.9</name>
  </wpt>
  <wpt lat="51.545569471951239" lon="4.6357644585724351">
    <name>388.0</name>
  </wpt>
  <wpt lat="51.545070361785406" lon="4.6345632698027579">
    <name>388.1</name>
  </wpt>
  <wpt lat="51.54459935680142" lon="4.6333313783933212">
    <name>388.2</name>
  </wpt>
  <wpt lat="51.544129543926395" lon="4.6320983233260975">
    <name>388.3</name>
  </wpt>
  <wpt lat="51.543655447883062" lon="4.6308695288983746">
    <name>388.4</name>
  </wpt>
  <wpt lat="51.543195736787204" lon="4.6296266992035378">
    <name>388.5</name>
  </wpt>
  <wpt lat="51.542726160768545" lon="4.6283935274215606">
    <name>388.6</name>
  </wpt>
  <wpt lat="51.542259566007736" lon="4.62715736755945">
    <name>388.7</name>
  </wpt>
  <wpt lat="51.541792971247034" lon="4.6259212203721312">
    <name>388.8</name>
  </wpt>
  <wpt lat="51.541328945203993" lon="4.6246825965345124">
    <name>388.9</name>
  </wpt>
  <wpt lat="51.540867014817842" lon="4.6234419540562408">
    <name>389.0</name>
  </wpt>
  <wpt lat="51.540397899747809" lon="4.6222083210662532">
    <name>389.1</name>
  </wpt>
  <wpt lat="51.540059366209711" lon="4.62089638904504">
    <name>389.2</name>
  </wpt>
  <wpt lat="51.539941532521638" lon="4.6194646833656687">
    <name>389.3</name>
  </wpt>
  <wpt lat="51.5397433440981" lon="4.6180545326893814">
    <name>389.4</name>
  </wpt>
  <wpt lat="51.539529532490725" lon="4.6166500743141974">
    <name>389.5</name>
  </wpt>
  <wpt lat="51.539543385471447" lon="4.61521676503142">
    <name>389.6</name>
  </wpt>
  <wpt lat="51.539687928375962" lon="4.61379026678324">
    <name>389.7</name>
  </wpt>
  <wpt lat="51.539590134915343" lon="4.612544949023933">
    <name>389.8</name>
  </wpt>
  <wpt lat="51.539514098735424" lon="4.6111042135152234">
    <name>389.9</name>
  </wpt>
  <wpt lat="51.53926966574349" lon="4.6097201899443343">
    <name>390.0</name>
  </wpt>
  <wpt lat="51.539192240440819" lon="4.6082993153893845">
    <name>390.1</name>
  </wpt>
  <wpt lat="51.5390801978942" lon="4.6068754839913186">
    <name>390.2</name>
  </wpt>
  <wpt lat="51.53879982686847" lon="4.6055042653494551">
    <name>390.3</name>
  </wpt>
  <wpt lat="51.538502883665394" lon="4.6041395261606608">
    <name>390.4</name>
  </wpt>
  <wpt lat="51.538339914673308" lon="4.6027261158995749">
    <name>390.5</name>
  </wpt>
  <wpt lat="51.538265716250677" lon="4.6012870388141094">
    <name>390.6</name>
  </wpt>
  <wpt lat="51.538188023422634" lon="4.5998501633036071">
    <name>390.7</name>
  </wpt>
  <wpt lat="51.537783418207248" lon="4.5985721326418227">
    <name>390.8</name>
  </wpt>
  <wpt lat="51.537325409422067" lon="4.5973282595652591">
    <name>390.9</name>
  </wpt>
  <wpt lat="51.537025552496836" lon="4.595969915747272">
    <name>391.0</name>
  </wpt>
  <wpt lat="51.536790634197516" lon="4.5946343658643674">
    <name>391.1</name>
  </wpt>
  <wpt lat="51.537594876187171" lon="4.594003688083486">
    <name>391.2</name>
  </wpt>
  <wpt lat="51.538484973245176" lon="4.5938025732407741">
    <name>391.3</name>
  </wpt>
  <wpt lat="51.53937743227884" lon="4.5936242919992942">
    <name>391.4</name>
  </wpt>
  <wpt lat="51.540275420264358" lon="4.5935599616725344">
    <name>391.5</name>
  </wpt>
  <wpt lat="51.5411647287747" lon="4.5933489246102237">
    <name>391.6</name>
  </wpt>
  <wpt lat="51.542024384088911" lon="4.5933149999999729">
    <name>391.7</name>
  </wpt>
  <wpt lat="51.542820727147948" lon="4.5927971363988869">
    <name>391.8</name>
  </wpt>
  <wpt lat="51.543706748630086" lon="4.5925499907934153">
    <name>391.9</name>
  </wpt>
  <wpt lat="51.544592032637418" lon="4.5922963610294838">
    <name>392.0</name>
  </wpt>
  <wpt lat="51.545471131235473" lon="4.5919916229855042">
    <name>392.1</name>
  </wpt>
  <wpt lat="51.546359783623735" lon="4.5917856433010042">
    <name>392.2</name>
  </wpt>
  <wpt lat="51.5467359724999" lon="4.5908104855253269">
    <name>392.3</name>
  </wpt>
  <wpt lat="51.5470972709277" lon="4.5894863575049545">
    <name>392.4</name>
  </wpt>
  <wpt lat="51.547701341411" lon="4.5884672571409135">
    <name>392.5</name>
  </wpt>
  <wpt lat="51.548495028168986" lon="4.5877971012769887">
    <name>392.6</name>
  </wpt>
  <wpt lat="51.549150363538175" lon="4.5871243425223263">
    <name>392.7</name>
  </wpt>
  <wpt lat="51.550001866975926" lon="4.5866668263254766">
    <name>392.8</name>
  </wpt>
  <wpt lat="51.550675558974945" lon="4.5862912192468652">
    <name>392.9</name>
  </wpt>
  <wpt lat="51.551523316631886" lon="4.5858248826693124">
    <name>393.0</name>
  </wpt>
  <wpt lat="51.552376159766389" lon="4.5853706823619333">
    <name>393.1</name>
  </wpt>
  <wpt lat="51.553211376761681" lon="4.58483541554759">
    <name>393.2</name>
  </wpt>
  <wpt lat="51.55406252588363" lon="4.5844116828755546">
    <name>393.3</name>
  </wpt>
  <wpt lat="51.554955025678424" lon="4.5844524871637953">
    <name>393.4</name>
  </wpt>
  <wpt lat="51.555688348820155" lon="4.5838322982598045">
    <name>393.5</name>
  </wpt>
  <wpt lat="51.5565310940045" lon="4.583331582001799">
    <name>393.6</name>
  </wpt>
  <wpt lat="51.557394911732466" lon="4.5829346718895492">
    <name>393.7</name>
  </wpt>
  <wpt lat="51.558233202413021" lon="4.5824245324316086">
    <name>393.8</name>
  </wpt>
  <wpt lat="51.559081749537278" lon="4.5819496253145227">
    <name>393.9</name>
  </wpt>
  <wpt lat="51.5599513493" lon="4.5815893965967147">
    <name>394.0</name>
  </wpt>
  <wpt lat="51.560838803385153" lon="4.581426943248105">
    <name>394.1</name>
  </wpt>
  <wpt lat="51.561731342245523" lon="4.5815155060939636">
    <name>394.2</name>
  </wpt>
  <wpt lat="51.56260178377088" lon="4.5818683425140634">
    <name>394.3</name>
  </wpt>
  <wpt lat="51.562766525667769" lon="4.5831640298588558">
    <name>394.4</name>
  </wpt>
  <wpt lat="51.562892088669535" lon="4.5845957304605349">
    <name>394.5</name>
  </wpt>
  <wpt lat="51.563242869347569" lon="4.5859263208623888">
    <name>394.6</name>
  </wpt>
  <wpt lat="51.563603949445941" lon="4.5872510937545234">
    <name>394.7</name>
  </wpt>
  <wpt lat="51.564127855369335" lon="4.5884204077095863">
    <name>394.8</name>
  </wpt>
  <wpt lat="51.564865910195394" lon="4.5886853937853767">
    <name>394.9</name>
  </wpt>
  <wpt lat="51.565752340580751" lon="4.5888978918148711">
    <name>395.0</name>
  </wpt>
  <wpt lat="51.566620256153548" lon="4.5892729687981175">
    <name>395.1</name>
  </wpt>
  <wpt lat="51.56750843765424" lon="4.5894989930230823">
    <name>395.2</name>
  </wpt>
  <wpt lat="51.568400312386267" lon="4.5896791823524943">
    <name>395.3</name>
  </wpt>
  <wpt lat="51.569299246001222" lon="4.58971381667243">
    <name>395.4</name>
  </wpt>
  <wpt lat="51.570197391107605" lon="4.5897748670092744">
    <name>395.5</name>
  </wpt>
  <wpt lat="51.57106841240131" lon="4.5901178471829249">
    <name>395.6</name>
  </wpt>
  <wpt lat="51.571931439652566" lon="4.5905247484123075">
    <name>395.7</name>
  </wpt>
  <wpt lat="51.572792911232682" lon="4.590940062424183">
    <name>395.8</name>
  </wpt>
  <wpt lat="51.573676057270085" lon="4.5911689999999856">
    <name>395.9</name>
  </wpt>
  <wpt lat="51.5745597664857" lon="4.5909660787791049">
    <name>396.0</name>
  </wpt>
  <wpt lat="51.5753669868168" lon="4.5903306791022667">
    <name>396.1</name>
  </wpt>
  <wpt lat="51.576236775691648" lon="4.5900414871486186">
    <name>396.2</name>
  </wpt>
  <wpt lat="51.577076903991085" lon="4.5899139754290044">
    <name>396.3</name>
  </wpt>
  <wpt lat="51.57790985281639" lon="4.5899931472588849">
    <name>396.4</name>
  </wpt>
  <wpt lat="51.57877162574362" lon="4.5896092991959749">
    <name>396.5</name>
  </wpt>
  <wpt lat="51.579551391052988" lon="4.5891272616472909">
    <name>396.6</name>
  </wpt>
  <wpt lat="51.580064580737343" lon="4.5879484303937765">
    <name>396.7</name>
  </wpt>
  <wpt lat="51.580766203974605" lon="4.5870776276186911">
    <name>396.8</name>
  </wpt>
  <wpt lat="51.581224886105723" lon="4.585837114574848">
    <name>396.9</name>
  </wpt>
  <wpt lat="51.5816871192622" lon="4.5845962784208467">
    <name>397.0</name>
  </wpt>
  <wpt lat="51.582169212847134" lon="4.5833813468242015">
    <name>397.1</name>
  </wpt>
  <wpt lat="51.582015844231194" lon="4.5822688561849967">
    <name>397.2</name>
  </wpt>
  <wpt lat="51.581389953074009" lon="4.5812298029262655">
    <name>397.3</name>
  </wpt>
  <wpt lat="51.580639602698007" lon="4.5804413626945868">
    <name>397.4</name>
  </wpt>
  <wpt lat="51.579875966172466" lon="4.5796769658208332">
    <name>397.5</name>
  </wpt>
  <wpt lat="51.579409253623254" lon="4.5786798148590391">
    <name>397.6</name>
  </wpt>
  <wpt lat="51.579467467796555" lon="4.5772402617024488">
    <name>397.7</name>
  </wpt>
  <wpt lat="51.579598130084378" lon="4.575816115680861">
    <name>397.8</name>
  </wpt>
  <wpt lat="51.579802639842526" lon="4.5744140871310854">
    <name>397.9</name>
  </wpt>
  <wpt lat="51.580110888458691" lon="4.5730546996799806">
    <name>398.0</name>
  </wpt>
  <wpt lat="51.58030692743656" lon="4.57167156306717">
    <name>398.1</name>
  </wpt>
  <wpt lat="51.580437050735817" lon="4.5702395791785229">
    <name>398.2</name>
  </wpt>
  <wpt lat="51.580302911394952" lon="4.5688140216070225">
    <name>398.3</name>
  </wpt>
  <wpt lat="51.58034232383207" lon="4.5673753693694668">
    <name>398.4</name>
  </wpt>
  <wpt lat="51.580424000029609" lon="4.5659346718375975">
    <name>398.5</name>
  </wpt>
  <wpt lat="51.579749299974715" lon="4.5654121931077558">
    <name>398.6</name>
  </wpt>
  <wpt lat="51.57885303229714" lon="4.5652933511363507">
    <name>398.7</name>
  </wpt>
  <wpt lat="51.578026212547378" lon="4.5647953593498309">
    <name>398.8</name>
  </wpt>
  <wpt lat="51.577439772537858" lon="4.5636997350482895">
    <name>398.9</name>
  </wpt>
  <wpt lat="51.576913687443728" lon="4.5625262431308462">
    <name>399.0</name>
  </wpt>
  <wpt lat="51.576263346802939" lon="4.5615384619028942">
    <name>399.1</name>
  </wpt>
  <wpt lat="51.57591552259683" lon="4.5605069138175693">
    <name>399.2</name>
  </wpt>
  <wpt lat="51.57627316980296" lon="4.5591801372928265">
    <name>399.3</name>
  </wpt>
  <wpt lat="51.576171987523942" lon="4.5577990878569921">
    <name>399.4</name>
  </wpt>
  <wpt lat="51.575837187494074" lon="4.5564560577277833">
    <name>399.5</name>
  </wpt>
  <wpt lat="51.57562909031634" lon="4.5550601942151818">
    <name>399.6</name>
  </wpt>
  <wpt lat="51.575503433037547" lon="4.5536292375773035">
    <name>399.7</name>
  </wpt>
  <wpt lat="51.575372614411165" lon="4.5521988323576341">
    <name>399.8</name>
  </wpt>
  <wpt lat="51.575264796519114" lon="4.5507636118042329">
    <name>399.9</name>
  </wpt>
  <wpt lat="51.575200980668257" lon="4.5493203006671772">
    <name>400.0</name>
  </wpt>
  <wpt lat="51.575331273829768" lon="4.5479008033360673">
    <name>400.1</name>
  </wpt>
  <wpt lat="51.575498815918749" lon="4.5464790834315147">
    <name>400.2</name>
  </wpt>
  <wpt lat="51.575360656172691" lon="4.5454466457902347">
    <name>400.3</name>
  </wpt>
  <wpt lat="51.574462366312076" lon="4.54541875904535">
    <name>400.4</name>
  </wpt>
  <wpt lat="51.573623747166437" lon="4.5453192414862471">
    <name>400.5</name>
  </wpt>
  <wpt lat="51.574205607294594" lon="4.544229159651354">
    <name>400.6</name>
  </wpt>
  <wpt lat="51.57456110419588" lon="4.54290048526541">
    <name>400.7</name>
  </wpt>
  <wpt lat="51.574918477053892" lon="4.5415730321676806">
    <name>400.8</name>
  </wpt>
  <wpt lat="51.5752995989348" lon="4.5402624301972363">
    <name>400.9</name>
  </wpt>
  <wpt lat="51.575511000643623" lon="4.5388855368679266">
    <name>401.0</name>
  </wpt>
  <wpt lat="51.57542971126415" lon="4.5374469405365829">
    <name>401.1</name>
  </wpt>
  <wpt lat="51.57559776713542" lon="4.536197423344472">
    <name>401.2</name>
  </wpt>
  <wpt lat="51.575909965913631" lon="4.5348423258036394">
    <name>401.3</name>
  </wpt>
  <wpt lat="51.576198333958367" lon="4.5334717165484193">
    <name>401.4</name>
  </wpt>
  <wpt lat="51.576540368341114" lon="4.5321428869905906">
    <name>401.5</name>
  </wpt>
  <wpt lat="51.57719484505887" lon="4.5311965377692234">
    <name>401.6</name>
  </wpt>
  <wpt lat="51.577928183847881" lon="4.53035966892835">
    <name>401.7</name>
  </wpt>
  <wpt lat="51.578666643478023" lon="4.5295337218196421">
    <name>401.8</name>
  </wpt>
  <wpt lat="51.579458700849351" lon="4.528865637657387">
    <name>401.9</name>
  </wpt>
  <wpt lat="51.580295107970606" lon="4.5283338696890114">
    <name>402.0</name>
  </wpt>
  <wpt lat="51.5811233617621" lon="4.5277827518413023">
    <name>402.1</name>
  </wpt>
  <wpt lat="51.581911740691538" lon="4.5271519348718163">
    <name>402.2</name>
  </wpt>
  <wpt lat="51.582585021364267" lon="4.5271829999999538">
    <name>402.3</name>
  </wpt>
  <wpt lat="51.583467198021594" lon="4.5270388643058279">
    <name>402.4</name>
  </wpt>
  <wpt lat="51.584314622479226" lon="4.5266357745792858">
    <name>402.5</name>
  </wpt>
  <wpt lat="51.584808700194273" lon="4.5277195917174531">
    <name>402.6</name>
  </wpt>
  <wpt lat="51.585386043421934" lon="4.5288264854169293">
    <name>402.7</name>
  </wpt>
  <wpt lat="51.585995739039589" lon="4.5298904670139182">
    <name>402.8</name>
  </wpt>
  <wpt lat="51.586622539232792" lon="4.5309279305980361">
    <name>402.9</name>
  </wpt>
  <wpt lat="51.587259991563585" lon="4.5319483180254858">
    <name>403.0</name>
  </wpt>
  <wpt lat="51.587891671675088" lon="4.5329753433491282">
    <name>403.1</name>
  </wpt>
  <wpt lat="51.588700386923243" lon="4.5330607021035894">
    <name>403.2</name>
  </wpt>
  <wpt lat="51.588790816492519" lon="4.5316358982231959">
    <name>403.3</name>
  </wpt>
  <wpt lat="51.588751387726461" lon="4.5301900159601365">
    <name>403.4</name>
  </wpt>
  <wpt lat="51.588771000140426" lon="4.5287431134165592">
    <name>403.5</name>
  </wpt>
  <wpt lat="51.588792459788444" lon="4.5272967817090644">
    <name>403.6</name>
  </wpt>
  <wpt lat="51.588784398369711" lon="4.525850990951632">
    <name>403.7</name>
  </wpt>
  <wpt lat="51.588985967871054" lon="4.5244444325298785">
    <name>403.8</name>
  </wpt>
  <wpt lat="51.589271717272865" lon="4.5230766883279845">
    <name>403.9</name>
  </wpt>
  <wpt lat="51.589605011884551" lon="4.5217450522887033">
    <name>404.0</name>
  </wpt>
  <wpt lat="51.589898283930069" lon="4.52037667017746">
    <name>404.1</name>
  </wpt>
  <wpt lat="51.590199045563082" lon="4.5190126305535507">
    <name>404.2</name>
  </wpt>
  <wpt lat="51.590234349399509" lon="4.5177480121302533">
    <name>404.3</name>
  </wpt>
  <wpt lat="51.590102751904624" lon="4.5163184902577918">
    <name>404.4</name>
  </wpt>
  <wpt lat="51.589958381959541" lon="4.51488987442582">
    <name>404.5</name>
  </wpt>
  <wpt lat="51.589808246015266" lon="4.5134626722582958">
    <name>404.6</name>
  </wpt>
  <wpt lat="51.589672429667473" lon="4.5120323681439309">
    <name>404.7</name>
  </wpt>
  <wpt lat="51.589630001605514" lon="4.510589001298519">
    <name>404.8</name>
  </wpt>
  <wpt lat="51.589630004578794" lon="4.5091414934219021">
    <name>404.9</name>
  </wpt>
  <wpt lat="51.589483403431593" lon="4.5077318053335285">
    <name>405.0</name>
  </wpt>
  <wpt lat="51.589128620901612" lon="4.5064032435344359">
    <name>405.1</name>
  </wpt>
  <wpt lat="51.588834929788447" lon="4.5050355122114984">
    <name>405.2</name>
  </wpt>
  <wpt lat="51.588480512694382" lon="4.5037054937664012">
    <name>405.3</name>
  </wpt>
  <wpt lat="51.58813233480948" lon="4.5023709098831928">
    <name>405.4</name>
  </wpt>
  <wpt lat="51.587678309195184" lon="4.501133247289502">
    <name>405.5</name>
  </wpt>
  <wpt lat="51.587171254233063" lon="4.4999381835739163">
    <name>405.6</name>
  </wpt>
  <wpt lat="51.586657425131961" lon="4.4987502991516948">
    <name>405.7</name>
  </wpt>
  <wpt lat="51.58595954437618" lon="4.497873077413721">
    <name>405.8</name>
  </wpt>
  <wpt lat="51.585212041265152" lon="4.4970784389932081">
    <name>405.9</name>
  </wpt>
  <wpt lat="51.584693224420143" lon="4.4959344601170335">
    <name>406.0</name>
  </wpt>
  <wpt lat="51.584791349427213" lon="4.494512390902897">
    <name>406.1</name>
  </wpt>
  <wpt lat="51.5850747844847" lon="4.4931394726830405">
    <name>406.2</name>
  </wpt>
  <wpt lat="51.58538115945958" lon="4.4917838451121845">
    <name>406.3</name>
  </wpt>
  <wpt lat="51.585711735717624" lon="4.4905939699959534">
    <name>406.4</name>
  </wpt>
  <wpt lat="51.585841611332569" lon="4.4893450273908408">
    <name>406.5</name>
  </wpt>
  <wpt lat="51.5858660110538" lon="4.4879094522222847">
    <name>406.6</name>
  </wpt>
  <wpt lat="51.585559501094245" lon="4.4865545077081661">
    <name>406.7</name>
  </wpt>
  <wpt lat="51.585198155189566" lon="4.485229115353798">
    <name>406.8</name>
  </wpt>
  <wpt lat="51.5848382694503" lon="4.4839026975042264">
    <name>406.9</name>
  </wpt>
  <wpt lat="51.584478736110142" lon="4.4825760426932559">
    <name>407.0</name>
  </wpt>
  <wpt lat="51.584116812627961" lon="4.4812511207755961">
    <name>407.1</name>
  </wpt>
  <wpt lat="51.583830244281096" lon="4.4798830021844527">
    <name>407.2</name>
  </wpt>
  <wpt lat="51.583660009981436" lon="4.4784625932680004">
    <name>407.3</name>
  </wpt>
  <wpt lat="51.583579000000796" lon="4.4770341878212232">
    <name>407.4</name>
  </wpt>
  <wpt lat="51.583496620557561" lon="4.4756168923609447">
    <name>407.5</name>
  </wpt>
  <wpt lat="51.583513898176641" lon="4.4741698467254842">
    <name>407.6</name>
  </wpt>
  <wpt lat="51.583529855740721" lon="4.4727227612998091">
    <name>407.7</name>
  </wpt>
  <wpt lat="51.5835578941945" lon="4.4712763020041342">
    <name>407.8</name>
  </wpt>
  <wpt lat="51.583600000291788" lon="4.46983245955323">
    <name>407.9</name>
  </wpt>
  <wpt lat="51.583557000001846" lon="4.4684022369962264">
    <name>408.0</name>
  </wpt>
  <wpt lat="51.5836244093213" lon="4.4669917333760765">
    <name>408.1</name>
  </wpt>
  <wpt lat="51.583487840744581" lon="4.4655614790225844">
    <name>408.2</name>
  </wpt>
  <wpt lat="51.583464353977995" lon="4.4643559304460529">
    <name>408.3</name>
  </wpt>
  <wpt lat="51.584323341286805" lon="4.4640251538663192">
    <name>408.4</name>
  </wpt>
  <wpt lat="51.585213457622821" lon="4.4638190157514188">
    <name>408.5</name>
  </wpt>
  <wpt lat="51.585592692164056" lon="4.4629794399951113">
    <name>408.6</name>
  </wpt>
  <wpt lat="51.586102171080462" lon="4.4622715602576841">
    <name>408.7</name>
  </wpt>
  <wpt lat="51.586987694449469" lon="4.4620193143776232">
    <name>408.8</name>
  </wpt>
  <wpt lat="51.587486982476577" lon="4.4613258253754662">
    <name>408.9</name>
  </wpt>
  <wpt lat="51.58788752423073" lon="4.46049700752487">
    <name>409.0</name>
  </wpt>
  <wpt lat="51.587404128172942" lon="4.4598349359263381">
    <name>409.1</name>
  </wpt>
  <wpt lat="51.587130313847275" lon="4.4586070523794517">
    <name>409.2</name>
  </wpt>
  <wpt lat="51.586862000025988" lon="4.457276029213924">
    <name>409.3</name>
  </wpt>
  <wpt lat="51.586722602989134" lon="4.4558914894745305">
    <name>409.4</name>
  </wpt>
  <wpt lat="51.586337639064674" lon="4.4545937199456729">
    <name>409.5</name>
  </wpt>
  <wpt lat="51.585641653564281" lon="4.4537345871747025">
    <name>409.6</name>
  </wpt>
  <wpt lat="51.584971394537163" lon="4.4533333697120545">
    <name>409.7</name>
  </wpt>
  <wpt lat="51.584259918304355" lon="4.4542151919822279">
    <name>409.8</name>
  </wpt>
  <wpt lat="51.583393496972491" lon="4.4545486153106655">
    <name>409.9</name>
  </wpt>
  <wpt lat="51.582525562707374" lon="4.4546021093547026">
    <name>410.0</name>
  </wpt>
  <wpt lat="51.581915488822524" lon="4.455343138725679">
    <name>410.1</name>
  </wpt>
  <wpt lat="51.581317910267806" lon="4.4558999681346068">
    <name>410.2</name>
  </wpt>
  <wpt lat="51.581410612837232" lon="4.4573391927380666">
    <name>410.3</name>
  </wpt>
  <wpt lat="51.581612232244574" lon="4.4587383271418544">
    <name>410.4</name>
  </wpt>
  <wpt lat="51.581707140250074" lon="4.4600566901553744">
    <name>410.5</name>
  </wpt>
  <wpt lat="51.580824031728511" lon="4.4602730910162416">
    <name>410.6</name>
  </wpt>
  <wpt lat="51.579985970213855" lon="4.460797413706298">
    <name>410.7</name>
  </wpt>
  <wpt lat="51.579156349972934" lon="4.4613538930437349">
    <name>410.8</name>
  </wpt>
  <wpt lat="51.578356577426995" lon="4.4619503488319943">
    <name>410.9</name>
  </wpt>
  <wpt lat="51.577497877141205" lon="4.4623732494170847">
    <name>411.0</name>
  </wpt>
  <wpt lat="51.576664371147778" lon="4.46290079422816">
    <name>411.1</name>
  </wpt>
  <wpt lat="51.575957399986493" lon="4.463788097686634">
    <name>411.2</name>
  </wpt>
  <wpt lat="51.575185193863689" lon="4.4645001230909367">
    <name>411.3</name>
  </wpt>
  <wpt lat="51.574492436206455" lon="4.46540480303858">
    <name>411.4</name>
  </wpt>
  <wpt lat="51.573890199127192" lon="4.4664630197525783">
    <name>411.5</name>
  </wpt>
  <wpt lat="51.573167853075518" lon="4.4672548326757893">
    <name>411.6</name>
  </wpt>
  <wpt lat="51.572370943395292" lon="4.4679114978156216">
    <name>411.7</name>
  </wpt>
  <wpt lat="51.5715164112247" lon="4.4683624405229683">
    <name>411.8</name>
  </wpt>
  <wpt lat="51.5706694252913" lon="4.4688483701133634">
    <name>411.9</name>
  </wpt>
  <wpt lat="51.569825103764749" lon="4.4693446736639011">
    <name>412.0</name>
  </wpt>
  <wpt lat="51.5690085667775" lon="4.4699364608981265">
    <name>412.1</name>
  </wpt>
  <wpt lat="51.568165093571523" lon="4.4704381137632287">
    <name>412.2</name>
  </wpt>
  <wpt lat="51.567319545354643" lon="4.4709304048947276">
    <name>412.3</name>
  </wpt>
  <wpt lat="51.566465795158443" lon="4.4713766074987911">
    <name>412.4</name>
  </wpt>
  <wpt lat="51.5658208511738" lon="4.4710263905861733">
    <name>412.5</name>
  </wpt>
  <wpt lat="51.564976517028974" lon="4.4715244814544519">
    <name>412.6</name>
  </wpt>
  <wpt lat="51.56413135117019" lon="4.4720188526020488">
    <name>412.7</name>
  </wpt>
  <wpt lat="51.563288598800732" lon="4.4725232410738354">
    <name>412.8</name>
  </wpt>
  <wpt lat="51.562444898438748" lon="4.47302388172624">
    <name>412.9</name>
  </wpt>
  <wpt lat="51.561599649987215" lon="4.4733946457734231">
    <name>413.0</name>
  </wpt>
  <wpt lat="51.561452635421681" lon="4.47460565999893">
    <name>413.1</name>
  </wpt>
  <wpt lat="51.560790794278581" lon="4.4755710897203889">
    <name>413.2</name>
  </wpt>
  <wpt lat="51.5603761827103" lon="4.4768478882318288">
    <name>413.3</name>
  </wpt>
  <wpt lat="51.560105185387627" lon="4.4782136292285815">
    <name>413.4</name>
  </wpt>
  <wpt lat="51.559307217829151" lon="4.47782538082247">
    <name>413.5</name>
  </wpt>
  <wpt lat="51.558521175805808" lon="4.4771225754708324">
    <name>413.6</name>
  </wpt>
  <wpt lat="51.557735133782536" lon="4.4764197822657588">
    <name>413.7</name>
  </wpt>
  <wpt lat="51.556949091759328" lon="4.4757170012066387">
    <name>413.8</name>
  </wpt>
  <wpt lat="51.556171539777495" lon="4.4749902764772349">
    <name>413.9</name>
  </wpt>
  <wpt lat="51.555984000006333" lon="4.4737484424064418">
    <name>414.0</name>
  </wpt>
  <wpt lat="51.555175224870744" lon="4.4736216774791329">
    <name>414.1</name>
  </wpt>
  <wpt lat="51.554289127802861" lon="4.4736885418046954">
    <name>414.2</name>
  </wpt>
  <wpt lat="51.55339363602927" lon="4.4735564375490515">
    <name>414.3</name>
  </wpt>
  <wpt lat="51.552499568646013" lon="4.4734140585896744">
    <name>414.4</name>
  </wpt>
  <wpt lat="51.55160487924892" lon="4.4732931370915194">
    <name>414.5</name>
  </wpt>
  <wpt lat="51.550717124248528" lon="4.4730645534777649">
    <name>414.6</name>
  </wpt>
  <wpt lat="51.549830527679049" lon="4.4728223504803228">
    <name>414.7</name>
  </wpt>
  <wpt lat="51.548951412973452" lon="4.4729824867694026">
    <name>414.8</name>
  </wpt>
  <wpt lat="51.548116807994646" lon="4.4735113399684634">
    <name>414.9</name>
  </wpt>
  <wpt lat="51.547245516560828" lon="4.4738085749730123">
    <name>415.0</name>
  </wpt>
  <wpt lat="51.546414302177887" lon="4.4743367457286487">
    <name>415.1</name>
  </wpt>
  <wpt lat="51.545560167702732" lon="4.4747763059454746">
    <name>415.2</name>
  </wpt>
  <wpt lat="51.544676693733336" lon="4.4745903459746916">
    <name>415.3</name>
  </wpt>
  <wpt lat="51.543903000001656" lon="4.4743492094474622">
    <name>415.4</name>
  </wpt>
  <wpt lat="51.543618644403359" lon="4.4756734113592955">
    <name>415.5</name>
  </wpt>
  <wpt lat="51.5429715882405" lon="4.4762763139557169">
    <name>415.6</name>
  </wpt>
  <wpt lat="51.5420723588405" lon="4.47629119776103">
    <name>415.7</name>
  </wpt>
  <wpt lat="51.54117332510927" lon="4.476325933466768">
    <name>415.8</name>
  </wpt>
  <wpt lat="51.540274074223873" lon="4.47633423585796">
    <name>415.9</name>
  </wpt>
  <wpt lat="51.539380706898257" lon="4.4764534800291811">
    <name>416.0</name>
  </wpt>
  <wpt lat="51.538494862684153" lon="4.476500000000029">
    <name>416.1</name>
  </wpt>
  <wpt lat="51.5376054543491" lon="4.47654071267079">
    <name>416.2</name>
  </wpt>
  <wpt lat="51.536754513443967" lon="4.4765209999999849">
    <name>416.3</name>
  </wpt>
  <wpt lat="51.53586121231713" lon="4.4764564067089347">
    <name>416.4</name>
  </wpt>
  <wpt lat="51.534969637414292" lon="4.4762741132389428">
    <name>416.5</name>
  </wpt>
  <wpt lat="51.53408333226961" lon="4.4760290255746868">
    <name>416.6</name>
  </wpt>
  <wpt lat="51.533223408957596" lon="4.4757634362165764">
    <name>416.7</name>
  </wpt>
  <wpt lat="51.532340136037611" lon="4.4754915363314236">
    <name>416.8</name>
  </wpt>
  <wpt lat="51.531815763060166" lon="4.4763049598844491">
    <name>416.9</name>
  </wpt>
  <wpt lat="51.531407879798053" lon="4.4775933724575587">
    <name>417.0</name>
  </wpt>
  <wpt lat="51.53098409926551" lon="4.47886591901114">
    <name>417.1</name>
  </wpt>
  <wpt lat="51.53060000002133" lon="4.4801615938594574">
    <name>417.2</name>
  </wpt>
  <wpt lat="51.529892277305855" lon="4.4809458421653572">
    <name>417.3</name>
  </wpt>
  <wpt lat="51.529128359210958" lon="4.4816956711496934">
    <name>417.4</name>
  </wpt>
  <wpt lat="51.52834452413709" lon="4.4824043546993924">
    <name>417.5</name>
  </wpt>
  <wpt lat="51.527557124501762" lon="4.4831012747085772">
    <name>417.6</name>
  </wpt>
  <wpt lat="51.526712531058408" lon="4.4835380000000216">
    <name>417.7</name>
  </wpt>
  <wpt lat="51.525821775556217" lon="4.4833710919496292">
    <name>417.8</name>
  </wpt>
  <wpt lat="51.524929845248259" lon="4.4831869239196385">
    <name>417.9</name>
  </wpt>
  <wpt lat="51.524051089610225" lon="4.4829117003593222">
    <name>418.0</name>
  </wpt>
  <wpt lat="51.523655626675236" lon="4.4816708575733806">
    <name>418.1</name>
  </wpt>
  <wpt lat="51.523392443174082" lon="4.4802887328297674">
    <name>418.2</name>
  </wpt>
  <wpt lat="51.522928431792813" lon="4.4799825676004721">
    <name>418.3</name>
  </wpt>
  <wpt lat="51.522245238666976" lon="4.480908489097815">
    <name>418.4</name>
  </wpt>
  <wpt lat="51.521597117499915" lon="4.4819105102112458">
    <name>418.5</name>
  </wpt>
  <wpt lat="51.520950685571115" lon="4.4824006947843333">
    <name>418.6</name>
  </wpt>
  <wpt lat="51.520580235114643" lon="4.4811132747657529">
    <name>418.7</name>
  </wpt>
  <wpt lat="51.520329395199" lon="4.479725537399478">
    <name>418.8</name>
  </wpt>
  <wpt lat="51.519729672777586" lon="4.4793369781141461">
    <name>418.9</name>
  </wpt>
  <wpt lat="51.518867074139905" lon="4.4797457304898618">
    <name>419.0</name>
  </wpt>
  <wpt lat="51.518005324224532" lon="4.4801588562743158">
    <name>419.1</name>
  </wpt>
  <wpt lat="51.517146187030782" lon="4.4804481870058943">
    <name>419.2</name>
  </wpt>
  <wpt lat="51.516878602115646" lon="4.4790798174798772">
    <name>419.3</name>
  </wpt>
  <wpt lat="51.516637065520278" lon="4.4776888952174891">
    <name>419.4</name>
  </wpt>
  <wpt lat="51.51638004001245" lon="4.4763044225790471">
    <name>419.5</name>
  </wpt>
  <wpt lat="51.51612730166822" lon="4.4749185657688049">
    <name>419.6</name>
  </wpt>
  <wpt lat="51.516641666607633" lon="4.4741957354261723">
    <name>419.7</name>
  </wpt>
  <wpt lat="51.517510936379196" lon="4.4738256129668912">
    <name>419.8</name>
  </wpt>
  <wpt lat="51.51838051719308" lon="4.4734570230865343">
    <name>419.9</name>
  </wpt>
  <wpt lat="51.519175561002719" lon="4.4729460050334922">
    <name>420.0</name>
  </wpt>
  <wpt lat="51.520024842682382" lon="4.4724886466695049">
    <name>420.1</name>
  </wpt>
  <wpt lat="51.520886204167567" lon="4.4720734165663609">
    <name>420.2</name>
  </wpt>
  <wpt lat="51.521351709647242" lon="4.4727471454829208">
    <name>420.3</name>
  </wpt>
  <wpt lat="51.522218533089756" lon="4.4723887297141562">
    <name>420.4</name>
  </wpt>
  <wpt lat="51.5230004943227" lon="4.471691490653404">
    <name>420.5</name>
  </wpt>
  <wpt lat="51.523860112453782" lon="4.47127151805754">
    <name>420.6</name>
  </wpt>
  <wpt lat="51.524725600583658" lon="4.4708857001407338">
    <name>420.7</name>
  </wpt>
  <wpt lat="51.52501158888434" lon="4.46989897183485">
    <name>420.8</name>
  </wpt>
  <wpt lat="51.524756257014992" lon="4.4685162504264042">
    <name>420.9</name>
  </wpt>
  <wpt lat="51.52462879595825" lon="4.4670856143484388">
    <name>421.0</name>
  </wpt>
  <wpt lat="51.524678505384252" lon="4.4658436863871618">
    <name>421.1</name>
  </wpt>
  <wpt lat="51.525539889814034" lon="4.4657655775805871">
    <name>421.2</name>
  </wpt>
  <wpt lat="51.526428345102346" lon="4.46579200000003">
    <name>421.3</name>
  </wpt>
  <wpt lat="51.52730250513337" lon="4.4656022625844987">
    <name>421.4</name>
  </wpt>
  <wpt lat="51.528178787012877" lon="4.465277155402414">
    <name>421.5</name>
  </wpt>
  <wpt lat="51.529024938172448" lon="4.464838732297701">
    <name>421.6</name>
  </wpt>
  <wpt lat="51.529848337541651" lon="4.465233337540953">
    <name>421.7</name>
  </wpt>
  <wpt lat="51.530178730494924" lon="4.4641125261233885">
    <name>421.8</name>
  </wpt>
  <wpt lat="51.53056052421686" lon="4.462803688330089">
    <name>421.9</name>
  </wpt>
  <wpt lat="51.530925477322732" lon="4.4614844509917564">
    <name>422.0</name>
  </wpt>
  <wpt lat="51.531330216099171" lon="4.4601954242427491">
    <name>422.1</name>
  </wpt>
  <wpt lat="51.53188930645161" lon="4.4591573871040664">
    <name>422.2</name>
  </wpt>
  <wpt lat="51.532417404946912" lon="4.4579882747171906">
    <name>422.3</name>
  </wpt>
  <wpt lat="51.532997579849372" lon="4.4568924201786038">
    <name>422.4</name>
  </wpt>
  <wpt lat="51.533009953507182" lon="4.4555665832544449">
    <name>422.5</name>
  </wpt>
  <wpt lat="51.533108038574561" lon="4.454134668982288">
    <name>422.6</name>
  </wpt>
  <wpt lat="51.533511361277654" lon="4.4528537785501561">
    <name>422.7</name>
  </wpt>
  <wpt lat="51.533779890083935" lon="4.4519852119665808">
    <name>422.8</name>
  </wpt>
  <wpt lat="51.532929342938914" lon="4.451515872893399">
    <name>422.9</name>
  </wpt>
  <wpt lat="51.532075554841626" lon="4.451063286042328">
    <name>423.0</name>
  </wpt>
  <wpt lat="51.531221398644909" lon="4.4506116498519264">
    <name>423.1</name>
  </wpt>
  <wpt lat="51.530364085102562" lon="4.4501750509654965">
    <name>423.2</name>
  </wpt>
  <wpt lat="51.530135690998719" lon="4.4490338856378129">
    <name>423.3</name>
  </wpt>
  <wpt lat="51.530205817394815" lon="4.4475926783115769">
    <name>423.4</name>
  </wpt>
  <wpt lat="51.5297364759013" lon="4.4468980941775751">
    <name>423.5</name>
  </wpt>
  <wpt lat="51.528839449041882" lon="4.4468089322886435">
    <name>423.6</name>
  </wpt>
  <wpt lat="51.527965243380471" lon="4.4466821342691132">
    <name>423.7</name>
  </wpt>
  <wpt lat="51.527585750285994" lon="4.4457209590299058">
    <name>423.8</name>
  </wpt>
  <wpt lat="51.527523685122006" lon="4.4443106132612442">
    <name>423.9</name>
  </wpt>
  <wpt lat="51.527428061651847" lon="4.4428732775842228">
    <name>424.0</name>
  </wpt>
  <wpt lat="51.527312098487059" lon="4.44144046605408">
    <name>424.1</name>
  </wpt>
  <wpt lat="51.527124910948885" lon="4.4400272110799879">
    <name>424.2</name>
  </wpt>
  <wpt lat="51.526944425049493" lon="4.4386111037584035">
    <name>424.3</name>
  </wpt>
  <wpt lat="51.526707598252848" lon="4.437249991507354">
    <name>424.4</name>
  </wpt>
  <wpt lat="51.525895757017331" lon="4.4376868696895375">
    <name>424.5</name>
  </wpt>
  <wpt lat="51.525012949085188" lon="4.43791202554033">
    <name>424.6</name>
  </wpt>
  <wpt lat="51.52414820699839" lon="4.4382553078396025">
    <name>424.7</name>
  </wpt>
  <wpt lat="51.523273006701189" lon="4.4385860849683256">
    <name>424.8</name>
  </wpt>
  <wpt lat="51.52239624923201" lon="4.4388300879415059">
    <name>424.9</name>
  </wpt>
  <wpt lat="51.521523258302096" lon="4.4391259459903987">
    <name>425.0</name>
  </wpt>
  <wpt lat="51.520722864476269" lon="4.439141682170626">
    <name>425.1</name>
  </wpt>
  <wpt lat="51.520183334477679" lon="4.4379853598124113">
    <name>425.2</name>
  </wpt>
  <wpt lat="51.519721243705241" lon="4.4367553910082806">
    <name>425.3</name>
  </wpt>
  <wpt lat="51.519285568401038" lon="4.4354926971864561">
    <name>425.4</name>
  </wpt>
  <wpt lat="51.518868022467444" lon="4.4342126506435191">
    <name>425.5</name>
  </wpt>
  <wpt lat="51.518446324384236" lon="4.4329368876839421">
    <name>425.6</name>
  </wpt>
  <wpt lat="51.518097761633776" lon="4.4316050224981645">
    <name>425.7</name>
  </wpt>
  <wpt lat="51.517740115657084" lon="4.4303192235020488">
    <name>425.8</name>
  </wpt>
  <wpt lat="51.517234982664938" lon="4.4293646085366047">
    <name>425.9</name>
  </wpt>
  <wpt lat="51.516716536022919" lon="4.4281989158489425">
    <name>426.0</name>
  </wpt>
  <wpt lat="51.5159569589625" lon="4.4274369430202327">
    <name>426.1</name>
  </wpt>
  <wpt lat="51.51507723145496" lon="4.4271751923770752">
    <name>426.2</name>
  </wpt>
  <wpt lat="51.514298087352408" lon="4.4273557850685039">
    <name>426.3</name>
  </wpt>
  <wpt lat="51.513566864889448" lon="4.427126888284409">
    <name>426.4</name>
  </wpt>
  <wpt lat="51.512924238964708" lon="4.426131550643146">
    <name>426.5</name>
  </wpt>
  <wpt lat="51.512236482960276" lon="4.425200630826871">
    <name>426.6</name>
  </wpt>
  <wpt lat="51.511583780147951" lon="4.4242068795210967">
    <name>426.7</name>
  </wpt>
  <wpt lat="51.510865062583512" lon="4.4233480070475357">
    <name>426.8</name>
  </wpt>
  <wpt lat="51.510176051484329" lon="4.422426735147714">
    <name>426.9</name>
  </wpt>
  <wpt lat="51.509513770047427" lon="4.4214492617184646">
    <name>427.0</name>
  </wpt>
  <wpt lat="51.508989347516476" lon="4.4202826491542391">
    <name>427.1</name>
  </wpt>
  <wpt lat="51.508552278464229" lon="4.4190202066096695">
    <name>427.2</name>
  </wpt>
  <wpt lat="51.50812286435476" lon="4.4177506403083919">
    <name>427.3</name>
  </wpt>
  <wpt lat="51.507609039360553" lon="4.4165825147043307">
    <name>427.4</name>
  </wpt>
  <wpt lat="51.506862971711989" lon="4.4157793783720738">
    <name>427.5</name>
  </wpt>
  <wpt lat="51.50618899998139" lon="4.4148286249185764">
    <name>427.6</name>
  </wpt>
  <wpt lat="51.505543843856216" lon="4.4138220283396876">
    <name>427.7</name>
  </wpt>
  <wpt lat="51.504868872051766" lon="4.4128682639011787">
    <name>427.8</name>
  </wpt>
  <wpt lat="51.504223992321251" lon="4.4118621173158168">
    <name>427.9</name>
  </wpt>
  <wpt lat="51.50358663955727" lon="4.4108432789175271">
    <name>428.0</name>
  </wpt>
  <wpt lat="51.503041745384365" lon="4.4097113231912575">
    <name>428.1</name>
  </wpt>
  <wpt lat="51.502232513230958" lon="4.4090887279335371">
    <name>428.2</name>
  </wpt>
  <wpt lat="51.501840301920851" lon="4.4078802209239178">
    <name>428.3</name>
  </wpt>
  <wpt lat="51.501719424341353" lon="4.406448614707565">
    <name>428.4</name>
  </wpt>
  <wpt lat="51.501591819497484" lon="4.4050189172385625">
    <name>428.5</name>
  </wpt>
  <wpt lat="51.501279492202926" lon="4.4036726369598611">
    <name>428.6</name>
  </wpt>
  <wpt lat="51.5008279471563" lon="4.4024235349050445">
    <name>428.7</name>
  </wpt>
  <wpt lat="51.500370677465945" lon="4.4011795437410495">
    <name>428.8</name>
  </wpt>
  <wpt lat="51.499916771659244" lon="4.3999324049121586">
    <name>428.9</name>
  </wpt>
  <wpt lat="51.499379472386693" lon="4.3990764422680275">
    <name>429.0</name>
  </wpt>
  <wpt lat="51.498481831902552" lon="4.39908721061573">
    <name>429.1</name>
  </wpt>
  <wpt lat="51.497590440826166" lon="4.3989108117888449">
    <name>429.2</name>
  </wpt>
  <wpt lat="51.496833544905989" lon="4.3987582396048284">
    <name>429.3</name>
  </wpt>
  <wpt lat="51.495936985474572" lon="4.3986571922410596">
    <name>429.4</name>
  </wpt>
  <wpt lat="51.495043094786034" lon="4.3985210855292989">
    <name>429.5</name>
  </wpt>
  <wpt lat="51.49415150830206" lon="4.39836116655719">
    <name>429.6</name>
  </wpt>
  <wpt lat="51.493255573972348" lon="4.3982359162121574">
    <name>429.7</name>
  </wpt>
  <wpt lat="51.492359639642636" lon="4.3981106683287221">
    <name>429.8</name>
  </wpt>
  <wpt lat="51.491462597259854" lon="4.3980253458287164">
    <name>429.9</name>
  </wpt>
  <wpt lat="51.490570008689694" lon="4.3978790000000165">
    <name>430.0</name>
  </wpt>
  <wpt lat="51.48967964932865" lon="4.3980577166169912">
    <name>430.1</name>
  </wpt>
  <wpt lat="51.488792735117741" lon="4.3982961798173772">
    <name>430.2</name>
  </wpt>
  <wpt lat="51.487904056657776" lon="4.3985155934663513">
    <name>430.3</name>
  </wpt>
  <wpt lat="51.487019468065576" lon="4.3987474843989753">
    <name>430.4</name>
  </wpt>
  <wpt lat="51.486451239362204" lon="4.3989939999999725">
    <name>430.5</name>
  </wpt>
  <wpt lat="51.485565252557087" lon="4.3987493123486328">
    <name>430.6</name>
  </wpt>
  <wpt lat="51.484677218645977" lon="4.3985212578226429">
    <name>430.7</name>
  </wpt>
  <wpt lat="51.483789490346787" lon="4.3982901193520574">
    <name>430.8</name>
  </wpt>
  <wpt lat="51.482901445765521" lon="4.3980621425201489">
    <name>430.9</name>
  </wpt>
  <wpt lat="51.48201338651576" lon="4.3978343324151545">
    <name>431.0</name>
  </wpt>
  <wpt lat="51.481126986438653" lon="4.3975963532750395">
    <name>431.1</name>
  </wpt>
  <wpt lat="51.4802427527993" lon="4.3978055499110633">
    <name>431.2</name>
  </wpt>
  <wpt lat="51.479348526903792" lon="4.3977787803391157">
    <name>431.3</name>
  </wpt>
  <wpt lat="51.478451693811174" lon="4.3976714329970585">
    <name>431.4</name>
  </wpt>
  <wpt lat="51.477554860718548" lon="4.3975640877657707">
    <name>431.5</name>
  </wpt>
  <wpt lat="51.476658027625923" lon="4.397456744645047">
    <name>431.6</name>
  </wpt>
  <wpt lat="51.475761183606757" lon="4.3973496406225481">
    <name>431.7</name>
  </wpt>
  <wpt lat="51.474864276047626" lon="4.397243917738769">
    <name>431.8</name>
  </wpt>
  <wpt lat="51.473967441568981" lon="4.3971367031155086">
    <name>431.9</name>
  </wpt>
  <wpt lat="51.473071250312664" lon="4.3970163412542185">
    <name>432.0</name>
  </wpt>
  <wpt lat="51.472175059056362" lon="4.3968959817573277">
    <name>432.1</name>
  </wpt>
  <wpt lat="51.471278320027778" lon="4.3967891652605342">
    <name>432.2</name>
  </wpt>
  <wpt lat="51.470381339457077" lon="4.3966886958874154">
    <name>432.3</name>
  </wpt>
  <wpt lat="51.469485083005253" lon="4.3965696100515341">
    <name>432.4</name>
  </wpt>
  <wpt lat="51.468588863446762" lon="4.3964498043618825">
    <name>432.5</name>
  </wpt>
  <wpt lat="51.4676927955948" lon="4.3963286168110915">
    <name>432.6</name>
  </wpt>
  <wpt lat="51.466799338989787" lon="4.3961640145406093">
    <name>432.7</name>
  </wpt>
  <wpt lat="51.465903218025332" lon="4.39604948918555">
    <name>432.8</name>
  </wpt>
  <wpt lat="51.465005313069433" lon="4.395968494944146">
    <name>432.9</name>
  </wpt>
  <wpt lat="51.464107642707553" lon="4.3958811565253288">
    <name>433.0</name>
  </wpt>
  <wpt lat="51.463210529658475" lon="4.3957800534511673">
    <name>433.1</name>
  </wpt>
  <wpt lat="51.462314801393184" lon="4.395653387947692">
    <name>433.2</name>
  </wpt>
  <wpt lat="51.46142339841149" lon="4.3954658488146148">
    <name>433.3</name>
  </wpt>
  <wpt lat="51.461013331906223" lon="4.39447087463167">
    <name>433.4</name>
  </wpt>
  <wpt lat="51.460446498690274" lon="4.393352602825952">
    <name>433.5</name>
  </wpt>
  <wpt lat="51.45985900871306" lon="4.3922597570115887">
    <name>433.6</name>
  </wpt>
  <wpt lat="51.459272437157267" lon="4.3911656548111555">
    <name>433.7</name>
  </wpt>
  <wpt lat="51.458522869543046" lon="4.3904059958438131">
    <name>433.8</name>
  </wpt>
  <wpt lat="51.457713716262276" lon="4.3897760794167828">
    <name>433.9</name>
  </wpt>
  <wpt lat="51.456904562981556" lon="4.3891461741562985">
    <name>434.0</name>
  </wpt>
  <wpt lat="51.456095409700886" lon="4.388516280061749">
    <name>434.1</name>
  </wpt>
  <wpt lat="51.45528075819157" lon="4.3879049285816549">
    <name>434.2</name>
  </wpt>
  <wpt lat="51.454465991506282" lon="4.3872939769951946">
    <name>434.3</name>
  </wpt>
  <wpt lat="51.453664259428393" lon="4.3866401783445692">
    <name>434.4</name>
  </wpt>
  <wpt lat="51.452860418066585" lon="4.385993418010572">
    <name>434.5</name>
  </wpt>
  <wpt lat="51.452366563181151" lon="4.3848429421636457">
    <name>434.6</name>
  </wpt>
  <wpt lat="51.452564161541616" lon="4.383443099814694">
    <name>434.7</name>
  </wpt>
  <wpt lat="51.452446129966006" lon="4.382371301833488">
    <name>434.8</name>
  </wpt>
  <wpt lat="51.451588468751119" lon="4.3819371526211635">
    <name>434.9</name>
  </wpt>
  <wpt lat="51.450734551407919" lon="4.3814851241493908">
    <name>435.0</name>
  </wpt>
  <wpt lat="51.450095609661908" lon="4.3808171901378143">
    <name>435.1</name>
  </wpt>
  <wpt lat="51.44923454583202" lon="4.3804007668995038">
    <name>435.2</name>
  </wpt>
  <wpt lat="51.448377179521643" lon="4.3799679259487565">
    <name>435.3</name>
  </wpt>
  <wpt lat="51.447532482327148" lon="4.3795302715042146">
    <name>435.4</name>
  </wpt>
  <wpt lat="51.446670582493518" lon="4.3791210686181445">
    <name>435.5</name>
  </wpt>
  <wpt lat="51.445788706759181" lon="4.378839582956231">
    <name>435.6</name>
  </wpt>
  <wpt lat="51.444902598553533" lon="4.3785931443086774">
    <name>435.7</name>
  </wpt>
  <wpt lat="51.444016490347884" lon="4.3783467104430507">
    <name>435.8</name>
  </wpt>
  <wpt lat="51.44313038214225" lon="4.3781002813590435">
    <name>435.9</name>
  </wpt>
  <wpt lat="51.442244273936623" lon="4.3778538570564534">
    <name>436.0</name>
  </wpt>
  <wpt lat="51.441356329787858" lon="4.3776252045883206">
    <name>436.1</name>
  </wpt>
  <wpt lat="51.440466393883874" lon="4.3774356328291049">
    <name>436.2</name>
  </wpt>
  <wpt lat="51.439594876174354" lon="4.3771027283198718">
    <name>436.3</name>
  </wpt>
  <wpt lat="51.43874469918201" lon="4.376638247637195">
    <name>436.4</name>
  </wpt>
  <wpt lat="51.437971412249141" lon="4.3759289300022424">
    <name>436.5</name>
  </wpt>
  <wpt lat="51.437306424520834" lon="4.3749716440225486">
    <name>436.6</name>
  </wpt>
  <wpt lat="51.436757788336962" lon="4.3739305172248564">
    <name>436.7</name>
  </wpt>
  <wpt lat="51.435904045532261" lon="4.3742774646312785">
    <name>436.8</name>
  </wpt>
  <wpt lat="51.435094790113538" lon="4.3749054305429986">
    <name>436.9</name>
  </wpt>
  <wpt lat="51.434276034779018" lon="4.37550202452295">
    <name>437.0</name>
  </wpt>
  <wpt lat="51.433547657788282" lon="4.3762437115355377">
    <name>437.1</name>
  </wpt>
  <wpt lat="51.432772926033152" lon="4.3768699441227152">
    <name>437.2</name>
  </wpt>
  <wpt lat="51.431882777383485" lon="4.37667259165564">
    <name>437.3</name>
  </wpt>
  <wpt lat="51.431068215888757" lon="4.3770409417746912">
    <name>437.4</name>
  </wpt>
  <wpt lat="51.430404135405588" lon="4.3762755963011655">
    <name>437.5</name>
  </wpt>
  <wpt lat="51.429930099397247" lon="4.3750499235906108">
    <name>437.6</name>
  </wpt>
  <wpt lat="51.429468363563842" lon="4.3738122057937883">
    <name>437.7</name>
  </wpt>
  <wpt lat="51.428999441693442" lon="4.3725813876947406">
    <name>437.8</name>
  </wpt>
  <wpt lat="51.428532046931224" lon="4.3713490886756956">
    <name>437.9</name>
  </wpt>
  <wpt lat="51.428066219429368" lon="4.3701152746585095">
    <name>438.0</name>
  </wpt>
  <wpt lat="51.427596220354729" lon="4.3688855628541887">
    <name>438.1</name>
  </wpt>
  <wpt lat="51.427205743596161" lon="4.3676042443866718">
    <name>438.2</name>
  </wpt>
  <wpt lat="51.426645883268954" lon="4.3670280338358474">
    <name>438.3</name>
  </wpt>
  <wpt lat="51.425901995076487" lon="4.3662229944950806">
    <name>438.4</name>
  </wpt>
  <wpt lat="51.425107605225804" lon="4.3655491239750353">
    <name>438.5</name>
  </wpt>
  <wpt lat="51.424283605129723" lon="4.3649721747663905">
    <name>438.6</name>
  </wpt>
  <wpt lat="51.423492713809622" lon="4.3642944333210751">
    <name>438.7</name>
  </wpt>
  <wpt lat="51.422877936011943" lon="4.3633080802089941">
    <name>438.8</name>
  </wpt>
  <wpt lat="51.42222836687894" lon="4.362310806979858">
    <name>438.9</name>
  </wpt>
  <wpt lat="51.421569850826565" lon="4.3613286032429244">
    <name>439.0</name>
  </wpt>
  <wpt lat="51.420835573433713" lon="4.3605144014707617">
    <name>439.1</name>
  </wpt>
  <wpt lat="51.420025977482894" lon="4.3598864948377614">
    <name>439.2</name>
  </wpt>
  <wpt lat="51.419199735594695" lon="4.3593192147593092">
    <name>439.3</name>
  </wpt>
  <wpt lat="51.418376683261364" lon="4.3587380273477638">
    <name>439.4</name>
  </wpt>
  <wpt lat="51.417552263165511" lon="4.3581619690610331">
    <name>439.5</name>
  </wpt>
  <wpt lat="51.4167325225709" lon="4.3575912795850051">
    <name>439.6</name>
  </wpt>
  <wpt lat="51.415926228829754" lon="4.3569786143938476">
    <name>439.7</name>
  </wpt>
  <wpt lat="51.415133083134236" lon="4.3563014667081195">
    <name>439.8</name>
  </wpt>
  <wpt lat="51.414304041557259" lon="4.3557859949582483">
    <name>439.9</name>
  </wpt>
  <wpt lat="51.413526858838679" lon="4.3550605200534038">
    <name>440.0</name>
  </wpt>
  <wpt lat="51.412771651222585" lon="4.3542784911906711">
    <name>440.1</name>
  </wpt>
  <wpt lat="51.412026624578431" lon="4.3534710384121382">
    <name>440.2</name>
  </wpt>
  <wpt lat="51.411287520044525" lon="4.3526495948026556">
    <name>440.3</name>
  </wpt>
  <wpt lat="51.410572429785027" lon="4.3517756100352782">
    <name>440.4</name>
  </wpt>
  <wpt lat="51.409862049839418" lon="4.3508914501286586">
    <name>440.5</name>
  </wpt>
  <wpt lat="51.409266515741336" lon="4.3498576304307237">
    <name>440.6</name>
  </wpt>
  <wpt lat="51.40878685265978" lon="4.3496344718504139">
    <name>440.7</name>
  </wpt>
  <wpt lat="51.408042829098655" lon="4.3504311977398009">
    <name>440.8</name>
  </wpt>
  <wpt lat="51.407284216677965" lon="4.3512037963219212">
    <name>440.9</name>
  </wpt>
  <wpt lat="51.406506274188125" lon="4.3519271278696925">
    <name>441.0</name>
  </wpt>
  <wpt lat="51.40572732539983" lon="4.352647650892111">
    <name>441.1</name>
  </wpt>
  <wpt lat="51.404946217256729" lon="4.3533620615340087">
    <name>441.2</name>
  </wpt>
  <wpt lat="51.404155898079729" lon="4.3540500128618254">
    <name>441.3</name>
  </wpt>
  <wpt lat="51.403319034434809" lon="4.3545546271774214">
    <name>441.4</name>
  </wpt>
  <wpt lat="51.40243948986344" lon="4.354855287120091">
    <name>441.5</name>
  </wpt>
  <wpt lat="51.401560319996449" lon="4.3551587463595185">
    <name>441.6</name>
  </wpt>
  <wpt lat="51.400681150129472" lon="4.3554621997657579">
    <name>441.7</name>
  </wpt>
  <wpt lat="51.399797224515623" lon="4.355721619450005">
    <name>441.8</name>
  </wpt>
  <wpt lat="51.398900735030679" lon="4.3556802823663379">
    <name>441.9</name>
  </wpt>
  <wpt lat="51.398003675400915" lon="4.3555805780485235">
    <name>442.0</name>
  </wpt>
  <wpt lat="51.3971131460665" lon="4.3556540249471514">
    <name>442.1</name>
  </wpt>
  <wpt lat="51.396254586480893" lon="4.3560780164862107">
    <name>442.2</name>
  </wpt>
  <wpt lat="51.39542680106549" lon="4.3566412634850469">
    <name>442.3</name>
  </wpt>
  <wpt lat="51.394604769971536" lon="4.3572257799599718">
    <name>442.4</name>
  </wpt>
  <wpt lat="51.393831046738811" lon="4.3574031982950858">
    <name>442.5</name>
  </wpt>
  <wpt lat="51.393108426266942" lon="4.3565927154386452">
    <name>442.6</name>
  </wpt>
  <wpt lat="51.392551494392883" lon="4.3554790279642459">
    <name>442.7</name>
  </wpt>
  <wpt lat="51.392101922136078" lon="4.3542317666366728">
    <name>442.8</name>
  </wpt>
  <wpt lat="51.3918127476085" lon="4.3528679454902051">
    <name>442.9</name>
  </wpt>
  <wpt lat="51.391657266399207" lon="4.3514498694873049">
    <name>443.0</name>
  </wpt>
  <wpt lat="51.3915846331096" lon="4.3500138190783337">
    <name>443.1</name>
  </wpt>
  <wpt lat="51.391624544429227" lon="4.348593620759079">
    <name>443.2</name>
  </wpt>
  <wpt lat="51.39148091484099" lon="4.3471708877889306">
    <name>443.3</name>
  </wpt>
  <wpt lat="51.391331906102351" lon="4.3457502865682036">
    <name>443.4</name>
  </wpt>
  <wpt lat="51.39121006838544" lon="4.3443243075314788">
    <name>443.5</name>
  </wpt>
  <wpt lat="51.391105037018434" lon="4.3428929917958472">
    <name>443.6</name>
  </wpt>
  <wpt lat="51.3910754911736" lon="4.3414623692501495">
    <name>443.7</name>
  </wpt>
  <wpt lat="51.39121804154793" lon="4.3400393700558695">
    <name>443.8</name>
  </wpt>
  <wpt lat="51.3913591311849" lon="4.3386160514748688">
    <name>443.9</name>
  </wpt>
  <wpt lat="51.391790054006279" lon="4.3376255304855631">
    <name>444.0</name>
  </wpt>
  <wpt lat="51.392642134402969" lon="4.3380805510785532">
    <name>444.1</name>
  </wpt>
  <wpt lat="51.393531089251276" lon="4.3382875271385224">
    <name>444.2</name>
  </wpt>
  <wpt lat="51.394426147514771" lon="4.3384187337654039">
    <name>444.3</name>
  </wpt>
  <wpt lat="51.394498395832343" lon="4.3369869930628839">
    <name>444.4</name>
  </wpt>
  <wpt lat="51.394588820178569" lon="4.3355530200796641">
    <name>444.5</name>
  </wpt>
  <wpt lat="51.39468885065056" lon="4.3341223405647868">
    <name>444.6</name>
  </wpt>
  <wpt lat="51.394788247234011" lon="4.3326898380795242">
    <name>444.7</name>
  </wpt>
  <wpt lat="51.394953777032946" lon="4.3312749773253056">
    <name>444.8</name>
  </wpt>
  <wpt lat="51.3951833292216" lon="4.3298814787164277">
    <name>444.9</name>
  </wpt>
  <wpt lat="51.395787095115544" lon="4.3290849545336458">
    <name>445.0</name>
  </wpt>
  <wpt lat="51.396587836857641" lon="4.3284290432036956">
    <name>445.1</name>
  </wpt>
  <wpt lat="51.397315137943153" lon="4.328666137894758">
    <name>445.2</name>
  </wpt>
  <wpt lat="51.398017016750046" lon="4.3295449201017107">
    <name>445.3</name>
  </wpt>
  <wpt lat="51.398496450306055" lon="4.3307640885626757">
    <name>445.4</name>
  </wpt>
  <wpt lat="51.398971078466936" lon="4.331988452137586">
    <name>445.5</name>
  </wpt>
  <wpt lat="51.399450800486278" lon="4.3332075429138337">
    <name>445.6</name>
  </wpt>
  <wpt lat="51.399912641368793" lon="4.334444431671141">
    <name>445.7</name>
  </wpt>
  <wpt lat="51.400256760217637" lon="4.33573850639797">
    <name>445.8</name>
  </wpt>
  <wpt lat="51.400674810760066" lon="4.3370148063530358">
    <name>445.9</name>
  </wpt>
  <wpt lat="51.401133059758052" lon="4.3382310713756036">
    <name>446.0</name>
  </wpt>
  <wpt lat="51.401533480092041" lon="4.3395004545830851">
    <name>446.1</name>
  </wpt>
  <wpt lat="51.401985143209316" lon="4.3407444295457926">
    <name>446.2</name>
  </wpt>
  <wpt lat="51.402606696217255" lon="4.3417265521771569">
    <name>446.3</name>
  </wpt>
  <wpt lat="51.403324368486544" lon="4.342593368024561">
    <name>446.4</name>
  </wpt>
  <wpt lat="51.404102536591992" lon="4.3432997861356917">
    <name>446.5</name>
  </wpt>
  <wpt lat="51.404852351682813" lon="4.3440957624079317">
    <name>446.6</name>
  </wpt>
  <wpt lat="51.405513603352794" lon="4.3450650543719">
    <name>446.7</name>
  </wpt>
  <wpt lat="51.406098980420957" lon="4.3461558709348722">
    <name>446.8</name>
  </wpt>
  <wpt lat="51.406690465066688" lon="4.3452626181283627">
    <name>446.9</name>
  </wpt>
  <wpt lat="51.407284279280169" lon="4.3441799176222844">
    <name>447.0</name>
  </wpt>
  <wpt lat="51.407887091460225" lon="4.3431100592264746">
    <name>447.1</name>
  </wpt>
  <wpt lat="51.408484310884255" lon="4.3420324726460269">
    <name>447.2</name>
  </wpt>
  <wpt lat="51.409086877803112" lon="4.3409622629576985">
    <name>447.3</name>
  </wpt>
  <wpt lat="51.409680554680158" lon="4.339879278353993">
    <name>447.4</name>
  </wpt>
  <wpt lat="51.410266026127616" lon="4.3390410423329122">
    <name>447.5</name>
  </wpt>
  <wpt lat="51.410840385596309" lon="4.3401505174708195">
    <name>447.6</name>
  </wpt>
  <wpt lat="51.411413467077146" lon="4.3412616889883537">
    <name>447.7</name>
  </wpt>
  <wpt lat="51.411983846348058" lon="4.3423764574745638">
    <name>447.8</name>
  </wpt>
  <wpt lat="51.412615511513735" lon="4.3430949770127665">
    <name>447.9</name>
  </wpt>
  <wpt lat="51.413181239993634" lon="4.3419741041119755">
    <name>448.0</name>
  </wpt>
  <wpt lat="51.413747023602973" lon="4.3408532885380113">
    <name>448.1</name>
  </wpt>
  <wpt lat="51.414306252024296" lon="4.3397240387320952">
    <name>448.2</name>
  </wpt>
  <wpt lat="51.414855510127595" lon="4.3385828044463226">
    <name>448.3</name>
  </wpt>
  <wpt lat="51.415369641620863" lon="4.3374018329167523">
    <name>448.4</name>
  </wpt>
  <wpt lat="51.415946940640509" lon="4.3362975748031989">
    <name>448.5</name>
  </wpt>
  <wpt lat="51.41655200000077" lon="4.3352421095575391">
    <name>448.6</name>
  </wpt>
  <wpt lat="51.417081916947623" lon="4.3354191253635861">
    <name>448.7</name>
  </wpt>
  <wpt lat="51.417883189582" lon="4.3359289662695248">
    <name>448.8</name>
  </wpt>
  <wpt lat="51.418782131875581" lon="4.3358870870528312">
    <name>448.9</name>
  </wpt>
  <wpt lat="51.419681452692835" lon="4.335886999999981">
    <name>449.0</name>
  </wpt>
  <wpt lat="51.420580774298763" lon="4.335886999999981">
    <name>449.1</name>
  </wpt>
  <wpt lat="51.4214800626104" lon="4.3358801742658262">
    <name>449.2</name>
  </wpt>
  <wpt lat="51.42237927417181" lon="4.3358576136505356">
    <name>449.3</name>
  </wpt>
  <wpt lat="51.42316827884143" lon="4.335506148236469">
    <name>449.4</name>
  </wpt>
  <wpt lat="51.42315059136051" lon="4.3340674784947684">
    <name>449.5</name>
  </wpt>
  <wpt lat="51.423163363687735" lon="4.3326389130661918">
    <name>449.6</name>
  </wpt>
  <wpt lat="51.423261309354551" lon="4.3314028959193873">
    <name>449.7</name>
  </wpt>
  <wpt lat="51.423219863984862" lon="4.329962620512771">
    <name>449.8</name>
  </wpt>
  <wpt lat="51.423074140924967" lon="4.3285396557182514">
    <name>449.9</name>
  </wpt>
  <wpt lat="51.422937001213143" lon="4.3271143637621492">
    <name>450.0</name>
  </wpt>
  <wpt lat="51.422808923028079" lon="4.325686850492918">
    <name>450.1</name>
  </wpt>
  <wpt lat="51.422634430500089" lon="4.3243038733015169">
    <name>450.2</name>
  </wpt>
  <wpt lat="51.422870613625896" lon="4.323291335259924">
    <name>450.3</name>
  </wpt>
  <wpt lat="51.423760906884496" lon="4.323493887695439">
    <name>450.4</name>
  </wpt>
  <wpt lat="51.424627386599383" lon="4.3232264184040741">
    <name>450.5</name>
  </wpt>
  <wpt lat="51.425453086789034" lon="4.3226603130372858">
    <name>450.6</name>
  </wpt>
  <wpt lat="51.42623638208503" lon="4.3219537314964311">
    <name>450.7</name>
  </wpt>
  <wpt lat="51.427016758828195" lon="4.3212375621068251">
    <name>450.8</name>
  </wpt>
  <wpt lat="51.427715024142664" lon="4.3203311543440712">
    <name>450.9</name>
  </wpt>
  <wpt lat="51.428410886209655" lon="4.31941755917189">
    <name>451.0</name>
  </wpt>
  <wpt lat="51.42917889459013" lon="4.3189028864049366">
    <name>451.1</name>
  </wpt>
  <wpt lat="51.430077859339754" lon="4.3188622554710729">
    <name>451.2</name>
  </wpt>
  <wpt lat="51.430976913720826" lon="4.3188289999999609">
    <name>451.3</name>
  </wpt>
  <wpt lat="51.431875816612063" lon="4.3187859999999691">
    <name>451.4</name>
  </wpt>
  <wpt lat="51.432774919655664" lon="4.318765136694859">
    <name>451.5</name>
  </wpt>
  <wpt lat="51.433673890683174" lon="4.3187248816296862">
    <name>451.6</name>
  </wpt>
  <wpt lat="51.434573074143756" lon="4.318700104342331">
    <name>451.7</name>
  </wpt>
  <wpt lat="51.435421224071412" lon="4.318455491321969">
    <name>451.8</name>
  </wpt>
  <wpt lat="51.436303284833237" lon="4.3181772718709936">
    <name>451.9</name>
  </wpt>
  <wpt lat="51.437194893089078" lon="4.3180129999999917">
    <name>452.0</name>
  </wpt>
  <wpt lat="51.4380913277286" lon="4.3181199385339051">
    <name>452.1</name>
  </wpt>
  <wpt lat="51.438980841420282" lon="4.3181002257288554">
    <name>452.2</name>
  </wpt>
  <wpt lat="51.439747536880425" lon="4.3173484631283872">
    <name>452.3</name>
  </wpt>
  <wpt lat="51.44047021526714" lon="4.316489742962176">
    <name>452.4</name>
  </wpt>
  <wpt lat="51.441191509778314" lon="4.3156293416632545">
    <name>452.5</name>
  </wpt>
  <wpt lat="51.442037247050223" lon="4.3151476333222334">
    <name>452.6</name>
  </wpt>
  <wpt lat="51.442497860503984" lon="4.3142225455253183">
    <name>452.7</name>
  </wpt>
  <wpt lat="51.441878959231019" lon="4.3131757588402939">
    <name>452.8</name>
  </wpt>
  <wpt lat="51.442530462462976" lon="4.3126056276966462">
    <name>452.9</name>
  </wpt>
  <wpt lat="51.443412233828042" lon="4.3126471312051526">
    <name>453.0</name>
  </wpt>
  <wpt lat="51.444192248724946" lon="4.3119711010200845">
    <name>453.1</name>
  </wpt>
  <wpt lat="51.445058067098934" lon="4.3115809289249372">
    <name>453.2</name>
  </wpt>
  <wpt lat="51.445842356709861" lon="4.3111733526685736">
    <name>453.3</name>
  </wpt>
  <wpt lat="51.446334328073341" lon="4.3123680048719848">
    <name>453.4</name>
  </wpt>
  <wpt lat="51.44710137422409" lon="4.3130685036318326">
    <name>453.5</name>
  </wpt>
  <wpt lat="51.447962918433923" lon="4.3127213605656243">
    <name>453.6</name>
  </wpt>
  <wpt lat="51.448851251957585" lon="4.3128250709522584">
    <name>453.7</name>
  </wpt>
  <wpt lat="51.449746361776981" lon="4.3126893475601333">
    <name>453.8</name>
  </wpt>
  <wpt lat="51.450309784122268" lon="4.3130446992371736">
    <name>453.9</name>
  </wpt>
  <wpt lat="51.451196087649144" lon="4.3128934279975244">
    <name>454.0</name>
  </wpt>
  <wpt lat="51.452095317387027" lon="4.3128728011120518">
    <name>454.1</name>
  </wpt>
  <wpt lat="51.452994547124931" lon="4.3128521738202821">
    <name>454.2</name>
  </wpt>
  <wpt lat="51.453893561037624" lon="4.3128184712751372">
    <name>454.3</name>
  </wpt>
  <wpt lat="51.454792832891549" lon="4.3128032907254976">
    <name>454.4</name>
  </wpt>
  <wpt lat="51.45569059572572" lon="4.3127273970567881">
    <name>454.5</name>
  </wpt>
  <wpt lat="51.456587614662155" lon="4.3126241914476937">
    <name>454.6</name>
  </wpt>
  <wpt lat="51.457482358488924" lon="4.3124820179464489">
    <name>454.7</name>
  </wpt>
  <wpt lat="51.458370359388113" lon="4.3122560712870195">
    <name>454.8</name>
  </wpt>
  <wpt lat="51.459253189405004" lon="4.3119813418944206">
    <name>454.9</name>
  </wpt>
  <wpt lat="51.460124964858515" lon="4.3116335599352835">
    <name>455.0</name>
  </wpt>
  <wpt lat="51.46098881183633" lon="4.3112323414682923">
    <name>455.1</name>
  </wpt>
  <wpt lat="51.461842668107749" lon="4.3107791975079044">
    <name>455.2</name>
  </wpt>
  <wpt lat="51.462696524379147" lon="4.3103260450692265">
    <name>455.3</name>
  </wpt>
  <wpt lat="51.463554541707666" lon="4.3098962184895351">
    <name>455.4</name>
  </wpt>
  <wpt lat="51.464420409362944" lon="4.3095148380224693">
    <name>455.5</name>
  </wpt>
  <wpt lat="51.465256831958875" lon="4.3089845076700009">
    <name>455.6</name>
  </wpt>
  <wpt lat="51.466078711396541" lon="4.308399349472114">
    <name>455.7</name>
  </wpt>
  <wpt lat="51.466894331047747" lon="4.3077911812939877">
    <name>455.8</name>
  </wpt>
  <wpt lat="51.467715081509269" lon="4.3072020281422265">
    <name>455.9</name>
  </wpt>
  <wpt lat="51.4684951017909" lon="4.3065241173813806">
    <name>456.0</name>
  </wpt>
  <wpt lat="51.469202970786284" lon="4.3056509064895714">
    <name>456.1</name>
  </wpt>
  <wpt lat="51.469946378155839" lon="4.3048385490677372">
    <name>456.2</name>
  </wpt>
  <wpt lat="51.470765363872395" lon="4.3042604594767582">
    <name>456.3</name>
  </wpt>
  <wpt lat="51.471620501630973" lon="4.3039254106798976">
    <name>456.4</name>
  </wpt>
  <wpt lat="51.472516356605141" lon="4.3040009999999551">
    <name>456.5</name>
  </wpt>
  <wpt lat="51.473408602683563" lon="4.3038602271097544">
    <name>456.6</name>
  </wpt>
  <wpt lat="51.474259741641468" lon="4.30340156268035">
    <name>456.7</name>
  </wpt>
  <wpt lat="51.475106796927811" lon="4.3029244669361608">
    <name>456.8</name>
  </wpt>
  <wpt lat="51.475965383973886" lon="4.3024996919395644">
    <name>456.9</name>
  </wpt>
  <wpt lat="51.476852412534626" lon="4.30230680104773">
    <name>457.0</name>
  </wpt>
  <wpt lat="51.477729493768962" lon="4.3020216779391118">
    <name>457.1</name>
  </wpt>
  <wpt lat="51.478597305351485" lon="4.301645546663055">
    <name>457.2</name>
  </wpt>
  <wpt lat="51.47941013273384" lon="4.3010290392556882">
    <name>457.3</name>
  </wpt>
  <wpt lat="51.479456535637766" lon="4.3001795597235368">
    <name>457.4</name>
  </wpt>
  <wpt lat="51.478922461339167" lon="4.2990235238343706">
    <name>457.5</name>
  </wpt>
  <wpt lat="51.478082314462156" lon="4.29877658662454">
    <name>457.6</name>
  </wpt>
  <wpt lat="51.477234124193167" lon="4.2992159999999915">
    <name>457.7</name>
  </wpt>
  <wpt lat="51.476431572759843" lon="4.2986530882507532">
    <name>457.8</name>
  </wpt>
  <wpt lat="51.476524996590669" lon="4.2973372218798369">
    <name>457.9</name>
  </wpt>
  <wpt lat="51.476498806511955" lon="4.2958947220667607">
    <name>458.0</name>
  </wpt>
  <wpt lat="51.476379712629324" lon="4.2944652802971532">
    <name>458.1</name>
  </wpt>
  <wpt lat="51.475977565588451" lon="4.2935587719150847">
    <name>458.2</name>
  </wpt>
  <wpt lat="51.475779053023778" lon="4.2921509011710262">
    <name>458.3</name>
  </wpt>
  <wpt lat="51.475546824356357" lon="4.290756409198079">
    <name>458.4</name>
  </wpt>
  <wpt lat="51.475410000597648" lon="4.2893348999253273">
    <name>458.5</name>
  </wpt>
  <wpt lat="51.475595448787452" lon="4.2879407468362576">
    <name>458.6</name>
  </wpt>
  <wpt lat="51.475454364260486" lon="4.2867886229261476">
    <name>458.7</name>
  </wpt>
  <wpt lat="51.474791298921581" lon="4.285863171453923">
    <name>458.8</name>
  </wpt>
  <wpt lat="51.474596948326457" lon="4.28460205169716">
    <name>458.9</name>
  </wpt>
  <wpt lat="51.475445938491731" lon="4.2841313673366743">
    <name>459.0</name>
  </wpt>
  <wpt lat="51.476301423851211" lon="4.2836861414934715">
    <name>459.1</name>
  </wpt>
  <wpt lat="51.477154526206576" lon="4.2832295563591716">
    <name>459.2</name>
  </wpt>
  <wpt lat="51.478006857660944" lon="4.2827689864770662">
    <name>459.3</name>
  </wpt>
  <wpt lat="51.4785624356553" lon="4.2820756408145186">
    <name>459.4</name>
  </wpt>
  <wpt lat="51.478455993656716" lon="4.2808672273544266">
    <name>459.5</name>
  </wpt>
  <wpt lat="51.479310225420086" lon="4.2804160041673454">
    <name>459.6</name>
  </wpt>
  <wpt lat="51.480165929674335" lon="4.27997253528433">
    <name>459.7</name>
  </wpt>
  <wpt lat="51.480826171011451" lon="4.2805148066838141">
    <name>459.8</name>
  </wpt>
  <wpt lat="51.481566256911435" lon="4.280410944883644">
    <name>459.9</name>
  </wpt>
  <wpt lat="51.482421774617961" lon="4.2799672453732649">
    <name>460.0</name>
  </wpt>
  <wpt lat="51.483094344464725" lon="4.2801269823300157">
    <name>460.1</name>
  </wpt>
  <wpt lat="51.48339663549541" lon="4.2814849990526351">
    <name>460.2</name>
  </wpt>
  <wpt lat="51.483860236680471" lon="4.2826151430565886">
    <name>460.3</name>
  </wpt>
  <wpt lat="51.4847165209547" lon="4.2823511417593041">
    <name>460.4</name>
  </wpt>
  <wpt lat="51.4856118195505" lon="4.2822476064533">
    <name>460.5</name>
  </wpt>
  <wpt lat="51.486504301188823" lon="4.2823931685400964">
    <name>460.6</name>
  </wpt>
  <wpt lat="51.487321879591548" lon="4.282990411042169">
    <name>460.7</name>
  </wpt>
  <wpt lat="51.488085091948541" lon="4.283743396319">
    <name>460.8</name>
  </wpt>
  <wpt lat="51.488766777802311" lon="4.2846850297034438">
    <name>460.9</name>
  </wpt>
  <wpt lat="51.489416303928252" lon="4.2856799117496376">
    <name>461.0</name>
  </wpt>
  <wpt lat="51.490120040702713" lon="4.2856008755188633">
    <name>461.1</name>
  </wpt>
  <wpt lat="51.490399157337848" lon="4.2864985779739921">
    <name>461.2</name>
  </wpt>
  <wpt lat="51.490324000043195" lon="4.2879351165791766">
    <name>461.3</name>
  </wpt>
  <wpt lat="51.49046551954509" lon="4.2893239999999606">
    <name>461.4</name>
  </wpt>
  <wpt lat="51.491286653271167" lon="4.2887675928662041">
    <name>461.5</name>
  </wpt>
  <wpt lat="51.492061393249756" lon="4.2880679997733226">
    <name>461.6</name>
  </wpt>
  <wpt lat="51.492795832375272" lon="4.28730012161128">
    <name>461.7</name>
  </wpt>
  <wpt lat="51.493455393931086" lon="4.2870818113523983">
    <name>461.8</name>
  </wpt>
  <wpt lat="51.494238554393888" lon="4.2869887842854846">
    <name>461.9</name>
  </wpt>
  <wpt lat="51.494807067525258" lon="4.2858716950637357">
    <name>462.0</name>
  </wpt>
  <wpt lat="51.495442059320929" lon="4.2848698894338515">
    <name>462.1</name>
  </wpt>
  <wpt lat="51.496285394213757" lon="4.284372256231717">
    <name>462.2</name>
  </wpt>
  <wpt lat="51.497157365480312" lon="4.2840354725738772">
    <name>462.3</name>
  </wpt>
  <wpt lat="51.497879081966062" lon="4.2835028507414767">
    <name>462.4</name>
  </wpt>
  <wpt lat="51.498614287711028" lon="4.2826857123815989">
    <name>462.5</name>
  </wpt>
  <wpt lat="51.499324345960716" lon="4.2827935676189526">
    <name>462.6</name>
  </wpt>
  <wpt lat="51.499499179598914" lon="4.28182339728929">
    <name>462.7</name>
  </wpt>
  <wpt lat="51.50009097290306" lon="4.2808797158228407">
    <name>462.8</name>
  </wpt>
  <wpt lat="51.500847949717482" lon="4.2801429422281192">
    <name>462.9</name>
  </wpt>
  <wpt lat="51.501687817904674" lon="4.2796720434771789">
    <name>463.0</name>
  </wpt>
  <wpt lat="51.5025789888493" lon="4.2794811666256436">
    <name>463.1</name>
  </wpt>
  <wpt lat="51.503477416517271" lon="4.2795180000000164">
    <name>463.2</name>
  </wpt>
  <wpt lat="51.504376196364696" lon="4.2795649641277436">
    <name>463.3</name>
  </wpt>
  <wpt lat="51.505274931607886" lon="4.2796171060126458">
    <name>463.4</name>
  </wpt>
  <wpt lat="51.506173475201976" lon="4.2796698514728861">
    <name>463.5</name>
  </wpt>
  <wpt lat="51.5070717237081" lon="4.2796588435036194">
    <name>463.6</name>
  </wpt>
  <wpt lat="51.507965356116991" lon="4.2794974649809721">
    <name>463.7</name>
  </wpt>
  <wpt lat="51.50885669243673" lon="4.2793053456222907">
    <name>463.8</name>
  </wpt>
  <wpt lat="51.509748144651411" lon="4.2791166008594024">
    <name>463.9</name>
  </wpt>
  <wpt lat="51.510640432282706" lon="4.2789428624952643">
    <name>464.0</name>
  </wpt>
  <wpt lat="51.511429427063909" lon="4.279017921549582">
    <name>464.1</name>
  </wpt>
  <wpt lat="51.512282623539029" lon="4.2786809999999891">
    <name>464.2</name>
  </wpt>
  <wpt lat="51.5131722737288" lon="4.2784894081892766">
    <name>464.3</name>
  </wpt>
  <wpt lat="51.514044450184528" lon="4.278151313951871">
    <name>464.4</name>
  </wpt>
  <wpt lat="51.514900873017055" lon="4.2777117724811831">
    <name>464.5</name>
  </wpt>
  <wpt lat="51.515753832250709" lon="4.2772537558886325">
    <name>464.6</name>
  </wpt>
  <wpt lat="51.516601813496415" lon="4.2767727022658608">
    <name>464.7</name>
  </wpt>
  <wpt lat="51.517451568139613" lon="4.2762997140529331">
    <name>464.8</name>
  </wpt>
  <wpt lat="51.518316224308407" lon="4.275953401075264">
    <name>464.9</name>
  </wpt>
  <wpt lat="51.519205110013054" lon="4.2757339069123557">
    <name>465.0</name>
  </wpt>
  <wpt lat="51.520093042960539" lon="4.2755254463063519">
    <name>465.1</name>
  </wpt>
  <wpt lat="51.5209648597816" lon="4.2754839657605341">
    <name>465.2</name>
  </wpt>
  <wpt lat="51.521072000128186" lon="4.2743285878683874">
    <name>465.3</name>
  </wpt>
  <wpt lat="51.521524315288637" lon="4.2733156851335048">
    <name>465.4</name>
  </wpt>
  <wpt lat="51.522265082134979" lon="4.2724970344688309">
    <name>465.5</name>
  </wpt>
  <wpt lat="51.523009188528377" lon="4.27168949608717">
    <name>465.6</name>
  </wpt>
  <wpt lat="51.523757492151418" lon="4.2708895094357207">
    <name>465.7</name>
  </wpt>
  <wpt lat="51.524547579449617" lon="4.2702003433369251">
    <name>465.8</name>
  </wpt>
  <wpt lat="51.525359027762747" lon="4.2695859863099059">
    <name>465.9</name>
  </wpt>
  <wpt lat="51.526215758949036" lon="4.2691465918529037">
    <name>466.0</name>
  </wpt>
  <wpt lat="51.5270426364579" lon="4.2685879901081227">
    <name>466.1</name>
  </wpt>
  <wpt lat="51.527865573830674" lon="4.2680088186698386">
    <name>466.2</name>
  </wpt>
  <wpt lat="51.52870154431595" lon="4.2675035513272341">
    <name>466.3</name>
  </wpt>
  <wpt lat="51.52942278668079" lon="4.2683207861922661">
    <name>466.4</name>
  </wpt>
  <wpt lat="51.530180421679781" lon="4.2690994213586766">
    <name>466.5</name>
  </wpt>
  <wpt lat="51.530680017415079" lon="4.2701853107069949">
    <name>466.6</name>
  </wpt>
  <wpt lat="51.531101073356034" lon="4.2714625249687366">
    <name>466.7</name>
  </wpt>
  <wpt lat="51.531651989110053" lon="4.2723030542276543">
    <name>466.8</name>
  </wpt>
  <wpt lat="51.53253737149749" lon="4.2720500006851712">
    <name>466.9</name>
  </wpt>
  <wpt lat="51.5334236757937" lon="4.2718057609545532">
    <name>467.0</name>
  </wpt>
  <wpt lat="51.534309300258549" lon="4.2715553312261756">
    <name>467.1</name>
  </wpt>
  <wpt lat="51.535203828252911" lon="4.2714499999999713">
    <name>467.2</name>
  </wpt>
  <wpt lat="51.536102979226065" lon="4.2714248338456864">
    <name>467.3</name>
  </wpt>
  <wpt lat="51.537001726974282" lon="4.2713766591420548">
    <name>467.4</name>
  </wpt>
  <wpt lat="51.537900724709573" lon="4.2713504442226107">
    <name>467.5</name>
  </wpt>
  <wpt lat="51.53879928951968" lon="4.2713144203272915">
    <name>467.6</name>
  </wpt>
  <wpt lat="51.539698224934845" lon="4.2712725613767875">
    <name>467.7</name>
  </wpt>
  <wpt lat="51.54059255138646" lon="4.2711659279901744">
    <name>467.8</name>
  </wpt>
  <wpt lat="51.541417165767427" lon="4.2706036721895781">
    <name>467.9</name>
  </wpt>
  <wpt lat="51.542109609792426" lon="4.26968576794278">
    <name>468.0</name>
  </wpt>
  <wpt lat="51.542789451964879" lon="4.2687391802947188">
    <name>468.1</name>
  </wpt>
  <wpt lat="51.543467707226668" lon="4.2677896292610642">
    <name>468.2</name>
  </wpt>
  <wpt lat="51.544160685021424" lon="4.2668681357691991">
    <name>468.3</name>
  </wpt>
  <wpt lat="51.544868152389583" lon="4.265975364762272">
    <name>468.4</name>
  </wpt>
  <wpt lat="51.545599712494266" lon="4.2662125728200078">
    <name>468.5</name>
  </wpt>
  <wpt lat="51.546168332697839" lon="4.2673326633372213">
    <name>468.6</name>
  </wpt>
  <wpt lat="51.546580668501392" lon="4.2686074957189142">
    <name>468.7</name>
  </wpt>
  <wpt lat="51.547166947606144" lon="4.2697009549138842">
    <name>468.8</name>
  </wpt>
  <wpt lat="51.547597790249007" lon="4.2709508685011208">
    <name>468.9</name>
  </wpt>
  <wpt lat="51.547717716143033" lon="4.27236153302884">
    <name>469.0</name>
  </wpt>
  <wpt lat="51.548450658438469" lon="4.2729089999999648">
    <name>469.1</name>
  </wpt>
  <wpt lat="51.549342152859211" lon="4.2727595559521365">
    <name>469.2</name>
  </wpt>
  <wpt lat="51.549959359643182" lon="4.27314668827067">
    <name>469.3</name>
  </wpt>
  <wpt lat="51.550535606454268" lon="4.2742566782288325">
    <name>469.4</name>
  </wpt>
  <wpt lat="51.551125926378226" lon="4.2753476131478267">
    <name>469.5</name>
  </wpt>
  <wpt lat="51.551750814247463" lon="4.2763876597990231">
    <name>469.6</name>
  </wpt>
  <wpt lat="51.552347354902281" lon="4.2774595247172167">
    <name>469.7</name>
  </wpt>
  <wpt lat="51.552864281572596" lon="4.2786430511453464">
    <name>469.8</name>
  </wpt>
  <wpt lat="51.5535096389735" lon="4.27960675616467">
    <name>469.9</name>
  </wpt>
  <wpt lat="51.55430148271941" lon="4.2802924133867908">
    <name>470.0</name>
  </wpt>
  <wpt lat="51.554920056363827" lon="4.28129298038319">
    <name>470.1</name>
  </wpt>
  <wpt lat="51.555390156762812" lon="4.28252604482333">
    <name>470.2</name>
  </wpt>
  <wpt lat="51.555861452409339" lon="4.2837579411243079">
    <name>470.3</name>
  </wpt>
  <wpt lat="51.5564679720718" lon="4.2847520996013344">
    <name>470.4</name>
  </wpt>
  <wpt lat="51.557308917805869" lon="4.2852647458243878">
    <name>470.5</name>
  </wpt>
  <wpt lat="51.558136726898056" lon="4.2858263076091241">
    <name>470.6</name>
  </wpt>
  <wpt lat="51.558952340189805" lon="4.2864356815921179">
    <name>470.7</name>
  </wpt>
  <wpt lat="51.55976420816603" lon="4.2870579169062113">
    <name>470.8</name>
  </wpt>
  <wpt lat="51.560576076142212" lon="4.2876801633287345">
    <name>470.9</name>
  </wpt>
  <wpt lat="51.561298743921604" lon="4.2875186902503843">
    <name>471.0</name>
  </wpt>
  <wpt lat="51.562084057711587" lon="4.2868164923311562">
    <name>471.1</name>
  </wpt>
  <wpt lat="51.562905851606075" lon="4.2862313111214219">
    <name>471.2</name>
  </wpt>
  <wpt lat="51.563757518980658" lon="4.2857684416994006">
    <name>471.3</name>
  </wpt>
  <wpt lat="51.564632684739614" lon="4.2854368058542969">
    <name>471.4</name>
  </wpt>
  <wpt lat="51.565526710559318" lon="4.2852998363176935">
    <name>471.5</name>
  </wpt>
  <wpt lat="51.566424807030067" lon="4.2852243451008016">
    <name>471.6</name>
  </wpt>
  <wpt lat="51.567322903500845" lon="4.2851488523926626">
    <name>471.7</name>
  </wpt>
  <wpt lat="51.568221329181675" lon="4.2850849771239936">
    <name>471.8</name>
  </wpt>
  <wpt lat="51.56911997031002" lon="4.285028703761153">
    <name>471.9</name>
  </wpt>
  <wpt lat="51.570018599040004" lon="4.2849719240385369">
    <name>472.0</name>
  </wpt>
  <wpt lat="51.570917085688592" lon="4.2849101195858674">
    <name>472.1</name>
  </wpt>
  <wpt lat="51.571815080596359" lon="4.28483155447819">
    <name>472.2</name>
  </wpt>
  <wpt lat="51.5727140448212" lon="4.2847957514333626">
    <name>472.3</name>
  </wpt>
  <wpt lat="51.573397825871034" lon="4.2844451681919882">
    <name>472.4</name>
  </wpt>
  <wpt lat="51.573588409225273" lon="4.28336646415841">
    <name>472.5</name>
  </wpt>
  <wpt lat="51.5744875370072" lon="4.2833965048380271">
    <name>472.6</name>
  </wpt>
  <wpt lat="51.57500937280254" lon="4.28423278301122">
    <name>472.7</name>
  </wpt>
  <wpt lat="51.574957275041946" lon="4.285677333809919">
    <name>472.8</name>
  </wpt>
  <wpt lat="51.5747377790252" lon="4.287009185915017">
    <name>472.9</name>
  </wpt>
  <wpt lat="51.573848137722649" lon="4.2871511083594571">
    <name>473.0</name>
  </wpt>
  <wpt lat="51.573521470698282" lon="4.2880527029694733">
    <name>473.1</name>
  </wpt>
  <wpt lat="51.573568223889112" lon="4.2894977415465876">
    <name>473.2</name>
  </wpt>
  <wpt lat="51.573607019463296" lon="4.2909433785348368">
    <name>473.3</name>
  </wpt>
  <wpt lat="51.573658389909" lon="4.2923878801159532">
    <name>473.4</name>
  </wpt>
  <wpt lat="51.573695886373947" lon="4.2938334933767548">
    <name>473.5</name>
  </wpt>
  <wpt lat="51.573741957141976" lon="4.29527850574498">
    <name>473.6</name>
  </wpt>
  <wpt lat="51.573794505781635" lon="4.2967229015045127">
    <name>473.7</name>
  </wpt>
  <wpt lat="51.573837748834691" lon="4.2981682319703411">
    <name>473.8</name>
  </wpt>
  <wpt lat="51.573881382785942" lon="4.2996135268786873">
    <name>473.9</name>
  </wpt>
  <wpt lat="51.573935288825957" lon="4.3010579087246938">
    <name>474.0</name>
  </wpt>
  <wpt lat="51.573985685596355" lon="4.3025026437186273">
    <name>474.1</name>
  </wpt>
  <wpt lat="51.574040220018169" lon="4.3039469787256985">
    <name>474.2</name>
  </wpt>
  <wpt lat="51.574068498880109" lon="4.305393095358081">
    <name>474.3</name>
  </wpt>
  <wpt lat="51.574114240410061" lon="4.3068380956725631">
    <name>474.4</name>
  </wpt>
  <wpt lat="51.57418018247612" lon="4.3082800802442289">
    <name>474.5</name>
  </wpt>
  <wpt lat="51.574210598000839" lon="4.3097262637411333">
    <name>474.6</name>
  </wpt>
  <wpt lat="51.573658747894328" lon="4.310383624139023">
    <name>474.7</name>
  </wpt>
  <wpt lat="51.573146859481859" lon="4.3111193115516242">
    <name>474.8</name>
  </wpt>
  <wpt lat="51.573106345899468" lon="4.3125644256359212">
    <name>474.9</name>
  </wpt>
  <wpt lat="51.572860131389078" lon="4.3139000688170643">
    <name>475.0</name>
  </wpt>
  <wpt lat="51.572192995072704" lon="4.3148693296119012">
    <name>475.1</name>
  </wpt>
  <wpt lat="51.572780786955057" lon="4.3159414685921309">
    <name>475.2</name>
  </wpt>
  <wpt lat="51.573414606697092" lon="4.3159331444313906">
    <name>475.3</name>
  </wpt>
  <wpt lat="51.5742879115905" lon="4.315610113314289">
    <name>475.4</name>
  </wpt>
  <wpt lat="51.575166592780917" lon="4.3153026832231793">
    <name>475.5</name>
  </wpt>
  <wpt lat="51.575317000055776" lon="4.3164432600985787">
    <name>475.6</name>
  </wpt>
  <wpt lat="51.575811466710334" lon="4.3170154119372643">
    <name>475.7</name>
  </wpt>
  <wpt lat="51.576707115393205" lon="4.3168866346313814">
    <name>475.8</name>
  </wpt>
  <wpt lat="51.577604258902845" lon="4.3168054677677885">
    <name>475.9</name>
  </wpt>
  <wpt lat="51.578329958941367" lon="4.3170626959887937">
    <name>476.0</name>
  </wpt>
  <wpt lat="51.579229109056442" lon="4.31703506386609">
    <name>476.1</name>
  </wpt>
  <wpt lat="51.580125965843415" lon="4.3169350722552347">
    <name>476.2</name>
  </wpt>
  <wpt lat="51.580626049330526" lon="4.3162634416309009">
    <name>476.3</name>
  </wpt>
  <wpt lat="51.5805979852768" lon="4.3154181444491755">
    <name>476.4</name>
  </wpt>
  <wpt lat="51.581368000010343" lon="4.3158771718470419">
    <name>476.5</name>
  </wpt>
  <wpt lat="51.582208201023732" lon="4.3157277931326927">
    <name>476.6</name>
  </wpt>
  <wpt lat="51.583096028012648" lon="4.3155175747387444">
    <name>476.7</name>
  </wpt>
  <wpt lat="51.583968282397962" lon="4.3151958263994965">
    <name>476.8</name>
  </wpt>
  <wpt lat="51.584808335838865" lon="4.3156692458346742">
    <name>476.9</name>
  </wpt>
  <wpt lat="51.585647322164888" lon="4.3160421393197037">
    <name>477.0</name>
  </wpt>
  <wpt lat="51.586380842698127" lon="4.3161032132423207">
    <name>477.1</name>
  </wpt>
  <wpt lat="51.586772919439731" lon="4.3174023019689791">
    <name>477.2</name>
  </wpt>
  <wpt lat="51.587171196828393" lon="4.3186973132852966">
    <name>477.3</name>
  </wpt>
  <wpt lat="51.587477770083794" lon="4.3200579663786476">
    <name>477.4</name>
  </wpt>
  <wpt lat="51.58743254316505" lon="4.3212053808747228">
    <name>477.5</name>
  </wpt>
  <wpt lat="51.587727700744026" lon="4.3225117435385894">
    <name>477.6</name>
  </wpt>
  <wpt lat="51.588081259566408" lon="4.32383795380277">
    <name>477.7</name>
  </wpt>
  <wpt lat="51.588257035363675" lon="4.3252167528040113">
    <name>477.8</name>
  </wpt>
  <wpt lat="51.588256000770784" lon="4.3266641659913931">
    <name>477.9</name>
  </wpt>
  <wpt lat="51.5882560000517" lon="4.3281116300897358">
    <name>478.0</name>
  </wpt>
  <wpt lat="51.588332280204661" lon="4.3295492781352918">
    <name>478.1</name>
  </wpt>
  <wpt lat="51.588449000029151" lon="4.3309702653229953">
    <name>478.2</name>
  </wpt>
  <wpt lat="51.588299000004277" lon="4.3322332859817729">
    <name>478.3</name>
  </wpt>
  <wpt lat="51.588914284461488" lon="4.3326171712553405">
    <name>478.4</name>
  </wpt>
  <wpt lat="51.589811421659228" lon="4.3326392613920932">
    <name>478.5</name>
  </wpt>
  <wpt lat="51.590697708640192" lon="4.3328651089009611">
    <name>478.6</name>
  </wpt>
  <wpt lat="51.5915447855899" lon="4.3333443563023017">
    <name>478.7</name>
  </wpt>
  <wpt lat="51.592338592019225" lon="4.3340212524158233">
    <name>478.8</name>
  </wpt>
  <wpt lat="51.593115682269122" lon="4.3347498994386866">
    <name>478.9</name>
  </wpt>
  <wpt lat="51.593892772518942" lon="4.33547855892739">
    <name>479.0</name>
  </wpt>
  <wpt lat="51.594667830691343" lon="4.3362128138227432">
    <name>479.1</name>
  </wpt>
  <wpt lat="51.595433655515706" lon="4.3369703315262758">
    <name>479.2</name>
  </wpt>
  <wpt lat="51.596162859687325" lon="4.337816600616506">
    <name>479.3</name>
  </wpt>
  <wpt lat="51.596879930061583" lon="4.3386891155575578">
    <name>479.4</name>
  </wpt>
  <wpt lat="51.597640427575413" lon="4.3394572998347067">
    <name>479.5</name>
  </wpt>
  <wpt lat="51.598410687289984" lon="4.34020170391333">
    <name>479.6</name>
  </wpt>
  <wpt lat="51.599203849876872" lon="4.3408796143131694">
    <name>479.7</name>
  </wpt>
  <wpt lat="51.600039511481263" lon="4.3414142725756513">
    <name>479.8</name>
  </wpt>
  <wpt lat="51.600838456845395" lon="4.3420534568006124">
    <name>479.9</name>
  </wpt>
  <wpt lat="51.6016198868396" lon="4.3427678253164954">
    <name>480.0</name>
  </wpt>
  <wpt lat="51.602371317383032" lon="4.34356072721705">
    <name>480.1</name>
  </wpt>
  <wpt lat="51.603104204060024" lon="4.3443998567088649">
    <name>480.2</name>
  </wpt>
  <wpt lat="51.603868092240425" lon="4.3451620321986519">
    <name>480.3</name>
  </wpt>
  <wpt lat="51.604680336286116" lon="4.3457831220653391">
    <name>480.4</name>
  </wpt>
  <wpt lat="51.605487317148089" lon="4.3464178248288068">
    <name>480.5</name>
  </wpt>
  <wpt lat="51.6062573100789" lon="4.34716595596466">
    <name>480.6</name>
  </wpt>
  <wpt lat="51.607031492595191" lon="4.3479025566146605">
    <name>480.7</name>
  </wpt>
  <wpt lat="51.607824278860782" lon="4.3485856612239466">
    <name>480.8</name>
  </wpt>
  <wpt lat="51.608601657764218" lon="4.34931375827822">
    <name>480.9</name>
  </wpt>
  <wpt lat="51.609379036667576" lon="4.3500418678003694">
    <name>481.0</name>
  </wpt>
  <wpt lat="51.610156415570884" lon="4.3507699897910053">
    <name>481.1</name>
  </wpt>
  <wpt lat="51.610937034373862" lon="4.3514885320673748">
    <name>481.2</name>
  </wpt>
  <wpt lat="51.611756172573607" lon="4.3520854743140935">
    <name>481.3</name>
  </wpt>
  <wpt lat="51.612585090122721" lon="4.3526471973612981">
    <name>481.4</name>
  </wpt>
  <wpt lat="51.613414007671793" lon="4.3532089306666819">
    <name>481.5</name>
  </wpt>
  <wpt lat="51.614242925220822" lon="4.3537706742306526">
    <name>481.6</name>
  </wpt>
  <wpt lat="51.615071842769808" lon="4.354332428053719">
    <name>481.7</name>
  </wpt>
  <wpt lat="51.615900760318752" lon="4.3548941921363893">
    <name>481.8</name>
  </wpt>
  <wpt lat="51.61672967786766" lon="4.3554559664791732">
    <name>481.9</name>
  </wpt>
  <wpt lat="51.61755859541654" lon="4.3560177510825779">
    <name>482.0</name>
  </wpt>
  <wpt lat="51.618387512965384" lon="4.3565795459471151">
    <name>482.1</name>
  </wpt>
  <wpt lat="51.619216430514172" lon="4.35714135107319">
    <name>482.2</name>
  </wpt>
  <wpt lat="51.620045348062931" lon="4.3577031664614125">
    <name>482.3</name>
  </wpt>
  <wpt lat="51.620868500936567" lon="4.3582757525086091">
    <name>482.4</name>
  </wpt>
  <wpt lat="51.621701760317549" lon="4.3588101972807589">
    <name>482.5</name>
  </wpt>
  <wpt lat="51.622530156114571" lon="4.3593740363338949">
    <name>482.6</name>
  </wpt>
  <wpt lat="51.623358551911558" lon="4.3599378856810356">
    <name>482.7</name>
  </wpt>
  <wpt lat="51.6241869477085" lon="4.3605017453225887">
    <name>482.8</name>
  </wpt>
  <wpt lat="51.625015343505417" lon="4.3610656152591645">
    <name>482.9</name>
  </wpt>
  <wpt lat="51.625844623264129" lon="4.3616260861459093">
    <name>483.0</name>
  </wpt>
  <wpt lat="51.626678302149905" lon="4.3621691707880865">
    <name>483.1</name>
  </wpt>
  <wpt lat="51.627489099653353" lon="4.3627820993899329">
    <name>483.2</name>
  </wpt>
  <wpt lat="51.627898626047468" lon="4.3639636260227812">
    <name>483.3</name>
  </wpt>
  <wpt lat="51.628668205476536" lon="4.3636320000000444">
    <name>483.4</name>
  </wpt>
  <wpt lat="51.629514848797278" lon="4.3641031402781341">
    <name>483.5</name>
  </wpt>
  <wpt lat="51.630346489299065" lon="4.36465146919403">
    <name>483.6</name>
  </wpt>
  <wpt lat="51.631173792941432" lon="4.3652195614363309">
    <name>483.7</name>
  </wpt>
  <wpt lat="51.632001356499963" lon="4.3657866138592283">
    <name>483.8</name>
  </wpt>
  <wpt lat="51.632829058472218" lon="4.3663520696650489">
    <name>483.9</name>
  </wpt>
  <wpt lat="51.633660246832477" lon="4.3669051821146265">
    <name>484.0</name>
  </wpt>
  <wpt lat="51.634337632660696" lon="4.3678040997025542">
    <name>484.1</name>
  </wpt>
  <wpt lat="51.634872220242485" lon="4.3689581941413476">
    <name>484.2</name>
  </wpt>
  <wpt lat="51.635381693572604" lon="4.3700865077671249">
    <name>484.3</name>
  </wpt>
  <wpt lat="51.635934712754533" lon="4.3710984255076317">
    <name>484.4</name>
  </wpt>
  <wpt lat="51.636549372829528" lon="4.3721214762737617">
    <name>484.5</name>
  </wpt>
  <wpt lat="51.63729556557449" lon="4.3729253113835513">
    <name>484.6</name>
  </wpt>
  <wpt lat="51.637931687035561" lon="4.373111484386869">
    <name>484.7</name>
  </wpt>
  <wpt lat="51.638369999074051" lon="4.3743696241163583">
    <name>484.8</name>
  </wpt>
  <wpt lat="51.638887801918457" lon="4.3755534362488806">
    <name>484.9</name>
  </wpt>
  <wpt lat="51.63942326722696" lon="4.3767176653145894">
    <name>485.0</name>
  </wpt>
  <wpt lat="51.639943988874187" lon="4.3778989880708288">
    <name>485.1</name>
  </wpt>
  <wpt lat="51.640437005905355" lon="4.3791106674650218">
    <name>485.2</name>
  </wpt>
  <wpt lat="51.640959656845162" lon="4.3802890006455053">
    <name>485.3</name>
  </wpt>
  <wpt lat="51.641497577493553" lon="4.3814503401701606">
    <name>485.4</name>
  </wpt>
  <wpt lat="51.642066378640379" lon="4.3825721852943573">
    <name>485.5</name>
  </wpt>
  <wpt lat="51.642680661546436" lon="4.3835975954409356">
    <name>485.6</name>
  </wpt>
  <wpt lat="51.643071886596168" lon="4.384902489944781">
    <name>485.7</name>
  </wpt>
  <wpt lat="51.64346454018964" lon="4.3862062577204908">
    <name>485.8</name>
  </wpt>
  <wpt lat="51.643870197388651" lon="4.3874996808878439">
    <name>485.9</name>
  </wpt>
  <wpt lat="51.64366000008534" lon="4.3888555159833285">
    <name>486.0</name>
  </wpt>
  <wpt lat="51.644116498750165" lon="4.3899917678264808">
    <name>486.1</name>
  </wpt>
  <wpt lat="51.644753659668872" lon="4.390992876963641">
    <name>486.2</name>
  </wpt>
  <wpt lat="51.645482518797337" lon="4.3918417000822307">
    <name>486.3</name>
  </wpt>
  <wpt lat="51.646265102761809" lon="4.3924220513614705">
    <name>486.4</name>
  </wpt>
  <wpt lat="51.646925668549073" lon="4.3933390119810509">
    <name>486.5</name>
  </wpt>
  <wpt lat="51.647594124418831" lon="4.3942778879928248">
    <name>486.6</name>
  </wpt>
  <wpt lat="51.648338415096944" lon="4.3950689822275182">
    <name>486.7</name>
  </wpt>
  <wpt lat="51.6487677475592" lon="4.3963285382734769">
    <name>486.8</name>
  </wpt>
  <wpt lat="51.648967753704675" lon="4.3977414176380041">
    <name>486.9</name>
  </wpt>
  <wpt lat="51.649163306259759" lon="4.3991561422038234">
    <name>487.0</name>
  </wpt>
  <wpt lat="51.648917000029144" lon="4.4002190659432356">
    <name>487.1</name>
  </wpt>
  <wpt lat="51.649293729524416" lon="4.4015175289263446">
    <name>487.2</name>
  </wpt>
  <wpt lat="51.649305708476021" lon="4.4029637178109562">
    <name>487.3</name>
  </wpt>
  <wpt lat="51.649309341258409" lon="4.4044091272660886">
    <name>487.4</name>
  </wpt>
  <wpt lat="51.649884713040407" lon="4.4054600318121047">
    <name>487.5</name>
  </wpt>
  <wpt lat="51.650571329440815" lon="4.4063939687278921">
    <name>487.6</name>
  </wpt>
  <wpt lat="51.651241432009051" lon="4.4073606524281734">
    <name>487.7</name>
  </wpt>
  <wpt lat="51.651906904451145" lon="4.4083356313963229">
    <name>487.8</name>
  </wpt>
  <wpt lat="51.652572376893147" lon="4.4093106246788016">
    <name>487.9</name>
  </wpt>
  <wpt lat="51.653237849335035" lon="4.4102856322761159">
    <name>488.0</name>
  </wpt>
  <wpt lat="51.654077698362357" lon="4.4103366107790505">
    <name>488.1</name>
  </wpt>
  <wpt lat="51.654956747071772" lon="4.4100305697498561">
    <name>488.2</name>
  </wpt>
  <wpt lat="51.655843563790334" lon="4.4098207197874943">
    <name>488.3</name>
  </wpt>
  <wpt lat="51.656726214121605" lon="4.4099869656191251">
    <name>488.4</name>
  </wpt>
  <wpt lat="51.65697192330142" lon="4.4108487148091307">
    <name>488.5</name>
  </wpt>
  <wpt lat="51.656537965856892" lon="4.4121159652508384">
    <name>488.6</name>
  </wpt>
  <wpt lat="51.656234207184653" lon="4.413477277265148">
    <name>488.7</name>
  </wpt>
  <wpt lat="51.655697890170657" lon="4.4146370956225063">
    <name>488.8</name>
  </wpt>
  <wpt lat="51.655153107839169" lon="4.4157899239705189">
    <name>488.9</name>
  </wpt>
  <wpt lat="51.654601777869722" lon="4.4169351548954019">
    <name>489.0</name>
  </wpt>
  <wpt lat="51.654098487798564" lon="4.4181357291641037">
    <name>489.1</name>
  </wpt>
  <wpt lat="51.653622180202248" lon="4.4193652856077428">
    <name>489.2</name>
  </wpt>
  <wpt lat="51.653229092985448" lon="4.4204983273372065">
    <name>489.3</name>
  </wpt>
  <wpt lat="51.653411017677136" lon="4.4215172674015966">
    <name>489.4</name>
  </wpt>
  <wpt lat="51.654208483206119" lon="4.4221873484235585">
    <name>489.5</name>
  </wpt>
  <wpt lat="51.654997991665056" lon="4.4228808664557837">
    <name>489.6</name>
  </wpt>
  <wpt lat="51.6557778366208" lon="4.4236028440066191">
    <name>489.7</name>
  </wpt>
  <wpt lat="51.656518612996855" lon="4.4244231285570415">
    <name>489.8</name>
  </wpt>
  <wpt lat="51.657175089916976" lon="4.425413646832137">
    <name>489.9</name>
  </wpt>
  <wpt lat="51.65784241296339" lon="4.4263854112293446">
    <name>490.0</name>
  </wpt>
  <wpt lat="51.658514634550848" lon="4.4273484278313981">
    <name>490.1</name>
  </wpt>
  <wpt lat="51.659190202573683" lon="4.4283045970110706">
    <name>490.2</name>
  </wpt>
  <wpt lat="51.65995511091586" lon="4.429063028882962">
    <name>490.3</name>
  </wpt>
  <wpt lat="51.660771119618666" lon="4.4296707460316664">
    <name>490.4</name>
  </wpt>
  <wpt lat="51.661602110731174" lon="4.43022506588097">
    <name>490.5</name>
  </wpt>
  <wpt lat="51.662381792293438" lon="4.4309419846895617">
    <name>490.6</name>
  </wpt>
  <wpt lat="51.66314256784991" lon="4.4317151454171659">
    <name>490.7</name>
  </wpt>
  <wpt lat="51.663899401669589" lon="4.4324982686153325">
    <name>490.8</name>
  </wpt>
  <wpt lat="51.664659475599805" lon="4.433273246730506">
    <name>490.9</name>
  </wpt>
  <wpt lat="51.66541954952995" lon="4.4340482378470751">
    <name>491.0</name>
  </wpt>
  <wpt lat="51.666179623460017" lon="4.43482324196565">
    <name>491.1</name>
  </wpt>
  <wpt lat="51.666939697390028" lon="4.43559825908674">
    <name>491.2</name>
  </wpt>
  <wpt lat="51.667698682228711" lon="4.4363760586335">
    <name>491.3</name>
  </wpt>
  <wpt lat="51.668340080792419" lon="4.4359678054183105">
    <name>491.4</name>
  </wpt>
  <wpt lat="51.668957432026936" lon="4.4349209771949365">
    <name>491.5</name>
  </wpt>
  <wpt lat="51.669765833406252" lon="4.434288153763319">
    <name>491.6</name>
  </wpt>
  <wpt lat="51.670585362686836" lon="4.4336910223342558">
    <name>491.7</name>
  </wpt>
  <wpt lat="51.671404774915636" lon="4.43309347283446">
    <name>491.8</name>
  </wpt>
  <wpt lat="51.672226458898137" lon="4.43250405943231">
    <name>491.9</name>
  </wpt>
  <wpt lat="51.673063517813951" lon="4.43197952969191">
    <name>492.0</name>
  </wpt>
  <wpt lat="51.673925115496814" lon="4.4318584479468255">
    <name>492.1</name>
  </wpt>
  <wpt lat="51.674706299125837" lon="4.4325768870740916">
    <name>492.2</name>
  </wpt>
  <wpt lat="51.675401327665341" lon="4.43284294293296">
    <name>492.3</name>
  </wpt>
  <wpt lat="51.675891997034171" lon="4.431934717960341">
    <name>492.4</name>
  </wpt>
  <wpt lat="51.676483187421361" lon="4.43154528108374">
    <name>492.5</name>
  </wpt>
  <wpt lat="51.677247388131256" lon="4.4323027761480338">
    <name>492.6</name>
  </wpt>
  <wpt lat="51.677791120923324" lon="4.4331272052045563">
    <name>492.7</name>
  </wpt>
  <wpt lat="51.67763912379327" lon="4.4342629951105623">
    <name>492.8</name>
  </wpt>
  <wpt lat="51.677858787767647" lon="4.4352797840110165">
    <name>492.9</name>
  </wpt>
  <wpt lat="51.678486607318973" lon="4.4359596444027236">
    <name>493.0</name>
  </wpt>
  <wpt lat="51.679252426954228" lon="4.4367085941489259">
    <name>493.1</name>
  </wpt>
  <wpt lat="51.680032681653337" lon="4.4374298065922453">
    <name>493.2</name>
  </wpt>
  <wpt lat="51.680809938344218" lon="4.4381593993315169">
    <name>493.3</name>
  </wpt>
  <wpt lat="51.681587027642735" lon="4.4388894718021454">
    <name>493.4</name>
  </wpt>
  <wpt lat="51.682364116941187" lon="4.4396195568026338">
    <name>493.5</name>
  </wpt>
  <wpt lat="51.683141206239583" lon="4.440349654333489">
    <name>493.6</name>
  </wpt>
  <wpt lat="51.683917762479" lon="4.4410812359296816">
    <name>493.7</name>
  </wpt>
  <wpt lat="51.684687188543727" lon="4.4416859926246026">
    <name>493.8</name>
  </wpt>
  <wpt lat="51.685466770569448" lon="4.44240916806729">
    <name>493.9</name>
  </wpt>
  <wpt lat="51.686154725712015" lon="4.4431452185371052">
    <name>494.0</name>
  </wpt>
  <wpt lat="51.686976393829838" lon="4.4437124806763126">
    <name>494.1</name>
  </wpt>
  <wpt lat="51.687867487467415" lon="4.4437275011312822">
    <name>494.2</name>
  </wpt>
  <wpt lat="51.6886904829462" lon="4.4431626702476645">
    <name>494.3</name>
  </wpt>
  <wpt lat="51.68896485880034" lon="4.4422790105888632">
    <name>494.4</name>
  </wpt>
  <wpt lat="51.689254452535678" lon="4.4414845683570752">
    <name>494.5</name>
  </wpt>
  <wpt lat="51.689935086601714" lon="4.4413254786455427">
    <name>494.6</name>
  </wpt>
  <wpt lat="51.690675455823573" lon="4.4415656704815714">
    <name>494.7</name>
  </wpt>
  <wpt lat="51.6913858742323" lon="4.4407326243264693">
    <name>494.8</name>
  </wpt>
  <wpt lat="51.691896609964289" lon="4.4395389828749394">
    <name>494.9</name>
  </wpt>
  <wpt lat="51.691718137023578" lon="4.438555052769158">
    <name>495.0</name>
  </wpt>
  <wpt lat="51.692380969224033" lon="4.43833830689098">
    <name>495.1</name>
  </wpt>
  <wpt lat="51.693019678309732" lon="4.4391944757037551">
    <name>495.2</name>
  </wpt>
  <wpt lat="51.693762660954469" lon="4.4400115043387709">
    <name>495.3</name>
  </wpt>
  <wpt lat="51.693726960202518" lon="4.441058099551757">
    <name>495.4</name>
  </wpt>
  <wpt lat="51.694017715123849" lon="4.4410456836375456">
    <name>495.5</name>
  </wpt>
  <wpt lat="51.694559502592696" lon="4.4400960574542543">
    <name>495.6</name>
  </wpt>
  <wpt lat="51.695287597682778" lon="4.4409447433648337">
    <name>495.7</name>
  </wpt>
  <wpt lat="51.695891372324361" lon="4.4409501038085919">
    <name>495.8</name>
  </wpt>
  <wpt lat="51.696317000055416" lon="4.43982554027581">
    <name>495.9</name>
  </wpt>
  <wpt lat="51.695860436940606" lon="4.4386185424318558">
    <name>496.0</name>
  </wpt>
  <wpt lat="51.695738000263255" lon="4.4371880278393743">
    <name>496.1</name>
  </wpt>
  <wpt lat="51.696096138513489" lon="4.4358917197132062">
    <name>496.2</name>
  </wpt>
  <wpt lat="51.696465331811488" lon="4.43459491111541">
    <name>496.3</name>
  </wpt>
  <wpt lat="51.696432693439469" lon="4.4331454751547907">
    <name>496.4</name>
  </wpt>
  <wpt lat="51.696378040701333" lon="4.4316990218204424">
    <name>496.5</name>
  </wpt>
  <wpt lat="51.696361334316741" lon="4.4302489505292169">
    <name>496.6</name>
  </wpt>
  <wpt lat="51.696569380585188" lon="4.42883738620955">
    <name>496.7</name>
  </wpt>
  <wpt lat="51.696763272420789" lon="4.4274207829184764">
    <name>496.8</name>
  </wpt>
  <wpt lat="51.696817877939829" lon="4.4259895956355253">
    <name>496.9</name>
  </wpt>
  <wpt lat="51.696374082793476" lon="4.424750889320781">
    <name>497.0</name>
  </wpt>
  <wpt lat="51.695793579656552" lon="4.4236428545321234">
    <name>497.1</name>
  </wpt>
  <wpt lat="51.695193669651154" lon="4.4225620904526677">
    <name>497.2</name>
  </wpt>
  <wpt lat="51.694606574192726" lon="4.4214634398581314">
    <name>497.3</name>
  </wpt>
  <wpt lat="51.694015288815756" lon="4.42037063082533">
    <name>497.4</name>
  </wpt>
  <wpt lat="51.693419926713815" lon="4.4192833286634263">
    <name>497.5</name>
  </wpt>
  <wpt lat="51.692832050305888" lon="4.4181854044993347">
    <name>497.6</name>
  </wpt>
  <wpt lat="51.692244321496077" lon="4.4170872888920085">
    <name>497.7</name>
  </wpt>
  <wpt lat="51.69153909286986" lon="4.4177548011242749">
    <name>497.8</name>
  </wpt>
  <wpt lat="51.690769505564056" lon="4.4184892417183237">
    <name>497.9</name>
  </wpt>
  <wpt lat="51.689958077732989" lon="4.4191147641838207">
    <name>498.0</name>
  </wpt>
  <wpt lat="51.689146649901971" lon="4.4197402754365642">
    <name>498.1</name>
  </wpt>
  <wpt lat="51.688322823836323" lon="4.4197197384176894">
    <name>498.2</name>
  </wpt>
  <wpt lat="51.687527066416379" lon="4.4190438935420167">
    <name>498.3</name>
  </wpt>
  <wpt lat="51.686707322467186" lon="4.4184757195957953">
    <name>498.4</name>
  </wpt>
  <wpt lat="51.685812291609246" lon="4.4185790890980075">
    <name>498.5</name>
  </wpt>
  <wpt lat="51.68491761658764" lon="4.4187263543943285">
    <name>498.6</name>
  </wpt>
  <wpt lat="51.684021553254958" lon="4.418849552369255">
    <name>498.7</name>
  </wpt>
  <wpt lat="51.683230842633449" lon="4.4183386743727784">
    <name>498.8</name>
  </wpt>
  <wpt lat="51.682655850654712" lon="4.4172247344313424">
    <name>498.9</name>
  </wpt>
  <wpt lat="51.68320708235138" lon="4.4162295261885793">
    <name>499.0</name>
  </wpt>
  <wpt lat="51.683874530449515" lon="4.4152573760455587">
    <name>499.1</name>
  </wpt>
  <wpt lat="51.68454197854755" lon="4.4142852115710092">
    <name>499.2</name>
  </wpt>
  <wpt lat="51.685209426645493" lon="4.41331303276432">
    <name>499.3</name>
  </wpt>
  <wpt lat="51.68586977996231" lon="4.41232847635114">
    <name>499.4</name>
  </wpt>
  <wpt lat="51.68652207365043" lon="4.4113298668129213">
    <name>499.5</name>
  </wpt>
  <wpt lat="51.687174367338443" lon="4.4103312428859756">
    <name>499.6</name>
  </wpt>
  <wpt lat="51.687826661026371" lon="4.4093326045696912">
    <name>499.7</name>
  </wpt>
  <wpt lat="51.688476827493822" lon="4.4083323113250081">
    <name>499.8</name>
  </wpt>
  <wpt lat="51.689165048919222" lon="4.4073989944673624">
    <name>499.9</name>
  </wpt>
  <wpt lat="51.6898366817347" lon="4.40643424401946">
    <name>500.0</name>
  </wpt>
  <wpt lat="51.69053864096707" lon="4.4055297671432614">
    <name>500.1</name>
  </wpt>
  <wpt lat="51.691229178648769" lon="4.4046005281403176">
    <name>500.2</name>
  </wpt>
  <wpt lat="51.691918805776012" lon="4.4036693561530784">
    <name>500.3</name>
  </wpt>
  <wpt lat="51.692609565479913" lon="4.4027403554551023">
    <name>500.4</name>
  </wpt>
  <wpt lat="51.693300325183721" lon="4.4018113405788757">
    <name>500.5</name>
  </wpt>
  <wpt lat="51.694002836176018" lon="4.4009059073600607">
    <name>500.6</name>
  </wpt>
  <wpt lat="51.694733708141307" lon="4.4000627555805307">
    <name>500.7</name>
  </wpt>
  <wpt lat="51.6955159744359" lon="4.3993490815936722">
    <name>500.8</name>
  </wpt>
  <wpt lat="51.696326168171758" lon="4.3987197365018416">
    <name>500.9</name>
  </wpt>
  <wpt lat="51.697147030476792" lon="4.3981270911953878">
    <name>501.0</name>
  </wpt>
  <wpt lat="51.6979838737956" lon="4.39759571780571">
    <name>501.1</name>
  </wpt>
  <wpt lat="51.6988229181491" lon="4.3970737863155929">
    <name>501.2</name>
  </wpt>
  <wpt lat="51.699679747690595" lon="4.3966336414834029">
    <name>501.3</name>
  </wpt>
  <wpt lat="51.700551839674723" lon="4.3962846462028056">
    <name>501.4</name>
  </wpt>
  <wpt lat="51.701436754868" lon="4.3960267708827345">
    <name>501.5</name>
  </wpt>
  <wpt lat="51.702264306200256" lon="4.3958813521554969">
    <name>501.6</name>
  </wpt>
  <wpt lat="51.703162835035286" lon="4.3958204349748895">
    <name>501.7</name>
  </wpt>
  <wpt lat="51.70405721899342" lon="4.3958342189822552">
    <name>501.8</name>
  </wpt>
  <wpt lat="51.70494072602844" lon="4.3959593089824471">
    <name>501.9</name>
  </wpt>
  <wpt lat="51.70583687233308" lon="4.3960693368807231">
    <name>502.0</name>
  </wpt>
  <wpt lat="51.706735880371234" lon="4.396092935898162">
    <name>502.1</name>
  </wpt>
  <wpt lat="51.707625842410607" lon="4.396290242781121">
    <name>502.2</name>
  </wpt>
  <wpt lat="51.708498399071708" lon="4.3966378091268421">
    <name>502.3</name>
  </wpt>
  <wpt lat="51.709361432517376" lon="4.3970459198641745">
    <name>502.4</name>
  </wpt>
  <wpt lat="51.710222359931812" lon="4.3974637257462952">
    <name>502.5</name>
  </wpt>
  <wpt lat="51.71106264424094" lon="4.3979799643749207">
    <name>502.6</name>
  </wpt>
  <wpt lat="51.711902279810779" lon="4.3984997959640113">
    <name>502.7</name>
  </wpt>
  <wpt lat="51.712740906148355" lon="4.39902397143642">
    <name>502.8</name>
  </wpt>
  <wpt lat="51.713581451413958" lon="4.3995400103436157">
    <name>502.9</name>
  </wpt>
  <wpt lat="51.714417587365418" lon="4.4000742356622764">
    <name>503.0</name>
  </wpt>
  <wpt lat="51.715257062505664" lon="4.4005948447428951">
    <name>503.1</name>
  </wpt>
  <wpt lat="51.716097241205674" lon="4.401112517886463">
    <name>503.2</name>
  </wpt>
  <wpt lat="51.716936253114554" lon="4.4016351301714094">
    <name>503.3</name>
  </wpt>
  <wpt lat="51.717772115543021" lon="4.4021704787723177">
    <name>503.4</name>
  </wpt>
  <wpt lat="51.718611873229378" lon="4.4026899778613364">
    <name>503.5</name>
  </wpt>
  <wpt lat="51.719453173552459" lon="4.4032029154249281">
    <name>503.6</name>
  </wpt>
  <wpt lat="51.72029047990295" lon="4.4037326019563894">
    <name>503.7</name>
  </wpt>
  <wpt lat="51.721110789394736" lon="4.4043241943953291">
    <name>503.8</name>
  </wpt>
  <wpt lat="51.721941964949814" lon="4.4048772180137954">
    <name>503.9</name>
  </wpt>
  <wpt lat="51.722778126713216" lon="4.4054116698347672">
    <name>504.0</name>
  </wpt>
  <wpt lat="51.723614288476583" lon="4.4059461315400892">
    <name>504.1</name>
  </wpt>
  <wpt lat="51.7244488371388" lon="4.4064425833570935">
    <name>504.2</name>
  </wpt>
  <wpt lat="51.725287299991841" lon="4.40696758518748">
    <name>504.3</name>
  </wpt>
  <wpt lat="51.726125817513093" lon="4.4074923698376844">
    <name>504.4</name>
  </wpt>
  <wpt lat="51.726964335034317" lon="4.4080171642220138">
    <name>504.5</name>
  </wpt>
  <wpt lat="51.727801549188626" lon="4.4085472121586307">
    <name>504.6</name>
  </wpt>
  <wpt lat="51.728632095606024" lon="4.4091040855373791">
    <name>504.7</name>
  </wpt>
  <wpt lat="51.729462642023371" lon="4.409660969148252">
    <name>504.8</name>
  </wpt>
  <wpt lat="51.730302884783811" lon="4.4101780220741915">
    <name>504.9</name>
  </wpt>
  <wpt lat="51.731150756816874" lon="4.4106617464224689">
    <name>505.0</name>
  </wpt>
  <wpt lat="51.732008601680107" lon="4.4110974315987432">
    <name>505.1</name>
  </wpt>
  <wpt lat="51.732564062607715" lon="4.4119198273503724">
    <name>505.2</name>
  </wpt>
  <wpt lat="51.731958247087483" lon="4.4129918967135016">
    <name>505.3</name>
  </wpt>
  <wpt lat="51.731359807535995" lon="4.4140756966310768">
    <name>505.4</name>
  </wpt>
  <wpt lat="51.730761647621648" lon="4.4151599779649411">
    <name>505.5</name>
  </wpt>
  <wpt lat="51.730160676884836" lon="4.4162401405003386">
    <name>505.6</name>
  </wpt>
  <wpt lat="51.7295523386825" lon="4.4173095292698967">
    <name>505.7</name>
  </wpt>
  <wpt lat="51.728944000480283" lon="4.4183789036474694">
    <name>505.8</name>
  </wpt>
  <wpt lat="51.728336132140576" lon="4.4194489515943642">
    <name>505.9</name>
  </wpt>
  <wpt lat="51.72773559593395" lon="4.4205297310198688">
    <name>506.0</name>
  </wpt>
  <wpt lat="51.727122241878611" lon="4.4215915650582973">
    <name>506.1</name>
  </wpt>
  <wpt lat="51.726526884931751" lon="4.4226785672209195">
    <name>506.2</name>
  </wpt>
  <wpt lat="51.726013934620696" lon="4.4238662616836217">
    <name>506.3</name>
  </wpt>
  <wpt lat="51.7261105657503" lon="4.4252828193745986">
    <name>506.4</name>
  </wpt>
  <wpt lat="51.726198728562757" lon="4.42672631363924">
    <name>506.5</name>
  </wpt>
  <wpt lat="51.726245525562916" lon="4.4281762240436588">
    <name>506.6</name>
  </wpt>
  <wpt lat="51.726292322563054" lon="4.4296261359489941">
    <name>506.7</name>
  </wpt>
  <wpt lat="51.726354987171447" lon="4.4310741632235233">
    <name>506.8</name>
  </wpt>
  <wpt lat="51.7263948580989" lon="4.4325245278157315">
    <name>506.9</name>
  </wpt>
  <wpt lat="51.726436705127988" lon="4.433974838755594">
    <name>507.0</name>
  </wpt>
  <wpt lat="51.726481994433129" lon="4.4354247604338326">
    <name>507.1</name>
  </wpt>
  <wpt lat="51.72635800000149" lon="4.436827374714456">
    <name>507.2</name>
  </wpt>
  <wpt lat="51.726794394146914" lon="4.4378540000000424">
    <name>507.3</name>
  </wpt>
  <wpt lat="51.727691319584466" lon="4.437951122050344">
    <name>507.4</name>
  </wpt>
  <wpt lat="51.728588276484679" lon="4.4380557799827391">
    <name>507.5</name>
  </wpt>
  <wpt lat="51.729483933643806" lon="4.4381321668222524">
    <name>507.6</name>
  </wpt>
  <wpt lat="51.730371013575031" lon="4.4382942627538675">
    <name>507.7</name>
  </wpt>
  <wpt lat="51.73126702303265" lon="4.4384030455021346">
    <name>507.8</name>
  </wpt>
  <wpt lat="51.732164682104084" lon="4.4384909033617124">
    <name>507.9</name>
  </wpt>
  <wpt lat="51.733061623920428" lon="4.4385896170928705">
    <name>508.0</name>
  </wpt>
  <wpt lat="51.733958505289436" lon="4.4386909999999675">
    <name>508.1</name>
  </wpt>
  <wpt lat="51.734855433416342" lon="4.4387931401265011">
    <name>508.2</name>
  </wpt>
  <wpt lat="51.73574211953035" lon="4.4390273675664487">
    <name>508.3</name>
  </wpt>
  <wpt lat="51.736621900632016" lon="4.439322781744357">
    <name>508.4</name>
  </wpt>
  <wpt lat="51.737500695320861" lon="4.4396281007345113">
    <name>508.5</name>
  </wpt>
  <wpt lat="51.738380758605835" lon="4.43991737929675">
    <name>508.6</name>
  </wpt>
  <wpt lat="51.739268216782207" lon="4.4400860000000133">
    <name>508.7</name>
  </wpt>
  <wpt lat="51.740148358095091" lon="4.4399789999999717">
    <name>508.8</name>
  </wpt>
  <wpt lat="51.741041370321689" lon="4.4398198398670914">
    <name>508.9</name>
  </wpt>
  <wpt lat="51.741923806693016" lon="4.4399672369393395">
    <name>509.0</name>
  </wpt>
  <wpt lat="51.74280301379374" lon="4.4402707634811369">
    <name>509.1</name>
  </wpt>
  <wpt lat="51.743680966996969" lon="4.440585474018345">
    <name>509.2</name>
  </wpt>
  <wpt lat="51.744561767438661" lon="4.4408750274837105">
    <name>509.3</name>
  </wpt>
  <wpt lat="51.745392248598833" lon="4.4412957295131763">
    <name>509.4</name>
  </wpt>
  <wpt lat="51.746279012477231" lon="4.441288000000033">
    <name>509.5</name>
  </wpt>
  <wpt lat="51.747014052555265" lon="4.4419248949686008">
    <name>509.6</name>
  </wpt>
  <wpt lat="51.747850426667661" lon="4.4420675357178565">
    <name>509.7</name>
  </wpt>
  <wpt lat="51.748727840735896" lon="4.4423861220068392">
    <name>509.8</name>
  </wpt>
  <wpt lat="51.749603233388285" lon="4.4427189819155357">
    <name>509.9</name>
  </wpt>
  <wpt lat="51.750388345054759" lon="4.4433469999999557">
    <name>510.0</name>
  </wpt>
  <wpt lat="51.751272480504248" lon="4.4433663128164129">
    <name>510.1</name>
  </wpt>
  <wpt lat="51.75215533515739" lon="4.4436381451535052">
    <name>510.2</name>
  </wpt>
  <wpt lat="51.753033592188963" lon="4.4439428514803829">
    <name>510.3</name>
  </wpt>
  <wpt lat="51.753915454145684" lon="4.4442155992873689">
    <name>510.4</name>
  </wpt>
  <wpt lat="51.754792910053546" lon="4.4445340069475456">
    <name>510.5</name>
  </wpt>
  <wpt lat="51.7556703659614" lon="4.4448524207943851">
    <name>510.6</name>
  </wpt>
  <wpt lat="51.7565557462936" lon="4.4449980660687167">
    <name>510.7</name>
  </wpt>
  <wpt lat="51.757401932216069" lon="4.4445196388381829">
    <name>510.8</name>
  </wpt>
  <wpt lat="51.758297659067019" lon="4.444422159439382">
    <name>510.9</name>
  </wpt>
  <wpt lat="51.75919391539275" lon="4.4444683515559058">
    <name>511.0</name>
  </wpt>
  <wpt lat="51.760084704159006" lon="4.4444593481040018">
    <name>511.1</name>
  </wpt>
  <wpt lat="51.760967756051912" lon="4.4441856282919243">
    <name>511.2</name>
  </wpt>
  <wpt lat="51.761858720674724" lon="4.4440224015720542">
    <name>511.3</name>
  </wpt>
  <wpt lat="51.762756564367805" lon="4.4439391331704421">
    <name>511.4</name>
  </wpt>
  <wpt lat="51.763654187659277" lon="4.4438502255604959">
    <name>511.5</name>
  </wpt>
  <wpt lat="51.76455132517205" lon="4.4438199999999686">
    <name>511.6</name>
  </wpt>
  <wpt lat="51.765449531329921" lon="4.4438727454078952">
    <name>511.7</name>
  </wpt>
  <wpt lat="51.766337214786432" lon="4.443931759146623">
    <name>511.8</name>
  </wpt>
  <wpt lat="51.767230436200279" lon="4.4440802977902756">
    <name>511.9</name>
  </wpt>
  <wpt lat="51.768114721128534" lon="4.4443349999999944">
    <name>512.0</name>
  </wpt>
  <wpt lat="51.768720036275688" lon="4.4437058924741244">
    <name>512.1</name>
  </wpt>
  <wpt lat="51.768865335597475" lon="4.4423026286986884">
    <name>512.2</name>
  </wpt>
  <wpt lat="51.768887000055912" lon="4.4408516968246818">
    <name>512.3</name>
  </wpt>
  <wpt lat="51.768909000185069" lon="4.4394005464646851">
    <name>512.4</name>
  </wpt>
  <wpt lat="51.768930000032086" lon="4.4379493525104277">
    <name>512.5</name>
  </wpt>
  <wpt lat="51.768924935968251" lon="4.4365002159040223">
    <name>512.6</name>
  </wpt>
  <wpt lat="51.768931002491179" lon="4.4350475762027326">
    <name>512.7</name>
  </wpt>
  <wpt lat="51.768951000022362" lon="4.4335958238513653">
    <name>512.8</name>
  </wpt>
  <wpt lat="51.768916163294975" lon="4.4321496615084577">
    <name>512.9</name>
  </wpt>
  <wpt lat="51.768915792248642" lon="4.4307283696777615">
    <name>513.0</name>
  </wpt>
  <wpt lat="51.769294631487305" lon="4.4294103467482824">
    <name>513.1</name>
  </wpt>
  <wpt lat="51.769671220425238" lon="4.4280917354336928">
    <name>513.2</name>
  </wpt>
  <wpt lat="51.770061662368512" lon="4.4267851266167764">
    <name>513.3</name>
  </wpt>
  <wpt lat="51.770435296707596" lon="4.4254631975149685">
    <name>513.4</name>
  </wpt>
  <wpt lat="51.770851794618913" lon="4.4241754863388447">
    <name>513.5</name>
  </wpt>
  <wpt lat="51.771305279259209" lon="4.4229204876579855">
    <name>513.6</name>
  </wpt>
  <wpt lat="51.771767480048148" lon="4.4216738846540382">
    <name>513.7</name>
  </wpt>
  <wpt lat="51.77222759073927" lon="4.4204251727882449">
    <name>513.8</name>
  </wpt>
  <wpt lat="51.772709992635683" lon="4.4191991841422515">
    <name>513.9</name>
  </wpt>
  <wpt lat="51.773240618734228" lon="4.41802595422557">
    <name>514.0</name>
  </wpt>
  <wpt lat="51.773785870094123" lon="4.416870171554458">
    <name>514.1</name>
  </wpt>
  <wpt lat="51.774313522212715" lon="4.415694181142463">
    <name>514.2</name>
  </wpt>
  <wpt lat="51.774858265307238" lon="4.4145390075354607">
    <name>514.3</name>
  </wpt>
  <wpt lat="51.775410372089951" lon="4.4133921401039506">
    <name>514.4</name>
  </wpt>
  <wpt lat="51.775891158607962" lon="4.4122372154103138">
    <name>514.5</name>
  </wpt>
  <wpt lat="51.776163341234046" lon="4.4108552606644471">
    <name>514.6</name>
  </wpt>
  <wpt lat="51.7764076740373" lon="4.4094564445772892">
    <name>514.7</name>
  </wpt>
  <wpt lat="51.776650993978279" lon="4.4080571648342639">
    <name>514.8</name>
  </wpt>
  <wpt lat="51.776890464425961" lon="4.4066561389114529">
    <name>514.9</name>
  </wpt>
  <wpt lat="51.77712993487355" lon="4.4052551055535734">
    <name>515.0</name>
  </wpt>
  <wpt lat="51.77736940532106" lon="4.403854064760524">
    <name>515.1</name>
  </wpt>
  <wpt lat="51.777672755287782" lon="4.4025985562265717">
    <name>515.2</name>
  </wpt>
  <wpt lat="51.77845226583981" lon="4.402611514956229">
    <name>515.3</name>
  </wpt>
  <wpt lat="51.779333722457451" lon="4.4028998036942291">
    <name>515.4</name>
  </wpt>
  <wpt lat="51.780215339845654" lon="4.4031868100080525">
    <name>515.5</name>
  </wpt>
  <wpt lat="51.781097003382484" lon="4.40347345220017">
    <name>515.6</name>
  </wpt>
  <wpt lat="51.781978666919322" lon="4.4037600999938284">
    <name>515.7</name>
  </wpt>
  <wpt lat="51.782860685615262" lon="4.404043879885708">
    <name>515.8</name>
  </wpt>
  <wpt lat="51.783742804748314" lon="4.4043268528598727">
    <name>515.9</name>
  </wpt>
  <wpt lat="51.784624976056826" lon="4.4046094059868759">
    <name>516.0</name>
  </wpt>
  <wpt lat="51.785507154730226" lon="4.4048919045991717">
    <name>516.1</name>
  </wpt>
  <wpt lat="51.786389333403619" lon="4.405174408736066">
    <name>516.2</name>
  </wpt>
  <wpt lat="51.787271512077005" lon="4.4054569183978636">
    <name>516.3</name>
  </wpt>
  <wpt lat="51.788153690750384" lon="4.40573943358487">
    <name>516.4</name>
  </wpt>
  <wpt lat="51.78903657806552" lon="4.4060161036287848">
    <name>516.5</name>
  </wpt>
  <wpt lat="51.78992252340052" lon="4.4062618162191116">
    <name>516.6</name>
  </wpt>
  <wpt lat="51.790796609986259" lon="4.4065833202713032">
    <name>516.7</name>
  </wpt>
  <wpt lat="51.791678711125307" lon="4.4068664895877747">
    <name>516.8</name>
  </wpt>
  <wpt lat="51.792560812264341" lon="4.4071496644426862">
    <name>516.9</name>
  </wpt>
  <wpt lat="51.793442913403354" lon="4.4074328448363422">
    <name>517.0</name>
  </wpt>
  <wpt lat="51.794325014542373" lon="4.4077160307690493">
    <name>517.1</name>
  </wpt>
  <wpt lat="51.795207115681372" lon="4.4079992222411128">
    <name>517.2</name>
  </wpt>
  <wpt lat="51.79608921682037" lon="4.4082824192528367">
    <name>517.3</name>
  </wpt>
  <wpt lat="51.796971317959347" lon="4.4085656218044251">
    <name>517.4</name>
  </wpt>
  <wpt lat="51.797853419098317" lon="4.4088488298962858">
    <name>517.5</name>
  </wpt>
  <wpt lat="51.798735520237273" lon="4.4091320435286221">
    <name>517.6</name>
  </wpt>
  <wpt lat="51.799617656068556" lon="4.4094149759957508">
    <name>517.7</name>
  </wpt>
  <wpt lat="51.800500274107776" lon="4.4096939580668968">
    <name>517.8</name>
  </wpt>
  <wpt lat="51.801382892146982" lon="4.4099729455995389">
    <name>517.9</name>
  </wpt>
  <wpt lat="51.802265510186182" lon="4.4102519385939818">
    <name>518.0</name>
  </wpt>
  <wpt lat="51.803148128225367" lon="4.410530937050531">
    <name>518.1</name>
  </wpt>
  <wpt lat="51.80403071443039" lon="4.4108102041431412">
    <name>518.2</name>
  </wpt>
  <wpt lat="51.804913272139466" lon="4.4110897122028181">
    <name>518.3</name>
  </wpt>
  <wpt lat="51.805795829848513" lon="4.41136922573488">
    <name>518.4</name>
  </wpt>
  <wpt lat="51.806678387557561" lon="4.4116487447395327">
    <name>518.5</name>
  </wpt>
  <wpt lat="51.807560945266594" lon="4.4119282692169781">
    <name>518.6</name>
  </wpt>
  <wpt lat="51.808448229489578" lon="4.4121527615928677">
    <name>518.7</name>
  </wpt>
  <wpt lat="51.809320157722169" lon="4.4124907675812288">
    <name>518.8</name>
  </wpt>
  <wpt lat="51.810202746904594" lon="4.4127700483733276">
    <name>518.9</name>
  </wpt>
  <wpt lat="51.811085257990655" lon="4.4130499792801663">
    <name>519.0</name>
  </wpt>
  <wpt lat="51.81196774562" lon="4.4133301092889141">
    <name>519.1</name>
  </wpt>
  <wpt lat="51.812828399219704" lon="4.4134701823453337">
    <name>519.2</name>
  </wpt>
  <wpt lat="51.813378388841038" lon="4.4140885317763887">
    <name>519.3</name>
  </wpt>
  <wpt lat="51.814262675372838" lon="4.4143533356960623">
    <name>519.4</name>
  </wpt>
  <wpt lat="51.8151178249275" lon="4.4147927276074">
    <name>519.5</name>
  </wpt>
  <wpt lat="51.815732204928167" lon="4.4145740680549137">
    <name>519.6</name>
  </wpt>
  <wpt lat="51.816613033883783" lon="4.41486593676267">
    <name>519.7</name>
  </wpt>
  <wpt lat="51.817495371978765" lon="4.4151473309102025">
    <name>519.8</name>
  </wpt>
  <wpt lat="51.818374056797985" lon="4.415425671786716">
    <name>519.9</name>
  </wpt>
  <wpt lat="51.819182421828032" lon="4.4155294359355119">
    <name>520.0</name>
  </wpt>
  <wpt lat="51.819933142022435" lon="4.41592848712888">
    <name>520.1</name>
  </wpt>
  <wpt lat="51.820813497880373" lon="4.4162244626287874">
    <name>520.2</name>
  </wpt>
  <wpt lat="51.821698316036468" lon="4.4164836537776111">
    <name>520.3</name>
  </wpt>
  <wpt lat="51.822579737449374" lon="4.4167724972413946">
    <name>520.4</name>
  </wpt>
  <wpt lat="51.8232880588418" lon="4.4166407587291827">
    <name>520.5</name>
  </wpt>
  <wpt lat="51.823485376929426" lon="4.4152213432187333">
    <name>520.6</name>
  </wpt>
  <wpt lat="51.823682721023324" lon="4.4138024519554984">
    <name>520.7</name>
  </wpt>
  <wpt lat="51.82384313416393" lon="4.4124455359495744">
    <name>520.8</name>
  </wpt>
  <wpt lat="51.824723580669961" lon="4.4121814816429765">
    <name>520.9</name>
  </wpt>
  <wpt lat="51.82538472121135" lon="4.41161194512026">
    <name>521.0</name>
  </wpt>
  <wpt lat="51.826267380703335" lon="4.4113333092692333">
    <name>521.1</name>
  </wpt>
  <wpt lat="51.826983168364485" lon="4.4115180640713607">
    <name>521.2</name>
  </wpt>
  <wpt lat="51.826769133515739" lon="4.4129295684023058">
    <name>521.3</name>
  </wpt>
  <wpt lat="51.826567908660074" lon="4.4143332335508161">
    <name>521.4</name>
  </wpt>
  <wpt lat="51.82608765301989" lon="4.4151250771019033">
    <name>521.5</name>
  </wpt>
  <wpt lat="51.82580322565682" lon="4.4165054064789873">
    <name>521.6</name>
  </wpt>
  <wpt lat="51.825528342817627" lon="4.4178902629593884">
    <name>521.7</name>
  </wpt>
  <wpt lat="51.8252381901636" lon="4.4192342168452354">
    <name>521.8</name>
  </wpt>
  <wpt lat="51.824993219729535" lon="4.42059879582262">
    <name>521.9</name>
  </wpt>
  <wpt lat="51.824726752905129" lon="4.4219885057498756">
    <name>522.0</name>
  </wpt>
  <wpt lat="51.824455805575269" lon="4.423375695842533">
    <name>522.1</name>
  </wpt>
  <wpt lat="51.824170805098795" lon="4.4247557245698745">
    <name>522.2</name>
  </wpt>
  <wpt lat="51.823891692176375" lon="4.4261388987128232">
    <name>522.3</name>
  </wpt>
  <wpt lat="51.823607460504192" lon="4.4275189299818605">
    <name>522.4</name>
  </wpt>
  <wpt lat="51.823393322199188" lon="4.42891544796417">
    <name>522.5</name>
  </wpt>
  <wpt lat="51.823033596845292" lon="4.4301970594290658">
    <name>522.6</name>
  </wpt>
  <wpt lat="51.8226222123873" lon="4.4314771431246474">
    <name>522.7</name>
  </wpt>
  <wpt lat="51.822273813559057" lon="4.4328185010174384">
    <name>522.8</name>
  </wpt>
  <wpt lat="51.821934948440692" lon="4.4341662107603605">
    <name>522.9</name>
  </wpt>
  <wpt lat="51.821595196913485" lon="4.4355130433171928">
    <name>523.0</name>
  </wpt>
  <wpt lat="51.82135366851805" lon="4.43688453166877">
    <name>523.1</name>
  </wpt>
  <wpt lat="51.8218821122145" lon="4.43746721039508">
    <name>523.2</name>
  </wpt>
  <wpt lat="51.822781356061114" lon="4.4374480775688072">
    <name>523.3</name>
  </wpt>
  <wpt lat="51.823679814654838" lon="4.4374655128765594">
    <name>523.4</name>
  </wpt>
  <wpt lat="51.824512639274204" lon="4.4379851606532013">
    <name>523.5</name>
  </wpt>
  <wpt lat="51.825312232830107" lon="4.4386010969776759">
    <name>523.6</name>
  </wpt>
  <wpt lat="51.825310527001" lon="4.4396938312940062">
    <name>523.7</name>
  </wpt>
  <wpt lat="51.82490781804929" lon="4.4409823654903056">
    <name>523.8</name>
  </wpt>
  <wpt lat="51.824506211492732" lon="4.4422834898007624">
    <name>523.9</name>
  </wpt>
  <wpt lat="51.824169888821423" lon="4.4435833870556669">
    <name>524.0</name>
  </wpt>
  <wpt lat="51.823997020942727" lon="4.445011005931323">
    <name>524.1</name>
  </wpt>
  <wpt lat="51.8238396551452" lon="4.4464435810215761">
    <name>524.2</name>
  </wpt>
  <wpt lat="51.8236822893477" lon="4.4478761511075184">
    <name>524.3</name>
  </wpt>
  <wpt lat="51.823520934488229" lon="4.4493071649729909">
    <name>524.4</name>
  </wpt>
  <wpt lat="51.823337268890448" lon="4.4507311401325351">
    <name>524.5</name>
  </wpt>
  <wpt lat="51.823136286409408" lon="4.452149061626633">
    <name>524.6</name>
  </wpt>
  <wpt lat="51.8229666280461" lon="4.4535779318030331">
    <name>524.7</name>
  </wpt>
  <wpt lat="51.822796969682848" lon="4.4550067965984441">
    <name>524.8</name>
  </wpt>
  <wpt lat="51.82261505419055" lon="4.45643159660762">
    <name>524.9</name>
  </wpt>
  <wpt lat="51.822423963991895" lon="4.4578533502639139">
    <name>525.0</name>
  </wpt>
  <wpt lat="51.822272260048933" lon="4.459287312033668">
    <name>525.1</name>
  </wpt>
  <wpt lat="51.822109071283535" lon="4.4607181259017912">
    <name>525.2</name>
  </wpt>
  <wpt lat="51.821936270092344" lon="4.4621458754606893">
    <name>525.3</name>
  </wpt>
  <wpt lat="51.821731572365017" lon="4.4635626417351908">
    <name>525.4</name>
  </wpt>
  <wpt lat="51.821538647454958" lon="4.464983665305895">
    <name>525.5</name>
  </wpt>
  <wpt lat="51.82137309768639" lon="4.4664135248875159">
    <name>525.6</name>
  </wpt>
  <wpt lat="51.821221340374912" lon="4.4678475848809409">
    <name>525.7</name>
  </wpt>
  <wpt lat="51.821123015829571" lon="4.4692929066720479">
    <name>525.8</name>
  </wpt>
  <wpt lat="51.821039775294146" lon="4.47074155643853">
    <name>525.9</name>
  </wpt>
  <wpt lat="51.820928912085151" lon="4.4721852136647176">
    <name>526.0</name>
  </wpt>
  <wpt lat="51.8207679914412" lon="4.4736161841728688">
    <name>526.1</name>
  </wpt>
  <wpt lat="51.820583263439723" lon="4.4750395538553578">
    <name>526.2</name>
  </wpt>
  <wpt lat="51.820451900574945" lon="4.4764783856605179">
    <name>526.3</name>
  </wpt>
  <wpt lat="51.820321000004363" lon="4.47791298007883">
    <name>526.4</name>
  </wpt>
  <wpt lat="51.820579607118034" lon="4.4790938317281555">
    <name>526.5</name>
  </wpt>
  <wpt lat="51.820078229925961" lon="4.48028802961157">
    <name>526.6</name>
  </wpt>
  <wpt lat="51.819867760243476" lon="4.481686868140315">
    <name>526.7</name>
  </wpt>
  <wpt lat="51.819700157850896" lon="4.4831162278380745">
    <name>526.8</name>
  </wpt>
  <wpt lat="51.819521746707359" lon="4.4845420975383217">
    <name>526.9</name>
  </wpt>
  <wpt lat="51.820194232071259" lon="4.4845145737353356">
    <name>527.0</name>
  </wpt>
  <wpt lat="51.82106368179047" lon="4.484241840887746">
    <name>527.1</name>
  </wpt>
  <wpt lat="51.821914030067987" lon="4.4841046955116575">
    <name>527.2</name>
  </wpt>
  <wpt lat="51.822768416035636" lon="4.4836583127041845">
    <name>527.3</name>
  </wpt>
  <wpt lat="51.8235803581895" lon="4.4830346797336569">
    <name>527.4</name>
  </wpt>
  <wpt lat="51.824372277794" lon="4.4823464120791687">
    <name>527.5</name>
  </wpt>
  <wpt lat="51.824818484884091" lon="4.4828083866146242">
    <name>527.6</name>
  </wpt>
  <wpt lat="51.824741000048441" lon="4.4842560217011131">
    <name>527.7</name>
  </wpt>
  <wpt lat="51.82474100000757" lon="4.48571107220952">
    <name>527.8</name>
  </wpt>
  <wpt lat="51.824567309006781" lon="4.4871003418281141">
    <name>527.9</name>
  </wpt>
  <wpt lat="51.823900777480723" lon="4.4880699635233912">
    <name>528.0</name>
  </wpt>
  <wpt lat="51.823275017452616" lon="4.489109459702096">
    <name>528.1</name>
  </wpt>
  <wpt lat="51.822670462415388" lon="4.4901844632199435">
    <name>528.2</name>
  </wpt>
  <wpt lat="51.822028935328348" lon="4.4912039516541977">
    <name>528.3</name>
  </wpt>
  <wpt lat="51.821391174662693" lon="4.4922297661318185">
    <name>528.4</name>
  </wpt>
  <wpt lat="51.820729489528496" lon="4.4932142994400248">
    <name>528.5</name>
  </wpt>
  <wpt lat="51.820140494675755" lon="4.49431264007765">
    <name>528.6</name>
  </wpt>
  <wpt lat="51.819483610729684" lon="4.4953062410255269">
    <name>528.7</name>
  </wpt>
  <wpt lat="51.819744839290948" lon="4.4963163600802263">
    <name>528.8</name>
  </wpt>
  <wpt lat="51.820413743107416" lon="4.4972844862072456">
    <name>528.9</name>
  </wpt>
  <wpt lat="51.821084752024667" lon="4.4982512754667265">
    <name>529.0</name>
  </wpt>
  <wpt lat="51.82176370440861" lon="4.4992053757858548">
    <name>529.1</name>
  </wpt>
  <wpt lat="51.822404872206995" lon="4.50022397140462">
    <name>529.2</name>
  </wpt>
  <wpt lat="51.823017694710472" lon="4.5012888539244083">
    <name>529.3</name>
  </wpt>
  <wpt lat="51.82363051721385" lon="4.5023537509302241">
    <name>529.4</name>
  </wpt>
  <wpt lat="51.824243339717114" lon="4.5034186624225745">
    <name>529.5</name>
  </wpt>
  <wpt lat="51.82486788692357" lon="4.5044653299006132">
    <name>529.6</name>
  </wpt>
  <wpt lat="51.825532807656622" lon="4.5054446416099623">
    <name>529.7</name>
  </wpt>
  <wpt lat="51.826218187226004" lon="4.5063865698956391">
    <name>529.8</name>
  </wpt>
  <wpt lat="51.826904997664819" lon="4.5073258932761933">
    <name>529.9</name>
  </wpt>
  <wpt lat="51.827188000029764" lon="4.5086025685625639">
    <name>530.0</name>
  </wpt>
  <wpt lat="51.8278439114935" lon="4.5094761234791463">
    <name>530.1</name>
  </wpt>
  <wpt lat="51.828633007475069" lon="4.5101730390364709">
    <name>530.2</name>
  </wpt>
  <wpt lat="51.829439120288015" lon="4.5108181737436794">
    <name>530.3</name>
  </wpt>
  <wpt lat="51.83025710797034" lon="4.5114214580741416">
    <name>530.4</name>
  </wpt>
  <wpt lat="51.83108496785465" lon="4.5119899521500617">
    <name>530.5</name>
  </wpt>
  <wpt lat="51.831912758741936" lon="4.5125587196656465">
    <name>530.6</name>
  </wpt>
  <wpt lat="51.832740514170766" lon="4.513127632783565">
    <name>530.7</name>
  </wpt>
  <wpt lat="51.833568269599546" lon="4.5136965563586378">
    <name>530.8</name>
  </wpt>
  <wpt lat="51.834396025028283" lon="4.5142654903913746">
    <name>530.9</name>
  </wpt>
  <wpt lat="51.835235066950013" lon="4.5147879570237093">
    <name>531.0</name>
  </wpt>
  <wpt lat="51.836086036928336" lon="4.5152587490377787">
    <name>531.1</name>
  </wpt>
  <wpt lat="51.836943221477974" lon="4.5156986065373355">
    <name>531.2</name>
  </wpt>
  <wpt lat="51.837805360407579" lon="4.516111944858463">
    <name>531.3</name>
  </wpt>
  <wpt lat="51.8385721657333" lon="4.515440062563707">
    <name>531.4</name>
  </wpt>
  <wpt lat="51.839404610967776" lon="4.5152670133527941">
    <name>531.5</name>
  </wpt>
  <wpt lat="51.840297244924571" lon="4.5154430904111544">
    <name>531.6</name>
  </wpt>
  <wpt lat="51.841190081026532" lon="4.51561477892032">
    <name>531.7</name>
  </wpt>
  <wpt lat="51.84204480664097" lon="4.5160652075886585">
    <name>531.8</name>
  </wpt>
  <wpt lat="51.842915174853971" lon="4.5164189043288507">
    <name>531.9</name>
  </wpt>
  <wpt lat="51.843810763479745" lon="4.5165308883315616">
    <name>532.0</name>
  </wpt>
  <wpt lat="51.843825340623937" lon="4.517876861197287">
    <name>532.1</name>
  </wpt>
  <wpt lat="51.843763789874224" lon="4.5193291141592082">
    <name>532.2</name>
  </wpt>
  <wpt lat="51.843696966536783" lon="4.5207807263767616">
    <name>532.3</name>
  </wpt>
  <wpt lat="51.843605161722209" lon="4.5222280060496489">
    <name>532.4</name>
  </wpt>
  <wpt lat="51.84346129472349" lon="4.5236649056888059">
    <name>532.5</name>
  </wpt>
  <wpt lat="51.84326748851884" lon="4.5250857669239988">
    <name>532.6</name>
  </wpt>
  <wpt lat="51.842999882060354" lon="4.5264753113221614">
    <name>532.7</name>
  </wpt>
  <wpt lat="51.842732300145336" lon="4.52786499493712">
    <name>532.8</name>
  </wpt>
  <wpt lat="51.842443174083392" lon="4.52924308190102">
    <name>532.9</name>
  </wpt>
  <wpt lat="51.842146051027363" lon="4.5306169609090441">
    <name>533.0</name>
  </wpt>
  <wpt lat="51.841844964679247" lon="4.5319858545481342">
    <name>533.1</name>
  </wpt>
  <wpt lat="51.841645355578422" lon="4.5334027087515887">
    <name>533.2</name>
  </wpt>
  <wpt lat="51.8415531367511" lon="4.5348505866583135">
    <name>533.3</name>
  </wpt>
  <wpt lat="51.841350000022352" lon="4.5362199614859131">
    <name>533.4</name>
  </wpt>
  <wpt lat="51.842093763872015" lon="4.5363659999999539">
    <name>533.5</name>
  </wpt>
  <wpt lat="51.842993085477943" lon="4.5363659999999539">
    <name>533.6</name>
  </wpt>
  <wpt lat="51.843892407083864" lon="4.5363659999999539">
    <name>533.7</name>
  </wpt>
  <wpt lat="51.844671572093766" lon="4.5363602341627978">
    <name>533.8</name>
  </wpt>
  <wpt lat="51.845569949371985" lon="4.5363449999999981">
    <name>533.9</name>
  </wpt>
  <wpt lat="51.846452777010533" lon="4.5364309999999817">
    <name>534.0</name>
  </wpt>
  <wpt lat="51.847330792210641" lon="4.5363527995879362">
    <name>534.1</name>
  </wpt>
  <wpt lat="51.848229690473616" lon="4.5363449999999981">
    <name>534.2</name>
  </wpt>
  <wpt lat="51.849126228052313" lon="4.5363992154579575">
    <name>534.3</name>
  </wpt>
  <wpt lat="51.849993919609375" lon="4.5366019999999709">
    <name>534.4</name>
  </wpt>
  <wpt lat="51.850859290671821" lon="4.5364088250425691">
    <name>534.5</name>
  </wpt>
  <wpt lat="51.851757359303605" lon="4.5364350988528583">
    <name>534.6</name>
  </wpt>
  <wpt lat="51.852655293365373" lon="4.5364950000000315">
    <name>534.7</name>
  </wpt>
  <wpt lat="51.853451094750383" lon="4.5364193448731269">
    <name>534.8</name>
  </wpt>
  <wpt lat="51.854349088126675" lon="4.5363659999999539">
    <name>534.9</name>
  </wpt>
  <wpt lat="51.855248409732575" lon="4.5363659999999539">
    <name>535.0</name>
  </wpt>
  <wpt lat="51.8561448015216" lon="4.5363240000000422">
    <name>535.1</name>
  </wpt>
  <wpt lat="51.856906000006035" lon="4.5362886836521392">
    <name>535.2</name>
  </wpt>
  <wpt lat="51.856801055746907" lon="4.5348860000000046">
    <name>535.3</name>
  </wpt>
  <wpt lat="51.857473390488451" lon="4.5340720686615015">
    <name>535.4</name>
  </wpt>
  <wpt lat="51.858113776778922" lon="4.53305533294389">
    <name>535.5</name>
  </wpt>
  <wpt lat="51.858819301144472" lon="4.5323771932707384">
    <name>535.6</name>
  </wpt>
  <wpt lat="51.85903811539383" lon="4.5309662883780693">
    <name>535.7</name>
  </wpt>
  <wpt lat="51.859117000006329" lon="4.5295240982025256">
    <name>535.8</name>
  </wpt>
  <wpt lat="51.859069487646259" lon="4.5280756428891511">
    <name>535.9</name>
  </wpt>
  <wpt lat="51.85898811682592" lon="4.5266265159720893">
    <name>536.0</name>
  </wpt>
  <wpt lat="51.858945000083089" lon="4.5251962796519853">
    <name>536.1</name>
  </wpt>
  <wpt lat="51.858956868834731" lon="4.5237423632117224">
    <name>536.2</name>
  </wpt>
  <wpt lat="51.858858093301059" lon="4.5222962402962938">
    <name>536.3</name>
  </wpt>
  <wpt lat="51.858763423114794" lon="4.5208494615841781">
    <name>536.4</name>
  </wpt>
  <wpt lat="51.85861751126648" lon="4.5194303846001622">
    <name>536.5</name>
  </wpt>
  <wpt lat="51.858378044066264" lon="4.5180685524122923">
    <name>536.6</name>
  </wpt>
  <wpt lat="51.8582879237702" lon="4.5167772050300332">
    <name>536.7</name>
  </wpt>
  <wpt lat="51.858259288876823" lon="4.5153226511363851">
    <name>536.8</name>
  </wpt>
  <wpt lat="51.858123329321529" lon="4.5138851051609867">
    <name>536.9</name>
  </wpt>
  <wpt lat="51.85803911341894" lon="4.5124376335869671">
    <name>537.0</name>
  </wpt>
  <wpt lat="51.857886718406242" lon="4.5110026970345043">
    <name>537.1</name>
  </wpt>
  <wpt lat="51.857703571695346" lon="4.5095804953186631">
    <name>537.2</name>
  </wpt>
  <wpt lat="51.857425710153606" lon="4.5081968509272947">
    <name>537.3</name>
  </wpt>
  <wpt lat="51.857873332770794" lon="4.5086355347496578">
    <name>537.4</name>
  </wpt>
  <wpt lat="51.858754157131671" lon="4.5089258005232962">
    <name>537.5</name>
  </wpt>
  <wpt lat="51.859634709889846" lon="4.5092081207020982">
    <name>537.6</name>
  </wpt>
  <wpt lat="51.860530665600962" lon="4.5093257452892788">
    <name>537.7</name>
  </wpt>
  <wpt lat="51.861426761963777" lon="4.5092271247446076">
    <name>537.8</name>
  </wpt>
  <wpt lat="51.861601570001675" lon="4.508371574323772">
    <name>537.9</name>
  </wpt>
  <wpt lat="51.861808019240357" lon="4.5071363727786649">
    <name>538.0</name>
  </wpt>
  <wpt lat="51.862447003183931" lon="4.5061447790242948">
    <name>538.1</name>
  </wpt>
  <wpt lat="51.862425604360688" lon="4.5047327108524531">
    <name>538.2</name>
  </wpt>
  <wpt lat="51.862569869364165" lon="4.5036762539809869">
    <name>538.3</name>
  </wpt>
  <wpt lat="51.863464503469309" lon="4.5037395186484979">
    <name>538.4</name>
  </wpt>
  <wpt lat="51.8643584149578" lon="4.503584512020093">
    <name>538.5</name>
  </wpt>
  <wpt lat="51.865250871801827" lon="4.5034049907208491">
    <name>538.6</name>
  </wpt>
  <wpt lat="51.866143569533243" lon="4.5032285553806881">
    <name>538.7</name>
  </wpt>
  <wpt lat="51.867035972859476" lon="4.5030482859268446">
    <name>538.8</name>
  </wpt>
  <wpt lat="51.867900543865808" lon="4.5026851588845647">
    <name>538.9</name>
  </wpt>
  <wpt lat="51.868691685452134" lon="4.5020577751650839">
    <name>539.0</name>
  </wpt>
  <wpt lat="51.869557768800625" lon="4.5020267615626448">
    <name>539.1</name>
  </wpt>
  <wpt lat="51.870389897031792" lon="4.5015639738755864">
    <name>539.2</name>
  </wpt>
  <wpt lat="51.871277031194992" lon="4.5013273298487668">
    <name>539.3</name>
  </wpt>
  <wpt lat="51.872173578020188" lon="4.5013504969625542">
    <name>539.4</name>
  </wpt>
  <wpt lat="51.873034624618086" lon="4.5013334740349364">
    <name>539.5</name>
  </wpt>
  <wpt lat="51.8738483883051" lon="4.5007227383906336">
    <name>539.6</name>
  </wpt>
  <wpt lat="51.874688045602824" lon="4.500256558066658">
    <name>539.7</name>
  </wpt>
  <wpt lat="51.875139564039522" lon="4.5014378512382427">
    <name>539.8</name>
  </wpt>
  <wpt lat="51.875797632139189" lon="4.5024248570178544">
    <name>539.9</name>
  </wpt>
  <wpt lat="51.876378931344661" lon="4.5035321729995257">
    <name>540.0</name>
  </wpt>
  <wpt lat="51.876788137444748" lon="4.5048288926927267">
    <name>540.1</name>
  </wpt>
  <wpt lat="51.87734144622668" lon="4.50597293347135">
    <name>540.2</name>
  </wpt>
  <wpt lat="51.877910454872939" lon="4.5070967504028632">
    <name>540.3</name>
  </wpt>
  <wpt lat="51.878492151719705" lon="4.5082077562622507">
    <name>540.4</name>
  </wpt>
  <wpt lat="51.879007977931707" lon="4.50915802206832">
    <name>540.5</name>
  </wpt>
  <wpt lat="51.8797321405803" lon="4.5099994168678172">
    <name>540.6</name>
  </wpt>
  <wpt lat="51.880476956841264" lon="4.5108151013377293">
    <name>540.7</name>
  </wpt>
  <wpt lat="51.881201939159382" lon="4.5116639476867855">
    <name>540.8</name>
  </wpt>
  <wpt lat="51.88182413097838" lon="4.5127133906496582">
    <name>540.9</name>
  </wpt>
  <wpt lat="51.882362706362031" lon="4.513846961431673">
    <name>541.0</name>
  </wpt>
  <wpt lat="51.882452062299819" lon="4.5152927920580952">
    <name>541.1</name>
  </wpt>
  <wpt lat="51.8821319125446" lon="4.5163023868164212">
    <name>541.2</name>
  </wpt>
  <wpt lat="51.882349998544015" lon="4.5177030167826677">
    <name>541.3</name>
  </wpt>
  <wpt lat="51.882506966678534" lon="4.5191375663687978">
    <name>541.4</name>
  </wpt>
  <wpt lat="51.882715219507254" lon="4.5205510920597956">
    <name>541.5</name>
  </wpt>
  <wpt lat="51.883211440887948" lon="4.521528582322067">
    <name>541.6</name>
  </wpt>
  <wpt lat="51.884086393364626" lon="4.5218640015145191">
    <name>541.7</name>
  </wpt>
  <wpt lat="51.884957113551138" lon="4.522228497313443">
    <name>541.8</name>
  </wpt>
  <wpt lat="51.885845951111776" lon="4.522416553519931">
    <name>541.9</name>
  </wpt>
  <wpt lat="51.886742922894278" lon="4.5223303504864658">
    <name>542.0</name>
  </wpt>
  <wpt lat="51.887636941010015" lon="4.5221870235213926">
    <name>542.1</name>
  </wpt>
  <wpt lat="51.8885182736804" lon="4.5221961363046859">
    <name>542.2</name>
  </wpt>
  <wpt lat="51.889358064944112" lon="4.5220180846080611">
    <name>542.3</name>
  </wpt>
  <wpt lat="51.890159212619473" lon="4.5213560615970056">
    <name>542.4</name>
  </wpt>
  <wpt lat="51.890949817548872" lon="4.5206622732214994">
    <name>542.5</name>
  </wpt>
  <wpt lat="51.891745322568575" lon="4.5199838363045979">
    <name>542.6</name>
  </wpt>
  <wpt lat="51.892549404279173" lon="4.5193312342899876">
    <name>542.7</name>
  </wpt>
  <wpt lat="51.893347718469222" lon="4.518660319714769">
    <name>542.8</name>
  </wpt>
  <wpt lat="51.894141928033982" lon="4.5179776319090825">
    <name>542.9</name>
  </wpt>
  <wpt lat="51.894896162465074" lon="4.5172168375512989">
    <name>543.0</name>
  </wpt>
  <wpt lat="51.895723466796262" lon="4.5166916814474209">
    <name>543.1</name>
  </wpt>
  <wpt lat="51.89654352331285" lon="4.5160945565624644">
    <name>543.2</name>
  </wpt>
  <wpt lat="51.897376213978156" lon="4.515544035864151">
    <name>543.3</name>
  </wpt>
  <wpt lat="51.898175681959195" lon="4.5148813180690164">
    <name>543.4</name>
  </wpt>
  <wpt lat="51.8989097103085" lon="4.5144525539594689">
    <name>543.5</name>
  </wpt>
  <wpt lat="51.899706095953313" lon="4.5137754803383245">
    <name>543.6</name>
  </wpt>
  <wpt lat="51.900301674815424" lon="4.5127426545975178">
    <name>543.7</name>
  </wpt>
  <wpt lat="51.901077829133207" lon="4.5121830871155248">
    <name>543.8</name>
  </wpt>
  <wpt lat="51.90118064990336" lon="4.5116020027951711">
    <name>543.9</name>
  </wpt>
  <wpt lat="51.901249094770876" lon="4.5104938586534464">
    <name>544.0</name>
  </wpt>
  <wpt lat="51.901761067305351" lon="4.5092956958480235">
    <name>544.1</name>
  </wpt>
  <wpt lat="51.90227238561075" lon="4.5080967216598955">
    <name>544.2</name>
  </wpt>
  <wpt lat="51.902779345172263" lon="4.5068930946076895">
    <name>544.3</name>
  </wpt>
  <wpt lat="51.903229488204936" lon="4.5056328542788764">
    <name>544.4</name>
  </wpt>
  <wpt lat="51.903698454415043" lon="4.5043917762553445">
    <name>544.5</name>
  </wpt>
  <wpt lat="51.904207933247811" lon="4.5031917707921574">
    <name>544.6</name>
  </wpt>
  <wpt lat="51.904699073754408" lon="4.5019771690663593">
    <name>544.7</name>
  </wpt>
  <wpt lat="51.905215982399916" lon="4.5007844526129519">
    <name>544.8</name>
  </wpt>
  <wpt lat="51.905728941774164" lon="4.4995872707105411">
    <name>544.9</name>
  </wpt>
  <wpt lat="51.906254793700327" lon="4.4984058670430258">
    <name>545.0</name>
  </wpt>
  <wpt lat="51.906740019644921" lon="4.497181630496212">
    <name>545.1</name>
  </wpt>
  <wpt lat="51.907256563746927" lon="4.4959883914166046">
    <name>545.2</name>
  </wpt>
  <wpt lat="51.907769388357593" lon="4.4947909667828094">
    <name>545.3</name>
  </wpt>
  <wpt lat="51.908288306936846" lon="4.4936041199868857">
    <name>545.4</name>
  </wpt>
  <wpt lat="51.908523348891293" lon="4.4922748290473118">
    <name>545.5</name>
  </wpt>
  <wpt lat="51.907987907712922" lon="4.4911182472787825">
    <name>545.6</name>
  </wpt>
  <wpt lat="51.907999876940309" lon="4.4899027418520587">
    <name>545.7</name>
  </wpt>
  <wpt lat="51.908470452323051" lon="4.4886616074099654">
    <name>545.8</name>
  </wpt>
  <wpt lat="51.908959206427241" lon="4.4874379137601226">
    <name>545.9</name>
  </wpt>
  <wpt lat="51.909447960531317" lon="4.4862142067930675">
    <name>546.0</name>
  </wpt>
  <wpt lat="51.909936714635279" lon="4.4849904865082921">
    <name>546.1</name>
  </wpt>
  <wpt lat="51.910425468739135" lon="4.483766752905491">
    <name>546.2</name>
  </wpt>
  <wpt lat="51.911087563530018" lon="4.4828440638222569">
    <name>546.3</name>
  </wpt>
  <wpt lat="51.911972343856533" lon="4.4825853199868471">
    <name>546.4</name>
  </wpt>
  <wpt lat="51.91282322874148" lon="4.4823097640929674">
    <name>546.5</name>
  </wpt>
  <wpt lat="51.91371946259742" lon="4.48219785768602">
    <name>546.6</name>
  </wpt>
  <wpt lat="51.914618421918881" lon="4.4821586029947564">
    <name>546.7</name>
  </wpt>
  <wpt lat="51.915517509997315" lon="4.4821253792479734">
    <name>546.8</name>
  </wpt>
  <wpt lat="51.916413028129334" lon="4.4821859999999685">
    <name>546.9</name>
  </wpt>
  <wpt lat="51.917286414792621" lon="4.4818752947052456">
    <name>547.0</name>
  </wpt>
  <wpt lat="51.918145839720815" lon="4.4814458327478031">
    <name>547.1</name>
  </wpt>
  <wpt lat="51.918775608812304" lon="4.4806798916850328">
    <name>547.2</name>
  </wpt>
  <wpt lat="51.919633443432559" lon="4.4802531283565861">
    <name>547.3</name>
  </wpt>
  <wpt lat="51.920509051975863" lon="4.4799206414315877">
    <name>547.4</name>
  </wpt>
  <wpt lat="51.921373385830854" lon="4.4795211079616033">
    <name>547.5</name>
  </wpt>
  <wpt lat="51.9222249252008" lon="4.4790526085707354">
    <name>547.6</name>
  </wpt>
</gpx>