<?xml version="1.0" encoding="utf-8"?>
<gpx xmlns:xsi="http://www.w3.org/2001/XMLSchema-instance" xsi:schemaLocation="http://www.topografix.com/GPX/1/1 http://www.topografix.com/GPX/1/1/gpx.xsd" version="1.1" creator="Roparun" xmlns="http://www.topografix.com/GPX/1/1">
  <wpt lat="49.77347061359692" lon="3.2790038519575764">
    <name>8.35</name>
  </wpt>
  <wpt lat="49.773996673081228" lon="3.2794504799950768">
    <name>8.4</name>
  </wpt>
  <wpt lat="49.774818245860445" lon="3.2800165999837656">
    <name>8.5</name>
  </wpt>
  <wpt lat="49.77567970714508" lon="3.2803364027574609">
    <name>8.6</name>
  </wpt>
  <wpt lat="49.776525175845343" lon="3.2807581439120024">
    <name>8.7</name>
  </wpt>
  <wpt lat="49.777398915736448" lon="3.2810223880353249">
    <name>8.8</name>
  </wpt>
  <wpt lat="49.778269873226662" lon="3.2813673177013176">
    <name>8.9</name>
  </wpt>
  <wpt lat="49.777902012922937" lon="3.2826173020059732">
    <name>9.0</name>
  </wpt>
  <wpt lat="49.777922168931134" lon="3.2839359055098329">
    <name>9.1</name>
  </wpt>
  <wpt lat="49.778276147774022" lon="3.2852147376942962">
    <name>9.2</name>
  </wpt>
  <wpt lat="49.778555403944885" lon="3.2865385438279811">
    <name>9.3</name>
  </wpt>
  <wpt lat="49.779131929685164" lon="3.2875444673869456">
    <name>9.4</name>
  </wpt>
  <wpt lat="49.779842081575168" lon="3.2883950021113169">
    <name>9.5</name>
  </wpt>
  <wpt lat="49.780502043026985" lon="3.2893398705029631">
    <name>9.6</name>
  </wpt>
  <wpt lat="49.781111720253946" lon="3.2903633441795614">
    <name>9.7</name>
  </wpt>
  <wpt lat="49.781694330834206" lon="3.2914243340241742">
    <name>9.8</name>
  </wpt>
  <wpt lat="49.782278149181408" lon="3.2924837214982143">
    <name>9.9</name>
  </wpt>
  <wpt lat="49.782847751342558" lon="3.2935609998965512">
    <name>10.0</name>
  </wpt>
  <wpt lat="49.783387577418537" lon="3.2946747567448025">
    <name>10.1</name>
  </wpt>
  <wpt lat="49.783919544480149" lon="3.2957977883244922">
    <name>10.2</name>
  </wpt>
  <wpt lat="49.784461836758595" lon="3.296908905577896">
    <name>10.3</name>
  </wpt>
  <wpt lat="49.7849957016473" lon="3.2980297875752767">
    <name>10.4</name>
  </wpt>
  <wpt lat="49.78552879202369" lon="3.2991515779919989">
    <name>10.5</name>
  </wpt>
  <wpt lat="49.786061882399984" lon="3.300273380753548">
    <name>10.6</name>
  </wpt>
  <wpt lat="49.786594972776172" lon="3.3013951958602292">
    <name>10.7</name>
  </wpt>
  <wpt lat="49.787128063152259" lon="3.3025170233124497">
    <name>10.8</name>
  </wpt>
  <wpt lat="49.787644572698134" lon="3.3036562074745555">
    <name>10.9</name>
  </wpt>
  <wpt lat="49.788193079329965" lon="3.3047594504039073">
    <name>11.0</name>
  </wpt>
  <wpt lat="49.788761414414346" lon="3.305824342695479">
    <name>11.1</name>
  </wpt>
  <wpt lat="49.789407134043138" lon="3.3067768588859656">
    <name>11.2</name>
  </wpt>
  <wpt lat="49.7897851176873" lon="3.3080296376940539">
    <name>11.3</name>
  </wpt>
  <wpt lat="49.790139243782292" lon="3.3092592437493589">
    <name>11.4</name>
  </wpt>
  <wpt lat="49.790925048688933" lon="3.3099291743567321">
    <name>11.5</name>
  </wpt>
  <wpt lat="49.791686651782967" lon="3.310660027518578">
    <name>11.6</name>
  </wpt>
  <wpt lat="49.792369231140277" lon="3.311565446822339">
    <name>11.7</name>
  </wpt>
  <wpt lat="49.792850042178749" lon="3.3127382203979203">
    <name>11.8</name>
  </wpt>
  <wpt lat="49.793327108912123" lon="3.313915955511074">
    <name>11.9</name>
  </wpt>
  <wpt lat="49.793914187531691" lon="3.3149684424095054">
    <name>12.0</name>
  </wpt>
  <wpt lat="49.794591384302592" lon="3.3158785683893788">
    <name>12.1</name>
  </wpt>
  <wpt lat="49.795376911870719" lon="3.3165559387155632">
    <name>12.2</name>
  </wpt>
  <wpt lat="49.796158725628182" lon="3.317244478506554">
    <name>12.3</name>
  </wpt>
  <wpt lat="49.796940539385595" lon="3.3179330294141178">
    <name>12.4</name>
  </wpt>
  <wpt lat="49.797731784363478" lon="3.3185935546670637">
    <name>12.5</name>
  </wpt>
  <wpt lat="49.798379513508685" lon="3.3195399218918973">
    <name>12.6</name>
  </wpt>
  <wpt lat="49.79885427324345" lon="3.3207227274646618">
    <name>12.7</name>
  </wpt>
  <wpt lat="49.802401331236325" lon="3.3263586885438281">
    <name>13.28</name>
  </wpt>
  <wpt lat="49.802485563803074" lon="3.3267810254018086">
    <name>13.3</name>
  </wpt>
  <wpt lat="49.802829519806686" lon="3.3280577592869216">
    <name>13.4</name>
  </wpt>
  <wpt lat="49.803510162495996" lon="3.3289649925195395">
    <name>13.5</name>
  </wpt>
  <wpt lat="49.804254360355984" lon="3.3297466926743375">
    <name>13.6</name>
  </wpt>
  <wpt lat="49.805005917919587" lon="3.3305112620863127">
    <name>13.7</name>
  </wpt>
  <wpt lat="49.805765067150716" lon="3.3312583262628093">
    <name>13.8</name>
  </wpt>
  <wpt lat="49.806530083231117" lon="3.3319907863846923">
    <name>13.9</name>
  </wpt>
  <wpt lat="49.807294445459647" lon="3.3327241538603039">
    <name>14.0</name>
  </wpt>
  <wpt lat="49.807718722078306" lon="3.3338026533300695">
    <name>14.1</name>
  </wpt>
  <wpt lat="49.807703580386892" lon="3.3351959861257923">
    <name>14.2</name>
  </wpt>
  <wpt lat="49.807721583797488" lon="3.3365887876837967">
    <name>14.3</name>
  </wpt>
  <wpt lat="49.807742000255658" lon="3.3379809245808829">
    <name>14.4</name>
  </wpt>
  <wpt lat="49.807813705131224" lon="3.3393648970528278">
    <name>14.5</name>
  </wpt>
  <wpt lat="49.808108264846069" lon="3.3406814533529223">
    <name>14.6</name>
  </wpt>
  <wpt lat="49.808416898598992" lon="3.3417825751450145">
    <name>14.7</name>
  </wpt>
  <wpt lat="49.809203799570845" lon="3.3411083934361412">
    <name>14.8</name>
  </wpt>
  <wpt lat="49.809983118314307" lon="3.3404129001887748">
    <name>14.9</name>
  </wpt>
  <wpt lat="49.810762437057711" lon="3.3397173957430062">
    <name>15.0</name>
  </wpt>
  <wpt lat="49.811541755801052" lon="3.3390218800982248">
    <name>15.1</name>
  </wpt>
  <wpt lat="49.812399976804244" lon="3.3386371073080228">
    <name>15.2</name>
  </wpt>
  <wpt lat="49.813294317520807" lon="3.3384916383177412">
    <name>15.3</name>
  </wpt>
  <wpt lat="49.814189652305878" lon="3.3383611379028495">
    <name>15.4</name>
  </wpt>
  <wpt lat="49.815075966584828" lon="3.3381374134081243">
    <name>15.5</name>
  </wpt>
  <wpt lat="49.815922311608894" lon="3.3376666556243553">
    <name>15.6</name>
  </wpt>
  <wpt lat="49.816760831884658" lon="3.3371650196587357">
    <name>15.7</name>
  </wpt>
  <wpt lat="49.8175364927945" lon="3.3364605060165231">
    <name>15.8</name>
  </wpt>
  <wpt lat="49.818305913368647" lon="3.3357389103097494">
    <name>15.9</name>
  </wpt>
  <wpt lat="49.819069053793562" lon="3.335002982917834">
    <name>16.0</name>
  </wpt>
  <wpt lat="49.8197681170905" lon="3.3341285416164874">
    <name>16.1</name>
  </wpt>
  <wpt lat="49.820566237138635" lon="3.3335231673415087">
    <name>16.2</name>
  </wpt>
  <wpt lat="49.821323971115305" lon="3.3328254423143928">
    <name>16.3</name>
  </wpt>
  <wpt lat="49.821871673929451" lon="3.3317201732407207">
    <name>16.4</name>
  </wpt>
  <wpt lat="49.822592874461236" lon="3.3309033723017669">
    <name>16.5</name>
  </wpt>
  <wpt lat="49.823378702684295" lon="3.3302262166723864">
    <name>16.6</name>
  </wpt>
  <wpt lat="49.824062745971467" lon="3.329330126820973">
    <name>16.7</name>
  </wpt>
  <wpt lat="49.824698427425993" lon="3.3283533796507752">
    <name>16.8</name>
  </wpt>
  <wpt lat="49.8249381824871" lon="3.3295611383564858">
    <name>16.9</name>
  </wpt>
  <wpt lat="49.825143923363505" lon="3.3308988845898981">
    <name>17.0</name>
  </wpt>
  <wpt lat="49.825509000063875" lon="3.3321540526445053">
    <name>17.1</name>
  </wpt>
  <wpt lat="49.825424252564957" lon="3.3335404264484656">
    <name>17.2</name>
  </wpt>
  <wpt lat="49.825372917412665" lon="3.3349294219100645">
    <name>17.3</name>
  </wpt>
  <wpt lat="49.825501227915517" lon="3.3362963293214571">
    <name>17.4</name>
  </wpt>
  <wpt lat="49.825589834013343" lon="3.3376714004393384">
    <name>17.5</name>
  </wpt>
  <wpt lat="49.825509646094417" lon="3.3390593567509259">
    <name>17.6</name>
  </wpt>
  <wpt lat="49.825492016712928" lon="3.340446560111026">
    <name>17.7</name>
  </wpt>
  <wpt lat="49.82570816458874" lon="3.3417988223450141">
    <name>17.8</name>
  </wpt>
  <wpt lat="49.825922616053319" lon="3.3431526592654164">
    <name>17.9</name>
  </wpt>
  <wpt lat="49.826137067517848" lon="3.3445065021876523">
    <name>18.0</name>
  </wpt>
  <wpt lat="49.826280757777489" lon="3.3458771446137683">
    <name>18.1</name>
  </wpt>
  <wpt lat="49.826198654922777" lon="3.3472653840573159">
    <name>18.2</name>
  </wpt>
  <wpt lat="49.826102779944421" lon="3.3486511520534439">
    <name>18.3</name>
  </wpt>
  <wpt lat="49.826142963161821" lon="3.3500276209592572">
    <name>18.4</name>
  </wpt>
  <wpt lat="49.826588256881749" lon="3.3511986381028791">
    <name>18.5</name>
  </wpt>
  <wpt lat="49.827228331388383" lon="3.3521760641179457">
    <name>18.6</name>
  </wpt>
  <wpt lat="49.8278687546887" lon="3.3531547995660516">
    <name>18.7</name>
  </wpt>
  <wpt lat="49.828516888813496" lon="3.3541209477080476">
    <name>18.8</name>
  </wpt>
  <wpt lat="49.829167904409346" lon="3.355081690629572">
    <name>18.9</name>
  </wpt>
  <wpt lat="49.829825260778343" lon="3.3560326388627821">
    <name>19.0</name>
  </wpt>
  <wpt lat="49.830454386289873" lon="3.3570278217302141">
    <name>19.1</name>
  </wpt>
  <wpt lat="49.830982814055439" lon="3.35815472225753">
    <name>19.2</name>
  </wpt>
  <wpt lat="49.831309800693511" lon="3.3594493459144088">
    <name>19.3</name>
  </wpt>
  <wpt lat="49.831948224831379" lon="3.35972419154585">
    <name>19.4</name>
  </wpt>
  <wpt lat="49.832823775322069" lon="3.3595244651137781">
    <name>19.5</name>
  </wpt>
  <wpt lat="49.833721987785161" lon="3.3595907546688366">
    <name>19.6</name>
  </wpt>
  <wpt lat="49.834621094169584" lon="3.3595909051071393">
    <name>19.7</name>
  </wpt>
  <wpt lat="49.835519489746979" lon="3.3595332181400024">
    <name>19.8</name>
  </wpt>
  <wpt lat="49.836415670735107" lon="3.3595264465531374">
    <name>19.9</name>
  </wpt>
  <wpt lat="49.837283746093355" lon="3.3598786484826024">
    <name>20.0</name>
  </wpt>
  <wpt lat="49.838143445452253" lon="3.3602879805613797">
    <name>20.1</name>
  </wpt>
  <wpt lat="49.83900263836474" lon="3.3606998632295477">
    <name>20.2</name>
  </wpt>
  <wpt lat="49.839897712906186" lon="3.3606133739359829">
    <name>20.3</name>
  </wpt>
  <wpt lat="49.840739164271426" lon="3.3609967827605258">
    <name>20.4</name>
  </wpt>
  <wpt lat="49.841519227290604" lon="3.3616893384427029">
    <name>20.5</name>
  </wpt>
  <wpt lat="49.842403701954559" lon="3.3619255644422492">
    <name>20.6</name>
  </wpt>
  <wpt lat="49.843294318156111" lon="3.3621050641311245">
    <name>20.7</name>
  </wpt>
  <wpt lat="49.84413957196184" lon="3.3625714526397568">
    <name>20.8</name>
  </wpt>
  <wpt lat="49.845008071977666" lon="3.3628152320371436">
    <name>20.9</name>
  </wpt>
  <wpt lat="49.845884290420244" lon="3.3626005783031037">
    <name>21.0</name>
  </wpt>
  <wpt lat="49.846565158016254" lon="3.3629681464582077">
    <name>21.1</name>
  </wpt>
  <wpt lat="49.84660100044222" lon="3.3643603020873871">
    <name>21.2</name>
  </wpt>
  <wpt lat="49.846538759451825" lon="3.3657510909864197">
    <name>21.3</name>
  </wpt>
  <wpt lat="49.846476655590592" lon="3.3671422932300339">
    <name>21.4</name>
  </wpt>
  <wpt lat="49.846386389675715" lon="3.3685276741018697">
    <name>21.5</name>
  </wpt>
  <wpt lat="49.846323422340532" lon="3.3699188051414644">
    <name>21.6</name>
  </wpt>
  <wpt lat="49.847152316660122" lon="3.36940939175561">
    <name>21.7</name>
  </wpt>
  <wpt lat="49.84794901334601" lon="3.36876858242598">
    <name>21.8</name>
  </wpt>
  <wpt lat="49.84871589709811" lon="3.3680409426691109">
    <name>21.9</name>
  </wpt>
  <wpt lat="49.849390189827425" lon="3.3671366022889866">
    <name>22.0</name>
  </wpt>
  <wpt lat="49.850101112861843" lon="3.3662930279970413">
    <name>22.1</name>
  </wpt>
  <wpt lat="49.850571398458541" lon="3.3653576917470116">
    <name>22.2</name>
  </wpt>
  <wpt lat="49.850670905333509" lon="3.364441050858161">
    <name>22.3</name>
  </wpt>
  <wpt lat="49.851420597455" lon="3.3636801440294506">
    <name>22.4</name>
  </wpt>
  <wpt lat="49.852145898155406" lon="3.3628677770555711">
    <name>22.5</name>
  </wpt>
  <wpt lat="49.852726978713392" lon="3.3633668677282116">
    <name>22.6</name>
  </wpt>
  <wpt lat="49.853159144519658" lon="3.3645896352853129">
    <name>22.7</name>
  </wpt>
  <wpt lat="49.853600798958915" lon="3.3658028983995103">
    <name>22.8</name>
  </wpt>
  <wpt lat="49.854155636210372" lon="3.3668979737652003">
    <name>22.9</name>
  </wpt>
  <wpt lat="49.854807131302067" lon="3.367781999999977">
    <name>23.0</name>
  </wpt>
  <wpt lat="49.855555302427831" lon="3.3670500310914062">
    <name>23.1</name>
  </wpt>
  <wpt lat="49.856406782172961" lon="3.3666233093943339">
    <name>23.2</name>
  </wpt>
  <wpt lat="49.857266222435705" lon="3.3662145363212983">
    <name>23.3</name>
  </wpt>
  <wpt lat="49.8581409387312" lon="3.3659579999999911">
    <name>23.4</name>
  </wpt>
  <wpt lat="49.859038011201861" lon="3.3660502423495631">
    <name>23.5</name>
  </wpt>
  <wpt lat="49.859934763517131" lon="3.3661556167393041">
    <name>23.6</name>
  </wpt>
  <wpt lat="49.860831378142734" lon="3.3662630814489174">
    <name>23.7</name>
  </wpt>
  <wpt lat="49.861722606782344" lon="3.3664481571560869">
    <name>23.8</name>
  </wpt>
  <wpt lat="49.862603920217218" lon="3.3667259446405118">
    <name>23.9</name>
  </wpt>
  <wpt lat="49.863488279699467" lon="3.3669789560897532">
    <name>24.0</name>
  </wpt>
  <wpt lat="49.864369267534528" lon="3.3672578576972425">
    <name>24.1</name>
  </wpt>
  <wpt lat="49.8652524372336" lon="3.3675200094832531">
    <name>24.2</name>
  </wpt>
  <wpt lat="49.86614585754571" lon="3.3676144273795541">
    <name>24.3</name>
  </wpt>
  <wpt lat="49.86704450560881" lon="3.3675604385339275">
    <name>24.4</name>
  </wpt>
  <wpt lat="49.867937382014162" lon="3.3676123849554762">
    <name>24.5</name>
  </wpt>
  <wpt lat="49.868771679732234" lon="3.3681292992243965">
    <name>24.6</name>
  </wpt>
  <wpt lat="49.869604187657792" lon="3.3686557577414984">
    <name>24.7</name>
  </wpt>
  <wpt lat="49.870438139269645" lon="3.3691766249734409">
    <name>24.8</name>
  </wpt>
  <wpt lat="49.871273147612335" lon="3.3696948098086152">
    <name>24.9</name>
  </wpt>
  <wpt lat="49.872106957048743" lon="3.3702158084802112">
    <name>25.0</name>
  </wpt>
  <wpt lat="49.872911696592972" lon="3.3708341586097674">
    <name>25.1</name>
  </wpt>
  <wpt lat="49.873645423485719" lon="3.3716410463693265">
    <name>25.2</name>
  </wpt>
  <wpt lat="49.874386623399062" lon="3.3724311328286283">
    <name>25.3</name>
  </wpt>
  <wpt lat="49.87520142693991" lon="3.3730088874162103">
    <name>25.4</name>
  </wpt>
  <wpt lat="49.876050836339722" lon="3.3734672067329381">
    <name>25.5</name>
  </wpt>
  <wpt lat="49.87691533292594" lon="3.3738384071656582">
    <name>25.6</name>
  </wpt>
  <wpt lat="49.877810421636283" lon="3.3738383367917386">
    <name>25.7</name>
  </wpt>
  <wpt lat="49.878691975895642" lon="3.3735665879815082">
    <name>25.8</name>
  </wpt>
  <wpt lat="49.879577713563108" lon="3.3733290140593262">
    <name>25.9</name>
  </wpt>
  <wpt lat="49.880473201307119" lon="3.3732017024261167">
    <name>26.0</name>
  </wpt>
  <wpt lat="49.881367665261578" lon="3.3730586275340992">
    <name>26.1</name>
  </wpt>
  <wpt lat="49.88226442600353" lon="3.3729625098486165">
    <name>26.2</name>
  </wpt>
  <wpt lat="49.883160257981544" lon="3.3728410443940868">
    <name>26.3</name>
  </wpt>
  <wpt lat="49.884056273780708" lon="3.3727233887953276">
    <name>26.4</name>
  </wpt>
  <wpt lat="49.884951996850312" lon="3.3725998875103911">
    <name>26.5</name>
  </wpt>
  <wpt lat="49.885849101873745" lon="3.372501950672512">
    <name>26.6</name>
  </wpt>
  <wpt lat="49.886744107559906" lon="3.372366767375925">
    <name>26.7</name>
  </wpt>
  <wpt lat="49.887626626125943" lon="3.3721038528505618">
    <name>26.8</name>
  </wpt>
  <wpt lat="49.888502922912934" lon="3.3717900215280787">
    <name>26.9</name>
  </wpt>
  <wpt lat="49.889383854314772" lon="3.3715106427148469">
    <name>27.0</name>
  </wpt>
  <wpt lat="49.890277285864471" lon="3.3715692674391686">
    <name>27.1</name>
  </wpt>
  <wpt lat="49.891173854990782" lon="3.3716440000000314">
    <name>27.2</name>
  </wpt>
  <wpt lat="49.892061930608229" lon="3.3714449408847682">
    <name>27.3</name>
  </wpt>
  <wpt lat="49.892937792963934" lon="3.371129509225435">
    <name>27.4</name>
  </wpt>
  <wpt lat="49.893770803568074" lon="3.3706158891792333">
    <name>27.5</name>
  </wpt>
  <wpt lat="49.894581100618886" lon="3.3700129328490451">
    <name>27.6</name>
  </wpt>
  <wpt lat="49.895413156141771" lon="3.3694840569446911">
    <name>27.7</name>
  </wpt>
  <wpt lat="49.896198280642011" lon="3.3688206035856783">
    <name>27.8</name>
  </wpt>
  <wpt lat="49.896854926857792" lon="3.3678707636410206">
    <name>27.9</name>
  </wpt>
  <wpt lat="49.897590189705816" lon="3.367108121320308">
    <name>28.0</name>
  </wpt>
  <wpt lat="49.898464411791977" lon="3.3667808189438087">
    <name>28.1</name>
  </wpt>
  <wpt lat="49.899343824871046" lon="3.3664889148640107">
    <name>28.2</name>
  </wpt>
  <wpt lat="49.900157174254829" lon="3.3669470792525105">
    <name>28.3</name>
  </wpt>
  <wpt lat="49.900844992529976" lon="3.3673468531052548">
    <name>28.4</name>
  </wpt>
  <wpt lat="49.901743716994943" lon="3.367331">
    <name>28.5</name>
  </wpt>
  <wpt lat="49.902639900873815" lon="3.3673925304798931">
    <name>28.6</name>
  </wpt>
  <wpt lat="49.903437437555944" lon="3.3680288820796496">
    <name>28.7</name>
  </wpt>
  <wpt lat="49.90422247956036" lon="3.3687100709277766">
    <name>28.8</name>
  </wpt>
  <wpt lat="49.905049876632461" lon="3.3691979999999782">
    <name>28.9</name>
  </wpt>
  <wpt lat="49.905946710125711" lon="3.3690981566539611">
    <name>29.0</name>
  </wpt>
  <wpt lat="49.906841336301504" lon="3.3689592318865831">
    <name>29.1</name>
  </wpt>
  <wpt lat="49.907734918411869" lon="3.3688324934553813">
    <name>29.2</name>
  </wpt>
  <wpt lat="49.908298865791785" lon="3.3678457162632012">
    <name>29.3</name>
  </wpt>
  <wpt lat="49.908495320750859" lon="3.3664830050274195">
    <name>29.4</name>
  </wpt>
  <wpt lat="49.908947498570733" lon="3.3654028338384703">
    <name>29.5</name>
  </wpt>
  <wpt lat="49.909787272730846" lon="3.3658162930694271">
    <name>29.6</name>
  </wpt>
  <wpt lat="49.910598030498157" lon="3.366420601820217">
    <name>29.7</name>
  </wpt>
  <wpt lat="49.91140878826544" lon="3.367024920729953">
    <name>29.8</name>
  </wpt>
  <wpt lat="49.912219344371316" lon="3.3676299015748974">
    <name>29.9</name>
  </wpt>
  <wpt lat="49.913029797531294" lon="3.3682352252732555">
    <name>30.0</name>
  </wpt>
  <wpt lat="49.913837995672509" lon="3.3688477435214632">
    <name>30.1</name>
  </wpt>
  <wpt lat="49.9146475867095" lon="3.3694558255082874">
    <name>30.2</name>
  </wpt>
  <wpt lat="49.915458293472163" lon="3.3700603601555059">
    <name>30.3</name>
  </wpt>
  <wpt lat="49.916269000234777" lon="3.3706649049665556">
    <name>30.4</name>
  </wpt>
  <wpt lat="49.917084386205673" lon="3.3712539927610226">
    <name>30.5</name>
  </wpt>
  <wpt lat="49.9178868413791" lon="3.3718748907787885">
    <name>30.6</name>
  </wpt>
  <wpt lat="49.9187397174689" lon="3.3720233907649106">
    <name>30.7</name>
  </wpt>
  <wpt lat="49.919601701830835" lon="3.3716432982383755">
    <name>30.8</name>
  </wpt>
  <wpt lat="49.920488123238442" lon="3.3715933025506537">
    <name>30.9</name>
  </wpt>
  <wpt lat="49.921385979678163" lon="3.3716581386797517">
    <name>31.0</name>
  </wpt>
  <wpt lat="49.922251907346869" lon="3.3713315844269123">
    <name>31.1</name>
  </wpt>
  <wpt lat="49.923123737805227" lon="3.3709963071865343">
    <name>31.2</name>
  </wpt>
  <wpt lat="49.924007435460908" lon="3.3707370702794521">
    <name>31.3</name>
  </wpt>
  <wpt lat="49.92489197347038" lon="3.370484825996793">
    <name>31.4</name>
  </wpt>
  <wpt lat="49.92577584943276" lon="3.3702270441262026">
    <name>31.5</name>
  </wpt>
  <wpt lat="49.926595474063681" lon="3.370392205905107">
    <name>31.6</name>
  </wpt>
  <wpt lat="49.927149108629528" lon="3.3695156733096705">
    <name>31.7</name>
  </wpt>
  <wpt lat="49.9279622496174" lon="3.3689204144411837">
    <name>31.8</name>
  </wpt>
  <wpt lat="49.928642641645091" lon="3.3685633484069024">
    <name>31.9</name>
  </wpt>
  <wpt lat="49.929346427264548" lon="3.3677087860748935">
    <name>32.0</name>
  </wpt>
  <wpt lat="49.930041569644381" lon="3.3668224236643844">
    <name>32.1</name>
  </wpt>
  <wpt lat="49.930736712024128" lon="3.3659360484694707">
    <name>32.2</name>
  </wpt>
  <wpt lat="49.9314318544038" lon="3.3650496604896434">
    <name>32.3</name>
  </wpt>
  <wpt lat="49.932140149734046" lon="3.3641968764160364">
    <name>32.4</name>
  </wpt>
  <wpt lat="49.93300482685536" lon="3.3638283948541758">
    <name>32.5</name>
  </wpt>
  <wpt lat="49.933884136549928" lon="3.3635352925421809">
    <name>32.6</name>
  </wpt>
  <wpt lat="49.934762736931305" lon="3.3632371032481791">
    <name>32.7</name>
  </wpt>
  <wpt lat="49.935641208312518" lon="3.3629379843882687">
    <name>32.8</name>
  </wpt>
  <wpt lat="49.93652982532867" lon="3.3628085743057907">
    <name>32.9</name>
  </wpt>
  <wpt lat="49.937424672457688" lon="3.3629477830803158">
    <name>33.0</name>
  </wpt>
  <wpt lat="49.938320389475429" lon="3.3630516129933139">
    <name>33.1</name>
  </wpt>
  <wpt lat="49.939198712039982" lon="3.3627597461665131">
    <name>33.2</name>
  </wpt>
  <wpt lat="49.940072666403353" lon="3.3624302062381424">
    <name>33.3</name>
  </wpt>
  <wpt lat="49.940948205620955" lon="3.362113076437002">
    <name>33.4</name>
  </wpt>
  <wpt lat="49.941837091963656" lon="3.3619034186162744">
    <name>33.5</name>
  </wpt>
  <wpt lat="49.942728299573162" lon="3.3617161263831936">
    <name>33.6</name>
  </wpt>
  <wpt lat="49.943618798394027" lon="3.3615213755187567">
    <name>33.7</name>
  </wpt>
  <wpt lat="49.944493626698922" lon="3.3612144191201234">
    <name>33.8</name>
  </wpt>
  <wpt lat="49.945271974637222" lon="3.360521031144494">
    <name>33.9</name>
  </wpt>
  <wpt lat="49.94603414106669" lon="3.3597796935294251">
    <name>34.0</name>
  </wpt>
  <wpt lat="49.946888549857867" lon="3.359351159463952">
    <name>34.1</name>
  </wpt>
  <wpt lat="49.947752420729941" lon="3.3589630031995781">
    <name>34.2</name>
  </wpt>
  <wpt lat="49.948544866595782" lon="3.3583144941617067">
    <name>34.3</name>
  </wpt>
  <wpt lat="49.949339038249171" lon="3.3576710830031864">
    <name>34.4</name>
  </wpt>
  <wpt lat="49.95022931301164" lon="3.3574982277372056">
    <name>34.5</name>
  </wpt>
  <wpt lat="49.951124555867942" lon="3.3573652648627856">
    <name>34.6</name>
  </wpt>
  <wpt lat="49.952019798724244" lon="3.357232299516693">
    <name>34.7</name>
  </wpt>
  <wpt lat="49.952915291175337" lon="3.3571040201511231">
    <name>34.8</name>
  </wpt>
  <wpt lat="49.953805411063968" lon="3.3569179791280006">
    <name>34.9</name>
  </wpt>
  <wpt lat="49.954645809241157" lon="3.3564241887311654">
    <name>35.0</name>
  </wpt>
  <wpt lat="49.955472054683739" lon="3.3558740445228961">
    <name>35.1</name>
  </wpt>
  <wpt lat="49.956336586546094" lon="3.3555150689407829">
    <name>35.2</name>
  </wpt>
  <wpt lat="49.957234624265659" lon="3.3555294147340509">
    <name>35.3</name>
  </wpt>
  <wpt lat="49.958132968505183" lon="3.3555945676295003">
    <name>35.4</name>
  </wpt>
  <wpt lat="49.959031254070588" lon="3.3556615988359679">
    <name>35.5</name>
  </wpt>
  <wpt lat="49.959928546664045" lon="3.355680000000012">
    <name>35.6</name>
  </wpt>
  <wpt lat="49.960819962518748" lon="3.3555039581201127">
    <name>35.7</name>
  </wpt>
  <wpt lat="49.961708850129583" lon="3.3552916252109721">
    <name>35.8</name>
  </wpt>
  <wpt lat="49.962598154173044" lon="3.3550835898441123">
    <name>35.9</name>
  </wpt>
  <wpt lat="49.963487312496724" lon="3.3548740480415717">
    <name>36.0</name>
  </wpt>
  <wpt lat="49.964380629929487" lon="3.3548331915151879">
    <name>36.1</name>
  </wpt>
  <wpt lat="49.9650062480847" lon="3.3555627225187226">
    <name>36.2</name>
  </wpt>
  <wpt lat="49.965411443546721" lon="3.3568092132732117">
    <name>36.3</name>
  </wpt>
  <wpt lat="49.965772195982133" lon="3.3580897924806892">
    <name>36.4</name>
  </wpt>
  <wpt lat="49.966122095067981" lon="3.3593770821618691">
    <name>36.5</name>
  </wpt>
  <wpt lat="49.966414131758327" lon="3.3606994277949203">
    <name>36.6</name>
  </wpt>
  <wpt lat="49.966715180943666" lon="3.3620168839917928">
    <name>36.7</name>
  </wpt>
  <wpt lat="49.967030812929828" lon="3.3633256794775064">
    <name>36.8</name>
  </wpt>
  <wpt lat="49.967448460763819" lon="3.3645571935762657">
    <name>36.9</name>
  </wpt>
  <wpt lat="49.968022492712343" lon="3.3656312779947237">
    <name>37.0</name>
  </wpt>
  <wpt lat="49.968607594450539" lon="3.3666928953286797">
    <name>37.1</name>
  </wpt>
  <wpt lat="49.969188081915462" lon="3.3677608109866282">
    <name>37.2</name>
  </wpt>
  <wpt lat="49.969688817599334" lon="3.3689195924432633">
    <name>37.3</name>
  </wpt>
  <wpt lat="49.970147144264956" lon="3.370122608283951">
    <name>37.4</name>
  </wpt>
  <wpt lat="49.970605470930487" lon="3.3713256355812509">
    <name>37.5</name>
  </wpt>
  <wpt lat="49.971067261305528" lon="3.3725254500127924">
    <name>37.6</name>
  </wpt>
  <wpt lat="49.971595054777005" lon="3.3736491080907136">
    <name>37.7</name>
  </wpt>
  <wpt lat="49.972222109394068" lon="3.3746511414202218">
    <name>37.8</name>
  </wpt>
  <wpt lat="49.972848443156821" lon="3.37565452037107">
    <name>37.9</name>
  </wpt>
  <wpt lat="49.973492442053448" lon="3.3766303257221328">
    <name>38.0</name>
  </wpt>
  <wpt lat="49.974158414391262" lon="3.3775700423008717">
    <name>38.1</name>
  </wpt>
  <wpt lat="49.974774436526275" lon="3.3785834733967239">
    <name>38.2</name>
  </wpt>
  <wpt lat="49.975272409340931" lon="3.3797442140857297">
    <name>38.3</name>
  </wpt>
  <wpt lat="49.975779140534677" lon="3.3808972807982505">
    <name>38.4</name>
  </wpt>
  <wpt lat="49.976369111593641" lon="3.381951653591059">
    <name>38.5</name>
  </wpt>
  <wpt lat="49.976913898394173" lon="3.3830637049714394">
    <name>38.6</name>
  </wpt>
  <wpt lat="49.97741153114724" lon="3.3842280802387474">
    <name>38.7</name>
  </wpt>
  <wpt lat="49.977925445656552" lon="3.3853674787408248">
    <name>38.8</name>
  </wpt>
  <wpt lat="49.978453295262085" lon="3.38649971390096">
    <name>38.9</name>
  </wpt>
  <wpt lat="49.978976889306225" lon="3.3876367192794987">
    <name>39.0</name>
  </wpt>
  <wpt lat="49.9794274112615" lon="3.3888431847550859">
    <name>39.1</name>
  </wpt>
  <wpt lat="49.979782161905142" lon="3.3901280866432355">
    <name>39.2</name>
  </wpt>
  <wpt lat="49.980121346429286" lon="3.3914233190666261">
    <name>39.3</name>
  </wpt>
  <wpt lat="49.980460530953337" lon="3.3927185606216179">
    <name>39.4</name>
  </wpt>
  <wpt lat="49.980796961589071" lon="3.3940155305343991">
    <name>39.5</name>
  </wpt>
  <wpt lat="49.981107918029991" lon="3.3953263434633509">
    <name>39.6</name>
  </wpt>
  <wpt lat="49.981022863851386" lon="3.3966987445561609">
    <name>39.7</name>
  </wpt>
  <wpt lat="49.980858203031971" lon="3.3980735518336478">
    <name>39.8</name>
  </wpt>
  <wpt lat="49.980776445612712" lon="3.3994577801561285">
    <name>39.9</name>
  </wpt>
  <wpt lat="49.981051724106692" lon="3.400784244757614">
    <name>40.0</name>
  </wpt>
  <wpt lat="49.981372189554648" lon="3.402090987749868">
    <name>40.1</name>
  </wpt>
  <wpt lat="49.981804215566889" lon="3.403313462047207">
    <name>40.2</name>
  </wpt>
  <wpt lat="49.9823091779015" lon="3.404470533585128">
    <name>40.3</name>
  </wpt>
  <wpt lat="49.982804754567042" lon="3.4056373537609006">
    <name>40.4</name>
  </wpt>
  <wpt lat="49.98328826892417" lon="3.4068166094675285">
    <name>40.5</name>
  </wpt>
  <wpt lat="49.983755186962377" lon="3.4080116816640511">
    <name>40.6</name>
  </wpt>
  <wpt lat="49.98422048053996" lon="3.4092085166417352">
    <name>40.7</name>
  </wpt>
  <wpt lat="49.984627492191187" lon="3.41045510281948">
    <name>40.8</name>
  </wpt>
  <wpt lat="49.985010333073191" lon="3.4117203328214081">
    <name>40.9</name>
  </wpt>
  <wpt lat="49.98533045177853" lon="3.4130267025660537">
    <name>41.0</name>
  </wpt>
  <wpt lat="49.985549857869287" lon="3.4143831116327816">
    <name>41.1</name>
  </wpt>
  <wpt lat="49.985868944669356" lon="3.4156852522149355">
    <name>41.2</name>
  </wpt>
  <wpt lat="49.986259022942548" lon="3.4169453241042191">
    <name>41.3</name>
  </wpt>
  <wpt lat="49.986638482034529" lon="3.4182134209057757">
    <name>41.4</name>
  </wpt>
  <wpt lat="49.986929821259857" lon="3.4195358591027389">
    <name>41.5</name>
  </wpt>
  <wpt lat="49.987131966958813" lon="3.4208982445217866">
    <name>41.6</name>
  </wpt>
  <wpt lat="49.98735304112494" lon="3.4222540491083726">
    <name>41.7</name>
  </wpt>
  <wpt lat="49.987564827543878" lon="3.4236133456683846">
    <name>41.8</name>
  </wpt>
  <wpt lat="49.9877345533479" lon="3.4249869467027483">
    <name>41.9</name>
  </wpt>
  <wpt lat="49.987875457149791" lon="3.4263680210018697">
    <name>42.0</name>
  </wpt>
  <wpt lat="49.988001225440534" lon="3.4277530206782729">
    <name>42.1</name>
  </wpt>
  <wpt lat="49.988106262772789" lon="3.4291411787070505">
    <name>42.2</name>
  </wpt>
  <wpt lat="49.988131820220993" lon="3.4305386273979268">
    <name>42.3</name>
  </wpt>
  <wpt lat="49.988121217281694" lon="3.4319372808123845">
    <name>42.4</name>
  </wpt>
  <wpt lat="49.988105395217872" lon="3.4333357818381725">
    <name>42.5</name>
  </wpt>
  <wpt lat="49.988082265876336" lon="3.4347340688428583">
    <name>42.6</name>
  </wpt>
  <wpt lat="49.988059136534815" lon="3.4361323551750989">
    <name>42.7</name>
  </wpt>
  <wpt lat="49.988040231376196" lon="3.4375307839123241">
    <name>42.8</name>
  </wpt>
  <wpt lat="49.988014726007705" lon="3.4389287928371957">
    <name>42.9</name>
  </wpt>
  <wpt lat="49.987843556444268" lon="3.4402989155543664">
    <name>43.0</name>
  </wpt>
  <wpt lat="49.987618722274547" lon="3.4416532047035391">
    <name>43.1</name>
  </wpt>
  <wpt lat="49.987401137529623" lon="3.443009431590232">
    <name>43.2</name>
  </wpt>
  <wpt lat="49.988206433463574" lon="3.4433613070990141">
    <name>43.3</name>
  </wpt>
  <wpt lat="49.988801000095847" lon="3.444335070667504">
    <name>43.4</name>
  </wpt>
  <wpt lat="49.989462124928437" lon="3.4452039636131384">
    <name>43.5</name>
  </wpt>
  <wpt lat="49.989816171619339" lon="3.44624626836839">
    <name>43.6</name>
  </wpt>
  <wpt lat="49.989745058301324" lon="3.4476406822679304">
    <name>43.7</name>
  </wpt>
  <wpt lat="49.989640228277075" lon="3.4490275422280705">
    <name>43.8</name>
  </wpt>
  <wpt lat="49.989421393108685" lon="3.4503837296920681">
    <name>43.9</name>
  </wpt>
  <wpt lat="49.989327442717162" lon="3.451616487193923">
    <name>44.0</name>
  </wpt>
  <wpt lat="49.990196945733871" lon="3.4519599999999526">
    <name>44.1</name>
  </wpt>
  <wpt lat="50.027444193529163" lon="3.4608043661080128">
    <name>48.92</name>
  </wpt>
  <wpt lat="50.028198409817804" lon="3.4614273365561772">
    <name>49.0</name>
  </wpt>
  <wpt lat="50.029058234220464" lon="3.4618376590824798">
    <name>49.1</name>
  </wpt>
  <wpt lat="50.029917563247636" lon="3.4622504425124352">
    <name>49.2</name>
  </wpt>
  <wpt lat="50.030733195496971" lon="3.4628308090776758">
    <name>49.3</name>
  </wpt>
  <wpt lat="50.031575448642883" lon="3.4633108718282024">
    <name>49.4</name>
  </wpt>
  <wpt lat="50.032453855535444" lon="3.4636029036301204">
    <name>49.5</name>
  </wpt>
  <wpt lat="50.033295196151684" lon="3.46404934369918">
    <name>49.6</name>
  </wpt>
  <wpt lat="50.034194335078844" lon="3.4640620000000197">
    <name>49.7</name>
  </wpt>
  <wpt lat="50.035083078711459" lon="3.4642329496626676">
    <name>49.8</name>
  </wpt>
  <wpt lat="50.035964258401286" lon="3.4645127616568616">
    <name>49.9</name>
  </wpt>
  <wpt lat="50.036861540124271" lon="3.4645851703049897">
    <name>50.0</name>
  </wpt>
  <wpt lat="50.037759544942148" lon="3.4646419555652312">
    <name>50.1</name>
  </wpt>
  <wpt lat="50.038630420093227" lon="3.4649873923674619">
    <name>50.2</name>
  </wpt>
  <wpt lat="50.039275300226834" lon="3.4643094006678608">
    <name>50.3</name>
  </wpt>
  <wpt lat="50.039829978071857" lon="3.4632074859876076">
    <name>50.4</name>
  </wpt>
  <wpt lat="50.040332526678448" lon="3.4620467656665688">
    <name>50.5</name>
  </wpt>
  <wpt lat="50.040821264127239" lon="3.4608713150793822">
    <name>50.6</name>
  </wpt>
  <wpt lat="50.041333715672607" lon="3.4597208467295073">
    <name>50.7</name>
  </wpt>
  <wpt lat="50.041899254632064" lon="3.4586320702330329">
    <name>50.8</name>
  </wpt>
  <wpt lat="50.042464793591407" lon="3.4575432809098139">
    <name>50.9</name>
  </wpt>
  <wpt lat="50.043210285022717" lon="3.456770783740672">
    <name>51.0</name>
  </wpt>
  <wpt lat="50.044002086051975" lon="3.4561067960001282">
    <name>51.1</name>
  </wpt>
  <wpt lat="50.044793887081191" lon="3.4554427973067714">
    <name>51.2</name>
  </wpt>
  <wpt lat="50.045569986839233" lon="3.4547370140732339">
    <name>51.3</name>
  </wpt>
  <wpt lat="50.046318542140369" lon="3.4539609229566883">
    <name>51.4</name>
  </wpt>
  <wpt lat="50.047062244612533" lon="3.4531736247596041">
    <name>51.5</name>
  </wpt>
  <wpt lat="50.047814431186481" lon="3.4524060126658709">
    <name>51.6</name>
  </wpt>
  <wpt lat="50.048567156243436" lon="3.4516444186408162">
    <name>51.7</name>
  </wpt>
  <wpt lat="50.049445913132345" lon="3.4515855003998452">
    <name>51.8</name>
  </wpt>
  <wpt lat="50.050341796662309" lon="3.4515375377453723">
    <name>51.9</name>
  </wpt>
  <wpt lat="50.051218941685818" lon="3.4512414432688021">
    <name>52.0</name>
  </wpt>
  <wpt lat="50.052066359587585" lon="3.4507728801797191">
    <name>52.1</name>
  </wpt>
  <wpt lat="50.052910971673313" lon="3.4502918154361">
    <name>52.2</name>
  </wpt>
  <wpt lat="50.053771324887506" lon="3.449907491840877">
    <name>52.3</name>
  </wpt>
  <wpt lat="50.054640753279443" lon="3.4496079029327444">
    <name>52.4</name>
  </wpt>
  <wpt lat="50.05546483495538" lon="3.449047051351823">
    <name>52.5</name>
  </wpt>
  <wpt lat="50.056288916631289" lon="3.4484861901382482">
    <name>52.6</name>
  </wpt>
  <wpt lat="50.057103718254652" lon="3.4478939719052777">
    <name>52.7</name>
  </wpt>
  <wpt lat="50.057884545268628" lon="3.4472064119972825">
    <name>52.8</name>
  </wpt>
  <wpt lat="50.058590706027012" lon="3.4463390079433882">
    <name>52.9</name>
  </wpt>
  <wpt lat="50.059296407622448" lon="3.4454707535339519">
    <name>53.0</name>
  </wpt>
  <wpt lat="50.05995612649177" lon="3.4445187330800864">
    <name>53.1</name>
  </wpt>
  <wpt lat="50.060721500086949" lon="3.4438021249910258">
    <name>53.2</name>
  </wpt>
  <wpt lat="50.061149420322536" lon="3.4429375407506551">
    <name>53.3</name>
  </wpt>
  <wpt lat="50.061541263748133" lon="3.4416938498003873">
    <name>53.4</name>
  </wpt>
  <wpt lat="50.062113021360318" lon="3.4406128495959418">
    <name>53.5</name>
  </wpt>
  <wpt lat="50.062910242528019" lon="3.4400252364342538">
    <name>53.6</name>
  </wpt>
  <wpt lat="50.063782889365818" lon="3.4402734689906755">
    <name>53.7</name>
  </wpt>
  <wpt lat="50.064625746078889" lon="3.440761495074375">
    <name>53.8</name>
  </wpt>
  <wpt lat="50.065477630181668" lon="3.441210499175936">
    <name>53.9</name>
  </wpt>
  <wpt lat="50.066322903246565" lon="3.441685885061359">
    <name>54.0</name>
  </wpt>
  <wpt lat="50.067123746862769" lon="3.4423233423662434">
    <name>54.1</name>
  </wpt>
  <wpt lat="50.067924590478917" lon="3.4429608103151468">
    <name>54.2</name>
  </wpt>
  <wpt lat="50.068746213338883" lon="3.4435229655796826">
    <name>54.3</name>
  </wpt>
  <wpt lat="50.069615989678681" lon="3.4438768598204126">
    <name>54.4</name>
  </wpt>
  <wpt lat="50.070491503573265" lon="3.4441961002089383">
    <name>54.5</name>
  </wpt>
  <wpt lat="50.07138866858601" lon="3.444239520686605">
    <name>54.6</name>
  </wpt>
  <wpt lat="50.072281790843675" lon="3.4443783225294635">
    <name>54.7</name>
  </wpt>
  <wpt lat="50.0731420315581" lon="3.4447676819761983">
    <name>54.8</name>
  </wpt>
  <wpt lat="50.073976777542583" lon="3.4452886845209463">
    <name>54.9</name>
  </wpt>
  <wpt lat="50.074865013576463" lon="3.445479999999979">
    <name>55.0</name>
  </wpt>
  <wpt lat="50.07575300044158" lon="3.4452849067400266">
    <name>55.1</name>
  </wpt>
  <wpt lat="50.076634252498856" lon="3.4450071955876926">
    <name>55.2</name>
  </wpt>
  <wpt lat="50.077532723055612" lon="3.4450141514476518">
    <name>55.3</name>
  </wpt>
  <wpt lat="50.078429167247521" lon="3.4449437085744732">
    <name>55.4</name>
  </wpt>
  <wpt lat="50.0793156003537" lon="3.4447127423800321">
    <name>55.5</name>
  </wpt>
  <wpt lat="50.080120982444953" lon="3.444098464992067">
    <name>55.6</name>
  </wpt>
  <wpt lat="50.080956368256366" lon="3.4435865685198963">
    <name>55.7</name>
  </wpt>
  <wpt lat="50.081845257725881" lon="3.4434800725309049">
    <name>55.8</name>
  </wpt>
  <wpt lat="50.08256790923096" lon="3.4438196509623977">
    <name>55.9</name>
  </wpt>
  <wpt lat="50.082614635391941" lon="3.44521316134462">
    <name>56.0</name>
  </wpt>
  <wpt lat="50.082796712683638" lon="3.4465830016762689">
    <name>56.1</name>
  </wpt>
  <wpt lat="50.083105466666659" lon="3.4478973208048354">
    <name>56.2</name>
  </wpt>
  <wpt lat="50.083886079194286" lon="3.4480404769838922">
    <name>56.3</name>
  </wpt>
  <wpt lat="50.08478072999236" lon="3.4478978179314352">
    <name>56.4</name>
  </wpt>
  <wpt lat="50.08567723032855" lon="3.4477973111123483">
    <name>56.5</name>
  </wpt>
  <wpt lat="50.0865736772394" lon="3.4479085505134179">
    <name>56.6</name>
  </wpt>
  <wpt lat="50.087471981087674" lon="3.4479712308343604">
    <name>56.7</name>
  </wpt>
  <wpt lat="50.088371177969158" lon="3.4479930337190878">
    <name>56.8</name>
  </wpt>
  <wpt lat="50.089270478627562" lon="3.4480026006460998">
    <name>56.9</name>
  </wpt>
  <wpt lat="50.090169066390949" lon="3.448029380626553">
    <name>57.0</name>
  </wpt>
  <wpt lat="50.09105320399788" lon="3.4482700580434114">
    <name>57.1</name>
  </wpt>
  <wpt lat="50.091943457753423" lon="3.4483678938178168">
    <name>57.2</name>
  </wpt>
  <wpt lat="50.09254446644681" lon="3.449284207667481">
    <name>57.3</name>
  </wpt>
  <wpt lat="50.093147901418753" lon="3.4503107487565075">
    <name>57.4</name>
  </wpt>
  <wpt lat="50.09370209046827" lon="3.451409239333318">
    <name>57.5</name>
  </wpt>
  <wpt lat="50.094294245032529" lon="3.4524426271638338">
    <name>57.6</name>
  </wpt>
  <wpt lat="50.09490485527283" lon="3.4534440532275434">
    <name>57.7</name>
  </wpt>
  <wpt lat="50.09520083676788" lon="3.4547674962883415">
    <name>57.8</name>
  </wpt>
  <wpt lat="50.095621136445423" lon="3.4560049774922">
    <name>57.9</name>
  </wpt>
  <wpt lat="50.095861169935944" lon="3.4573507788214006">
    <name>58.0</name>
  </wpt>
  <wpt lat="50.0960291902894" lon="3.4587279882538775">
    <name>58.1</name>
  </wpt>
  <wpt lat="50.096254809903058" lon="3.4600817277474274">
    <name>58.2</name>
  </wpt>
  <wpt lat="50.096637011535094" lon="3.461350452877892">
    <name>58.3</name>
  </wpt>
  <wpt lat="50.096902525307165" lon="3.4626875730386057">
    <name>58.4</name>
  </wpt>
  <wpt lat="50.097135432322226" lon="3.4640411136934435">
    <name>58.5</name>
  </wpt>
  <wpt lat="50.097210721970946" lon="3.4654284824283415">
    <name>58.6</name>
  </wpt>
  <wpt lat="50.09775519331226" lon="3.4663183743666379">
    <name>58.7</name>
  </wpt>
  <wpt lat="50.09864313189837" lon="3.4665407277550786">
    <name>58.8</name>
  </wpt>
  <wpt lat="50.099521362709922" lon="3.46684080689101">
    <name>58.9</name>
  </wpt>
  <wpt lat="50.1003989549833" lon="3.4671420305044047">
    <name>59.0</name>
  </wpt>
  <wpt lat="50.101260521631673" lon="3.4675318068971261">
    <name>59.1</name>
  </wpt>
  <wpt lat="50.102061102944155" lon="3.46814659294596">
    <name>59.2</name>
  </wpt>
  <wpt lat="50.102884083450057" lon="3.4686359156834841">
    <name>59.3</name>
  </wpt>
  <wpt lat="50.103730262781895" lon="3.4690594641843049">
    <name>59.4</name>
  </wpt>
  <wpt lat="50.104319634435214" lon="3.4700793340601921">
    <name>59.5</name>
  </wpt>
  <wpt lat="50.105110616530375" lon="3.4703270934522621">
    <name>59.6</name>
  </wpt>
  <wpt lat="50.105976925016371" lon="3.4701967761280108">
    <name>59.7</name>
  </wpt>
  <wpt lat="50.106810956990785" lon="3.4707202191530775">
    <name>59.8</name>
  </wpt>
  <wpt lat="50.107702273955219" lon="3.4708210000000026">
    <name>59.9</name>
  </wpt>
  <wpt lat="50.108557482511856" lon="3.4711255309107911">
    <name>60.0</name>
  </wpt>
  <wpt lat="50.109313635545647" lon="3.4713523647267652">
    <name>60.1</name>
  </wpt>
  <wpt lat="50.11006008782315" lon="3.4706046697375768">
    <name>60.2</name>
  </wpt>
  <wpt lat="50.110953310489585" lon="3.4706068198259241">
    <name>60.3</name>
  </wpt>
  <wpt lat="50.111804752183694" lon="3.471035999999962">
    <name>60.4</name>
  </wpt>
  <wpt lat="50.112696045200956" lon="3.4708694934468141">
    <name>60.5</name>
  </wpt>
  <wpt lat="50.113585635904791" lon="3.4706637799090942">
    <name>60.6</name>
  </wpt>
  <wpt lat="50.114421839533136" lon="3.4702176592277736">
    <name>60.7</name>
  </wpt>
  <wpt lat="50.1151557181852" lon="3.4694070428027945">
    <name>60.8</name>
  </wpt>
  <wpt lat="50.115924899206782" lon="3.4686867579012279">
    <name>60.9</name>
  </wpt>
  <wpt lat="50.116739296433884" lon="3.4681094120126832">
    <name>61.0</name>
  </wpt>
  <wpt lat="50.117619367071036" lon="3.4678207727764385">
    <name>61.1</name>
  </wpt>
  <wpt lat="50.118400776848553" lon="3.4672045806223948">
    <name>61.2</name>
  </wpt>
  <wpt lat="50.118978357180758" lon="3.4661323601049565">
    <name>61.3</name>
  </wpt>
  <wpt lat="50.119680876675204" lon="3.4652568429887749">
    <name>61.4</name>
  </wpt>
  <wpt lat="50.120373406036919" lon="3.4643622594888712">
    <name>61.5</name>
  </wpt>
  <wpt lat="50.121220433570464" lon="3.4640608584286161">
    <name>61.6</name>
  </wpt>
  <wpt lat="50.122053534385451" lon="3.4636729222520106">
    <name>61.7</name>
  </wpt>
  <wpt lat="50.122911398361083" lon="3.463486581646285">
    <name>61.8</name>
  </wpt>
  <wpt lat="50.123789858516254" lon="3.4631879199223592">
    <name>61.9</name>
  </wpt>
  <wpt lat="50.124679140612031" lon="3.4633686094973504">
    <name>62.0</name>
  </wpt>
  <wpt lat="50.125561288482764" lon="3.4636414361788352">
    <name>62.1</name>
  </wpt>
  <wpt lat="50.126443436353476" lon="3.4639142678888533">
    <name>62.2</name>
  </wpt>
  <wpt lat="50.127325584224188" lon="3.4641871046275061">
    <name>62.3</name>
  </wpt>
  <wpt lat="50.128207690938709" lon="3.46446026656612">
    <name>62.4</name>
  </wpt>
  <wpt lat="50.129088907667125" lon="3.464740323039833">
    <name>62.5</name>
  </wpt>
  <wpt lat="50.129973637993835" lon="3.4649222322724582">
    <name>62.6</name>
  </wpt>
  <wpt lat="50.130863808822994" lon="3.4648386930291597">
    <name>62.7</name>
  </wpt>
  <wpt lat="50.131715507262896" lon="3.4652873127800761">
    <name>62.8</name>
  </wpt>
  <wpt lat="50.132605902775531" lon="3.4654212624159375">
    <name>62.9</name>
  </wpt>
  <wpt lat="50.133505183613913" lon="3.4654346210520526">
    <name>63.0</name>
  </wpt>
  <wpt lat="50.134403880932858" lon="3.4654331658417243">
    <name>63.1</name>
  </wpt>
  <wpt lat="50.135302903099927" lon="3.4653969628858587">
    <name>63.2</name>
  </wpt>
  <wpt lat="50.136201925266995" lon="3.4653607592498124">
    <name>63.3</name>
  </wpt>
  <wpt lat="50.137100947434064" lon="3.4653245549334835">
    <name>63.4</name>
  </wpt>
  <wpt lat="50.137999969601132" lon="3.4652883499367704">
    <name>63.5</name>
  </wpt>
  <wpt lat="50.138879864400458" lon="3.4650134901858038">
    <name>63.6</name>
  </wpt>
  <wpt lat="50.139754440175032" lon="3.4646865943518752">
    <name>63.7</name>
  </wpt>
  <wpt lat="50.140629015949578" lon="3.4643596925416587">
    <name>63.8</name>
  </wpt>
  <wpt lat="50.141521109881623" lon="3.4641863601403649">
    <name>63.9</name>
  </wpt>
  <wpt lat="50.142417676316477" lon="3.4642114392880075">
    <name>64.0</name>
  </wpt>
  <wpt lat="50.143314324705038" lon="3.46431955604451">
    <name>64.1</name>
  </wpt>
  <wpt lat="50.144210883014516" lon="3.4642257138184287">
    <name>64.2</name>
  </wpt>
  <wpt lat="50.1450889857163" lon="3.4639423181694116">
    <name>64.3</name>
  </wpt>
  <wpt lat="50.14590223413451" lon="3.4633463410067962">
    <name>64.4</name>
  </wpt>
  <wpt lat="50.146646310536319" lon="3.4625606465332162">
    <name>64.5</name>
  </wpt>
  <wpt lat="50.147496584947518" lon="3.4622576080587817">
    <name>64.6</name>
  </wpt>
  <wpt lat="50.148391599915179" lon="3.462389986941226">
    <name>64.7</name>
  </wpt>
  <wpt lat="50.149290888320643" lon="3.4624020462147014">
    <name>64.8</name>
  </wpt>
  <wpt lat="50.150187122509244" lon="3.4624774470298476">
    <name>64.9</name>
  </wpt>
  <wpt lat="50.150868031181126" lon="3.46315557807703">
    <name>65.0</name>
  </wpt>
  <wpt lat="50.151556971442027" lon="3.4640215243901973">
    <name>65.1</name>
  </wpt>
  <wpt lat="50.1522280033946" lon="3.4648494516818182">
    <name>65.2</name>
  </wpt>
  <wpt lat="50.152734014163165" lon="3.4660062087706645">
    <name>65.3</name>
  </wpt>
  <wpt lat="50.153386328712614" lon="3.4669619220800594">
    <name>65.4</name>
  </wpt>
  <wpt lat="50.153830736209386" lon="3.4681754562559868">
    <name>65.5</name>
  </wpt>
  <wpt lat="50.154340914527737" lon="3.4693311702599914">
    <name>65.6</name>
  </wpt>
  <wpt lat="50.154849254716154" lon="3.4704890409676947">
    <name>65.7</name>
  </wpt>
  <wpt lat="50.155354029681483" lon="3.4716507126968592">
    <name>65.8</name>
  </wpt>
  <wpt lat="50.155862533646925" lon="3.4728082365773383">
    <name>65.9</name>
  </wpt>
  <wpt lat="50.156442909179511" lon="3.4738722424808892">
    <name>66.0</name>
  </wpt>
  <wpt lat="50.156854983728572" lon="3.4744219690135272">
    <name>66.1</name>
  </wpt>
  <wpt lat="50.157355494012556" lon="3.4755776248255947">
    <name>66.2</name>
  </wpt>
  <wpt lat="50.1577947997067" lon="3.4768024558609265">
    <name>66.3</name>
  </wpt>
  <wpt lat="50.15837535842747" lon="3.4778623204281431">
    <name>66.4</name>
  </wpt>
  <wpt lat="50.1589920996389" lon="3.4788784739506649">
    <name>66.5</name>
  </wpt>
  <wpt lat="50.159529218035232" lon="3.4800043617697272">
    <name>66.6</name>
  </wpt>
  <wpt lat="50.16006633643147" lon="3.4811302622388478">
    <name>66.7</name>
  </wpt>
  <wpt lat="50.160536176248648" lon="3.4823248368799811">
    <name>66.8</name>
  </wpt>
  <wpt lat="50.161054389715069" lon="3.4834702087176854">
    <name>66.9</name>
  </wpt>
  <wpt lat="50.161469700181172" lon="3.4847115301117655">
    <name>67.0</name>
  </wpt>
  <wpt lat="50.161854075141562" lon="3.4859806501764372">
    <name>67.1</name>
  </wpt>
  <wpt lat="50.162435799297484" lon="3.4863313333149124">
    <name>67.2</name>
  </wpt>
  <wpt lat="50.163313238629428" lon="3.4861620755761638">
    <name>67.3</name>
  </wpt>
  <wpt lat="50.163946282023211" lon="3.48701687289773">
    <name>67.4</name>
  </wpt>
  <wpt lat="50.164449790628659" lon="3.4881329475117475">
    <name>67.5</name>
  </wpt>
  <wpt lat="50.165285175876335" lon="3.4886401133178739">
    <name>67.6</name>
  </wpt>
  <wpt lat="50.166155835358595" lon="3.4889530000000448">
    <name>67.7</name>
  </wpt>
  <wpt lat="50.1670190327722" lon="3.4886252899518526">
    <name>67.8</name>
  </wpt>
  <wpt lat="50.167847265211243" lon="3.4880781895732924">
    <name>67.9</name>
  </wpt>
  <wpt lat="50.168725524586179" lon="3.4878370000000087">
    <name>68.0</name>
  </wpt>
  <wpt lat="50.169614735915729" lon="3.4879950133794715">
    <name>68.1</name>
  </wpt>
  <wpt lat="50.170464666104508" lon="3.4884539207959246">
    <name>68.2</name>
  </wpt>
  <wpt lat="50.171331941678133" lon="3.4887960900221748">
    <name>68.3</name>
  </wpt>
  <wpt lat="50.172229665833129" lon="3.4888797431768612">
    <name>68.4</name>
  </wpt>
  <wpt lat="50.173070585573761" lon="3.4893362603848948">
    <name>68.5</name>
  </wpt>
  <wpt lat="50.173823821540068" lon="3.4901029376422605">
    <name>68.6</name>
  </wpt>
  <wpt lat="50.174607321556827" lon="3.4907909958854662">
    <name>68.7</name>
  </wpt>
  <wpt lat="50.175426736717014" lon="3.4913689115766413">
    <name>68.8</name>
  </wpt>
  <wpt lat="50.176289296514504" lon="3.4917499238332828">
    <name>68.9</name>
  </wpt>
  <wpt lat="50.1771856490632" lon="3.4918592761458171">
    <name>69.0</name>
  </wpt>
  <wpt lat="50.178075485270156" lon="3.4920190133284126">
    <name>69.1</name>
  </wpt>
  <wpt lat="50.178874730800096" lon="3.4926618814458457">
    <name>69.2</name>
  </wpt>
  <wpt lat="50.17953770055977" lon="3.4923611323157404">
    <name>69.3</name>
  </wpt>
  <wpt lat="50.180278978588859" lon="3.4918951495072639">
    <name>69.4</name>
  </wpt>
  <wpt lat="50.181174358560909" lon="3.4918530321556731">
    <name>69.5</name>
  </wpt>
  <wpt lat="50.182070631195785" lon="3.4917639999999897">
    <name>69.6</name>
  </wpt>
  <wpt lat="50.182782984668826" lon="3.4924659939930436">
    <name>69.7</name>
  </wpt>
  <wpt lat="50.183626329222406" lon="3.49288426448357">
    <name>69.8</name>
  </wpt>
  <wpt lat="50.184249933163393" lon="3.4936183366829767">
    <name>69.9</name>
  </wpt>
  <wpt lat="50.184997043239093" lon="3.4938973363347023">
    <name>70.0</name>
  </wpt>
  <wpt lat="50.185826035724" lon="3.49423605667188">
    <name>70.1</name>
  </wpt>
  <wpt lat="50.186418765519747" lon="3.4952883940162538">
    <name>70.2</name>
  </wpt>
  <wpt lat="50.186834000000964" lon="3.4965243235014754">
    <name>70.3</name>
  </wpt>
  <wpt lat="50.186910216869052" lon="3.4976985814005035">
    <name>70.4</name>
  </wpt>
  <wpt lat="50.187470108700523" lon="3.4987511086509628">
    <name>70.5</name>
  </wpt>
  <wpt lat="50.188343678013986" lon="3.4988585096063836">
    <name>70.6</name>
  </wpt>
  <wpt lat="50.189239749237473" lon="3.4987627808178554">
    <name>70.7</name>
  </wpt>
  <wpt lat="50.190138289018066" lon="3.4987159999999977">
    <name>70.8</name>
  </wpt>
  <wpt lat="50.191037003191539" lon="3.4986777307218242">
    <name>70.9</name>
  </wpt>
  <wpt lat="50.191917927847392" lon="3.4989170260302229">
    <name>71.0</name>
  </wpt>
  <wpt lat="50.192758148298005" lon="3.499417857197344">
    <name>71.1</name>
  </wpt>
  <wpt lat="50.193556420034582" lon="3.5000524200206806">
    <name>71.2</name>
  </wpt>
  <wpt lat="50.194283809734365" lon="3.500651975357489">
    <name>71.3</name>
  </wpt>
  <wpt lat="50.194619601259546" lon="3.5017420000000037">
    <name>71.4</name>
  </wpt>
  <wpt lat="50.195364532083474" lon="3.5024424038822253">
    <name>71.5</name>
  </wpt>
  <wpt lat="50.19603561561896" lon="3.50337736902086">
    <name>71.6</name>
  </wpt>
  <wpt lat="50.1967610029731" lon="3.5042055312857543">
    <name>71.7</name>
  </wpt>
  <wpt lat="50.197515003478806" lon="3.504971238310691">
    <name>71.8</name>
  </wpt>
  <wpt lat="50.19827074538167" lon="3.5057327403653">
    <name>71.9</name>
  </wpt>
  <wpt lat="50.199016658017513" lon="3.506516206800887">
    <name>72.0</name>
  </wpt>
  <wpt lat="50.199607697979438" lon="3.5075734085917452">
    <name>72.1</name>
  </wpt>
  <wpt lat="50.200210889692926" lon="3.5086136520645193">
    <name>72.2</name>
  </wpt>
  <wpt lat="50.200864086334789" lon="3.5095784787496562">
    <name>72.3</name>
  </wpt>
  <wpt lat="50.201613790487194" lon="3.5103488759674932">
    <name>72.4</name>
  </wpt>
  <wpt lat="50.202380198399325" lon="3.5110839035504648">
    <name>72.5</name>
  </wpt>
  <wpt lat="50.203094660195866" lon="3.511931435032567">
    <name>72.6</name>
  </wpt>
  <wpt lat="50.203789123070131" lon="3.5128241625948475">
    <name>72.7</name>
  </wpt>
  <wpt lat="50.204468205557689" lon="3.5137451674457307">
    <name>72.8</name>
  </wpt>
  <wpt lat="50.205143890596609" lon="3.5146724282941917">
    <name>72.9</name>
  </wpt>
  <wpt lat="50.205826417235507" lon="3.515585472726003">
    <name>73.0</name>
  </wpt>
  <wpt lat="50.206488416073967" lon="3.5165365533659592">
    <name>73.1</name>
  </wpt>
  <wpt lat="50.207148966309717" lon="3.5174880518654588">
    <name>73.2</name>
  </wpt>
  <wpt lat="50.207858468722321" lon="3.5183513313609787">
    <name>73.3</name>
  </wpt>
  <wpt lat="50.208617109029653" lon="3.5190982737065575">
    <name>73.4</name>
  </wpt>
  <wpt lat="50.20939632132005" lon="3.5197979251787488">
    <name>73.5</name>
  </wpt>
  <wpt lat="50.21018148073437" lon="3.5204500550640865">
    <name>73.6</name>
  </wpt>
  <wpt lat="50.210786551039227" lon="3.5213393690911188">
    <name>73.7</name>
  </wpt>
  <wpt lat="50.211095079477289" lon="3.5226583918905043">
    <name>73.8</name>
  </wpt>
  <wpt lat="50.211723835290691" lon="3.523616937326393">
    <name>73.9</name>
  </wpt>
  <wpt lat="50.212516881404994" lon="3.5242299999999678">
    <name>74.0</name>
  </wpt>
  <wpt lat="50.213267273150677" lon="3.5246955460877527">
    <name>74.1</name>
  </wpt>
  <wpt lat="50.21393483099191" lon="3.525633109817524">
    <name>74.2</name>
  </wpt>
  <wpt lat="50.21462213004898" lon="3.52653646658287">
    <name>74.3</name>
  </wpt>
  <wpt lat="50.21532318272353" lon="3.52741447971043">
    <name>74.4</name>
  </wpt>
  <wpt lat="50.215993054303908" lon="3.5283491553626107">
    <name>74.5</name>
  </wpt>
  <wpt lat="50.216706538824873" lon="3.5292008679861215">
    <name>74.6</name>
  </wpt>
  <wpt lat="50.217384791563312" lon="3.5301149604726834">
    <name>74.7</name>
  </wpt>
  <wpt lat="50.218024385623423" lon="3.5311027089141542">
    <name>74.8</name>
  </wpt>
  <wpt lat="50.218673134184328" lon="3.5320760724501854">
    <name>74.9</name>
  </wpt>
  <wpt lat="50.219347687881452" lon="3.5330042800454526">
    <name>75.0</name>
  </wpt>
  <wpt lat="50.220110892323483" lon="3.5337392666309215">
    <name>75.1</name>
  </wpt>
  <wpt lat="50.220913670097232" lon="3.5343728255318667">
    <name>75.2</name>
  </wpt>
  <wpt lat="50.221716447870925" lon="3.5350063950953543">
    <name>75.3</name>
  </wpt>
  <wpt lat="50.222476338412214" lon="3.5357511450989416">
    <name>75.4</name>
  </wpt>
  <wpt lat="50.22316632390131" lon="3.536652181336986">
    <name>75.5</name>
  </wpt>
  <wpt lat="50.223833957459078" lon="3.5375938266361437">
    <name>75.6</name>
  </wpt>
  <wpt lat="50.2245188458991" lon="3.5385031763413433">
    <name>75.7</name>
  </wpt>
  <wpt lat="50.225212118948171" lon="3.5393960340620993">
    <name>75.8</name>
  </wpt>
  <wpt lat="50.22572615702024" lon="3.54053792166454">
    <name>75.9</name>
  </wpt>
  <wpt lat="50.226316465481972" lon="3.5415655309801579">
    <name>76.0</name>
  </wpt>
  <wpt lat="50.2270792461599" lon="3.5421850096595708">
    <name>76.1</name>
  </wpt>
  <wpt lat="50.22772957896504" lon="3.5431474476802562">
    <name>76.2</name>
  </wpt>
  <wpt lat="50.228296175151819" lon="3.5442333685754024">
    <name>76.3</name>
  </wpt>
  <wpt lat="50.228612675902724" lon="3.5455373568409021">
    <name>76.4</name>
  </wpt>
  <wpt lat="50.228915916025926" lon="3.5468560331133081">
    <name>76.5</name>
  </wpt>
  <wpt lat="50.229447474644004" lon="3.5479455835611753">
    <name>76.6</name>
  </wpt>
  <wpt lat="50.230237196945517" lon="3.5483813220996256">
    <name>76.7</name>
  </wpt>
  <wpt lat="50.231080616755726" lon="3.54796121919781">
    <name>76.8</name>
  </wpt>
  <wpt lat="50.231925713142942" lon="3.5474938720664344">
    <name>76.9</name>
  </wpt>
  <wpt lat="50.232703463280082" lon="3.5468041788837761">
    <name>77.0</name>
  </wpt>
  <wpt lat="50.233578721194782" lon="3.5465555584859363">
    <name>77.1</name>
  </wpt>
  <wpt lat="50.234473255074512" lon="3.5466719665041322">
    <name>77.2</name>
  </wpt>
  <wpt lat="50.235349137719332" lon="3.5469420688166213">
    <name>77.3</name>
  </wpt>
  <wpt lat="50.23623383496809" lon="3.54714675450797">
    <name>77.4</name>
  </wpt>
  <wpt lat="50.237132035018469" lon="3.5472148247452679">
    <name>77.5</name>
  </wpt>
  <wpt lat="50.238004033196937" lon="3.5474942359000079">
    <name>77.6</name>
  </wpt>
  <wpt lat="50.23882984011609" lon="3.548049021163389">
    <name>77.7</name>
  </wpt>
  <wpt lat="50.239207579870353" lon="3.5489789615704432">
    <name>77.8</name>
  </wpt>
  <wpt lat="50.2391187921461" lon="3.5503775523848673">
    <name>77.9</name>
  </wpt>
  <wpt lat="50.239011045163224" lon="3.5517735243403377">
    <name>78.0</name>
  </wpt>
  <wpt lat="50.238903298180382" lon="3.5531694931405959">
    <name>78.1</name>
  </wpt>
  <wpt lat="50.238793533130924" lon="3.5545650401238857">
    <name>78.2</name>
  </wpt>
  <wpt lat="50.238663852516567" lon="3.55595643508143">
    <name>78.3</name>
  </wpt>
  <wpt lat="50.238510600322314" lon="3.5573405707443277">
    <name>78.4</name>
  </wpt>
  <wpt lat="50.238291370613439" lon="3.5587039592693053">
    <name>78.5</name>
  </wpt>
  <wpt lat="50.238006914224222" lon="3.5600369909632565">
    <name>78.6</name>
  </wpt>
  <wpt lat="50.237815759564874" lon="3.5614107773906767">
    <name>78.7</name>
  </wpt>
  <wpt lat="50.237612636511528" lon="3.5627670936700904">
    <name>78.8</name>
  </wpt>
  <wpt lat="50.237261298090623" lon="3.5640134632687532">
    <name>78.9</name>
  </wpt>
  <wpt lat="50.236670972535478" lon="3.5650741821226775">
    <name>79.0</name>
  </wpt>
  <wpt lat="50.23608064698044" lon="3.5661348878426922">
    <name>79.1</name>
  </wpt>
  <wpt lat="50.236059018453169" lon="3.5674862477646143">
    <name>79.2</name>
  </wpt>
  <wpt lat="50.236238747382323" lon="3.5688635201439838">
    <name>79.3</name>
  </wpt>
  <wpt lat="50.236454767317994" lon="3.5702283619718727">
    <name>79.4</name>
  </wpt>
  <wpt lat="50.236589934442534" lon="3.5716180818025105">
    <name>79.5</name>
  </wpt>
  <wpt lat="50.236611733621515" lon="3.573023277610925">
    <name>79.6</name>
  </wpt>
  <wpt lat="50.236646353370269" lon="3.5744281797992845">
    <name>79.7</name>
  </wpt>
  <wpt lat="50.236659222910504" lon="3.5758337636933839">
    <name>79.8</name>
  </wpt>
  <wpt lat="50.236675070389964" lon="3.5772395748378605">
    <name>79.9</name>
  </wpt>
  <wpt lat="50.236706277999922" lon="3.5786446349306331">
    <name>80.0</name>
  </wpt>
  <wpt lat="50.236723753958444" lon="3.5800472983263489">
    <name>80.1</name>
  </wpt>
  <wpt lat="50.23650555903685" lon="3.5814098952714168">
    <name>80.2</name>
  </wpt>
  <wpt lat="50.23635275201331" lon="3.5827918119026352">
    <name>80.3</name>
  </wpt>
  <wpt lat="50.236273001073663" lon="3.5841911153796215">
    <name>80.4</name>
  </wpt>
  <wpt lat="50.236256956833131" lon="3.5855963155318089">
    <name>80.5</name>
  </wpt>
  <wpt lat="50.236172377930274" lon="3.5869955922584471">
    <name>80.6</name>
  </wpt>
  <wpt lat="50.2360085853869" lon="3.5883776840441857">
    <name>80.7</name>
  </wpt>
  <wpt lat="50.235722695283542" lon="3.58955578103678">
    <name>80.8</name>
  </wpt>
  <wpt lat="50.236175939842028" lon="3.5906553820136242">
    <name>80.9</name>
  </wpt>
  <wpt lat="50.236573000055238" lon="3.5917775950943089">
    <name>81.0</name>
  </wpt>
  <wpt lat="50.236996467856137" lon="3.5923070417621772">
    <name>81.1</name>
  </wpt>
  <wpt lat="50.237865368923345" lon="3.5919534388268728">
    <name>81.2</name>
  </wpt>
  <wpt lat="50.238716496973943" lon="3.5915002524163082">
    <name>81.3</name>
  </wpt>
  <wpt lat="50.239540330760015" lon="3.5912228664581338">
    <name>81.4</name>
  </wpt>
  <wpt lat="50.240262469463232" lon="3.592056258848825">
    <name>81.5</name>
  </wpt>
  <wpt lat="50.241043185142" lon="3.5926902494667616">
    <name>81.6</name>
  </wpt>
  <wpt lat="50.241509531032669" lon="3.5938647096754277">
    <name>81.7</name>
  </wpt>
  <wpt lat="50.242149397255957" lon="3.5948522749392384">
    <name>81.8</name>
  </wpt>
  <wpt lat="50.242952213108396" lon="3.5952447574171935">
    <name>81.9</name>
  </wpt>
  <wpt lat="50.24376918180733" lon="3.5946800675355544">
    <name>82.0</name>
  </wpt>
  <wpt lat="50.2445652680045" lon="3.5940267154067151">
    <name>82.1</name>
  </wpt>
  <wpt lat="50.2453886893311" lon="3.5934617334657828">
    <name>82.2</name>
  </wpt>
  <wpt lat="50.246252975609991" lon="3.5931005788565491">
    <name>82.3</name>
  </wpt>
  <wpt lat="50.247137471049612" lon="3.592849316262321">
    <name>82.4</name>
  </wpt>
  <wpt lat="50.247998845901662" lon="3.5924451051246136">
    <name>82.5</name>
  </wpt>
  <wpt lat="50.2488602207537" lon="3.5920408866806888">
    <name>82.6</name>
  </wpt>
  <wpt lat="50.249723278920321" lon="3.5916459050225051">
    <name>82.7</name>
  </wpt>
  <wpt lat="50.250591586255027" lon="3.5912797384839075">
    <name>82.8</name>
  </wpt>
  <wpt lat="50.251439384460561" lon="3.5908187631350219">
    <name>82.9</name>
  </wpt>
  <wpt lat="50.252254297333479" lon="3.5902238596619185">
    <name>83.0</name>
  </wpt>
  <wpt lat="50.253059699345677" lon="3.5895988197087543">
    <name>83.1</name>
  </wpt>
  <wpt lat="50.253877566166842" lon="3.5890161183825939">
    <name>83.2</name>
  </wpt>
  <wpt lat="50.254746498887918" lon="3.5886654212313585">
    <name>83.3</name>
  </wpt>
  <wpt lat="50.255631008461705" lon="3.58863785379788">
    <name>83.4</name>
  </wpt>
  <wpt lat="50.256457453545224" lon="3.5891904165700543">
    <name>83.5</name>
  </wpt>
  <wpt lat="50.257316891612142" lon="3.5895669819299441">
    <name>83.6</name>
  </wpt>
  <wpt lat="50.258102319646973" lon="3.5899182445519457">
    <name>83.7</name>
  </wpt>
  <wpt lat="50.2584838350142" lon="3.588749910259835">
    <name>83.8</name>
  </wpt>
  <wpt lat="50.258667925785154" lon="3.587373844392689">
    <name>83.9</name>
  </wpt>
  <wpt lat="50.258757658393378" lon="3.5859773428403621">
    <name>84.0</name>
  </wpt>
  <wpt lat="50.258576108610036" lon="3.5846171791687294">
    <name>84.1</name>
  </wpt>
  <wpt lat="50.2591039818532" lon="3.5840017085966425">
    <name>84.2</name>
  </wpt>
  <wpt lat="50.2599951780472" lon="3.5838759110719347">
    <name>84.3</name>
  </wpt>
  <wpt lat="50.260811012771015" lon="3.5832896485795591">
    <name>84.4</name>
  </wpt>
  <wpt lat="50.261598187141196" lon="3.5826163244790123">
    <name>84.5</name>
  </wpt>
  <wpt lat="50.262297736487255" lon="3.5817330397638432">
    <name>84.6</name>
  </wpt>
  <wpt lat="50.262966313340989" lon="3.5807921453013334">
    <name>84.7</name>
  </wpt>
  <wpt lat="50.263731886634737" lon="3.5800643701885049">
    <name>84.8</name>
  </wpt>
  <wpt lat="50.264526864253149" lon="3.5794066238288287">
    <name>84.9</name>
  </wpt>
  <wpt lat="50.265318646155961" lon="3.5787396241769938">
    <name>85.0</name>
  </wpt>
  <wpt lat="50.266089801501963" lon="3.578018673290889">
    <name>85.1</name>
  </wpt>
  <wpt lat="50.266808193093347" lon="3.5771726419254937">
    <name>85.2</name>
  </wpt>
  <wpt lat="50.267512879624789" lon="3.576298531980135">
    <name>85.3</name>
  </wpt>
  <wpt lat="50.26821397118055" lon="3.5754173521741706">
    <name>85.4</name>
  </wpt>
  <wpt lat="50.268878808667417" lon="3.5744730609088782">
    <name>85.5</name>
  </wpt>
  <wpt lat="50.269612957019341" lon="3.5736632773416073">
    <name>85.6</name>
  </wpt>
  <wpt lat="50.270239293641644" lon="3.5726536047858959">
    <name>85.7</name>
  </wpt>
  <wpt lat="50.270822506295495" lon="3.571584103807794">
    <name>85.8</name>
  </wpt>
  <wpt lat="50.271545902538342" lon="3.5707481548634341">
    <name>85.9</name>
  </wpt>
  <wpt lat="50.2722692987811" lon="3.5699121932187374">
    <name>86.0</name>
  </wpt>
  <wpt lat="50.272970832592108" lon="3.5690319874921976">
    <name>86.1</name>
  </wpt>
  <wpt lat="50.273670086820125" lon="3.5681471426997922">
    <name>86.2</name>
  </wpt>
  <wpt lat="50.274372718933307" lon="3.5672688577107334">
    <name>86.3</name>
  </wpt>
  <wpt lat="50.275084359712167" lon="3.56640862368385">
    <name>86.4</name>
  </wpt>
  <wpt lat="50.275799644032233" lon="3.565555682593637">
    <name>86.5</name>
  </wpt>
  <wpt lat="50.27654966223573" lon="3.5647909081044831">
    <name>86.6</name>
  </wpt>
  <wpt lat="50.277379379382516" lon="3.5642503151923006">
    <name>86.7</name>
  </wpt>
  <wpt lat="50.278232640412348" lon="3.5638061019556764">
    <name>86.8</name>
  </wpt>
  <wpt lat="50.278945626330959" lon="3.5630409350519248">
    <name>86.9</name>
  </wpt>
  <wpt lat="50.2796680498114" lon="3.563128153152852">
    <name>87.0</name>
  </wpt>
  <wpt lat="50.280531326534181" lon="3.5633727867529803">
    <name>87.1</name>
  </wpt>
  <wpt lat="50.281407384058141" lon="3.5635642674851864">
    <name>87.2</name>
  </wpt>
  <wpt lat="50.28223442634696" lon="3.5641156267157243">
    <name>87.3</name>
  </wpt>
  <wpt lat="50.283020097650478" lon="3.5643737661134334">
    <name>87.4</name>
  </wpt>
  <wpt lat="50.28379204821556" lon="3.5650865487761525">
    <name>87.5</name>
  </wpt>
  <wpt lat="50.283437858134896" lon="3.5663145972392267">
    <name>87.6</name>
  </wpt>
  <wpt lat="50.282968042678014" lon="3.5675144251226318">
    <name>87.7</name>
  </wpt>
  <wpt lat="50.282757735113584" lon="3.5687107645743747">
    <name>87.8</name>
  </wpt>
  <wpt lat="50.283472585398734" lon="3.5695647245301916">
    <name>87.9</name>
  </wpt>
  <wpt lat="50.284309387524246" lon="3.5699559999999604">
    <name>88.0</name>
  </wpt>
  <wpt lat="50.285166638816534" lon="3.5703166862359281">
    <name>88.1</name>
  </wpt>
  <wpt lat="50.285976844617089" lon="3.5709252251928389">
    <name>88.2</name>
  </wpt>
  <wpt lat="50.286852349463253" lon="3.57124513589451">
    <name>88.3</name>
  </wpt>
  <wpt lat="50.287733304121659" lon="3.5715126895271623">
    <name>88.4</name>
  </wpt>
  <wpt lat="50.28863200292875" lon="3.571564690475733">
    <name>88.5</name>
  </wpt>
  <wpt lat="50.289503216277978" lon="3.57182967778049">
    <name>88.6</name>
  </wpt>
  <wpt lat="50.28979527424201" lon="3.5730049498160183">
    <name>88.7</name>
  </wpt>
  <wpt lat="50.290114613062507" lon="3.574145270098922">
    <name>88.8</name>
  </wpt>
  <wpt lat="50.290996333914663" lon="3.5743823339054246">
    <name>88.9</name>
  </wpt>
  <wpt lat="50.291402915556638" lon="3.5755967473173484">
    <name>89.0</name>
  </wpt>
  <wpt lat="50.291253543155712" lon="3.5769528252355114">
    <name>89.1</name>
  </wpt>
  <wpt lat="50.290968000001385" lon="3.5782864348429655">
    <name>89.2</name>
  </wpt>
  <wpt lat="50.291647186898984" lon="3.5789173773457388">
    <name>89.3</name>
  </wpt>
  <wpt lat="50.2925352374572" lon="3.5791395417184457">
    <name>89.4</name>
  </wpt>
  <wpt lat="50.292720062697327" lon="3.5778987507420608">
    <name>89.5</name>
  </wpt>
  <wpt lat="50.292990376507859" lon="3.5765677244740419">
    <name>89.6</name>
  </wpt>
  <wpt lat="50.293529027029308" lon="3.5757366279187597">
    <name>89.7</name>
  </wpt>
  <wpt lat="50.294425554168441" lon="3.5757761745577681">
    <name>89.8</name>
  </wpt>
  <wpt lat="50.295199630042319" lon="3.576250315708537">
    <name>89.9</name>
  </wpt>
  <wpt lat="50.295989453668454" lon="3.5768974901929917">
    <name>90.0</name>
  </wpt>
  <wpt lat="50.296834439859879" lon="3.5773687521147282">
    <name>90.1</name>
  </wpt>
  <wpt lat="50.297569787740805" lon="3.5781725393780852">
    <name>90.2</name>
  </wpt>
  <wpt lat="50.298269029482476" lon="3.5790578395510124">
    <name>90.3</name>
  </wpt>
  <wpt lat="50.2989640537046" lon="3.5799512828779387">
    <name>90.4</name>
  </wpt>
  <wpt lat="50.2996650577471" lon="3.5808329983037641">
    <name>90.5</name>
  </wpt>
  <wpt lat="50.3003282748645" lon="3.5817690594606262">
    <name>90.6</name>
  </wpt>
  <wpt lat="50.300748776613005" lon="3.5830134972772933">
    <name>90.7</name>
  </wpt>
  <wpt lat="50.301250091000568" lon="3.5841819685007819">
    <name>90.8</name>
  </wpt>
  <wpt lat="50.301755731900222" lon="3.5853462959264411">
    <name>90.9</name>
  </wpt>
  <wpt lat="50.302272041365121" lon="3.586498596498604">
    <name>91.0</name>
  </wpt>
  <wpt lat="50.302855551148561" lon="3.5875673459966193">
    <name>91.1</name>
  </wpt>
  <wpt lat="50.303474079131277" lon="3.5885894471022497">
    <name>91.2</name>
  </wpt>
  <wpt lat="50.304036252103373" lon="3.5876460633462024">
    <name>91.3</name>
  </wpt>
  <wpt lat="50.304607929932104" lon="3.5865597651968648">
    <name>91.4</name>
  </wpt>
  <wpt lat="50.305206685843494" lon="3.5855091622162867">
    <name>91.5</name>
  </wpt>
  <wpt lat="50.305844465854982" lon="3.58451864634396">
    <name>91.6</name>
  </wpt>
  <wpt lat="50.30642164333738" lon="3.5834388775265249">
    <name>91.7</name>
  </wpt>
  <wpt lat="50.306994740565393" lon="3.5823537230718787">
    <name>91.8</name>
  </wpt>
  <wpt lat="50.307576679441034" lon="3.5812805240107384">
    <name>91.9</name>
  </wpt>
  <wpt lat="50.308307413783773" lon="3.5804761736952617">
    <name>92.0</name>
  </wpt>
  <wpt lat="50.309107172824135" lon="3.57983228601291">
    <name>92.1</name>
  </wpt>
  <wpt lat="50.309896649115089" lon="3.5791584593895069">
    <name>92.2</name>
  </wpt>
  <wpt lat="50.310680431791162" lon="3.578467948380696">
    <name>92.3</name>
  </wpt>
  <wpt lat="50.311370869990682" lon="3.5775748218272456">
    <name>92.4</name>
  </wpt>
  <wpt lat="50.312007357412575" lon="3.5765801575287459">
    <name>92.5</name>
  </wpt>
  <wpt lat="50.312757410307327" lon="3.5758434895059468">
    <name>92.6</name>
  </wpt>
  <wpt lat="50.313561800568444" lon="3.5752141995504818">
    <name>92.7</name>
  </wpt>
  <wpt lat="50.314238251883296" lon="3.5742998095880147">
    <name>92.8</name>
  </wpt>
  <wpt lat="50.315078132052868" lon="3.5744716942242265">
    <name>92.9</name>
  </wpt>
  <wpt lat="50.315910270339458" lon="3.5747828775304655">
    <name>93.0</name>
  </wpt>
  <wpt lat="50.316801610096341" lon="3.5745958062166778">
    <name>93.1</name>
  </wpt>
  <wpt lat="50.317692769300464" lon="3.5747485734017741">
    <name>93.2</name>
  </wpt>
  <wpt lat="50.318583193012287" lon="3.5749339999999492">
    <name>93.3</name>
  </wpt>
  <wpt lat="50.319460113864963" lon="3.5746580721341434">
    <name>93.4</name>
  </wpt>
  <wpt lat="50.320350096540722" lon="3.5744829999999723">
    <name>93.5</name>
  </wpt>
  <wpt lat="50.321186788514183" lon="3.5749575793273634">
    <name>93.6</name>
  </wpt>
  <wpt lat="50.322077918298547" lon="3.5750630000000267">
    <name>93.7</name>
  </wpt>
  <wpt lat="50.322976807545196" lon="3.5750419932091542">
    <name>93.8</name>
  </wpt>
  <wpt lat="50.323869828416775" lon="3.5748875866342709">
    <name>93.9</name>
  </wpt>
  <wpt lat="50.324758817717246" lon="3.574675190381305">
    <name>94.0</name>
  </wpt>
  <wpt lat="50.32565574997146" lon="3.5745725753182658">
    <name>94.1</name>
  </wpt>
  <wpt lat="50.326537079331338" lon="3.5747110790757737">
    <name>94.2</name>
  </wpt>
  <wpt lat="50.327358359703922" lon="3.5752489656288384">
    <name>94.3</name>
  </wpt>
  <wpt lat="50.328234533490487" lon="3.57538066159622">
    <name>94.4</name>
  </wpt>
  <wpt lat="50.329118611270957" lon="3.5751312158241868">
    <name>94.5</name>
  </wpt>
  <wpt lat="50.330016317451694" lon="3.5750839999999826">
    <name>94.6</name>
  </wpt>
  <wpt lat="50.330914305175966" lon="3.5751537422392023">
    <name>94.7</name>
  </wpt>
  <wpt lat="50.334238622861122" lon="3.5889558674331319">
    <name>96.43</name>
  </wpt>
  <wpt lat="50.333736117301015" lon="3.5897464527194347">
    <name>96.5</name>
  </wpt>
  <wpt lat="50.333744692398191" lon="3.5910370839618948">
    <name>96.6</name>
  </wpt>
  <wpt lat="50.3333929099057" lon="3.592332967573781">
    <name>96.7</name>
  </wpt>
  <wpt lat="50.333044609129253" lon="3.5936318984058988">
    <name>96.8</name>
  </wpt>
  <wpt lat="50.332685014729947" lon="3.5949229509871752">
    <name>96.9</name>
  </wpt>
  <wpt lat="50.332327967636488" lon="3.5962160152223683">
    <name>97.0</name>
  </wpt>
  <wpt lat="50.331971122868886" lon="3.5975092126956278">
    <name>97.1</name>
  </wpt>
  <wpt lat="50.331566173002521" lon="3.5987568095587936">
    <name>97.2</name>
  </wpt>
  <wpt lat="50.330954109942041" lon="3.5997885411242625">
    <name>97.3</name>
  </wpt>
  <wpt lat="50.3305032207518" lon="3.6010011873578187">
    <name>97.4</name>
  </wpt>
  <wpt lat="50.330162887300979" lon="3.6022979199486014">
    <name>97.5</name>
  </wpt>
  <wpt lat="50.3300307028658" lon="3.6036903894703354">
    <name>97.6</name>
  </wpt>
  <wpt lat="50.32979104803816" lon="3.6050398554993706">
    <name>97.7</name>
  </wpt>
  <wpt lat="50.329226662922366" lon="3.6061314523028885">
    <name>97.8</name>
  </wpt>
  <wpt lat="50.328629327445064" lon="3.607184473534303">
    <name>97.9</name>
  </wpt>
  <wpt lat="50.32848449207625" lon="3.6085067088354896">
    <name>98.0</name>
  </wpt>
  <wpt lat="50.328229773645731" lon="3.6098576369001707">
    <name>98.1</name>
  </wpt>
  <wpt lat="50.328344808072281" lon="3.6111486652362568">
    <name>98.2</name>
  </wpt>
  <wpt lat="50.328875503179113" lon="3.6122859769344755">
    <name>98.3</name>
  </wpt>
  <wpt lat="50.329406441174761" lon="3.6134230300518677">
    <name>98.4</name>
  </wpt>
  <wpt lat="50.329931219679459" lon="3.6145667865144495">
    <name>98.5</name>
  </wpt>
  <wpt lat="50.330251058502192" lon="3.6158746736649916">
    <name>98.6</name>
  </wpt>
  <wpt lat="50.33049664418801" lon="3.6172299278912452">
    <name>98.7</name>
  </wpt>
  <wpt lat="50.330742229873778" lon="3.6185851891220473">
    <name>98.8</name>
  </wpt>
  <wpt lat="50.331090478592074" lon="3.6198778269469405">
    <name>98.9</name>
  </wpt>
  <wpt lat="50.331652986249452" lon="3.6209746527310522">
    <name>99.0</name>
  </wpt>
  <wpt lat="50.332241423864652" lon="3.6220400567249169">
    <name>99.1</name>
  </wpt>
  <wpt lat="50.332829861479759" lon="3.6231054739137583">
    <name>99.2</name>
  </wpt>
  <wpt lat="50.333418299094753" lon="3.6241709042978809">
    <name>99.3</name>
  </wpt>
  <wpt lat="50.3339551473778" lon="3.6252982036424291">
    <name>99.4</name>
  </wpt>
  <wpt lat="50.334439836596118" lon="3.6264849850664027">
    <name>99.5</name>
  </wpt>
  <wpt lat="50.334919132357733" lon="3.6276771360924016">
    <name>99.6</name>
  </wpt>
  <wpt lat="50.335397578026544" lon="3.6288701435253423">
    <name>99.7</name>
  </wpt>
  <wpt lat="50.335876023695249" lon="3.630063162972943">
    <name>99.8</name>
  </wpt>
  <wpt lat="50.336397054154887" lon="3.6312092149645818">
    <name>99.9</name>
  </wpt>
  <wpt lat="50.336988520050156" lon="3.6322686976544549">
    <name>100.0</name>
  </wpt>
  <wpt lat="50.337585774606154" lon="3.6333221081748723">
    <name>100.1</name>
  </wpt>
  <wpt lat="50.338215403916543" lon="3.6343277184351548">
    <name>100.2</name>
  </wpt>
  <wpt lat="50.338751535089123" lon="3.6354503724578646">
    <name>100.3</name>
  </wpt>
  <wpt lat="50.339216887245016" lon="3.6366560699493911">
    <name>100.4</name>
  </wpt>
  <wpt lat="50.339539597691655" lon="3.6377331282773633">
    <name>100.5</name>
  </wpt>
  <wpt lat="50.340205921878429" lon="3.6386787074301594">
    <name>100.6</name>
  </wpt>
  <wpt lat="50.34021454408694" lon="3.6395492505173821">
    <name>100.7</name>
  </wpt>
  <wpt lat="50.340317013059604" lon="3.6409483448880122">
    <name>100.8</name>
  </wpt>
  <wpt lat="50.340627810736052" lon="3.6422667490377574">
    <name>100.9</name>
  </wpt>
  <wpt lat="50.340686001014731" lon="3.6436676625499955">
    <name>101.0</name>
  </wpt>
  <wpt lat="50.34113422584975" lon="3.6447302191622049">
    <name>101.1</name>
  </wpt>
  <wpt lat="50.342027685659851" lon="3.6448548461597392">
    <name>101.2</name>
  </wpt>
  <wpt lat="50.342923616426063" lon="3.6448497888159217">
    <name>101.3</name>
  </wpt>
  <wpt lat="50.343624756626888" lon="3.6443515645900892">
    <name>101.4</name>
  </wpt>
  <wpt lat="50.344086555953588" lon="3.643955150241533">
    <name>101.5</name>
  </wpt>
  <wpt lat="50.344141000020272" lon="3.6425490791300175">
    <name>101.6</name>
  </wpt>
  <wpt lat="50.344280360680912" lon="3.6412160664322726">
    <name>101.7</name>
  </wpt>
  <wpt lat="50.34447379803639" lon="3.639844588404419">
    <name>101.8</name>
  </wpt>
  <wpt lat="50.345049813928782" lon="3.6391158304291529">
    <name>101.9</name>
  </wpt>
  <wpt lat="50.345930523445119" lon="3.6388309633047049">
    <name>102.0</name>
  </wpt>
  <wpt lat="50.346812118795924" lon="3.6385525376796921">
    <name>102.1</name>
  </wpt>
  <wpt lat="50.34769360678488" lon="3.6382732722265181">
    <name>102.2</name>
  </wpt>
  <wpt lat="50.348582334840252" lon="3.6380686215998432">
    <name>102.3</name>
  </wpt>
  <wpt lat="50.34948040093802" lon="3.6380055055235716">
    <name>102.4</name>
  </wpt>
  <wpt lat="50.350376939634664" lon="3.6380952888412863">
    <name>102.5</name>
  </wpt>
  <wpt lat="50.351265231318479" lon="3.6383095213280083">
    <name>102.6</name>
  </wpt>
  <wpt lat="50.352132239157747" lon="3.6386797026242941">
    <name>102.7</name>
  </wpt>
  <wpt lat="50.352981813492192" lon="3.63913945880357">
    <name>102.8</name>
  </wpt>
  <wpt lat="50.353822907584409" lon="3.6396383842076685">
    <name>102.9</name>
  </wpt>
  <wpt lat="50.3546640016766" lon="3.6401373184508592">
    <name>103.0</name>
  </wpt>
  <wpt lat="50.355504989668638" lon="3.6406366997600421">
    <name>103.1</name>
  </wpt>
  <wpt lat="50.356345493971652" lon="3.6411380872887187">
    <name>103.2</name>
  </wpt>
  <wpt lat="50.357185998274623" lon="3.6416394836946542">
    <name>103.3</name>
  </wpt>
  <wpt lat="50.358030987295756" lon="3.6421180914719953">
    <name>103.4</name>
  </wpt>
  <wpt lat="50.35890565684165" lon="3.6424458799440149">
    <name>103.5</name>
  </wpt>
  <wpt lat="50.359697407427646" lon="3.6430985822158144">
    <name>103.6</name>
  </wpt>
  <wpt lat="50.360357234343319" lon="3.644051859168417">
    <name>103.7</name>
  </wpt>
  <wpt lat="50.360982645479766" lon="3.6450648666797272">
    <name>103.8</name>
  </wpt>
  <wpt lat="50.36162486611579" lon="3.6460497929800177">
    <name>103.9</name>
  </wpt>
  <wpt lat="50.362441448274659" lon="3.6466273952829469">
    <name>104.0</name>
  </wpt>
  <wpt lat="50.363294111204965" lon="3.6470618391102043">
    <name>104.1</name>
  </wpt>
  <wpt lat="50.364188052468009" lon="3.6471487073389213">
    <name>104.2</name>
  </wpt>
  <wpt lat="50.365080383400951" lon="3.6470264182753294">
    <name>104.3</name>
  </wpt>
  <wpt lat="50.365968499091672" lon="3.6471554972381477">
    <name>104.4</name>
  </wpt>
  <wpt lat="50.366793481532021" lon="3.647594011368096">
    <name>104.5</name>
  </wpt>
  <wpt lat="50.367667155022964" lon="3.6479102490994726">
    <name>104.6</name>
  </wpt>
  <wpt lat="50.368493720752383" lon="3.6484608277371109">
    <name>104.7</name>
  </wpt>
  <wpt lat="50.369259793784551" lon="3.6491915090526206">
    <name>104.8</name>
  </wpt>
  <wpt lat="50.37005291200105" lon="3.6498559119210952">
    <name>104.9</name>
  </wpt>
  <wpt lat="50.370797227753627" lon="3.6506468157836625">
    <name>105.0</name>
  </wpt>
  <wpt lat="50.371534941163141" lon="3.6514532486454314">
    <name>105.1</name>
  </wpt>
  <wpt lat="50.372272704586905" lon="3.6522595681077541">
    <name>105.2</name>
  </wpt>
  <wpt lat="50.37300670474793" lon="3.6530740721324553">
    <name>105.3</name>
  </wpt>
  <wpt lat="50.373739971071366" lon="3.6538904183488805">
    <name>105.4</name>
  </wpt>
  <wpt lat="50.374530838545951" lon="3.6545520813576839">
    <name>105.5</name>
  </wpt>
  <wpt lat="50.375376231889717" lon="3.6550322061703491">
    <name>105.6</name>
  </wpt>
  <wpt lat="50.376226290372813" lon="3.6554925189467959">
    <name>105.7</name>
  </wpt>
  <wpt lat="50.37707634885588" lon="3.6559528399717185">
    <name>105.8</name>
  </wpt>
  <wpt lat="50.377926407338919" lon="3.656413169245524">
    <name>105.9</name>
  </wpt>
  <wpt lat="50.378776465821915" lon="3.65687350676862">
    <name>106.0</name>
  </wpt>
  <wpt lat="50.3796265243049" lon="3.657333852541413">
    <name>106.1</name>
  </wpt>
  <wpt lat="50.380491145562821" lon="3.657709656754569">
    <name>106.2</name>
  </wpt>
  <wpt lat="50.381373533839778" lon="3.6579818597782361">
    <name>106.3</name>
  </wpt>
  <wpt lat="50.38225548716602" lon="3.6582576944818803">
    <name>106.4</name>
  </wpt>
  <wpt lat="50.383127137462736" lon="3.6586043189906561">
    <name>106.5</name>
  </wpt>
  <wpt lat="50.384001469113208" lon="3.6589342710977437">
    <name>106.6</name>
  </wpt>
  <wpt lat="50.384874799167527" lon="3.6592707483498006">
    <name>106.7</name>
  </wpt>
  <wpt lat="50.385747563793181" lon="3.6596109753811734">
    <name>106.8</name>
  </wpt>
  <wpt lat="50.38659804096627" lon="3.660055143770145">
    <name>106.9</name>
  </wpt>
  <wpt lat="50.387397357197777" lon="3.6607002141292875">
    <name>107.0</name>
  </wpt>
  <wpt lat="50.388206419489165" lon="3.6613160976800647">
    <name>107.1</name>
  </wpt>
  <wpt lat="50.389015481780511" lon="3.6619319917392925">
    <name>107.2</name>
  </wpt>
  <wpt lat="50.389843444206974" lon="3.66248119445666">
    <name>107.3</name>
  </wpt>
  <wpt lat="50.390707423967754" lon="3.6628566924988344">
    <name>107.4</name>
  </wpt>
  <wpt lat="50.39160472662099" lon="3.6629319213650522">
    <name>107.5</name>
  </wpt>
  <wpt lat="50.392503851636882" lon="3.6629458986298409">
    <name>107.6</name>
  </wpt>
  <wpt lat="50.393403117966933" lon="3.6629319999999663">
    <name>107.7</name>
  </wpt>
  <wpt lat="50.394296836226381" lon="3.6630738283712327">
    <name>107.8</name>
  </wpt>
  <wpt lat="50.395170509183352" lon="3.6633969927630408">
    <name>107.9</name>
  </wpt>
  <wpt lat="50.396012903396169" lon="3.6638898808150375">
    <name>108.0</name>
  </wpt>
  <wpt lat="50.396835195313066" lon="3.6644591088811489">
    <name>108.1</name>
  </wpt>
  <wpt lat="50.397634614468" lon="3.6651047194635598">
    <name>108.2</name>
  </wpt>
  <wpt lat="50.398467349669033" lon="3.665618502798218">
    <name>108.3</name>
  </wpt>
  <wpt lat="50.399338950375295" lon="3.6659647328497167">
    <name>108.4</name>
  </wpt>
  <wpt lat="50.400196907711489" lon="3.666386726685638">
    <name>108.5</name>
  </wpt>
  <wpt lat="50.401059479856428" lon="3.6667760032725623">
    <name>108.6</name>
  </wpt>
  <wpt lat="50.40195074371902" lon="3.6667002373286195">
    <name>108.7</name>
  </wpt>
  <wpt lat="50.402460367225686" lon="3.6673525839484538">
    <name>108.8</name>
  </wpt>
  <wpt lat="50.402673339571415" lon="3.6687233946566491">
    <name>108.9</name>
  </wpt>
  <wpt lat="50.40287703793701" lon="3.67009767067708">
    <name>109.0</name>
  </wpt>
  <wpt lat="50.403082917061958" lon="3.6714711581558706">
    <name>109.1</name>
  </wpt>
  <wpt lat="50.403304447767077" lon="3.6728357072085616">
    <name>109.2</name>
  </wpt>
  <wpt lat="50.403502108048286" lon="3.6742112724444924">
    <name>109.3</name>
  </wpt>
  <wpt lat="50.403749379647543" lon="3.6755670087968322">
    <name>109.4</name>
  </wpt>
  <wpt lat="50.404054614898683" lon="3.6768893496050072">
    <name>109.5</name>
  </wpt>
  <wpt lat="50.404317488400956" lon="3.6782385303900922">
    <name>109.6</name>
  </wpt>
  <wpt lat="50.404588122443087" lon="3.6795835742867342">
    <name>109.7</name>
  </wpt>
  <wpt lat="50.404943231834025" lon="3.6808772927086939">
    <name>109.8</name>
  </wpt>
  <wpt lat="50.405188026633752" lon="3.6822337019814197">
    <name>109.9</name>
  </wpt>
  <wpt lat="50.405794800442386" lon="3.6828320279505897">
    <name>110.0</name>
  </wpt>
  <wpt lat="50.4066891387011" lon="3.68269314614706">
    <name>110.1</name>
  </wpt>
  <wpt lat="50.40754742492841" lon="3.6829514249268529">
    <name>110.2</name>
  </wpt>
  <wpt lat="50.407644056546637" lon="3.6842970970577493">
    <name>110.3</name>
  </wpt>
  <wpt lat="50.408423039000326" lon="3.6847930385815744">
    <name>110.4</name>
  </wpt>
  <wpt lat="50.4092027193442" lon="3.6854940645391734">
    <name>110.5</name>
  </wpt>
  <wpt lat="50.409742769254343" lon="3.6850513907639892">
    <name>110.6</name>
  </wpt>
  <wpt lat="50.409914271381773" lon="3.683933125084172">
    <name>110.7</name>
  </wpt>
  <wpt lat="50.410804113745421" lon="3.6837746308521684">
    <name>110.8</name>
  </wpt>
  <wpt lat="50.41166316127871" lon="3.684178863372872">
    <name>110.9</name>
  </wpt>
  <wpt lat="50.412429763204706" lon="3.6849090048993989">
    <name>111.0</name>
  </wpt>
  <wpt lat="50.413323376323511" lon="3.685010153116878">
    <name>111.1</name>
  </wpt>
  <wpt lat="50.414222235749513" lon="3.6850506530837439">
    <name>111.2</name>
  </wpt>
  <wpt lat="50.415119431772233" lon="3.6849689999999535">
    <name>111.3</name>
  </wpt>
  <wpt lat="50.416018014207594" lon="3.6850172107329082">
    <name>111.4</name>
  </wpt>
  <wpt lat="50.416916300294567" lon="3.6850670812716553">
    <name>111.5</name>
  </wpt>
  <wpt lat="50.417811117360621" lon="3.6849403292008103">
    <name>111.6</name>
  </wpt>
  <wpt lat="50.418686924861724" lon="3.6846346782817609">
    <name>111.7</name>
  </wpt>
  <wpt lat="50.419529252595119" lon="3.6841501616148711">
    <name>111.8</name>
  </wpt>
  <wpt lat="50.420212457856515" lon="3.6832531943236346">
    <name>111.9</name>
  </wpt>
  <wpt lat="50.420840698968362" lon="3.6822432491086903">
    <name>112.0</name>
  </wpt>
  <wpt lat="50.421469236878472" lon="3.6812371356090359">
    <name>112.1</name>
  </wpt>
  <wpt lat="50.422176843518208" lon="3.6803684929049654">
    <name>112.2</name>
  </wpt>
  <wpt lat="50.422967745785527" lon="3.6797132013786111">
    <name>112.3</name>
  </wpt>
  <wpt lat="50.42383238394136" lon="3.6793307380335385">
    <name>112.4</name>
  </wpt>
  <wpt lat="50.42472152208267" lon="3.6791362287570126">
    <name>112.5</name>
  </wpt>
  <wpt lat="50.425618893916081" lon="3.6791726134566933">
    <name>112.6</name>
  </wpt>
  <wpt lat="50.426503786024682" lon="3.6794143202882159">
    <name>112.7</name>
  </wpt>
  <wpt lat="50.427383061114412" lon="3.6797102345960835">
    <name>112.8</name>
  </wpt>
  <wpt lat="50.428251951028329" lon="3.6800624983271355">
    <name>112.9</name>
  </wpt>
  <wpt lat="50.428948732379283" lon="3.6809360915742366">
    <name>113.0</name>
  </wpt>
  <wpt lat="50.429698783766646" lon="3.6817141518076042">
    <name>113.1</name>
  </wpt>
  <wpt lat="50.430399165406214" lon="3.6825916159388572">
    <name>113.2</name>
  </wpt>
  <wpt lat="50.431083964346165" lon="3.6834958928904773">
    <name>113.3</name>
  </wpt>
  <wpt lat="50.431827898335193" lon="3.6842889479013059">
    <name>113.4</name>
  </wpt>
  <wpt lat="50.432425947101493" lon="3.6845865124920287">
    <name>113.5</name>
  </wpt>
  <wpt lat="50.43322185114652" lon="3.6839612392982559">
    <name>113.6</name>
  </wpt>
  <wpt lat="50.434078600494644" lon="3.6835439456722008">
    <name>113.7</name>
  </wpt>
  <wpt lat="50.434755648880447" lon="3.6838043332365897">
    <name>113.8</name>
  </wpt>
  <wpt lat="50.434970662677443" lon="3.6851752513376135">
    <name>113.9</name>
  </wpt>
  <wpt lat="50.435181970285235" lon="3.6865475349888741">
    <name>114.0</name>
  </wpt>
  <wpt lat="50.435407274889208" lon="3.6879139166903019">
    <name>114.1</name>
  </wpt>
  <wpt lat="50.435612325574404" lon="3.6892883202388638">
    <name>114.2</name>
  </wpt>
  <wpt lat="50.435834839038606" lon="3.6906562180975788">
    <name>114.3</name>
  </wpt>
  <wpt lat="50.43651675542452" lon="3.6914774768423326">
    <name>114.4</name>
  </wpt>
  <wpt lat="50.437320332188371" lon="3.6920753176259771">
    <name>114.5</name>
  </wpt>
  <wpt lat="50.438211088384215" lon="3.6922275526466688">
    <name>114.6</name>
  </wpt>
  <wpt lat="50.439010877368808" lon="3.6928604347413536">
    <name>114.7</name>
  </wpt>
  <wpt lat="50.439790705373447" lon="3.693563530566994">
    <name>114.8</name>
  </wpt>
  <wpt lat="50.440600212184727" lon="3.6941742949171008">
    <name>114.9</name>
  </wpt>
  <wpt lat="50.441443126359545" lon="3.6946638226285">
    <name>115.0</name>
  </wpt>
  <wpt lat="50.442308163659042" lon="3.6950483344696092">
    <name>115.1</name>
  </wpt>
  <wpt lat="50.443180832821973" lon="3.6953895766340907">
    <name>115.2</name>
  </wpt>
  <wpt lat="50.444053691934641" lon="3.6957296239675848">
    <name>115.3</name>
  </wpt>
  <wpt lat="50.444927316768222" lon="3.6960647951397725">
    <name>115.4</name>
  </wpt>
  <wpt lat="50.445800941601782" lon="3.6963999724995382">
    <name>115.5</name>
  </wpt>
  <wpt lat="50.446674566435348" lon="3.6967351560472892">
    <name>115.6</name>
  </wpt>
  <wpt lat="50.447549660408605" lon="3.6970607097435275">
    <name>115.7</name>
  </wpt>
  <wpt lat="50.448423036342028" lon="3.6973972579390524">
    <name>115.8</name>
  </wpt>
  <wpt lat="50.449294021106645" lon="3.6977403181644659">
    <name>115.9</name>
  </wpt>
  <wpt lat="50.450163720217333" lon="3.6980994981364526">
    <name>116.0</name>
  </wpt>
  <wpt lat="50.451031275187582" lon="3.6984706372771869">
    <name>116.1</name>
  </wpt>
  <wpt lat="50.451830125211593" lon="3.699100738861353">
    <name>116.2</name>
  </wpt>
  <wpt lat="50.452488875496684" lon="3.7000614393798239">
    <name>116.3</name>
  </wpt>
  <wpt lat="50.453170679516333" lon="3.7009814954708387">
    <name>116.4</name>
  </wpt>
  <wpt lat="50.453896756314329" lon="3.7018137078374744">
    <name>116.5</name>
  </wpt>
  <wpt lat="50.454667639418119" lon="3.7025399805421721">
    <name>116.6</name>
  </wpt>
  <wpt lat="50.455484363399506" lon="3.7031288633124868">
    <name>116.7</name>
  </wpt>
  <wpt lat="50.456327519045068" lon="3.7036191396871714">
    <name>116.8</name>
  </wpt>
  <wpt lat="50.457194420893131" lon="3.7039927056363173">
    <name>116.9</name>
  </wpt>
  <wpt lat="50.45807234921908" lon="3.7042989817605116">
    <name>117.0</name>
  </wpt>
  <wpt lat="50.458946583194852" lon="3.7046303016395425">
    <name>117.1</name>
  </wpt>
  <wpt lat="50.459820780438825" lon="3.70496187657789">
    <name>117.2</name>
  </wpt>
  <wpt lat="50.460700004648608" lon="3.7052526957127778">
    <name>117.3</name>
  </wpt>
  <wpt lat="50.461595519180712" lon="3.7051844793455317">
    <name>117.4</name>
  </wpt>
  <wpt lat="50.462493242810524" lon="3.7052586845818274">
    <name>117.5</name>
  </wpt>
  <wpt lat="50.463381810267165" lon="3.7054744947905869">
    <name>117.6</name>
  </wpt>
  <wpt lat="50.464269707672457" lon="3.7056989650770404">
    <name>117.7</name>
  </wpt>
  <wpt lat="50.464995396963822" lon="3.7062374438657733">
    <name>117.8</name>
  </wpt>
  <wpt lat="50.4652925865139" lon="3.707570538968993">
    <name>117.9</name>
  </wpt>
  <wpt lat="50.46560171635273" lon="3.7088972707376824">
    <name>118.0</name>
  </wpt>
  <wpt lat="50.465891000073093" lon="3.7102295482407985">
    <name>118.1</name>
  </wpt>
  <wpt lat="50.466601949888293" lon="3.7099172881000126">
    <name>118.2</name>
  </wpt>
  <wpt lat="50.467359159461694" lon="3.710172783523785">
    <name>118.3</name>
  </wpt>
  <wpt lat="50.4681370205482" lon="3.7108188621568261">
    <name>118.4</name>
  </wpt>
  <wpt lat="50.469034014810809" lon="3.7108944625402267">
    <name>118.5</name>
  </wpt>
  <wpt lat="50.469817003986172" lon="3.711568949828143">
    <name>118.6</name>
  </wpt>
  <wpt lat="50.470556883645664" lon="3.7123708780884326">
    <name>118.7</name>
  </wpt>
  <wpt lat="50.471271473076406" lon="3.7132287586575186">
    <name>118.8</name>
  </wpt>
  <wpt lat="50.471994744282071" lon="3.7140682341972457">
    <name>118.9</name>
  </wpt>
  <wpt lat="50.472717557751551" lon="3.71408300562659">
    <name>119.0</name>
  </wpt>
  <wpt lat="50.473417406994692" lon="3.7131955825620597">
    <name>119.1</name>
  </wpt>
  <wpt lat="50.474117314899544" lon="3.7123082605206994">
    <name>119.2</name>
  </wpt>
  <wpt lat="50.4747828084967" lon="3.711366614305033">
    <name>119.3</name>
  </wpt>
  <wpt lat="50.475273377911961" lon="3.7101846142710984">
    <name>119.4</name>
  </wpt>
  <wpt lat="50.47583037448306" lon="3.7090816509190168">
    <name>119.5</name>
  </wpt>
  <wpt lat="50.476630707844265" lon="3.7089055858515">
    <name>119.6</name>
  </wpt>
  <wpt lat="50.477389609421621" lon="3.7096638389378489">
    <name>119.7</name>
  </wpt>
  <wpt lat="50.478197431375669" lon="3.7100702518883741">
    <name>119.8</name>
  </wpt>
  <wpt lat="50.479034038745915" lon="3.7095517600056058">
    <name>119.9</name>
  </wpt>
  <wpt lat="50.479846827333766" lon="3.7098888223563695">
    <name>120.0</name>
  </wpt>
  <wpt lat="50.480605555961404" lon="3.7106475543084558">
    <name>120.1</name>
  </wpt>
  <wpt lat="50.481364218638483" lon="3.7108461436867333">
    <name>120.2</name>
  </wpt>
  <wpt lat="50.481858998421416" lon="3.7096659607259772">
    <name>120.3</name>
  </wpt>
  <wpt lat="50.482353778204235" lon="3.7084857654097076">
    <name>120.4</name>
  </wpt>
  <wpt lat="50.482848557986948" lon="3.7073055577376195">
    <name>120.5</name>
  </wpt>
  <wpt lat="50.483343337769568" lon="3.7061253377093055">
    <name>120.6</name>
  </wpt>
  <wpt lat="50.483830896451309" lon="3.7049385306888385">
    <name>120.7</name>
  </wpt>
  <wpt lat="50.48428868397734" lon="3.7037220536660675">
    <name>120.8</name>
  </wpt>
  <wpt lat="50.484771501584646" lon="3.7025319150010354">
    <name>120.9</name>
  </wpt>
  <wpt lat="50.4851889781415" lon="3.7012829321585992">
    <name>121.0</name>
  </wpt>
  <wpt lat="50.485690582669648" lon="3.7010251343862528">
    <name>121.1</name>
  </wpt>
  <wpt lat="50.486471729985858" lon="3.7017239265388269">
    <name>121.2</name>
  </wpt>
  <wpt lat="50.48728870396824" lon="3.7023114206039573">
    <name>121.3</name>
  </wpt>
  <wpt lat="50.488117172840163" lon="3.7028613176840444">
    <name>121.4</name>
  </wpt>
  <wpt lat="50.4889513134261" lon="3.7033867233669131">
    <name>121.5</name>
  </wpt>
  <wpt lat="50.48979590191346" lon="3.7038599922067452">
    <name>121.6</name>
  </wpt>
  <wpt lat="50.490612416976553" lon="3.7044494268016686">
    <name>121.7</name>
  </wpt>
  <wpt lat="50.491416590548418" lon="3.7050822424780256">
    <name>121.8</name>
  </wpt>
  <wpt lat="50.49222010162844" lon="3.7057171434910137">
    <name>121.9</name>
  </wpt>
  <wpt lat="50.493023420105828" lon="3.7063526584235209">
    <name>122.0</name>
  </wpt>
  <wpt lat="50.493826738583174" lon="3.706988184162586">
    <name>122.1</name>
  </wpt>
  <wpt lat="50.494630057060469" lon="3.7076237207087179">
    <name>122.2</name>
  </wpt>
  <wpt lat="50.495452516923109" lon="3.7081913240083679">
    <name>122.3</name>
  </wpt>
  <wpt lat="50.496295758438613" lon="3.7086826832431465">
    <name>122.4</name>
  </wpt>
  <wpt lat="50.497123777965555" lon="3.7092277779045881">
    <name>122.5</name>
  </wpt>
  <wpt lat="50.497887165294522" lon="3.7099750604069786">
    <name>122.6</name>
  </wpt>
  <wpt lat="50.497941343890432" lon="3.711091069477753">
    <name>122.7</name>
  </wpt>
  <wpt lat="50.498363190600884" lon="3.7123396704380625">
    <name>122.8</name>
  </wpt>
  <wpt lat="50.49878386940069" lon="3.713589265092812">
    <name>122.9</name>
  </wpt>
  <wpt lat="50.499443654156153" lon="3.7144261895833157">
    <name>123.0</name>
  </wpt>
  <wpt lat="50.500311603852708" lon="3.7147962918302482">
    <name>123.1</name>
  </wpt>
  <wpt lat="50.501195018234817" lon="3.7146880000000366">
    <name>123.2</name>
  </wpt>
  <wpt lat="50.502089442378207" lon="3.714830390920131">
    <name>123.3</name>
  </wpt>
  <wpt lat="50.502983780746888" lon="3.7149788812509033">
    <name>123.4</name>
  </wpt>
  <wpt lat="50.5038773137592" lon="3.715139025769834">
    <name>123.5</name>
  </wpt>
  <wpt lat="50.504770105105884" lon="3.715302034919306">
    <name>123.6</name>
  </wpt>
  <wpt lat="50.505639688550929" lon="3.7156320000000034">
    <name>123.7</name>
  </wpt>
  <wpt lat="50.506536706066434" lon="3.7156198023616112">
    <name>123.8</name>
  </wpt>
  <wpt lat="50.507424367779379" lon="3.715392836154463">
    <name>123.9</name>
  </wpt>
  <wpt lat="50.508219903242995" lon="3.7155583048518057">
    <name>124.0</name>
  </wpt>
  <wpt lat="50.508503974898382" lon="3.7168849803330235">
    <name>124.1</name>
  </wpt>
  <wpt lat="50.509363921377634" lon="3.7169006956543087">
    <name>124.2</name>
  </wpt>
  <wpt lat="50.510147313494194" lon="3.717373919103605">
    <name>124.3</name>
  </wpt>
  <wpt lat="50.510445290209347" lon="3.7186932596375537">
    <name>124.4</name>
  </wpt>
  <wpt lat="50.511025248283694" lon="3.719768975302459">
    <name>124.5</name>
  </wpt>
  <wpt lat="50.51144762993372" lon="3.7210002598011998">
    <name>124.6</name>
  </wpt>
  <wpt lat="50.51218076823497" lon="3.721812307446982">
    <name>124.7</name>
  </wpt>
  <wpt lat="50.513028952757743" lon="3.7222583996216785">
    <name>124.8</name>
  </wpt>
  <wpt lat="50.513472335755594" lon="3.7234412260837151">
    <name>124.9</name>
  </wpt>
  <wpt lat="50.514254561637145" lon="3.7239541012383111">
    <name>125.0</name>
  </wpt>
  <wpt lat="50.51514554394668" lon="3.7241462492470223">
    <name>125.1</name>
  </wpt>
  <wpt lat="50.516036814491684" lon="3.7243350734985361">
    <name>125.2</name>
  </wpt>
  <wpt lat="50.516928085036675" lon="3.7245239013154268">
    <name>125.3</name>
  </wpt>
  <wpt lat="50.517811072351833" lon="3.7247896308227197">
    <name>125.4</name>
  </wpt>
  <wpt lat="50.518692994593358" lon="3.7250656764669592">
    <name>125.5</name>
  </wpt>
  <wpt lat="50.51957399815177" lon="3.7253484589116495">
    <name>125.6</name>
  </wpt>
  <wpt lat="50.520456216491084" lon="3.725623002241393">
    <name>125.7</name>
  </wpt>
  <wpt lat="50.521338434830383" lon="3.7258975507030763">
    <name>125.8</name>
  </wpt>
  <wpt lat="50.522220653169661" lon="3.726172104297004">
    <name>125.9</name>
  </wpt>
  <wpt lat="50.523102871508932" lon="3.726446663023482">
    <name>126.0</name>
  </wpt>
  <wpt lat="50.523985089848196" lon="3.7267212268827139">
    <name>126.1</name>
  </wpt>
  <wpt lat="50.524867308187453" lon="3.7269957958750046">
    <name>126.2</name>
  </wpt>
  <wpt lat="50.525749129032711" lon="3.727273510455722">
    <name>126.3</name>
  </wpt>
  <wpt lat="50.526630915975865" lon="3.7275514973427075">
    <name>126.4</name>
  </wpt>
  <wpt lat="50.527512702919026" lon="3.7278294894246327">
    <name>126.5</name>
  </wpt>
  <wpt lat="50.528394489862173" lon="3.7281074867018029">
    <name>126.6</name>
  </wpt>
  <wpt lat="50.529276571472316" lon="3.7283831505779061">
    <name>126.7</name>
  </wpt>
  <wpt lat="50.5301592533997" lon="3.72865399260701">
    <name>126.8</name>
  </wpt>
  <wpt lat="50.531039636349178" lon="3.72894256375852">
    <name>126.9</name>
  </wpt>
  <wpt lat="50.5319206627103" lon="3.7292264868134248">
    <name>127.0</name>
  </wpt>
  <wpt lat="50.532801689071427" lon="3.7295104151706453">
    <name>127.1</name>
  </wpt>
  <wpt lat="50.533682105969348" lon="3.7297988650307614">
    <name>127.2</name>
  </wpt>
  <wpt lat="50.5345604517475" lon="3.7301026653462572">
    <name>127.3</name>
  </wpt>
  <wpt lat="50.5354363773703" lon="3.7304232796443322">
    <name>127.4</name>
  </wpt>
  <wpt lat="50.536312217226588" lon="3.7307444980425104">
    <name>127.5</name>
  </wpt>
  <wpt lat="50.537189280793839" lon="3.7310573505492397">
    <name>127.6</name>
  </wpt>
  <wpt lat="50.538066344361091" lon="3.7313702088733813">
    <name>127.7</name>
  </wpt>
  <wpt lat="50.538942585029638" lon="3.731688687888616">
    <name>127.8</name>
  </wpt>
  <wpt lat="50.539817700336194" lon="3.73201477721703">
    <name>127.9</name>
  </wpt>
  <wpt lat="50.540692871716651" lon="3.7323404775213684">
    <name>128.0</name>
  </wpt>
  <wpt lat="50.541570260362448" lon="3.7326506947306122">
    <name>128.1</name>
  </wpt>
  <wpt lat="50.542446698546" lon="3.7329678914108277">
    <name>128.2</name>
  </wpt>
  <wpt lat="50.543323136729541" lon="3.7332850939861126">
    <name>128.3</name>
  </wpt>
  <wpt lat="50.544197912258582" lon="3.7336095083371319">
    <name>128.4</name>
  </wpt>
  <wpt lat="50.545074559338062" lon="3.7339237692564744">
    <name>128.5</name>
  </wpt>
  <wpt lat="50.5459482558734" lon="3.7342589751310067">
    <name>128.6</name>
  </wpt>
  <wpt lat="50.546828226322319" lon="3.7345505702963018">
    <name>128.7</name>
  </wpt>
  <wpt lat="50.54770405823794" lon="3.7348718039322382">
    <name>128.8</name>
  </wpt>
  <wpt lat="50.548575686546037" lon="3.735219972797557">
    <name>128.9</name>
  </wpt>
  <wpt lat="50.549360782922562" lon="3.73564199915951">
    <name>129.0</name>
  </wpt>
  <wpt lat="50.55024867291975" lon="3.7357953364415781">
    <name>129.1</name>
  </wpt>
  <wpt lat="50.551108862859977" lon="3.7362082809658648">
    <name>129.2</name>
  </wpt>
  <wpt lat="50.551970638479155" lon="3.7366113174684452">
    <name>129.3</name>
  </wpt>
  <wpt lat="50.552828377397766" lon="3.7370364714843638">
    <name>129.4</name>
  </wpt>
  <wpt lat="50.553624698398956" lon="3.7376836981870127">
    <name>129.5</name>
  </wpt>
  <wpt lat="50.554281152216227" lon="3.7386436197946651">
    <name>129.6</name>
  </wpt>
  <wpt lat="50.554792521534274" lon="3.739805957962703">
    <name>129.7</name>
  </wpt>
  <wpt lat="50.555288737302376" lon="3.7409864861336382">
    <name>129.8</name>
  </wpt>
  <wpt lat="50.55578020726464" lon="3.7421718936236359">
    <name>129.9</name>
  </wpt>
  <wpt lat="50.556326942454795" lon="3.7432955538503903">
    <name>130.0</name>
  </wpt>
  <wpt lat="50.55692023349912" lon="3.7443593003136022">
    <name>130.1</name>
  </wpt>
  <wpt lat="50.557515741338527" lon="3.7454200528808972">
    <name>130.2</name>
  </wpt>
  <wpt lat="50.5581775596687" lon="3.7463742815903163">
    <name>130.3</name>
  </wpt>
  <wpt lat="50.55889159917875" lon="3.7472341665631808">
    <name>130.4</name>
  </wpt>
  <wpt lat="50.559455407752509" lon="3.7483328734305332">
    <name>130.5</name>
  </wpt>
  <wpt lat="50.559991485616415" lon="3.7494695149598254">
    <name>130.6</name>
  </wpt>
  <wpt lat="50.560527219419022" lon="3.7506065292483957">
    <name>130.7</name>
  </wpt>
  <wpt lat="50.561068793438238" lon="3.7517366873424614">
    <name>130.8</name>
  </wpt>
  <wpt lat="50.561663184348959" lon="3.7527638522909275">
    <name>130.9</name>
  </wpt>
  <wpt lat="50.562505160848048" lon="3.7523938353104422">
    <name>131.0</name>
  </wpt>
  <wpt lat="50.563343346142815" lon="3.7519917317206297">
    <name>131.1</name>
  </wpt>
  <wpt lat="50.563919215455606" lon="3.7530257706222909">
    <name>131.2</name>
  </wpt>
  <wpt lat="50.564626708864864" lon="3.7538357088335248">
    <name>131.3</name>
  </wpt>
  <wpt lat="50.565295102414112" lon="3.7547611023382319">
    <name>131.4</name>
  </wpt>
  <wpt lat="50.566065743558404" lon="3.7552218291078892">
    <name>131.5</name>
  </wpt>
  <wpt lat="50.566835797687183" lon="3.7545430688060284">
    <name>131.6</name>
  </wpt>
  <wpt lat="50.567418189467674" lon="3.7547766237553977">
    <name>131.7</name>
  </wpt>
  <wpt lat="50.567879390702437" lon="3.7559918006560631">
    <name>131.8</name>
  </wpt>
  <wpt lat="50.568382654947342" lon="3.7571594064752527">
    <name>131.9</name>
  </wpt>
  <wpt lat="50.568944073501669" lon="3.7582647207441489">
    <name>132.0</name>
  </wpt>
  <wpt lat="50.569684566546989" lon="3.7590533107861615">
    <name>132.1</name>
  </wpt>
  <wpt lat="50.5705013391848" lon="3.759629197693207">
    <name>132.2</name>
  </wpt>
  <wpt lat="50.5712182854384" lon="3.7604840311514725">
    <name>132.3</name>
  </wpt>
  <wpt lat="50.571936016021432" lon="3.7613370158529422">
    <name>132.4</name>
  </wpt>
  <wpt lat="50.572736973366652" lon="3.761969299481227">
    <name>132.5</name>
  </wpt>
  <wpt lat="50.5735975121618" lon="3.762378292347893">
    <name>132.6</name>
  </wpt>
  <wpt lat="50.5744399201164" lon="3.7628725905557525">
    <name>132.7</name>
  </wpt>
  <wpt lat="50.575317078861644" lon="3.7631719591225883">
    <name>132.8</name>
  </wpt>
  <wpt lat="50.576166813112117" lon="3.7636035290198717">
    <name>132.9</name>
  </wpt>
  <wpt lat="50.577014498809518" lon="3.764038996650684">
    <name>133.0</name>
  </wpt>
  <wpt lat="50.577873103770933" lon="3.7644301692219262">
    <name>133.1</name>
  </wpt>
  <wpt lat="50.578730931462488" lon="3.7648496648175374">
    <name>133.2</name>
  </wpt>
  <wpt lat="50.579599304349436" lon="3.7652180001462465">
    <name>133.3</name>
  </wpt>
  <wpt lat="50.580446227912873" lon="3.765684563062452">
    <name>133.4</name>
  </wpt>
  <wpt lat="50.581278077302507" lon="3.766222512810645">
    <name>133.5</name>
  </wpt>
  <wpt lat="50.582118530648266" lon="3.7667263935560862">
    <name>133.6</name>
  </wpt>
  <wpt lat="50.582959790049216" lon="3.7672270541719928">
    <name>133.7</name>
  </wpt>
  <wpt lat="50.583801049450138" lon="3.7677277237321278">
    <name>133.8</name>
  </wpt>
  <wpt lat="50.584614067076572" lon="3.7683247073119106">
    <name>133.9</name>
  </wpt>
  <wpt lat="50.585356441110456" lon="3.7691220378030641">
    <name>134.0</name>
  </wpt>
  <wpt lat="50.58612475345781" lon="3.7698565248586551">
    <name>134.1</name>
  </wpt>
  <wpt lat="50.586910255139095" lon="3.7705440961386856">
    <name>134.2</name>
  </wpt>
  <wpt lat="50.587733501416359" lon="3.771114254495973">
    <name>134.3</name>
  </wpt>
  <wpt lat="50.588557888387562" lon="3.7716803276226236">
    <name>134.4</name>
  </wpt>
  <wpt lat="50.589383388566709" lon="3.7722423503640816">
    <name>134.5</name>
  </wpt>
  <wpt lat="50.590218624889971" lon="3.7727639308337317">
    <name>134.6</name>
  </wpt>
  <wpt lat="50.59107826146365" lon="3.7731781299112734">
    <name>134.7</name>
  </wpt>
  <wpt lat="50.5919576525415" lon="3.7734739836715572">
    <name>134.8</name>
  </wpt>
  <wpt lat="50.592840586688972" lon="3.773743187546863">
    <name>134.9</name>
  </wpt>
  <wpt lat="50.593723349901921" lon="3.7735607420696651">
    <name>135.0</name>
  </wpt>
  <wpt lat="50.594577536782786" lon="3.7731175765256655">
    <name>135.1</name>
  </wpt>
  <wpt lat="50.595433616496578" lon="3.7726836294603383">
    <name>135.2</name>
  </wpt>
  <wpt lat="50.596296962493454" lon="3.7722973866376091">
    <name>135.3</name>
  </wpt>
  <wpt lat="50.597190508131341" lon="3.7723909430031712">
    <name>135.4</name>
  </wpt>
  <wpt lat="50.598080810631771" lon="3.7725910910934375">
    <name>135.5</name>
  </wpt>
  <wpt lat="50.598958444393283" lon="3.7728885202176703">
    <name>135.6</name>
  </wpt>
  <wpt lat="50.599788542272144" lon="3.773424279910004">
    <name>135.7</name>
  </wpt>
  <wpt lat="50.600592585130038" lon="3.7740586552820323">
    <name>135.8</name>
  </wpt>
  <wpt lat="50.601399675306865" lon="3.7746836857748525">
    <name>135.9</name>
  </wpt>
  <wpt lat="50.602218340291813" lon="3.7752661382243904">
    <name>136.0</name>
  </wpt>
  <wpt lat="50.603062409842657" lon="3.7757551357111665">
    <name>136.1</name>
  </wpt>
  <wpt lat="50.603879535278843" lon="3.7763393665170164">
    <name>136.2</name>
  </wpt>
  <wpt lat="50.604650535341385" lon="3.7770683798029894">
    <name>136.3</name>
  </wpt>
  <wpt lat="50.60542012332138" lon="3.7778015090595329">
    <name>136.4</name>
  </wpt>
  <wpt lat="50.606197876731407" lon="3.7785129690205497">
    <name>136.5</name>
  </wpt>
  <wpt lat="50.6069330063298" lon="3.7793265109445584">
    <name>136.6</name>
  </wpt>
  <wpt lat="50.607650929921611" lon="3.7801799688800974">
    <name>136.7</name>
  </wpt>
  <wpt lat="50.60836885351334" lon="3.7810334398385073">
    <name>136.8</name>
  </wpt>
  <wpt lat="50.609086777105" lon="3.7818869238202955">
    <name>136.9</name>
  </wpt>
  <wpt lat="50.609804700696571" lon="3.7827404208259723">
    <name>137.0</name>
  </wpt>
  <wpt lat="50.610522624288073" lon="3.7835939308560453">
    <name>137.1</name>
  </wpt>
  <wpt lat="50.611240547879483" lon="3.7844474539110244">
    <name>137.2</name>
  </wpt>
  <wpt lat="50.611958471470814" lon="3.78530098999152">
    <name>137.3</name>
  </wpt>
  <wpt lat="50.612676395062067" lon="3.7861545390980411">
    <name>137.4</name>
  </wpt>
  <wpt lat="50.61297298439721" lon="3.7852516372513496">
    <name>137.5</name>
  </wpt>
  <wpt lat="50.613302809793971" lon="3.7839358113620247">
    <name>137.6</name>
  </wpt>
  <wpt lat="50.613558746990826" lon="3.7825835182284138">
    <name>137.7</name>
  </wpt>
  <wpt lat="50.613987652345749" lon="3.7813503813530494">
    <name>137.8</name>
  </wpt>
  <wpt lat="50.61451346243387" lon="3.7802006355933413">
    <name>137.9</name>
  </wpt>
  <wpt lat="50.614987127171084" lon="3.7789986434864913">
    <name>138.0</name>
  </wpt>
  <wpt lat="50.615352811714047" lon="3.7777083564958707">
    <name>138.1</name>
  </wpt>
  <wpt lat="50.615604876628083" lon="3.7763478445961454">
    <name>138.2</name>
  </wpt>
  <wpt lat="50.615878494533348" lon="3.7749986329991696">
    <name>138.3</name>
  </wpt>
  <wpt lat="50.616205002875304" lon="3.7736799617640497">
    <name>138.4</name>
  </wpt>
  <wpt lat="50.616649689164106" lon="3.7724514593842211">
    <name>138.5</name>
  </wpt>
  <wpt lat="50.617214273201583" lon="3.7713486705835249">
    <name>138.6</name>
  </wpt>
  <wpt lat="50.617764733247945" lon="3.7702348840610544">
    <name>138.7</name>
  </wpt>
  <wpt lat="50.618194030132166" lon="3.7690589827311545">
    <name>138.8</name>
  </wpt>
  <wpt lat="50.618729691018018" lon="3.7679248939846657">
    <name>138.9</name>
  </wpt>
  <wpt lat="50.619361010453048" lon="3.7669286308303862">
    <name>139.0</name>
  </wpt>
  <wpt lat="50.61983919385888" lon="3.7657374273515742">
    <name>139.1</name>
  </wpt>
  <wpt lat="50.620173941236018" lon="3.7644218223366575">
    <name>139.2</name>
  </wpt>
  <wpt lat="50.620553586521119" lon="3.7636912231286175">
    <name>139.3</name>
  </wpt>
  <wpt lat="50.621013209934958" lon="3.7649074361690134">
    <name>139.4</name>
  </wpt>
  <wpt lat="50.621598685708719" lon="3.7659819570528019">
    <name>139.5</name>
  </wpt>
  <wpt lat="50.622220491455124" lon="3.767004789083892">
    <name>139.6</name>
  </wpt>
  <wpt lat="50.623015028971132" lon="3.7676560202867617">
    <name>139.7</name>
  </wpt>
  <wpt lat="50.623818905629804" lon="3.7682879040840058">
    <name>139.8</name>
  </wpt>
  <wpt lat="50.624561737744742" lon="3.7690848096307645">
    <name>139.9</name>
  </wpt>
  <wpt lat="50.62527345984487" lon="3.769951371552148">
    <name>140.0</name>
  </wpt>
  <wpt lat="50.625968425685315" lon="3.7708510982299308">
    <name>140.1</name>
  </wpt>
  <wpt lat="50.6265020000543" lon="3.7719191774930674">
    <name>140.2</name>
  </wpt>
  <wpt lat="50.626706120443217" lon="3.7724051548154969">
    <name>140.3</name>
  </wpt>
  <wpt lat="50.627507349876169" lon="3.7728563498645924">
    <name>140.4</name>
  </wpt>
  <wpt lat="50.627393748397374" lon="3.7742156936996567">
    <name>140.5</name>
  </wpt>
  <wpt lat="50.627661222390742" lon="3.7749833328295295">
    <name>140.6</name>
  </wpt>
  <wpt lat="50.628163544011485" lon="3.7738099537465635">
    <name>140.7</name>
  </wpt>
  <wpt lat="50.628856763816749" lon="3.7746536863097289">
    <name>140.8</name>
  </wpt>
  <wpt lat="50.629555873583286" lon="3.7755440176000779">
    <name>140.9</name>
  </wpt>
  <wpt lat="50.630259280137942" lon="3.7764268346782415">
    <name>141.0</name>
  </wpt>
  <wpt lat="50.630939446714542" lon="3.7772211614147762">
    <name>141.1</name>
  </wpt>
  <wpt lat="50.6316808887616" lon="3.7768606081339327">
    <name>141.2</name>
  </wpt>
  <wpt lat="50.63236727443568" lon="3.7765331114114971">
    <name>141.3</name>
  </wpt>
  <wpt lat="50.632880931389067" lon="3.7776680221699515">
    <name>141.4</name>
  </wpt>
  <wpt lat="50.63293464486604" lon="3.77908169927184">
    <name>141.5</name>
  </wpt>
  <wpt lat="50.632430844301467" lon="3.7801721208696653">
    <name>141.6</name>
  </wpt>
  <wpt lat="50.632596128679182" lon="3.7813138829364776">
    <name>141.7</name>
  </wpt>
  <wpt lat="50.633066542395724" lon="3.7825208519775324">
    <name>141.8</name>
  </wpt>
  <wpt lat="50.633555184653162" lon="3.7836869841546474">
    <name>141.9</name>
  </wpt>
  <wpt lat="50.634432080556159" lon="3.7840016471035312">
    <name>142.0</name>
  </wpt>
  <wpt lat="50.6353096389456" lon="3.7843116784732196">
    <name>142.1</name>
  </wpt>
  <wpt lat="50.636153176806324" lon="3.7847903654856583">
    <name>142.2</name>
  </wpt>
  <wpt lat="50.636936203237539" lon="3.7854822032265703">
    <name>142.3</name>
  </wpt>
  <wpt lat="50.637615457704769" lon="3.786395639715129">
    <name>142.4</name>
  </wpt>
  <wpt lat="50.638201118992924" lon="3.7873218995752476">
    <name>142.5</name>
  </wpt>
  <wpt lat="50.6388207403171" lon="3.7883490726715316">
    <name>142.6</name>
  </wpt>
  <wpt lat="50.63942719657144" lon="3.7893162188953009">
    <name>142.7</name>
  </wpt>
  <wpt lat="50.640036771057979" lon="3.7903554167473397">
    <name>142.8</name>
  </wpt>
  <wpt lat="50.640708623176231" lon="3.7912963954058996">
    <name>142.9</name>
  </wpt>
  <wpt lat="50.641400827161149" lon="3.7922013141088771">
    <name>143.0</name>
  </wpt>
  <wpt lat="50.642112592870063" lon="3.7930681185680633">
    <name>143.1</name>
  </wpt>
  <wpt lat="50.642828311303077" lon="3.7939267145095439">
    <name>143.2</name>
  </wpt>
  <wpt lat="50.643536717837605" lon="3.7948003611083378">
    <name>143.3</name>
  </wpt>
  <wpt lat="50.64424484716583" lon="3.7956745796134066">
    <name>143.4</name>
  </wpt>
  <wpt lat="50.64495297649399" lon="3.796548811293198">
    <name>143.5</name>
  </wpt>
  <wpt lat="50.645661105822064" lon="3.7974230561483227">
    <name>143.6</name>
  </wpt>
  <wpt lat="50.646375624043543" lon="3.7982842268270853">
    <name>143.7</name>
  </wpt>
  <wpt lat="50.647155952292955" lon="3.7989825805583637">
    <name>143.8</name>
  </wpt>
  <wpt lat="50.6479297465754" lon="3.7997011857503793">
    <name>143.9</name>
  </wpt>
  <wpt lat="50.648694811143159" lon="3.8004436199780574">
    <name>144.0</name>
  </wpt>
  <wpt lat="50.649389264485706" lon="3.8013438974022158">
    <name>144.1</name>
  </wpt>
  <wpt lat="50.650004113582106" lon="3.80237731351575">
    <name>144.2</name>
  </wpt>
  <wpt lat="50.650606991168615" lon="3.8034297850577512">
    <name>144.3</name>
  </wpt>
  <wpt lat="50.651176302741156" lon="3.8045273960328778">
    <name>144.4</name>
  </wpt>
  <wpt lat="50.6517721881029" lon="3.8055830700216489">
    <name>144.5</name>
  </wpt>
  <wpt lat="50.65254950895185" lon="3.8062479663955733">
    <name>144.6</name>
  </wpt>
  <wpt lat="50.65336123270918" lon="3.806764684877995">
    <name>144.7</name>
  </wpt>
  <wpt lat="50.654150188455539" lon="3.8074197876786822">
    <name>144.8</name>
  </wpt>
  <wpt lat="50.654931310164017" lon="3.8081227499348675">
    <name>144.9</name>
  </wpt>
  <wpt lat="50.655712599201223" lon="3.8088252657652433">
    <name>145.0</name>
  </wpt>
  <wpt lat="50.65649388823838" lon="3.8095277932813327">
    <name>145.1</name>
  </wpt>
  <wpt lat="50.657252989256882" lon="3.8102845944710335">
    <name>145.2</name>
  </wpt>
  <wpt lat="50.657921730609388" lon="3.8112290893099416">
    <name>145.3</name>
  </wpt>
  <wpt lat="50.658511108711281" lon="3.8123003770432593">
    <name>145.4</name>
  </wpt>
  <wpt lat="50.659091903095792" lon="3.8133833114974034">
    <name>145.5</name>
  </wpt>
  <wpt lat="50.659676607283366" lon="3.8144611252620728">
    <name>145.6</name>
  </wpt>
  <wpt lat="50.660260819588252" lon="3.8155395991648606">
    <name>145.7</name>
  </wpt>
  <wpt lat="50.660923442639493" lon="3.8163879324251049">
    <name>145.8</name>
  </wpt>
  <wpt lat="50.661808959068047" lon="3.8166355593837631">
    <name>145.9</name>
  </wpt>
  <wpt lat="50.662693879235505" lon="3.8168883990360305">
    <name>146.0</name>
  </wpt>
  <wpt lat="50.663442035288675" lon="3.8171424900336204">
    <name>146.1</name>
  </wpt>
  <wpt lat="50.6643257298813" lon="3.8174057598680595">
    <name>146.2</name>
  </wpt>
  <wpt lat="50.665216107151991" lon="3.8175770000000289">
    <name>146.3</name>
  </wpt>
  <wpt lat="50.666087181056852" lon="3.8172810631121572">
    <name>146.4</name>
  </wpt>
  <wpt lat="50.66694882735456" lon="3.8169119999999692">
    <name>146.5</name>
  </wpt>
  <wpt lat="50.66778637286729" lon="3.8173306012830421">
    <name>146.6</name>
  </wpt>
  <wpt lat="50.668431153101658" lon="3.8183177575163247">
    <name>146.7</name>
  </wpt>
  <wpt lat="50.669081782750474" lon="3.8192972674818098">
    <name>146.8</name>
  </wpt>
  <wpt lat="50.669613106238863" lon="3.8204226711860487">
    <name>146.9</name>
  </wpt>
  <wpt lat="50.669847000127255" lon="3.8217823840499316">
    <name>147.0</name>
  </wpt>
  <wpt lat="50.669841990137819" lon="3.8231980495836164">
    <name>147.1</name>
  </wpt>
  <wpt lat="50.670245618061088" lon="3.8244527255216334">
    <name>147.2</name>
  </wpt>
  <wpt lat="50.670694825645541" lon="3.8256819977775716">
    <name>147.3</name>
  </wpt>
  <wpt lat="50.671066932229323" lon="3.8269732490649435">
    <name>147.4</name>
  </wpt>
  <wpt lat="50.671354196347622" lon="3.8283163401455895">
    <name>147.5</name>
  </wpt>
  <wpt lat="50.671587715732045" lon="3.8296866487614487">
    <name>147.6</name>
  </wpt>
  <wpt lat="50.671831728223083" lon="3.831052422863348">
    <name>147.7</name>
  </wpt>
  <wpt lat="50.67206542377032" lon="3.8324225987692655">
    <name>147.8</name>
  </wpt>
  <wpt lat="50.672308637686079" lon="3.8337885718467675">
    <name>147.9</name>
  </wpt>
  <wpt lat="50.672819930664382" lon="3.8349197434150661">
    <name>148.0</name>
  </wpt>
  <wpt lat="50.67356625471502" lon="3.8357099235322889">
    <name>148.1</name>
  </wpt>
  <wpt lat="50.674322696700031" lon="3.83647738429808">
    <name>148.2</name>
  </wpt>
  <wpt lat="50.675082075356428" lon="3.8372368947345366">
    <name>148.3</name>
  </wpt>
  <wpt lat="50.675834990045168" lon="3.8380127791227627">
    <name>148.4</name>
  </wpt>
  <wpt lat="50.676586392284875" lon="3.8387925456215322">
    <name>148.5</name>
  </wpt>
  <wpt lat="50.677343598737643" lon="3.8395581304124091">
    <name>148.6</name>
  </wpt>
  <wpt lat="50.678103019584107" lon="3.8403183272100212">
    <name>148.7</name>
  </wpt>
  <wpt lat="50.678860699742366" lon="3.8410828536706663">
    <name>148.8</name>
  </wpt>
  <wpt lat="50.679618379900568" lon="3.8418473924744081">
    <name>148.9</name>
  </wpt>
  <wpt lat="50.680376060058705" lon="3.8426119436218569">
    <name>149.0</name>
  </wpt>
  <wpt lat="50.681129809159124" lon="3.8433861243028651">
    <name>149.1</name>
  </wpt>
  <wpt lat="50.681882823741667" lon="3.8441620954753506">
    <name>149.2</name>
  </wpt>
  <wpt lat="50.682641879136305" lon="3.844917939548008">
    <name>149.3</name>
  </wpt>
  <wpt lat="50.683390972962123" lon="3.8456990246651563">
    <name>149.4</name>
  </wpt>
  <wpt lat="50.684135306045036" lon="3.8464956237342767">
    <name>149.5</name>
  </wpt>
  <wpt lat="50.684879639127878" lon="3.847292235440122">
    <name>149.6</name>
  </wpt>
  <wpt lat="50.685624567757159" lon="3.8480874663224522">
    <name>149.7</name>
  </wpt>
  <wpt lat="50.686371228315544" lon="3.8488786587086561">
    <name>149.8</name>
  </wpt>
  <wpt lat="50.687116167806934" lon="3.8496738920423033">
    <name>149.9</name>
  </wpt>
  <wpt lat="50.687860814789467" lon="3.8504698231006942">
    <name>150.0</name>
  </wpt>
  <wpt lat="50.688607387609089" lon="3.8512612319600295">
    <name>150.1</name>
  </wpt>
  <wpt lat="50.689363806443986" lon="3.8520289029926467">
    <name>150.2</name>
  </wpt>
  <wpt lat="50.690148693038076" lon="3.8527204639511061">
    <name>150.3</name>
  </wpt>
  <wpt lat="50.690941036167104" lon="3.8533917493166108">
    <name>150.4</name>
  </wpt>
  <wpt lat="50.691739030074395" lon="3.854046159541491">
    <name>150.5</name>
  </wpt>
  <wpt lat="50.692335703078761" lon="3.8543975030864726">
    <name>150.6</name>
  </wpt>
  <wpt lat="50.693120900729234" lon="3.8537053742698468">
    <name>150.7</name>
  </wpt>
  <wpt lat="50.693908217386891" lon="3.8530192665755378">
    <name>150.8</name>
  </wpt>
  <wpt lat="50.694694381885682" lon="3.8523305405237331">
    <name>150.9</name>
  </wpt>
  <wpt lat="50.695471765465562" lon="3.8516168793305408">
    <name>151.0</name>
  </wpt>
  <wpt lat="50.69625438407509" lon="3.8509178267134385">
    <name>151.1</name>
  </wpt>
  <wpt lat="50.697034124381773" lon="3.8502104203373033">
    <name>151.2</name>
  </wpt>
  <wpt lat="50.6978138646884" lon="3.8495030022001386">
    <name>151.3</name>
  </wpt>
  <wpt lat="50.698602419952763" lon="3.8488209597928114">
    <name>151.4</name>
  </wpt>
  <wpt lat="50.69938076205905" lon="3.8481097728485731">
    <name>151.5</name>
  </wpt>
  <wpt lat="50.700160747761252" lon="3.8474030175704534">
    <name>151.6</name>
  </wpt>
  <wpt lat="50.700944420187753" lon="3.8467065616173257">
    <name>151.7</name>
  </wpt>
  <wpt lat="50.701722116958891" lon="3.8459935407381853">
    <name>151.8</name>
  </wpt>
  <wpt lat="50.702489798890554" lon="3.8452555340689774">
    <name>151.9</name>
  </wpt>
  <wpt lat="50.703235838205082" lon="3.8444631620969734">
    <name>152.0</name>
  </wpt>
  <wpt lat="50.704030198395728" lon="3.8437980221538308">
    <name>152.1</name>
  </wpt>
  <wpt lat="50.704855540752213" lon="3.8432411403774007">
    <name>152.2</name>
  </wpt>
  <wpt lat="50.705710823872856" lon="3.8428024390140503">
    <name>152.3</name>
  </wpt>
  <wpt lat="50.706560985955555" lon="3.8423400079058472">
    <name>152.4</name>
  </wpt>
  <wpt lat="50.707383850289524" lon="3.8417690120949755">
    <name>152.5</name>
  </wpt>
  <wpt lat="50.70825189551374" lon="3.8414137581957184">
    <name>152.6</name>
  </wpt>
  <wpt lat="50.709125805808036" lon="3.841279880775649">
    <name>152.7</name>
  </wpt>
  <wpt lat="50.709655136347905" lon="3.8402669918777566">
    <name>152.8</name>
  </wpt>
  <wpt lat="50.710082482548188" lon="3.8390233550248056">
    <name>152.9</name>
  </wpt>
  <wpt lat="50.710327425298907" lon="3.837670550454745">
    <name>153.0</name>
  </wpt>
  <wpt lat="50.711052047870254" lon="3.8368399522144192">
    <name>153.1</name>
  </wpt>
  <wpt lat="50.711702233338265" lon="3.837025871861163">
    <name>153.2</name>
  </wpt>
  <wpt lat="50.712517499864539" lon="3.8374739809606417">
    <name>153.3</name>
  </wpt>
  <wpt lat="50.713399272444946" lon="3.837748572717155">
    <name>153.4</name>
  </wpt>
  <wpt lat="50.714281058500177" lon="3.838025870099782">
    <name>153.5</name>
  </wpt>
  <wpt lat="50.715161402723645" lon="3.83826857080355">
    <name>153.6</name>
  </wpt>
  <wpt lat="50.71602000428399" lon="3.8386904999893292">
    <name>153.7</name>
  </wpt>
  <wpt lat="50.716880153517394" lon="3.8391030306866081">
    <name>153.8</name>
  </wpt>
  <wpt lat="50.717768323296063" lon="3.8393070501424349">
    <name>153.9</name>
  </wpt>
  <wpt lat="50.718617081117166" lon="3.8397749488402093">
    <name>154.0</name>
  </wpt>
  <wpt lat="50.719458528082313" lon="3.8402762773988575">
    <name>154.1</name>
  </wpt>
  <wpt lat="50.720254872474129" lon="3.8409128403570065">
    <name>154.2</name>
  </wpt>
  <wpt lat="50.720860688711348" lon="3.8419600360324582">
    <name>154.3</name>
  </wpt>
  <wpt lat="50.721429105950804" lon="3.8430600030572544">
    <name>154.4</name>
  </wpt>
  <wpt lat="50.721875517189687" lon="3.844275809130056">
    <name>154.5</name>
  </wpt>
  <wpt lat="50.722089433936127" lon="3.8456542853022491">
    <name>154.6</name>
  </wpt>
  <wpt lat="50.722378200824743" lon="3.8469989336121864">
    <name>154.7</name>
  </wpt>
  <wpt lat="50.722701661902541" lon="3.848324414302517">
    <name>154.8</name>
  </wpt>
  <wpt lat="50.723020597587947" lon="3.8496526489298062">
    <name>154.9</name>
  </wpt>
  <wpt lat="50.723464388289784" lon="3.8508673160743725">
    <name>155.0</name>
  </wpt>
  <wpt lat="50.724143801931952" lon="3.8517979928937245">
    <name>155.1</name>
  </wpt>
  <wpt lat="50.724817806835169" lon="3.8527385127959985">
    <name>155.2</name>
  </wpt>
  <wpt lat="50.725493354141356" lon="3.853676278216192">
    <name>155.3</name>
  </wpt>
  <wpt lat="50.726197373265428" lon="3.8545513656494106">
    <name>155.4</name>
  </wpt>
  <wpt lat="50.727058892240159" lon="3.8549189784014888">
    <name>155.5</name>
  </wpt>
  <wpt lat="50.727955788449563" lon="3.85495132114633">
    <name>155.6</name>
  </wpt>
  <wpt lat="50.728663791576459" lon="3.8542965471556609">
    <name>155.7</name>
  </wpt>
  <wpt lat="50.729413503251052" lon="3.8535126876772017">
    <name>155.8</name>
  </wpt>
  <wpt lat="50.7301557282469" lon="3.8527115941523178">
    <name>155.9</name>
  </wpt>
  <wpt lat="50.730721598830669" lon="3.8534750982744983">
    <name>156.0</name>
  </wpt>
  <wpt lat="50.731184365759411" lon="3.8546923188798097">
    <name>156.1</name>
  </wpt>
  <wpt lat="50.731582940634787" lon="3.8559659830876343">
    <name>156.2</name>
  </wpt>
  <wpt lat="50.7320674583046" lon="3.8571575672786382">
    <name>156.3</name>
  </wpt>
  <wpt lat="50.73257511542699" lon="3.8583303982075083">
    <name>156.4</name>
  </wpt>
  <wpt lat="50.73276226808639" lon="3.8595101728385783">
    <name>156.5</name>
  </wpt>
  <wpt lat="50.733440489653916" lon="3.8604382569976887">
    <name>156.6</name>
  </wpt>
  <wpt lat="50.7338229169595" lon="3.8617217804560342">
    <name>156.7</name>
  </wpt>
  <wpt lat="50.734530486148344" lon="3.8623747586596289">
    <name>156.8</name>
  </wpt>
  <wpt lat="50.735425519814818" lon="3.8625021078145285">
    <name>156.9</name>
  </wpt>
  <wpt lat="50.736323298423621" lon="3.8625851498554029">
    <name>157.0</name>
  </wpt>
  <wpt lat="50.73722070543154" lon="3.8626770446778256">
    <name>157.1</name>
  </wpt>
  <wpt lat="50.73809609150711" lon="3.8629558557686621">
    <name>157.2</name>
  </wpt>
  <wpt lat="50.738761438087288" lon="3.863840282612061">
    <name>157.3</name>
  </wpt>
  <wpt lat="50.739376403211111" lon="3.86487463542989">
    <name>157.4</name>
  </wpt>
  <wpt lat="50.73990199982552" lon="3.86599649830036">
    <name>157.5</name>
  </wpt>
  <wpt lat="50.740636083152552" lon="3.8666117093770462">
    <name>157.6</name>
  </wpt>
  <wpt lat="50.741508666583115" lon="3.8668809845917353">
    <name>157.7</name>
  </wpt>
  <wpt lat="50.742221201260506" lon="3.8677184041814265">
    <name>157.8</name>
  </wpt>
  <wpt lat="50.743010722047373" lon="3.8683059238139421">
    <name>157.9</name>
  </wpt>
  <wpt lat="50.7436642769273" lon="3.8692805310764169">
    <name>158.0</name>
  </wpt>
  <wpt lat="50.744405619906324" lon="3.8700688240863772">
    <name>158.1</name>
  </wpt>
  <wpt lat="50.745144988568335" lon="3.8708596235285353">
    <name>158.2</name>
  </wpt>
  <wpt lat="50.745755268847347" lon="3.871849879739055">
    <name>158.3</name>
  </wpt>
  <wpt lat="50.746283201767405" lon="3.8729968181052805">
    <name>158.4</name>
  </wpt>
  <wpt lat="50.746932734957539" lon="3.8739752440430766">
    <name>158.5</name>
  </wpt>
  <wpt lat="50.747605259630411" lon="3.8749188633043889">
    <name>158.6</name>
  </wpt>
  <wpt lat="50.748407983288637" lon="3.8753511351963996">
    <name>158.7</name>
  </wpt>
  <wpt lat="50.749136670290568" lon="3.8761775159068192">
    <name>158.8</name>
  </wpt>
  <wpt lat="50.749874332670124" lon="3.8769807354608088">
    <name>158.9</name>
  </wpt>
  <wpt lat="50.750472785017116" lon="3.878041503826148">
    <name>159.0</name>
  </wpt>
  <wpt lat="50.751068753764855" lon="3.8791059807215027">
    <name>159.1</name>
  </wpt>
  <wpt lat="50.75171545650138" lon="3.8800679445531379">
    <name>159.2</name>
  </wpt>
  <wpt lat="50.752489282614263" lon="3.880792142333374">
    <name>159.3</name>
  </wpt>
  <wpt lat="50.753263047270671" lon="3.8815162826815452">
    <name>159.4</name>
  </wpt>
  <wpt lat="50.753781398318061" lon="3.8811337210807415">
    <name>159.5</name>
  </wpt>
  <wpt lat="50.754219384928042" lon="3.8799092309038774">
    <name>159.6</name>
  </wpt>
  <wpt lat="50.754757037033812" lon="3.8787699261264872">
    <name>159.7</name>
  </wpt>
  <wpt lat="50.755342024295565" lon="3.877712688516477">
    <name>159.8</name>
  </wpt>
  <wpt lat="50.756031327225294" lon="3.8786257067744097">
    <name>159.9</name>
  </wpt>
  <wpt lat="50.756834040964513" lon="3.87925628097516">
    <name>160.0</name>
  </wpt>
  <wpt lat="50.757605567050653" lon="3.87998111400916">
    <name>160.1</name>
  </wpt>
  <wpt lat="50.758330347247437" lon="3.8808226670962624">
    <name>160.2</name>
  </wpt>
  <wpt lat="50.7590569230486" lon="3.8816604078599939">
    <name>160.3</name>
  </wpt>
  <wpt lat="50.759779014891045" lon="3.8825077262301746">
    <name>160.4</name>
  </wpt>
  <wpt lat="50.760558827380223" lon="3.8831873543864295">
    <name>160.5</name>
  </wpt>
  <wpt lat="50.761392398120933" lon="3.8836948215558627">
    <name>160.6</name>
  </wpt>
  <wpt lat="50.762213949610654" lon="3.8842310581077926">
    <name>160.7</name>
  </wpt>
  <wpt lat="50.762942923822912" lon="3.8849169310253617">
    <name>160.8</name>
  </wpt>
  <wpt lat="50.763632508794238" lon="3.8858280876304434">
    <name>160.9</name>
  </wpt>
  <wpt lat="50.76431635501423" lon="3.8867511008633939">
    <name>161.0</name>
  </wpt>
  <wpt lat="50.765111943925092" lon="3.8874065973301377">
    <name>161.1</name>
  </wpt>
  <wpt lat="50.765881202937187" lon="3.8881402060084311">
    <name>161.2</name>
  </wpt>
  <wpt lat="50.766390089355184" lon="3.8874615851343526">
    <name>161.3</name>
  </wpt>
  <wpt lat="50.767203124461581" lon="3.8869098508260396">
    <name>161.4</name>
  </wpt>
  <wpt lat="50.768090772073968" lon="3.8867085336143536">
    <name>161.5</name>
  </wpt>
  <wpt lat="50.768985688778258" lon="3.8865692435059715">
    <name>161.6</name>
  </wpt>
  <wpt lat="50.769876011667208" lon="3.8863687982952078">
    <name>161.7</name>
  </wpt>
  <wpt lat="50.770774553721374" lon="3.8863460575273967">
    <name>161.8</name>
  </wpt>
  <wpt lat="50.770913203399225" lon="3.8853999217531046">
    <name>161.9</name>
  </wpt>
  <wpt lat="50.770021604412086" lon="3.8855098210450159">
    <name>162.0</name>
  </wpt>
  <wpt lat="50.770820213628042" lon="3.88502531463885">
    <name>162.1</name>
  </wpt>
  <wpt lat="50.771651386516453" lon="3.8846150674777493">
    <name>162.2</name>
  </wpt>
  <wpt lat="50.77250509648465" lon="3.8850457178185591">
    <name>162.3</name>
  </wpt>
  <wpt lat="50.773144709481905" lon="3.8860068504894265">
    <name>162.4</name>
  </wpt>
  <wpt lat="50.773875861747165" lon="3.8868168874719973">
    <name>162.5</name>
  </wpt>
  <wpt lat="50.774179791513724" lon="3.8919596820138698">
    <name>163.33</name>
  </wpt>
  <wpt lat="50.774248637691315" lon="3.8930866211485395">
    <name>163.4</name>
  </wpt>
  <wpt lat="50.774511061125068" lon="3.8944434654146867">
    <name>163.5</name>
  </wpt>
  <wpt lat="50.774708749464523" lon="3.8958292868762947">
    <name>163.6</name>
  </wpt>
  <wpt lat="50.774927539244914" lon="3.8972087006759062">
    <name>163.7</name>
  </wpt>
  <wpt lat="50.775159508939076" lon="3.8985811345036971">
    <name>163.8</name>
  </wpt>
  <wpt lat="50.775705002750456" lon="3.8996934839658657">
    <name>163.9</name>
  </wpt>
  <wpt lat="50.77637261783547" lon="3.9006440709398689">
    <name>164.0</name>
  </wpt>
  <wpt lat="50.776963951668364" lon="3.9017136674073822">
    <name>164.1</name>
  </wpt>
  <wpt lat="50.777532630565922" lon="3.9028154450927484">
    <name>164.2</name>
  </wpt>
  <wpt lat="50.778099082095551" lon="3.9039200704860693">
    <name>164.3</name>
  </wpt>
  <wpt lat="50.778612128675988" lon="3.9050854670563551">
    <name>164.4</name>
  </wpt>
  <wpt lat="50.779229704704356" lon="3.9061018564776151">
    <name>164.5</name>
  </wpt>
  <wpt lat="50.779713638913435" lon="3.9072945855692747">
    <name>164.6</name>
  </wpt>
  <wpt lat="50.7801379969284" lon="3.9085476676364834">
    <name>164.7</name>
  </wpt>
  <wpt lat="50.780638110633348" lon="3.90972557858159">
    <name>164.8</name>
  </wpt>
  <wpt lat="50.781320143252842" lon="3.9106475528559734">
    <name>164.9</name>
  </wpt>
  <wpt lat="50.782120265063888" lon="3.9112009939867178">
    <name>165.0</name>
  </wpt>
  <wpt lat="50.785481366372181" lon="3.916409719975074">
    <name>165.55</name>
  </wpt>
  <wpt lat="50.785746281102234" lon="3.9172578893889165">
    <name>165.6</name>
  </wpt>
  <wpt lat="50.7862372454568" lon="3.918408566460835">
    <name>165.7</name>
  </wpt>
  <wpt lat="50.786854313788055" lon="3.9194433764662495">
    <name>165.8</name>
  </wpt>
  <wpt lat="50.787476421255647" lon="3.9204705289185453">
    <name>165.9</name>
  </wpt>
  <wpt lat="50.788014388417217" lon="3.9216050825397915">
    <name>166.0</name>
  </wpt>
  <wpt lat="50.7887623720975" lon="3.92238794854589">
    <name>166.1</name>
  </wpt>
  <wpt lat="50.789524432677467" lon="3.9231428787268197">
    <name>166.2</name>
  </wpt>
  <wpt lat="50.790184123821909" lon="3.9241004099392898">
    <name>166.3</name>
  </wpt>
  <wpt lat="50.790668313763049" lon="3.9252990765001989">
    <name>166.4</name>
  </wpt>
  <wpt lat="50.791282632472175" lon="3.9263336453443549">
    <name>166.5</name>
  </wpt>
  <wpt lat="50.791747936515677" lon="3.9275438269185585">
    <name>166.6</name>
  </wpt>
  <wpt lat="50.791689548459551" lon="3.9289401001107236">
    <name>166.7</name>
  </wpt>
  <wpt lat="50.791620818128528" lon="3.9303558427472627">
    <name>166.8</name>
  </wpt>
  <wpt lat="50.791659842042669" lon="3.9317768287702215">
    <name>166.9</name>
  </wpt>
  <wpt lat="50.791676453868547" lon="3.9331989553890443">
    <name>167.0</name>
  </wpt>
  <wpt lat="50.791712752142089" lon="3.9346204545170989">
    <name>167.1</name>
  </wpt>
  <wpt lat="50.791751234535909" lon="3.936041660550373">
    <name>167.2</name>
  </wpt>
  <wpt lat="50.79207074102542" lon="3.9373491333588109">
    <name>167.3</name>
  </wpt>
  <wpt lat="50.7924732811464" lon="3.9386213354460051">
    <name>167.4</name>
  </wpt>
  <wpt lat="50.792875821267273" lon="3.9398935484894726">
    <name>167.5</name>
  </wpt>
  <wpt lat="50.79327836138804" lon="3.9411657724895184">
    <name>167.6</name>
  </wpt>
  <wpt lat="50.793535577482032" lon="3.9425173175217583">
    <name>167.7</name>
  </wpt>
  <wpt lat="50.793806260635449" lon="3.9438712228876973">
    <name>167.8</name>
  </wpt>
  <wpt lat="50.794120131549548" lon="3.9452044886012643">
    <name>167.9</name>
  </wpt>
  <wpt lat="50.794446398112896" lon="3.9465299492504364">
    <name>168.0</name>
  </wpt>
  <wpt lat="50.794800800183332" lon="3.9478355134722314">
    <name>168.1</name>
  </wpt>
  <wpt lat="50.795038447531041" lon="3.9492076963528331">
    <name>168.2</name>
  </wpt>
  <wpt lat="50.795032019469538" lon="3.9505909611286647">
    <name>168.3</name>
  </wpt>
  <wpt lat="50.795117389953347" lon="3.9518993848540487">
    <name>168.4</name>
  </wpt>
  <wpt lat="50.795166277341785" lon="3.9533200444764764">
    <name>168.5</name>
  </wpt>
  <wpt lat="50.795234848449695" lon="3.9547375227812966">
    <name>168.6</name>
  </wpt>
  <wpt lat="50.795477286939743" lon="3.9561063289624605">
    <name>168.7</name>
  </wpt>
  <wpt lat="50.7956061472423" lon="3.9575122005925381">
    <name>168.8</name>
  </wpt>
  <wpt lat="50.7959210389654" lon="3.958827382005508">
    <name>168.9</name>
  </wpt>
  <wpt lat="50.796309437919994" lon="3.9601088175516348">
    <name>169.0</name>
  </wpt>
  <wpt lat="50.796653908988148" lon="3.9614226353066195">
    <name>169.1</name>
  </wpt>
  <wpt lat="50.797040388920813" lon="3.9627044308048216">
    <name>169.2</name>
  </wpt>
  <wpt lat="50.797626698085807" lon="3.9637613680877246">
    <name>169.3</name>
  </wpt>
  <wpt lat="50.798470091910872" lon="3.964229942788835">
    <name>169.4</name>
  </wpt>
  <wpt lat="50.799337682887668" lon="3.9646045696638508">
    <name>169.5</name>
  </wpt>
  <wpt lat="50.800202774924593" lon="3.9649930257200827">
    <name>169.6</name>
  </wpt>
  <wpt lat="50.80101842129524" lon="3.9655810218770409">
    <name>169.7</name>
  </wpt>
  <wpt lat="50.801829000207206" lon="3.9661720000000367">
    <name>169.8</name>
  </wpt>
  <wpt lat="50.802633876978561" lon="3.9663976911123293">
    <name>169.9</name>
  </wpt>
  <wpt lat="50.80236943503769" lon="3.9677577186084876">
    <name>170.0</name>
  </wpt>
  <wpt lat="50.802102995757004" lon="3.9691161941810291">
    <name>170.1</name>
  </wpt>
  <wpt lat="50.801436021419306" lon="3.9700478243204018">
    <name>170.2</name>
  </wpt>
  <wpt lat="50.800676508104885" lon="3.970808843290178">
    <name>170.3</name>
  </wpt>
  <wpt lat="50.800039258748662" lon="3.971747151683573">
    <name>170.4</name>
  </wpt>
  <wpt lat="50.800198831067561" lon="3.9730417164657892">
    <name>170.5</name>
  </wpt>
  <wpt lat="50.800632801610611" lon="3.9742880074192581">
    <name>170.6</name>
  </wpt>
  <wpt lat="50.801077709144529" lon="3.9755246188984539">
    <name>170.7</name>
  </wpt>
  <wpt lat="50.801521032791982" lon="3.9767625470229659">
    <name>170.8</name>
  </wpt>
  <wpt lat="50.801661682631" lon="3.97814449393337">
    <name>170.9</name>
  </wpt>
  <wpt lat="50.801914860593477" lon="3.9795063959103452">
    <name>171.0</name>
  </wpt>
  <wpt lat="50.802396328885223" lon="3.9807050927368026">
    <name>171.1</name>
  </wpt>
  <wpt lat="50.8030148782027" lon="3.9816874941718243">
    <name>171.2</name>
  </wpt>
  <wpt lat="50.803818362700468" lon="3.9823267048052617">
    <name>171.3</name>
  </wpt>
  <wpt lat="50.80465841865589" lon="3.9827123796889108">
    <name>171.4</name>
  </wpt>
  <wpt lat="50.80546280528548" lon="3.9831651943643864">
    <name>171.5</name>
  </wpt>
  <wpt lat="50.805836841565316" lon="3.9844359023528906">
    <name>171.6</name>
  </wpt>
  <wpt lat="50.806026009610491" lon="3.985726026343086">
    <name>171.7</name>
  </wpt>
  <wpt lat="50.806713082811569" lon="3.9866138719464939">
    <name>171.8</name>
  </wpt>
  <wpt lat="50.807604389085384" lon="3.9867938733807451">
    <name>171.9</name>
  </wpt>
  <wpt lat="50.808360066370327" lon="3.9874368626892194">
    <name>172.0</name>
  </wpt>
  <wpt lat="50.808710855501808" lon="3.9887442314299082">
    <name>172.1</name>
  </wpt>
  <wpt lat="50.809387319133869" lon="3.9896706401165769">
    <name>172.2</name>
  </wpt>
  <wpt lat="50.809961099496171" lon="3.9907481628855304">
    <name>172.3</name>
  </wpt>
  <wpt lat="50.810573348938753" lon="3.9917786767860717">
    <name>172.4</name>
  </wpt>
  <wpt lat="50.81130939666172" lon="3.9925947072258325">
    <name>172.5</name>
  </wpt>
  <wpt lat="50.812152764984106" lon="3.9928222941043336">
    <name>172.6</name>
  </wpt>
  <wpt lat="50.813043667704626" lon="3.9929332382682015">
    <name>172.7</name>
  </wpt>
  <wpt lat="50.813936864245" lon="3.9927674035935405">
    <name>172.8</name>
  </wpt>
  <wpt lat="50.814696745545142" lon="3.993400160945344">
    <name>172.9</name>
  </wpt>
  <wpt lat="50.815446674673368" lon="3.9941836746650421">
    <name>173.0</name>
  </wpt>
  <wpt lat="50.816107726876155" lon="3.9951416596658227">
    <name>173.1</name>
  </wpt>
  <wpt lat="50.816683905000531" lon="3.9962323314689789">
    <name>173.2</name>
  </wpt>
  <wpt lat="50.817170229150555" lon="3.9974271908632897">
    <name>173.3</name>
  </wpt>
  <wpt lat="50.817619598639844" lon="3.998656031961505">
    <name>173.4</name>
  </wpt>
  <wpt lat="50.818014630775806" lon="3.9998690225594675">
    <name>173.5</name>
  </wpt>
  <wpt lat="50.818839742686691" lon="4.0003717706748834">
    <name>173.6</name>
  </wpt>
  <wpt lat="50.819630858431019" lon="4.0010315179722973">
    <name>173.7</name>
  </wpt>
  <wpt lat="50.820431387601808" lon="4.0016783874523467">
    <name>173.8</name>
  </wpt>
  <wpt lat="50.821057101132332" lon="4.0026827957053941">
    <name>173.9</name>
  </wpt>
  <wpt lat="50.821610614365596" lon="4.0038041861096065">
    <name>174.0</name>
  </wpt>
  <wpt lat="50.822017261272819" lon="4.0050690052760807">
    <name>174.1</name>
  </wpt>
  <wpt lat="50.822379761814005" lon="4.0063718209829231">
    <name>174.2</name>
  </wpt>
  <wpt lat="50.822857580861196" lon="4.0075668906981043">
    <name>174.3</name>
  </wpt>
  <wpt lat="50.823362020709453" lon="4.0087384409186688">
    <name>174.4</name>
  </wpt>
  <wpt lat="50.823769647310371" lon="4.0100074332043283">
    <name>174.5</name>
  </wpt>
  <wpt lat="50.824236832827275" lon="4.0112185065120212">
    <name>174.6</name>
  </wpt>
  <wpt lat="50.824757564772689" lon="4.01237922604815">
    <name>174.7</name>
  </wpt>
  <wpt lat="50.825283968286222" lon="4.01353350164625">
    <name>174.8</name>
  </wpt>
  <wpt lat="50.825806998943172" lon="4.0146916426633412">
    <name>174.9</name>
  </wpt>
  <wpt lat="50.833017978202" lon="4.0242658582431128">
    <name>176.41</name>
  </wpt>
  <wpt lat="50.833042593255406" lon="4.0243525216701634">
    <name>176.4</name>
  </wpt>
  <wpt lat="50.833549857409366" lon="4.0255253270111915">
    <name>176.5</name>
  </wpt>
  <wpt lat="50.83404241107322" lon="4.0267164768771488">
    <name>176.6</name>
  </wpt>
  <wpt lat="50.834686934557091" lon="4.026822157715114">
    <name>176.7</name>
  </wpt>
  <wpt lat="50.835509697192293" lon="4.0262570887068785">
    <name>176.8</name>
  </wpt>
  <wpt lat="50.836087824017625" lon="4.0266266523312009">
    <name>176.9</name>
  </wpt>
  <wpt lat="50.836883338817188" lon="4.0259775500192241">
    <name>177.0</name>
  </wpt>
  <wpt lat="50.837587462938558" lon="4.02509181856013">
    <name>177.1</name>
  </wpt>
  <wpt lat="50.838285711367178" lon="4.0241952010688422">
    <name>177.2</name>
  </wpt>
  <wpt lat="50.83892254496655" lon="4.02318984609891">
    <name>177.3</name>
  </wpt>
  <wpt lat="50.839618773318811" lon="4.0223272266824779">
    <name>177.4</name>
  </wpt>
  <wpt lat="50.84047746979401" lon="4.0219080475434064">
    <name>177.5</name>
  </wpt>
  <wpt lat="50.84133068687467" lon="4.0214654482776773">
    <name>177.6</name>
  </wpt>
  <wpt lat="50.842207945078563" lon="4.0212191984111589">
    <name>177.7</name>
  </wpt>
  <wpt lat="50.843106755100237" lon="4.0211762682932966">
    <name>177.8</name>
  </wpt>
  <wpt lat="50.844004657920138" lon="4.0210965253297353">
    <name>177.9</name>
  </wpt>
  <wpt lat="50.84490347638787" lon="4.0210599999999719">
    <name>178.0</name>
  </wpt>
  <wpt lat="50.845802797993791" lon="4.0210599999999719">
    <name>178.1</name>
  </wpt>
  <wpt lat="50.846701882762019" lon="4.0210808534126912">
    <name>178.2</name>
  </wpt>
  <wpt lat="50.8475925779228" lon="4.0212600683866579">
    <name>178.3</name>
  </wpt>
  <wpt lat="50.8484763347027" lon="4.0215237148065066">
    <name>178.4</name>
  </wpt>
  <wpt lat="50.849367252911094" lon="4.0217120129882709">
    <name>178.5</name>
  </wpt>
  <wpt lat="50.850265122249574" lon="4.0217674357397">
    <name>178.6</name>
  </wpt>
  <wpt lat="50.851164326179145" lon="4.0217454026393007">
    <name>178.7</name>
  </wpt>
  <wpt lat="50.852062696771348" lon="4.0216876464882292">
    <name>178.8</name>
  </wpt>
  <wpt lat="50.852961391815384" lon="4.0216382348994513">
    <name>178.9</name>
  </wpt>
  <wpt lat="50.853860309758169" lon="4.0215957797944286">
    <name>179.0</name>
  </wpt>
  <wpt lat="50.854758764776584" lon="4.0215354659503886">
    <name>179.1</name>
  </wpt>
  <wpt lat="50.855657697556509" lon="4.0214935789183848">
    <name>179.2</name>
  </wpt>
  <wpt lat="50.856556630336456" lon="4.0214516910789779">
    <name>179.3</name>
  </wpt>
  <wpt lat="50.857455563116396" lon="4.0214098024320668">
    <name>179.4</name>
  </wpt>
  <wpt lat="50.858354583029886" lon="4.0213729591266292">
    <name>179.5</name>
  </wpt>
  <wpt lat="50.859253509810188" lon="4.0213362502700054">
    <name>179.6</name>
  </wpt>
  <wpt lat="50.860152287763128" lon="4.0212868549731988">
    <name>179.7</name>
  </wpt>
  <wpt lat="50.861051124243438" lon="4.0212400633994685">
    <name>179.8</name>
  </wpt>
  <wpt lat="50.861941211123693" lon="4.0210583523283256">
    <name>179.9</name>
  </wpt>
  <wpt lat="50.862811553203535" lon="4.02069986682623">
    <name>180.0</name>
  </wpt>
  <wpt lat="50.863677375662085" lon="4.0203149945354539">
    <name>180.1</name>
  </wpt>
  <wpt lat="50.864540675164953" lon="4.0199157644131374">
    <name>180.2</name>
  </wpt>
  <wpt lat="50.865394338731896" lon="4.0194678053272428">
    <name>180.3</name>
  </wpt>
  <wpt lat="50.866244433972341" lon="4.019003232606031">
    <name>180.4</name>
  </wpt>
  <wpt lat="50.867088423494558" lon="4.0185111261376383">
    <name>180.5</name>
  </wpt>
  <wpt lat="50.8679451381328" lon="4.0180792363040343">
    <name>180.6</name>
  </wpt>
  <wpt lat="50.868814588915157" lon="4.0177168400804488">
    <name>180.7</name>
  </wpt>
  <wpt lat="50.869698750063009" lon="4.0174844251778525">
    <name>180.8</name>
  </wpt>
  <wpt lat="50.870591487085072" lon="4.0174695471472051">
    <name>180.9</name>
  </wpt>
  <wpt lat="50.871264251402494" lon="4.0182643128294959">
    <name>181.0</name>
  </wpt>
  <wpt lat="50.8720998884325" lon="4.0185058990365743">
    <name>181.1</name>
  </wpt>
  <wpt lat="50.875572188329208" lon="4.0205521970028437">
    <name>181.55</name>
  </wpt>
  <wpt lat="50.876094820866747" lon="4.0202850104881325">
    <name>181.6</name>
  </wpt>
  <wpt lat="50.876974755822516" lon="4.0200112590687711">
    <name>181.7</name>
  </wpt>
  <wpt lat="50.877870744263511" lon="4.0198886616102518">
    <name>181.8</name>
  </wpt>
  <wpt lat="50.878765359177258" lon="4.0197531640943014">
    <name>181.9</name>
  </wpt>
  <wpt lat="50.879627007040781" lon="4.01982600690738">
    <name>182.0</name>
  </wpt>
  <wpt lat="50.880199766492211" lon="4.0209179790337535">
    <name>182.1</name>
  </wpt>
  <wpt lat="50.8808224135637" lon="4.0219336588040555">
    <name>182.2</name>
  </wpt>
  <wpt lat="50.881547175022696" lon="4.0227775667291645">
    <name>182.3</name>
  </wpt>
  <wpt lat="50.882217908823641" lon="4.0227388841718525">
    <name>182.4</name>
  </wpt>
  <wpt lat="50.882964491874958" lon="4.0219813652967558">
    <name>182.5</name>
  </wpt>
  <wpt lat="50.883792517506684" lon="4.0214251266322485">
    <name>182.6</name>
  </wpt>
  <wpt lat="50.884650704823386" lon="4.0210805354044483">
    <name>182.7</name>
  </wpt>
  <wpt lat="50.88554610241578" lon="4.0212119270714206">
    <name>182.8</name>
  </wpt>
  <wpt lat="50.886405503909529" lon="4.020936153068841">
    <name>182.9</name>
  </wpt>
  <wpt lat="50.887077343327896" lon="4.0218548011001056">
    <name>183.0</name>
  </wpt>
  <wpt lat="50.887910660875775" lon="4.0221222971183073">
    <name>183.1</name>
  </wpt>
  <wpt lat="50.888800501149689" lon="4.0219167998914855">
    <name>183.2</name>
  </wpt>
  <wpt lat="50.889691825182915" lon="4.0220393191308528">
    <name>183.3</name>
  </wpt>
  <wpt lat="50.890578366049368" lon="4.0222788182005456">
    <name>183.4</name>
  </wpt>
  <wpt lat="50.891467107632778" lon="4.0224964440045694">
    <name>183.5</name>
  </wpt>
  <wpt lat="50.892345796828387" lon="4.0227979685630659">
    <name>183.6</name>
  </wpt>
  <wpt lat="50.893221833934547" lon="4.0231203002144138">
    <name>183.7</name>
  </wpt>
  <wpt lat="50.894012216553257" lon="4.0237349663483979">
    <name>183.8</name>
  </wpt>
  <wpt lat="50.894591698648981" lon="4.0248182257582359">
    <name>183.9</name>
  </wpt>
  <wpt lat="50.894978755150063" lon="4.0260947308037123">
    <name>184.0</name>
  </wpt>
  <wpt lat="50.895796867153763" lon="4.0265143712286537">
    <name>184.1</name>
  </wpt>
  <wpt lat="50.896619205251511" lon="4.0259409580959726">
    <name>184.2</name>
  </wpt>
  <wpt lat="50.897429103338027" lon="4.0253282867170332">
    <name>184.3</name>
  </wpt>
  <wpt lat="50.898083143714956" lon="4.0243547175654193">
    <name>184.4</name>
  </wpt>
  <wpt lat="50.898921885824826" lon="4.0245746589324334">
    <name>184.5</name>
  </wpt>
  <wpt lat="50.899785028021391" lon="4.0249750444947967">
    <name>184.6</name>
  </wpt>
  <wpt lat="50.900660997417717" lon="4.0252924745874221">
    <name>184.7</name>
  </wpt>
  <wpt lat="50.901552255416242" lon="4.0254764550733855">
    <name>184.8</name>
  </wpt>
  <wpt lat="50.902441511027632" lon="4.0256859801736882">
    <name>184.9</name>
  </wpt>
  <wpt lat="50.903332982676673" lon="4.0258255964854577">
    <name>185.0</name>
  </wpt>
  <wpt lat="50.904226664768188" lon="4.0259298999533293">
    <name>185.1</name>
  </wpt>
  <wpt lat="50.905034687316004" lon="4.0262932930369475">
    <name>185.2</name>
  </wpt>
  <wpt lat="50.905797665361078" lon="4.0268971662171351">
    <name>185.3</name>
  </wpt>
  <wpt lat="50.906685985788151" lon="4.0271195502611361">
    <name>185.4</name>
  </wpt>
  <wpt lat="50.907572606191962" lon="4.0273569021104763">
    <name>185.5</name>
  </wpt>
  <wpt lat="50.908464417702945" lon="4.0275400359315627">
    <name>185.6</name>
  </wpt>
  <wpt lat="50.909358437220384" lon="4.0276909999999573">
    <name>185.7</name>
  </wpt>
  <wpt lat="50.910172734037715" lon="4.0281801677170428">
    <name>185.8</name>
  </wpt>
  <wpt lat="50.910985825017242" lon="4.0287754704874645">
    <name>185.9</name>
  </wpt>
  <wpt lat="50.91170333971197" lon="4.02963511573149">
    <name>186.0</name>
  </wpt>
  <wpt lat="50.91242429777855" lon="4.030487697903486">
    <name>186.1</name>
  </wpt>
  <wpt lat="50.913109762042133" lon="4.0313914492084475">
    <name>186.2</name>
  </wpt>
  <wpt lat="50.913464797974051" lon="4.0324044516389108">
    <name>186.3</name>
  </wpt>
  <wpt lat="50.913851877923648" lon="4.0334365289483829">
    <name>186.4</name>
  </wpt>
  <wpt lat="50.913952978958889" lon="4.03485334566699">
    <name>186.5</name>
  </wpt>
  <wpt lat="50.91445256367787" lon="4.0360097563193369">
    <name>186.6</name>
  </wpt>
  <wpt lat="50.915214166213083" lon="4.0367661661456014">
    <name>186.7</name>
  </wpt>
  <wpt lat="50.915923339131147" lon="4.0376301348623329">
    <name>186.8</name>
  </wpt>
  <wpt lat="50.916650789157451" lon="4.038411357600709">
    <name>186.9</name>
  </wpt>
  <wpt lat="50.916658848002342" lon="4.0398000766564328">
    <name>187.0</name>
  </wpt>
  <wpt lat="50.916138000011586" lon="4.0407975722319884">
    <name>187.1</name>
  </wpt>
  <wpt lat="50.915811579285396" lon="4.0420978414424322">
    <name>187.2</name>
  </wpt>
  <wpt lat="50.915541397555913" lon="4.043427853555019">
    <name>187.3</name>
  </wpt>
  <wpt lat="50.915140664065547" lon="4.044667705931805">
    <name>187.4</name>
  </wpt>
  <wpt lat="50.915323437349684" lon="4.0458041408612209">
    <name>187.5</name>
  </wpt>
  <wpt lat="50.915939475912396" lon="4.045816509862302">
    <name>187.6</name>
  </wpt>
  <wpt lat="50.916393912398235" lon="4.0470474562315424">
    <name>187.7</name>
  </wpt>
  <wpt lat="50.916784246300011" lon="4.04832535955501">
    <name>187.8</name>
  </wpt>
  <wpt lat="50.9170409712625" lon="4.0496918764764223">
    <name>187.9</name>
  </wpt>
  <wpt lat="50.91763951727485" lon="4.0507454729920136">
    <name>188.0</name>
  </wpt>
  <wpt lat="50.918189009373521" lon="4.0518572417722218">
    <name>188.1</name>
  </wpt>
  <wpt lat="50.918573084364382" lon="4.0531458397558939">
    <name>188.2</name>
  </wpt>
  <wpt lat="50.919094244811077" lon="4.054306723062906">
    <name>188.3</name>
  </wpt>
  <wpt lat="50.926262797751036" lon="4.0514571462260651">
    <name>189.21</name>
  </wpt>
  <wpt lat="50.926277160277415" lon="4.0514664266248959">
    <name>189.2</name>
  </wpt>
  <wpt lat="50.927069469468428" lon="4.0511608517896">
    <name>189.3</name>
  </wpt>
  <wpt lat="50.927964022831247" lon="4.0510142072547053">
    <name>189.4</name>
  </wpt>
  <wpt lat="50.928800336798666" lon="4.0505650704179619">
    <name>189.5</name>
  </wpt>
  <wpt lat="50.929496410138732" lon="4.0497566030927628">
    <name>189.6</name>
  </wpt>
  <wpt lat="50.930288149492277" lon="4.0491206288696366">
    <name>189.7</name>
  </wpt>
  <wpt lat="50.931166935370634" lon="4.0488190839157951">
    <name>189.8</name>
  </wpt>
  <wpt lat="50.932044457125919" lon="4.0485849086214731">
    <name>189.9</name>
  </wpt>
  <wpt lat="50.932890957417285" lon="4.0481574449946294">
    <name>190.0</name>
  </wpt>
  <wpt lat="50.933604819426286" lon="4.0472896563503022">
    <name>190.1</name>
  </wpt>
  <wpt lat="50.934414135664326" lon="4.0466714522933938">
    <name>190.2</name>
  </wpt>
  <wpt lat="50.935131684784913" lon="4.045846715478258">
    <name>190.3</name>
  </wpt>
  <wpt lat="50.935776879416153" lon="4.0454560100463279">
    <name>190.4</name>
  </wpt>
  <wpt lat="50.936639114384377" lon="4.0452386621253824">
    <name>190.5</name>
  </wpt>
  <wpt lat="50.937074910410594" lon="4.0439947370443576">
    <name>190.6</name>
  </wpt>
  <wpt lat="50.937743329682959" lon="4.0431907952107249">
    <name>190.7</name>
  </wpt>
  <wpt lat="50.93863257497889" lon="4.0432340540461906">
    <name>190.8</name>
  </wpt>
  <wpt lat="50.939466603156212" lon="4.0436305112183453">
    <name>190.9</name>
  </wpt>
  <wpt lat="50.940149857098611" lon="4.0429033565030883">
    <name>191.0</name>
  </wpt>
  <wpt lat="50.940837632810883" lon="4.0427239505576269">
    <name>191.1</name>
  </wpt>
  <wpt lat="50.941440413146694" lon="4.0436085664094312">
    <name>191.2</name>
  </wpt>
  <wpt lat="50.941946889977459" lon="4.044443990190068">
    <name>191.3</name>
  </wpt>
  <wpt lat="50.942390939780395" lon="4.0454820018616173">
    <name>191.4</name>
  </wpt>
  <wpt lat="50.942053324611912" lon="4.0467002816438491">
    <name>191.5</name>
  </wpt>
  <wpt lat="50.941473457367564" lon="4.0477911653330141">
    <name>191.6</name>
  </wpt>
  <wpt lat="50.941579528234065" lon="4.0491591924615831">
    <name>191.7</name>
  </wpt>
  <wpt lat="50.941706910764147" lon="4.0505617322417073">
    <name>191.8</name>
  </wpt>
  <wpt lat="50.942110908684214" lon="4.0518356514756677">
    <name>191.9</name>
  </wpt>
  <wpt lat="50.942428186784724" lon="4.0531669581293777">
    <name>192.0</name>
  </wpt>
  <wpt lat="50.942672459970048" lon="4.05452541086859">
    <name>192.1</name>
  </wpt>
  <wpt lat="50.942789942826963" lon="4.0559015196411634">
    <name>192.2</name>
  </wpt>
  <wpt lat="50.943051700806038" lon="4.0572398921786155">
    <name>192.3</name>
  </wpt>
  <wpt lat="50.943177329375835" lon="4.0576190446695692">
    <name>192.90</name>
  </wpt>
  <wpt lat="50.943256220344914" lon="4.0578151692817288">
    <name>192.9</name>
  </wpt>
  <wpt lat="50.94352511096519" lon="4.0591371671072327">
    <name>193.0</name>
  </wpt>
  <wpt lat="50.943658257337482" lon="4.0605455263305483">
    <name>193.1</name>
  </wpt>
  <wpt lat="50.943913470011736" lon="4.0619108794148424">
    <name>193.2</name>
  </wpt>
  <wpt lat="50.944266349104183" lon="4.0632236710055372">
    <name>193.3</name>
  </wpt>
  <wpt lat="50.9446216123826" lon="4.0645349087541049">
    <name>193.4</name>
  </wpt>
  <wpt lat="50.944784000398563" lon="4.0659226715997265">
    <name>193.5</name>
  </wpt>
  <wpt lat="50.944758813109274" lon="4.0673444530749334">
    <name>193.6</name>
  </wpt>
  <wpt lat="50.944797727313606" lon="4.0687662047786208">
    <name>193.7</name>
  </wpt>
  <wpt lat="50.944902932181613" lon="4.0701836997951446">
    <name>193.8</name>
  </wpt>
  <wpt lat="50.9450738672708" lon="4.0715824042419833">
    <name>193.9</name>
  </wpt>
  <wpt lat="50.945274994685988" lon="4.0729628938777012">
    <name>194.0</name>
  </wpt>
  <wpt lat="50.945459333078809" lon="4.074353944799582">
    <name>194.1</name>
  </wpt>
  <wpt lat="50.945709656874719" lon="4.0757050124106158">
    <name>194.2</name>
  </wpt>
  <wpt lat="50.945958186303343" lon="4.077075868186915">
    <name>194.3</name>
  </wpt>
  <wpt lat="50.946065981630206" lon="4.07847192602245">
    <name>194.4</name>
  </wpt>
  <wpt lat="50.946735675237953" lon="4.0789091664887422">
    <name>194.5</name>
  </wpt>
  <wpt lat="50.947571469078319" lon="4.0792307695363847">
    <name>194.6</name>
  </wpt>
  <wpt lat="50.948204149474726" lon="4.0802449895231794">
    <name>194.7</name>
  </wpt>
  <wpt lat="50.948839707406627" lon="4.0812548354347946">
    <name>194.8</name>
  </wpt>
  <wpt lat="50.949475360424614" lon="4.0822560809517983">
    <name>194.9</name>
  </wpt>
  <wpt lat="50.949796012547907" lon="4.0835861317208986">
    <name>195.0</name>
  </wpt>
  <wpt lat="50.950185535640827" lon="4.0848435192309873">
    <name>195.1</name>
  </wpt>
  <wpt lat="50.950517516819062" lon="4.0861346769007421">
    <name>195.2</name>
  </wpt>
  <wpt lat="50.950679611010614" lon="4.0875357973496378">
    <name>195.3</name>
  </wpt>
  <wpt lat="50.951312931770971" lon="4.0884775162060176">
    <name>195.4</name>
  </wpt>
  <wpt lat="50.952129506720254" lon="4.0890675066179858">
    <name>195.5</name>
  </wpt>
  <wpt lat="50.952721137385105" lon="4.0901275082019719">
    <name>195.6</name>
  </wpt>
  <wpt lat="50.952817604186706" lon="4.0915057337209095">
    <name>195.7</name>
  </wpt>
  <wpt lat="50.953096565533258" lon="4.0928093900908973">
    <name>195.8</name>
  </wpt>
  <wpt lat="50.952410145613335" lon="4.09368062772119">
    <name>195.9</name>
  </wpt>
  <wpt lat="50.9517076818771" lon="4.0945719820685538">
    <name>196.0</name>
  </wpt>
  <wpt lat="50.95102692772609" lon="4.0955008914877649">
    <name>196.1</name>
  </wpt>
  <wpt lat="50.9504336294975" lon="4.0965716040870284">
    <name>196.2</name>
  </wpt>
  <wpt lat="50.949862038716496" lon="4.0976733542402917">
    <name>196.3</name>
  </wpt>
  <wpt lat="50.9495762538848" lon="4.1002996959566973">
    <name>196.54</name>
  </wpt>
  <wpt lat="50.95002906863494" lon="4.1011012434273422">
    <name>196.6</name>
  </wpt>
  <wpt lat="50.95057301691967" lon="4.1022379986612094">
    <name>196.7</name>
  </wpt>
  <wpt lat="50.951025116569816" lon="4.1034431732452212">
    <name>196.8</name>
  </wpt>
  <wpt lat="50.951391255139868" lon="4.10474175349645">
    <name>196.9</name>
  </wpt>
  <wpt lat="50.951415986650865" lon="4.1059227050005358">
    <name>197.0</name>
  </wpt>
  <wpt lat="50.950819227469516" lon="4.1069903574079927">
    <name>197.1</name>
  </wpt>
  <wpt lat="50.950279626246925" lon="4.1081302361210046">
    <name>197.2</name>
  </wpt>
  <wpt lat="50.949771288865662" lon="4.1092999573415652">
    <name>197.3</name>
  </wpt>
  <wpt lat="50.9493154277862" lon="4.1105218487875526">
    <name>197.4</name>
  </wpt>
  <wpt lat="50.948789540213546" lon="4.1116679701010339">
    <name>197.5</name>
  </wpt>
  <wpt lat="50.948155910005084" lon="4.1126765085992876">
    <name>197.6</name>
  </wpt>
  <wpt lat="50.94798139906888" lon="4.1139041833025063">
    <name>197.7</name>
  </wpt>
  <wpt lat="50.948280468644768" lon="4.115247726504955">
    <name>197.8</name>
  </wpt>
  <wpt lat="50.948614981661429" lon="4.1165725999065863">
    <name>197.9</name>
  </wpt>
  <wpt lat="50.948885333624929" lon="4.1179324996955868">
    <name>198.0</name>
  </wpt>
  <wpt lat="50.949159409634468" lon="4.1192920420574133">
    <name>198.1</name>
  </wpt>
  <wpt lat="50.949425319984861" lon="4.1206556925231039">
    <name>198.2</name>
  </wpt>
  <wpt lat="50.949664923026596" lon="4.1220186103229359">
    <name>198.3</name>
  </wpt>
  <wpt lat="50.949966310072085" lon="4.123361542634262">
    <name>198.4</name>
  </wpt>
  <wpt lat="50.950235637307067" lon="4.1247235233011112">
    <name>198.5</name>
  </wpt>
  <wpt lat="50.950450275682051" lon="4.1261068894356736">
    <name>198.6</name>
  </wpt>
  <wpt lat="50.950684736915008" lon="4.127482203995755">
    <name>198.7</name>
  </wpt>
  <wpt lat="50.95076106829972" lon="4.1288994395169789">
    <name>198.8</name>
  </wpt>
  <wpt lat="50.950763838187328" lon="4.1303242077615225">
    <name>198.9</name>
  </wpt>
  <wpt lat="50.95099507295356" lon="4.1316986996053355">
    <name>199.0</name>
  </wpt>
  <wpt lat="50.951027635527019" lon="4.13303783718649">
    <name>199.1</name>
  </wpt>
  <wpt lat="50.951589484665476" lon="4.1341520123192073">
    <name>199.2</name>
  </wpt>
  <wpt lat="50.951440647315778" lon="4.1353877137537731">
    <name>199.3</name>
  </wpt>
  <wpt lat="50.951210471657426" lon="4.1366869636665662">
    <name>199.4</name>
  </wpt>
  <wpt lat="50.951617567290761" lon="4.1379471413001836">
    <name>199.5</name>
  </wpt>
  <wpt lat="50.952257100591837" lon="4.1389502767470532">
    <name>199.6</name>
  </wpt>
  <wpt lat="50.952985593721117" lon="4.1397843781334567">
    <name>199.7</name>
  </wpt>
  <wpt lat="50.953683472714118" lon="4.1406775509917129">
    <name>199.8</name>
  </wpt>
  <wpt lat="50.954449925778647" lon="4.1414113341152374">
    <name>199.9</name>
  </wpt>
  <wpt lat="50.95511652428457" lon="4.1421060970079138">
    <name>200.0</name>
  </wpt>
  <wpt lat="50.955691216564361" lon="4.1431664161326776">
    <name>200.1</name>
  </wpt>
  <wpt lat="50.956455498752149" lon="4.1439082293618883">
    <name>200.2</name>
  </wpt>
  <wpt lat="50.957293396399763" lon="4.1443730377810315">
    <name>200.3</name>
  </wpt>
  <wpt lat="50.958116200797178" lon="4.1449430073234943">
    <name>200.4</name>
  </wpt>
  <wpt lat="50.958613852840536" lon="4.1460939315579965">
    <name>200.5</name>
  </wpt>
  <wpt lat="50.958976642186194" lon="4.1474003670785491">
    <name>200.6</name>
  </wpt>
  <wpt lat="50.959348835897707" lon="4.1487000669738769">
    <name>200.7</name>
  </wpt>
  <wpt lat="50.959716094396363" lon="4.1500033158100811">
    <name>200.8</name>
  </wpt>
  <wpt lat="50.960090802217685" lon="4.1513012647144878">
    <name>200.9</name>
  </wpt>
  <wpt lat="50.960488050423635" lon="4.1525808510589481">
    <name>201.0</name>
  </wpt>
  <wpt lat="50.961009330404544" lon="4.1537395221618372">
    <name>201.1</name>
  </wpt>
  <wpt lat="50.961612280678587" lon="4.1547989176903641">
    <name>201.2</name>
  </wpt>
  <wpt lat="50.961416447084076" lon="4.1557702123844775">
    <name>201.3</name>
  </wpt>
  <wpt lat="50.962054735675608" lon="4.1565394694183455">
    <name>201.4</name>
  </wpt>
  <wpt lat="50.962611840991862" lon="4.1576570114332219">
    <name>201.5</name>
  </wpt>
  <wpt lat="50.963353484583735" lon="4.1584567189843318">
    <name>201.6</name>
  </wpt>
  <wpt lat="50.964141520275277" lon="4.1591435198495423">
    <name>201.7</name>
  </wpt>
  <wpt lat="50.964865119329268" lon="4.1599901738577261">
    <name>201.8</name>
  </wpt>
  <wpt lat="50.965484253095362" lon="4.1610077813944839">
    <name>201.9</name>
  </wpt>
  <wpt lat="50.966199835555834" lon="4.1618458355518548">
    <name>202.0</name>
  </wpt>
  <wpt lat="50.9668035849447" lon="4.16286638526586">
    <name>202.1</name>
  </wpt>
  <wpt lat="50.967133351788661" lon="4.1641767291615182">
    <name>202.2</name>
  </wpt>
  <wpt lat="50.967381468244589" lon="4.1655465485999246">
    <name>202.3</name>
  </wpt>
  <wpt lat="50.967691676695921" lon="4.1668868269348005">
    <name>202.4</name>
  </wpt>
  <wpt lat="50.968150877410693" lon="4.1676757717605124">
    <name>202.5</name>
  </wpt>
  <wpt lat="50.9689065532478" lon="4.1669469898758207">
    <name>202.6</name>
  </wpt>
  <wpt lat="50.969769131081321" lon="4.1665805100393554">
    <name>202.7</name>
  </wpt>
  <wpt lat="50.970567500299012" lon="4.1664931090744464">
    <name>202.8</name>
  </wpt>
  <wpt lat="50.971096752633457" lon="4.1676469447581708">
    <name>202.9</name>
  </wpt>
  <wpt lat="50.972503179618926" lon="4.1692367473611691">
    <name>203.14</name>
  </wpt>
  <wpt lat="50.973005440197134" lon="4.169938480626497">
    <name>203.2</name>
  </wpt>
  <wpt lat="50.973653299006848" lon="4.170871389193743">
    <name>203.3</name>
  </wpt>
  <wpt lat="50.97419723544386" lon="4.1697922330686934">
    <name>203.4</name>
  </wpt>
  <wpt lat="50.974963846708476" lon="4.1690455188247615">
    <name>203.5</name>
  </wpt>
  <wpt lat="50.975744363328879" lon="4.1683366012514771">
    <name>203.6</name>
  </wpt>
  <wpt lat="50.97659710179807" lon="4.1679289648208506">
    <name>203.7</name>
  </wpt>
  <wpt lat="50.977487287439644" lon="4.1677258894197076">
    <name>203.8</name>
  </wpt>
  <wpt lat="50.978262672093905" lon="4.1683334154288811">
    <name>203.9</name>
  </wpt>
  <wpt lat="50.979077350571664" lon="4.1689362318577157">
    <name>204.0</name>
  </wpt>
  <wpt lat="50.979920410321874" lon="4.169424495152577">
    <name>204.1</name>
  </wpt>
  <wpt lat="50.980761711797342" lon="4.1698838432349321">
    <name>204.2</name>
  </wpt>
  <wpt lat="50.981427125930004" lon="4.1708418444155253">
    <name>204.3</name>
  </wpt>
  <wpt lat="50.982106641142728" lon="4.1712357728163854">
    <name>204.4</name>
  </wpt>
  <wpt lat="50.982879345354341" lon="4.170504915580783">
    <name>204.5</name>
  </wpt>
  <wpt lat="50.983761634629417" lon="4.1706079092522685">
    <name>204.6</name>
  </wpt>
  <wpt lat="50.984610730014914" lon="4.1701834785500544">
    <name>204.7</name>
  </wpt>
  <wpt lat="50.985486728477291" lon="4.1698681204904871">
    <name>204.8</name>
  </wpt>
  <wpt lat="50.986122760963504" lon="4.1689327338623032">
    <name>204.9</name>
  </wpt>
  <wpt lat="50.986878516167231" lon="4.1681584519733992">
    <name>205.0</name>
  </wpt>
  <wpt lat="50.987750628745538" lon="4.1678682730276808">
    <name>205.1</name>
  </wpt>
  <wpt lat="50.988628957566718" lon="4.167930781704011">
    <name>205.2</name>
  </wpt>
  <wpt lat="50.988985845143347" lon="4.1692322937065782">
    <name>205.3</name>
  </wpt>
  <wpt lat="50.989596575762612" lon="4.1702789355550456">
    <name>205.4</name>
  </wpt>
  <wpt lat="50.990216070568778" lon="4.1713145445633257">
    <name>205.5</name>
  </wpt>
  <wpt lat="50.990867837044291" lon="4.1722958864114661">
    <name>205.6</name>
  </wpt>
  <wpt lat="50.991643508783724" lon="4.1730047333550626">
    <name>205.7</name>
  </wpt>
  <wpt lat="50.992433551701929" lon="4.1725356486262086">
    <name>205.8</name>
  </wpt>
  <wpt lat="50.993128944140551" lon="4.1723809415137421">
    <name>205.9</name>
  </wpt>
  <wpt lat="50.993872640015461" lon="4.1731825736211352">
    <name>206.0</name>
  </wpt>
  <wpt lat="50.994523796653056" lon="4.1741632302452825">
    <name>206.1</name>
  </wpt>
  <wpt lat="50.995140597930039" lon="4.1751985767084943">
    <name>206.2</name>
  </wpt>
  <wpt lat="50.995780833926943" lon="4.17620123283875">
    <name>206.3</name>
  </wpt>
  <wpt lat="50.996474558017113" lon="4.1771070328936837">
    <name>206.4</name>
  </wpt>
  <wpt lat="50.997194275201139" lon="4.1771362255050093">
    <name>206.5</name>
  </wpt>
  <wpt lat="50.9979527288009" lon="4.1763723574844231">
    <name>206.6</name>
  </wpt>
  <wpt lat="50.998611882750637" lon="4.1762895359226526">
    <name>206.7</name>
  </wpt>
  <wpt lat="50.999896773017866" lon="4.1756335354928975">
    <name>206.90</name>
  </wpt>
  <wpt lat="50.9998567389682" lon="4.175499856887825">
    <name>206.9</name>
  </wpt>
  <wpt lat="50.999864742372459" lon="4.1744333826453506">
    <name>207.0</name>
  </wpt>
  <wpt lat="51.000477317844869" lon="4.1733930717620176">
    <name>207.1</name>
  </wpt>
  <wpt lat="51.001166830258853" lon="4.1724762892591984">
    <name>207.2</name>
  </wpt>
  <wpt lat="51.001836027295013" lon="4.1715240963058884">
    <name>207.3</name>
  </wpt>
  <wpt lat="51.002557006647486" lon="4.1706699458553036">
    <name>207.4</name>
  </wpt>
  <wpt lat="51.003272597029273" lon="4.16980776380809">
    <name>207.5</name>
  </wpt>
  <wpt lat="51.003984284170166" lon="4.1689355543207922">
    <name>207.6</name>
  </wpt>
  <wpt lat="51.0047735225498" lon="4.1682738152383116">
    <name>207.7</name>
  </wpt>
  <wpt lat="51.005607883085418" lon="4.1677611373560675">
    <name>207.8</name>
  </wpt>
  <wpt lat="51.006024000019" lon="4.16656621903824">
    <name>207.9</name>
  </wpt>
  <wpt lat="51.005773667329692" lon="4.1652058700562966">
    <name>208.0</name>
  </wpt>
  <wpt lat="51.005609444547979" lon="4.16382837504095">
    <name>208.1</name>
  </wpt>
  <wpt lat="51.005246723349281" lon="4.1625219323903577">
    <name>208.2</name>
  </wpt>
  <wpt lat="51.00488153886095" lon="4.1612159022285988">
    <name>208.3</name>
  </wpt>
  <wpt lat="51.004500866596217" lon="4.1599212603883107">
    <name>208.4</name>
  </wpt>
  <wpt lat="51.004207212188412" lon="4.1586026966684582">
    <name>208.5</name>
  </wpt>
  <wpt lat="51.0047531657023" lon="4.15747972003654">
    <name>208.6</name>
  </wpt>
  <wpt lat="51.005330196735535" lon="4.1563848519296345">
    <name>208.7</name>
  </wpt>
  <wpt lat="51.005858763713071" lon="4.1552285601679486">
    <name>208.8</name>
  </wpt>
  <wpt lat="51.006408355524329" lon="4.1540973731516191">
    <name>208.9</name>
  </wpt>
  <wpt lat="51.006892737332947" lon="4.1528973826369375">
    <name>209.0</name>
  </wpt>
  <wpt lat="51.007271901676468" lon="4.1516073514687619">
    <name>209.1</name>
  </wpt>
  <wpt lat="51.007820197745446" lon="4.150477802316062">
    <name>209.2</name>
  </wpt>
  <wpt lat="51.008642517646081" lon="4.1499101538128427">
    <name>209.3</name>
  </wpt>
  <wpt lat="51.00949805781071" lon="4.1494827293018339">
    <name>209.4</name>
  </wpt>
  <wpt lat="51.010392250133009" lon="4.1494703086998408">
    <name>209.5</name>
  </wpt>
  <wpt lat="51.0112764842049" lon="4.1496592990420575">
    <name>209.6</name>
  </wpt>
  <wpt lat="51.012171418465172" lon="4.1495347694384">
    <name>209.7</name>
  </wpt>
  <wpt lat="51.013068891905561" lon="4.1494660072569287">
    <name>209.8</name>
  </wpt>
  <wpt lat="51.013930034504341" lon="4.1490781925246889">
    <name>209.9</name>
  </wpt>
  <wpt lat="51.01463958136155" lon="4.1482411190844841">
    <name>210.0</name>
  </wpt>
  <wpt lat="51.015002966588462" lon="4.1469335216060381">
    <name>210.1</name>
  </wpt>
  <wpt lat="51.015347340276954" lon="4.1456301670688571">
    <name>210.2</name>
  </wpt>
  <wpt lat="51.015420175889147" lon="4.1444559342200815">
    <name>210.3</name>
  </wpt>
  <wpt lat="51.0157757066531" lon="4.143143149390788">
    <name>210.4</name>
  </wpt>
  <wpt lat="51.016158022694974" lon="4.14184922788568">
    <name>210.5</name>
  </wpt>
  <wpt lat="51.016524400673852" lon="4.1405442064599924">
    <name>210.6</name>
  </wpt>
  <wpt lat="51.016940663200039" lon="4.1392789547311608">
    <name>210.7</name>
  </wpt>
  <wpt lat="51.017503339714011" lon="4.1381681494542439">
    <name>210.8</name>
  </wpt>
  <wpt lat="51.018061944236656" lon="4.1370545190859147">
    <name>210.9</name>
  </wpt>
  <wpt lat="51.018541530257657" lon="4.1358504671699219">
    <name>211.0</name>
  </wpt>
  <wpt lat="51.018919657774518" lon="4.1345540732309631">
    <name>211.1</name>
  </wpt>
  <wpt lat="51.019399199685687" lon="4.1333466312950637">
    <name>211.2</name>
  </wpt>
  <wpt lat="51.019934743497437" lon="4.1321983082483538">
    <name>211.3</name>
  </wpt>
  <wpt lat="51.020509041081908" lon="4.1310985513832126">
    <name>211.4</name>
  </wpt>
  <wpt lat="51.02108688417097" lon="4.1300049338747842">
    <name>211.5</name>
  </wpt>
  <wpt lat="51.021339760432227" lon="4.1286663623572517">
    <name>211.6</name>
  </wpt>
  <wpt lat="51.021377731438974" lon="4.1272489869032238">
    <name>211.7</name>
  </wpt>
  <wpt lat="51.021005138102829" lon="4.1259546003420917">
    <name>211.8</name>
  </wpt>
  <wpt lat="51.020522354725891" lon="4.1247484640564585">
    <name>211.9</name>
  </wpt>
  <wpt lat="51.020039712645705" lon="4.1235421316707486">
    <name>212.0</name>
  </wpt>
  <wpt lat="51.0203270709141" lon="4.1222685039917728">
    <name>212.1</name>
  </wpt>
  <wpt lat="51.020732938667507" lon="4.120994727956969">
    <name>212.2</name>
  </wpt>
  <wpt lat="51.021149180516566" lon="4.11973345652907">
    <name>212.3</name>
  </wpt>
  <wpt lat="51.021777417991956" lon="4.114181009555625">
    <name>212.73</name>
  </wpt>
  <wpt lat="51.021827117253679" lon="4.1130155600858442">
    <name>212.8</name>
  </wpt>
  <wpt lat="51.021878367219522" lon="4.1115908573316196">
    <name>212.9</name>
  </wpt>
  <wpt lat="51.022239114819151" lon="4.1102901815114317">
    <name>213.0</name>
  </wpt>
  <wpt lat="51.022594789841108" lon="4.1089770213137866">
    <name>213.1</name>
  </wpt>
  <wpt lat="51.022993011492055" lon="4.1076962585616386">
    <name>213.2</name>
  </wpt>
  <wpt lat="51.023011440260127" lon="4.1063674605055507">
    <name>213.3</name>
  </wpt>
  <wpt lat="51.022474263904805" lon="4.106763709295091">
    <name>213.4</name>
  </wpt>
  <wpt lat="51.022596927697009" lon="4.1059928688568323">
    <name>213.5</name>
  </wpt>
  <wpt lat="51.023189426810838" lon="4.1049558322098152">
    <name>213.6</name>
  </wpt>
  <wpt lat="51.023934881163207" lon="4.1041584189785425">
    <name>213.7</name>
  </wpt>
  <wpt lat="51.02462498365189" lon="4.1032417748500043">
    <name>213.8</name>
  </wpt>
  <wpt lat="51.025331737271379" lon="4.1023631181154752">
    <name>213.9</name>
  </wpt>
  <wpt lat="51.025710724469512" lon="4.10166416783305">
    <name>214.0</name>
  </wpt>
  <wpt lat="51.026472568785479" lon="4.1009054312859021">
    <name>214.1</name>
  </wpt>
  <wpt lat="51.027244727674976" lon="4.10018180564603">
    <name>214.2</name>
  </wpt>
  <wpt lat="51.027655346404153" lon="4.0992303203953471">
    <name>214.3</name>
  </wpt>
  <wpt lat="51.027096836553447" lon="4.0983837809360866">
    <name>214.4</name>
  </wpt>
  <wpt lat="51.026840334224957" lon="4.0970133872124519">
    <name>214.5</name>
  </wpt>
  <wpt lat="51.027520910043187" lon="4.0963601426698188">
    <name>214.6</name>
  </wpt>
  <wpt lat="51.02740683618083" lon="4.0977140204096125">
    <name>214.7</name>
  </wpt>
  <wpt lat="51.027593971634005" lon="4.098980645670907">
    <name>214.8</name>
  </wpt>
  <wpt lat="51.028254159448046" lon="4.0989299116016911">
    <name>214.9</name>
  </wpt>
  <wpt lat="51.029121620414521" lon="4.0988030813883327">
    <name>215.0</name>
  </wpt>
  <wpt lat="51.029975538389266" lon="4.0990148205673007">
    <name>215.1</name>
  </wpt>
  <wpt lat="51.030637607623888" lon="4.0984450968296038">
    <name>215.2</name>
  </wpt>
  <wpt lat="51.031491073348946" lon="4.0987370000000185">
    <name>215.3</name>
  </wpt>
  <wpt lat="51.031946606776472" lon="4.099941056803277">
    <name>215.4</name>
  </wpt>
  <wpt lat="51.032138000039645" lon="4.1013271812090037">
    <name>215.5</name>
  </wpt>
  <wpt lat="51.032598780360686" lon="4.1019715387857918">
    <name>215.6</name>
  </wpt>
  <wpt lat="51.038979339559376" lon="4.1020642119602737">
    <name>216.93</name>
  </wpt>
  <wpt lat="51.03971226538593" lon="4.1020629999999887">
    <name>217.0</name>
  </wpt>
  <wpt lat="51.0406006765333" lon="4.102191999999965">
    <name>217.1</name>
  </wpt>
  <wpt lat="51.041320510859862" lon="4.1016981889868251">
    <name>217.2</name>
  </wpt>
  <wpt lat="51.041827147361815" lon="4.1005177999703992">
    <name>217.3</name>
  </wpt>
  <wpt lat="51.042321752080724" lon="4.0993232246687281">
    <name>217.4</name>
  </wpt>
  <wpt lat="51.042813162684247" lon="4.0981253565983362">
    <name>217.5</name>
  </wpt>
  <wpt lat="51.043310042413815" lon="4.096933158988457">
    <name>217.6</name>
  </wpt>
  <wpt lat="51.043812250539283" lon="4.0957466062014811">
    <name>217.7</name>
  </wpt>
  <wpt lat="51.044316846203607" lon="4.0945627445651773">
    <name>217.8</name>
  </wpt>
  <wpt lat="51.044811761162592" lon="4.0933684207334267">
    <name>217.9</name>
  </wpt>
  <wpt lat="51.045313153476862" lon="4.0921809774862">
    <name>218.0</name>
  </wpt>
  <wpt lat="51.045916989007125" lon="4.0911552675568217">
    <name>218.1</name>
  </wpt>
  <wpt lat="51.046759923844732" lon="4.0906597636994064">
    <name>218.2</name>
  </wpt>
  <wpt lat="51.047603372483131" lon="4.0901641799536845">
    <name>218.3</name>
  </wpt>
  <wpt lat="51.048407546845176" lon="4.0895374605455155">
    <name>218.4</name>
  </wpt>
  <wpt lat="51.049059908924278" lon="4.088562122030976">
    <name>218.5</name>
  </wpt>
  <wpt lat="51.04951748918301" lon="4.0873397407133112">
    <name>218.6</name>
  </wpt>
  <wpt lat="51.049809432906088" lon="4.0859874375872627">
    <name>218.7</name>
  </wpt>
  <wpt lat="51.050078514566025" lon="4.0846223975975855">
    <name>218.8</name>
  </wpt>
  <wpt lat="51.0503467389654" lon="4.0832569225894506">
    <name>218.9</name>
  </wpt>
  <wpt lat="51.050613128655506" lon="4.0818906929656595">
    <name>219.0</name>
  </wpt>
  <wpt lat="51.050886102102957" lon="4.0805275858165686">
    <name>219.1</name>
  </wpt>
  <wpt lat="51.051161968639285" lon="4.0791659490165335">
    <name>219.2</name>
  </wpt>
  <wpt lat="51.051439213674321" lon="4.0778050089006657">
    <name>219.3</name>
  </wpt>
  <wpt lat="51.051738338485556" lon="4.0764586723924046">
    <name>219.4</name>
  </wpt>
  <wpt lat="51.051975929969522" lon="4.075085191444284">
    <name>219.5</name>
  </wpt>
  <wpt lat="51.05225102770325" lon="4.0737231251852988">
    <name>219.6</name>
  </wpt>
  <wpt lat="51.052526125436906" lon="4.0723610508351857">
    <name>219.7</name>
  </wpt>
  <wpt lat="51.052801223170491" lon="4.0709989683938437">
    <name>219.8</name>
  </wpt>
  <wpt lat="51.053076320904" lon="4.06963687786117">
    <name>219.9</name>
  </wpt>
  <wpt lat="51.053349651679305" lon="4.0682738794000288">
    <name>220.0</name>
  </wpt>
  <wpt lat="51.053642920623375" lon="4.0669232394474966">
    <name>220.1</name>
  </wpt>
  <wpt lat="51.053978170336904" lon="4.0656276648835439">
    <name>220.2</name>
  </wpt>
  <wpt lat="51.054298164291346" lon="4.0642905903234352">
    <name>220.3</name>
  </wpt>
  <wpt lat="51.054648533966912" lon="4.0629733303043967">
    <name>220.4</name>
  </wpt>
  <wpt lat="51.055106584276388" lon="4.06188674584112">
    <name>220.5</name>
  </wpt>
  <wpt lat="51.055551842024393" lon="4.0606909345289806">
    <name>220.6</name>
  </wpt>
  <wpt lat="51.05615864469469" lon="4.0596375340064972">
    <name>220.7</name>
  </wpt>
  <wpt lat="51.056844733731957" lon="4.0587141486169962">
    <name>220.8</name>
  </wpt>
  <wpt lat="51.057620456510776" lon="4.0579968047214185">
    <name>220.9</name>
  </wpt>
  <wpt lat="51.058329096174809" lon="4.0573335740742076">
    <name>221.0</name>
  </wpt>
  <wpt lat="51.05909296122163" lon="4.0565857496667732">
    <name>221.1</name>
  </wpt>
  <wpt lat="51.059875294267535" lon="4.0558804371253041">
    <name>221.2</name>
  </wpt>
  <wpt lat="51.060689072891321" lon="4.0552787714749945">
    <name>221.3</name>
  </wpt>
  <wpt lat="51.061527503615821" lon="4.05488483167808">
    <name>221.4</name>
  </wpt>
  <wpt lat="51.062297691109919" lon="4.0542550432854236">
    <name>221.5</name>
  </wpt>
  <wpt lat="51.063082591254386" lon="4.0542459529968449">
    <name>221.6</name>
  </wpt>
  <wpt lat="51.063806554340552" lon="4.0550518163221314">
    <name>221.7</name>
  </wpt>
  <wpt lat="51.0645604294319" lon="4.0547987415853477">
    <name>221.8</name>
  </wpt>
  <wpt lat="51.065379357451313" lon="4.05421003524544">
    <name>221.9</name>
  </wpt>
  <wpt lat="51.066185582487016" lon="4.053597233287479">
    <name>222.0</name>
  </wpt>
  <wpt lat="51.066864606111281" lon="4.0529147967844912">
    <name>222.1</name>
  </wpt>
  <wpt lat="51.067558155558885" lon="4.0523476185747782">
    <name>222.2</name>
  </wpt>
  <wpt lat="51.068441736451263" lon="4.0520810356132175">
    <name>222.3</name>
  </wpt>
  <wpt lat="51.069091727961677" lon="4.0512198487501641">
    <name>222.4</name>
  </wpt>
  <wpt lat="51.06889637814573" lon="4.0499994541861843">
    <name>222.5</name>
  </wpt>
  <wpt lat="51.068367853557348" lon="4.0488497389228559">
    <name>222.6</name>
  </wpt>
  <wpt lat="51.071280715013735" lon="4.0351922929852417">
    <name>223.94</name>
  </wpt>
  <wpt lat="51.071795963225469" lon="4.0346407274142591">
    <name>224.0</name>
  </wpt>
  <wpt lat="51.072593934644217" lon="4.0339910661084488">
    <name>224.1</name>
  </wpt>
  <wpt lat="51.0733700035317" lon="4.0333460035231923">
    <name>224.2</name>
  </wpt>
  <wpt lat="51.074129829398849" lon="4.0326210956292146">
    <name>224.3</name>
  </wpt>
  <wpt lat="51.074720780271988" lon="4.0317800957339012">
    <name>224.4</name>
  </wpt>
  <wpt lat="51.075522185157375" lon="4.03113085392137">
    <name>224.5</name>
  </wpt>
  <wpt lat="51.076325715311555" lon="4.0304880305854347">
    <name>224.6</name>
  </wpt>
  <wpt lat="51.077005136719855" lon="4.0308943366642342">
    <name>224.7</name>
  </wpt>
  <wpt lat="51.077634970137872" lon="4.031915986849854">
    <name>224.8</name>
  </wpt>
  <wpt lat="51.07824915257369" lon="4.0329615949205468">
    <name>224.9</name>
  </wpt>
  <wpt lat="51.078866401548225" lon="4.0340025913080666">
    <name>225.0</name>
  </wpt>
  <wpt lat="51.0794536108957" lon="4.0350865161694331">
    <name>225.1</name>
  </wpt>
  <wpt lat="51.080104113273656" lon="4.03580220402072">
    <name>225.2</name>
  </wpt>
  <wpt lat="51.080900039280522" lon="4.0351357803633681">
    <name>225.3</name>
  </wpt>
  <wpt lat="51.081547547500946" lon="4.0355971245189934">
    <name>225.4</name>
  </wpt>
  <wpt lat="51.08152470167461" lon="4.0366609039491381">
    <name>225.5</name>
  </wpt>
  <wpt lat="51.080855777438657" lon="4.037617734644388">
    <name>225.6</name>
  </wpt>
  <wpt lat="51.0801868450523" lon="4.0385745370642532">
    <name>225.7</name>
  </wpt>
  <wpt lat="51.07951815802182" lon="4.0395317601034675">
    <name>225.8</name>
  </wpt>
  <wpt lat="51.078843184406686" lon="4.04047646021741">
    <name>225.9</name>
  </wpt>
  <wpt lat="51.078056389517542" lon="4.0411674293426305">
    <name>226.0</name>
  </wpt>
  <wpt lat="51.078255555249982" lon="4.0418690219607774">
    <name>226.1</name>
  </wpt>
  <wpt lat="51.079018047944757" lon="4.0426105940069492">
    <name>226.2</name>
  </wpt>
  <wpt lat="51.079684331734093" lon="4.0433741134003727">
    <name>226.3</name>
  </wpt>
  <wpt lat="51.080423299509754" lon="4.0441899694000929">
    <name>226.4</name>
  </wpt>
  <wpt lat="51.081160240820168" lon="4.0450103641915938">
    <name>226.5</name>
  </wpt>
  <wpt lat="51.081879282871292" lon="4.0458641544420706">
    <name>226.6</name>
  </wpt>
  <wpt lat="51.08246919142681" lon="4.0469423786355918">
    <name>226.7</name>
  </wpt>
  <wpt lat="51.08302924173794" lon="4.0480624830364107">
    <name>226.8</name>
  </wpt>
  <wpt lat="51.083527609638182" lon="4.0492488051595865">
    <name>226.9</name>
  </wpt>
  <wpt lat="51.083960655124862" lon="4.0505034536707392">
    <name>227.0</name>
  </wpt>
  <wpt lat="51.084461733589414" lon="4.0516904341891911">
    <name>227.1</name>
  </wpt>
  <wpt lat="51.084970052669092" lon="4.0528712583829511">
    <name>227.2</name>
  </wpt>
  <wpt lat="51.085464144350574" lon="4.0540501877880768">
    <name>227.3</name>
  </wpt>
  <wpt lat="51.085879213376778" lon="4.0553085555713775">
    <name>227.4</name>
  </wpt>
  <wpt lat="51.086132547229539" lon="4.0566690094100517">
    <name>227.5</name>
  </wpt>
  <wpt lat="51.086168000364879" lon="4.0580987245660936">
    <name>227.6</name>
  </wpt>
  <wpt lat="51.086570700157345" lon="4.0593206214161732">
    <name>227.7</name>
  </wpt>
  <wpt lat="51.087204857506926" lon="4.060335307008387">
    <name>227.8</name>
  </wpt>
  <wpt lat="51.087855434588988" lon="4.0613236913800375">
    <name>227.9</name>
  </wpt>
  <wpt lat="51.088504574961121" lon="4.0623144894384016">
    <name>228.0</name>
  </wpt>
  <wpt lat="51.089145850890162" lon="4.0633183048163124">
    <name>228.1</name>
  </wpt>
  <wpt lat="51.089866715102872" lon="4.0641598901357163">
    <name>228.2</name>
  </wpt>
  <wpt lat="51.090720312850394" lon="4.0645881167717253">
    <name>228.3</name>
  </wpt>
  <wpt lat="51.091606221762071" lon="4.0648299335390945">
    <name>228.4</name>
  </wpt>
  <wpt lat="51.092477602573716" lon="4.0651719285286561">
    <name>228.5</name>
  </wpt>
  <wpt lat="51.093203764973651" lon="4.0659845732885174">
    <name>228.6</name>
  </wpt>
  <wpt lat="51.093728855816785" lon="4.0671446373009275">
    <name>228.7</name>
  </wpt>
  <wpt lat="51.094242061842607" lon="4.0683205269032827">
    <name>228.8</name>
  </wpt>
  <wpt lat="51.094751338552854" lon="4.0695005965074413">
    <name>228.9</name>
  </wpt>
  <wpt lat="51.094923000032118" lon="4.0708835759340856">
    <name>229.0</name>
  </wpt>
  <wpt lat="51.094937690872591" lon="4.07231528708228">
    <name>229.1</name>
  </wpt>
  <wpt lat="51.094848208387191" lon="4.0737351258033412">
    <name>229.2</name>
  </wpt>
  <wpt lat="51.094687000054755" lon="4.0751216186700683">
    <name>229.3</name>
  </wpt>
  <wpt lat="51.094644000031991" lon="4.0765491931647233">
    <name>229.4</name>
  </wpt>
  <wpt lat="51.094633658437154" lon="4.077961333378723">
    <name>229.5</name>
  </wpt>
  <wpt lat="51.094683823654364" lon="4.0793813245638715">
    <name>229.6</name>
  </wpt>
  <wpt lat="51.094952193180731" lon="4.0807447039305815">
    <name>229.7</name>
  </wpt>
  <wpt lat="51.095092153348453" lon="4.0821589312631383">
    <name>229.8</name>
  </wpt>
  <wpt lat="51.095262160238775" lon="4.08356276173627">
    <name>229.9</name>
  </wpt>
  <wpt lat="51.095353082684817" lon="4.0849804413995132">
    <name>230.0</name>
  </wpt>
  <wpt lat="51.095367917093995" lon="4.0864122278936748">
    <name>230.1</name>
  </wpt>
  <wpt lat="51.095413114302296" lon="4.0878417299887859">
    <name>230.2</name>
  </wpt>
  <wpt lat="51.095520245022492" lon="4.0891753756880549">
    <name>230.3</name>
  </wpt>
  <wpt lat="51.095249073720822" lon="4.0904988440815391">
    <name>230.4</name>
  </wpt>
  <wpt lat="51.094661976511055" lon="4.09135081267202">
    <name>230.5</name>
  </wpt>
  <wpt lat="51.093832556203573" lon="4.0919043139083273">
    <name>230.6</name>
  </wpt>
  <wpt lat="51.0930058328789" lon="4.0924677699235472">
    <name>230.7</name>
  </wpt>
  <wpt lat="51.09254361220853" lon="4.0933904718107277">
    <name>230.8</name>
  </wpt>
  <wpt lat="51.092771708636221" lon="4.094768203778111">
    <name>230.9</name>
  </wpt>
  <wpt lat="51.093031726699273" lon="4.0961326159902107">
    <name>231.0</name>
  </wpt>
  <wpt lat="51.092994761572704" lon="4.0975567032098059">
    <name>231.1</name>
  </wpt>
  <wpt lat="51.092822594609956" lon="4.098958759993339">
    <name>231.2</name>
  </wpt>
  <wpt lat="51.092539855350587" lon="4.1003147596505185">
    <name>231.3</name>
  </wpt>
  <wpt lat="51.092262000059371" lon="4.1016677207131318">
    <name>231.4</name>
  </wpt>
  <wpt lat="51.092309302609571" lon="4.1030927702331068">
    <name>231.5</name>
  </wpt>
  <wpt lat="51.091973436372342" lon="4.1043774837011258">
    <name>231.6</name>
  </wpt>
  <wpt lat="51.09159054982225" lon="4.1056160691956052">
    <name>231.7</name>
  </wpt>
  <wpt lat="51.091460839738168" lon="4.1070329126092959">
    <name>231.8</name>
  </wpt>
  <wpt lat="51.091721568562647" lon="4.1079280131539084">
    <name>231.9</name>
  </wpt>
  <wpt lat="51.092574431897994" lon="4.1078959861059374">
    <name>232.0</name>
  </wpt>
  <wpt lat="51.093056000072089" lon="4.1090808969916592">
    <name>232.1</name>
  </wpt>
  <wpt lat="51.093026670370811" lon="4.110301189924348">
    <name>232.2</name>
  </wpt>
  <wpt lat="51.093924221017808" lon="4.1102710931987776">
    <name>232.3</name>
  </wpt>
  <wpt lat="51.094821085583924" lon="4.1101653540257752">
    <name>232.4</name>
  </wpt>
  <wpt lat="51.095412432676035" lon="4.110963466225618">
    <name>232.5</name>
  </wpt>
  <wpt lat="51.095634264101378" lon="4.1123429949945969">
    <name>232.6</name>
  </wpt>
  <wpt lat="51.095829779354986" lon="4.1137397413343209">
    <name>232.7</name>
  </wpt>
  <wpt lat="51.096086500765928" lon="4.1151121560235184">
    <name>232.8</name>
  </wpt>
  <wpt lat="51.096414892810792" lon="4.11643755895809">
    <name>232.9</name>
  </wpt>
  <wpt lat="51.09682841529721" lon="4.1177092133267976">
    <name>233.0</name>
  </wpt>
  <wpt lat="51.09723649229732" lon="4.118984940058076">
    <name>233.1</name>
  </wpt>
  <wpt lat="51.097605349774426" lon="4.120288038437657">
    <name>233.2</name>
  </wpt>
  <wpt lat="51.097884510748827" lon="4.1215761597183684">
    <name>233.3</name>
  </wpt>
  <wpt lat="51.098092838059955" lon="4.122951516873659">
    <name>233.4</name>
  </wpt>
  <wpt lat="51.098499482342916" lon="4.1242281554803455">
    <name>233.5</name>
  </wpt>
  <wpt lat="51.098807376234" lon="4.1255720296694305">
    <name>233.6</name>
  </wpt>
  <wpt lat="51.099002259840958" lon="4.1269626847701106">
    <name>233.7</name>
  </wpt>
  <wpt lat="51.099002283088311" lon="4.1283929271016149">
    <name>233.8</name>
  </wpt>
  <wpt lat="51.099055222097384" lon="4.1298019819673017">
    <name>233.9</name>
  </wpt>
  <wpt lat="51.099297679139106" lon="4.1311625362548137">
    <name>234.0</name>
  </wpt>
  <wpt lat="51.09986257450177" lon="4.132250196765793">
    <name>234.1</name>
  </wpt>
  <wpt lat="51.100535824134084" lon="4.1331767173006106">
    <name>234.2</name>
  </wpt>
  <wpt lat="51.100625424756529" lon="4.1344387694959588">
    <name>234.3</name>
  </wpt>
  <wpt lat="51.100420685283176" lon="4.1358332878934627">
    <name>234.4</name>
  </wpt>
  <wpt lat="51.100223062069738" lon="4.137230286920877">
    <name>234.5</name>
  </wpt>
  <wpt lat="51.100051906300934" lon="4.1384581720333085">
    <name>234.6</name>
  </wpt>
  <wpt lat="51.100401263528433" lon="4.1397770919150334">
    <name>234.7</name>
  </wpt>
  <wpt lat="51.100608807611316" lon="4.1411548526606863">
    <name>234.8</name>
  </wpt>
  <wpt lat="51.110388316967509" lon="4.1423455725965646">
    <name>236.00</name>
  </wpt>
  <wpt lat="51.110491746800989" lon="4.14237194275303">
    <name>236.0</name>
  </wpt>
  <wpt lat="51.111387486645775" lon="4.1424996620912138">
    <name>236.1</name>
  </wpt>
  <wpt lat="51.113924913207043" lon="4.1431782848958125">
    <name>236.43</name>
  </wpt>
  <wpt lat="51.114112754563266" lon="4.1441105352817189">
    <name>236.5</name>
  </wpt>
  <wpt lat="51.114023136054335" lon="4.1455343982674249">
    <name>236.6</name>
  </wpt>
  <wpt lat="51.113898960044054" lon="4.1469506904769435">
    <name>236.7</name>
  </wpt>
  <wpt lat="51.113695139644918" lon="4.1483458929364438">
    <name>236.8</name>
  </wpt>
  <wpt lat="51.113681461204763" lon="4.1497660660133917">
    <name>236.9</name>
  </wpt>
  <wpt lat="51.113816985606142" lon="4.151182240973009">
    <name>237.0</name>
  </wpt>
  <wpt lat="51.1137817797779" lon="4.1526045334834567">
    <name>237.1</name>
  </wpt>
  <wpt lat="51.113809665361536" lon="4.1540329735714119">
    <name>237.2</name>
  </wpt>
  <wpt lat="51.113878108693008" lon="4.15546122755356">
    <name>237.3</name>
  </wpt>
  <wpt lat="51.114037007994" lon="4.1568657981398331">
    <name>237.4</name>
  </wpt>
  <wpt lat="51.114345928691563" lon="4.1582102161730319">
    <name>237.5</name>
  </wpt>
  <wpt lat="51.11467669098414" lon="4.159540220160701">
    <name>237.6</name>
  </wpt>
  <wpt lat="51.114739196774508" lon="4.1609419887517829">
    <name>237.7</name>
  </wpt>
  <wpt lat="51.114566314209689" lon="4.1623477124617425">
    <name>237.8</name>
  </wpt>
  <wpt lat="51.114387136087117" lon="4.1637511640387039">
    <name>237.9</name>
  </wpt>
  <wpt lat="51.114125294755389" lon="4.1651211911366959">
    <name>238.0</name>
  </wpt>
  <wpt lat="51.114166205983153" lon="4.166509430644771">
    <name>238.1</name>
  </wpt>
  <wpt lat="51.114190227686258" lon="4.16792198242326">
    <name>238.2</name>
  </wpt>
  <wpt lat="51.114032063548542" lon="4.1693320739432655">
    <name>238.3</name>
  </wpt>
  <wpt lat="51.113881289871351" lon="4.1707443197516811">
    <name>238.4</name>
  </wpt>
  <wpt lat="51.113745913801921" lon="4.1721604305522337">
    <name>238.5</name>
  </wpt>
  <wpt lat="51.113597979195212" lon="4.1735734646642317">
    <name>238.6</name>
  </wpt>
  <wpt lat="51.113449016743623" lon="4.1749862203242136">
    <name>238.7</name>
  </wpt>
  <wpt lat="51.113409110268293" lon="4.1764042753626276">
    <name>238.8</name>
  </wpt>
  <wpt lat="51.113675878265369" lon="4.1777701133687408">
    <name>238.9</name>
  </wpt>
  <wpt lat="51.1139777243086" lon="4.1791193267373616">
    <name>239.0</name>
  </wpt>
  <wpt lat="51.114336775903837" lon="4.1804324293913933">
    <name>239.1</name>
  </wpt>
  <wpt lat="51.114736316846383" lon="4.1817148042432537">
    <name>239.2</name>
  </wpt>
  <wpt lat="51.115166219086426" lon="4.182972319343456">
    <name>239.3</name>
  </wpt>
  <wpt lat="51.115636575614737" lon="4.1841932459369851">
    <name>239.4</name>
  </wpt>
  <wpt lat="51.11606994920227" lon="4.1854475447400947">
    <name>239.5</name>
  </wpt>
  <wpt lat="51.116421303002156" lon="4.1867641174509354">
    <name>239.6</name>
  </wpt>
  <wpt lat="51.116683717627112" lon="4.1881319643668329">
    <name>239.7</name>
  </wpt>
  <wpt lat="51.116888366645632" lon="4.18951937186623">
    <name>239.8</name>
  </wpt>
  <wpt lat="51.117324446273336" lon="4.1907722122003932">
    <name>239.9</name>
  </wpt>
  <wpt lat="51.117856639086305" lon="4.1919229631330355">
    <name>240.0</name>
  </wpt>
  <wpt lat="51.118526042231728" lon="4.192872055875732">
    <name>240.1</name>
  </wpt>
  <wpt lat="51.119209739820789" lon="4.1938026824395722">
    <name>240.2</name>
  </wpt>
  <wpt lat="51.11990121296305" lon="4.194718544451292">
    <name>240.3</name>
  </wpt>
  <wpt lat="51.120600189899342" lon="4.1956199655043935">
    <name>240.4</name>
  </wpt>
  <wpt lat="51.12128901742981" lon="4.1965407828604073">
    <name>240.5</name>
  </wpt>
  <wpt lat="51.121980954239426" lon="4.197455776458872">
    <name>240.6</name>
  </wpt>
  <wpt lat="51.122662205805184" lon="4.1983886986202661">
    <name>240.7</name>
  </wpt>
  <wpt lat="51.123323419900636" lon="4.19935988796423">
    <name>240.8</name>
  </wpt>
  <wpt lat="51.123940235452416" lon="4.200401455332357">
    <name>240.9</name>
  </wpt>
  <wpt lat="51.124550776320042" lon="4.2014532891897343">
    <name>241.0</name>
  </wpt>
  <wpt lat="51.125139077491305" lon="4.2025351545607252">
    <name>241.1</name>
  </wpt>
  <wpt lat="51.125616175772031" lon="4.2037393981653395">
    <name>241.2</name>
  </wpt>
  <wpt lat="51.1258860000175" lon="4.2050031887154944">
    <name>241.3</name>
  </wpt>
  <wpt lat="51.1259643339037" lon="4.2062218631821713">
    <name>241.4</name>
  </wpt>
  <wpt lat="51.125837091975463" lon="4.2076355797711811">
    <name>241.5</name>
  </wpt>
  <wpt lat="51.125616859988185" lon="4.2090248722364363">
    <name>241.6</name>
  </wpt>
  <wpt lat="51.125273766462996" lon="4.210323907427286">
    <name>241.7</name>
  </wpt>
  <wpt lat="51.124873089102543" lon="4.2115840421272832">
    <name>241.8</name>
  </wpt>
  <wpt lat="51.124719739265672" lon="4.2129862685857242">
    <name>241.9</name>
  </wpt>
  <wpt lat="51.124728000002733" lon="4.2144064490251729">
    <name>242.0</name>
  </wpt>
  <wpt lat="51.124550176451272" lon="4.2158099493054335">
    <name>242.1</name>
  </wpt>
  <wpt lat="51.124390293465396" lon="4.217209364398312">
    <name>242.2</name>
  </wpt>
  <wpt lat="51.124243107939193" lon="4.21861874865934">
    <name>242.3</name>
  </wpt>
  <wpt lat="51.124152437955118" lon="4.219847060568318">
    <name>242.4</name>
  </wpt>
  <wpt lat="51.124105000042626" lon="4.2212771184359976">
    <name>242.5</name>
  </wpt>
  <wpt lat="51.124320536106019" lon="4.2226585043462235">
    <name>242.6</name>
  </wpt>
  <wpt lat="51.124752833745731" lon="4.2238640961719875">
    <name>242.7</name>
  </wpt>
  <wpt lat="51.125352561387963" lon="4.2248204394799549">
    <name>242.8</name>
  </wpt>
  <wpt lat="51.126081752658408" lon="4.225626917495422">
    <name>242.9</name>
  </wpt>
  <wpt lat="51.126660215591357" lon="4.2267219833718634">
    <name>243.0</name>
  </wpt>
  <wpt lat="51.127151808493977" lon="4.227918471980832">
    <name>243.1</name>
  </wpt>
  <wpt lat="51.127704184023074" lon="4.2290293498656908">
    <name>243.2</name>
  </wpt>
  <wpt lat="51.128546313708455" lon="4.2292956154095229">
    <name>243.3</name>
  </wpt>
  <wpt lat="51.128826000246171" lon="4.230156959924682">
    <name>243.4</name>
  </wpt>
  <wpt lat="51.128823846436596" lon="4.2315834520927611">
    <name>243.5</name>
  </wpt>
  <wpt lat="51.128783000089847" lon="4.233014948325736">
    <name>243.6</name>
  </wpt>
  <wpt lat="51.128753927881469" lon="4.2344467461630275">
    <name>243.7</name>
  </wpt>
  <wpt lat="51.128713000661584" lon="4.2358782074997716">
    <name>243.8</name>
  </wpt>
  <wpt lat="51.128676026197894" lon="4.2373100095974792">
    <name>243.9</name>
  </wpt>
  <wpt lat="51.128637900657509" lon="4.2387417347520229">
    <name>244.0</name>
  </wpt>
  <wpt lat="51.12859157133704" lon="4.2401727179062627">
    <name>244.1</name>
  </wpt>
  <wpt lat="51.128555998896246" lon="4.241602905061403">
    <name>244.2</name>
  </wpt>
  <wpt lat="51.128524502628018" lon="4.243034980951232">
    <name>244.3</name>
  </wpt>
  <wpt lat="51.128471759190873" lon="4.2444654471978573">
    <name>244.4</name>
  </wpt>
  <wpt lat="51.128512723013074" lon="4.2458947851494777">
    <name>244.5</name>
  </wpt>
  <wpt lat="51.128674553413951" lon="4.2473014670051485">
    <name>244.6</name>
  </wpt>
  <wpt lat="51.128892880225358" lon="4.2486916034267725">
    <name>244.7</name>
  </wpt>
  <wpt lat="51.129109831580543" lon="4.2500801317514">
    <name>244.8</name>
  </wpt>
  <wpt lat="51.129342992135335" lon="4.2514632613850054">
    <name>244.9</name>
  </wpt>
  <wpt lat="51.129562395311474" lon="4.2528529539257711">
    <name>245.0</name>
  </wpt>
  <wpt lat="51.129783446502209" lon="4.254240687281392">
    <name>245.1</name>
  </wpt>
  <wpt lat="51.129831618418663" lon="4.2556602668873955">
    <name>245.2</name>
  </wpt>
  <wpt lat="51.129735190638378" lon="4.2570849556802584">
    <name>245.3</name>
  </wpt>
  <wpt lat="51.129638820223654" lon="4.2585092643594837">
    <name>245.4</name>
  </wpt>
  <wpt lat="51.129624847878574" lon="4.25993575130779">
    <name>245.5</name>
  </wpt>
  <wpt lat="51.129677737160307" lon="4.2613660913404381">
    <name>245.6</name>
  </wpt>
  <wpt lat="51.129728625062107" lon="4.2627966433070323">
    <name>245.7</name>
  </wpt>
  <wpt lat="51.129770000002637" lon="4.2642281054724505">
    <name>245.8</name>
  </wpt>
  <wpt lat="51.12978756609192" lon="4.2656602019431658">
    <name>245.9</name>
  </wpt>
  <wpt lat="51.129816354340377" lon="4.2670900519823078">
    <name>246.0</name>
  </wpt>
  <wpt lat="51.130103120389009" lon="4.2684306714594067">
    <name>246.1</name>
  </wpt>
  <wpt lat="51.13058367140588" lon="4.2696411831458745">
    <name>246.2</name>
  </wpt>
  <wpt lat="51.130903390209312" lon="4.2709678100809372">
    <name>246.3</name>
  </wpt>
  <wpt lat="51.131247430899158" lon="4.2722895279693871">
    <name>246.4</name>
  </wpt>
  <wpt lat="51.131661468296549" lon="4.2735614082295346">
    <name>246.5</name>
  </wpt>
  <wpt lat="51.1320480384927" lon="4.274855322876757">
    <name>246.6</name>
  </wpt>
  <wpt lat="51.132560414471442" lon="4.276029278423402">
    <name>246.7</name>
  </wpt>
  <wpt lat="51.132987342971589" lon="4.2772820289023663">
    <name>246.8</name>
  </wpt>
  <wpt lat="51.133354611738731" lon="4.2785868549453063">
    <name>246.9</name>
  </wpt>
  <wpt lat="51.133788068249643" lon="4.2798323689686537">
    <name>247.0</name>
  </wpt>
  <wpt lat="51.134417583805288" lon="4.2808558702678345">
    <name>247.1</name>
  </wpt>
  <wpt lat="51.135067287510374" lon="4.2818461506301126">
    <name>247.2</name>
  </wpt>
  <wpt lat="51.135733657998784" lon="4.2828086140658224">
    <name>247.3</name>
  </wpt>
  <wpt lat="51.140306777941646" lon="4.2897387210797042">
    <name>248.02</name>
  </wpt>
  <wpt lat="51.140850627010842" lon="4.2908207057952845">
    <name>248.1</name>
  </wpt>
  <wpt lat="51.1414176769864" lon="4.29193309959408">
    <name>248.2</name>
  </wpt>
  <wpt lat="51.141977677088484" lon="4.2930543490650139">
    <name>248.3</name>
  </wpt>
  <wpt lat="51.142538178468378" lon="4.2941753292374152">
    <name>248.4</name>
  </wpt>
  <wpt lat="51.14309969243493" lon="4.29529502047329">
    <name>248.5</name>
  </wpt>
  <wpt lat="51.143665787632344" lon="4.2964088359493928">
    <name>248.6</name>
  </wpt>
  <wpt lat="51.144420312481486" lon="4.2971140697052146">
    <name>248.7</name>
  </wpt>
  <wpt lat="51.145293826406565" lon="4.297444424092828">
    <name>248.8</name>
  </wpt>
  <wpt lat="51.146165314535828" lon="4.2977981721345024">
    <name>248.9</name>
  </wpt>
  <wpt lat="51.147037161683329" lon="4.2981453859576195">
    <name>249.0</name>
  </wpt>
  <wpt lat="51.147898610372508" lon="4.2985010793453116">
    <name>249.1</name>
  </wpt>
  <wpt lat="51.148735798788991" lon="4.2989956982875315">
    <name>249.2</name>
  </wpt>
  <wpt lat="51.149599354445918" lon="4.2993922337640269">
    <name>249.3</name>
  </wpt>
  <wpt lat="51.150473353625671" lon="4.2997288000951253">
    <name>249.4</name>
  </wpt>
  <wpt lat="51.15136812953282" lon="4.2997810305320643">
    <name>249.5</name>
  </wpt>
  <wpt lat="51.152256118137174" lon="4.2999554423915312">
    <name>249.6</name>
  </wpt>
  <wpt lat="51.153121158182472" lon="4.3003333865334783">
    <name>249.7</name>
  </wpt>
  <wpt lat="51.15401076644774" lon="4.3005417032368367">
    <name>249.8</name>
  </wpt>
  <wpt lat="51.15489842863024" lon="4.30077108280613">
    <name>249.9</name>
  </wpt>
  <wpt lat="51.155793835366275" lon="4.3008689999999881">
    <name>250.0</name>
  </wpt>
  <wpt lat="51.156643730767307" lon="4.3012197307202733">
    <name>250.1</name>
  </wpt>
  <wpt lat="51.157312816042207" lon="4.3021772897364912">
    <name>250.2</name>
  </wpt>
  <wpt lat="51.158031866460092" lon="4.3030113197764885">
    <name>250.3</name>
  </wpt>
  <wpt lat="51.158916539631988" lon="4.3032558271991785">
    <name>250.4</name>
  </wpt>
  <wpt lat="51.159766258853061" lon="4.3037063870806138">
    <name>250.5</name>
  </wpt>
  <wpt lat="51.16056090167298" lon="4.3043775014088137">
    <name>250.6</name>
  </wpt>
  <wpt lat="51.161350761627851" lon="4.3050631601248286">
    <name>250.7</name>
  </wpt>
  <wpt lat="51.162107372691551" lon="4.305833961640019">
    <name>250.8</name>
  </wpt>
  <wpt lat="51.162830230068742" lon="4.3066823021505032">
    <name>250.9</name>
  </wpt>
  <wpt lat="51.163588576749049" lon="4.3074510032493656">
    <name>251.0</name>
  </wpt>
  <wpt lat="51.164362477717013" lon="4.3081779685444248">
    <name>251.1</name>
  </wpt>
  <wpt lat="51.165138894364532" lon="4.3088987375149133">
    <name>251.2</name>
  </wpt>
  <wpt lat="51.16595071009661" lon="4.3095152457199122">
    <name>251.3</name>
  </wpt>
  <wpt lat="51.166770664926716" lon="4.3101039293970711">
    <name>251.4</name>
  </wpt>
  <wpt lat="51.167597398553823" lon="4.3106672017655372">
    <name>251.5</name>
  </wpt>
  <wpt lat="51.168449486316554" lon="4.3111257978105728">
    <name>251.6</name>
  </wpt>
  <wpt lat="51.169292960239567" lon="4.31162265605636">
    <name>251.7</name>
  </wpt>
  <wpt lat="51.170131061038084" lon="4.3121419353870651">
    <name>251.8</name>
  </wpt>
  <wpt lat="51.175389465031095" lon="4.3180066587781027">
    <name>253.61</name>
  </wpt>
  <wpt lat="51.175396490904085" lon="4.3179108525148253">
    <name>253.6</name>
  </wpt>
  <wpt lat="51.175591247734836" lon="4.316514448202283">
    <name>253.7</name>
  </wpt>
  <wpt lat="51.1760362075733" lon="4.3157292928792339">
    <name>253.8</name>
  </wpt>
  <wpt lat="51.176898098466296" lon="4.3161170401185762">
    <name>253.9</name>
  </wpt>
  <wpt lat="51.177765486993266" lon="4.3164944116469952">
    <name>254.0</name>
  </wpt>
  <wpt lat="51.178602336360726" lon="4.3170117253153162">
    <name>254.1</name>
  </wpt>
  <wpt lat="51.179456950809353" lon="4.3174385337752739">
    <name>254.2</name>
  </wpt>
  <wpt lat="51.191709137870227" lon="4.3226082756916684">
    <name>255.89</name>
  </wpt>
  <wpt lat="51.19191224972397" lon="4.3227802378183036">
    <name>255.9</name>
  </wpt>
  <wpt lat="51.192681664847683" lon="4.3234821420078617">
    <name>256.0</name>
  </wpt>
  <wpt lat="51.19345502962868" lon="4.32420206961131">
    <name>256.1</name>
  </wpt>
  <wpt lat="51.19425542747183" lon="4.3248207617216368">
    <name>256.2</name>
  </wpt>
  <wpt lat="51.19497201250207" lon="4.3256850195525205">
    <name>256.3</name>
  </wpt>
  <wpt lat="51.195684087744304" lon="4.3265599722838033">
    <name>256.4</name>
  </wpt>
  <wpt lat="51.196420007258567" lon="4.3273848114257794">
    <name>256.5</name>
  </wpt>
  <wpt lat="51.197158038759483" lon="4.3282044453376107">
    <name>256.6</name>
  </wpt>
  <wpt lat="51.197891665735519" lon="4.3290323547360927">
    <name>256.7</name>
  </wpt>
  <wpt lat="51.198480218393904" lon="4.3300940986497132">
    <name>256.8</name>
  </wpt>
  <wpt lat="51.198895153425212" lon="4.3313670209426256">
    <name>256.9</name>
  </wpt>
  <wpt lat="51.199346211600165" lon="4.3326067266977741">
    <name>257.0</name>
  </wpt>
  <wpt lat="51.199815524495847" lon="4.3338310140859324">
    <name>257.1</name>
  </wpt>
  <wpt lat="51.200286550276772" lon="4.3350535348500046">
    <name>257.2</name>
  </wpt>
  <wpt lat="51.200758178906554" lon="4.3362752345220805">
    <name>257.3</name>
  </wpt>
  <wpt lat="51.201323642516535" lon="4.3373905152567236">
    <name>257.4</name>
  </wpt>
  <wpt lat="51.201744204931764" lon="4.3386367993093558">
    <name>257.5</name>
  </wpt>
  <wpt lat="51.202069400136189" lon="4.3399362734847386">
    <name>257.6</name>
  </wpt>
  <wpt lat="51.202146687471476" lon="4.3413581282483724">
    <name>257.7</name>
  </wpt>
  <wpt lat="51.202126000105352" lon="4.3427930172362252">
    <name>257.8</name>
  </wpt>
  <wpt lat="51.202054271309571" lon="4.3441718902874964">
    <name>257.9</name>
  </wpt>
  <wpt lat="51.201684855213109" lon="4.3454720450645343">
    <name>258.0</name>
  </wpt>
  <wpt lat="51.201598785765015" lon="4.3468976452952628">
    <name>258.1</name>
  </wpt>
  <wpt lat="51.201622596803581" lon="4.3483166057814131">
    <name>258.2</name>
  </wpt>
  <wpt lat="51.20200712277213" lon="4.3496069298418307">
    <name>258.3</name>
  </wpt>
  <wpt lat="51.202258199707138" lon="4.3509761507265123">
    <name>258.4</name>
  </wpt>
  <wpt lat="51.20267267643483" lon="4.3522495656910092">
    <name>258.5</name>
  </wpt>
  <wpt lat="51.20310948515246" lon="4.353504209802411">
    <name>258.6</name>
  </wpt>
  <wpt lat="51.203546369769718" lon="4.3547587985004084">
    <name>258.7</name>
  </wpt>
  <wpt lat="51.204059529869845" lon="4.35566847015204">
    <name>258.8</name>
  </wpt>
  <wpt lat="51.204470601911233" lon="4.3569017763642064">
    <name>258.9</name>
  </wpt>
  <wpt lat="51.204862551763071" lon="4.3581936584741428">
    <name>259.0</name>
  </wpt>
  <wpt lat="51.205254501614817" lon="4.3594855515778059">
    <name>259.1</name>
  </wpt>
  <wpt lat="51.20564645146645" lon="4.3607774556753993">
    <name>259.2</name>
  </wpt>
  <wpt lat="51.206048059664063" lon="4.3620616121727238">
    <name>259.3</name>
  </wpt>
  <wpt lat="51.206471217225108" lon="4.3633281266249178">
    <name>259.4</name>
  </wpt>
  <wpt lat="51.206903725152969" lon="4.3645866640313207">
    <name>259.5</name>
  </wpt>
  <wpt lat="51.2071102236898" lon="4.3657491842212313">
    <name>259.6</name>
  </wpt>
  <wpt lat="51.207548909929265" lon="4.3669899265450027">
    <name>259.7</name>
  </wpt>
  <wpt lat="51.208042171856867" lon="4.3681826223263309">
    <name>259.8</name>
  </wpt>
  <wpt lat="51.208490725668376" lon="4.3694268109534091">
    <name>259.9</name>
  </wpt>
  <wpt lat="51.208876400607608" lon="4.3707205527820117">
    <name>260.0</name>
  </wpt>
  <wpt lat="51.209386036287825" lon="4.3718998431492553">
    <name>260.1</name>
  </wpt>
  <wpt lat="51.209912535780333" lon="4.37306365105263">
    <name>260.2</name>
  </wpt>
  <wpt lat="51.210439035272749" lon="4.3742274722621222">
    <name>260.3</name>
  </wpt>
  <wpt lat="51.210969230882547" lon="4.37538702257312">
    <name>260.4</name>
  </wpt>
  <wpt lat="51.211499536730152" lon="4.3765464586153895">
    <name>260.5</name>
  </wpt>
  <wpt lat="51.21202984257765" lon="4.377705908010288">
    <name>260.6</name>
  </wpt>
  <wpt lat="51.212567221859189" lon="4.3788569524617165">
    <name>260.7</name>
  </wpt>
  <wpt lat="51.213111827716624" lon="4.3799994123560682">
    <name>260.8</name>
  </wpt>
  <wpt lat="51.213712522182405" lon="4.38106717682663">
    <name>260.9</name>
  </wpt>
  <wpt lat="51.214389115088714" lon="4.3819928292089463">
    <name>261.0</name>
  </wpt>
  <wpt lat="51.215092574422222" lon="4.3828855415572852">
    <name>261.1</name>
  </wpt>
  <wpt lat="51.215806290459206" lon="4.38375629269777">
    <name>261.2</name>
  </wpt>
  <wpt lat="51.216551092223057" lon="4.384559092155853">
    <name>261.3</name>
  </wpt>
  <wpt lat="51.217325621519095" lon="4.3852886989784174">
    <name>261.4</name>
  </wpt>
  <wpt lat="51.218114565788284" lon="4.38597651996466">
    <name>261.5</name>
  </wpt>
  <wpt lat="51.218932148702407" lon="4.3865702050647686">
    <name>261.6</name>
  </wpt>
  <wpt lat="51.219761011236685" lon="4.3871266435206273">
    <name>261.7</name>
  </wpt>
  <wpt lat="51.220592538503524" lon="4.3876728063416905">
    <name>261.8</name>
  </wpt>
  <wpt lat="51.234931691830248" lon="4.4200660000000367">
    <name>265.62</name>
  </wpt>
  <wpt lat="51.235383773031486" lon="4.4206563719427949">
    <name>265.7</name>
  </wpt>
  <wpt lat="51.2362812800499" lon="4.4206000227500351">
    <name>265.8</name>
  </wpt>
  <wpt lat="51.237180535785676" lon="4.4205826382443414">
    <name>265.9</name>
  </wpt>
  <wpt lat="51.238079790026163" lon="4.4205650573853488">
    <name>266.0</name>
  </wpt>
  <wpt lat="51.23897900412485" lon="4.4205749264137593">
    <name>266.1</name>
  </wpt>
  <wpt lat="51.239877743000214" lon="4.4205590000000274">
    <name>266.2</name>
  </wpt>
  <wpt lat="51.240777064606142" lon="4.4205590000000274">
    <name>266.3</name>
  </wpt>
  <wpt lat="51.241676042193312" lon="4.4205294903117247">
    <name>266.4</name>
  </wpt>
  <wpt lat="51.242575288639941" lon="4.4205109182900131">
    <name>266.5</name>
  </wpt>
  <wpt lat="51.243474545824718" lon="4.4204949999999776">
    <name>266.6</name>
  </wpt>
  <wpt lat="51.244373867430625" lon="4.4204949999999776">
    <name>266.7</name>
  </wpt>
  <wpt lat="51.244547002196946" lon="4.4217962790381611">
    <name>266.8</name>
  </wpt>
  <wpt lat="51.24454700056846" lon="4.423232900316088">
    <name>266.9</name>
  </wpt>
  <wpt lat="51.244924567518069" lon="4.4240508169260435">
    <name>267.0</name>
  </wpt>
  <wpt lat="51.244920840576128" lon="4.4254851743268775">
    <name>267.1</name>
  </wpt>
  <wpt lat="51.244801798424305" lon="4.42689542866421">
    <name>267.2</name>
  </wpt>
  <wpt lat="51.244760276711638" lon="4.4280757622703861">
    <name>267.3</name>
  </wpt>
  <wpt lat="51.244152691757883" lon="4.4287954406047572">
    <name>267.4</name>
  </wpt>
  <wpt lat="51.244290215370121" lon="4.4295930899107425">
    <name>267.5</name>
  </wpt>
  <wpt lat="51.245160262978708" lon="4.4299566478355379">
    <name>267.6</name>
  </wpt>
  <wpt lat="51.245916165493249" lon="4.430725986345446">
    <name>267.7</name>
  </wpt>
  <wpt lat="51.246695403842516" lon="4.4314393009960868">
    <name>267.8</name>
  </wpt>
  <wpt lat="51.247551997435323" lon="4.4318746252175716">
    <name>267.9</name>
  </wpt>
  <wpt lat="51.248394650389159" lon="4.432376223865667">
    <name>268.0</name>
  </wpt>
  <wpt lat="51.249233409845047" lon="4.4328945409005716">
    <name>268.1</name>
  </wpt>
  <wpt lat="51.250071982688446" lon="4.4334136451245909">
    <name>268.2</name>
  </wpt>
  <wpt lat="51.25091121687678" lon="4.4339299678744606">
    <name>268.3</name>
  </wpt>
  <wpt lat="51.251751984219226" lon="4.434439951607966">
    <name>268.4</name>
  </wpt>
  <wpt lat="51.252593312226878" lon="4.4349475788640289">
    <name>268.5</name>
  </wpt>
  <wpt lat="51.253448047900058" lon="4.43538901877768">
    <name>268.6</name>
  </wpt>
  <wpt lat="51.254332292308447" lon="4.43563816428815">
    <name>268.7</name>
  </wpt>
  <wpt lat="51.25489985353888" lon="4.4362308158802968">
    <name>268.8</name>
  </wpt>
  <wpt lat="51.254927512610216" lon="4.437667079505613">
    <name>268.9</name>
  </wpt>
  <wpt lat="51.254921061136805" lon="4.4391010868903225">
    <name>269.0</name>
  </wpt>
  <wpt lat="51.2549540000877" lon="4.4405340960043596">
    <name>269.1</name>
  </wpt>
  <wpt lat="51.255094952703516" lon="4.4419458762890827">
    <name>269.2</name>
  </wpt>
  <wpt lat="51.255255000113785" lon="4.4433585792688">
    <name>269.3</name>
  </wpt>
  <wpt lat="51.25506749384656" lon="4.4447431881536561">
    <name>269.4</name>
  </wpt>
  <wpt lat="51.254693145624394" lon="4.4460412127408118">
    <name>269.5</name>
  </wpt>
  <wpt lat="51.254605381061545" lon="4.4474629580416618">
    <name>269.6</name>
  </wpt>
  <wpt lat="51.25454040787011" lon="4.4488961375427456">
    <name>269.7</name>
  </wpt>
  <wpt lat="51.254478444433246" lon="4.4503296374294985">
    <name>269.8</name>
  </wpt>
  <wpt lat="51.254403582041604" lon="4.45176031516123">
    <name>269.9</name>
  </wpt>
  <wpt lat="51.254335243472866" lon="4.4531930886747375">
    <name>270.0</name>
  </wpt>
  <wpt lat="51.254277261910993" lon="4.4546270204513014">
    <name>270.1</name>
  </wpt>
  <wpt lat="51.254211826319931" lon="4.4560600683893767">
    <name>270.2</name>
  </wpt>
  <wpt lat="51.254142259521963" lon="4.4574926384003088">
    <name>270.3</name>
  </wpt>
  <wpt lat="51.254096000000473" lon="4.45892704965918">
    <name>270.4</name>
  </wpt>
  <wpt lat="51.254702417437606" lon="4.4597630609020058">
    <name>270.5</name>
  </wpt>
  <wpt lat="51.255489806067821" lon="4.4604556435269922">
    <name>270.6</name>
  </wpt>
  <wpt lat="51.256277620860438" lon="4.4611478281023551">
    <name>270.7</name>
  </wpt>
  <wpt lat="51.257054140644357" lon="4.4618726988694375">
    <name>270.8</name>
  </wpt>
  <wpt lat="51.257792464704373" lon="4.4625547958928431">
    <name>270.9</name>
  </wpt>
  <wpt lat="51.258543153110317" lon="4.4633404306660376">
    <name>271.0</name>
  </wpt>
  <wpt lat="51.259329632702972" lon="4.4640312746721049">
    <name>271.1</name>
  </wpt>
  <wpt lat="51.260122055153694" lon="4.4642469999999506">
    <name>271.2</name>
  </wpt>
  <wpt lat="51.261019711246178" lon="4.464186279750435">
    <name>271.3</name>
  </wpt>
  <wpt lat="51.261913522575163" lon="4.4640274323780353">
    <name>271.4</name>
  </wpt>
  <wpt lat="51.262807333904142" lon="4.4638685819166808">
    <name>271.5</name>
  </wpt>
  <wpt lat="51.263700279480048" lon="4.4636986842482944">
    <name>271.6</name>
  </wpt>
  <wpt lat="51.264592690088875" lon="4.4635216220295586">
    <name>271.7</name>
  </wpt>
  <wpt lat="51.265484211054584" lon="4.4633978429932446">
    <name>271.8</name>
  </wpt>
  <wpt lat="51.266378253936168" lon="4.46324544029086">
    <name>271.9</name>
  </wpt>
  <wpt lat="51.267264821506281" lon="4.463163827899443">
    <name>272.0</name>
  </wpt>
  <wpt lat="51.268024740965309" lon="4.4638811583635123">
    <name>272.1</name>
  </wpt>
  <wpt lat="51.268730451010619" lon="4.4647323628671032">
    <name>272.2</name>
  </wpt>
  <wpt lat="51.269465126695337" lon="4.4655582583862978">
    <name>272.3</name>
  </wpt>
  <wpt lat="51.270189114543243" lon="4.466410964765112">
    <name>272.4</name>
  </wpt>
  <wpt lat="51.270913102391063" lon="4.4672636845789953">
    <name>272.5</name>
  </wpt>
  <wpt lat="51.271637090238805" lon="4.4681164178284583">
    <name>272.6</name>
  </wpt>
  <wpt lat="51.272361078086476" lon="4.4689691645141112">
    <name>272.7</name>
  </wpt>
  <wpt lat="51.273085065934062" lon="4.4698219246364621">
    <name>272.8</name>
  </wpt>
  <wpt lat="51.273819809735322" lon="4.4706465197645526">
    <name>272.9</name>
  </wpt>
  <wpt lat="51.274541960825594" lon="4.4715032769933787">
    <name>273.0</name>
  </wpt>
  <wpt lat="51.275265222157095" lon="4.4723576356077555">
    <name>273.1</name>
  </wpt>
  <wpt lat="51.275991790072908" lon="4.4732048242004154">
    <name>273.2</name>
  </wpt>
  <wpt lat="51.276716278321686" lon="4.4740565614959724">
    <name>273.3</name>
  </wpt>
  <wpt lat="51.277440356615472" lon="4.4749092062140594">
    <name>273.4</name>
  </wpt>
  <wpt lat="51.278164434909186" lon="4.47576186437139">
    <name>273.5</name>
  </wpt>
  <wpt lat="51.278888513202823" lon="4.4766145359685732">
    <name>273.6</name>
  </wpt>
  <wpt lat="51.279612591496374" lon="4.47746722100612">
    <name>273.7</name>
  </wpt>
  <wpt lat="51.280333960061071" lon="4.4783254165003976">
    <name>273.8</name>
  </wpt>
  <wpt lat="51.281059593746093" lon="4.4791747423610726">
    <name>273.9</name>
  </wpt>
  <wpt lat="51.281786910640989" lon="4.4800203914025234">
    <name>274.0</name>
  </wpt>
  <wpt lat="51.282514123990204" lon="4.48086628355387">
    <name>274.1</name>
  </wpt>
  <wpt lat="51.283241193850834" lon="4.4817125045775219">
    <name>274.2</name>
  </wpt>
  <wpt lat="51.283968263711365" lon="4.48255873899706">
    <name>274.3</name>
  </wpt>
  <wpt lat="51.284679304842712" lon="4.4833113903478115">
    <name>274.4</name>
  </wpt>
  <wpt lat="51.285429305982163" lon="4.484031535205637">
    <name>274.5</name>
  </wpt>
  <wpt lat="51.286143407431439" lon="4.4849055680355212">
    <name>274.6</name>
  </wpt>
  <wpt lat="51.286867626332445" lon="4.4857578817126225">
    <name>274.7</name>
  </wpt>
  <wpt lat="51.287591442377142" lon="4.4866065672959872">
    <name>274.8</name>
  </wpt>
  <wpt lat="51.288198754615564" lon="4.4876511780279857">
    <name>274.9</name>
  </wpt>
  <wpt lat="51.288724323820261" lon="4.4888179997997355">
    <name>275.0</name>
  </wpt>
  <wpt lat="51.289268518857632" lon="4.4899625579487568">
    <name>275.1</name>
  </wpt>
  <wpt lat="51.289843526445615" lon="4.4910670298407744">
    <name>275.2</name>
  </wpt>
  <wpt lat="51.290403544865868" lon="4.4921865448642508">
    <name>275.3</name>
  </wpt>
  <wpt lat="51.291117953921841" lon="4.4930592439069015">
    <name>275.4</name>
  </wpt>
  <wpt lat="51.291851063645332" lon="4.4938858031398707">
    <name>275.5</name>
  </wpt>
  <wpt lat="51.292650657446217" lon="4.4945439526358193">
    <name>275.6</name>
  </wpt>
  <wpt lat="51.293446614725369" lon="4.4952117734020423">
    <name>275.7</name>
  </wpt>
  <wpt lat="51.294244009300655" lon="4.495876756972323">
    <name>275.8</name>
  </wpt>
  <wpt lat="51.295045002844894" lon="4.4965301799789836">
    <name>275.9</name>
  </wpt>
  <wpt lat="51.295841925324524" lon="4.4971966806520669">
    <name>276.0</name>
  </wpt>
  <wpt lat="51.296523663232108" lon="4.4979153863475752">
    <name>276.1</name>
  </wpt>
  <wpt lat="51.297319135011612" lon="4.4985513909415893">
    <name>276.2</name>
  </wpt>
  <wpt lat="51.298117880878934" lon="4.49921207282866">
    <name>276.3</name>
  </wpt>
  <wpt lat="51.298912457665764" lon="4.49988574298119">
    <name>276.4</name>
  </wpt>
  <wpt lat="51.299707034452538" lon="4.5005594247948038">
    <name>276.5</name>
  </wpt>
  <wpt lat="51.300501611239248" lon="4.501233118270112">
    <name>276.6</name>
  </wpt>
  <wpt lat="51.301298514578541" lon="4.5018997285440916">
    <name>276.7</name>
  </wpt>
  <wpt lat="51.302096752754721" lon="4.5025622805695305">
    <name>276.8</name>
  </wpt>
  <wpt lat="51.302894990930852" lon="4.5032248441177369">
    <name>276.9</name>
  </wpt>
  <wpt lat="51.303693229106933" lon="4.5038874191893221">
    <name>277.0</name>
  </wpt>
  <wpt lat="51.304490462087486" lon="4.50455091372578">
    <name>277.1</name>
  </wpt>
  <wpt lat="51.305288607102888" lon="4.5052137865282242">
    <name>277.2</name>
  </wpt>
  <wpt lat="51.306084621081162" lon="4.5058832073882513">
    <name>277.3</name>
  </wpt>
  <wpt lat="51.306881349068327" lon="4.5065504560958374">
    <name>277.4</name>
  </wpt>
  <wpt lat="51.307642025670063" lon="4.5073076559415544">
    <name>277.5</name>
  </wpt>
  <wpt lat="51.308329024440205" lon="4.5081213724965385">
    <name>277.6</name>
  </wpt>
  <wpt lat="51.309076136284737" lon="4.5089218984801924">
    <name>277.7</name>
  </wpt>
  <wpt lat="51.309819693570951" lon="4.5097311216320994">
    <name>277.8</name>
  </wpt>
  <wpt lat="51.310560143578691" lon="4.5105476337628465">
    <name>277.9</name>
  </wpt>
  <wpt lat="51.311300593586367" lon="4.5113641590699451">
    <name>278.0</name>
  </wpt>
  <wpt lat="51.312042004265543" lon="4.5121784612008717">
    <name>278.1</name>
  </wpt>
  <wpt lat="51.312783884705" lon="4.5129916830572663">
    <name>278.2</name>
  </wpt>
  <wpt lat="51.313505404973363" lon="4.51382162300277">
    <name>278.3</name>
  </wpt>
  <wpt lat="51.314242757173446" lon="4.5146453442327">
    <name>278.4</name>
  </wpt>
  <wpt lat="51.314982547906176" lon="4.515463460402259">
    <name>278.5</name>
  </wpt>
  <wpt lat="51.315722568599476" lon="4.5162810599617007">
    <name>278.6</name>
  </wpt>
  <wpt lat="51.316470633085785" lon="4.5170776697726476">
    <name>278.7</name>
  </wpt>
  <wpt lat="51.317272702989577" lon="4.5176499718516778">
    <name>278.8</name>
  </wpt>
  <wpt lat="51.318141100370177" lon="4.5178035606739941">
    <name>278.9</name>
  </wpt>
  <wpt lat="51.319003480462158" lon="4.5182117387493177">
    <name>279.0</name>
  </wpt>
  <wpt lat="51.319866404273256" lon="4.5186166605382549">
    <name>279.1</name>
  </wpt>
  <wpt lat="51.320732095226681" lon="4.5190060638851932">
    <name>279.2</name>
  </wpt>
  <wpt lat="51.321595995188687" lon="4.5194053854620444">
    <name>279.3</name>
  </wpt>
  <wpt lat="51.322458172880154" lon="4.5198119440945952">
    <name>279.4</name>
  </wpt>
  <wpt lat="51.323321385840821" lon="4.5202154423986523">
    <name>279.5</name>
  </wpt>
  <wpt lat="51.324184840192466" lon="4.5206166917668948">
    <name>279.6</name>
  </wpt>
  <wpt lat="51.3250497879261" lon="4.5210103939510322">
    <name>279.7</name>
  </wpt>
  <wpt lat="51.325911743408341" lon="4.5214207205373507">
    <name>279.8</name>
  </wpt>
  <wpt lat="51.326774554376286" lon="4.5218263501270295">
    <name>279.9</name>
  </wpt>
  <wpt lat="51.327637428135922" lon="4.5222313959647238">
    <name>280.0</name>
  </wpt>
  <wpt lat="51.328465025838966" lon="4.5227247820615588">
    <name>280.1</name>
  </wpt>
  <wpt lat="51.329286872619676" lon="4.5230967783529259">
    <name>280.2</name>
  </wpt>
  <wpt lat="51.330131360076379" lon="4.523569782177848">
    <name>280.3</name>
  </wpt>
  <wpt lat="51.330994264450247" lon="4.523975220534564">
    <name>280.4</name>
  </wpt>
  <wpt lat="51.331856965343064" lon="4.5243817737507062">
    <name>280.5</name>
  </wpt>
  <wpt lat="51.332720167927796" lon="4.5247855848132081">
    <name>280.6</name>
  </wpt>
  <wpt lat="51.3335832252064" lon="4.5251902086145019">
    <name>280.7</name>
  </wpt>
  <wpt lat="51.334446168832045" lon="4.525595463580129">
    <name>280.8</name>
  </wpt>
  <wpt lat="51.335309112457672" lon="4.5260007261738977">
    <name>280.9</name>
  </wpt>
  <wpt lat="51.3361701804619" lon="4.5264158896815188">
    <name>281.0</name>
  </wpt>
  <wpt lat="51.337011213314888" lon="4.52692187148978">
    <name>281.1</name>
  </wpt>
  <wpt lat="51.337747360662711" lon="4.5277405994602526">
    <name>281.2</name>
  </wpt>
  <wpt lat="51.338487886857237" lon="4.52853630484114">
    <name>281.3</name>
  </wpt>
  <wpt lat="51.33915630098268" lon="4.5294639408303761">
    <name>281.4</name>
  </wpt>
  <wpt lat="51.339872466939305" lon="4.5303346788102861">
    <name>281.5</name>
  </wpt>
  <wpt lat="51.340588618067109" lon="4.5312054616469064">
    <name>281.6</name>
  </wpt>
  <wpt lat="51.341304773444264" lon="4.5320762491333451">
    <name>281.7</name>
  </wpt>
  <wpt lat="51.342012014690042" lon="4.5329655176610411">
    <name>281.8</name>
  </wpt>
  <wpt lat="51.34273711982577" lon="4.5337902796581293">
    <name>281.9</name>
  </wpt>
  <wpt lat="51.343424627463925" lon="4.5346994587370029">
    <name>282.0</name>
  </wpt>
  <wpt lat="51.344141328396049" lon="4.5355691022342057">
    <name>282.1</name>
  </wpt>
  <wpt lat="51.344854195472692" lon="4.5364468414838459">
    <name>282.2</name>
  </wpt>
  <wpt lat="51.345573689243089" lon="4.53731062844628">
    <name>282.3</name>
  </wpt>
  <wpt lat="51.346284917260419" lon="4.538191562777441">
    <name>282.4</name>
  </wpt>
  <wpt lat="51.346989918808212" lon="4.539085480116019">
    <name>282.5</name>
  </wpt>
  <wpt lat="51.347724099147378" lon="4.5399028621652135">
    <name>282.6</name>
  </wpt>
  <wpt lat="51.348439847646212" lon="4.5407746413861583">
    <name>282.7</name>
  </wpt>
  <wpt lat="51.3491547649382" lon="4.5416481816514267">
    <name>282.8</name>
  </wpt>
  <wpt lat="51.349870873092392" lon="4.5425192202014886">
    <name>282.9</name>
  </wpt>
  <wpt lat="51.350589349199538" lon="4.543385075339196">
    <name>283.0</name>
  </wpt>
  <wpt lat="51.351298154865937" lon="4.5442711176552217">
    <name>283.1</name>
  </wpt>
  <wpt lat="51.35201922902553" lon="4.5451315626200541">
    <name>283.2</name>
  </wpt>
  <wpt lat="51.3527347392575" lon="4.546003901201944">
    <name>283.3</name>
  </wpt>
  <wpt lat="51.353456249956238" lon="4.5468127631093012">
    <name>283.4</name>
  </wpt>
  <wpt lat="51.354170745719941" lon="4.5476872737218041">
    <name>283.5</name>
  </wpt>
  <wpt lat="51.354889137055856" lon="4.5485533104982929">
    <name>283.6</name>
  </wpt>
  <wpt lat="51.355607083982129" lon="4.5494203517676368">
    <name>283.7</name>
  </wpt>
  <wpt lat="51.356320337863856" lon="4.5502967250264437">
    <name>283.8</name>
  </wpt>
  <wpt lat="51.3570353536726" lon="4.5511701117992631">
    <name>283.9</name>
  </wpt>
  <wpt lat="51.357747674947561" lon="4.5520491699963292">
    <name>284.0</name>
  </wpt>
  <wpt lat="51.358459344068194" lon="4.5529296495153977">
    <name>284.1</name>
  </wpt>
  <wpt lat="51.359175225435706" lon="4.553801094926798">
    <name>284.2</name>
  </wpt>
  <wpt lat="51.359886576659079" lon="4.5546807700854188">
    <name>284.3</name>
  </wpt>
  <wpt lat="51.360592842318745" lon="4.555570755910229">
    <name>284.4</name>
  </wpt>
  <wpt lat="51.361307372245818" lon="4.5564453390935249">
    <name>284.5</name>
  </wpt>
  <wpt lat="51.362022815201847" lon="4.5573180113341252">
    <name>284.6</name>
  </wpt>
  <wpt lat="51.362739181682159" lon="4.5581887609610732">
    <name>284.7</name>
  </wpt>
  <wpt lat="51.363454443229067" lon="4.5590618398606768">
    <name>284.8</name>
  </wpt>
  <wpt lat="51.36417180875592" lon="4.5599304034690853">
    <name>284.9</name>
  </wpt>
  <wpt lat="51.364884632368813" lon="4.56080862021026">
    <name>285.0</name>
  </wpt>
  <wpt lat="51.365600658306235" lon="4.5616800911173936">
    <name>285.1</name>
  </wpt>
  <wpt lat="51.366315366818071" lon="4.562554368949832">
    <name>285.2</name>
  </wpt>
  <wpt lat="51.367030754903247" lon="4.5634272392686608">
    <name>285.3</name>
  </wpt>
  <wpt lat="51.367741736058463" lon="4.5643092290585985">
    <name>285.4</name>
  </wpt>
  <wpt lat="51.368456432961985" lon="4.5651835998594139">
    <name>285.5</name>
  </wpt>
  <wpt lat="51.369171129865414" lon="4.56605798430771">
    <name>285.6</name>
  </wpt>
  <wpt lat="51.369885826768765" lon="4.5669323824040964">
    <name>285.7</name>
  </wpt>
  <wpt lat="51.370598769528719" lon="4.56781045748937">
    <name>285.8</name>
  </wpt>
  <wpt lat="51.371311210036929" lon="4.5686895948445905">
    <name>285.9</name>
  </wpt>
  <wpt lat="51.37202365054506" lon="4.5695687458797583">
    <name>286.0</name>
  </wpt>
  <wpt lat="51.372736918304874" lon="4.5704461873571161">
    <name>286.1</name>
  </wpt>
  <wpt lat="51.373450262308673" lon="4.5713234837515131">
    <name>286.2</name>
  </wpt>
  <wpt lat="51.374157819569376" lon="4.5722119950128537">
    <name>286.3</name>
  </wpt>
  <wpt lat="51.374873930835079" lon="4.5730833740474521">
    <name>286.4</name>
  </wpt>
  <wpt lat="51.375587546068338" lon="4.5739601028760895">
    <name>286.5</name>
  </wpt>
  <wpt lat="51.376299533031826" lon="4.5748402784304121">
    <name>286.6</name>
  </wpt>
  <wpt lat="51.377011557145643" lon="4.5757203905069694">
    <name>286.7</name>
  </wpt>
  <wpt lat="51.377724660673991" lon="4.5765982286076383">
    <name>286.8</name>
  </wpt>
  <wpt lat="51.378448379386519" lon="4.5774535025419905">
    <name>286.9</name>
  </wpt>
  <wpt lat="51.379161734185828" lon="4.5783308858693434">
    <name>287.0</name>
  </wpt>
  <wpt lat="51.379875088985052" lon="4.5792082828707406">
    <name>287.1</name>
  </wpt>
  <wpt lat="51.380588443784205" lon="4.5800856935467928">
    <name>287.2</name>
  </wpt>
  <wpt lat="51.381301798583252" lon="4.5809631178980084">
    <name>287.3</name>
  </wpt>
  <wpt lat="51.382015153382234" lon="4.5818405559249982">
    <name>287.4</name>
  </wpt>
  <wpt lat="51.382728490008226" lon="4.5827180454777894">
    <name>287.5</name>
  </wpt>
  <wpt lat="51.383439965718914" lon="4.58359937281732">
    <name>287.6</name>
  </wpt>
  <wpt lat="51.384150467767192" lon="4.5844827358205444">
    <name>287.7</name>
  </wpt>
  <wpt lat="51.384864408127555" lon="4.5853589921677589">
    <name>287.8</name>
  </wpt>
  <wpt lat="51.385579531968453" lon="4.5862327813094463">
    <name>287.9</name>
  </wpt>
  <wpt lat="51.3862925217179" lon="4.5871110614036068">
    <name>288.0</name>
  </wpt>
  <wpt lat="51.387003920867016" lon="4.5879926616135585">
    <name>288.1</name>
  </wpt>
  <wpt lat="51.387728715687835" lon="4.5888456291755535">
    <name>288.2</name>
  </wpt>
  <wpt lat="51.38843251364154" lon="4.5897415669805763">
    <name>288.3</name>
  </wpt>
  <wpt lat="51.3891418053782" lon="4.5906274526697022">
    <name>288.4</name>
  </wpt>
  <wpt lat="51.389862195212224" lon="4.5914888471387041">
    <name>288.5</name>
  </wpt>
  <wpt lat="51.390571866112325" lon="4.5923731879888612">
    <name>288.6</name>
  </wpt>
  <wpt lat="51.391285737145729" lon="4.5932491855512874">
    <name>288.7</name>
  </wpt>
  <wpt lat="51.39200487770136" lon="4.594114171393529">
    <name>288.8</name>
  </wpt>
  <wpt lat="51.392719642807073" lon="4.5949887209203482">
    <name>288.9</name>
  </wpt>
  <wpt lat="51.3934257082329" lon="4.59588038515287">
    <name>289.0</name>
  </wpt>
  <wpt lat="51.394144088174983" lon="4.5967462633590133">
    <name>289.1</name>
  </wpt>
  <wpt lat="51.394857479084806" lon="4.5976229623290106">
    <name>289.2</name>
  </wpt>
  <wpt lat="51.39557026317577" lon="4.5985017464051126">
    <name>289.3</name>
  </wpt>
  <wpt lat="51.396285606397413" lon="4.5993752905895375">
    <name>289.4</name>
  </wpt>
  <wpt lat="51.3969983323315" lon="4.6002541850681373">
    <name>289.5</name>
  </wpt>
  <wpt lat="51.397715338345748" lon="4.60112422135051">
    <name>289.6</name>
  </wpt>
  <wpt lat="51.398424934290979" lon="4.6020097655228707">
    <name>289.7</name>
  </wpt>
  <wpt lat="51.399134431039265" lon="4.6028955119992716">
    <name>289.8</name>
  </wpt>
  <wpt lat="51.399847356562617" lon="4.6037740939883225">
    <name>289.9</name>
  </wpt>
  <wpt lat="51.400563681082978" lon="4.6046456521558312">
    <name>290.0</name>
  </wpt>
  <wpt lat="51.401278930749996" lon="4.6055194698860751">
    <name>290.1</name>
  </wpt>
  <wpt lat="51.401989616134472" lon="4.6064028368641283">
    <name>290.2</name>
  </wpt>
  <wpt lat="51.40270030151887" lon="4.6072862175691505">
    <name>290.3</name>
  </wpt>
  <wpt lat="51.403410986903175" lon="4.6081696120017517">
    <name>290.4</name>
  </wpt>
  <wpt lat="51.404204463998134" lon="4.6088405185851782">
    <name>290.5</name>
  </wpt>
  <wpt lat="51.405029324019715" lon="4.6094149004267768">
    <name>290.6</name>
  </wpt>
  <wpt lat="51.4058579720564" lon="4.60997465680349">
    <name>290.7</name>
  </wpt>
  <wpt lat="51.406688225350919" lon="4.6105287309602874">
    <name>290.8</name>
  </wpt>
  <wpt lat="51.407518679641164" lon="4.6110820404054831">
    <name>290.9</name>
  </wpt>
  <wpt lat="51.408283341280189" lon="4.6117155010903916">
    <name>291.0</name>
  </wpt>
  <wpt lat="51.408529982611789" lon="4.6130498736702688">
    <name>291.1</name>
  </wpt>
  <wpt lat="51.408809982023229" lon="4.6144198118994924">
    <name>291.2</name>
  </wpt>
  <wpt lat="51.409306641648037" lon="4.6154830029308878">
    <name>291.3</name>
  </wpt>
  <wpt lat="51.409931871311528" lon="4.6165163258156987">
    <name>291.4</name>
  </wpt>
  <wpt lat="51.410537981331125" lon="4.6175814809757894">
    <name>291.5</name>
  </wpt>
  <wpt lat="51.411142063082814" lon="4.6186495998242618">
    <name>291.6</name>
  </wpt>
  <wpt lat="51.411752548023578" lon="4.6197083522479918">
    <name>291.7</name>
  </wpt>
  <wpt lat="51.412362686135637" lon="4.6207676333999048">
    <name>291.8</name>
  </wpt>
  <wpt lat="51.412989599284828" lon="4.6218013556965332">
    <name>291.9</name>
  </wpt>
  <wpt lat="51.4136223588954" lon="4.62282598223179">
    <name>292.0</name>
  </wpt>
  <wpt lat="51.414253816760151" lon="4.6238526826820756">
    <name>292.1</name>
  </wpt>
  <wpt lat="51.414884464442849" lon="4.6248806792970436">
    <name>292.2</name>
  </wpt>
  <wpt lat="51.415513816077116" lon="4.6259107209310146">
    <name>292.3</name>
  </wpt>
  <wpt lat="51.416143581531827" lon="4.6269401342365866">
    <name>292.4</name>
  </wpt>
  <wpt lat="51.4167835345233" lon="4.6279531136175445">
    <name>292.5</name>
  </wpt>
  <wpt lat="51.417418549109485" lon="4.6289741796738912">
    <name>292.6</name>
  </wpt>
  <wpt lat="51.4180447527507" lon="4.6300089606415034">
    <name>292.7</name>
  </wpt>
  <wpt lat="51.418648663527662" lon="4.6310775226913652">
    <name>292.8</name>
  </wpt>
  <wpt lat="51.419111195998305" lon="4.6323015661219209">
    <name>292.9</name>
  </wpt>
  <wpt lat="51.419510633407441" lon="4.6335931778583488">
    <name>293.0</name>
  </wpt>
  <wpt lat="51.419911351582634" lon="4.6348823646149038">
    <name>293.1</name>
  </wpt>
  <wpt lat="51.420307929236579" lon="4.636176113237477">
    <name>293.2</name>
  </wpt>
  <wpt lat="51.4207790130178" lon="4.637392525425887">
    <name>293.3</name>
  </wpt>
  <wpt lat="51.421391602857369" lon="4.6384483373873246">
    <name>293.4</name>
  </wpt>
  <wpt lat="51.42203522779937" lon="4.6394466729917472">
    <name>293.5</name>
  </wpt>
  <wpt lat="51.422887702302795" lon="4.6398289625751277">
    <name>293.6</name>
  </wpt>
  <wpt lat="51.42376958565621" lon="4.6400993018598049">
    <name>293.7</name>
  </wpt>
  <wpt lat="51.424568200358742" lon="4.6407624630079773">
    <name>293.8</name>
  </wpt>
  <wpt lat="51.425385212815513" lon="4.6413378576143165">
    <name>293.9</name>
  </wpt>
  <wpt lat="51.426271716368817" lon="4.6415804253236743">
    <name>294.0</name>
  </wpt>
  <wpt lat="51.427160894562988" lon="4.641791153211237">
    <name>294.1</name>
  </wpt>
  <wpt lat="51.4280571156996" lon="4.6419108198491745">
    <name>294.2</name>
  </wpt>
  <wpt lat="51.428953336836216" lon="4.642030488834413">
    <name>294.3</name>
  </wpt>
  <wpt lat="51.429849455776647" lon="4.6421520987735523">
    <name>294.4</name>
  </wpt>
  <wpt lat="51.430745695754766" lon="4.64227140837891">
    <name>294.5</name>
  </wpt>
  <wpt lat="51.431641937314708" lon="4.6423906902699823">
    <name>294.6</name>
  </wpt>
  <wpt lat="51.432538284869317" lon="4.64250790388665">
    <name>294.7</name>
  </wpt>
  <wpt lat="51.433434315700723" lon="4.6425768230569426">
    <name>294.8</name>
  </wpt>
  <wpt lat="51.434316542157738" lon="4.6422968886508826">
    <name>294.9</name>
  </wpt>
  <wpt lat="51.435206650476609" lon="4.6421399120470577">
    <name>295.0</name>
  </wpt>
  <wpt lat="51.436103090232216" lon="4.6422445221543942">
    <name>295.1</name>
  </wpt>
  <wpt lat="51.436989483099111" lon="4.6424859521485029">
    <name>295.2</name>
  </wpt>
  <wpt lat="51.4378694448282" lon="4.64278368633485">
    <name>295.3</name>
  </wpt>
  <wpt lat="51.438750119960766" lon="4.6430758682436819">
    <name>295.4</name>
  </wpt>
  <wpt lat="51.439631140345384" lon="4.643365379091752">
    <name>295.5</name>
  </wpt>
  <wpt lat="51.440511614780078" lon="4.6436592035811035">
    <name>295.6</name>
  </wpt>
  <wpt lat="51.44139213162407" lon="4.6439527065902668">
    <name>295.7</name>
  </wpt>
  <wpt lat="51.442275435937347" lon="4.6442168054754172">
    <name>295.8</name>
  </wpt>
  <wpt lat="51.443167574524821" lon="4.644099624118124">
    <name>295.9</name>
  </wpt>
  <wpt lat="51.444054108148286" lon="4.6438572451499036">
    <name>296.0</name>
  </wpt>
  <wpt lat="51.444940363827243" lon="4.643612180031047">
    <name>296.1</name>
  </wpt>
  <wpt lat="51.445791099261818" lon="4.6431528400038919">
    <name>296.2</name>
  </wpt>
  <wpt lat="51.446632125309478" lon="4.6426417773981488">
    <name>296.3</name>
  </wpt>
  <wpt lat="51.447456602127637" lon="4.6420670937847071">
    <name>296.4</name>
  </wpt>
  <wpt lat="51.448299227085045" lon="4.6415742383263225">
    <name>296.5</name>
  </wpt>
  <wpt lat="51.449154592833892" lon="4.6411364156084538">
    <name>296.6</name>
  </wpt>
  <wpt lat="51.449768095833484" lon="4.6401108023006623">
    <name>296.7</name>
  </wpt>
  <wpt lat="51.450417155579927" lon="4.6396968142412707">
    <name>296.8</name>
  </wpt>
  <wpt lat="51.451247134665273" lon="4.6402524847967292">
    <name>296.9</name>
  </wpt>
  <wpt lat="51.452076993601352" lon="4.64080862710356">
    <name>297.0</name>
  </wpt>
  <wpt lat="51.452862280928294" lon="4.641396921320017">
    <name>297.1</name>
  </wpt>
  <wpt lat="51.453673686073685" lon="4.6420000248329432">
    <name>297.2</name>
  </wpt>
  <wpt lat="51.454400888171953" lon="4.6428067353309785">
    <name>297.3</name>
  </wpt>
  <wpt lat="51.4549458798305" lon="4.6439531856376783">
    <name>297.4</name>
  </wpt>
  <wpt lat="51.455481066509456" lon="4.6450868398193315">
    <name>297.5</name>
  </wpt>
  <wpt lat="51.456145982123815" lon="4.6460035661016486">
    <name>297.6</name>
  </wpt>
  <wpt lat="51.456956139880241" lon="4.6463581398561313">
    <name>297.7</name>
  </wpt>
  <wpt lat="51.457725623613513" lon="4.6471050608825282">
    <name>297.8</name>
  </wpt>
  <wpt lat="51.458489492364478" lon="4.6478479225505982">
    <name>297.9</name>
  </wpt>
  <wpt lat="51.459263287867671" lon="4.6485833579033766">
    <name>298.0</name>
  </wpt>
  <wpt lat="51.460035022679591" lon="4.6493244366186479">
    <name>298.1</name>
  </wpt>
  <wpt lat="51.460806496262393" lon="4.6500662284719878">
    <name>298.2</name>
  </wpt>
  <wpt lat="51.461572141114885" lon="4.6508211686434215">
    <name>298.3</name>
  </wpt>
  <wpt lat="51.462352747089696" lon="4.6515379009664741">
    <name>298.4</name>
  </wpt>
  <wpt lat="51.46312349051437" lon="4.65228168341225">
    <name>298.5</name>
  </wpt>
  <wpt lat="51.463794309780113" lon="4.6531180000000294">
    <name>298.6</name>
  </wpt>
  <wpt lat="51.46459097329241" lon="4.6536639989974891">
    <name>298.7</name>
  </wpt>
  <wpt lat="51.465363161221461" lon="4.6544039477367951">
    <name>298.8</name>
  </wpt>
  <wpt lat="51.466133457536294" lon="4.6551484573011344">
    <name>298.9</name>
  </wpt>
  <wpt lat="51.466907910144215" lon="4.6558812663983629">
    <name>299.0</name>
  </wpt>
  <wpt lat="51.471018949488176" lon="4.6678099354678242">
    <name>300.57</name>
  </wpt>
  <wpt lat="51.471270418512105" lon="4.66835038503256">
    <name>300.6</name>
  </wpt>
  <wpt lat="51.472022893563476" lon="4.6689833612126321">
    <name>300.7</name>
  </wpt>
  <wpt lat="51.472767344376464" lon="4.66931753965849">
    <name>300.8</name>
  </wpt>
  <wpt lat="51.47266673287541" lon="4.6707518837484221">
    <name>300.9</name>
  </wpt>
  <wpt lat="51.473570935068935" lon="4.67513299999998">
    <name>301.28</name>
  </wpt>
  <wpt lat="51.473854719962148" lon="4.67510536585078">
    <name>301.3</name>
  </wpt>
  <wpt lat="51.474534522896484" lon="4.6742826165523566">
    <name>301.4</name>
  </wpt>
  <wpt lat="51.4749522920416" lon="4.6730040023622967">
    <name>301.5</name>
  </wpt>
  <wpt lat="51.47623866983804" lon="4.6695717380532837">
    <name>301.81</name>
  </wpt>
  <wpt lat="51.476291025998364" lon="4.6696195010684614">
    <name>301.8</name>
  </wpt>
  <wpt lat="51.477103457480631" lon="4.6700063719813283">
    <name>301.9</name>
  </wpt>
  <wpt lat="51.477915683898793" lon="4.6706262601235187">
    <name>302.0</name>
  </wpt>
  <wpt lat="51.478709896093804" lon="4.6713030322836495">
    <name>302.1</name>
  </wpt>
  <wpt lat="51.479508689668926" lon="4.6719658882699662">
    <name>302.2</name>
  </wpt>
  <wpt lat="51.480313658839641" lon="4.672609772035198">
    <name>302.3</name>
  </wpt>
  <wpt lat="51.481118085115838" lon="4.67325538224093">
    <name>302.4</name>
  </wpt>
  <wpt lat="51.48191638030093" lon="4.6739203669817559">
    <name>302.5</name>
  </wpt>
  <wpt lat="51.482718814024793" lon="4.6745723498970717">
    <name>302.6</name>
  </wpt>
  <wpt lat="51.483522348379921" lon="4.6752208834434317">
    <name>302.7</name>
  </wpt>
  <wpt lat="51.484325882734993" lon="4.6758694284176014">
    <name>302.8</name>
  </wpt>
  <wpt lat="51.485129417090015" lon="4.6765179848200891">
    <name>302.9</name>
  </wpt>
  <wpt lat="51.485929998593384" lon="4.6771758913188108">
    <name>303.0</name>
  </wpt>
  <wpt lat="51.486738992717576" lon="4.6778067119905646">
    <name>303.1</name>
  </wpt>
  <wpt lat="51.487543399655586" lon="4.6784525071613769">
    <name>303.2</name>
  </wpt>
  <wpt lat="51.488389457990756" lon="4.67889742564697">
    <name>303.3</name>
  </wpt>
  <wpt lat="51.489281170775278" lon="4.6790833603685256">
    <name>303.4</name>
  </wpt>
  <wpt lat="51.490172821699133" lon="4.679268104147309">
    <name>303.5</name>
  </wpt>
  <wpt lat="51.491041778505391" lon="4.6796178727835933">
    <name>303.6</name>
  </wpt>
  <wpt lat="51.491865211384457" lon="4.6801963303026648">
    <name>303.7</name>
  </wpt>
  <wpt lat="51.492668807507151" lon="4.6808447964700175">
    <name>303.8</name>
  </wpt>
  <wpt lat="51.493472827888169" lon="4.6814919045485617">
    <name>303.9</name>
  </wpt>
  <wpt lat="51.494279140711186" lon="4.6821316350237643">
    <name>304.0</name>
  </wpt>
  <wpt lat="51.495082979460392" lon="4.6827793247727341">
    <name>304.1</name>
  </wpt>
  <wpt lat="51.495885409089517" lon="4.6834315526389005">
    <name>304.2</name>
  </wpt>
  <wpt lat="51.496690613007019" lon="4.684074226974551">
    <name>304.3</name>
  </wpt>
  <wpt lat="51.497495619818324" lon="4.6847180194222409">
    <name>304.4</name>
  </wpt>
  <wpt lat="51.498297661753334" lon="4.6853714260009545">
    <name>304.5</name>
  </wpt>
  <wpt lat="51.499099706362216" lon="4.6860249033255856">
    <name>304.6</name>
  </wpt>
  <wpt lat="51.499905310514372" lon="4.6866670024380248">
    <name>304.7</name>
  </wpt>
  <wpt lat="51.500712659771089" lon="4.68730343285213">
    <name>304.8</name>
  </wpt>
  <wpt lat="51.501521860821235" lon="4.6879336877874778">
    <name>304.9</name>
  </wpt>
  <wpt lat="51.502326341232262" lon="4.6885794562644287">
    <name>305.0</name>
  </wpt>
  <wpt lat="51.503130821643254" lon="4.6892252361415059">
    <name>305.1</name>
  </wpt>
  <wpt lat="51.503935302054195" lon="4.6898710274192181">
    <name>305.2</name>
  </wpt>
  <wpt lat="51.504739780350391" lon="4.6905168368868528">
    <name>305.3</name>
  </wpt>
  <wpt lat="51.505544302268682" lon="4.691162517496223">
    <name>305.4</name>
  </wpt>
  <wpt lat="51.506350682839866" lon="4.6918021353269674">
    <name>305.5</name>
  </wpt>
  <wpt lat="51.507155512209543" lon="4.6924467280068969">
    <name>305.6</name>
  </wpt>
  <wpt lat="51.507958152546408" lon="4.6930984465246866">
    <name>305.7</name>
  </wpt>
  <wpt lat="51.508764091903664" lon="4.693739588024628">
    <name>305.8</name>
  </wpt>
  <wpt lat="51.509567846178911" lon="4.69438775874471">
    <name>305.9</name>
  </wpt>
  <wpt lat="51.510372145209757" lon="4.6950339616708758">
    <name>306.0</name>
  </wpt>
  <wpt lat="51.511173935042983" lon="4.6956884359036817">
    <name>306.1</name>
  </wpt>
  <wpt lat="51.5119762693244" lon="4.6963411953088281">
    <name>306.2</name>
  </wpt>
  <wpt lat="51.512780707135121" lon="4.6969871596796535">
    <name>306.3</name>
  </wpt>
  <wpt lat="51.513585788884022" lon="4.6976311502883172">
    <name>306.4</name>
  </wpt>
  <wpt lat="51.514389086774337" lon="4.698280736302002">
    <name>306.5</name>
  </wpt>
  <wpt lat="51.514988089502957" lon="4.6993373147314195">
    <name>306.6</name>
  </wpt>
  <wpt lat="51.515469568469157" lon="4.70055339027893">
    <name>306.7</name>
  </wpt>
  <wpt lat="51.51590793212592" lon="4.701811032242655">
    <name>306.8</name>
  </wpt>
  <wpt lat="51.516671119797557" lon="4.7025464958916832">
    <name>306.9</name>
  </wpt>
  <wpt lat="51.51746822432893" lon="4.7030314779159612">
    <name>307.0</name>
  </wpt>
  <wpt lat="51.518357803302855" lon="4.7028232297441415">
    <name>307.1</name>
  </wpt>
  <wpt lat="51.519251883391888" lon="4.7027342208276766">
    <name>307.2</name>
  </wpt>
  <wpt lat="51.519853407504058" lon="4.7034613344064029">
    <name>307.3</name>
  </wpt>
  <wpt lat="51.519355285378047" lon="4.704660695163116">
    <name>307.4</name>
  </wpt>
  <wpt lat="51.518741701845954" lon="4.7057040432080868">
    <name>307.5</name>
  </wpt>
  <wpt lat="51.518060256559288" lon="4.7066470339267585">
    <name>307.6</name>
  </wpt>
  <wpt lat="51.517473001729428" lon="4.7075130637917244">
    <name>307.7</name>
  </wpt>
  <wpt lat="51.516941226321904" lon="4.7086576993488309">
    <name>307.8</name>
  </wpt>
  <wpt lat="51.516249759028547" lon="4.709581742688127">
    <name>307.9</name>
  </wpt>
  <wpt lat="51.515566059791311" lon="4.71052044264078">
    <name>308.0</name>
  </wpt>
  <wpt lat="51.514969943939775" lon="4.7115894420925315">
    <name>308.1</name>
  </wpt>
  <wpt lat="51.514368883295141" lon="4.71265483895778">
    <name>308.2</name>
  </wpt>
  <wpt lat="51.51369357086778" lon="4.7136091805626421">
    <name>308.3</name>
  </wpt>
  <wpt lat="51.513014733654991" lon="4.7145555180173817">
    <name>308.4</name>
  </wpt>
  <wpt lat="51.5122655878126" lon="4.7153537306198547">
    <name>308.5</name>
  </wpt>
  <wpt lat="51.511502216547825" lon="4.7161176717086217">
    <name>308.6</name>
  </wpt>
  <wpt lat="51.510695847426376" lon="4.7166573051708109">
    <name>308.7</name>
  </wpt>
  <wpt lat="51.510121290003163" lon="4.71771536934378">
    <name>308.8</name>
  </wpt>
  <wpt lat="51.5094425613691" lon="4.7186621538328586">
    <name>308.9</name>
  </wpt>
  <wpt lat="51.508683865718105" lon="4.7194291089915206">
    <name>309.0</name>
  </wpt>
  <wpt lat="51.507874905445732" lon="4.7200598329316659">
    <name>309.1</name>
  </wpt>
  <wpt lat="51.507059258871614" lon="4.720668454829708">
    <name>309.2</name>
  </wpt>
  <wpt lat="51.5062444705924" lon="4.7212800164795317">
    <name>309.3</name>
  </wpt>
  <wpt lat="51.505439872554767" lon="4.7219221278779706">
    <name>309.4</name>
  </wpt>
  <wpt lat="51.504717295969861" lon="4.722780873156518">
    <name>309.5</name>
  </wpt>
  <wpt lat="51.5041561766899" lon="4.7238927827716886">
    <name>309.6</name>
  </wpt>
  <wpt lat="51.503778101591763" lon="4.7252019378688273">
    <name>309.7</name>
  </wpt>
  <wpt lat="51.503932952637967" lon="4.7265842728055789">
    <name>309.8</name>
  </wpt>
  <wpt lat="51.50440016446192" lon="4.7277732159892638">
    <name>309.9</name>
  </wpt>
  <wpt lat="51.505047994405629" lon="4.7287650676459076">
    <name>310.0</name>
  </wpt>
  <wpt lat="51.505552497627733" lon="4.7299609529347979">
    <name>310.1</name>
  </wpt>
  <wpt lat="51.505770869895848" lon="4.73130635029101">
    <name>310.2</name>
  </wpt>
  <wpt lat="51.505220938476171" lon="4.7324315305973634">
    <name>310.3</name>
  </wpt>
  <wpt lat="51.504479367531779" lon="4.7331854753567555">
    <name>310.4</name>
  </wpt>
  <wpt lat="51.503655016152145" lon="4.7337511931722949">
    <name>310.5</name>
  </wpt>
  <wpt lat="51.502873705289261" lon="4.7344662948594651">
    <name>310.6</name>
  </wpt>
  <wpt lat="51.502635998750577" lon="4.7355929349626589">
    <name>310.7</name>
  </wpt>
  <wpt lat="51.503407458536309" lon="4.7363262234154808">
    <name>310.8</name>
  </wpt>
  <wpt lat="51.504175036528665" lon="4.73707871333522">
    <name>310.9</name>
  </wpt>
  <wpt lat="51.50498232455157" lon="4.7376836588079181">
    <name>311.0</name>
  </wpt>
  <wpt lat="51.505658223767966" lon="4.7382362096721975">
    <name>311.1</name>
  </wpt>
  <wpt lat="51.505568926410177" lon="4.7396739068144234">
    <name>311.2</name>
  </wpt>
  <wpt lat="51.505479629052417" lon="4.7411116011391359">
    <name>311.3</name>
  </wpt>
  <wpt lat="51.505377790419651" lon="4.7425469622139218">
    <name>311.4</name>
  </wpt>
  <wpt lat="51.505296011815325" lon="4.7439853331495838">
    <name>311.5</name>
  </wpt>
  <wpt lat="51.505196525147994" lon="4.745421287580915">
    <name>311.6</name>
  </wpt>
  <wpt lat="51.505096168181176" lon="4.7468570859280277">
    <name>311.7</name>
  </wpt>
  <wpt lat="51.505001000278256" lon="4.748293343659598">
    <name>311.8</name>
  </wpt>
  <wpt lat="51.505043415660154" lon="4.7497341179409487">
    <name>311.9</name>
  </wpt>
  <wpt lat="51.505234001526127" lon="4.7511457707568772">
    <name>312.0</name>
  </wpt>
  <wpt lat="51.50545629880861" lon="4.7525450214195573">
    <name>312.1</name>
  </wpt>
  <wpt lat="51.505770899489384" lon="4.7535696516618637">
    <name>312.2</name>
  </wpt>
  <wpt lat="51.505324609237292" lon="4.7548216084473">
    <name>312.3</name>
  </wpt>
  <wpt lat="51.504758374589109" lon="4.7559414265691906">
    <name>312.4</name>
  </wpt>
  <wpt lat="51.504211120345829" lon="4.7570804442714447">
    <name>312.5</name>
  </wpt>
  <wpt lat="51.504028690865439" lon="4.7584163186929587">
    <name>312.6</name>
  </wpt>
  <wpt lat="51.504316507831945" lon="4.7597842364065786">
    <name>312.7</name>
  </wpt>
  <wpt lat="51.5045651505195" lon="4.761172718591383">
    <name>312.8</name>
  </wpt>
  <wpt lat="51.504814913289849" lon="4.7625606860591354">
    <name>312.9</name>
  </wpt>
  <wpt lat="51.505067663356847" lon="4.7639472680794057">
    <name>313.0</name>
  </wpt>
  <wpt lat="51.50532041914159" lon="4.7653338551015434">
    <name>313.1</name>
  </wpt>
  <wpt lat="51.505573174926262" lon="4.7667204498150255">
    <name>313.2</name>
  </wpt>
  <wpt lat="51.505751963480044" lon="4.7681304351894891">
    <name>313.3</name>
  </wpt>
  <wpt lat="51.505651766300318" lon="4.7695535040393411">
    <name>313.4</name>
  </wpt>
  <wpt lat="51.505329341376267" lon="4.7708845578286745">
    <name>313.5</name>
  </wpt>
  <wpt lat="51.505253170676987" lon="4.7723241370070868">
    <name>313.6</name>
  </wpt>
  <wpt lat="51.505179160348582" lon="4.7737640608384453">
    <name>313.7</name>
  </wpt>
  <wpt lat="51.504920367183765" lon="4.7751390921762891">
    <name>313.8</name>
  </wpt>
  <wpt lat="51.504696781073676" lon="4.7765378625066139">
    <name>313.9</name>
  </wpt>
  <wpt lat="51.504505065588944" lon="4.7779494456089573">
    <name>314.0</name>
  </wpt>
  <wpt lat="51.504858717009348" lon="4.77879666522663">
    <name>314.1</name>
  </wpt>
  <wpt lat="51.505194002130473" lon="4.7796796771610435">
    <name>314.2</name>
  </wpt>
  <wpt lat="51.505228712561141" lon="4.78112239131114">
    <name>314.3</name>
  </wpt>
  <wpt lat="51.505294524272614" lon="4.7825614196638924">
    <name>314.4</name>
  </wpt>
  <wpt lat="51.505360278444989" lon="4.7840019183858526">
    <name>314.5</name>
  </wpt>
  <wpt lat="51.505484228053312" lon="4.7854289815098063">
    <name>314.6</name>
  </wpt>
  <wpt lat="51.506112115593737" lon="4.786421147551609">
    <name>314.7</name>
  </wpt>
  <wpt lat="51.506195728457818" lon="4.7878333317552757">
    <name>314.8</name>
  </wpt>
  <wpt lat="51.506008470074235" lon="4.7892465157706328">
    <name>314.9</name>
  </wpt>
  <wpt lat="51.505804941934464" lon="4.7906526540519012">
    <name>315.0</name>
  </wpt>
  <wpt lat="51.505686695128624" lon="4.7920655625218114">
    <name>315.1</name>
  </wpt>
  <wpt lat="51.505209041687962" lon="4.7927878465836686">
    <name>315.2</name>
  </wpt>
  <wpt lat="51.50436632250571" lon="4.7932709826733459">
    <name>315.3</name>
  </wpt>
  <wpt lat="51.503625508750979" lon="4.7940814522640736">
    <name>315.4</name>
  </wpt>
  <wpt lat="51.502971937492809" lon="4.795073783597827">
    <name>315.5</name>
  </wpt>
  <wpt lat="51.502255181548477" lon="4.7959388188228376">
    <name>315.6</name>
  </wpt>
  <wpt lat="51.501457958298204" lon="4.7966050566638385">
    <name>315.7</name>
  </wpt>
  <wpt lat="51.5011035607041" lon="4.7975978782406568">
    <name>315.8</name>
  </wpt>
  <wpt lat="51.501236678187567" lon="4.7990266604870868">
    <name>315.9</name>
  </wpt>
  <wpt lat="51.501287189961161" lon="4.8004677909821138">
    <name>316.0</name>
  </wpt>
  <wpt lat="51.501308828013343" lon="4.8019120722813717">
    <name>316.1</name>
  </wpt>
  <wpt lat="51.501453621622204" lon="4.8033315393800118">
    <name>316.2</name>
  </wpt>
  <wpt lat="51.501501606245526" lon="4.8047741876532388">
    <name>316.3</name>
  </wpt>
  <wpt lat="51.501549590868841" lon="4.8062168374454979">
    <name>316.4</name>
  </wpt>
  <wpt lat="51.50159757549212" lon="4.8076594887567907">
    <name>316.5</name>
  </wpt>
  <wpt lat="51.501645560115392" lon="4.8091021415870152">
    <name>316.6</name>
  </wpt>
  <wpt lat="51.50161713461349" lon="4.8105361158453057">
    <name>316.7</name>
  </wpt>
  <wpt lat="51.501401485561352" lon="4.8119346475042626">
    <name>316.8</name>
  </wpt>
  <wpt lat="51.501325776472655" lon="4.8132546510893111">
    <name>316.9</name>
  </wpt>
  <wpt lat="51.501859022085114" lon="4.8143928648527838">
    <name>317.0</name>
  </wpt>
  <wpt lat="51.502268515121251" lon="4.8156791321508194">
    <name>317.1</name>
  </wpt>
  <wpt lat="51.502619000012274" lon="4.8169920096547587">
    <name>317.2</name>
  </wpt>
  <wpt lat="51.5024731258117" lon="4.81841731958929">
    <name>317.3</name>
  </wpt>
  <wpt lat="51.502322367610752" lon="4.8198416105958275">
    <name>317.4</name>
  </wpt>
  <wpt lat="51.502171609409864" lon="4.8212658968905631">
    <name>317.5</name>
  </wpt>
  <wpt lat="51.502024223753715" lon="4.8226910798248843">
    <name>317.6</name>
  </wpt>
  <wpt lat="51.501879689935777" lon="4.8241170211081705">
    <name>317.7</name>
  </wpt>
  <wpt lat="51.501735156117874" lon="4.8255429578689624">
    <name>317.8</name>
  </wpt>
  <wpt lat="51.50146421932368" lon="4.8268720674268462">
    <name>317.9</name>
  </wpt>
  <wpt lat="51.500922394642288" lon="4.8280164441510234">
    <name>318.0</name>
  </wpt>
  <wpt lat="51.500442105279483" lon="4.8292378345307974">
    <name>318.1</name>
  </wpt>
  <wpt lat="51.499957762972635" lon="4.8304550836369318">
    <name>318.2</name>
  </wpt>
  <wpt lat="51.499477568044043" lon="4.8316765530470267">
    <name>318.3</name>
  </wpt>
  <wpt lat="51.498991137365984" lon="4.8328916045168953">
    <name>318.4</name>
  </wpt>
  <wpt lat="51.498460568892668" lon="4.8340501329489554">
    <name>318.5</name>
  </wpt>
  <wpt lat="51.498115010218541" lon="4.83538106122271">
    <name>318.6</name>
  </wpt>
  <wpt lat="51.4977986632799" lon="4.8367324462120855">
    <name>318.7</name>
  </wpt>
  <wpt lat="51.498266895309008" lon="4.8374461161855429">
    <name>318.8</name>
  </wpt>
  <wpt lat="51.499123891144194" lon="4.8378834122482361">
    <name>318.9</name>
  </wpt>
  <wpt lat="51.499963862222984" lon="4.8383973603391883">
    <name>319.0</name>
  </wpt>
  <wpt lat="51.50082456491004" lon="4.8388152280678822">
    <name>319.1</name>
  </wpt>
  <wpt lat="51.501687624068708" lon="4.83922133397804">
    <name>319.2</name>
  </wpt>
  <wpt lat="51.502428532955079" lon="4.8399675652255842">
    <name>319.3</name>
  </wpt>
  <wpt lat="51.503024527143282" lon="4.8410494934973629">
    <name>319.4</name>
  </wpt>
  <wpt lat="51.503619743638914" lon="4.8421325408544806">
    <name>319.5</name>
  </wpt>
  <wpt lat="51.504238597872771" lon="4.843176380755593">
    <name>319.6</name>
  </wpt>
  <wpt lat="51.505099453391288" lon="4.8433315896678861">
    <name>319.7</name>
  </wpt>
  <wpt lat="51.505949196093425" lon="4.8434794876273211">
    <name>319.8</name>
  </wpt>
  <wpt lat="51.506725921300564" lon="4.8442077576249929">
    <name>319.9</name>
  </wpt>
  <wpt lat="51.507451583592584" lon="4.8450418098211925">
    <name>320.0</name>
  </wpt>
  <wpt lat="51.508189412735589" lon="4.8458288942040895">
    <name>320.1</name>
  </wpt>
  <wpt lat="51.509010372895972" lon="4.8464188002223549">
    <name>320.2</name>
  </wpt>
  <wpt lat="51.509868088510281" lon="4.84684199598185">
    <name>320.3</name>
  </wpt>
  <wpt lat="51.510682378413065" lon="4.8474361427224224">
    <name>320.4</name>
  </wpt>
  <wpt lat="51.51140981648652" lon="4.8479070475250667">
    <name>320.5</name>
  </wpt>
  <wpt lat="51.511346350752291" lon="4.8490678714193169">
    <name>320.6</name>
  </wpt>
  <wpt lat="51.510540096346837" lon="4.8497080315139733">
    <name>320.7</name>
  </wpt>
  <wpt lat="51.509733841941433" lon="4.8503481802797479">
    <name>320.8</name>
  </wpt>
  <wpt lat="51.509028475284957" lon="4.8512060501030376">
    <name>320.9</name>
  </wpt>
  <wpt lat="51.5085346041259" lon="4.8524088198536752">
    <name>321.0</name>
  </wpt>
  <wpt lat="51.508219000095437" lon="4.853730922153022">
    <name>321.1</name>
  </wpt>
  <wpt lat="51.507958131533428" lon="4.8550960047711893">
    <name>321.2</name>
  </wpt>
  <wpt lat="51.507594426352583" lon="4.8564174412945409">
    <name>321.3</name>
  </wpt>
  <wpt lat="51.5072351543149" lon="4.8577420258684239">
    <name>321.4</name>
  </wpt>
  <wpt lat="51.506771871278254" lon="4.8589479716983721">
    <name>321.5</name>
  </wpt>
  <wpt lat="51.50598416917525" lon="4.8596332958637989">
    <name>321.6</name>
  </wpt>
  <wpt lat="51.505455937245188" lon="4.8607931884768805">
    <name>321.7</name>
  </wpt>
  <wpt lat="51.505720191741645" lon="4.861465961607446">
    <name>321.8</name>
  </wpt>
  <wpt lat="51.506533370325613" lon="4.8620824383934504">
    <name>321.9</name>
  </wpt>
  <wpt lat="51.507208211113863" lon="4.8630310531053942">
    <name>322.0</name>
  </wpt>
  <wpt lat="51.507785986197938" lon="4.8640776443835509">
    <name>322.1</name>
  </wpt>
  <wpt lat="51.508406550122423" lon="4.8651234334879554">
    <name>322.2</name>
  </wpt>
  <wpt lat="51.509035026518831" lon="4.8661541473800449">
    <name>322.3</name>
  </wpt>
  <wpt lat="51.509751205660237" lon="4.86700088275669">
    <name>322.4</name>
  </wpt>
  <wpt lat="51.510560052682088" lon="4.8676325318744933">
    <name>322.5</name>
  </wpt>
  <wpt lat="51.511372515893662" lon="4.868249664779718">
    <name>322.6</name>
  </wpt>
  <wpt lat="51.5122343693423" lon="4.8686433271452447">
    <name>322.7</name>
  </wpt>
  <wpt lat="51.513092423741192" lon="4.8690683257474552">
    <name>322.8</name>
  </wpt>
  <wpt lat="51.513932897184567" lon="4.8695450886691418">
    <name>322.9</name>
  </wpt>
  <wpt lat="51.514659145556038" lon="4.8703926568535216">
    <name>323.0</name>
  </wpt>
  <wpt lat="51.515244990618456" lon="4.8714859204167968">
    <name>323.1</name>
  </wpt>
  <wpt lat="51.515777192190711" lon="4.8726508549420524">
    <name>323.2</name>
  </wpt>
  <wpt lat="51.516355565293544" lon="4.8737521765824914">
    <name>323.3</name>
  </wpt>
  <wpt lat="51.516927784266059" lon="4.8748660581988652">
    <name>323.4</name>
  </wpt>
  <wpt lat="51.517540401032448" lon="4.87592321741548">
    <name>323.5</name>
  </wpt>
  <wpt lat="51.518164068440058" lon="4.8769637757950237">
    <name>323.6</name>
  </wpt>
  <wpt lat="51.518774499179656" lon="4.8780250955566906">
    <name>323.7</name>
  </wpt>
  <wpt lat="51.519336455247988" lon="4.87915066324239">
    <name>323.8</name>
  </wpt>
  <wpt lat="51.519969963598932" lon="4.8801410024101219">
    <name>323.9</name>
  </wpt>
  <wpt lat="51.520522081245993" lon="4.8812724907233989">
    <name>324.0</name>
  </wpt>
  <wpt lat="51.5211848099281" lon="4.882230358128437">
    <name>324.1</name>
  </wpt>
  <wpt lat="51.521798401937872" lon="4.8832869816685">
    <name>324.2</name>
  </wpt>
  <wpt lat="51.52241231256901" lon="4.8843426246501718">
    <name>324.3</name>
  </wpt>
  <wpt lat="51.522986032161739" lon="4.8854478314302625">
    <name>324.4</name>
  </wpt>
  <wpt lat="51.523597860270257" lon="4.88650716539689">
    <name>324.5</name>
  </wpt>
  <wpt lat="51.524214638257469" lon="4.8875585847317105">
    <name>324.6</name>
  </wpt>
  <wpt lat="51.524830635540035" lon="4.88861068410678">
    <name>324.7</name>
  </wpt>
  <wpt lat="51.525448827900668" lon="4.8896600674616817">
    <name>324.8</name>
  </wpt>
  <wpt lat="51.526059033263614" lon="4.8907217611687459">
    <name>324.9</name>
  </wpt>
  <wpt lat="51.526665793740705" lon="4.8917886874101768">
    <name>325.0</name>
  </wpt>
  <wpt lat="51.527281409520292" lon="4.8928424244380935">
    <name>325.1</name>
  </wpt>
  <wpt lat="51.527897833821285" lon="4.8938949704186108">
    <name>325.2</name>
  </wpt>
  <wpt lat="51.528511767120904" lon="4.8949512782082687">
    <name>325.3</name>
  </wpt>
  <wpt lat="51.529121030736782" lon="4.8960145094756662">
    <name>325.4</name>
  </wpt>
  <wpt lat="51.529731125906785" lon="4.8970765829615175">
    <name>325.5</name>
  </wpt>
  <wpt lat="51.5303412210767" lon="4.8981386706802752">
    <name>325.6</name>
  </wpt>
  <wpt lat="51.5309513162465" lon="4.8992007726324474">
    <name>325.7</name>
  </wpt>
  <wpt lat="51.531578505450767" lon="4.9002364788027553">
    <name>325.8</name>
  </wpt>
  <wpt lat="51.532191199710674" lon="4.9012945731421391">
    <name>325.9</name>
  </wpt>
  <wpt lat="51.532800900746935" lon="4.9023573029315308">
    <name>326.0</name>
  </wpt>
  <wpt lat="51.533411564779563" lon="4.9034182981011556">
    <name>326.1</name>
  </wpt>
  <wpt lat="51.534045722119572" lon="4.9044420992202857">
    <name>326.2</name>
  </wpt>
  <wpt lat="51.534658216266585" lon="4.9055004023465463">
    <name>326.3</name>
  </wpt>
  <wpt lat="51.535256418124824" lon="4.9065799459633057">
    <name>326.4</name>
  </wpt>
  <wpt lat="51.535823073810093" lon="4.9076971423044062">
    <name>326.5</name>
  </wpt>
  <wpt lat="51.536415053563054" lon="4.9087855419733417">
    <name>326.6</name>
  </wpt>
  <wpt lat="51.536987222344585" lon="4.9099004153349073">
    <name>326.7</name>
  </wpt>
  <wpt lat="51.5375210150544" lon="4.9110624460588257">
    <name>326.8</name>
  </wpt>
  <wpt lat="51.538101795111992" lon="4.9121656667910614">
    <name>326.9</name>
  </wpt>
  <wpt lat="51.538663306102116" lon="4.9132826080402774">
    <name>327.0</name>
  </wpt>
  <wpt lat="51.539193384393926" lon="4.91444295400718">
    <name>327.1</name>
  </wpt>
  <wpt lat="51.5397624497971" lon="4.9155575481937017">
    <name>327.2</name>
  </wpt>
  <wpt lat="51.540294904622662" lon="4.916719146006673">
    <name>327.3</name>
  </wpt>
  <wpt lat="51.540656796592742" lon="4.9180291506989731">
    <name>327.4</name>
  </wpt>
  <wpt lat="51.540689369384047" lon="4.9194670311258282">
    <name>327.5</name>
  </wpt>
  <wpt lat="51.540661072137873" lon="4.9209120227523577">
    <name>327.6</name>
  </wpt>
  <wpt lat="51.540595289536093" lon="4.9223530603843475">
    <name>327.7</name>
  </wpt>
  <wpt lat="51.5406296618106" lon="4.9237887874829642">
    <name>327.8</name>
  </wpt>
  <wpt lat="51.541245002160423" lon="4.9247862074890492">
    <name>327.9</name>
  </wpt>
  <wpt lat="51.542072010346608" lon="4.9253435573561086">
    <name>328.0</name>
  </wpt>
  <wpt lat="51.542326017880825" lon="4.9267067557528206">
    <name>328.1</name>
  </wpt>
  <wpt lat="51.542577644621588" lon="4.9280680825528931">
    <name>328.2</name>
  </wpt>
  <wpt lat="51.542588395984616" lon="4.9294987101609138">
    <name>328.3</name>
  </wpt>
  <wpt lat="51.542455850837072" lon="4.9309289264091225">
    <name>328.4</name>
  </wpt>
  <wpt lat="51.542324028570114" lon="4.9323593065719233">
    <name>328.5</name>
  </wpt>
  <wpt lat="51.542294018958017" lon="4.9338037808179793">
    <name>328.6</name>
  </wpt>
  <wpt lat="51.542294000498" lon="4.9352497821045187">
    <name>328.7</name>
  </wpt>
  <wpt lat="51.542294000152552" lon="4.9366957837721142">
    <name>328.8</name>
  </wpt>
  <wpt lat="51.542294002163175" lon="4.93814178543971">
    <name>328.9</name>
  </wpt>
  <wpt lat="51.542315000039565" lon="4.9395870502238779">
    <name>329.0</name>
  </wpt>
  <wpt lat="51.542428702225678" lon="4.9407859792071127">
    <name>329.1</name>
  </wpt>
  <wpt lat="51.543312907099434" lon="4.9410487304517545">
    <name>329.2</name>
  </wpt>
  <wpt lat="51.544187956444233" lon="4.9413821822744">
    <name>329.3</name>
  </wpt>
  <wpt lat="51.545065763624756" lon="4.9416963236927209">
    <name>329.4</name>
  </wpt>
  <wpt lat="51.545928955397414" lon="4.942093520854967">
    <name>329.5</name>
  </wpt>
  <wpt lat="51.5467754549787" lon="4.9425778669095761">
    <name>329.6</name>
  </wpt>
  <wpt lat="51.54766739958383" lon="4.942522815980154">
    <name>329.7</name>
  </wpt>
  <wpt lat="51.5485258490777" lon="4.9421047700696628">
    <name>329.8</name>
  </wpt>
  <wpt lat="51.549365063885737" lon="4.9415849312799995">
    <name>329.9</name>
  </wpt>
  <wpt lat="51.550193725394429" lon="4.9410231732234884">
    <name>330.0</name>
  </wpt>
  <wpt lat="51.550726054267479" lon="4.9417187551420731">
    <name>330.1</name>
  </wpt>
  <wpt lat="51.551035223844679" lon="4.9430756964326434">
    <name>330.2</name>
  </wpt>
  <wpt lat="51.55139801797116" lon="4.944399076258315">
    <name>330.3</name>
  </wpt>
  <wpt lat="51.551805092534359" lon="4.9456325764211133">
    <name>330.4</name>
  </wpt>
  <wpt lat="51.552505710023674" lon="4.9465072486005024">
    <name>330.5</name>
  </wpt>
  <wpt lat="51.5530879932602" lon="4.9471053873537763">
    <name>330.6</name>
  </wpt>
  <wpt lat="51.553606163304913" lon="4.9482690314586861">
    <name>330.7</name>
  </wpt>
  <wpt lat="51.554125144730051" lon="4.9494490192356713">
    <name>330.8</name>
  </wpt>
  <wpt lat="51.554469343067304" lon="4.9507768914276093">
    <name>330.9</name>
  </wpt>
  <wpt lat="51.554772659975214" lon="4.9521376815381366">
    <name>331.0</name>
  </wpt>
  <wpt lat="51.555066788727892" lon="4.9533515885076413">
    <name>331.1</name>
  </wpt>
  <wpt lat="51.554751450755354" lon="4.9546938078404876">
    <name>331.2</name>
  </wpt>
  <wpt lat="51.554705429193938" lon="4.9560842027037051">
    <name>331.3</name>
  </wpt>
  <wpt lat="51.554858384868069" lon="4.9575089252351789">
    <name>331.4</name>
  </wpt>
  <wpt lat="51.55505447378335" lon="4.9589181008742109">
    <name>331.5</name>
  </wpt>
  <wpt lat="51.555363383245712" lon="4.9602752826527805">
    <name>331.6</name>
  </wpt>
  <wpt lat="51.555696970700104" lon="4.9616185171540517">
    <name>331.7</name>
  </wpt>
  <wpt lat="51.556034570942941" lon="4.9629589382821937">
    <name>331.8</name>
  </wpt>
  <wpt lat="51.556514260722793" lon="4.9641769272817307">
    <name>331.9</name>
  </wpt>
  <wpt lat="51.557106773954267" lon="4.96526424405037">
    <name>332.0</name>
  </wpt>
  <wpt lat="51.557735103380217" lon="4.9662927497387113">
    <name>332.1</name>
  </wpt>
  <wpt lat="51.558484498247594" lon="4.967091641168242">
    <name>332.2</name>
  </wpt>
  <wpt lat="51.559259686115468" lon="4.9678241440915363">
    <name>332.3</name>
  </wpt>
  <wpt lat="51.560055891001682" lon="4.9684967123489878">
    <name>332.4</name>
  </wpt>
  <wpt lat="51.560916206239192" lon="4.9688054217263646">
    <name>332.5</name>
  </wpt>
  <wpt lat="51.561806862587851" lon="4.96860598611037">
    <name>332.6</name>
  </wpt>
  <wpt lat="51.562697319762876" lon="4.9684033721271037">
    <name>332.7</name>
  </wpt>
  <wpt lat="51.563314072120953" lon="4.9687224631104723">
    <name>332.8</name>
  </wpt>
  <wpt lat="51.563453800464707" lon="4.9701515672667949">
    <name>332.9</name>
  </wpt>
  <wpt lat="51.564039361213425" lon="4.9707112386876862">
    <name>333.0</name>
  </wpt>
  <wpt lat="51.56430188861026" lon="4.9720560772399827">
    <name>333.1</name>
  </wpt>
  <wpt lat="51.564806270859116" lon="4.9728120907121376">
    <name>333.2</name>
  </wpt>
  <wpt lat="51.5649071659872" lon="4.9742496754846037">
    <name>333.3</name>
  </wpt>
  <wpt lat="51.5650979881171" lon="4.9756334136796383">
    <name>333.4</name>
  </wpt>
  <wpt lat="51.565888359929971" lon="4.9763143229063234">
    <name>333.5</name>
  </wpt>
  <wpt lat="51.566481305615163" lon="4.9765791956872958">
    <name>333.6</name>
  </wpt>
  <wpt lat="51.567338776973145" lon="4.9767027914053941">
    <name>333.7</name>
  </wpt>
  <wpt lat="51.576562130927158" lon="4.98279286908493">
    <name>334.94</name>
  </wpt>
  <wpt lat="51.5771777664461" lon="4.9824879240397655">
    <name>335.0</name>
  </wpt>
  <wpt lat="51.57803941499234" lon="4.9820749994092637">
    <name>335.1</name>
  </wpt>
  <wpt lat="51.578920442331885" lon="4.9817907524618343">
    <name>335.2</name>
  </wpt>
  <wpt lat="51.579818770568288" lon="4.9817420000000139">
    <name>335.3</name>
  </wpt>
  <wpt lat="51.580703357893682" lon="4.9819663180533142">
    <name>335.4</name>
  </wpt>
  <wpt lat="51.581561105493343" lon="4.9823933397666647">
    <name>335.5</name>
  </wpt>
  <wpt lat="51.582310042955527" lon="4.9826776904573746">
    <name>335.6</name>
  </wpt>
  <wpt lat="51.583118146946639" lon="4.9833121630654231">
    <name>335.7</name>
  </wpt>
  <wpt lat="51.583929005210166" lon="4.983935753524606">
    <name>335.8</name>
  </wpt>
  <wpt lat="51.584796198209446" lon="4.9842874785388025">
    <name>335.9</name>
  </wpt>
  <wpt lat="51.585674027357712" lon="4.9840465716720477">
    <name>336.0</name>
  </wpt>
  <wpt lat="51.586387381349887" lon="4.983183314314104">
    <name>336.1</name>
  </wpt>
  <wpt lat="51.58689559570594" lon="4.9819959133022014">
    <name>336.2</name>
  </wpt>
  <wpt lat="51.587498509927478" lon="4.9818965578771905">
    <name>336.3</name>
  </wpt>
  <wpt lat="51.588019341502267" lon="4.9830758955506305">
    <name>336.4</name>
  </wpt>
  <wpt lat="51.608624753078374" lon="4.9877142709946725">
    <name>339.33</name>
  </wpt>
  <wpt lat="51.609043662484545" lon="4.9866912152663678">
    <name>339.4</name>
  </wpt>
  <wpt lat="51.609482464994848" lon="4.98542722150289">
    <name>339.5</name>
  </wpt>
  <wpt lat="51.609881704975436" lon="4.9841355794505349">
    <name>339.6</name>
  </wpt>
  <wpt lat="51.609944315429679" lon="4.9827081157108344">
    <name>339.7</name>
  </wpt>
  <wpt lat="51.610565646643309" lon="4.982307036132509">
    <name>339.8</name>
  </wpt>
  <wpt lat="51.611024094535132" lon="4.9810626670960234">
    <name>339.9</name>
  </wpt>
  <wpt lat="51.611560398058025" lon="4.9799004405236236">
    <name>340.0</name>
  </wpt>
  <wpt lat="51.612105789945936" lon="4.9787489307436106">
    <name>340.1</name>
  </wpt>
  <wpt lat="51.612654512391273" lon="4.9776015209764353">
    <name>340.2</name>
  </wpt>
  <wpt lat="51.613203783463653" lon="4.9764547749266983">
    <name>340.3</name>
  </wpt>
  <wpt lat="51.613753054535941" lon="4.975308014999972">
    <name>340.4</name>
  </wpt>
  <wpt lat="51.614302325608115" lon="4.97416124119585">
    <name>340.5</name>
  </wpt>
  <wpt lat="51.614857516660678" lon="4.9730219698757567">
    <name>340.6</name>
  </wpt>
  <wpt lat="51.615413264545133" lon="4.971883396809754">
    <name>340.7</name>
  </wpt>
  <wpt lat="51.615952724469381" lon="4.9707245652423353">
    <name>340.8</name>
  </wpt>
  <wpt lat="51.61647936329917" lon="4.9695572529708363">
    <name>340.9</name>
  </wpt>
  <wpt lat="51.61691260056373" lon="4.9682880360510993">
    <name>341.0</name>
  </wpt>
  <wpt lat="51.617312537507189" lon="4.9669917074892815">
    <name>341.1</name>
  </wpt>
  <wpt lat="51.617683543271689" lon="4.9656727563412284">
    <name>341.2</name>
  </wpt>
  <wpt lat="51.618044549155165" lon="4.96434679677824">
    <name>341.3</name>
  </wpt>
  <wpt lat="51.618429435559513" lon="4.9630377468353277">
    <name>341.4</name>
  </wpt>
  <wpt lat="51.618818346235" lon="4.96173207422257">
    <name>341.5</name>
  </wpt>
  <wpt lat="51.619215829951358" lon="4.96043332951753">
    <name>341.6</name>
  </wpt>
  <wpt lat="51.619561357506612" lon="4.9591447212120672">
    <name>341.7</name>
  </wpt>
  <wpt lat="51.618724976211638" lon="4.9586157997506692">
    <name>341.8</name>
  </wpt>
  <wpt lat="51.617884790333981" lon="4.9580992430529367">
    <name>341.9</name>
  </wpt>
  <wpt lat="51.617218204504709" lon="4.9574388354357319">
    <name>342.0</name>
  </wpt>
  <wpt lat="51.617432959930611" lon="4.9560325524705737">
    <name>342.1</name>
  </wpt>
  <wpt lat="51.617644893309162" lon="4.9546250751891172">
    <name>342.2</name>
  </wpt>
  <wpt lat="51.61785130989999" lon="4.9532156730020755">
    <name>342.3</name>
  </wpt>
  <wpt lat="51.618101728608671" lon="4.9518298135344168">
    <name>342.4</name>
  </wpt>
  <wpt lat="51.618337502683183" lon="4.95127153222253">
    <name>342.49</name>
  </wpt>
  <wpt lat="51.618419282363384" lon="4.951009569298976">
    <name>342.5</name>
  </wpt>
  <wpt lat="51.618881373437972" lon="4.9497671150121825">
    <name>342.6</name>
  </wpt>
  <wpt lat="51.619379922753161" lon="4.948561970930963">
    <name>342.7</name>
  </wpt>
  <wpt lat="51.619999624092884" lon="4.9475273551599361">
    <name>342.8</name>
  </wpt>
  <wpt lat="51.620710982444642" lon="4.946641184619315">
    <name>342.9</name>
  </wpt>
  <wpt lat="51.6213732005928" lon="4.9456636130273592">
    <name>343.0</name>
  </wpt>
  <wpt lat="51.621997652772677" lon="4.9446216944826391">
    <name>343.1</name>
  </wpt>
  <wpt lat="51.629219000000425" lon="4.9386318102966387">
    <name>344.54</name>
  </wpt>
  <wpt lat="51.629102476601879" lon="4.9377215168124717">
    <name>344.6</name>
  </wpt>
  <wpt lat="51.628540823771729" lon="4.936590845374031">
    <name>344.7</name>
  </wpt>
  <wpt lat="51.628252154451168" lon="4.9354144318960511">
    <name>344.8</name>
  </wpt>
  <wpt lat="51.627385259472796" lon="4.9356560260693749">
    <name>344.9</name>
  </wpt>
  <wpt lat="51.626508783933112" lon="4.9359802902767385">
    <name>345.0</name>
  </wpt>
  <wpt lat="51.625630544775724" lon="4.9362921091998846">
    <name>345.1</name>
  </wpt>
  <wpt lat="51.624754869534982" lon="4.9366219980573929">
    <name>345.2</name>
  </wpt>
  <wpt lat="51.62473447016292" lon="4.93526719624311">
    <name>345.3</name>
  </wpt>
  <wpt lat="51.624776730473187" lon="4.9338236886250249">
    <name>345.4</name>
  </wpt>
  <wpt lat="51.624579512233773" lon="4.9324116475116115">
    <name>345.5</name>
  </wpt>
  <wpt lat="51.623448167817266" lon="4.9236483621350775">
    <name>347.39</name>
  </wpt>
  <wpt lat="51.623463919704562" lon="4.9232620687503834">
    <name>347.4</name>
  </wpt>
  <wpt lat="51.6251431344666" lon="4.9232965176189429">
    <name>347.61</name>
  </wpt>
  <wpt lat="51.625148010098286" lon="4.9233202308752908">
    <name>347.6</name>
  </wpt>
  <wpt lat="51.625915000516137" lon="4.9232889009564609">
    <name>347.7</name>
  </wpt>
  <wpt lat="51.625956163567572" lon="4.92186999821127">
    <name>347.8</name>
  </wpt>
  <wpt lat="51.619354675344518" lon="4.9134523790732247">
    <name>349.01</name>
  </wpt>
  <wpt lat="51.61938966502391" lon="4.9133762561116621">
    <name>349.0</name>
  </wpt>
  <wpt lat="51.618688134937891" lon="4.9124700500622316">
    <name>349.1</name>
  </wpt>
  <wpt lat="51.617948153004761" lon="4.911656515177885">
    <name>349.2</name>
  </wpt>
  <wpt lat="51.617094391835344" lon="4.9112375242592563">
    <name>349.3</name>
  </wpt>
  <wpt lat="51.616199034005888" lon="4.9112741236441391">
    <name>349.4</name>
  </wpt>
  <wpt lat="51.61536701001441" lon="4.9118115011381809">
    <name>349.5</name>
  </wpt>
  <wpt lat="51.614577394037916" lon="4.9125039713883183">
    <name>349.6</name>
  </wpt>
  <wpt lat="51.613801298367676" lon="4.9132357055863034">
    <name>349.7</name>
  </wpt>
  <wpt lat="51.61302514977902" lon="4.9139672816809012">
    <name>349.8</name>
  </wpt>
  <wpt lat="51.612261217539817" lon="4.91473092309119">
    <name>349.9</name>
  </wpt>
  <wpt lat="51.611487295765478" lon="4.9154668738255269">
    <name>350.0</name>
  </wpt>
  <wpt lat="51.610665178911255" lon="4.9160535326644794">
    <name>350.1</name>
  </wpt>
  <wpt lat="51.6098400472685" lon="4.9166295047297828">
    <name>350.2</name>
  </wpt>
  <wpt lat="51.609014737391021" lon="4.9172047734219824">
    <name>350.3</name>
  </wpt>
  <wpt lat="51.608155972803026" lon="4.9176144992308339">
    <name>350.4</name>
  </wpt>
  <wpt lat="51.60726197964992" lon="4.9177638334340079">
    <name>350.5</name>
  </wpt>
  <wpt lat="51.6063717391619" lon="4.9179604909684089">
    <name>350.6</name>
  </wpt>
  <wpt lat="51.605491136544615" lon="4.9182543937796064">
    <name>350.7</name>
  </wpt>
  <wpt lat="51.604606428732282" lon="4.9185089002736637">
    <name>350.8</name>
  </wpt>
  <wpt lat="51.603710433749278" lon="4.9186223764619488">
    <name>350.9</name>
  </wpt>
  <wpt lat="51.602811670255946" lon="4.9186559999999773">
    <name>351.0</name>
  </wpt>
  <wpt lat="51.601912348650025" lon="4.9186559999999773">
    <name>351.1</name>
  </wpt>
  <wpt lat="51.601037334780251" lon="4.9183736663810169">
    <name>351.2</name>
  </wpt>
  <wpt lat="51.600178394483912" lon="4.917961797511774">
    <name>351.3</name>
  </wpt>
  <wpt lat="51.599315175891263" lon="4.9175569836314743">
    <name>351.4</name>
  </wpt>
  <wpt lat="51.598436701613039" lon="4.9172481322132748">
    <name>351.5</name>
  </wpt>
  <wpt lat="51.597577352333552" lon="4.9168917046445575">
    <name>351.6</name>
  </wpt>
  <wpt lat="51.596699932823853" lon="4.9167948259336605">
    <name>351.7</name>
  </wpt>
  <wpt lat="51.595804978878057" lon="4.9166558633761017">
    <name>351.8</name>
  </wpt>
  <wpt lat="51.594910023089838" lon="4.9165471250860859">
    <name>351.9</name>
  </wpt>
  <wpt lat="51.594038495546314" lon="4.9168954261535776">
    <name>352.0</name>
  </wpt>
  <wpt lat="51.593164069877893" lon="4.9172324651438029">
    <name>352.1</name>
  </wpt>
  <wpt lat="51.59229017280591" lon="4.9175704821402419">
    <name>352.2</name>
  </wpt>
  <wpt lat="51.591411181591532" lon="4.9178749451502091">
    <name>352.3</name>
  </wpt>
  <wpt lat="51.590553831577978" lon="4.9182193599012933">
    <name>352.4</name>
  </wpt>
  <wpt lat="51.58988055050937" lon="4.9178194817172969">
    <name>352.5</name>
  </wpt>
  <wpt lat="51.589387905397125" lon="4.9166105285265411">
    <name>352.6</name>
  </wpt>
  <wpt lat="51.588920725874708" lon="4.9153742955398663">
    <name>352.7</name>
  </wpt>
  <wpt lat="51.588539720173372" lon="4.9140659571582805">
    <name>352.8</name>
  </wpt>
  <wpt lat="51.588342719613969" lon="4.9126543129301554">
    <name>352.9</name>
  </wpt>
  <wpt lat="51.582478146706556" lon="4.9072751760164648">
    <name>353.94</name>
  </wpt>
  <wpt lat="51.581933345336431" lon="4.9076333523476787">
    <name>354.0</name>
  </wpt>
  <wpt lat="51.581146006929579" lon="4.9083310052033786">
    <name>354.1</name>
  </wpt>
  <wpt lat="51.580343983883779" lon="4.9087699838712">
    <name>354.2</name>
  </wpt>
  <wpt lat="51.579599446690295" lon="4.9083194875321583">
    <name>354.3</name>
  </wpt>
  <wpt lat="51.579230131570476" lon="4.9070562657013115">
    <name>354.4</name>
  </wpt>
  <wpt lat="51.579158000165485" lon="4.90561664244031">
    <name>354.5</name>
  </wpt>
  <wpt lat="51.579383669380668" lon="4.9042183407800346">
    <name>354.6</name>
  </wpt>
  <wpt lat="51.579587000148216" lon="4.9028132584670425">
    <name>354.7</name>
  </wpt>
  <wpt lat="51.579310169577916" lon="4.90148477140895">
    <name>354.8</name>
  </wpt>
  <wpt lat="51.5786577206022" lon="4.9004896010903067">
    <name>354.9</name>
  </wpt>
  <wpt lat="51.577991342937395" lon="4.8995182201788374">
    <name>355.0</name>
  </wpt>
  <wpt lat="51.5773031417171" lon="4.8985866481202605">
    <name>355.1</name>
  </wpt>
  <wpt lat="51.5766149404969" lon="4.8976550901674685">
    <name>355.2</name>
  </wpt>
  <wpt lat="51.575922947443658" lon="4.8967319473098669">
    <name>355.3</name>
  </wpt>
  <wpt lat="51.575298709928852" lon="4.8957026916766546">
    <name>355.4</name>
  </wpt>
  <wpt lat="51.574713033360354" lon="4.8946046718850393">
    <name>355.5</name>
  </wpt>
  <wpt lat="51.574019978118073" lon="4.893762482369759">
    <name>355.6</name>
  </wpt>
  <wpt lat="51.57355800005589" lon="4.8929449623219456">
    <name>355.7</name>
  </wpt>
  <wpt lat="51.573586318182613" lon="4.8914987381955672">
    <name>355.8</name>
  </wpt>
  <wpt lat="51.573601000034721" lon="4.89005215554933">
    <name>355.9</name>
  </wpt>
  <wpt lat="51.573637536178509" lon="4.8886063881138622">
    <name>356.0</name>
  </wpt>
  <wpt lat="51.573736633625707" lon="4.8871689192542433">
    <name>356.1</name>
  </wpt>
  <wpt lat="51.57366206007859" lon="4.8857319005504873">
    <name>356.2</name>
  </wpt>
  <wpt lat="51.573327346296651" lon="4.8843954951087554">
    <name>356.3</name>
  </wpt>
  <wpt lat="51.5731932795684" lon="4.8830079095533581">
    <name>356.4</name>
  </wpt>
  <wpt lat="51.573221441611494" lon="4.8816037988512724">
    <name>356.5</name>
  </wpt>
  <wpt lat="51.5733451352221" lon="4.8801707746568264">
    <name>356.6</name>
  </wpt>
  <wpt lat="51.573408000327696" lon="4.8787288285094164">
    <name>356.7</name>
  </wpt>
  <wpt lat="51.573296476247251" lon="4.8772963563255276">
    <name>356.8</name>
  </wpt>
  <wpt lat="51.573291406809894" lon="4.8758569471396713">
    <name>356.9</name>
  </wpt>
  <wpt lat="51.5734081003256" lon="4.8744232495408859">
    <name>357.0</name>
  </wpt>
  <wpt lat="51.573472003022253" lon="4.8729822835192111">
    <name>357.1</name>
  </wpt>
  <wpt lat="51.573378332295825" lon="4.8716859999999516">
    <name>357.2</name>
  </wpt>
  <wpt lat="51.572480436906879" lon="4.8716600385454747">
    <name>357.3</name>
  </wpt>
  <wpt lat="51.571675572852293" lon="4.8710433768199355">
    <name>357.4</name>
  </wpt>
  <wpt lat="51.57098756722219" lon="4.8719614772774404">
    <name>357.5</name>
  </wpt>
  <wpt lat="51.570164955379987" lon="4.8720909552709193">
    <name>357.6</name>
  </wpt>
  <wpt lat="51.569627590851212" lon="4.8709440532366024">
    <name>357.7</name>
  </wpt>
  <wpt lat="51.568806282536912" lon="4.8709320122299946">
    <name>357.8</name>
  </wpt>
  <wpt lat="51.567947138485962" lon="4.8713503067382371">
    <name>357.9</name>
  </wpt>
  <wpt lat="51.567072620528464" lon="4.8716106728360709">
    <name>358.0</name>
  </wpt>
  <wpt lat="51.566424720083695" lon="4.87100968726723">
    <name>358.1</name>
  </wpt>
  <wpt lat="51.566717774144529" lon="4.8696477933167532">
    <name>358.2</name>
  </wpt>
  <wpt lat="51.566981427054529" lon="4.8682656856772981">
    <name>358.3</name>
  </wpt>
  <wpt lat="51.567211380444242" lon="4.8668671295058825">
    <name>358.4</name>
  </wpt>
  <wpt lat="51.567402143227795" lon="4.8654547492163882">
    <name>358.5</name>
  </wpt>
  <wpt lat="51.5674878944548" lon="4.864020147891539">
    <name>358.6</name>
  </wpt>
  <wpt lat="51.567695936677822" lon="4.8626154212876092">
    <name>358.7</name>
  </wpt>
  <wpt lat="51.568108055663963" lon="4.8613297169162015">
    <name>358.8</name>
  </wpt>
  <wpt lat="51.56860304291915" lon="4.8601250445204007">
    <name>358.9</name>
  </wpt>
  <wpt lat="51.569135649366267" lon="4.8589592217239312">
    <name>359.0</name>
  </wpt>
  <wpt lat="51.569473644783095" lon="4.8576382784871051">
    <name>359.1</name>
  </wpt>
  <wpt lat="51.56967106263361" lon="4.8562292583297682">
    <name>359.2</name>
  </wpt>
  <wpt lat="51.5697963034419" lon="4.8548116447250678">
    <name>359.3</name>
  </wpt>
  <wpt lat="51.569486964353629" lon="4.8534530623417655">
    <name>359.4</name>
  </wpt>
  <wpt lat="51.569210078297473" lon="4.8520788218770861">
    <name>359.5</name>
  </wpt>
  <wpt lat="51.569044527478837" lon="4.8506568500429852">
    <name>359.6</name>
  </wpt>
  <wpt lat="51.568876129338484" lon="4.8492355956376976">
    <name>359.7</name>
  </wpt>
  <wpt lat="51.568697152397469" lon="4.8478179142925768">
    <name>359.8</name>
  </wpt>
  <wpt lat="51.568438813419377" lon="4.8464387179428581">
    <name>359.9</name>
  </wpt>
  <wpt lat="51.56774299776621" lon="4.8457716674389921">
    <name>360.0</name>
  </wpt>
  <wpt lat="51.566855324002915" lon="4.8459789999999563">
    <name>360.1</name>
  </wpt>
  <wpt lat="51.565962532671868" lon="4.8458291334250569">
    <name>360.2</name>
  </wpt>
  <wpt lat="51.5655321770927" lon="4.8448593925773462">
    <name>360.3</name>
  </wpt>
  <wpt lat="51.5655053188514" lon="4.8434286530191946">
    <name>360.4</name>
  </wpt>
  <wpt lat="51.5651551572189" lon="4.8421025925432613">
    <name>360.5</name>
  </wpt>
  <wpt lat="51.565318000016767" lon="4.8406971164983617">
    <name>360.6</name>
  </wpt>
  <wpt lat="51.565212336348253" lon="4.8392621007610792">
    <name>360.7</name>
  </wpt>
  <wpt lat="51.564942217690735" lon="4.8378889807778247">
    <name>360.8</name>
  </wpt>
  <wpt lat="51.564722772223568" lon="4.8369459999999895">
    <name>360.9</name>
  </wpt>
  <wpt lat="51.563898137248856" lon="4.8365360237069357">
    <name>361.0</name>
  </wpt>
  <wpt lat="51.564291385188369" lon="4.8353614957531672">
    <name>361.1</name>
  </wpt>
  <wpt lat="51.564567776183367" lon="4.8339848817851552">
    <name>361.2</name>
  </wpt>
  <wpt lat="51.564856219941056" lon="4.8326146570797581">
    <name>361.3</name>
  </wpt>
  <wpt lat="51.565138979331" lon="4.8312415117331842">
    <name>361.4</name>
  </wpt>
  <wpt lat="51.565570537336804" lon="4.8299881073070381">
    <name>361.5</name>
  </wpt>
  <wpt lat="51.566250742028075" lon="4.8294786691063436">
    <name>361.6</name>
  </wpt>
  <wpt lat="51.566724155984161" lon="4.8287919999999609">
    <name>361.7</name>
  </wpt>
  <wpt lat="51.565988286768373" lon="4.8281456931204438">
    <name>361.8</name>
  </wpt>
  <wpt lat="51.566370224565162" lon="4.8268363288242284">
    <name>361.9</name>
  </wpt>
  <wpt lat="51.566900434119248" lon="4.8256945645321476">
    <name>362.0</name>
  </wpt>
  <wpt lat="51.567693576983253" lon="4.8250557264744831">
    <name>362.1</name>
  </wpt>
  <wpt lat="51.568145601250784" lon="4.8241470636722026">
    <name>362.2</name>
  </wpt>
  <wpt lat="51.568203580691772" lon="4.8227233839560615">
    <name>362.3</name>
  </wpt>
  <wpt lat="51.56834058041423" lon="4.8196739487298546">
    <name>362.89</name>
  </wpt>
  <wpt lat="51.5682502831845" lon="4.81939999855015">
    <name>362.9</name>
  </wpt>
  <wpt lat="51.567732081657255" lon="4.8182175729937224">
    <name>363.0</name>
  </wpt>
  <wpt lat="51.567196699437282" lon="4.8170550980995932">
    <name>363.1</name>
  </wpt>
  <wpt lat="51.56667440884619" lon="4.81587757019403">
    <name>363.2</name>
  </wpt>
  <wpt lat="51.566337929005783" lon="4.8145417189797772">
    <name>363.3</name>
  </wpt>
  <wpt lat="51.566054288785345" lon="4.8131690678876344">
    <name>363.4</name>
  </wpt>
  <wpt lat="51.56577741223596" lon="4.81179308721905">
    <name>363.5</name>
  </wpt>
  <wpt lat="51.565558693069505" lon="4.8104114501467823">
    <name>363.6</name>
  </wpt>
  <wpt lat="51.565404000404378" lon="4.808988885142897">
    <name>363.7</name>
  </wpt>
  <wpt lat="51.565410482649682" lon="4.8075422676523347">
    <name>363.8</name>
  </wpt>
  <wpt lat="51.565440814994595" lon="4.8060975339409024">
    <name>363.9</name>
  </wpt>
  <wpt lat="51.565624798351116" lon="4.804681965667867">
    <name>364.0</name>
  </wpt>
  <wpt lat="51.565597630247645" lon="4.8032400952408638">
    <name>364.1</name>
  </wpt>
  <wpt lat="51.565509090336846" lon="4.8018004241765828">
    <name>364.2</name>
  </wpt>
  <wpt lat="51.565362344740137" lon="4.8003730767631509">
    <name>364.3</name>
  </wpt>
  <wpt lat="51.565172527339513" lon="4.79896380033687">
    <name>364.4</name>
  </wpt>
  <wpt lat="51.5648613902321" lon="4.7976120074961646">
    <name>364.5</name>
  </wpt>
  <wpt lat="51.564913238476883" lon="4.7961874957248334">
    <name>364.6</name>
  </wpt>
  <wpt lat="51.565143790558579" lon="4.7947893561753441">
    <name>364.7</name>
  </wpt>
  <wpt lat="51.565434260238483" lon="4.7934274348323029">
    <name>364.8</name>
  </wpt>
  <wpt lat="51.56577614853132" lon="4.7920893149018315">
    <name>364.9</name>
  </wpt>
  <wpt lat="51.566139784023228" lon="4.79076640900985">
    <name>365.0</name>
  </wpt>
  <wpt lat="51.566484532415117" lon="4.7894302801525113">
    <name>365.1</name>
  </wpt>
  <wpt lat="51.566846412656254" lon="4.7881062494158915">
    <name>365.2</name>
  </wpt>
  <wpt lat="51.567302587606477" lon="4.7870102352711674">
    <name>365.3</name>
  </wpt>
  <wpt lat="51.573704550973673" lon="4.7833322345428071">
    <name>366.18</name>
  </wpt>
  <wpt lat="51.573580518501537" lon="4.7829189538022376">
    <name>366.2</name>
  </wpt>
  <wpt lat="51.5731128671837" lon="4.7816890264678582">
    <name>366.3</name>
  </wpt>
  <wpt lat="51.572658096530141" lon="4.7804417181433916">
    <name>366.4</name>
  </wpt>
  <wpt lat="51.572293785517253" lon="4.7791191610995325">
    <name>366.5</name>
  </wpt>
  <wpt lat="51.572031084361974" lon="4.7777395151341873">
    <name>366.6</name>
  </wpt>
  <wpt lat="51.572008037815863" lon="4.7774850261111963">
    <name>366.63</name>
  </wpt>
  <wpt lat="51.571282329835689" lon="4.7773318084070935">
    <name>366.7</name>
  </wpt>
  <wpt lat="51.570437084038545" lon="4.7768384669227029">
    <name>366.8</name>
  </wpt>
  <wpt lat="51.569553252406891" lon="4.7766280000000076">
    <name>366.9</name>
  </wpt>
  <wpt lat="51.568656820368545" lon="4.7767139999999921">
    <name>367.0</name>
  </wpt>
  <wpt lat="51.567762363868262" lon="4.7766065814539154">
    <name>367.1</name>
  </wpt>
  <wpt lat="51.566973938332616" lon="4.7760375340090109">
    <name>367.2</name>
  </wpt>
  <wpt lat="51.566355035796995" lon="4.7750970387557814">
    <name>367.3</name>
  </wpt>
  <wpt lat="51.565735258174428" lon="4.7740488625225481">
    <name>367.4</name>
  </wpt>
  <wpt lat="51.56511195214221" lon="4.7730060354428661">
    <name>367.5</name>
  </wpt>
  <wpt lat="51.564486462579374" lon="4.7719665825564475">
    <name>367.6</name>
  </wpt>
  <wpt lat="51.564395000278132" lon="4.7705571948660177">
    <name>367.7</name>
  </wpt>
  <wpt lat="51.564395002599696" lon="4.7691104904683517">
    <name>367.8</name>
  </wpt>
  <wpt lat="51.564389126363885" lon="4.7676639631374051">
    <name>367.9</name>
  </wpt>
  <wpt lat="51.56437400122546" lon="4.7662177153323313">
    <name>368.0</name>
  </wpt>
  <wpt lat="51.56432524886548" lon="4.7647753521856036">
    <name>368.1</name>
  </wpt>
  <wpt lat="51.564040447555705" lon="4.7634033695770492">
    <name>368.2</name>
  </wpt>
  <wpt lat="51.563742760147193" lon="4.7620382441373179">
    <name>368.3</name>
  </wpt>
  <wpt lat="51.56344965105469" lon="4.7606705588741045">
    <name>368.4</name>
  </wpt>
  <wpt lat="51.562988336375149" lon="4.7594720514362949">
    <name>368.5</name>
  </wpt>
  <wpt lat="51.562343589234246" lon="4.758463916477659">
    <name>368.6</name>
  </wpt>
  <wpt lat="51.562608273441306" lon="4.7574986332171294">
    <name>368.7</name>
  </wpt>
  <wpt lat="51.562938691639431" lon="4.7570703458447392">
    <name>369.23</name>
  </wpt>
  <wpt lat="51.563547246859" lon="4.7562856536523839">
    <name>369.3</name>
  </wpt>
  <wpt lat="51.564240483895915" lon="4.7553641675844931">
    <name>369.4</name>
  </wpt>
  <wpt lat="51.564916641813021" lon="4.7544219667860412">
    <name>369.5</name>
  </wpt>
  <wpt lat="51.564938154909228" lon="4.753064523482827">
    <name>369.6</name>
  </wpt>
  <wpt lat="51.564282736041832" lon="4.7520851475334993">
    <name>369.7</name>
  </wpt>
  <wpt lat="51.563535316815219" lon="4.7512843165763812">
    <name>369.8</name>
  </wpt>
  <wpt lat="51.562941193983448" lon="4.7502660709231561">
    <name>369.9</name>
  </wpt>
  <wpt lat="51.563313522544405" lon="4.7492292378012078">
    <name>370.0</name>
  </wpt>
  <wpt lat="51.564052197697514" lon="4.748404055200953">
    <name>370.1</name>
  </wpt>
  <wpt lat="51.564791117700956" lon="4.747579592398389">
    <name>370.2</name>
  </wpt>
  <wpt lat="51.565525466137082" lon="4.7467445339731071">
    <name>370.3</name>
  </wpt>
  <wpt lat="51.567069324616156" lon="4.7432915951749282">
    <name>370.70</name>
  </wpt>
  <wpt lat="51.567204255780219" lon="4.7431848739067917">
    <name>370.7</name>
  </wpt>
  <wpt lat="51.56809315872264" lon="4.7430916695158629">
    <name>370.8</name>
  </wpt>
  <wpt lat="51.568963785574496" lon="4.7432577041066546">
    <name>370.9</name>
  </wpt>
  <wpt lat="51.569820028026648" lon="4.7432221838472337">
    <name>371.0</name>
  </wpt>
  <wpt lat="51.570717255338373" lon="4.7431811171508143">
    <name>371.1</name>
  </wpt>
  <wpt lat="51.571616091248259" lon="4.7432235156715814">
    <name>371.2</name>
  </wpt>
  <wpt lat="51.572513566345712" lon="4.7433073346542818">
    <name>371.3</name>
  </wpt>
  <wpt lat="51.573408785959337" lon="4.7434231280214822">
    <name>371.4</name>
  </wpt>
  <wpt lat="51.57408402383826" lon="4.7438897523243266">
    <name>371.5</name>
  </wpt>
  <wpt lat="51.574792917062076" lon="4.7430044065438741">
    <name>371.6</name>
  </wpt>
  <wpt lat="51.577331372291063" lon="4.7391303640173641">
    <name>372.02</name>
  </wpt>
  <wpt lat="51.577328494253322" lon="4.7377365985911943">
    <name>372.1</name>
  </wpt>
  <wpt lat="51.577399558945636" lon="4.736307773446665">
    <name>372.2</name>
  </wpt>
  <wpt lat="51.5779997182918" lon="4.7224941305003982">
    <name>373.18</name>
  </wpt>
  <wpt lat="51.577992482166813" lon="4.7220351829305871">
    <name>373.2</name>
  </wpt>
  <wpt lat="51.5779780001625" lon="4.7205883417351773">
    <name>373.3</name>
  </wpt>
  <wpt lat="51.57799785466262" lon="4.7191415759849669">
    <name>373.4</name>
  </wpt>
  <wpt lat="51.577943767071126" lon="4.71781552387893">
    <name>373.5</name>
  </wpt>
  <wpt lat="51.577620344569766" lon="4.7164731064337611">
    <name>373.6</name>
  </wpt>
  <wpt lat="51.577166878621163" lon="4.7152234204578054">
    <name>373.7</name>
  </wpt>
  <wpt lat="51.576713412672667" lon="4.7139737469503382">
    <name>373.8</name>
  </wpt>
  <wpt lat="51.576259946724278" lon="4.7127240859110513">
    <name>373.9</name>
  </wpt>
  <wpt lat="51.575812752712281" lon="4.7114686713965339">
    <name>374.0</name>
  </wpt>
  <wpt lat="51.575405888901734" lon="4.7101788612687674">
    <name>374.1</name>
  </wpt>
  <wpt lat="51.57503721236445" lon="4.7088598334654783">
    <name>374.2</name>
  </wpt>
  <wpt lat="51.574728392792508" lon="4.707501243961703">
    <name>374.3</name>
  </wpt>
  <wpt lat="51.574471207711518" lon="4.7061147004870074">
    <name>374.4</name>
  </wpt>
  <wpt lat="51.57425757866595" lon="4.7047102446572842">
    <name>374.5</name>
  </wpt>
  <wpt lat="51.574103177189834" lon="4.7032847146788512">
    <name>374.6</name>
  </wpt>
  <wpt lat="51.573991906813369" lon="4.7018489299468538">
    <name>374.7</name>
  </wpt>
  <wpt lat="51.573966000767435" lon="4.700402834868556">
    <name>374.8</name>
  </wpt>
  <wpt lat="51.57396600770263" lon="4.6989558258695237">
    <name>374.9</name>
  </wpt>
  <wpt lat="51.573932575748728" lon="4.6975126010686">
    <name>375.0</name>
  </wpt>
  <wpt lat="51.573849470618534" lon="4.6960728825531906">
    <name>375.1</name>
  </wpt>
  <wpt lat="51.573840914080179" lon="4.6946268663651676">
    <name>375.2</name>
  </wpt>
  <wpt lat="51.573915770286689" lon="4.6931848835487608">
    <name>375.3</name>
  </wpt>
  <wpt lat="51.573966000468772" lon="4.6917413843808751">
    <name>375.4</name>
  </wpt>
  <wpt lat="51.573883051774686" lon="4.6904157023851472">
    <name>375.5</name>
  </wpt>
  <wpt lat="51.573779270020573" lon="4.6889783649760721">
    <name>375.6</name>
  </wpt>
  <wpt lat="51.573625579544839" lon="4.6875535215875912">
    <name>375.7</name>
  </wpt>
  <wpt lat="51.573447712193435" lon="4.6861351162804414">
    <name>375.8</name>
  </wpt>
  <wpt lat="51.573267087569221" lon="4.6847176120401057">
    <name>375.9</name>
  </wpt>
  <wpt lat="51.573086462945071" lon="4.6833001134323551">
    <name>376.0</name>
  </wpt>
  <wpt lat="51.572906997165674" lon="4.681882240850201">
    <name>376.1</name>
  </wpt>
  <wpt lat="51.572728689799057" lon="4.680463994138738">
    <name>376.2</name>
  </wpt>
  <wpt lat="51.572669453882149" lon="4.6791553686243095">
    <name>376.3</name>
  </wpt>
  <wpt lat="51.573193000023522" lon="4.6783106082257646">
    <name>376.4</name>
  </wpt>
  <wpt lat="51.573180564786306" lon="4.6768734508718088">
    <name>376.5</name>
  </wpt>
  <wpt lat="51.5730269205943" lon="4.675447742850098">
    <name>376.6</name>
  </wpt>
  <wpt lat="51.572809967188846" lon="4.67404571588429">
    <name>376.7</name>
  </wpt>
  <wpt lat="51.57254331350795" lon="4.6726645870359587">
    <name>376.8</name>
  </wpt>
  <wpt lat="51.572217839990664" lon="4.6713159830364761">
    <name>376.9</name>
  </wpt>
  <wpt lat="51.571857822980789" lon="4.6699903659911355">
    <name>377.0</name>
  </wpt>
  <wpt lat="51.571397461904027" lon="4.6687495446956673">
    <name>377.1</name>
  </wpt>
  <wpt lat="51.570841788787881" lon="4.667614139799622">
    <name>377.2</name>
  </wpt>
  <wpt lat="51.570246001009593" lon="4.6665308459666148">
    <name>377.3</name>
  </wpt>
  <wpt lat="51.569913087628038" lon="4.6655406761660156">
    <name>377.4</name>
  </wpt>
  <wpt lat="51.570783577515783" lon="4.6651801365647119">
    <name>377.5</name>
  </wpt>
  <wpt lat="51.571383768790646" lon="4.6662116112297056">
    <name>377.6</name>
  </wpt>
  <wpt lat="51.571841503183443" lon="4.6674549329598127">
    <name>377.7</name>
  </wpt>
  <wpt lat="51.572352965178091" lon="4.6685412328687859">
    <name>377.8</name>
  </wpt>
  <wpt lat="51.572738324586162" lon="4.6676676949495963">
    <name>377.9</name>
  </wpt>
  <wpt lat="51.572614630634554" lon="4.6662344810151657">
    <name>378.0</name>
  </wpt>
  <wpt lat="51.572469894125774" lon="4.6648065612022442">
    <name>378.1</name>
  </wpt>
  <wpt lat="51.572261073378293" lon="4.6634047479137326">
    <name>378.2</name>
  </wpt>
  <wpt lat="51.572121648895127" lon="4.6619752938756323">
    <name>378.3</name>
  </wpt>
  <wpt lat="51.571990591512609" lon="4.6605437934370988">
    <name>378.4</name>
  </wpt>
  <wpt lat="51.571995635053689" lon="4.6591417801881834">
    <name>378.5</name>
  </wpt>
  <wpt lat="51.571772160150452" lon="4.6577586511652447">
    <name>378.6</name>
  </wpt>
  <wpt lat="51.571631086273705" lon="4.65632979237462">
    <name>378.7</name>
  </wpt>
  <wpt lat="51.571480627572008" lon="4.6549048487939846">
    <name>378.8</name>
  </wpt>
  <wpt lat="51.571256647619386" lon="4.65350370817284">
    <name>378.9</name>
  </wpt>
  <wpt lat="51.570972185722667" lon="4.6521315888909145">
    <name>379.0</name>
  </wpt>
  <wpt lat="51.570798340018207" lon="4.6507131596111355">
    <name>379.1</name>
  </wpt>
  <wpt lat="51.570744080592625" lon="4.64928412669995">
    <name>379.2</name>
  </wpt>
  <wpt lat="51.570532035958855" lon="4.6482135030775433">
    <name>379.3</name>
  </wpt>
  <wpt lat="51.570417960410822" lon="4.6467788340558345">
    <name>379.4</name>
  </wpt>
  <wpt lat="51.570342110760819" lon="4.6453395374421742">
    <name>379.5</name>
  </wpt>
  <wpt lat="51.570334060588458" lon="4.6438942453782106">
    <name>379.6</name>
  </wpt>
  <wpt lat="51.57038143698248" lon="4.6424493603369026">
    <name>379.7</name>
  </wpt>
  <wpt lat="51.5704187863195" lon="4.6410046643445089">
    <name>379.8</name>
  </wpt>
  <wpt lat="51.570221361521916" lon="4.6380401794045572">
    <name>380.39</name>
  </wpt>
  <wpt lat="51.5701258001266" lon="4.6377164096348258">
    <name>380.4</name>
  </wpt>
  <wpt lat="51.569762081806928" lon="4.6363937637436727">
    <name>380.5</name>
  </wpt>
  <wpt lat="51.569140501111455" lon="4.6355708848215151">
    <name>380.6</name>
  </wpt>
  <wpt lat="51.56828625788971" lon="4.6352972262155223">
    <name>380.7</name>
  </wpt>
  <wpt lat="51.567393984786179" lon="4.6354550793880538">
    <name>380.8</name>
  </wpt>
  <wpt lat="51.566570827657706" lon="4.6358401805313934">
    <name>380.9</name>
  </wpt>
  <wpt lat="51.565895182981642" lon="4.6367892998592524">
    <name>381.0</name>
  </wpt>
  <wpt lat="51.565280643215168" lon="4.6378314695685594">
    <name>381.1</name>
  </wpt>
  <wpt lat="51.564678846412654" lon="4.6389031995982579">
    <name>381.2</name>
  </wpt>
  <wpt lat="51.564098453894459" lon="4.6400065332833389">
    <name>381.3</name>
  </wpt>
  <wpt lat="51.5635534034256" lon="4.641155899748008">
    <name>381.4</name>
  </wpt>
  <wpt lat="51.562994282110012" lon="4.6422868716476993">
    <name>381.5</name>
  </wpt>
  <wpt lat="51.562389229708252" lon="4.6433366819330875">
    <name>381.6</name>
  </wpt>
  <wpt lat="51.561800105188368" lon="4.64424666283234">
    <name>381.7</name>
  </wpt>
  <wpt lat="51.561171369060055" lon="4.6433591141907584">
    <name>381.8</name>
  </wpt>
  <wpt lat="51.560545189745355" lon="4.6423208029215433">
    <name>381.9</name>
  </wpt>
  <wpt lat="51.559896148166864" lon="4.6424271923015983">
    <name>382.0</name>
  </wpt>
  <wpt lat="51.5592197157414" lon="4.64280522858508">
    <name>382.1</name>
  </wpt>
  <wpt lat="51.558631361293983" lon="4.6417112137549417">
    <name>382.2</name>
  </wpt>
  <wpt lat="51.557817853578115" lon="4.6411544304531658">
    <name>382.3</name>
  </wpt>
  <wpt lat="51.557320015117192" lon="4.639965824406751">
    <name>382.4</name>
  </wpt>
  <wpt lat="51.556851842258347" lon="4.63873081756828">
    <name>382.5</name>
  </wpt>
  <wpt lat="51.55635770984329" lon="4.6375255530686141">
    <name>382.6</name>
  </wpt>
  <wpt lat="51.555771576171857" lon="4.6364459852078861">
    <name>382.7</name>
  </wpt>
  <wpt lat="51.555675069782168" lon="4.6351108604893181">
    <name>382.8</name>
  </wpt>
  <wpt lat="51.55609622343249" lon="4.6342284755939822">
    <name>382.9</name>
  </wpt>
  <wpt lat="51.55570507825373" lon="4.6329263059003392">
    <name>383.0</name>
  </wpt>
  <wpt lat="51.555280297898371" lon="4.6316514039488723">
    <name>383.1</name>
  </wpt>
  <wpt lat="51.554801999238357" lon="4.6306743766285994">
    <name>383.2</name>
  </wpt>
  <wpt lat="51.554041998171989" lon="4.6314208637034744">
    <name>383.3</name>
  </wpt>
  <wpt lat="51.553434922415555" lon="4.6324860767821265">
    <name>383.4</name>
  </wpt>
  <wpt lat="51.552691740065733" lon="4.6332890036649346">
    <name>383.5</name>
  </wpt>
  <wpt lat="51.551871799366658" lon="4.6338743737737662">
    <name>383.6</name>
  </wpt>
  <wpt lat="51.551150345822208" lon="4.6347340191067454">
    <name>383.7</name>
  </wpt>
  <wpt lat="51.550442819860272" lon="4.6356267912145">
    <name>383.8</name>
  </wpt>
  <wpt lat="51.549747090159364" lon="4.6365429298907141">
    <name>383.9</name>
  </wpt>
  <wpt lat="51.549055157678765" lon="4.6374666783181917">
    <name>384.0</name>
  </wpt>
  <wpt lat="51.548352000905332" lon="4.6383682783200877">
    <name>384.1</name>
  </wpt>
  <wpt lat="51.547592277018396" lon="4.6381306606234984">
    <name>384.2</name>
  </wpt>
  <wpt lat="51.546814806316512" lon="4.6374038062448131">
    <name>384.3</name>
  </wpt>
  <wpt lat="51.546068310571094" lon="4.6366001184975012">
    <name>384.4</name>
  </wpt>
  <wpt lat="51.54545919889636" lon="4.6355394413858884">
    <name>384.5</name>
  </wpt>
  <wpt lat="51.544976948246884" lon="4.634319220520803">
    <name>384.6</name>
  </wpt>
  <wpt lat="51.5445061147554" lon="4.6330871621320417">
    <name>384.7</name>
  </wpt>
  <wpt lat="51.544035432326986" lon="4.6318549746815618">
    <name>384.8</name>
  </wpt>
  <wpt lat="51.5435641230214" lon="4.6306234568306639">
    <name>384.9</name>
  </wpt>
  <wpt lat="51.543104763509994" lon="4.6293802880772983">
    <name>385.0</name>
  </wpt>
  <wpt lat="51.542633696819045" lon="4.6281485575354315">
    <name>385.1</name>
  </wpt>
  <wpt lat="51.542167102058251" lon="4.6269124001850948">
    <name>385.2</name>
  </wpt>
  <wpt lat="51.541700507297563" lon="4.6256762555094468">
    <name>385.3</name>
  </wpt>
  <wpt lat="51.5412374046097" lon="4.6244367392895054">
    <name>385.4</name>
  </wpt>
  <wpt lat="51.540774638797444" lon="4.6231969109848876">
    <name>385.5</name>
  </wpt>
  <wpt lat="51.540304529623725" lon="4.6219642538938057">
    <name>385.6</name>
  </wpt>
  <wpt lat="51.540041788003528" lon="4.6206112479625734">
    <name>385.7</name>
  </wpt>
  <wpt lat="51.539905225987532" lon="4.6191841548203918">
    <name>385.8</name>
  </wpt>
  <wpt lat="51.539700973013858" lon="4.6177762124482058">
    <name>385.9</name>
  </wpt>
  <wpt lat="51.539500422525379" lon="4.6163685229650264">
    <name>386.0</name>
  </wpt>
  <wpt lat="51.539568102201471" lon="4.6149329989194339">
    <name>386.1</name>
  </wpt>
  <wpt lat="51.539709651134565" lon="4.6135117141285011">
    <name>386.2</name>
  </wpt>
  <wpt lat="51.539575127045232" lon="4.6122594332112614">
    <name>386.3</name>
  </wpt>
  <wpt lat="51.5394918391976" lon="4.6108202851180042">
    <name>386.4</name>
  </wpt>
  <wpt lat="51.539214203349673" lon="4.6094486615753461">
    <name>386.5</name>
  </wpt>
  <wpt lat="51.539204000019637" lon="4.6080134578042813">
    <name>386.6</name>
  </wpt>
  <wpt lat="51.539040868374144" lon="4.6065960161953274">
    <name>386.7</name>
  </wpt>
  <wpt lat="51.538741730484439" lon="4.605233438831382">
    <name>386.8</name>
  </wpt>
  <wpt lat="51.538442909663054" lon="4.6038697099695476">
    <name>386.9</name>
  </wpt>
  <wpt lat="51.5383162038089" lon="4.6024421356652176">
    <name>387.0</name>
  </wpt>
  <wpt lat="51.538246849332289" lon="4.6010021320069239">
    <name>387.1</name>
  </wpt>
  <wpt lat="51.538149382290271" lon="4.5995710722412131">
    <name>387.2</name>
  </wpt>
  <wpt lat="51.537692006710706" lon="4.59832617042243">
    <name>387.3</name>
  </wpt>
  <wpt lat="51.537255442143362" lon="4.59706476841266">
    <name>387.4</name>
  </wpt>
  <wpt lat="51.5369693484497" lon="4.5956981613465935">
    <name>387.5</name>
  </wpt>
  <wpt lat="51.536910163747677" lon="4.5944793784220854">
    <name>387.6</name>
  </wpt>
  <wpt lat="51.53773799402196" lon="4.5939439553883608">
    <name>387.7</name>
  </wpt>
  <wpt lat="51.538629370965928" lon="4.5937545395445163">
    <name>387.8</name>
  </wpt>
  <wpt lat="51.539523957813039" lon="4.5936160000000177">
    <name>387.9</name>
  </wpt>
  <wpt lat="51.540420199020325" lon="4.5935243775120549">
    <name>388.0</name>
  </wpt>
  <wpt lat="51.541306409168513" lon="4.5932829256523195">
    <name>388.1</name>
  </wpt>
  <wpt lat="51.5421606724037" lon="4.5932471852800925">
    <name>388.2</name>
  </wpt>
  <wpt lat="51.5429659486195" lon="4.5927550763529528">
    <name>388.3</name>
  </wpt>
  <wpt lat="51.543852208929813" lon="4.5925095226112314">
    <name>388.4</name>
  </wpt>
  <wpt lat="51.544736099366972" lon="4.5922445831095491">
    <name>388.5</name>
  </wpt>
  <wpt lat="51.545615626192038" lon="4.5919430275127064">
    <name>388.6</name>
  </wpt>
  <wpt lat="51.546506276442656" lon="4.5917563447404657">
    <name>388.7</name>
  </wpt>
  <wpt lat="51.546792601960121" lon="4.5905912654347336">
    <name>388.8</name>
  </wpt>
  <wpt lat="51.547162438269247" lon="4.5892737846949707">
    <name>388.9</name>
  </wpt>
  <wpt lat="51.547835596830815" lon="4.5883685522601452">
    <name>389.0</name>
  </wpt>
  <wpt lat="51.548616133557651" lon="4.587661356088752">
    <name>389.1</name>
  </wpt>
  <wpt lat="51.550298290715936" lon="4.5865141628593369">
    <name>389.33</name>
  </wpt>
  <wpt lat="51.550810863401111" lon="4.58620271460302">
    <name>389.4</name>
  </wpt>
  <wpt lat="51.5516647161309" lon="4.5857566842997306">
    <name>389.5</name>
  </wpt>
  <wpt lat="51.552512544476073" lon="4.5852798299042741">
    <name>389.6</name>
  </wpt>
  <wpt lat="51.553349320475213" lon="4.5847515232192624">
    <name>389.7</name>
  </wpt>
  <wpt lat="51.554210099819194" lon="4.5844100000000028">
    <name>389.8</name>
  </wpt>
  <wpt lat="51.5550959923301" lon="4.5843820040247953">
    <name>389.9</name>
  </wpt>
  <wpt lat="51.555822341334888" lon="4.5837334716897935">
    <name>390.0</name>
  </wpt>
  <wpt lat="51.556674851330854" lon="4.583278329931308">
    <name>390.1</name>
  </wpt>
  <wpt lat="51.557538655920361" lon="4.5828806106587727">
    <name>390.2</name>
  </wpt>
  <wpt lat="51.558369574165624" lon="4.5823336179760332">
    <name>390.3</name>
  </wpt>
  <wpt lat="51.55922668429718" lon="4.5819053760573825">
    <name>390.4</name>
  </wpt>
  <wpt lat="51.560091079687908" lon="4.5815144726748533">
    <name>390.5</name>
  </wpt>
  <wpt lat="51.560986380610132" lon="4.5814211248368384">
    <name>390.6</name>
  </wpt>
  <wpt lat="51.561875698743876" lon="4.5815651721907269">
    <name>390.7</name>
  </wpt>
  <wpt lat="51.562722000037638" lon="4.5819575231966629">
    <name>390.8</name>
  </wpt>
  <wpt lat="51.562784478752874" lon="4.5833997319247644">
    <name>390.9</name>
  </wpt>
  <wpt lat="51.562937090997728" lon="4.5848218121008735">
    <name>391.0</name>
  </wpt>
  <wpt lat="51.563300913429835" lon="4.5861446613592367">
    <name>391.1</name>
  </wpt>
  <wpt lat="51.563678603933049" lon="4.5874559585448909">
    <name>391.2</name>
  </wpt>
  <wpt lat="51.564199333955806" lon="4.5886280015939818">
    <name>391.3</name>
  </wpt>
  <wpt lat="51.565013038426223" lon="4.5887047919177455">
    <name>391.4</name>
  </wpt>
  <wpt lat="51.565895086454404" lon="4.5889580432263042">
    <name>391.5</name>
  </wpt>
  <wpt lat="51.56676559829917" lon="4.5893145411067549">
    <name>391.6</name>
  </wpt>
  <wpt lat="51.567654496761158" lon="4.5895334545672464">
    <name>391.7</name>
  </wpt>
  <wpt lat="51.5685477579787" lon="4.5896905253020552">
    <name>391.8</name>
  </wpt>
  <wpt lat="51.569446796145876" lon="4.5897212026772189">
    <name>391.9</name>
  </wpt>
  <wpt lat="51.570343999149216" lon="4.5898026498954607">
    <name>392.0</name>
  </wpt>
  <wpt lat="51.571209986307821" lon="4.5901851259557294">
    <name>392.1</name>
  </wpt>
  <wpt lat="51.572073121287112" lon="4.5905914450767362">
    <name>392.2</name>
  </wpt>
  <wpt lat="51.572934192378483" lon="4.5910089244631642">
    <name>392.3</name>
  </wpt>
  <wpt lat="51.573823678818272" lon="4.5911689999999856">
    <name>392.4</name>
  </wpt>
  <wpt lat="51.574692226686281" lon="4.5908617689485984">
    <name>392.5</name>
  </wpt>
  <wpt lat="51.575502209596927" lon="4.5902353921926276">
    <name>392.6</name>
  </wpt>
  <wpt lat="51.576384202207905" lon="4.5900292810227761">
    <name>392.7</name>
  </wpt>
  <wpt lat="51.577222911289333" lon="4.5899010243455018">
    <name>392.8</name>
  </wpt>
  <wpt lat="51.578048636799949" lon="4.5899309658496223">
    <name>392.9</name>
  </wpt>
  <wpt lat="51.5789147713613" lon="4.5895512471998856">
    <name>393.0</name>
  </wpt>
  <wpt lat="51.579627709913083" lon="4.5889239191777689">
    <name>393.1</name>
  </wpt>
  <wpt lat="51.580154112598805" lon="4.5877607748264442">
    <name>393.2</name>
  </wpt>
  <wpt lat="51.580849048032178" lon="4.5868842172589206">
    <name>393.3</name>
  </wpt>
  <wpt lat="51.581303011993548" lon="4.5856355490757306">
    <name>393.4</name>
  </wpt>
  <wpt lat="51.581761979055351" lon="4.5843915290470578">
    <name>393.5</name>
  </wpt>
  <wpt lat="51.582277277302978" lon="4.583219501271957">
    <name>393.6</name>
  </wpt>
  <wpt lat="51.581914716286349" lon="4.5820959258877458">
    <name>393.7</name>
  </wpt>
  <wpt lat="51.581277360595429" lon="4.5810784732248671">
    <name>393.8</name>
  </wpt>
  <wpt lat="51.580514359701539" lon="4.580315615288602">
    <name>393.9</name>
  </wpt>
  <wpt lat="51.579752243369477" lon="4.5795476517260711">
    <name>394.0</name>
  </wpt>
  <wpt lat="51.579398680124136" lon="4.5784428734117828">
    <name>394.1</name>
  </wpt>
  <wpt lat="51.579485496290779" lon="4.577004487927093">
    <name>394.2</name>
  </wpt>
  <wpt lat="51.579622980440256" lon="4.5755842806715483">
    <name>394.3</name>
  </wpt>
  <wpt lat="51.579850699699769" lon="4.574189475046853">
    <name>394.4</name>
  </wpt>
  <wpt lat="51.580166868657606" lon="4.5728350924857564">
    <name>394.5</name>
  </wpt>
  <wpt lat="51.58032828688328" lon="4.5714365065288787">
    <name>394.6</name>
  </wpt>
  <wpt lat="51.580430035483182" lon="4.5700054822145972">
    <name>394.7</name>
  </wpt>
  <wpt lat="51.580288551971009" lon="4.5685775918938143">
    <name>394.8</name>
  </wpt>
  <wpt lat="51.580359955637135" lon="4.5671395133842525">
    <name>394.9</name>
  </wpt>
  <wpt lat="51.580399081823771" lon="4.5657034088300277">
    <name>395.0</name>
  </wpt>
  <wpt lat="51.579602148137994" lon="4.56539331738643">
    <name>395.1</name>
  </wpt>
  <wpt lat="51.5787064791525" lon="4.5652649747342338">
    <name>395.2</name>
  </wpt>
  <wpt lat="51.577922601294048" lon="4.5646266016869967">
    <name>395.3</name>
  </wpt>
  <wpt lat="51.577351011244943" lon="4.5635100426659525">
    <name>395.4</name>
  </wpt>
  <wpt lat="51.576827804343736" lon="4.5623330420378334">
    <name>395.5</name>
  </wpt>
  <wpt lat="51.576148645946191" lon="4.5613889642269454">
    <name>395.6</name>
  </wpt>
  <wpt lat="51.575978921638445" lon="4.5602924017976472">
    <name>395.7</name>
  </wpt>
  <wpt lat="51.576315619287591" lon="4.5589526345603009">
    <name>395.8</name>
  </wpt>
  <wpt lat="51.576115944485984" lon="4.5575793365020143">
    <name>395.9</name>
  </wpt>
  <wpt lat="51.575782857367152" lon="4.5562351970459165">
    <name>396.0</name>
  </wpt>
  <wpt lat="51.575599819121415" lon="4.5548273787943421">
    <name>396.1</name>
  </wpt>
  <wpt lat="51.57548924002986" lon="4.5533928068124254">
    <name>396.2</name>
  </wpt>
  <wpt lat="51.575346085103682" lon="4.5519651690705318">
    <name>396.3</name>
  </wpt>
  <wpt lat="51.5752521645065" lon="4.5505269627404319">
    <name>396.4</name>
  </wpt>
  <wpt lat="51.5751896897183" lon="4.5490834668863283">
    <name>396.5</name>
  </wpt>
  <wpt lat="51.5753583422812" lon="4.5476673002706542">
    <name>396.6</name>
  </wpt>
  <wpt lat="51.57552624731008" lon="4.5462456891901288">
    <name>396.7</name>
  </wpt>
  <wpt lat="51.575213086622554" lon="4.5454529497594311">
    <name>396.8</name>
  </wpt>
  <wpt lat="51.574315013700108" lon="4.5454044290317048">
    <name>396.9</name>
  </wpt>
  <wpt lat="51.573717049866893" lon="4.5451401105349021">
    <name>397.0</name>
  </wpt>
  <wpt lat="51.574270584475521" lon="4.5440158817954481">
    <name>397.1</name>
  </wpt>
  <wpt lat="51.574617715008351" lon="4.54268111854005">
    <name>397.2</name>
  </wpt>
  <wpt lat="51.574981891991889" lon="4.5413585370189473">
    <name>397.3</name>
  </wpt>
  <wpt lat="51.575360163552759" lon="4.5400458110486417">
    <name>397.4</name>
  </wpt>
  <wpt lat="51.575511000096142" lon="4.5386480056353022">
    <name>397.5</name>
  </wpt>
  <wpt lat="51.575332002754188" lon="4.5372755679716095">
    <name>397.6</name>
  </wpt>
  <wpt lat="51.575652114691451" lon="4.535976882134209">
    <name>397.7</name>
  </wpt>
  <wpt lat="51.575955283672045" lon="4.5346162619048931">
    <name>397.8</name>
  </wpt>
  <wpt lat="51.576246307843647" lon="4.5332470749994256">
    <name>397.9</name>
  </wpt>
  <wpt lat="51.5766127532944" lon="4.531935866434">
    <name>398.0</name>
  </wpt>
  <wpt lat="51.57731710113876" lon="4.5310634026824745">
    <name>398.1</name>
  </wpt>
  <wpt lat="51.578049400379555" lon="4.5302240927907169">
    <name>398.2</name>
  </wpt>
  <wpt lat="51.57878786000969" lon="4.52939814347903">
    <name>398.3</name>
  </wpt>
  <wpt lat="51.579595805442267" lon="4.5287775798171506">
    <name>398.4</name>
  </wpt>
  <wpt lat="51.580425372959446" lon="4.5282227166303839">
    <name>398.5</name>
  </wpt>
  <wpt lat="51.581262008107032" lon="4.527703080912878">
    <name>398.6</name>
  </wpt>
  <wpt lat="51.582003942141881" lon="4.5269799284491636">
    <name>398.7</name>
  </wpt>
  <wpt lat="51.5827277602164" lon="4.5272110913637107">
    <name>398.8</name>
  </wpt>
  <wpt lat="51.583614231495474" lon="4.5270176812784353">
    <name>398.9</name>
  </wpt>
  <wpt lat="51.584408383139156" lon="4.5266967662226323">
    <name>399.0</name>
  </wpt>
  <wpt lat="51.584891241050592" lon="4.52791584352493">
    <name>399.1</name>
  </wpt>
  <wpt lat="51.585486124019432" lon="4.5290011338259015">
    <name>399.2</name>
  </wpt>
  <wpt lat="51.586095819637073" lon="4.530065117766628">
    <name>399.3</name>
  </wpt>
  <wpt lat="51.586727511690967" lon="4.5310949796694384">
    <name>399.4</name>
  </wpt>
  <wpt lat="51.5873657361584" lon="4.532114077551527">
    <name>399.5</name>
  </wpt>
  <wpt lat="51.587983961652213" lon="4.5331607826502855">
    <name>399.6</name>
  </wpt>
  <wpt lat="51.5887285779248" lon="4.5328377964470947">
    <name>399.7</name>
  </wpt>
  <wpt lat="51.588783822819273" lon="4.531398564373962">
    <name>399.8</name>
  </wpt>
  <wpt lat="51.588756790535868" lon="4.529952574677873">
    <name>399.9</name>
  </wpt>
  <wpt lat="51.588771000157429" lon="4.5285055128607681">
    <name>400.0</name>
  </wpt>
  <wpt lat="51.588786347214509" lon="4.5270596182605161">
    <name>400.1</name>
  </wpt>
  <wpt lat="51.588793275497935" lon="4.5256143067876371">
    <name>400.2</name>
  </wpt>
  <wpt lat="51.589029928261645" lon="4.524218171015586">
    <name>400.3</name>
  </wpt>
  <wpt lat="51.589326810879626" lon="4.5228567396109884">
    <name>400.4</name>
  </wpt>
  <wpt lat="51.589653060219376" lon="4.5215208633432269">
    <name>400.5</name>
  </wpt>
  <wpt lat="51.589946332264873" lon="4.5201524797847039">
    <name>400.6</name>
  </wpt>
  <wpt lat="51.590241313179305" lon="4.5187854421045088">
    <name>400.7</name>
  </wpt>
  <wpt lat="51.5902081951319" lon="4.51751465843468">
    <name>400.8</name>
  </wpt>
  <wpt lat="51.590083126788606" lon="4.5160834478044221">
    <name>400.9</name>
  </wpt>
  <wpt lat="51.58993378325426" lon="4.5146560480599245">
    <name>401.0</name>
  </wpt>
  <wpt lat="51.589783647309993" lon="4.5132288466651982">
    <name>401.1</name>
  </wpt>
  <wpt lat="51.5896576605262" lon="4.511796409244619">
    <name>401.2</name>
  </wpt>
  <wpt lat="51.589630002866784" lon="4.510351848157411">
    <name>401.3</name>
  </wpt>
  <wpt lat="51.589630005840057" lon="4.508904340280794">
    <name>401.4</name>
  </wpt>
  <wpt lat="51.589413450288191" lon="4.507521480071925">
    <name>401.5</name>
  </wpt>
  <wpt lat="51.589076227008157" lon="4.50618018899979">
    <name>401.6</name>
  </wpt>
  <wpt lat="51.588779711389677" lon="4.5048141224039036">
    <name>401.7</name>
  </wpt>
  <wpt lat="51.588423128684688" lon="4.5034855370198539">
    <name>401.8</name>
  </wpt>
  <wpt lat="51.58806386569939" lon="4.5021601354329208">
    <name>401.9</name>
  </wpt>
  <wpt lat="51.587599960585237" lon="4.5009308080101844">
    <name>402.0</name>
  </wpt>
  <wpt lat="51.587086654423494" lon="4.4997423050753165">
    <name>402.1</name>
  </wpt>
  <wpt lat="51.586568513098847" lon="4.4985594343369053">
    <name>402.2</name>
  </wpt>
  <wpt lat="51.58583019435045" lon="4.49775660191993">
    <name>402.3</name>
  </wpt>
  <wpt lat="51.585104872266065" lon="4.496913652221445">
    <name>402.4</name>
  </wpt>
  <wpt lat="51.584673000138565" lon="4.4956995402576094">
    <name>402.5</name>
  </wpt>
  <wpt lat="51.584830986471928" lon="4.4942826514105354">
    <name>402.6</name>
  </wpt>
  <wpt lat="51.585123953764679" lon="4.4929144371134981">
    <name>402.7</name>
  </wpt>
  <wpt lat="51.585424000004664" lon="4.49155931369608">
    <name>402.8</name>
  </wpt>
  <wpt lat="51.585804786141651" lon="4.4904318231252871">
    <name>402.9</name>
  </wpt>
  <wpt lat="51.585872755804949" lon="4.4891118055459005">
    <name>403.0</name>
  </wpt>
  <wpt lat="51.5858348446495" lon="4.4876764996560281">
    <name>403.1</name>
  </wpt>
  <wpt lat="51.585499235316846" lon="4.4863365706378611">
    <name>403.2</name>
  </wpt>
  <wpt lat="51.58514038727926" lon="4.4850094212148113">
    <name>403.3</name>
  </wpt>
  <wpt lat="51.584782751679192" lon="4.483681432514727">
    <name>403.4</name>
  </wpt>
  <wpt lat="51.584421254723942" lon="4.4823561621260311">
    <name>403.5</name>
  </wpt>
  <wpt lat="51.584058161252763" lon="4.4810320349362662">
    <name>403.6</name>
  </wpt>
  <wpt lat="51.583796420104967" lon="4.4796507440469693">
    <name>403.7</name>
  </wpt>
  <wpt lat="51.583635652666871" lon="4.4782272849515055">
    <name>403.8</name>
  </wpt>
  <wpt lat="51.583557067051906" lon="4.476800393166628">
    <name>403.9</name>
  </wpt>
  <wpt lat="51.583499468914972" lon="4.4753783861771685">
    <name>404.0</name>
  </wpt>
  <wpt lat="51.583516533112295" lon="4.4739313340981592">
    <name>404.1</name>
  </wpt>
  <wpt lat="51.583532486329979" lon="4.4724842484640428">
    <name>404.2</name>
  </wpt>
  <wpt lat="51.583579000029438" lon="4.4710405422356354">
    <name>404.3</name>
  </wpt>
  <wpt lat="51.583600000389445" lon="4.4695939087874414">
    <name>404.4</name>
  </wpt>
  <wpt lat="51.583605233873314" lon="4.4681812984595721">
    <name>404.5</name>
  </wpt>
  <wpt lat="51.587789183615214" lon="4.4597239173965217">
    <name>405.55</name>
  </wpt>
  <wpt lat="51.587304213809411" lon="4.4597603646455513">
    <name>405.6</name>
  </wpt>
  <wpt lat="51.58706982613279" lon="4.4583976522330149">
    <name>405.7</name>
  </wpt>
  <wpt lat="51.5868953202619" lon="4.4570563595013937">
    <name>405.8</name>
  </wpt>
  <wpt lat="51.586684814545222" lon="4.4556612537852063">
    <name>405.9</name>
  </wpt>
  <wpt lat="51.586249370082179" lon="4.4544030448873553">
    <name>406.0</name>
  </wpt>
  <wpt lat="51.585507149027855" lon="4.4536343669925982">
    <name>406.1</name>
  </wpt>
  <wpt lat="51.584854123356514" lon="4.45347927691">
    <name>406.2</name>
  </wpt>
  <wpt lat="51.584131482299846" lon="4.4543257588633045">
    <name>406.3</name>
  </wpt>
  <wpt lat="51.583248880481811" lon="4.4546009580240344">
    <name>406.4</name>
  </wpt>
  <wpt lat="51.566355733095349" lon="4.4713934186475717">
    <name>408.91</name>
  </wpt>
  <wpt lat="51.566348375140883" lon="4.4713714579452484">
    <name>408.9</name>
  </wpt>
  <wpt lat="51.565683465805364" lon="4.4711162626146974">
    <name>409.0</name>
  </wpt>
  <wpt lat="51.564841511192228" lon="4.471624613440234">
    <name>409.1</name>
  </wpt>
  <wpt lat="51.5639928219607" lon="4.4721031895459671">
    <name>409.2</name>
  </wpt>
  <wpt lat="51.56315070552882" lon="4.4726100999363529">
    <name>409.3</name>
  </wpt>
  <wpt lat="51.562305231178094" lon="4.4731029424052506">
    <name>409.4</name>
  </wpt>
  <wpt lat="51.561584000053486" lon="4.4736388121195354">
    <name>409.5</name>
  </wpt>
  <wpt lat="51.561326176652884" lon="4.474746206292064">
    <name>409.6</name>
  </wpt>
  <wpt lat="51.560722817391273" lon="4.4757899567077359">
    <name>409.7</name>
  </wpt>
  <wpt lat="51.560327462745043" lon="4.4770823815972918">
    <name>409.8</name>
  </wpt>
  <wpt lat="51.559978329316984" lon="4.4783150169614707">
    <name>409.9</name>
  </wpt>
  <wpt lat="51.559171494520243" lon="4.4777092660128419">
    <name>410.0</name>
  </wpt>
  <wpt lat="51.558383383913018" lon="4.4770124820228">
    <name>410.1</name>
  </wpt>
  <wpt lat="51.55759937816007" lon="4.47630394051932">
    <name>410.2</name>
  </wpt>
  <wpt lat="51.556818857547107" lon="4.4755854179228995">
    <name>410.3</name>
  </wpt>
  <wpt lat="51.55605338500677" lon="4.474834077489616">
    <name>410.4</name>
  </wpt>
  <wpt lat="51.5559207182623" lon="4.4736029999999989">
    <name>410.5</name>
  </wpt>
  <wpt lat="51.555021529005145" lon="4.4736239999999547">
    <name>410.6</name>
  </wpt>
  <wpt lat="51.554136022787056" lon="4.4736666208919758">
    <name>410.7</name>
  </wpt>
  <wpt lat="51.553240194928357" lon="4.4735418078378961">
    <name>410.8</name>
  </wpt>
  <wpt lat="51.552346606816776" lon="4.4733896897966821">
    <name>410.9</name>
  </wpt>
  <wpt lat="51.551452460443237" lon="4.4732611573662329">
    <name>411.0</name>
  </wpt>
  <wpt lat="51.550565860820079" lon="4.473020620727544">
    <name>411.1</name>
  </wpt>
  <wpt lat="51.5496786144992" lon="4.47278700000003">
    <name>411.2</name>
  </wpt>
  <wpt lat="51.548809426815687" lon="4.4730766224363085">
    <name>411.3</name>
  </wpt>
  <wpt lat="51.547968899216308" lon="4.4735786092422485">
    <name>411.4</name>
  </wpt>
  <wpt lat="51.5470975339292" lon="4.4738747140007122">
    <name>411.5</name>
  </wpt>
  <wpt lat="51.546268429393919" lon="4.4744146652056074">
    <name>411.6</name>
  </wpt>
  <wpt lat="51.545406786271975" lon="4.4747829999999835">
    <name>411.7</name>
  </wpt>
  <wpt lat="51.544529915564368" lon="4.4745169572070367">
    <name>411.8</name>
  </wpt>
  <wpt lat="51.543881481299756" lon="4.4745700748089678">
    <name>411.9</name>
  </wpt>
  <wpt lat="51.543564203513355" lon="4.4759227482206887">
    <name>412.0</name>
  </wpt>
  <wpt lat="51.54280728078" lon="4.4762820551143125">
    <name>412.1</name>
  </wpt>
  <wpt lat="51.541908037436045" lon="4.4762957926483296">
    <name>412.2</name>
  </wpt>
  <wpt lat="51.541009000402674" lon="4.47632799999996">
    <name>412.3</name>
  </wpt>
  <wpt lat="51.54010978080111" lon="4.476340935208067">
    <name>412.4</name>
  </wpt>
  <wpt lat="51.539219058860695" lon="4.4765007513635808">
    <name>412.5</name>
  </wpt>
  <wpt lat="51.538335954725433" lon="4.4764589715067027">
    <name>412.6</name>
  </wpt>
  <wpt lat="51.53744185832587" lon="4.4765639999999776">
    <name>412.7</name>
  </wpt>
  <wpt lat="51.53659187139931" lon="4.4765477095628556">
    <name>412.8</name>
  </wpt>
  <wpt lat="51.535697652164671" lon="4.4764305956726078">
    <name>412.9</name>
  </wpt>
  <wpt lat="51.534807669852341" lon="4.47622932440065">
    <name>413.0</name>
  </wpt>
  <wpt lat="51.533944402581014" lon="4.4758976710867184">
    <name>413.1</name>
  </wpt>
  <wpt lat="51.53306199549818" lon="4.4757137477222964">
    <name>413.2</name>
  </wpt>
  <wpt lat="51.532178722578209" lon="4.4754418488012835">
    <name>413.3</name>
  </wpt>
  <wpt lat="51.531742098892572" lon="4.4765411230529262">
    <name>413.4</name>
  </wpt>
  <wpt lat="51.5313318296551" lon="4.4778275686874611">
    <name>413.5</name>
  </wpt>
  <wpt lat="51.530908714575084" lon="4.479100670706547">
    <name>413.6</name>
  </wpt>
  <wpt lat="51.530531027705578" lon="4.4803919446232854">
    <name>413.7</name>
  </wpt>
  <wpt lat="51.529762276963012" lon="4.4811063182544162">
    <name>413.8</name>
  </wpt>
  <wpt lat="51.528985177798809" lon="4.4818253524639724">
    <name>413.9</name>
  </wpt>
  <wpt lat="51.528201446371057" lon="4.4825343298959055">
    <name>414.0</name>
  </wpt>
  <wpt lat="51.527411687795677" lon="4.4832242967454983">
    <name>414.1</name>
  </wpt>
  <wpt lat="51.526548184713178" lon="4.4835380000000216">
    <name>414.2</name>
  </wpt>
  <wpt lat="51.5256583129423" lon="4.483343775459371">
    <name>414.3</name>
  </wpt>
  <wpt lat="51.524766954020372" lon="4.4831518513237469">
    <name>414.4</name>
  </wpt>
  <wpt lat="51.523923647165653" lon="4.4827464117993348">
    <name>414.5</name>
  </wpt>
  <wpt lat="51.52360537146518" lon="4.4814189184477931">
    <name>414.6</name>
  </wpt>
  <wpt lat="51.523343967848852" lon="4.4800359377898422">
    <name>414.7</name>
  </wpt>
  <wpt lat="51.520234814463208" lon="4.4792191800770187">
    <name>415.33</name>
  </wpt>
  <wpt lat="51.519571708483412" lon="4.479411379811828">
    <name>415.4</name>
  </wpt>
  <wpt lat="51.518709568308445" lon="4.4798226000506567">
    <name>415.5</name>
  </wpt>
  <wpt lat="51.517846671132553" lon="4.480229368577934">
    <name>415.6</name>
  </wpt>
  <wpt lat="51.517084227784963" lon="4.4802128450411658">
    <name>415.7</name>
  </wpt>
  <wpt lat="51.51682661462295" lon="4.4788288330174719">
    <name>415.8</name>
  </wpt>
  <wpt lat="51.516588144623967" lon="4.4774363251537181">
    <name>415.9</name>
  </wpt>
  <wpt lat="51.516334322125786" lon="4.4760503434030445">
    <name>416.0</name>
  </wpt>
  <wpt lat="51.525992887178823" lon="4.46579200000003">
    <name>417.75</name>
  </wpt>
  <wpt lat="51.526581823614478" lon="4.4657215144516442">
    <name>417.8</name>
  </wpt>
  <wpt lat="51.527462896867668" lon="4.4655427569332451">
    <name>417.9</name>
  </wpt>
  <wpt lat="51.528339178747181" lon="4.4652176486058552">
    <name>418.0</name>
  </wpt>
  <wpt lat="51.529175948885438" lon="4.4647731590530206">
    <name>418.1</name>
  </wpt>
  <wpt lat="51.52999092772432" lon="4.4652148499250561">
    <name>418.2</name>
  </wpt>
  <wpt lat="51.530250140640725" lon="4.4638741203708427">
    <name>418.3</name>
  </wpt>
  <wpt lat="51.530628030546424" lon="4.46256235965634">
    <name>418.4</name>
  </wpt>
  <wpt lat="51.530989799458908" lon="4.4612410092545733">
    <name>418.5</name>
  </wpt>
  <wpt lat="51.531417402705671" lon="4.4599710216303565">
    <name>418.6</name>
  </wpt>
  <wpt lat="51.5302227702145" lon="4.4469507741594052">
    <name>419.94</name>
  </wpt>
  <wpt lat="51.529579622227082" lon="4.4468734896187652">
    <name>420.0</name>
  </wpt>
  <wpt lat="51.528682766537244" lon="4.4467816554783743">
    <name>420.1</name>
  </wpt>
  <wpt lat="51.527808413059553" lon="4.4466571489969926">
    <name>420.2</name>
  </wpt>
  <wpt lat="51.527576008844257" lon="4.445468125330212">
    <name>420.3</name>
  </wpt>
  <wpt lat="51.527506841958633" lon="4.4440587463904295">
    <name>420.4</name>
  </wpt>
  <wpt lat="51.527411048891722" lon="4.4426214412701421">
    <name>420.5</name>
  </wpt>
  <wpt lat="51.527284668290221" lon="4.4411910159929286">
    <name>420.6</name>
  </wpt>
  <wpt lat="51.527093282109242" lon="4.4397790494852529">
    <name>420.7</name>
  </wpt>
  <wpt lat="51.526915053897433" lon="4.438362250678308">
    <name>420.8</name>
  </wpt>
  <wpt lat="51.526603288019281" lon="4.4373981360207413">
    <name>420.9</name>
  </wpt>
  <wpt lat="51.52574094586101" lon="4.43773420813812">
    <name>421.0</name>
  </wpt>
  <wpt lat="51.524860849271235" lon="4.4379764563976538">
    <name>421.1</name>
  </wpt>
  <wpt lat="51.523994385500373" lon="4.4383102754983366">
    <name>421.2</name>
  </wpt>
  <wpt lat="51.523119403527076" lon="4.4386416163860254">
    <name>421.3</name>
  </wpt>
  <wpt lat="51.522241939560864" lon="4.4388584544259917">
    <name>421.4</name>
  </wpt>
  <wpt lat="51.521368112676107" lon="4.4391704211724647">
    <name>421.5</name>
  </wpt>
  <wpt lat="51.520628319454211" lon="4.4389390501141746">
    <name>421.6</name>
  </wpt>
  <wpt lat="51.520088789455635" lon="4.43778273015649">
    <name>421.7</name>
  </wpt>
  <wpt lat="51.519656198204949" lon="4.4365247029432187">
    <name>421.8</name>
  </wpt>
  <wpt lat="51.519212399402534" lon="4.4352683845047824">
    <name>421.9</name>
  </wpt>
  <wpt lat="51.51879485346894" lon="4.4339883400182645">
    <name>422.0</name>
  </wpt>
  <wpt lat="51.518384167175533" lon="4.4327041585721609">
    <name>422.1</name>
  </wpt>
  <wpt lat="51.518051314219775" lon="4.43136301375913">
    <name>422.2</name>
  </wpt>
  <wpt lat="51.517588457612625" lon="4.4302618578371922">
    <name>422.3</name>
  </wpt>
  <wpt lat="51.517169940482837" lon="4.4291339306479953">
    <name>422.4</name>
  </wpt>
  <wpt lat="51.516594224647058" lon="4.4280392363789112">
    <name>422.5</name>
  </wpt>
  <wpt lat="51.515808190381676" lon="4.4273568319914851">
    <name>422.6</name>
  </wpt>
  <wpt lat="51.514921966667742" lon="4.4272013532651551">
    <name>422.7</name>
  </wpt>
  <wpt lat="51.514142176953989" lon="4.42739270616919">
    <name>422.8</name>
  </wpt>
  <wpt lat="51.50737030516683" lon="4.4163571728262037">
    <name>423.93</name>
  </wpt>
  <wpt lat="51.506735588486883" lon="4.4156303055059691">
    <name>424.0</name>
  </wpt>
  <wpt lat="51.50607594429006" lon="4.4146522286145586">
    <name>424.1</name>
  </wpt>
  <wpt lat="51.505430788164915" lon="4.4136456345331938">
    <name>424.2</name>
  </wpt>
  <wpt lat="51.504749797795412" lon="4.4127025661834418">
    <name>424.3</name>
  </wpt>
  <wpt lat="51.504111528668588" lon="4.41168475448978">
    <name>424.4</name>
  </wpt>
  <wpt lat="51.503487946533454" lon="4.41064589277311">
    <name>424.5</name>
  </wpt>
  <wpt lat="51.50290892751282" lon="4.4095776386497949">
    <name>424.6</name>
  </wpt>
  <wpt lat="51.502100100941917" lon="4.4089534660983176">
    <name>424.7</name>
  </wpt>
  <wpt lat="51.50181911954575" lon="4.4076293481367417">
    <name>424.8</name>
  </wpt>
  <wpt lat="51.501698241966253" lon="4.4061977425858121">
    <name>424.9</name>
  </wpt>
  <wpt lat="51.50155827799037" lon="4.4047715489932449">
    <name>425.0</name>
  </wpt>
  <wpt lat="51.501205085096345" lon="4.4034495408089027">
    <name>425.1</name>
  </wpt>
  <wpt lat="51.500747815405909" lon="4.4022055393505983">
    <name>425.2</name>
  </wpt>
  <wpt lat="51.500290545715572" lon="4.4009615503739088">
    <name>425.3</name>
  </wpt>
  <wpt lat="51.499837781282373" lon="4.3997133414014433">
    <name>425.4</name>
  </wpt>
  <wpt lat="51.499223037250118" lon="4.3991019999999921">
    <name>425.5</name>
  </wpt>
  <wpt lat="51.498325240304965" lon="4.3990586787019952">
    <name>425.6</name>
  </wpt>
  <wpt lat="51.49747369517997" lon="4.3987513091055437">
    <name>425.7</name>
  </wpt>
  <wpt lat="51.496676372468833" lon="4.39873969791767">
    <name>425.8</name>
  </wpt>
  <wpt lat="51.495782907371343" lon="4.3986066021622205">
    <name>425.9</name>
  </wpt>
  <wpt lat="51.494885905536648" lon="4.3985029159943148">
    <name>426.0</name>
  </wpt>
  <wpt lat="51.493994506133838" lon="4.3983392175577807">
    <name>426.1</name>
  </wpt>
  <wpt lat="51.493098571804126" lon="4.3982139676440823">
    <name>426.2</name>
  </wpt>
  <wpt lat="51.492202637474428" lon="4.3980887201919812">
    <name>426.3</name>
  </wpt>
  <wpt lat="51.491305568871113" lon="4.3980038874509857">
    <name>426.4</name>
  </wpt>
  <wpt lat="51.49041241293267" lon="4.3978790000000165">
    <name>426.5</name>
  </wpt>
  <wpt lat="51.48952408486646" lon="4.39809822278314">
    <name>426.6</name>
  </wpt>
  <wpt lat="51.488637099302373" lon="4.3983359719532746">
    <name>426.7</name>
  </wpt>
  <wpt lat="51.487749058422921" lon="4.3985613554032366">
    <name>426.8</name>
  </wpt>
  <wpt lat="51.486877479449994" lon="4.39864023228985">
    <name>426.9</name>
  </wpt>
  <wpt lat="51.486296358959756" lon="4.3989489358780052">
    <name>427.0</name>
  </wpt>
  <wpt lat="51.48540953247025" lon="4.3987103826010543">
    <name>427.1</name>
  </wpt>
  <wpt lat="51.484521654463066" lon="4.3984807533341987">
    <name>427.2</name>
  </wpt>
  <wpt lat="51.483633902250318" lon="4.3982498543346491">
    <name>427.3</name>
  </wpt>
  <wpt lat="51.482745819476854" lon="4.398022259552393">
    <name>427.4</name>
  </wpt>
  <wpt lat="51.48185842035307" lon="4.3977882971381437">
    <name>427.5</name>
  </wpt>
  <wpt lat="51.480970280242794" lon="4.3975779999999709">
    <name>427.6</name>
  </wpt>
  <wpt lat="51.480088430371246" lon="4.3978568569165448">
    <name>427.7</name>
  </wpt>
  <wpt lat="51.479191367224665" lon="4.3977599689178168">
    <name>427.8</name>
  </wpt>
  <wpt lat="51.478294534132047" lon="4.39765262194562">
    <name>427.9</name>
  </wpt>
  <wpt lat="51.477397701039436" lon="4.3975452770841921">
    <name>428.0</name>
  </wpt>
  <wpt lat="51.476500867946804" lon="4.39743793433333">
    <name>428.1</name>
  </wpt>
  <wpt lat="51.475604010888269" lon="4.39733111365347">
    <name>428.2</name>
  </wpt>
  <wpt lat="51.474707103329138" lon="4.3972253911339543">
    <name>428.3</name>
  </wpt>
  <wpt lat="51.473810394376407" lon="4.39711561078573">
    <name>428.4</name>
  </wpt>
  <wpt lat="51.4729142031201" lon="4.3969952493387767">
    <name>428.5</name>
  </wpt>
  <wpt lat="51.472018011863796" lon="4.3968748902562238">
    <name>428.6</name>
  </wpt>
  <wpt lat="51.471120892633152" lon="4.3967774737696086">
    <name>428.7</name>
  </wpt>
  <wpt lat="51.470224266489666" lon="4.3966681075949454">
    <name>428.8</name>
  </wpt>
  <wpt lat="51.46932803060978" lon="4.396548615112172">
    <name>428.9</name>
  </wpt>
  <wpt lat="51.46843177237826" lon="4.3964295797987658">
    <name>429.0</name>
  </wpt>
  <wpt lat="51.467536227377288" lon="4.3962997717380095">
    <name>429.1</name>
  </wpt>
  <wpt lat="51.466642770772268" lon="4.3961351700322915">
    <name>429.2</name>
  </wpt>
  <wpt lat="51.465745870272336" lon="4.3960352957920454">
    <name>429.3</name>
  </wpt>
  <wpt lat="51.464847965316444" lon="4.39595430182992">
    <name>429.4</name>
  </wpt>
  <wpt lat="51.463950433735157" lon="4.3958634390670595">
    <name>429.5</name>
  </wpt>
  <wpt lat="51.463053320686072" lon="4.3957623363411811">
    <name>429.6</name>
  </wpt>
  <wpt lat="51.4621580463501" lon="4.3956272912255985">
    <name>429.7</name>
  </wpt>
  <wpt lat="51.46126768003208" lon="4.3954269194968436">
    <name>429.8</name>
  </wpt>
  <wpt lat="51.460924711468536" lon="4.3942617351830373">
    <name>429.9</name>
  </wpt>
  <wpt lat="51.460343884239954" lon="4.3931606267532439">
    <name>430.0</name>
  </wpt>
  <wpt lat="51.459756680400893" lon="4.3920673869790923">
    <name>430.1</name>
  </wpt>
  <wpt lat="51.459169648639225" lon="4.3909739232145046">
    <name>430.2</name>
  </wpt>
  <wpt lat="51.458381073888255" lon="4.3902956082845463">
    <name>430.3</name>
  </wpt>
  <wpt lat="51.4575719206075" lon="4.389665693814397">
    <name>430.4</name>
  </wpt>
  <wpt lat="51.456762767326794" lon="4.3890357905106914">
    <name>430.5</name>
  </wpt>
  <wpt lat="51.45595274558265" lon="4.3884088248215374">
    <name>430.6</name>
  </wpt>
  <wpt lat="51.455137978897334" lon="4.387797864241282">
    <name>430.7</name>
  </wpt>
  <wpt lat="51.454325223359945" lon="4.387180302301724">
    <name>430.8</name>
  </wpt>
  <wpt lat="51.453523332107835" lon="4.3865269790165975">
    <name>430.9</name>
  </wpt>
  <wpt lat="51.452731123678205" lon="4.3858508382745329">
    <name>431.0</name>
  </wpt>
  <wpt lat="51.452368853142723" lon="4.3845910282441327">
    <name>431.1</name>
  </wpt>
  <wpt lat="51.452607601245269" lon="4.3831999980884753">
    <name>431.2</name>
  </wpt>
  <wpt lat="51.452295833700511" lon="4.3822952209529538">
    <name>431.3</name>
  </wpt>
  <wpt lat="51.451438172485631" lon="4.3818610731697927">
    <name>431.4</name>
  </wpt>
  <wpt lat="51.450586105651148" lon="4.3814002045505518">
    <name>431.5</name>
  </wpt>
  <wpt lat="51.449944717099029" lon="4.38074421569659">
    <name>431.6</name>
  </wpt>
  <wpt lat="51.449083653269149" lon="4.3803277938345184">
    <name>431.7</name>
  </wpt>
  <wpt lat="51.448237768311969" lon="4.3798500007487782">
    <name>431.8</name>
  </wpt>
  <wpt lat="51.447382004420689" lon="4.3794551289745351">
    <name>431.9</name>
  </wpt>
  <wpt lat="51.44651648789791" lon="4.3790680561755284">
    <name>432.0</name>
  </wpt>
  <wpt lat="51.445633425432248" lon="4.3787963967463144">
    <name>432.1</name>
  </wpt>
  <wpt lat="51.444747317226607" lon="4.3785499589367989">
    <name>432.2</name>
  </wpt>
  <wpt lat="51.443861209020966" lon="4.3783035259091081">
    <name>432.3</name>
  </wpt>
  <wpt lat="51.442975100815332" lon="4.3780570976630369">
    <name>432.4</name>
  </wpt>
  <wpt lat="51.442088941978959" lon="4.3778111624502687">
    <name>432.5</name>
  </wpt>
  <wpt lat="51.441200669096666" lon="4.3775856941484008">
    <name>432.6</name>
  </wpt>
  <wpt lat="51.440311254327845" lon="4.3773911594524746">
    <name>432.7</name>
  </wpt>
  <wpt lat="51.439442486116668" lon="4.3770382770907128">
    <name>432.8</name>
  </wpt>
  <wpt lat="51.438600950584622" lon="4.3765346150457072">
    <name>432.9</name>
  </wpt>
  <wpt lat="51.437846766528807" lon="4.3757742244957267">
    <name>433.0</name>
  </wpt>
  <wpt lat="51.437254564235737" lon="4.3747337442211407">
    <name>433.1</name>
  </wpt>
  <wpt lat="51.436601007811227" lon="4.3739100000000235">
    <name>433.2</name>
  </wpt>
  <wpt lat="51.43576422489356" lon="4.3743941032698155">
    <name>433.3</name>
  </wpt>
  <wpt lat="51.434952046979632" lon="4.3750125716179937">
    <name>433.4</name>
  </wpt>
  <wpt lat="51.434140028529555" lon="4.37562334764262">
    <name>433.5</name>
  </wpt>
  <wpt lat="51.433407109664955" lon="4.3763580715318788">
    <name>433.6</name>
  </wpt>
  <wpt lat="51.432616704810677" lon="4.37683661698185">
    <name>433.7</name>
  </wpt>
  <wpt lat="51.431734958123506" lon="4.3767090418927621">
    <name>433.8</name>
  </wpt>
  <wpt lat="51.430911042422444" lon="4.3770594580546627">
    <name>433.9</name>
  </wpt>
  <wpt lat="51.430322247586226" lon="4.3760596228591142">
    <name>434.0</name>
  </wpt>
  <wpt lat="51.429848221918853" lon="4.3748339423034279">
    <name>434.1</name>
  </wpt>
  <wpt lat="51.4293863061069" lon="4.3735964024758909">
    <name>434.2</name>
  </wpt>
  <wpt lat="51.428917385133154" lon="4.37236558571461">
    <name>434.3</name>
  </wpt>
  <wpt lat="51.428450415594838" lon="4.3711328744481479">
    <name>434.4</name>
  </wpt>
  <wpt lat="51.427984588093011" lon="4.3698990626352643">
    <name>434.5</name>
  </wpt>
  <wpt lat="51.4275156163745" lon="4.3686683722636293">
    <name>434.6</name>
  </wpt>
  <wpt lat="51.42713490816184" lon="4.3673784571652421">
    <name>434.7</name>
  </wpt>
  <wpt lat="51.426508060546169" lon="4.366907889419565">
    <name>434.8</name>
  </wpt>
  <wpt lat="51.425768264672726" lon="4.3660892644469529">
    <name>434.9</name>
  </wpt>
  <wpt lat="51.424966202484256" lon="4.3654375274257653">
    <name>435.0</name>
  </wpt>
  <wpt lat="51.424138584138419" lon="4.36487324085963">
    <name>435.1</name>
  </wpt>
  <wpt lat="51.423362862604961" lon="4.3641512149273156">
    <name>435.2</name>
  </wpt>
  <wpt lat="51.422765179240081" lon="4.3631315108933864">
    <name>435.3</name>
  </wpt>
  <wpt lat="51.422112968736357" lon="4.3621386848606356">
    <name>435.4</name>
  </wpt>
  <wpt lat="51.42145445268401" lon="4.3611564836037209">
    <name>435.5</name>
  </wpt>
  <wpt lat="51.420693763383305" lon="4.360404152562916">
    <name>435.6</name>
  </wpt>
  <wpt lat="51.419878556340663" lon="4.3597985634840635">
    <name>435.7</name>
  </wpt>
  <wpt lat="51.419055504007311" lon="4.3592173674411532">
    <name>435.8</name>
  </wpt>
  <wpt lat="51.418232451673973" lon="4.3586361818635408">
    <name>435.9</name>
  </wpt>
  <wpt lat="51.41740678409149" lon="4.3580647945690325">
    <name>436.0</name>
  </wpt>
  <wpt lat="51.416594916865755" lon="4.3574732904683966">
    <name>436.1</name>
  </wpt>
  <wpt lat="51.41578465574846" lon="4.3568697383628123">
    <name>436.2</name>
  </wpt>
  <wpt lat="51.414994641402075" lon="4.3561807245953856">
    <name>436.3</name>
  </wpt>
  <wpt lat="51.414168402540064" lon="4.3556573367113662">
    <name>436.4</name>
  </wpt>
  <wpt lat="51.413390504525594" lon="4.3549338943743416">
    <name>436.5</name>
  </wpt>
  <wpt lat="51.412640303285023" lon="4.3541388598488719">
    <name>436.6</name>
  </wpt>
  <wpt lat="51.411897104106622" lon="4.3533270879721417">
    <name>436.7</name>
  </wpt>
  <wpt lat="51.411159123134524" lon="4.3525031882009353">
    <name>436.8</name>
  </wpt>
  <wpt lat="51.410447772695321" lon="4.3516210208175767">
    <name>436.9</name>
  </wpt>
  <wpt lat="51.409738773313279" lon="4.35073402691501">
    <name>437.0</name>
  </wpt>
  <wpt lat="51.409255903896742" lon="4.3496205903507521">
    <name>437.1</name>
  </wpt>
  <wpt lat="51.408642684114668" lon="4.3497365439868654">
    <name>437.2</name>
  </wpt>
  <wpt lat="51.407913737516758" lon="4.3505762665455681">
    <name>437.3</name>
  </wpt>
  <wpt lat="51.407147865727794" lon="4.3513305763557959">
    <name>437.4</name>
  </wpt>
  <wpt lat="51.406369923237953" lon="4.3520539057467955">
    <name>437.5</name>
  </wpt>
  <wpt lat="51.405590608753172" lon="4.3527734104193181">
    <name>437.6</name>
  </wpt>
  <wpt lat="51.4048076972677" lon="4.35348264110279">
    <name>437.7</name>
  </wpt>
  <wpt lat="51.404017378090714" lon="4.3541705903468095">
    <name>437.8</name>
  </wpt>
  <wpt lat="51.403164864988042" lon="4.35460724530189">
    <name>437.9</name>
  </wpt>
  <wpt lat="51.402285396725937" lon="4.35490847549196">
    <name>438.0</name>
  </wpt>
  <wpt lat="51.401406226858953" lon="4.3552119337089277">
    <name>438.1</name>
  </wpt>
  <wpt lat="51.400527056991976" lon="4.35551538609281">
    <name>438.2</name>
  </wpt>
  <wpt lat="51.399640390634559" lon="4.3557456414555693">
    <name>438.3</name>
  </wpt>
  <wpt lat="51.3987435553288" lon="4.3556613009241882">
    <name>438.4</name>
  </wpt>
  <wpt lat="51.397846116813717" lon="4.3555732342029279">
    <name>438.5</name>
  </wpt>
  <wpt lat="51.396960737875965" lon="4.3557184842959353">
    <name>438.6</name>
  </wpt>
  <wpt lat="51.396109068129405" lon="4.3561751127661834">
    <name>438.7</name>
  </wpt>
  <wpt lat="51.395282231030194" lon="4.35674193115257">
    <name>438.8</name>
  </wpt>
  <wpt lat="51.394461023951145" lon="4.3573294325154706">
    <name>438.9</name>
  </wpt>
  <wpt lat="51.393734923927461" lon="4.3572032128436273">
    <name>439.0</name>
  </wpt>
  <wpt lat="51.392985119093019" lon="4.3564354919624053">
    <name>439.1</name>
  </wpt>
  <wpt lat="51.392472487121296" lon="4.3552604400852788">
    <name>439.2</name>
  </wpt>
  <wpt lat="51.392055421328386" lon="4.3539908007613164">
    <name>439.3</name>
  </wpt>
  <wpt lat="51.391777140298991" lon="4.3526219223110285">
    <name>439.4</name>
  </wpt>
  <wpt lat="51.391637941738615" lon="4.3511991727134491">
    <name>439.5</name>
  </wpt>
  <wpt lat="51.391577261190129" lon="4.3497621812208909">
    <name>439.6</name>
  </wpt>
  <wpt lat="51.39159945654368" lon="4.3483449346089458">
    <name>439.7</name>
  </wpt>
  <wpt lat="51.391455567411604" lon="4.3469222700224526">
    <name>439.8</name>
  </wpt>
  <wpt lat="51.3913021628931" lon="4.345504314607866">
    <name>439.9</name>
  </wpt>
  <wpt lat="51.391193889821629" lon="4.3440737323677858">
    <name>440.0</name>
  </wpt>
  <wpt lat="51.391086034590025" lon="4.3426429268465583">
    <name>440.1</name>
  </wpt>
  <wpt lat="51.391100408651795" lon="4.3412136419518825">
    <name>440.2</name>
  </wpt>
  <wpt lat="51.391241984682452" lon="4.339790402629184">
    <name>440.3</name>
  </wpt>
  <wpt lat="51.391384879851515" lon="4.3383675401456276">
    <name>440.4</name>
  </wpt>
  <wpt lat="51.391938158478872" lon="4.3377099503257286">
    <name>440.5</name>
  </wpt>
  <wpt lat="51.392795324695655" lon="4.33813704319567">
    <name>440.6</name>
  </wpt>
  <wpt lat="51.393686800925693" lon="4.3383217879026663">
    <name>440.7</name>
  </wpt>
  <wpt lat="51.39443890217531" lon="4.3381721582519157">
    <name>440.8</name>
  </wpt>
  <wpt lat="51.394512015079869" lon="4.3367360092674287">
    <name>440.9</name>
  </wpt>
  <wpt lat="51.394601000017282" lon="4.3353021378960612">
    <name>441.0</name>
  </wpt>
  <wpt lat="51.394706231794977" lon="4.333871953177785">
    <name>441.1</name>
  </wpt>
  <wpt lat="51.39480560871511" lon="4.332439446644516">
    <name>441.2</name>
  </wpt>
  <wpt lat="51.394991514959727" lon="4.33103041145542">
    <name>441.3</name>
  </wpt>
  <wpt lat="51.395172952161872" lon="4.3296416222982357">
    <name>441.4</name>
  </wpt>
  <wpt lat="51.395927069739408" lon="4.328970306755628">
    <name>441.5</name>
  </wpt>
  <wpt lat="51.39670868438467" lon="4.3282741154300437">
    <name>441.6</name>
  </wpt>
  <wpt lat="51.397448502852541" lon="4.3287995026670192">
    <name>441.7</name>
  </wpt>
  <wpt lat="51.398104385656858" lon="4.3297541455724913">
    <name>441.8</name>
  </wpt>
  <wpt lat="51.39857941032831" lon="4.3309780965858984">
    <name>441.9</name>
  </wpt>
  <wpt lat="51.399054038489162" lon="4.3322024623814981">
    <name>442.0</name>
  </wpt>
  <wpt lat="51.399531526871733" lon="4.3334237388060179">
    <name>442.1</name>
  </wpt>
  <wpt lat="51.399993367754234" lon="4.3346606297463559">
    <name>442.2</name>
  </wpt>
  <wpt lat="51.400329832240551" lon="4.3359615913185676">
    <name>442.3</name>
  </wpt>
  <wpt lat="51.400747882782952" lon="4.3372378933126488">
    <name>442.4</name>
  </wpt>
  <wpt lat="51.401203298125793" lon="4.3384564869307454">
    <name>442.5</name>
  </wpt>
  <wpt lat="51.401621202261779" lon="4.3397095409137076">
    <name>442.6</name>
  </wpt>
  <wpt lat="51.402114765333913" lon="4.3408532084025868">
    <name>442.7</name>
  </wpt>
  <wpt lat="51.402732563184365" lon="4.3418774979720691">
    <name>442.8</name>
  </wpt>
  <wpt lat="51.403457738218833" lon="4.3427267379279471">
    <name>442.9</name>
  </wpt>
  <wpt lat="51.404233597840381" lon="4.3434389146808527">
    <name>443.0</name>
  </wpt>
  <wpt lat="51.404980048580427" lon="4.3442420951967646">
    <name>443.1</name>
  </wpt>
  <wpt lat="51.405614458623837" lon="4.3452583424017357">
    <name>443.2</name>
  </wpt>
  <wpt lat="51.406210914497322" lon="4.3461703318397937">
    <name>443.3</name>
  </wpt>
  <wpt lat="51.406793017426921" lon="4.345071655660977">
    <name>443.4</name>
  </wpt>
  <wpt lat="51.4073894187567" lon="4.3439925902446337">
    <name>443.5</name>
  </wpt>
  <wpt lat="51.407991065265641" lon="4.3429210553832354">
    <name>443.6</name>
  </wpt>
  <wpt lat="51.408590898025409" lon="4.3418472605663423">
    <name>443.7</name>
  </wpt>
  <wpt lat="51.409190937138675" lon="4.3407733751730531">
    <name>443.8</name>
  </wpt>
  <wpt lat="51.40978379748271" lon="4.3396892399559066">
    <name>443.9</name>
  </wpt>
  <wpt lat="51.410366419777851" lon="4.3392349671052157">
    <name>444.0</name>
  </wpt>
  <wpt lat="51.410940996241131" lon="4.3403441552125654">
    <name>444.1</name>
  </wpt>
  <wpt lat="51.411513164229788" lon="4.3414565400473872">
    <name>444.2</name>
  </wpt>
  <wpt lat="51.412086039968742" lon="4.3425675595463158">
    <name>444.3</name>
  </wpt>
  <wpt lat="51.412714351055911" lon="4.3428990012417108">
    <name>444.4</name>
  </wpt>
  <wpt lat="51.413280134665342" lon="4.3417781971142828">
    <name>444.5</name>
  </wpt>
  <wpt lat="51.413845097089933" lon="4.3406563247247432">
    <name>444.6</name>
  </wpt>
  <wpt lat="51.414403482143292" lon="4.3395259948274951">
    <name>444.7</name>
  </wpt>
  <wpt lat="51.414940466887607" lon="4.33837074186713">
    <name>444.8</name>
  </wpt>
  <wpt lat="51.415469910387515" lon="4.3372077197030467">
    <name>444.9</name>
  </wpt>
  <wpt lat="51.416074803442676" lon="4.3361509587427678">
    <name>445.0</name>
  </wpt>
  <wpt lat="51.416576089582883" lon="4.33499973133362">
    <name>445.1</name>
  </wpt>
  <wpt lat="51.41718595927761" lon="4.3355987675351031">
    <name>445.2</name>
  </wpt>
  <wpt lat="51.418040317240191" lon="4.3359216462450112">
    <name>445.3</name>
  </wpt>
  <wpt lat="51.418939325044732" lon="4.335886999999981">
    <name>445.4</name>
  </wpt>
  <wpt lat="51.419838646650653" lon="4.335886999999981">
    <name>445.5</name>
  </wpt>
  <wpt lat="51.420737968256567" lon="4.335886999999981">
    <name>445.6</name>
  </wpt>
  <wpt lat="51.421637237333449" lon="4.3358762308979024">
    <name>445.7</name>
  </wpt>
  <wpt lat="51.422536448894867" lon="4.3358536702049548">
    <name>445.8</name>
  </wpt>
  <wpt lat="51.423178313111407" lon="4.33525678737344">
    <name>445.9</name>
  </wpt>
  <wpt lat="51.423144719866293" lon="4.3338155647988614">
    <name>446.0</name>
  </wpt>
  <wpt lat="51.423157352253675" lon="4.3323870077887294">
    <name>446.1</name>
  </wpt>
  <wpt lat="51.443467246222895" lon="4.3126142266139533">
    <name>449.50</name>
  </wpt>
  <wpt lat="51.4435580247768" lon="4.3125289753279406">
    <name>449.5</name>
  </wpt>
  <wpt lat="51.444350284344708" lon="4.3118998846844541">
    <name>449.6</name>
  </wpt>
  <wpt lat="51.445214875342387" lon="4.311503062372612">
    <name>449.7</name>
  </wpt>
  <wpt lat="51.445849670047011" lon="4.31238533889337">
    <name>449.8</name>
  </wpt>
  <wpt lat="51.446502483879165" lon="4.3133565349431651">
    <name>449.9</name>
  </wpt>
  <wpt lat="51.447383129022647" lon="4.3136205340984359">
    <name>450.0</name>
  </wpt>
  <wpt lat="51.448270604199465" lon="4.31358632317964">
    <name>450.1</name>
  </wpt>
  <wpt lat="51.449158470475112" lon="4.3134009743465871">
    <name>450.2</name>
  </wpt>
  <wpt lat="51.450051362231939" lon="4.3132886377797455">
    <name>450.3</name>
  </wpt>
  <wpt lat="51.450887326165684" lon="4.3129005103875819">
    <name>450.4</name>
  </wpt>
  <wpt lat="51.451786555903588" lon="4.3128798836416466">
    <name>450.5</name>
  </wpt>
  <wpt lat="51.452685785641478" lon="4.3128592564894142">
    <name>450.6</name>
  </wpt>
  <wpt lat="51.453584926787215" lon="4.3128331441811776">
    <name>450.7</name>
  </wpt>
  <wpt lat="51.454484056947187" lon="4.3128085031997756">
    <name>450.8</name>
  </wpt>
  <wpt lat="51.45538254207068" lon="4.3127616696754956">
    <name>450.9</name>
  </wpt>
  <wpt lat="51.456279620933863" lon="4.3126598248905879">
    <name>451.0</name>
  </wpt>
  <wpt lat="51.45717562559102" lon="4.3125391677257374">
    <name>451.1</name>
  </wpt>
  <wpt lat="51.458066567073324" lon="4.312344642596309">
    <name>451.2</name>
  </wpt>
  <wpt lat="51.458950574329783" lon="4.3120797139261207">
    <name>451.3</name>
  </wpt>
  <wpt lat="51.459829900714766" lon="4.3117775174165693">
    <name>451.4</name>
  </wpt>
  <wpt lat="51.460692827874439" lon="4.3113716795076842">
    <name>451.5</name>
  </wpt>
  <wpt lat="51.461549781683843" lon="4.3109346348887536">
    <name>451.6</name>
  </wpt>
  <wpt lat="51.462403637955255" lon="4.3104814853582729">
    <name>451.7</name>
  </wpt>
  <wpt lat="51.463257494226632" lon="4.3100283273491966">
    <name>451.8</name>
  </wpt>
  <wpt lat="51.464128685456252" lon="4.3096723610898611">
    <name>451.9</name>
  </wpt>
  <wpt lat="51.464969386762185" lon="4.3091642307083164">
    <name>452.0</name>
  </wpt>
  <wpt lat="51.465798961127405" lon="4.3086080292099886">
    <name>452.1</name>
  </wpt>
  <wpt lat="51.466614559959865" lon="4.3079997930300777">
    <name>452.2</name>
  </wpt>
  <wpt lat="51.467434528289814" lon="4.3074072128204683">
    <name>452.3</name>
  </wpt>
  <wpt lat="51.468254095626953" lon="4.30682340822808">
    <name>452.4</name>
  </wpt>
  <wpt lat="51.468947460127076" lon="4.3059283743784276">
    <name>452.5</name>
  </wpt>
  <wpt lat="51.469692354606934" lon="4.3051194657318783">
    <name>452.6</name>
  </wpt>
  <wpt lat="51.470472575203317" lon="4.3044164010658008">
    <name>452.7</name>
  </wpt>
  <wpt lat="51.471316909313408" lon="4.3039238929534012">
    <name>452.8</name>
  </wpt>
  <wpt lat="51.472207874691286" lon="4.3040009999999551">
    <name>452.9</name>
  </wpt>
  <wpt lat="51.473105371227092" lon="4.3039502734038724">
    <name>453.0</name>
  </wpt>
  <wpt lat="51.473972045753356" lon="4.3035754838404827">
    <name>453.1</name>
  </wpt>
  <wpt lat="51.474813444879658" lon="4.30307767012757">
    <name>453.2</name>
  </wpt>
  <wpt lat="51.475668658522252" lon="4.3026310336849578">
    <name>453.3</name>
  </wpt>
  <wpt lat="51.476548701048991" lon="4.3023487990332558">
    <name>453.4</name>
  </wpt>
  <wpt lat="51.47743673174876" lon="4.3021668091980469">
    <name>453.5</name>
  </wpt>
  <wpt lat="51.478299099420916" lon="4.3017723233744967">
    <name>453.6</name>
  </wpt>
  <wpt lat="51.479132672485505" lon="4.3012455168281756">
    <name>453.7</name>
  </wpt>
  <wpt lat="51.479652856883071" lon="4.3004835705737383">
    <name>453.8</name>
  </wpt>
  <wpt lat="51.479125917104213" lon="4.2993948336579182">
    <name>453.9</name>
  </wpt>
  <wpt lat="51.478379430759432" lon="4.2987009999999648">
    <name>454.0</name>
  </wpt>
  <wpt lat="51.477536124823565" lon="4.2991282771055461">
    <name>454.1</name>
  </wpt>
  <wpt lat="51.476690524477767" lon="4.29891768108714">
    <name>454.2</name>
  </wpt>
  <wpt lat="51.476464688951204" lon="4.2978228643441057">
    <name>454.3</name>
  </wpt>
  <wpt lat="51.476516823886726" lon="4.2963891629174595">
    <name>454.4</name>
  </wpt>
  <wpt lat="51.476429090271715" lon="4.294954174468522">
    <name>454.5</name>
  </wpt>
  <wpt lat="51.476157225036133" lon="4.29376336029113">
    <name>454.6</name>
  </wpt>
  <wpt lat="51.475852968804631" lon="4.29263148834006">
    <name>454.7</name>
  </wpt>
  <wpt lat="51.475619532059007" lon="4.291237525261602">
    <name>454.8</name>
  </wpt>
  <wpt lat="51.480880086230307" lon="4.2807747646228469">
    <name>456.27</name>
  </wpt>
  <wpt lat="51.481274153111642" lon="4.2805702005757551">
    <name>456.3</name>
  </wpt>
  <wpt lat="51.482130183416388" lon="4.28012790893643">
    <name>456.4</name>
  </wpt>
  <wpt lat="51.482982707161206" lon="4.2796692185756848">
    <name>456.5</name>
  </wpt>
  <wpt lat="51.489845580411419" lon="4.285497565437046">
    <name>457.52</name>
  </wpt>
  <wpt lat="51.490494153414573" lon="4.2860096669829346">
    <name>457.6</name>
  </wpt>
  <wpt lat="51.490333492188149" lon="4.2874235837971746">
    <name>457.7</name>
  </wpt>
  <wpt lat="51.490354563029854" lon="4.2888639066868759">
    <name>457.8</name>
  </wpt>
  <wpt lat="51.491007603521609" lon="4.2890141361247966">
    <name>457.9</name>
  </wpt>
  <wpt lat="51.49178094550426" lon="4.2883104208296956">
    <name>458.0</name>
  </wpt>
  <wpt lat="51.4925204565367" lon="4.2875571082364354">
    <name>458.1</name>
  </wpt>
  <wpt lat="51.49329546212801" lon="4.2868245379805439">
    <name>458.2</name>
  </wpt>
  <wpt lat="51.497215152618068" lon="4.2839906468248659">
    <name>458.76</name>
  </wpt>
  <wpt lat="51.497613391485629" lon="4.2837847833092857">
    <name>458.8</name>
  </wpt>
  <wpt lat="51.498370935122779" lon="4.2830097008775159">
    <name>458.9</name>
  </wpt>
  <wpt lat="51.499429919737189" lon="4.281857000000028">
    <name>459.14</name>
  </wpt>
  <wpt lat="51.499856420805671" lon="4.2812123870914656">
    <name>459.2</name>
  </wpt>
  <wpt lat="51.500556565015124" lon="4.2803824204848731">
    <name>459.3</name>
  </wpt>
  <wpt lat="51.50136427671395" lon="4.2797507673520387">
    <name>459.4</name>
  </wpt>
  <wpt lat="51.50225381280633" lon="4.2795396097402936">
    <name>459.5</name>
  </wpt>
  <wpt lat="51.503150570418626" lon="4.2794919253867976">
    <name>459.6</name>
  </wpt>
  <wpt lat="51.5040490761278" lon="4.2795467437812356">
    <name>459.7</name>
  </wpt>
  <wpt lat="51.504947837735415" lon="4.2795977020899381">
    <name>459.8</name>
  </wpt>
  <wpt lat="51.505846341790914" lon="4.279658778938054">
    <name>459.9</name>
  </wpt>
  <wpt lat="51.506744708372089" lon="4.27966800000005">
    <name>460.0</name>
  </wpt>
  <wpt lat="51.507640536843077" lon="4.2795618954860437">
    <name>460.1</name>
  </wpt>
  <wpt lat="51.508532231637822" lon="4.2793746652994278">
    <name>460.2</name>
  </wpt>
  <wpt lat="51.509423895447519" lon="4.2791882270483326">
    <name>460.3</name>
  </wpt>
  <wpt lat="51.510315646859034" lon="4.27900299999999">
    <name>460.4</name>
  </wpt>
  <wpt lat="51.511206469920815" lon="4.2788111099280552">
    <name>460.5</name>
  </wpt>
  <wpt lat="51.51216534419526" lon="4.2786990226965491">
    <name>460.64</name>
  </wpt>
  <wpt lat="51.512850799392247" lon="4.2785845271402856">
    <name>460.7</name>
  </wpt>
  <wpt lat="51.51373189422651" lon="4.278305320142552">
    <name>460.8</name>
  </wpt>
  <wpt lat="51.514589494231267" lon="4.27787389742078">
    <name>460.9</name>
  </wpt>
  <wpt lat="51.515443389696863" lon="4.277420457385559">
    <name>461.0</name>
  </wpt>
  <wpt lat="51.516292617425073" lon="4.2769452833724051">
    <name>461.1</name>
  </wpt>
  <wpt lat="51.517142615253483" lon="4.2764732502090066">
    <name>461.2</name>
  </wpt>
  <wpt lat="51.517992824419331" lon="4.2760340625109583">
    <name>461.3</name>
  </wpt>
  <wpt lat="51.518881456821823" lon="4.2758118972876948">
    <name>461.4</name>
  </wpt>
  <wpt lat="51.519770193814857" lon="4.275591047728609">
    <name>461.5</name>
  </wpt>
  <wpt lat="51.520651463833694" lon="4.2753681616580206">
    <name>461.6</name>
  </wpt>
  <wpt lat="51.573129000019343" lon="4.3106626628069433">
    <name>471.22</name>
  </wpt>
  <wpt lat="51.573123629267251" lon="4.3120383531439117">
    <name>471.3</name>
  </wpt>
  <wpt lat="51.573044572610875" lon="4.3134716387521665">
    <name>471.4</name>
  </wpt>
  <wpt lat="51.572444829420839" lon="4.3145326900569021">
    <name>471.5</name>
  </wpt>
  <wpt lat="51.5725613431269" lon="4.3155504968863">
    <name>471.6</name>
  </wpt>
  <wpt lat="51.57317063506472" lon="4.31627978593644">
    <name>471.7</name>
  </wpt>
  <wpt lat="51.5739672490034" lon="4.3157165852871922">
    <name>471.8</name>
  </wpt>
  <wpt lat="51.574846917609428" lon="4.3154163509639067">
    <name>471.9</name>
  </wpt>
  <wpt lat="51.575317001085708" lon="4.3159164268451651">
    <name>472.0</name>
  </wpt>
  <wpt lat="51.575485717246508" lon="4.3170676276743407">
    <name>472.1</name>
  </wpt>
  <wpt lat="51.576380907445021" lon="4.3169315415961869">
    <name>472.2</name>
  </wpt>
  <wpt lat="51.5772771415109" lon="4.31682808191665">
    <name>472.3</name>
  </wpt>
  <wpt lat="51.578085000205661" lon="4.316936359869465">
    <name>472.4</name>
  </wpt>
  <wpt lat="51.578931237716226" lon="4.3170468078458359">
    <name>472.52</name>
  </wpt>
  <wpt lat="51.57979968731766" lon="4.31697889561534">
    <name>472.6</name>
  </wpt>
  <wpt lat="51.580563700313064" lon="4.3166965380279221">
    <name>472.7</name>
  </wpt>
  <wpt lat="51.580491651496779" lon="4.315585041817382">
    <name>472.8</name>
  </wpt>
  <wpt lat="51.581123103304073" lon="4.3157727996510991">
    <name>472.9</name>
  </wpt>
  <wpt lat="51.581881102013242" lon="4.3157496174335961">
    <name>473.0</name>
  </wpt>
  <wpt lat="51.582775724431855" lon="4.3156268296769431">
    <name>473.1</name>
  </wpt>
  <wpt lat="51.583654432742" lon="4.3153218110889062">
    <name>473.2</name>
  </wpt>
  <wpt lat="51.584500308977326" lon="4.3154906062357723">
    <name>473.3</name>
  </wpt>
  <wpt lat="51.585340685006244" lon="4.3159447776252424">
    <name>473.4</name>
  </wpt>
  <wpt lat="51.586258100287459" lon="4.31574133069399">
    <name>473.52</name>
  </wpt>
  <wpt lat="51.5866215236705" lon="4.3169223011871578">
    <name>473.6</name>
  </wpt>
  <wpt lat="51.587023273030233" lon="4.3182168963479972">
    <name>473.7</name>
  </wpt>
  <wpt lat="51.587365870577791" lon="4.3195506622763036">
    <name>473.8</name>
  </wpt>
  <wpt lat="51.587656825121371" lon="4.3209201338844672">
    <name>473.9</name>
  </wpt>
  <wpt lat="51.587599295954433" lon="4.3220146052324937">
    <name>474.0</name>
  </wpt>
  <wpt lat="51.587931027362806" lon="4.3233593557837784">
    <name>474.1</name>
  </wpt>
  <wpt lat="51.588277454281254" lon="4.3246793632388236">
    <name>474.2</name>
  </wpt>
  <wpt lat="51.588256001439383" lon="4.3261257725761784">
    <name>474.3</name>
  </wpt>
  <wpt lat="51.588256001209523" lon="4.32757323667452">
    <name>474.4</name>
  </wpt>
  <wpt lat="51.588278000002646" lon="4.3290180593955814">
    <name>474.5</name>
  </wpt>
  <wpt lat="51.588432375290161" lon="4.3304436602290384">
    <name>474.6</name>
  </wpt>
  <wpt lat="51.588359035025" lon="4.3318064452334344">
    <name>474.7</name>
  </wpt>
  <wpt lat="51.588600050872493" lon="4.3327601154920039">
    <name>474.8</name>
  </wpt>
  <wpt lat="51.5894779254673" lon="4.3325997375781693">
    <name>474.9</name>
  </wpt>
  <wpt lat="51.590371751006508" lon="4.3327475674072735">
    <name>475.0</name>
  </wpt>
  <wpt lat="51.591235658172735" lon="4.3331386267725494">
    <name>475.1</name>
  </wpt>
  <wpt lat="51.592047850348806" lon="4.3337549961698985">
    <name>475.2</name>
  </wpt>
  <wpt lat="51.59282663891485" lon="4.3344788723647083">
    <name>475.3</name>
  </wpt>
  <wpt lat="51.5936037291647" lon="4.3352075272166211">
    <name>475.4</name>
  </wpt>
  <wpt lat="51.594379643764178" lon="4.3359394245688172">
    <name>475.5</name>
  </wpt>
  <wpt lat="51.595154431676406" lon="4.3366744297316773">
    <name>475.6</name>
  </wpt>
  <wpt lat="51.595897380473836" lon="4.3374893995372634">
    <name>475.7</name>
  </wpt>
  <wpt lat="51.596605457647428" lon="4.338381306529973">
    <name>475.8</name>
  </wpt>
  <wpt lat="51.597345253463317" lon="4.3392042534187016">
    <name>475.9</name>
  </wpt>
  <wpt lat="51.598130623852462" lon="4.3399084471886118">
    <name>476.0</name>
  </wpt>
  <wpt lat="51.598900673692512" lon="4.3406520552348535">
    <name>476.1</name>
  </wpt>
  <wpt lat="51.599728814960287" lon="4.34121472375074">
    <name>476.2</name>
  </wpt>
  <wpt lat="51.60055743859899" lon="4.3417648388250267">
    <name>476.3</name>
  </wpt>
  <wpt lat="51.601330505066386" lon="4.3424976875253005">
    <name>476.4</name>
  </wpt>
  <wpt lat="51.602099099551381" lon="4.3432477348190428">
    <name>476.5</name>
  </wpt>
  <wpt lat="51.602830953043991" lon="4.344089217133563">
    <name>476.6</name>
  </wpt>
  <wpt lat="51.6035762096879" lon="4.3448991620444186">
    <name>476.7</name>
  </wpt>
  <wpt lat="51.604375571152062" lon="4.3455612486832589">
    <name>476.8</name>
  </wpt>
  <wpt lat="51.605195400195527" lon="4.3461562409446248">
    <name>476.9</name>
  </wpt>
  <wpt lat="51.605970906149743" lon="4.3468876828992009">
    <name>477.0</name>
  </wpt>
  <wpt lat="51.606740899080513" lon="4.3476358220037437">
    <name>477.1</name>
  </wpt>
  <wpt lat="51.607528309700335" lon="4.3483348391284">
    <name>477.2</name>
  </wpt>
  <wpt lat="51.608311893084114" lon="4.3490446314918243">
    <name>477.3</name>
  </wpt>
  <wpt lat="51.609088370466381" lon="4.349775226348255">
    <name>477.4</name>
  </wpt>
  <wpt lat="51.609864847848577" lon="4.35050583370106">
    <name>477.5</name>
  </wpt>
  <wpt lat="51.610644077780933" lon="4.351228807603956">
    <name>477.6</name>
  </wpt>
  <wpt lat="51.611449380212733" lon="4.3518708052115116">
    <name>477.7</name>
  </wpt>
  <wpt lat="51.612276753093241" lon="4.3524382489452265">
    <name>477.8</name>
  </wpt>
  <wpt lat="51.613105670642334" lon="4.3529999784347595">
    <name>477.9</name>
  </wpt>
  <wpt lat="51.613934588191391" lon="4.3535617181826751">
    <name>478.0</name>
  </wpt>
  <wpt lat="51.614763505740406" lon="4.3541234681895844">
    <name>478.1</name>
  </wpt>
  <wpt lat="51.615592423289385" lon="4.3546852284558941">
    <name>478.2</name>
  </wpt>
  <wpt lat="51.616421340838322" lon="4.3552469989821141">
    <name>478.3</name>
  </wpt>
  <wpt lat="51.617250258387216" lon="4.3558087797687524">
    <name>478.4</name>
  </wpt>
  <wpt lat="51.618079175936067" lon="4.3563705708163178">
    <name>478.5</name>
  </wpt>
  <wpt lat="51.618908093484876" lon="4.3569323721253195">
    <name>478.6</name>
  </wpt>
  <wpt lat="51.619737011033642" lon="4.3574941836961649">
    <name>478.7</name>
  </wpt>
  <wpt lat="51.62056592858238" lon="4.3580560055294644">
    <name>478.8</name>
  </wpt>
  <wpt lat="51.621393617606529" lon="4.3586004646743515">
    <name>478.9</name>
  </wpt>
  <wpt lat="51.622222013403558" lon="4.3591642998985067">
    <name>479.0</name>
  </wpt>
  <wpt lat="51.623050409200552" lon="4.3597281454164634">
    <name>479.1</name>
  </wpt>
  <wpt lat="51.6238788049975" lon="4.36029200122873">
    <name>479.2</name>
  </wpt>
  <wpt lat="51.624707200794418" lon="4.3608558673357152">
    <name>479.3</name>
  </wpt>
  <wpt lat="51.625535596591305" lon="4.3614197437380273">
    <name>479.4</name>
  </wpt>
  <wpt lat="51.626366628126107" lon="4.3619734676555026">
    <name>479.5</name>
  </wpt>
  <wpt lat="51.627204883885994" lon="4.3624978838618045">
    <name>479.6</name>
  </wpt>
  <wpt lat="51.627846000004041" lon="4.3634624227711685">
    <name>479.7</name>
  </wpt>
  <wpt lat="51.80781704396486" lon="4.4120093699991276">
    <name>515.05</name>
  </wpt>
  <wpt lat="51.808366210073878" lon="4.41212969378994">
    <name>515.1</name>
  </wpt>
  <wpt lat="51.809238447586154" lon="4.41246491223942">
    <name>515.2</name>
  </wpt>
  <wpt lat="51.810121036768585" lon="4.4127441925251736">
    <name>515.3</name>
  </wpt>
  <wpt lat="51.811002921183217" lon="4.41302921413532">
    <name>515.4</name>
  </wpt>
  <wpt lat="51.811885440523646" lon="4.4133089070561624">
    <name>515.5</name>
  </wpt>
  <wpt lat="51.812760369442366" lon="4.4135467265544168">
    <name>515.6</name>
  </wpt>
</gpx>