<?xml version="1.0" encoding="utf-8"?>
<gpx xmlns:xsi="http://www.w3.org/2001/XMLSchema-instance" xsi:schemaLocation="http://www.topografix.com/GPX/1/1 http://www.topografix.com/GPX/1/1/gpx.xsd" version="1.1" creator="Roparun" xmlns="http://www.topografix.com/GPX/1/1">
  <wpt lat="49.77347061359692" lon="3.2790038519575764">
    <name>8.35</name>
  </wpt>
  <wpt lat="49.774012114209789" lon="3.2794634370153766">
    <name>8.4</name>
  </wpt>
  <wpt lat="49.774834289535583" lon="3.28002769825931">
    <name>8.5</name>
  </wpt>
  <wpt lat="49.775697186230786" lon="3.2803391942469489">
    <name>8.6</name>
  </wpt>
  <wpt lat="49.776540696854624" lon="3.280770900932612">
    <name>8.7</name>
  </wpt>
  <wpt lat="49.777415991169683" lon="3.2810288099580127">
    <name>8.8</name>
  </wpt>
  <wpt lat="49.778276926969674" lon="3.2813817453710197">
    <name>8.9</name>
  </wpt>
  <wpt lat="49.777894749353862" lon="3.2826420797306675">
    <name>9.0</name>
  </wpt>
  <wpt lat="49.777929381745913" lon="3.2839607187787778">
    <name>9.1</name>
  </wpt>
  <wpt lat="49.778281346456289" lon="3.2852407310973182">
    <name>9.2</name>
  </wpt>
  <wpt lat="49.77856091527368" lon="3.2865643824550341">
    <name>9.3</name>
  </wpt>
  <wpt lat="49.779146700977982" lon="3.2875592059199907">
    <name>9.4</name>
  </wpt>
  <wpt lat="49.779855532703685" lon="3.2884125117386072">
    <name>9.5</name>
  </wpt>
  <wpt lat="49.780514158708151" lon="3.2893595804752325">
    <name>9.6</name>
  </wpt>
  <wpt lat="49.781123103910822" lon="3.2903840746078137">
    <name>9.7</name>
  </wpt>
  <wpt lat="49.781705714491082" lon="3.2914450647016804">
    <name>9.8</name>
  </wpt>
  <wpt lat="49.782289731221617" lon="3.2925041871666121">
    <name>9.9</name>
  </wpt>
  <wpt lat="49.782858636312568" lon="3.2935823638386772">
    <name>10.0</name>
  </wpt>
  <wpt lat="49.783397971454356" lon="3.2946966995315963">
    <name>10.1</name>
  </wpt>
  <wpt lat="49.783929938515975" lon="3.2958197313521937">
    <name>10.2</name>
  </wpt>
  <wpt lat="49.784472452433114" lon="3.2969305928389265">
    <name>10.3</name>
  </wpt>
  <wpt lat="49.785006117581467" lon="3.2980517061680743">
    <name>10.4</name>
  </wpt>
  <wpt lat="49.785539207957854" lon="3.29917349682601">
    <name>10.5</name>
  </wpt>
  <wpt lat="49.786072298334133" lon="3.3002952998287722">
    <name>10.6</name>
  </wpt>
  <wpt lat="49.786605388710328" lon="3.3014171151766667">
    <name>10.7</name>
  </wpt>
  <wpt lat="49.787138479086416" lon="3.3025389428701004">
    <name>10.8</name>
  </wpt>
  <wpt lat="49.787655437267532" lon="3.303677598428191">
    <name>10.9</name>
  </wpt>
  <wpt lat="49.7882028005767" lon="3.3047821230657122">
    <name>11.0</name>
  </wpt>
  <wpt lat="49.788775770646318" lon="3.3058400371559893">
    <name>11.1</name>
  </wpt>
  <wpt lat="49.78941711271947" lon="3.3067992621368765">
    <name>11.2</name>
  </wpt>
  <wpt lat="49.789789929800563" lon="3.308055815222287">
    <name>11.3</name>
  </wpt>
  <wpt lat="49.790154006436161" lon="3.3092740063797117">
    <name>11.4</name>
  </wpt>
  <wpt lat="49.790941192361934" lon="3.3099399228818944">
    <name>11.5</name>
  </wpt>
  <wpt lat="49.791700730562354" lon="3.3106763148188074">
    <name>11.6</name>
  </wpt>
  <wpt lat="49.792380520348281" lon="3.3115863056065828">
    <name>11.7</name>
  </wpt>
  <wpt lat="49.792858748359542" lon="3.3127618642728853">
    <name>11.8</name>
  </wpt>
  <wpt lat="49.7933391702794" lon="3.3139357504559581">
    <name>11.9</name>
  </wpt>
  <wpt lat="49.793926984752154" lon="3.3149870959224219">
    <name>12.0</name>
  </wpt>
  <wpt lat="49.794606167524073" lon="3.3158932829068446">
    <name>12.1</name>
  </wpt>
  <wpt lat="49.795392187673023" lon="3.3165693920005075">
    <name>12.2</name>
  </wpt>
  <wpt lat="49.796174001430494" lon="3.3172579320086917">
    <name>12.3</name>
  </wpt>
  <wpt lat="49.796955815187907" lon="3.3179464831334493">
    <name>12.4</name>
  </wpt>
  <wpt lat="49.797747060621845" lon="3.3186067667103449">
    <name>12.5</name>
  </wpt>
  <wpt lat="49.798388475370373" lon="3.3195633380868808">
    <name>12.6</name>
  </wpt>
  <wpt lat="49.798863977894392" lon="3.3207454221723416">
    <name>12.7</name>
  </wpt>
  <wpt lat="49.802401331236325" lon="3.3263586885438281">
    <name>13.28</name>
  </wpt>
  <wpt lat="49.802490751604537" lon="3.3268070370158216">
    <name>13.3</name>
  </wpt>
  <wpt lat="49.8028418908109" lon="3.3280770940462547">
    <name>13.4</name>
  </wpt>
  <wpt lat="49.803524093482395" lon="3.3289815859983842">
    <name>13.5</name>
  </wpt>
  <wpt lat="49.804268989078217" lon="3.329761776195483">
    <name>13.6</name>
  </wpt>
  <wpt lat="49.805020768541183" lon="3.3305258159526896">
    <name>13.7</name>
  </wpt>
  <wpt lat="49.805779848006594" lon="3.3312730498795116">
    <name>13.8</name>
  </wpt>
  <wpt lat="49.806545075490348" lon="3.3320049877890221">
    <name>13.9</name>
  </wpt>
  <wpt lat="49.807308313972456" lon="3.332740873804211">
    <name>14.0</name>
  </wpt>
  <wpt lat="49.807718426358" lon="3.3338298775969646">
    <name>14.1</name>
  </wpt>
  <wpt lat="49.8077032846666" lon="3.3352232103842394">
    <name>14.2</name>
  </wpt>
  <wpt lat="49.807723129678408" lon="3.3366159102365529">
    <name>14.3</name>
  </wpt>
  <wpt lat="49.807742000289259" lon="3.3380081527170629">
    <name>14.4</name>
  </wpt>
  <wpt lat="49.80781925082416" lon="3.3393907336449367">
    <name>14.5</name>
  </wpt>
  <wpt lat="49.80811405485823" lon="3.3407071610892092">
    <name>14.6</name>
  </wpt>
  <wpt lat="49.808432438957638" lon="3.3417698663716386">
    <name>14.7</name>
  </wpt>
  <wpt lat="49.809219026637486" lon="3.3410948043278741">
    <name>14.8</name>
  </wpt>
  <wpt lat="49.809998345380933" lon="3.3403993108616854">
    <name>14.9</name>
  </wpt>
  <wpt lat="49.81077766412433" lon="3.3397038061970945">
    <name>15.0</name>
  </wpt>
  <wpt lat="49.811556982867664" lon="3.3390082903334908">
    <name>15.1</name>
  </wpt>
  <wpt lat="49.812417435156412" lon="3.3386340179961778">
    <name>15.2</name>
  </wpt>
  <wpt lat="49.813311821401591" lon="3.3384892463823563">
    <name>15.3</name>
  </wpt>
  <wpt lat="49.814207122973485" lon="3.3383582204685869">
    <name>15.4</name>
  </wpt>
  <wpt lat="49.815092980798845" lon="3.3381306076962995">
    <name>15.5</name>
  </wpt>
  <wpt lat="49.815938837261754" lon="3.3376573994313272">
    <name>15.6</name>
  </wpt>
  <wpt lat="49.8167768778476" lon="3.3371539197070135">
    <name>15.7</name>
  </wpt>
  <wpt lat="49.8175515264743" lon="3.3364464069297726">
    <name>15.8</name>
  </wpt>
  <wpt lat="49.818320947048427" lon="3.3357248109987827">
    <name>15.9</name>
  </wpt>
  <wpt lat="49.819083043360052" lon="3.3349865028802657">
    <name>16.0</name>
  </wpt>
  <wpt lat="49.819780917474731" lon="3.3341098833508553">
    <name>16.1</name>
  </wpt>
  <wpt lat="49.820582655508979" lon="3.3335134624883436">
    <name>16.2</name>
  </wpt>
  <wpt lat="49.821334609591965" lon="3.332803765373626">
    <name>16.3</name>
  </wpt>
  <wpt lat="49.82188348027929" lon="3.3317000008514226">
    <name>16.4</name>
  </wpt>
  <wpt lat="49.822608405446523" lon="3.3308906323136633">
    <name>16.5</name>
  </wpt>
  <wpt lat="49.82339385168072" lon="3.3302124155927193">
    <name>16.6</name>
  </wpt>
  <wpt lat="49.824075478699072" lon="3.3293113560116425">
    <name>16.7</name>
  </wpt>
  <wpt lat="49.824715436883" lon="3.3283465440801066">
    <name>16.8</name>
  </wpt>
  <wpt lat="49.824940584707271" lon="3.3295881204425126">
    <name>16.9</name>
  </wpt>
  <wpt lat="49.825152829656076" lon="3.3309223645969861">
    <name>17.0</name>
  </wpt>
  <wpt lat="49.825509000085162" lon="3.3321812907796362">
    <name>17.1</name>
  </wpt>
  <wpt lat="49.82542149100501" lon="3.3335672886487506">
    <name>17.2</name>
  </wpt>
  <wpt lat="49.825372018858843" lon="3.3349566243326048">
    <name>17.3</name>
  </wpt>
  <wpt lat="49.82550536983797" lon="3.336322799948745">
    <name>17.4</name>
  </wpt>
  <wpt lat="49.825588915693956" lon="3.337698601397602">
    <name>17.5</name>
  </wpt>
  <wpt lat="49.825507717382472" lon="3.3390864303109269">
    <name>17.6</name>
  </wpt>
  <wpt lat="49.8254947144922" lon="3.340473475306375">
    <name>17.7</name>
  </wpt>
  <wpt lat="49.825712354763731" lon="3.3418252748318431">
    <name>17.8</name>
  </wpt>
  <wpt lat="49.8259268062283" lon="3.3431791118694933">
    <name>17.9</name>
  </wpt>
  <wpt lat="49.826141257692832" lon="3.3445329549089773">
    <name>18.0</name>
  </wpt>
  <wpt lat="49.826279172370363" lon="3.3459042720891072">
    <name>18.1</name>
  </wpt>
  <wpt lat="49.826196982220104" lon="3.3472924988870747">
    <name>18.2</name>
  </wpt>
  <wpt lat="49.8261001514531" lon="3.3486780840553525">
    <name>18.3</name>
  </wpt>
  <wpt lat="49.826147046310886" lon="3.3500541138695623">
    <name>18.4</name>
  </wpt>
  <wpt lat="49.826600419073479" lon="3.351218297960497">
    <name>18.5</name>
  </wpt>
  <wpt lat="49.827240864611305" lon="3.3521951560567373">
    <name>18.6</name>
  </wpt>
  <wpt lat="49.827881213701211" lon="3.3531740081239265">
    <name>18.7</name>
  </wpt>
  <wpt lat="49.82852979151901" lon="3.3541394392375024">
    <name>18.8</name>
  </wpt>
  <wpt lat="49.829180993145677" lon="3.3550998655006614">
    <name>18.9</name>
  </wpt>
  <wpt lat="49.82983783210085" lon="3.3560516715352704">
    <name>19.0</name>
  </wpt>
  <wpt lat="49.830466045329409" lon="3.3570482025359167">
    <name>19.1</name>
  </wpt>
  <wpt lat="49.830991457111409" lon="3.3581784403209429">
    <name>19.2</name>
  </wpt>
  <wpt lat="49.831314681999018" lon="3.3594755151298421">
    <name>19.3</name>
  </wpt>
  <wpt lat="49.831964636595892" lon="3.3597144575976827">
    <name>19.4</name>
  </wpt>
  <wpt lat="49.832841320627011" lon="3.3595259605388357">
    <name>19.5</name>
  </wpt>
  <wpt lat="49.83373955616036" lon="3.3595912924729494">
    <name>19.6</name>
  </wpt>
  <wpt lat="49.834638660794425" lon="3.3595902439939898">
    <name>19.7</name>
  </wpt>
  <wpt lat="49.835537037175818" lon="3.35953178378251">
    <name>19.8</name>
  </wpt>
  <wpt lat="49.836433047458904" lon="3.3595304948763127">
    <name>19.9</name>
  </wpt>
  <wpt lat="49.8373005437094" lon="3.3598866463641306">
    <name>20.0</name>
  </wpt>
  <wpt lat="49.838160243068295" lon="3.360295978585091">
    <name>20.1</name>
  </wpt>
  <wpt lat="49.839020069113467" lon="3.3607024718607539">
    <name>20.2</name>
  </wpt>
  <wpt lat="49.839915225224189" lon="3.3606111339943703">
    <name>20.3</name>
  </wpt>
  <wpt lat="49.840754327164" lon="3.3610105483279002">
    <name>20.4</name>
  </wpt>
  <wpt lat="49.841536202424862" lon="3.3616963784823262">
    <name>20.5</name>
  </wpt>
  <wpt lat="49.84242118612999" lon="3.3619282821686181">
    <name>20.6</name>
  </wpt>
  <wpt lat="49.843311461528309" lon="3.3621110443787843">
    <name>20.7</name>
  </wpt>
  <wpt lat="49.844155880098477" lon="3.362581599120217">
    <name>20.8</name>
  </wpt>
  <wpt lat="49.845025419787028" lon="3.3628108950764428">
    <name>20.9</name>
  </wpt>
  <wpt lat="49.845901742174462" lon="3.3626037580818315">
    <name>21.0</name>
  </wpt>
  <wpt lat="49.846567168450044" lon="3.3629952175149849">
    <name>21.1</name>
  </wpt>
  <wpt lat="49.846601000368388" lon="3.364387552105681">
    <name>21.2</name>
  </wpt>
  <wpt lat="49.846537660835473" lon="3.3657782876578048">
    <name>21.3</name>
  </wpt>
  <wpt lat="49.846474994666337" lon="3.3671694211731431">
    <name>21.4</name>
  </wpt>
  <wpt lat="49.846385393842127" lon="3.368554880203777">
    <name>21.5</name>
  </wpt>
  <wpt lat="49.846334259273895" lon="3.3699194351844115">
    <name>21.6</name>
  </wpt>
  <wpt lat="49.847168555185768" lon="3.3693989796170047">
    <name>21.7</name>
  </wpt>
  <wpt lat="49.847963992718611" lon="3.3687543362169476">
    <name>21.8</name>
  </wpt>
  <wpt lat="49.848730471047837" lon="3.3680257184040956">
    <name>21.9</name>
  </wpt>
  <wpt lat="49.849401743247114" lon="3.36711606939954">
    <name>22.0</name>
  </wpt>
  <wpt lat="49.85011538736066" lon="3.366277135547969">
    <name>22.1</name>
  </wpt>
  <wpt lat="49.850563316559459" lon="3.3653334930479462">
    <name>22.2</name>
  </wpt>
  <wpt lat="49.850686377462146" lon="3.3644281324606853">
    <name>22.3</name>
  </wpt>
  <wpt lat="49.851434540543721" lon="3.3636635585515586">
    <name>22.4</name>
  </wpt>
  <wpt lat="49.852161546656554" lon="3.3628553797997656">
    <name>22.5</name>
  </wpt>
  <wpt lat="49.852734891405561" lon="3.3633912016508241">
    <name>22.6</name>
  </wpt>
  <wpt lat="49.853167917211593" lon="3.3646132495131313">
    <name>22.7</name>
  </wpt>
  <wpt lat="49.853610927768727" lon="3.3658251689970675">
    <name>22.8</name>
  </wpt>
  <wpt lat="49.854167283040837" lon="3.3669183813430315">
    <name>22.9</name>
  </wpt>
  <wpt lat="49.854824703101592" lon="3.367781999999977">
    <name>23.0</name>
  </wpt>
  <wpt lat="49.8555705946549" lon="3.367036605971419">
    <name>23.1</name>
  </wpt>
  <wpt lat="49.856423719789191" lon="3.3666160530989759">
    <name>23.2</name>
  </wpt>
  <wpt lat="49.857282857523067" lon="3.3662057560825538">
    <name>23.3</name>
  </wpt>
  <wpt lat="49.858158510530721" lon="3.3659579999999911">
    <name>23.4</name>
  </wpt>
  <wpt lat="49.85905553279941" lon="3.3660523012504413">
    <name>23.5</name>
  </wpt>
  <wpt lat="49.85995228511468" lon="3.3661576756784504">
    <name>23.6</name>
  </wpt>
  <wpt lat="49.860848805365109" lon="3.3662665708933703">
    <name>23.7</name>
  </wpt>
  <wpt lat="49.86173982672662" lon="3.3664535847410995">
    <name>23.8</name>
  </wpt>
  <wpt lat="49.86262114016148" lon="3.3667313723245544">
    <name>23.9</name>
  </wpt>
  <wpt lat="49.863505578844268" lon="3.3669837395345832">
    <name>24.0</name>
  </wpt>
  <wpt lat="49.8643864268078" lon="3.3672637298212078">
    <name>24.1</name>
  </wpt>
  <wpt lat="49.865269787782054" lon="3.3675243218199471">
    <name>24.2</name>
  </wpt>
  <wpt lat="49.86616341618501" lon="3.3676133725074249">
    <name>24.3</name>
  </wpt>
  <wpt lat="49.8670620642481" lon="3.3675593836421553">
    <name>24.4</name>
  </wpt>
  <wpt lat="49.86795458478386" lon="3.3676179427694963">
    <name>24.5</name>
  </wpt>
  <wpt lat="49.868787917884909" lon="3.3681397174221366">
    <name>24.6</name>
  </wpt>
  <wpt lat="49.869620812566616" lon="3.3686645864964753">
    <name>24.7</name>
  </wpt>
  <wpt lat="49.870454454472046" lon="3.3691867496110723">
    <name>24.8</name>
  </wpt>
  <wpt lat="49.871289462814737" lon="3.3697049346213048">
    <name>24.9</name>
  </wpt>
  <wpt lat="49.872123100055809" lon="3.3702265774658557">
    <name>25.0</name>
  </wpt>
  <wpt lat="49.872926032895684" lon="3.3708499241222412">
    <name>25.1</name>
  </wpt>
  <wpt lat="49.873659759788424" lon="3.3716568121212829">
    <name>25.2</name>
  </wpt>
  <wpt lat="49.87440121529157" lon="3.37244632376998">
    <name>25.3</name>
  </wpt>
  <wpt lat="49.875217896691908" lon="3.3730183915502181">
    <name>25.4</name>
  </wpt>
  <wpt lat="49.87606744778175" lon="3.3734760974839992">
    <name>25.5</name>
  </wpt>
  <wpt lat="49.876932727267807" lon="3.3738422725650072">
    <name>25.6</name>
  </wpt>
  <wpt lat="49.877827829703072" lon="3.3738346230814393">
    <name>25.7</name>
  </wpt>
  <wpt lat="49.878709137978873" lon="3.37356073391831">
    <name>25.8</name>
  </wpt>
  <wpt lat="49.879595090714616" lon="3.3733249665380574">
    <name>25.9</name>
  </wpt>
  <wpt lat="49.880490704919666" lon="3.3731993024483562">
    <name>26.0</name>
  </wpt>
  <wpt lat="49.881385227404742" lon="3.3730577236066166">
    <name>26.1</name>
  </wpt>
  <wpt lat="49.882281918009866" lon="3.3729599139745385">
    <name>26.2</name>
  </wpt>
  <wpt lat="49.88317779128856" lon="3.3728392403275955">
    <name>26.3</name>
  </wpt>
  <wpt lat="49.884073762697305" lon="3.3727207431581387">
    <name>26.4</name>
  </wpt>
  <wpt lat="49.884969525340416" lon="3.3725979739509895">
    <name>26.5</name>
  </wpt>
  <wpt lat="49.88586663036385" lon="3.3725000370774882">
    <name>26.6</name>
  </wpt>
  <wpt lat="49.886761583868619" lon="3.3723639279888102">
    <name>26.7</name>
  </wpt>
  <wpt lat="49.887643748048781" lon="3.3720977209982266">
    <name>26.8</name>
  </wpt>
  <wpt lat="49.888520044835765" lon="3.3717838895645">
    <name>26.9</name>
  </wpt>
  <wpt lat="49.889401126760369" lon="3.3715056297655677">
    <name>27.0</name>
  </wpt>
  <wpt lat="49.890294743180114" lon="3.3715723757903735">
    <name>27.1</name>
  </wpt>
  <wpt lat="49.891191426790286" lon="3.3716440000000314">
    <name>27.2</name>
  </wpt>
  <wpt lat="49.892079082298821" lon="3.37143901228606">
    <name>27.3</name>
  </wpt>
  <wpt lat="49.8929547505203" lon="3.3711223604495171">
    <name>27.4</name>
  </wpt>
  <wpt lat="49.893786174124713" lon="3.3706026705602952">
    <name>27.5</name>
  </wpt>
  <wpt lat="49.894597150865053" lon="3.3700018299159473">
    <name>27.6</name>
  </wpt>
  <wpt lat="49.895429520157329" lon="3.3694741186165227">
    <name>27.7</name>
  </wpt>
  <wpt lat="49.896211762431705" lon="3.36880310855576">
    <name>27.8</name>
  </wpt>
  <wpt lat="49.896868322920831" lon="3.3678531103907714">
    <name>27.9</name>
  </wpt>
  <wpt lat="49.89760725975659" lon="3.3671016491065875">
    <name>28.0</name>
  </wpt>
  <wpt lat="49.898481589679172" lon="3.3667750752371051">
    <name>28.1</name>
  </wpt>
  <wpt lat="49.899361183263231" lon="3.3664846761892684">
    <name>28.2</name>
  </wpt>
  <wpt lat="49.90017083603982" lon="3.3669642358966514">
    <name>28.3</name>
  </wpt>
  <wpt lat="49.900862444554683" lon="3.3673436732819484">
    <name>28.4</name>
  </wpt>
  <wpt lat="49.901761288794454" lon="3.367331">
    <name>28.5</name>
  </wpt>
  <wpt lat="49.902656475468689" lon="3.3674015902918373">
    <name>28.6</name>
  </wpt>
  <wpt lat="49.903452776454607" lon="3.3680421916809751">
    <name>28.7</name>
  </wpt>
  <wpt lat="49.904237818459031" lon="3.3687233807456849">
    <name>28.8</name>
  </wpt>
  <wpt lat="49.905067448431993" lon="3.3691979999999782">
    <name>28.9</name>
  </wpt>
  <wpt lat="49.905964229388012" lon="3.3690960484326031">
    <name>29.0</name>
  </wpt>
  <wpt lat="49.9068588975151" lon="3.3689582849640063">
    <name>29.1</name>
  </wpt>
  <wpt lat="49.907751476647434" lon="3.3688233608556546">
    <name>29.2</name>
  </wpt>
  <wpt lat="49.908302704424031" lon="3.3678190904080516">
    <name>29.3</name>
  </wpt>
  <wpt lat="49.908499159383084" lon="3.3664563790638766">
    <name>29.4</name>
  </wpt>
  <wpt lat="49.908964678971955" lon="3.3653971070383739">
    <name>29.5</name>
  </wpt>
  <wpt lat="49.909803114089037" lon="3.3658281005205262">
    <name>29.6</name>
  </wpt>
  <wpt lat="49.910613871856356" lon="3.3664324094697826">
    <name>29.7</name>
  </wpt>
  <wpt lat="49.911424629623625" lon="3.3670367285779852">
    <name>29.8</name>
  </wpt>
  <wpt lat="49.912235179765794" lon="3.367641728895558">
    <name>29.9</name>
  </wpt>
  <wpt lat="49.913045632925765" lon="3.3682470527926873">
    <name>30.0</name>
  </wpt>
  <wpt lat="49.913853750272153" lon="3.3688598286418054">
    <name>30.1</name>
  </wpt>
  <wpt lat="49.914663427052389" lon="3.3694676374337402">
    <name>30.2</name>
  </wpt>
  <wpt lat="49.915474133815053" lon="3.3700721722795266">
    <name>30.3</name>
  </wpt>
  <wpt lat="49.916284840577674" lon="3.3706767172891445">
    <name>30.4</name>
  </wpt>
  <wpt lat="49.917099579392662" lon="3.3712675793332938">
    <name>30.5</name>
  </wpt>
  <wpt lat="49.917902988396257" lon="3.3718856554885468">
    <name>30.6</name>
  </wpt>
  <wpt lat="49.918756932562907" lon="3.3720179198202356">
    <name>30.7</name>
  </wpt>
  <wpt lat="49.919616476095428" lon="3.37162852397564">
    <name>30.8</name>
  </wpt>
  <wpt lat="49.920505662524455" lon="3.371594962019969">
    <name>30.9</name>
  </wpt>
  <wpt lat="49.921403541789829" lon="3.3716572325288325">
    <name>31.0</name>
  </wpt>
  <wpt lat="49.922268544742025" lon="3.3713228028992543">
    <name>31.1</name>
  </wpt>
  <wpt lat="49.92314100237104" lon="3.3709912257099908">
    <name>31.2</name>
  </wpt>
  <wpt lat="49.924024718408589" lon="3.3707321417700831">
    <name>31.3</name>
  </wpt>
  <wpt lat="49.924909256418061" lon="3.3704798973970451">
    <name>31.4</name>
  </wpt>
  <wpt lat="49.925793118273184" lon="3.37022199753612">
    <name>31.5</name>
  </wpt>
  <wpt lat="49.926611640822863" lon="3.3704029008366505">
    <name>31.6</name>
  </wpt>
  <wpt lat="49.927165263943238" lon="3.3695049366041623">
    <name>31.7</name>
  </wpt>
  <wpt lat="49.927977690658032" lon="3.3689073860359038">
    <name>31.8</name>
  </wpt>
  <wpt lat="49.928653963642688" lon="3.3685424735162277">
    <name>31.9</name>
  </wpt>
  <wpt lat="49.929360009619195" lon="3.3676914676120688">
    <name>32.0</name>
  </wpt>
  <wpt lat="49.930055151999035" lon="3.3668051049517973">
    <name>32.1</name>
  </wpt>
  <wpt lat="49.93075029437879" lon="3.3659187295070194">
    <name>32.2</name>
  </wpt>
  <wpt lat="49.931445436758452" lon="3.3650323412773275">
    <name>32.3</name>
  </wpt>
  <wpt lat="49.93215616133152" lon="3.364185631064315">
    <name>32.4</name>
  </wpt>
  <wpt lat="49.933022007641533" lon="3.3638226679824279">
    <name>32.5</name>
  </wpt>
  <wpt lat="49.933901317336087" lon="3.3635295655659072">
    <name>32.6</name>
  </wpt>
  <wpt lat="49.934779901333989" lon="3.363231258794225">
    <name>32.7</name>
  </wpt>
  <wpt lat="49.935658372715196" lon="3.3629321398278553">
    <name>32.8</name>
  </wpt>
  <wpt lat="49.93654730970259" lon="3.3628112942591586">
    <name>32.9</name>
  </wpt>
  <wpt lat="49.9374421568316" lon="3.3629505030842677">
    <name>33.0</name>
  </wpt>
  <wpt lat="49.938337902034014" lon="3.3630493730152646">
    <name>33.1</name>
  </wpt>
  <wpt lat="49.9392157889392" lon="3.3627533120895259">
    <name>33.2</name>
  </wpt>
  <wpt lat="49.940089714796819" lon="3.3624235920594221">
    <name>33.3</name>
  </wpt>
  <wpt lat="49.940965476612256" lon="3.3621080460545172">
    <name>33.4</name>
  </wpt>
  <wpt lat="49.941854505223091" lon="3.3618997591430326">
    <name>33.5</name>
  </wpt>
  <wpt lat="49.942745712832604" lon="3.3617124668422695">
    <name>33.6</name>
  </wpt>
  <wpt lat="49.943636200372879" lon="3.3615175885621662">
    <name>33.7</name>
  </wpt>
  <wpt lat="49.944510012430008" lon="3.3612045573565066">
    <name>33.8</name>
  </wpt>
  <wpt lat="49.945286751215221" lon="3.3605062545948128">
    <name>33.9</name>
  </wpt>
  <wpt lat="49.9460500274217" lon="3.3597680600701372">
    <name>34.0</name>
  </wpt>
  <wpt lat="49.946905454859213" lon="3.3593437084746793">
    <name>34.1</name>
  </wpt>
  <wpt lat="49.947769153260396" lon="3.3589546647342807">
    <name>34.2</name>
  </wpt>
  <wpt lat="49.948559944018214" lon="3.3583004697176384">
    <name>34.3</name>
  </wpt>
  <wpt lat="49.949355891036575" lon="3.3576633512526635">
    <name>34.4</name>
  </wpt>
  <wpt lat="49.950246805115626" lon="3.3574956297886938">
    <name>34.5</name>
  </wpt>
  <wpt lat="49.951142047971928" lon="3.3573626668659293">
    <name>34.6</name>
  </wpt>
  <wpt lat="49.952037290828223" lon="3.3572297014714922">
    <name>34.7</name>
  </wpt>
  <wpt lat="49.952932820070316" lon="3.3571021128595007">
    <name>34.8</name>
  </wpt>
  <wpt lat="49.953822529238806" lon="3.3569118136613243">
    <name>34.9</name>
  </wpt>
  <wpt lat="49.954662060881027" lon="3.3564138028028752">
    <name>35.0</name>
  </wpt>
  <wpt lat="49.955488421551372" lon="3.3558641051428544">
    <name>35.1</name>
  </wpt>
  <wpt lat="49.956354058187834" lon="3.3555121569888806">
    <name>35.2</name>
  </wpt>
  <wpt lat="49.957252176968353" lon="3.3555306877457189">
    <name>35.3</name>
  </wpt>
  <wpt lat="49.958150521207862" lon="3.3555958406648823">
    <name>35.4</name>
  </wpt>
  <wpt lat="49.95904880348948" lon="3.3556629769449691">
    <name>35.5</name>
  </wpt>
  <wpt lat="49.959946118463584" lon="3.355680000000012">
    <name>35.6</name>
  </wpt>
  <wpt lat="49.960837330447937" lon="3.3554998093852486">
    <name>35.7</name>
  </wpt>
  <wpt lat="49.961726218058786" lon="3.3552874763994693">
    <name>35.8</name>
  </wpt>
  <wpt lat="49.962615538310956" lon="3.3550796083770105">
    <name>35.9</name>
  </wpt>
  <wpt lat="49.963504680051948" lon="3.3548698952955442">
    <name>36.0</name>
  </wpt>
  <wpt lat="49.964398156088876" lon="3.3548351590633096">
    <name>36.1</name>
  </wpt>
  <wpt lat="49.965015147593647" lon="3.3555862768752709">
    <name>36.2</name>
  </wpt>
  <wpt lat="49.965418506867188" lon="3.3568342263749309">
    <name>36.3</name>
  </wpt>
  <wpt lat="49.96577923617717" lon="3.3581148215215166">
    <name>36.4</name>
  </wpt>
  <wpt lat="49.966127790423258" lon="3.3594029250792614">
    <name>36.5</name>
  </wpt>
  <wpt lat="49.966419882867996" lon="3.3607252410093924">
    <name>36.6</name>
  </wpt>
  <wpt lat="49.966721077249062" lon="3.362042618073759">
    <name>36.7</name>
  </wpt>
  <wpt lat="49.967037510974748" lon="3.363350935104001">
    <name>36.8</name>
  </wpt>
  <wpt lat="49.967458784433134" lon="3.3645792943864508">
    <name>36.9</name>
  </wpt>
  <wpt lat="49.968034306709306" lon="3.3656515007800887">
    <name>37.0</name>
  </wpt>
  <wpt lat="49.968618936504804" lon="3.3667137612357378">
    <name>37.1</name>
  </wpt>
  <wpt lat="49.969199423969734" lon="3.3677816771452806">
    <name>37.2</name>
  </wpt>
  <wpt lat="49.969697772823" lon="3.3689430979974828">
    <name>37.3</name>
  </wpt>
  <wpt lat="49.970156099488619" lon="3.3701461140620812">
    <name>37.4</name>
  </wpt>
  <wpt lat="49.970614426154143" lon="3.3713491415832921">
    <name>37.5</name>
  </wpt>
  <wpt lat="49.97107635726988" lon="3.3725488252416209">
    <name>37.6</name>
  </wpt>
  <wpt lat="49.971607195540166" lon="3.3736688590187565">
    <name>37.7</name>
  </wpt>
  <wpt lat="49.972234373670567" lon="3.374670707262577">
    <name>37.8</name>
  </wpt>
  <wpt lat="49.972860951515443" lon="3.3756737092824802">
    <name>37.9</name>
  </wpt>
  <wpt lat="49.973505461640315" lon="3.3766486743702826">
    <name>38.0</name>
  </wpt>
  <wpt lat="49.974171408174811" lon="3.37758843537104">
    <name>38.1</name>
  </wpt>
  <wpt lat="49.974785526683284" lon="3.3786046667772545">
    <name>38.2</name>
  </wpt>
  <wpt lat="49.975281473094995" lon="3.37976762158584">
    <name>38.3</name>
  </wpt>
  <wpt lat="49.975789925947709" lon="3.3809188515317978">
    <name>38.4</name>
  </wpt>
  <wpt lat="49.976380637687356" lon="3.3819722512436217">
    <name>38.5</name>
  </wpt>
  <wpt lat="49.976923883451356" lon="3.3830861886099788">
    <name>38.6</name>
  </wpt>
  <wpt lat="49.977420808037493" lon="3.3842512860067062">
    <name>38.7</name>
  </wpt>
  <wpt lat="49.977935759370389" lon="3.3853896012095182">
    <name>38.8</name>
  </wpt>
  <wpt lat="49.978463608975936" lon="3.3865218366122916">
    <name>38.9</name>
  </wpt>
  <wpt lat="49.978986656659679" lon="3.3876594339415207">
    <name>39.0</name>
  </wpt>
  <wpt lat="49.979434914567996" lon="3.3888678934833205">
    <name>39.1</name>
  </wpt>
  <wpt lat="49.979788789322534" lon="3.3901533939683492">
    <name>39.2</name>
  </wpt>
  <wpt lat="49.980127973846663" lon="3.3914486265701558">
    <name>39.3</name>
  </wpt>
  <wpt lat="49.980467158370715" lon="3.3927438683035644">
    <name>39.4</name>
  </wpt>
  <wpt lat="49.980803424650816" lon="3.3940409409806267">
    <name>39.5</name>
  </wpt>
  <wpt lat="49.981111271052619" lon="3.3953531674871078">
    <name>39.6</name>
  </wpt>
  <wpt lat="49.98101886319072" lon="3.3967253529770876">
    <name>39.7</name>
  </wpt>
  <wpt lat="49.98085540075661" lon="3.3981005280996155">
    <name>39.8</name>
  </wpt>
  <wpt lat="49.980778966617969" lon="3.3994848234079367">
    <name>39.9</name>
  </wpt>
  <wpt lat="49.98105798561695" lon="3.4008097770880914">
    <name>40.0</name>
  </wpt>
  <wpt lat="49.9813784510649" lon="3.402116520250416">
    <name>40.1</name>
  </wpt>
  <wpt lat="49.98181372949346" lon="3.4033364366853256">
    <name>40.2</name>
  </wpt>
  <wpt lat="49.982319203924412" lon="3.4044929756168218">
    <name>40.3</name>
  </wpt>
  <wpt lat="49.982814246106066" lon="3.4056603512609485">
    <name>40.4</name>
  </wpt>
  <wpt lat="49.983297670869526" lon="3.4068396960368474">
    <name>40.5</name>
  </wpt>
  <wpt lat="49.983764044446588" lon="3.4080352834666385">
    <name>40.6</name>
  </wpt>
  <wpt lat="49.9842296295758" lon="3.4092318481258759">
    <name>40.7</name>
  </wpt>
  <wpt lat="49.984635394174973" lon="3.4104795117941245">
    <name>40.8</name>
  </wpt>
  <wpt lat="49.985017532965792" lon="3.411745261789874">
    <name>40.9</name>
  </wpt>
  <wpt lat="49.98533473888687" lon="3.4130532052588292">
    <name>41.0</name>
  </wpt>
  <wpt lat="49.985554144977606" lon="3.4144096144463671">
    <name>41.1</name>
  </wpt>
  <wpt lat="49.985876871998279" lon="3.4157096419333315">
    <name>41.2</name>
  </wpt>
  <wpt lat="49.986266437146149" lon="3.4169701013085234">
    <name>41.3</name>
  </wpt>
  <wpt lat="49.986645896238137" lon="3.4182381983055952">
    <name>41.4</name>
  </wpt>
  <wpt lat="49.986934037114189" lon="3.419562390311095">
    <name>41.5</name>
  </wpt>
  <wpt lat="49.987136286630879" lon="3.4209247354141441">
    <name>41.6</name>
  </wpt>
  <wpt lat="49.987357360797013" lon="3.4222805401224563">
    <name>41.7</name>
  </wpt>
  <wpt lat="49.987568143948529" lon="3.4236401843012176">
    <name>41.8</name>
  </wpt>
  <wpt lat="49.987737869752543" lon="3.4250137854303362">
    <name>41.9</name>
  </wpt>
  <wpt lat="49.987877914476812" lon="3.4263950824177494">
    <name>42.0</name>
  </wpt>
  <wpt lat="49.988003682767555" lon="3.4277800821648881">
    <name>42.1</name>
  </wpt>
  <wpt lat="49.988107222302496" lon="3.4291684680364916">
    <name>42.2</name>
  </wpt>
  <wpt lat="49.988131613082189" lon="3.430565955620005">
    <name>42.3</name>
  </wpt>
  <wpt lat="49.988121010142883" lon="3.4319646090284577">
    <name>42.4</name>
  </wpt>
  <wpt lat="49.988104943319414" lon="3.4333631029048677">
    <name>42.5</name>
  </wpt>
  <wpt lat="49.988081813977885" lon="3.434761389896424">
    <name>42.6</name>
  </wpt>
  <wpt lat="49.988058684636364" lon="3.4361596762155351">
    <name>42.7</name>
  </wpt>
  <wpt lat="49.988039916782881" lon="3.43755810960095">
    <name>42.8</name>
  </wpt>
  <wpt lat="49.988013804528862" lon="3.4389560852863283">
    <name>42.9</name>
  </wpt>
  <wpt lat="49.987839069039616" lon="3.4403253393033317">
    <name>43.0</name>
  </wpt>
  <wpt lat="49.9876144677316" lon="3.441679721345769">
    <name>43.1</name>
  </wpt>
  <wpt lat="49.987396346610417" lon="3.4430357258761695">
    <name>43.2</name>
  </wpt>
  <wpt lat="49.988221314270227" lon="3.4433758418341252">
    <name>43.3</name>
  </wpt>
  <wpt lat="49.988801000089332" lon="3.4443624011687928">
    <name>43.4</name>
  </wpt>
  <wpt lat="49.9894760131435" lon="3.445220707341488">
    <name>43.5</name>
  </wpt>
  <wpt lat="49.989814693769944" lon="3.4462735026129652">
    <name>43.6</name>
  </wpt>
  <wpt lat="49.989743313982906" lon="3.4476678783098196">
    <name>43.7</name>
  </wpt>
  <wpt lat="49.989636505009472" lon="3.4490542447580985">
    <name>43.8</name>
  </wpt>
  <wpt lat="49.989417372169477" lon="3.45041033536469">
    <name>43.9</name>
  </wpt>
  <wpt lat="49.989344836968939" lon="3.4516203625985336">
    <name>44.0</name>
  </wpt>
  <wpt lat="49.990214517533381" lon="3.4519599999999526">
    <name>44.1</name>
  </wpt>
  <wpt lat="50.027444193529163" lon="3.4608043661080128">
    <name>48.92</name>
  </wpt>
  <wpt lat="50.028215209888131" lon="3.4614353537332394">
    <name>49.0</name>
  </wpt>
  <wpt lat="50.029075034290791" lon="3.461845676403049">
    <name>49.1</name>
  </wpt>
  <wpt lat="50.02993428868448" lon="3.4622588295926886">
    <name>49.2</name>
  </wpt>
  <wpt lat="50.030749133137107" lon="3.4628423287769192">
    <name>49.3</name>
  </wpt>
  <wpt lat="50.031592678010007" lon="3.4633162458856503">
    <name>49.4</name>
  </wpt>
  <wpt lat="50.032470008531376" lon="3.4636136722912978">
    <name>49.5</name>
  </wpt>
  <wpt lat="50.033312750215181" lon="3.4640505724825124">
    <name>49.6</name>
  </wpt>
  <wpt lat="50.034211906878376" lon="3.4640620000000197">
    <name>49.7</name>
  </wpt>
  <wpt lat="50.035100296036447" lon="3.4642384168502169">
    <name>49.8</name>
  </wpt>
  <wpt lat="50.035981677521953" lon="3.4645163354905391">
    <name>49.9</name>
  </wpt>
  <wpt lat="50.036879105048506" lon="3.4645859355353523">
    <name>50.0</name>
  </wpt>
  <wpt lat="50.037776939546042" lon="3.4646458310487196">
    <name>50.1</name>
  </wpt>
  <wpt lat="50.038647405815922" lon="3.4649943993388836">
    <name>50.2</name>
  </wpt>
  <wpt lat="50.03928609439761" lon="3.4642878120273326">
    <name>50.3</name>
  </wpt>
  <wpt lat="50.039840271692142" lon="3.4631853123589034">
    <name>50.4</name>
  </wpt>
  <wpt lat="50.040342076060696" lon="3.4620237986769462">
    <name>50.5</name>
  </wpt>
  <wpt lat="50.04083081350948" lon="3.4608483478559759">
    <name>50.6</name>
  </wpt>
  <wpt lat="50.041344765806087" lon="3.4596995734244369">
    <name>50.7</name>
  </wpt>
  <wpt lat="50.041910304765551" lon="3.4586107966773856">
    <name>50.8</name>
  </wpt>
  <wpt lat="50.04247766951292" lon="3.4575247740306465">
    <name>50.9</name>
  </wpt>
  <wpt lat="50.043225755984047" lon="3.4567578102252519">
    <name>51.0</name>
  </wpt>
  <wpt lat="50.044017557013312" lon="3.4560938222707711">
    <name>51.1</name>
  </wpt>
  <wpt lat="50.044809358042528" lon="3.4554298233633762">
    <name>51.2</name>
  </wpt>
  <wpt lat="50.045584772401455" lon="3.4547222284323569">
    <name>51.3</name>
  </wpt>
  <wpt lat="50.046333006140628" lon="3.4539453849398769">
    <name>51.4</name>
  </wpt>
  <wpt lat="50.047076919521608" lon="3.4531585737100388">
    <name>51.5</name>
  </wpt>
  <wpt lat="50.047829231314466" lon="3.4523912617149222">
    <name>51.6</name>
  </wpt>
  <wpt lat="50.048583010773932" lon="3.4516326199127829">
    <name>51.7</name>
  </wpt>
  <wpt lat="50.049463263811681" lon="3.4515898279924135">
    <name>51.8</name>
  </wpt>
  <wpt lat="50.050359185208052" lon="3.4515335958776521">
    <name>51.9</name>
  </wpt>
  <wpt lat="50.051235868289311" lon="3.451234095744653">
    <name>52.0</name>
  </wpt>
  <wpt lat="50.052082862423454" lon="3.4507634807733871">
    <name>52.1</name>
  </wpt>
  <wpt lat="50.05292747450919" lon="3.450282415864379">
    <name>52.2</name>
  </wpt>
  <wpt lat="50.053788847569571" lon="3.4499054470160653">
    <name>52.3</name>
  </wpt>
  <wpt lat="50.0546568549883" lon="3.4495969446403834">
    <name>52.4</name>
  </wpt>
  <wpt lat="50.055480936664246" lon="3.4490360928712747">
    <name>52.5</name>
  </wpt>
  <wpt lat="50.056305018340147" lon="3.4484752314695126">
    <name>52.6</name>
  </wpt>
  <wpt lat="50.057119524202108" lon="3.4478820140139419">
    <name>52.7</name>
  </wpt>
  <wpt lat="50.057898342952726" lon="3.447189464043634">
    <name>52.8</name>
  </wpt>
  <wpt lat="50.058604503711116" lon="3.4463220597402828">
    <name>52.9</name>
  </wpt>
  <wpt lat="50.0593092979093" lon="3.4454521523026376">
    <name>53.0</name>
  </wpt>
  <wpt lat="50.059969016778624" lon="3.4445001315930042">
    <name>53.1</name>
  </wpt>
  <wpt lat="50.060738849858275" lon="3.4437977875596029">
    <name>53.2</name>
  </wpt>
  <wpt lat="50.061154019341039" lon="3.4429111231780727">
    <name>53.3</name>
  </wpt>
  <wpt lat="50.061552402400082" lon="3.4416726798007509">
    <name>53.4</name>
  </wpt>
  <wpt lat="50.062125979721912" lon="3.4405943623951969">
    <name>53.5</name>
  </wpt>
  <wpt lat="50.062927755391492" lon="3.4400229964205824">
    <name>53.6</name>
  </wpt>
  <wpt lat="50.06379930102451" lon="3.4402832503349088">
    <name>53.7</name>
  </wpt>
  <wpt lat="50.064642391007766" lon="3.4407702680280718">
    <name>53.8</name>
  </wpt>
  <wpt lat="50.065494275110552" lon="3.4412192722854549">
    <name>53.9</name>
  </wpt>
  <wpt lat="50.066338550918019" lon="3.4416983401188856">
    <name>54.0</name>
  </wpt>
  <wpt lat="50.067139394534223" lon="3.4423357976317024">
    <name>54.1</name>
  </wpt>
  <wpt lat="50.067940238150378" lon="3.4429732657885377">
    <name>54.2</name>
  </wpt>
  <wpt lat="50.068763040783537" lon="3.4435308490748255">
    <name>54.3</name>
  </wpt>
  <wpt lat="50.069633087360579" lon="3.4438831763560067">
    <name>54.4</name>
  </wpt>
  <wpt lat="50.070508956432576" lon="3.4441992801675076">
    <name>54.5</name>
  </wpt>
  <wpt lat="50.071406236163185" lon="3.444238920546979">
    <name>54.6</name>
  </wpt>
  <wpt lat="50.072299172345296" lon="3.4443823408767504">
    <name>54.7</name>
  </wpt>
  <wpt lat="50.073158285975126" lon="3.444778083017161">
    <name>54.8</name>
  </wpt>
  <wpt lat="50.073993240576307" lon="3.4452982560965553">
    <name>54.9</name>
  </wpt>
  <wpt lat="50.074882585375988" lon="3.445479999999979">
    <name>55.0</name>
  </wpt>
  <wpt lat="50.075770184837765" lon="3.445279189115805">
    <name>55.1</name>
  </wpt>
  <wpt lat="50.0766517647086" lon="3.4450049425615323">
    <name>55.2</name>
  </wpt>
  <wpt lat="50.077550285773796" lon="3.4450150316356773">
    <name>55.3</name>
  </wpt>
  <wpt lat="50.0784465171855" lon="3.4449393711592329">
    <name>55.4</name>
  </wpt>
  <wpt lat="50.0793320370698" lon="3.4447030605421745">
    <name>55.5</name>
  </wpt>
  <wpt lat="50.080136249709696" lon="3.4440849085919116">
    <name>55.6</name>
  </wpt>
  <wpt lat="50.080973504871572" lon="3.4435805120586149">
    <name>55.7</name>
  </wpt>
  <wpt lat="50.081862784802112" lon="3.443482025010729">
    <name>55.8</name>
  </wpt>
  <wpt lat="50.082567225213637" lon="3.4438470141320034">
    <name>55.9</name>
  </wpt>
  <wpt lat="50.082617220674038" lon="3.4452402472953496">
    <name>56.0</name>
  </wpt>
  <wpt lat="50.082802393740735" lon="3.4466089150644734">
    <name>56.1</name>
  </wpt>
  <wpt lat="50.083117763630874" lon="3.4479159556553762">
    <name>56.2</name>
  </wpt>
  <wpt lat="50.08390355973247" lon="3.4480376896215938">
    <name>56.3</name>
  </wpt>
  <wpt lat="50.084798210530529" lon="3.4478950305171283">
    <name>56.4</name>
  </wpt>
  <wpt lat="50.085694760763744" lon="3.4477984729185938">
    <name>56.5</name>
  </wpt>
  <wpt lat="50.086591192575739" lon="3.4479107441893087">
    <name>56.6</name>
  </wpt>
  <wpt lat="50.087489549508653" lon="3.4479717678544795">
    <name>56.7</name>
  </wpt>
  <wpt lat="50.088388749359389" lon="3.44799322064451">
    <name>56.8</name>
  </wpt>
  <wpt lat="50.0892880500178" lon="3.4480027875749828">
    <name>56.9</name>
  </wpt>
  <wpt lat="50.090186495820653" lon="3.4480328599838126">
    <name>57.0</name>
  </wpt>
  <wpt lat="50.091070671551392" lon="3.4482730369998809">
    <name>57.1</name>
  </wpt>
  <wpt lat="50.09195907550324" lon="3.4483553412386825">
    <name>57.2</name>
  </wpt>
  <wpt lat="50.092552592842409" lon="3.4493084922966868">
    <name>57.3</name>
  </wpt>
  <wpt lat="50.093160427396342" lon="3.4503299579246418">
    <name>57.4</name>
  </wpt>
  <wpt lat="50.093711753004484" lon="3.45143211674071">
    <name>57.5</name>
  </wpt>
  <wpt lat="50.094308209041309" lon="3.4524592539547392">
    <name>57.6</name>
  </wpt>
  <wpt lat="50.094911611971753" lon="3.4534693143166533">
    <name>57.7</name>
  </wpt>
  <wpt lat="50.095208274139885" lon="3.4547923129428213">
    <name>57.8</name>
  </wpt>
  <wpt lat="50.095628285585576" lon="3.4560299993492487">
    <name>57.9</name>
  </wpt>
  <wpt lat="50.09586444091039" lon="3.4573776915817165">
    <name>58.0</name>
  </wpt>
  <wpt lat="50.096032543537788" lon="3.4587548764930842">
    <name>58.1</name>
  </wpt>
  <wpt lat="50.096260574861354" lon="3.4601076033599041">
    <name>58.2</name>
  </wpt>
  <wpt lat="50.096644469455931" lon="3.4613752552864381">
    <name>58.3</name>
  </wpt>
  <wpt lat="50.096907383488308" lon="3.4627138974348797">
    <name>58.4</name>
  </wpt>
  <wpt lat="50.09713926001637" lon="3.4640678481572587">
    <name>58.5</name>
  </wpt>
  <wpt lat="50.097209998049948" lon="3.46545585146574">
    <name>58.6</name>
  </wpt>
  <wpt lat="50.097772542701883" lon="3.4663227188561443">
    <name>58.7</name>
  </wpt>
  <wpt lat="50.098660481288" lon="3.4665450723250912">
    <name>58.8</name>
  </wpt>
  <wpt lat="50.099538490211259" lon="3.4668469280098635">
    <name>58.9</name>
  </wpt>
  <wpt lat="50.100416271238409" lon="3.4671466854295843">
    <name>59.0</name>
  </wpt>
  <wpt lat="50.101277045661632" lon="3.4675411251063903">
    <name>59.1</name>
  </wpt>
  <wpt lat="50.102074837277" lon="3.4681636810234484">
    <name>59.2</name>
  </wpt>
  <wpt lat="50.102901431052331" lon="3.4686402779501031">
    <name>59.3</name>
  </wpt>
  <wpt lat="50.103743290367717" lon="3.4690778489053389">
    <name>59.4</name>
  </wpt>
  <wpt lat="50.104334108037328" lon="3.4700948691608677">
    <name>59.5</name>
  </wpt>
  <wpt lat="50.1051266204393" lon="3.47031578106371">
    <name>59.6</name>
  </wpt>
  <wpt lat="50.105993645362844" lon="3.4702052011179321">
    <name>59.7</name>
  </wpt>
  <wpt lat="50.106827852378132" lon="3.470727747643358">
    <name>59.8</name>
  </wpt>
  <wpt lat="50.10771984575473" lon="3.4708210000000026">
    <name>59.9</name>
  </wpt>
  <wpt lat="50.108572072586256" lon="3.4711408002263027">
    <name>60.0</name>
  </wpt>
  <wpt lat="50.109328426858745" lon="3.4713375733879626">
    <name>60.1</name>
  </wpt>
  <wpt lat="50.1100776229273" lon="3.470602899911563">
    <name>60.2</name>
  </wpt>
  <wpt lat="50.11096970687813" lon="3.4706166728125334">
    <name>60.3</name>
  </wpt>
  <wpt lat="50.111822323983226" lon="3.471035999999962">
    <name>60.4</name>
  </wpt>
  <wpt lat="50.1127134194314" lon="3.4708653960215741">
    <name>60.5</name>
  </wpt>
  <wpt lat="50.113603023328238" lon="3.4706598208327923">
    <name>60.6</name>
  </wpt>
  <wpt lat="50.114436178781453" lon="3.4702018208200403">
    <name>60.7</name>
  </wpt>
  <wpt lat="50.115170057433524" lon="3.4693912041522195">
    <name>60.8</name>
  </wpt>
  <wpt lat="50.115940499034487" lon="3.4686741449808132">
    <name>60.9</name>
  </wpt>
  <wpt lat="50.116756492094041" lon="3.468103772388385">
    <name>61.0</name>
  </wpt>
  <wpt lat="50.117636562731185" lon="3.4678151330484286">
    <name>61.1</name>
  </wpt>
  <wpt lat="50.118411589738635" lon="3.4671829790809259">
    <name>61.2</name>
  </wpt>
  <wpt lat="50.1189913943384" lon="3.4661140503131089">
    <name>61.3</name>
  </wpt>
  <wpt lat="50.119694616901057" lon="3.4652397601457161">
    <name>61.4</name>
  </wpt>
  <wpt lat="50.120386807030755" lon="3.4643445330120755">
    <name>61.5</name>
  </wpt>
  <wpt lat="50.121237407804912" lon="3.4640537720939579">
    <name>61.6</name>
  </wpt>
  <wpt lat="50.122070447582786" lon="3.4636654892508361">
    <name>61.7</name>
  </wpt>
  <wpt lat="50.122928871708361" lon="3.4634836844891015">
    <name>61.8</name>
  </wpt>
  <wpt lat="50.123807198643682" lon="3.4631834840704272">
    <name>61.9</name>
  </wpt>
  <wpt lat="50.124696376859305" lon="3.4633739401606336">
    <name>62.0</name>
  </wpt>
  <wpt lat="50.125578524730038" lon="3.4636467669403337">
    <name>62.1</name>
  </wpt>
  <wpt lat="50.126460672600764" lon="3.4639195987485674">
    <name>62.2</name>
  </wpt>
  <wpt lat="50.12734282047149" lon="3.4641924355855376">
    <name>62.3</name>
  </wpt>
  <wpt lat="50.1282249106746" lon="3.4644657259137297">
    <name>62.4</name>
  </wpt>
  <wpt lat="50.129106090364189" lon="3.4647460594321768">
    <name>62.5</name>
  </wpt>
  <wpt lat="50.12999102892929" lon="3.4649183095441458">
    <name>62.6</name>
  </wpt>
  <wpt lat="50.13088099658237" lon="3.4648443926099164">
    <name>62.7</name>
  </wpt>
  <wpt lat="50.131732114071688" lon="3.4652962718711304">
    <name>62.8</name>
  </wpt>
  <wpt lat="50.1326234737785" lon="3.4654215234275214">
    <name>62.9</name>
  </wpt>
  <wpt lat="50.13352275461687" lon="3.4654348820685215">
    <name>63.0</name>
  </wpt>
  <wpt lat="50.134421446881618" lon="3.4654324584783227">
    <name>63.1</name>
  </wpt>
  <wpt lat="50.135320469048686" lon="3.4653962555092259">
    <name>63.2</name>
  </wpt>
  <wpt lat="50.136219491215755" lon="3.4653600518598466">
    <name>63.3</name>
  </wpt>
  <wpt lat="50.137118513382831" lon="3.4653238475301849">
    <name>63.4</name>
  </wpt>
  <wpt lat="50.138017535549906" lon="3.4652876425202406">
    <name>63.5</name>
  </wpt>
  <wpt lat="50.138896952698062" lon="3.4650071030785359">
    <name>63.6</name>
  </wpt>
  <wpt lat="50.139771528472622" lon="3.4646802071278682">
    <name>63.7</name>
  </wpt>
  <wpt lat="50.140646104247175" lon="3.4643533052008109">
    <name>63.8</name>
  </wpt>
  <wpt lat="50.141538561234235" lon="3.4641831554236457">
    <name>63.9</name>
  </wpt>
  <wpt lat="50.142435195884339" lon="3.4642135517521746">
    <name>64.0</name>
  </wpt>
  <wpt lat="50.143331879317692" lon="3.4643193530888889">
    <name>64.1</name>
  </wpt>
  <wpt lat="50.14422834933152" lon="3.464222713970651">
    <name>64.2</name>
  </wpt>
  <wpt lat="50.145105301701946" lon="3.4639321385668076">
    <name>64.3</name>
  </wpt>
  <wpt lat="50.145917750166809" lon="3.4633334711090642">
    <name>64.4</name>
  </wpt>
  <wpt lat="50.146660675341984" lon="3.4625448539141725">
    <name>64.5</name>
  </wpt>
  <wpt lat="50.147514065158539" lon="3.4622604041117806">
    <name>64.6</name>
  </wpt>
  <wpt lat="50.148409171066021" lon="3.4623902225628238">
    <name>64.7</name>
  </wpt>
  <wpt lat="50.149308459471477" lon="3.4624022818407769">
    <name>64.8</name>
  </wpt>
  <wpt lat="50.15020451838074" lon="3.4624813177678462">
    <name>64.9</name>
  </wpt>
  <wpt lat="50.150877483710985" lon="3.4631786952639456">
    <name>65.0</name>
  </wpt>
  <wpt lat="50.151572369221661" lon="3.4640347371573217">
    <name>65.1</name>
  </wpt>
  <wpt lat="50.152236137733212" lon="3.4648737601384165">
    <name>65.2</name>
  </wpt>
  <wpt lat="50.152745515267995" lon="3.4660268239684893">
    <name>65.3</name>
  </wpt>
  <wpt lat="50.153398046009315" lon="3.4669823592104851">
    <name>65.4</name>
  </wpt>
  <wpt lat="50.153840642127612" lon="3.4681981077745836">
    <name>65.5</name>
  </wpt>
  <wpt lat="50.154350846893948" lon="3.469353793791234">
    <name>65.6</name>
  </wpt>
  <wpt lat="50.154859187082366" lon="3.4705116647394378">
    <name>65.7</name>
  </wpt>
  <wpt lat="50.155363875859415" lon="3.4716734282966613">
    <name>65.8</name>
  </wpt>
  <wpt lat="50.155872998299074" lon="3.4728302685605232">
    <name>65.9</name>
  </wpt>
  <wpt lat="50.156456277500943" lon="3.4738900422794954">
    <name>66.0</name>
  </wpt>
  <wpt lat="50.156867818677867" lon="3.4744406899064688">
    <name>66.1</name>
  </wpt>
  <wpt lat="50.157364077594615" lon="3.4756015566206537">
    <name>66.2</name>
  </wpt>
  <wpt lat="50.157803383288751" lon="3.4768263878759273">
    <name>66.3</name>
  </wpt>
  <wpt lat="50.15838815566476" lon="3.4778811157398559">
    <name>66.4</name>
  </wpt>
  <wpt lat="50.159002594417757" lon="3.4789004724371639">
    <name>66.5</name>
  </wpt>
  <wpt lat="50.159539712814095" lon="3.4800263605033428">
    <name>66.6</name>
  </wpt>
  <wpt lat="50.160076831210311" lon="3.4811522612195795">
    <name>66.7</name>
  </wpt>
  <wpt lat="50.160544822558144" lon="3.4823487151892039">
    <name>66.8</name>
  </wpt>
  <wpt lat="50.161064738785718" lon="3.4834923757064096">
    <name>66.9</name>
  </wpt>
  <wpt lat="50.161477322636514" lon="3.4847362441274554">
    <name>67.0</name>
  </wpt>
  <wpt lat="50.161861529096996" lon="3.4860054893080243">
    <name>67.1</name>
  </wpt>
  <wpt lat="50.162452085533047" lon="3.4863210346277613">
    <name>67.2</name>
  </wpt>
  <wpt lat="50.163329480585048" lon="3.4861724877661664">
    <name>67.3</name>
  </wpt>
  <wpt lat="50.163950301830731" lon="3.4870435760092149">
    <name>67.4</name>
  </wpt>
  <wpt lat="50.1644645466627" lon="3.488147841430512">
    <name>67.5</name>
  </wpt>
  <wpt lat="50.165301841399312" lon="3.4886488091331969">
    <name>67.6</name>
  </wpt>
  <wpt lat="50.166173407158119" lon="3.4889530000000448">
    <name>67.7</name>
  </wpt>
  <wpt lat="50.167035215572376" lon="3.4886146003065441">
    <name>67.8</name>
  </wpt>
  <wpt lat="50.1678634480114" lon="3.4880674997427481">
    <name>67.9</name>
  </wpt>
  <wpt lat="50.168743096385683" lon="3.4878370000000087">
    <name>68.0</name>
  </wpt>
  <wpt lat="50.169631342673938" lon="3.4880039798020857">
    <name>68.1</name>
  </wpt>
  <wpt lat="50.170481272862723" lon="3.488462887378025">
    <name>68.2</name>
  </wpt>
  <wpt lat="50.171349482265505" lon="3.4887977244923305">
    <name>68.3</name>
  </wpt>
  <wpt lat="50.172247206420508" lon="3.4888813776776519">
    <name>68.4</name>
  </wpt>
  <wpt lat="50.173086169380227" lon="3.4893489365155004">
    <name>68.5</name>
  </wpt>
  <wpt lat="50.173838504583259" lon="3.4901180092835">
    <name>68.6</name>
  </wpt>
  <wpt lat="50.1746230247422" lon="3.4908033080242342">
    <name>68.7</name>
  </wpt>
  <wpt lat="50.1754428907003" lon="3.4913797088276977">
    <name>68.8</name>
  </wpt>
  <wpt lat="50.176306616771456" lon="3.4917545497634066">
    <name>68.9</name>
  </wpt>
  <wpt lat="50.177203175083292" lon="3.4918612554543573">
    <name>69.0</name>
  </wpt>
  <wpt lat="50.178091411311719" lon="3.4920305920316781">
    <name>69.1</name>
  </wpt>
  <wpt lat="50.178890423741194" lon="3.4926742264898687">
    <name>69.2</name>
  </wpt>
  <wpt lat="50.179546006949842" lon="3.4923369521767635">
    <name>69.3</name>
  </wpt>
  <wpt lat="50.180296484518607" lon="3.4918975232032619">
    <name>69.4</name>
  </wpt>
  <wpt lat="50.181191817468573" lon="3.4918499999999733">
    <name>69.5</name>
  </wpt>
  <wpt lat="50.18208820299531" lon="3.4917639999999897">
    <name>69.6</name>
  </wpt>
  <wpt lat="50.182798457030806" lon="3.4924790013159788">
    <name>69.7</name>
  </wpt>
  <wpt lat="50.183643828604886" lon="3.4928867532968182">
    <name>69.8</name>
  </wpt>
  <wpt lat="50.184257014535149" lon="3.493643451809461">
    <name>69.9</name>
  </wpt>
  <wpt lat="50.18501436358541" lon="3.4938927103772004">
    <name>70.0</name>
  </wpt>
  <wpt lat="50.185839268830776" lon="3.4942541120309554">
    <name>70.1</name>
  </wpt>
  <wpt lat="50.186429564708419" lon="3.4953100429946016">
    <name>70.2</name>
  </wpt>
  <wpt lat="50.186834000001966" lon="3.4965517671645592">
    <name>70.3</name>
  </wpt>
  <wpt lat="50.186918781019735" lon="3.4977225449664027">
    <name>70.4</name>
  </wpt>
  <wpt lat="50.187485793995357" lon="3.4987629876224062">
    <name>70.5</name>
  </wpt>
  <wpt lat="50.188360965456894" lon="3.4988535922656974">
    <name>70.6</name>
  </wpt>
  <wpt lat="50.189257307766738" lon="3.4987617143964962">
    <name>70.7</name>
  </wpt>
  <wpt lat="50.190155847256676" lon="3.4987149439914185">
    <name>70.8</name>
  </wpt>
  <wpt lat="50.19105456330437" lon="3.4986787315530212">
    <name>70.9</name>
  </wpt>
  <wpt lat="50.19193434488885" lon="3.498926811593551">
    <name>71.0</name>
  </wpt>
  <wpt lat="50.192774565339462" lon="3.49942764293288">
    <name>71.1</name>
  </wpt>
  <wpt lat="50.193571218950524" lon="3.5000672189062012">
    <name>71.2</name>
  </wpt>
  <wpt lat="50.194287733778616" lon="3.5006787301429618">
    <name>71.3</name>
  </wpt>
  <wpt lat="50.19463717305905" lon="3.5017420000000037">
    <name>71.4</name>
  </wpt>
  <wpt lat="50.195377603550426" lon="3.50246074785155">
    <name>71.5</name>
  </wpt>
  <wpt lat="50.196049435587831" lon="3.5033943217294632">
    <name>71.6</name>
  </wpt>
  <wpt lat="50.196775735361093" lon="3.5042204922566165">
    <name>71.7</name>
  </wpt>
  <wpt lat="50.197529735866809" lon="3.504986199517881">
    <name>71.8</name>
  </wpt>
  <wpt lat="50.198285544726019" lon="3.505747539666888">
    <name>71.9</name>
  </wpt>
  <wpt lat="50.199030753705642" lon="3.5065325972312889">
    <name>72.0</name>
  </wpt>
  <wpt lat="50.199619105006676" lon="3.5075942890965823">
    <name>72.1</name>
  </wpt>
  <wpt lat="50.2002235082603" lon="3.5086327561435646">
    <name>72.2</name>
  </wpt>
  <wpt lat="50.200877668347275" lon="3.5095958961755667">
    <name>72.3</name>
  </wpt>
  <wpt lat="50.20162886038711" lon="3.510362994243319">
    <name>72.4</name>
  </wpt>
  <wpt lat="50.202395434271082" lon="3.5110975803575655">
    <name>72.5</name>
  </wpt>
  <wpt lat="50.20310822923414" lon="3.5119488779368071">
    <name>72.6</name>
  </wpt>
  <wpt lat="50.203802692108404" lon="3.5128416057528193">
    <name>72.7</name>
  </wpt>
  <wpt lat="50.204481407686231" lon="3.51376328510714">
    <name>72.8</name>
  </wpt>
  <wpt lat="50.205157092725152" lon="3.5146905462120808">
    <name>72.9</name>
  </wpt>
  <wpt lat="50.205839352071251" lon="3.515604055590912">
    <name>73.0</name>
  </wpt>
  <wpt lat="50.206501350909704" lon="3.5165551364886709">
    <name>73.1</name>
  </wpt>
  <wpt lat="50.207162725400956" lon="3.517505128955225">
    <name>73.2</name>
  </wpt>
  <wpt lat="50.207872499530779" lon="3.5183678601499873">
    <name>73.3</name>
  </wpt>
  <wpt lat="50.208632592718878" lon="3.5191112551378434">
    <name>73.4</name>
  </wpt>
  <wpt lat="50.209411107307972" lon="3.5198127604822824">
    <name>73.5</name>
  </wpt>
  <wpt lat="50.210198717973874" lon="3.5204553874473117">
    <name>73.6</name>
  </wpt>
  <wpt lat="50.210792247764942" lon="3.5213653435409862">
    <name>73.7</name>
  </wpt>
  <wpt lat="50.211102490394559" lon="3.5226832880366636">
    <name>73.8</name>
  </wpt>
  <wpt lat="50.211738948820461" lon="3.5236309442752733">
    <name>73.9</name>
  </wpt>
  <wpt lat="50.212534453204519" lon="3.5242299999999678">
    <name>74.0</name>
  </wpt>
  <wpt lat="50.213278091834482" lon="3.5247171834770752">
    <name>74.1</name>
  </wpt>
  <wpt lat="50.213947730016812" lon="3.5256517565172341">
    <name>74.2</name>
  </wpt>
  <wpt lat="50.214636215337592" lon="3.5265528841844707">
    <name>74.3</name>
  </wpt>
  <wpt lat="50.215336233604923" lon="3.5274328670975321">
    <name>74.4</name>
  </wpt>
  <wpt lat="50.216006462675622" lon="3.5283669037386196">
    <name>74.5</name>
  </wpt>
  <wpt lat="50.216721176085493" lon="3.5292160614450476">
    <name>74.6</name>
  </wpt>
  <wpt lat="50.217397041364634" lon="3.5301346487035969">
    <name>74.7</name>
  </wpt>
  <wpt lat="50.218037061474568" lon="3.5311217273117026">
    <name>74.8</name>
  </wpt>
  <wpt lat="50.218685810035474" lon="3.5320950911063509">
    <name>74.9</name>
  </wpt>
  <wpt lat="50.219361209499311" lon="3.5330218185764024">
    <name>75.0</name>
  </wpt>
  <wpt lat="50.2201265777859" lon="3.5337516455175737">
    <name>75.1</name>
  </wpt>
  <wpt lat="50.22092935555964" lon="3.5343852046268576">
    <name>75.2</name>
  </wpt>
  <wpt lat="50.22173213333334" lon="3.5350187743986843">
    <name>75.3</name>
  </wpt>
  <wpt lat="50.222490321293371" lon="3.53576777784293">
    <name>75.4</name>
  </wpt>
  <wpt lat="50.223179696596894" lon="3.536669998005967">
    <name>75.5</name>
  </wpt>
  <wpt lat="50.223846957826076" lon="3.53761230450336">
    <name>75.6</name>
  </wpt>
  <wpt lat="50.224532736272728" lon="3.5385199980925162">
    <name>75.7</name>
  </wpt>
  <wpt lat="50.2252247892884" lon="3.5394150642939572">
    <name>75.8</name>
  </wpt>
  <wpt lat="50.225734089679825" lon="3.5405624296143823">
    <name>75.9</name>
  </wpt>
  <wpt lat="50.226329255678138" lon="3.5415843647436063">
    <name>76.0</name>
  </wpt>
  <wpt lat="50.227095177454288" lon="3.5421961056111222">
    <name>76.1</name>
  </wpt>
  <wpt lat="50.227742004990887" lon="3.5431668685319631">
    <name>76.2</name>
  </wpt>
  <wpt lat="50.228301328896919" lon="3.5442596281147214">
    <name>76.3</name>
  </wpt>
  <wpt lat="50.228621557790852" lon="3.5455610573053136">
    <name>76.4</name>
  </wpt>
  <wpt lat="50.2289210760966" lon="3.5468822899583663">
    <name>76.5</name>
  </wpt>
  <wpt lat="50.229460747976951" lon="3.547963583200088">
    <name>76.6</name>
  </wpt>
  <wpt lat="50.230254612731066" lon="3.5483776698568787">
    <name>76.7</name>
  </wpt>
  <wpt lat="50.23109543568011" lon="3.5479464576411108">
    <name>76.8</name>
  </wpt>
  <wpt lat="50.231942488318417" lon="3.5474856948172966">
    <name>76.9</name>
  </wpt>
  <wpt lat="50.232719197838108" lon="3.5467919499090321">
    <name>77.0</name>
  </wpt>
  <wpt lat="50.233596285205316" lon="3.546554740648487">
    <name>77.1</name>
  </wpt>
  <wpt lat="50.23449072145354" lon="3.5466749711462526">
    <name>77.2</name>
  </wpt>
  <wpt lat="50.235365874416146" lon="3.5469504371360805">
    <name>77.3</name>
  </wpt>
  <wpt lat="50.23625137015042" lon="3.5471485271248313">
    <name>77.4</name>
  </wpt>
  <wpt lat="50.2371495950462" lon="3.54721583018313">
    <name>77.5</name>
  </wpt>
  <wpt lat="50.238020440637648" lon="3.5475040701647016">
    <name>77.6</name>
  </wpt>
  <wpt lat="50.238845781113511" lon="3.5480605797607652">
    <name>77.7</name>
  </wpt>
  <wpt lat="50.23920659771408" lon="3.5490063924235757">
    <name>77.8</name>
  </wpt>
  <wpt lat="50.239116686824453" lon="3.550404828229571">
    <name>77.9</name>
  </wpt>
  <wpt lat="50.23900893984159" lon="3.5518008001233636">
    <name>78.0</name>
  </wpt>
  <wpt lat="50.238901192858755" lon="3.5531967688619446">
    <name>78.1</name>
  </wpt>
  <wpt lat="50.238790999438358" lon="3.5545922265857413">
    <name>78.2</name>
  </wpt>
  <wpt lat="50.238661318824008" lon="3.5559836214692928">
    <name>78.3</name>
  </wpt>
  <wpt lat="50.238506353161235" lon="3.5573672295637637">
    <name>78.4</name>
  </wpt>
  <wpt lat="50.238285973676142" lon="3.5587300877396451">
    <name>78.5</name>
  </wpt>
  <wpt lat="50.238002873526455" lon="3.5600637278376777">
    <name>78.6</name>
  </wpt>
  <wpt lat="50.23781216828268" lon="3.5614376704937403">
    <name>78.7</name>
  </wpt>
  <wpt lat="50.237611757826741" lon="3.5627945321834238">
    <name>78.8</name>
  </wpt>
  <wpt lat="50.237249763780582" lon="3.5640341887692326">
    <name>78.9</name>
  </wpt>
  <wpt lat="50.236659438225431" lon="3.5650949073664733">
    <name>79.0</name>
  </wpt>
  <wpt lat="50.236069770164868" lon="3.5661564596957951">
    <name>79.1</name>
  </wpt>
  <wpt lat="50.236062157655411" lon="3.56751327780333">
    <name>79.2</name>
  </wpt>
  <wpt lat="50.236242677418268" lon="3.5688902963188651">
    <name>79.3</name>
  </wpt>
  <wpt lat="50.23645900683286" lon="3.5702550226190337">
    <name>79.4</name>
  </wpt>
  <wpt lat="50.236592488039413" lon="3.5716452624566219">
    <name>79.5</name>
  </wpt>
  <wpt lat="50.236612073600057" lon="3.5730507447753053">
    <name>79.6</name>
  </wpt>
  <wpt lat="50.236647138998833" lon="3.5744556246545929">
    <name>79.7</name>
  </wpt>
  <wpt lat="50.236659532711407" lon="3.5758612317575813">
    <name>79.8</name>
  </wpt>
  <wpt lat="50.236675380190853" lon="3.5772670429112181">
    <name>79.9</name>
  </wpt>
  <wpt lat="50.23670706746433" lon="3.5786720795514455">
    <name>80.0</name>
  </wpt>
  <wpt lat="50.236721771490828" lon="3.5800745777109841">
    <name>80.1</name>
  </wpt>
  <wpt lat="50.236500961234192" lon="3.5814364104004155">
    <name>80.2</name>
  </wpt>
  <wpt lat="50.236350864858281" lon="3.5828191251672514">
    <name>80.3</name>
  </wpt>
  <wpt lat="50.236273001161869" lon="3.5842185874913164">
    <name>80.4</name>
  </wpt>
  <wpt lat="50.23625581240232" lon="3.5856237293068385">
    <name>80.5</name>
  </wpt>
  <wpt lat="50.236170292087294" lon="3.5870228700755016">
    <name>80.6</name>
  </wpt>
  <wpt lat="50.236003430885681" lon="3.5884039474656131">
    <name>80.7</name>
  </wpt>
  <wpt lat="50.235729092006466" lon="3.589581367879827">
    <name>80.8</name>
  </wpt>
  <wpt lat="50.236192111180884" lon="3.5906661294080355">
    <name>80.9</name>
  </wpt>
  <wpt lat="50.236573000059636" lon="3.5918050673788224">
    <name>81.0</name>
  </wpt>
  <wpt lat="50.237013580956237" lon="3.5923008056088181">
    <name>81.1</name>
  </wpt>
  <wpt lat="50.2378818697238" lon="3.5919439941399252">
    <name>81.2</name>
  </wpt>
  <wpt lat="50.238733233764421" lon="3.59149188396352">
    <name>81.3</name>
  </wpt>
  <wpt lat="50.239553607825044" lon="3.5912408631789767">
    <name>81.4</name>
  </wpt>
  <wpt lat="50.240277232385537" lon="3.5920711597713235">
    <name>81.5</name>
  </wpt>
  <wpt lat="50.241048965781552" lon="3.5927161950642654">
    <name>81.6</name>
  </wpt>
  <wpt lat="50.241521806942174" lon="3.5938843680924832">
    <name>81.7</name>
  </wpt>
  <wpt lat="50.242162259047028" lon="3.5948709954130593">
    <name>81.8</name>
  </wpt>
  <wpt lat="50.242969642908832" lon="3.5952412714486544">
    <name>81.9</name>
  </wpt>
  <wpt lat="50.243784637141651" lon="3.5946669942370248">
    <name>82.0</name>
  </wpt>
  <wpt lat="50.244581169497735" lon="3.5940150231403454">
    <name>82.1</name>
  </wpt>
  <wpt lat="50.245404850433808" lon="3.5934509464174371">
    <name>82.2</name>
  </wpt>
  <wpt lat="50.246270281724378" lon="3.5930958186512436">
    <name>82.3</name>
  </wpt>
  <wpt lat="50.247154301421247" lon="3.592841418532847">
    <name>82.4</name>
  </wpt>
  <wpt lat="50.248015676273305" lon="3.5924372072523454">
    <name>82.5</name>
  </wpt>
  <wpt lat="50.248877051125334" lon="3.5920329886656264">
    <name>82.6</name>
  </wpt>
  <wpt lat="50.2497402447391" lon="3.5916387506090159">
    <name>82.7</name>
  </wpt>
  <wpt lat="50.2506085520738" lon="3.5912725839400408">
    <name>82.8</name>
  </wpt>
  <wpt lat="50.251455305970552" lon="3.5908071359877867">
    <name>82.9</name>
  </wpt>
  <wpt lat="50.252270220250892" lon="3.5902122370307654">
    <name>83.0</name>
  </wpt>
  <wpt lat="50.253075281424842" lon="3.5895861171261116">
    <name>83.1</name>
  </wpt>
  <wpt lat="50.253893770472629" lon="3.5890054891049257">
    <name>83.2</name>
  </wpt>
  <wpt lat="50.254763647382632" lon="3.588659425219038">
    <name>83.3</name>
  </wpt>
  <wpt lat="50.25564803964923" lon="3.5886446185504708">
    <name>83.4</name>
  </wpt>
  <wpt lat="50.2564735010062" lon="3.5892016133876306">
    <name>83.5</name>
  </wpt>
  <wpt lat="50.25733440422448" lon="3.5895691723918968">
    <name>83.6</name>
  </wpt>
  <wpt lat="50.258119661049214" lon="3.58992268072346">
    <name>83.7</name>
  </wpt>
  <wpt lat="50.258488394422159" lon="3.5887233666890443">
    <name>83.8</name>
  </wpt>
  <wpt lat="50.258671173098712" lon="3.5873468327784943">
    <name>83.9</name>
  </wpt>
  <wpt lat="50.258755430673652" lon="3.5859500795391552">
    <name>84.0</name>
  </wpt>
  <wpt lat="50.258576848981733" lon="3.584589718604636">
    <name>84.1</name>
  </wpt>
  <wpt lat="50.259121551790479" lon="3.5840013084542641">
    <name>84.2</name>
  </wpt>
  <wpt lat="50.2600119155445" lon="3.5838675423396649">
    <name>84.3</name>
  </wpt>
  <wpt lat="50.260826770506625" lon="3.5832774855876361">
    <name>84.4</name>
  </wpt>
  <wpt lat="50.2616120401445" lon="3.5825994144583384">
    <name>84.5</name>
  </wpt>
  <wpt lat="50.262310799845523" lon="3.5817146559205404">
    <name>84.6</name>
  </wpt>
  <wpt lat="50.262979376699242" lon="3.5807737612000241">
    <name>84.7</name>
  </wpt>
  <wpt lat="50.263747419655488" lon="3.5800515186003863">
    <name>84.8</name>
  </wpt>
  <wpt lat="50.264542397273907" lon="3.5793937720261626">
    <name>84.9</name>
  </wpt>
  <wpt lat="50.265334022754274" lon="3.5787263197886228">
    <name>85.0</name>
  </wpt>
  <wpt lat="50.266103965897642" lon="3.5780024051900146">
    <name>85.1</name>
  </wpt>
  <wpt lat="50.266821977488043" lon="3.5771555934043344">
    <name>85.2</name>
  </wpt>
  <wpt lat="50.267526578257609" lon="3.5762813148549735">
    <name>85.3</name>
  </wpt>
  <wpt lat="50.26822760926256" lon="3.5754000187133768">
    <name>85.4</name>
  </wpt>
  <wpt lat="50.268892288581704" lon="3.5744554258236163">
    <name>85.5</name>
  </wpt>
  <wpt lat="50.269625195058445" lon="3.5736435496483052">
    <name>85.6</name>
  </wpt>
  <wpt lat="50.270251531680735" lon="3.5726338768330606">
    <name>85.7</name>
  </wpt>
  <wpt lat="50.270836640755228" lon="3.5715677704859057">
    <name>85.8</name>
  </wpt>
  <wpt lat="50.271560036998061" lon="3.5707318212933097">
    <name>85.9</name>
  </wpt>
  <wpt lat="50.27228343324083" lon="3.569895859400479">
    <name>86.0</name>
  </wpt>
  <wpt lat="50.272984491454572" lon="3.5690146912243526">
    <name>86.1</name>
  </wpt>
  <wpt lat="50.273683815569754" lon="3.5681299821678429">
    <name>86.2</name>
  </wpt>
  <wpt lat="50.274386447682943" lon="3.5672516969254593">
    <name>86.3</name>
  </wpt>
  <wpt lat="50.275098335589362" lon="3.5663919581781132">
    <name>86.4</name>
  </wpt>
  <wpt lat="50.275813619909421" lon="3.5655390168375267">
    <name>86.5</name>
  </wpt>
  <wpt lat="50.276565457349385" lon="3.564778860342682">
    <name>86.6</name>
  </wpt>
  <wpt lat="50.277396078211275" lon="3.5642417564197">
    <name>86.7</name>
  </wpt>
  <wpt lat="50.278249101470756" lon="3.5637964810928686">
    <name>86.8</name>
  </wpt>
  <wpt lat="50.278954949311952" lon="3.56301762760321">
    <name>86.9</name>
  </wpt>
  <wpt lat="50.279683177624179" lon="3.5631421423310319">
    <name>87.0</name>
  </wpt>
  <wpt lat="50.280548858617436" lon="3.5633709390114174">
    <name>87.1</name>
  </wpt>
  <wpt lat="50.281423616797824" lon="3.5635747961877113">
    <name>87.2</name>
  </wpt>
  <wpt lat="50.28225070660875" lon="3.5641259743485074">
    <name>87.3</name>
  </wpt>
  <wpt lat="50.283032798956242" lon="3.564392768888708">
    <name>87.4</name>
  </wpt>
  <wpt lat="50.2838024802095" lon="3.5651084696420545">
    <name>87.5</name>
  </wpt>
  <wpt lat="50.283428432874544" lon="3.5663378059262736">
    <name>87.6</name>
  </wpt>
  <wpt lat="50.282959147360714" lon="3.5675381403140802">
    <name>87.7</name>
  </wpt>
  <wpt lat="50.282771698352768" lon="3.5687274586867836">
    <name>87.8</name>
  </wpt>
  <wpt lat="50.28348675962463" lon="3.5695809775963552">
    <name>87.9</name>
  </wpt>
  <wpt lat="50.284326959323757" lon="3.5699559999999604">
    <name>88.0</name>
  </wpt>
  <wpt lat="50.285182358978972" lon="3.5703289738986737">
    <name>88.1</name>
  </wpt>
  <wpt lat="50.285993594941317" lon="3.5709335354292633">
    <name>88.2</name>
  </wpt>
  <wpt lat="50.286869491624152" lon="3.5712511801216986">
    <name>88.3</name>
  </wpt>
  <wpt lat="50.287750855636205" lon="3.5715140106101915">
    <name>88.4</name>
  </wpt>
  <wpt lat="50.288649563855351" lon="3.571565657822763">
    <name>88.5</name>
  </wpt>
  <wpt lat="50.289518644121777" lon="3.5718428428680973">
    <name>88.6</name>
  </wpt>
  <wpt lat="50.289793013141718" lon="3.5730322241674388">
    <name>88.7</name>
  </wpt>
  <wpt lat="50.290132034968437" lon="3.5741488548030738">
    <name>88.8</name>
  </wpt>
  <wpt lat="50.2910111416102" lon="3.574397141587291">
    <name>88.9</name>
  </wpt>
  <wpt lat="50.291405377278835" lon="3.57562398000452">
    <name>89.0</name>
  </wpt>
  <wpt lat="50.291247736647321" lon="3.5769787840575069">
    <name>89.1</name>
  </wpt>
  <wpt lat="50.290968000004526" lon="3.578313938520215">
    <name>89.2</name>
  </wpt>
  <wpt lat="50.291664538473611" lon="3.5789217181690072">
    <name>89.3</name>
  </wpt>
  <wpt lat="50.292552589031814" lon="3.5791438826227293">
    <name>89.4</name>
  </wpt>
  <wpt lat="50.292722205036817" lon="3.5778714512355569">
    <name>89.5</name>
  </wpt>
  <wpt lat="50.292998385140258" lon="3.5765432424213444">
    <name>89.6</name>
  </wpt>
  <wpt lat="50.293546584420291" lon="3.5757377415520692">
    <name>89.7</name>
  </wpt>
  <wpt lat="50.294441701392707" lon="3.57576532564168">
    <name>89.8</name>
  </wpt>
  <wpt lat="50.29521473680029" lon="3.5762643650762462">
    <name>89.9</name>
  </wpt>
  <wpt lat="50.296006369084772" lon="3.5769049379968241">
    <name>90.0</name>
  </wpt>
  <wpt lat="50.296849966688512" lon="3.5773816309534316">
    <name>90.1</name>
  </wpt>
  <wpt lat="50.2975834883843" lon="3.5781897634603665">
    <name>90.2</name>
  </wpt>
  <wpt lat="50.298282609548941" lon="3.579075296325728">
    <name>90.3</name>
  </wpt>
  <wpt lat="50.298977633771059" lon="3.5799687399077094">
    <name>90.4</name>
  </wpt>
  <wpt lat="50.299678952802587" lon="3.5808498371505455">
    <name>90.5</name>
  </wpt>
  <wpt lat="50.3003363844747" lon="3.5817934636987379">
    <name>90.6</name>
  </wpt>
  <wpt lat="50.300757257045191" lon="3.5830375908340404">
    <name>90.7</name>
  </wpt>
  <wpt lat="50.301259970590536" lon="3.5842047182257475">
    <name>90.8</name>
  </wpt>
  <wpt lat="50.30176561149019" lon="3.5853690458932306">
    <name>90.9</name>
  </wpt>
  <wpt lat="50.30228270170484" lon="3.5865204657820158">
    <name>91.0</name>
  </wpt>
  <wpt lat="50.302867636530451" lon="3.5875873166589565">
    <name>91.1</name>
  </wpt>
  <wpt lat="50.30348616451316" lon="3.5886094180243235">
    <name>91.2</name>
  </wpt>
  <wpt lat="50.304047183841448" lon="3.5876245241591773">
    <name>91.3</name>
  </wpt>
  <wpt lat="50.304619629026917" lon="3.5865392376913596">
    <name>91.4</name>
  </wpt>
  <wpt lat="50.305218384938314" lon="3.5854886344522661">
    <name>91.5</name>
  </wpt>
  <wpt lat="50.305855877415716" lon="3.5844977252913761">
    <name>91.6</name>
  </wpt>
  <wpt lat="50.306432833276929" lon="3.58341766478176">
    <name>91.7</name>
  </wpt>
  <wpt lat="50.307005973532718" lon="3.5823325658956278">
    <name>91.8</name>
  </wpt>
  <wpt lat="50.30758856256827" lon="3.581260256022516">
    <name>91.9</name>
  </wpt>
  <wpt lat="50.308322921973222" lon="3.5804632368198321">
    <name>92.0</name>
  </wpt>
  <wpt lat="50.309122842794835" lon="3.5798198360519038">
    <name>92.1</name>
  </wpt>
  <wpt lat="50.309911963389546" lon="3.5791449675949156">
    <name>92.2</name>
  </wpt>
  <wpt lat="50.310695746065626" lon="3.5784544563637204">
    <name>92.3</name>
  </wpt>
  <wpt lat="50.311383489620091" lon="3.577555674838599">
    <name>92.4</name>
  </wpt>
  <wpt lat="50.312019606705505" lon="3.5765604293698106">
    <name>92.5</name>
  </wpt>
  <wpt lat="50.312773278477273" lon="3.5758316735858191">
    <name>92.6</name>
  </wpt>
  <wpt lat="50.313576610317796" lon="3.57519938987713">
    <name>92.7</name>
  </wpt>
  <wpt lat="50.314249969456768" lon="3.5742793037824421">
    <name>92.8</name>
  </wpt>
  <wpt lat="50.315093976249223" lon="3.574483592771704">
    <name>92.9</name>
  </wpt>
  <wpt lat="50.315927660877044" lon="3.574778935173907">
    <name>93.0</name>
  </wpt>
  <wpt lat="50.316819032564439" lon="3.5745922262042766">
    <name>93.1</name>
  </wpt>
  <wpt lat="50.317710122403113" lon="3.574752901603889">
    <name>93.2</name>
  </wpt>
  <wpt lat="50.318600764811826" lon="3.5749339999999492">
    <name>93.3</name>
  </wpt>
  <wpt lat="50.319477340961846" lon="3.5746526478826572">
    <name>93.4</name>
  </wpt>
  <wpt lat="50.320367668340246" lon="3.5744829999999723">
    <name>93.5</name>
  </wpt>
  <wpt lat="50.321203689611018" lon="3.5749651103589328">
    <name>93.6</name>
  </wpt>
  <wpt lat="50.322095490098079" lon="3.5750630000000267">
    <name>93.7</name>
  </wpt>
  <wpt lat="50.322994342860994" lon="3.5750402205956515">
    <name>93.8</name>
  </wpt>
  <wpt lat="50.323887195551507" lon="3.5748833982022168">
    <name>93.9</name>
  </wpt>
  <wpt lat="50.324776342832187" lon="3.5746731854272142">
    <name>94.0</name>
  </wpt>
  <wpt lat="50.325673275086409" lon="3.5745705703263138">
    <name>94.1</name>
  </wpt>
  <wpt lat="50.32655189024134" lon="3.57472588994481">
    <name>94.2</name>
  </wpt>
  <wpt lat="50.3273753460958" lon="3.5752560111260903">
    <name>94.3</name>
  </wpt>
  <wpt lat="50.32825164827824" lon="3.5753744248304642">
    <name>94.4</name>
  </wpt>
  <wpt lat="50.329136082413193" lon="3.5751282738022518">
    <name>94.5</name>
  </wpt>
  <wpt lat="50.330033889251212" lon="3.5750839999999826">
    <name>94.6</name>
  </wpt>
  <wpt lat="50.330931845456057" lon="3.575155390237962">
    <name>94.7</name>
  </wpt>
  <wpt lat="50.334238622861122" lon="3.5889558674331319">
    <name>96.43</name>
  </wpt>
  <wpt lat="50.333744150806382" lon="3.58977093577047">
    <name>96.5</name>
  </wpt>
  <wpt lat="50.333736591717553" lon="3.5910615126287024">
    <name>96.6</name>
  </wpt>
  <wpt lat="50.333386104440827" lon="3.5923583473869418">
    <name>96.7</name>
  </wpt>
  <wpt lat="50.333037803664396" lon="3.5936572780330094">
    <name>96.8</name>
  </wpt>
  <wpt lat="50.332677840058821" lon="3.5949480760576509">
    <name>96.9</name>
  </wpt>
  <wpt lat="50.332320995291113" lon="3.5962412830536437">
    <name>97.0</name>
  </wpt>
  <wpt lat="50.331964150523525" lon="3.5975344803371891">
    <name>97.1</name>
  </wpt>
  <wpt lat="50.331554650764346" lon="3.5987775926058374">
    <name>97.2</name>
  </wpt>
  <wpt lat="50.330941402504806" lon="3.5998075530057956">
    <name>97.3</name>
  </wpt>
  <wpt lat="50.330494975548817" lon="3.6010254954057794">
    <name>97.4</name>
  </wpt>
  <wpt lat="50.33016016177222" lon="3.602325113167685">
    <name>97.5</name>
  </wpt>
  <wpt lat="50.330027682133213" lon="3.6037175059670106">
    <name>97.6</name>
  </wpt>
  <wpt lat="50.32978359355269" lon="3.6050647578636417">
    <name>97.7</name>
  </wpt>
  <wpt lat="50.329214814377387" lon="3.606151779116411">
    <name>97.8</name>
  </wpt>
  <wpt lat="50.328617752512287" lon="3.6072051833185674">
    <name>97.9</name>
  </wpt>
  <wpt lat="50.328479490493919" lon="3.6085330956429993">
    <name>98.0</name>
  </wpt>
  <wpt lat="50.328224526736854" lon="3.6098839064047525">
    <name>98.1</name>
  </wpt>
  <wpt lat="50.328355326033282" lon="3.611170709987868">
    <name>98.2</name>
  </wpt>
  <wpt lat="50.328885877224415" lon="3.612308193550946">
    <name>98.3</name>
  </wpt>
  <wpt lat="50.32941681522005" lon="3.6134452469165748">
    <name>98.4</name>
  </wpt>
  <wpt lat="50.329940863617963" lon="3.6145897966144807">
    <name>98.5</name>
  </wpt>
  <wpt lat="50.330255857012759" lon="3.6159011538310937">
    <name>98.6</name>
  </wpt>
  <wpt lat="50.330501442698591" lon="3.617256408194137">
    <name>98.7</name>
  </wpt>
  <wpt lat="50.330747028384351" lon="3.61861166956183">
    <name>98.8</name>
  </wpt>
  <wpt lat="50.331099829490341" lon="3.6199010823681927">
    <name>98.9</name>
  </wpt>
  <wpt lat="50.331664483670508" lon="3.6209954695228146">
    <name>99.0</name>
  </wpt>
  <wpt lat="50.332252921285715" lon="3.6220608737745841">
    <name>99.1</name>
  </wpt>
  <wpt lat="50.332841358900822" lon="3.6231262912212281">
    <name>99.2</name>
  </wpt>
  <wpt lat="50.333429796515823" lon="3.6241917218631539">
    <name>99.3</name>
  </wpt>
  <wpt lat="50.333964617777063" lon="3.6253213919076686">
    <name>99.4</name>
  </wpt>
  <wpt lat="50.334449306995381" lon="3.6265081735682752">
    <name>99.5</name>
  </wpt>
  <wpt lat="50.33492848059452" lon="3.6277004461770579">
    <name>99.6</name>
  </wpt>
  <wpt lat="50.335406926263317" lon="3.6288934538446984">
    <name>99.7</name>
  </wpt>
  <wpt lat="50.335885371932015" lon="3.6300864735271">
    <name>99.8</name>
  </wpt>
  <wpt lat="50.336408325582475" lon="3.6312303349961268">
    <name>99.9</name>
  </wpt>
  <wpt lat="50.337000262393644" lon="3.6322891784852946">
    <name>100.0</name>
  </wpt>
  <wpt lat="50.337597437730921" lon="3.6333427000758722">
    <name>100.1</name>
  </wpt>
  <wpt lat="50.338227828982262" lon="3.6343471859251926">
    <name>100.2</name>
  </wpt>
  <wpt lat="50.338760757122841" lon="3.6354738074942503">
    <name>100.3</name>
  </wpt>
  <wpt lat="50.339225869029974" lon="3.6366797331693541">
    <name>100.4</name>
  </wpt>
  <wpt lat="50.3395541091161" lon="3.6377482927440834">
    <name>100.5</name>
  </wpt>
  <wpt lat="50.340218911400974" lon="3.6386972491969076">
    <name>100.6</name>
  </wpt>
  <wpt lat="50.340216918684604" lon="3.6395765301458773">
    <name>100.7</name>
  </wpt>
  <wpt lat="50.340320314668134" lon="3.6409753867704007">
    <name>100.8</name>
  </wpt>
  <wpt lat="50.340632434845027" lon="3.6422933110401932">
    <name>100.9</name>
  </wpt>
  <wpt lat="50.340686000942043" lon="3.6436951950053111">
    <name>101.0</name>
  </wpt>
  <wpt lat="50.341150642194904" lon="3.6447400382920385">
    <name>101.1</name>
  </wpt>
  <wpt lat="50.3420452307128" lon="3.6448563647234598">
    <name>101.2</name>
  </wpt>
  <wpt lat="50.342941064950367" lon="3.64484653309481">
    <name>101.3</name>
  </wpt>
  <wpt lat="50.34364141557144" lon="3.6443603237955458">
    <name>101.4</name>
  </wpt>
  <wpt lat="50.344087494838092" lon="3.6439276551467938">
    <name>101.5</name>
  </wpt>
  <wpt lat="50.344141000009969" lon="3.6425215446717156">
    <name>101.6</name>
  </wpt>
  <wpt lat="50.344286834748765" lon="3.6411904688508585">
    <name>101.7</name>
  </wpt>
  <wpt lat="50.344478587518608" lon="3.6398180962971405">
    <name>101.8</name>
  </wpt>
  <wpt lat="50.345066950313942" lon="3.639109738764271">
    <name>101.9</name>
  </wpt>
  <wpt lat="50.345947750785271" lon="3.6388255379269463">
    <name>102.0</name>
  </wpt>
  <wpt lat="50.3468293421455" lon="3.6385470811773812">
    <name>102.1</name>
  </wpt>
  <wpt lat="50.347710830134453" lon="3.6382678156229384">
    <name>102.2</name>
  </wpt>
  <wpt lat="50.348599814743594" lon="3.6380658090238374">
    <name>102.3</name>
  </wpt>
  <wpt lat="50.349497964201944" lon="3.6380046473079375">
    <name>102.4</name>
  </wpt>
  <wpt lat="50.35039439666604" lon="3.6380984310928279">
    <name>102.5</name>
  </wpt>
  <wpt lat="50.351282500193868" lon="3.6383146127107837">
    <name>102.6</name>
  </wpt>
  <wpt lat="50.352149104229845" lon="3.6386874342579767">
    <name>102.7</name>
  </wpt>
  <wpt lat="50.352998247600233" lon="3.6391492071435181">
    <name>102.8</name>
  </wpt>
  <wpt lat="50.353839341692449" lon="3.6396481327203332">
    <name>102.9</name>
  </wpt>
  <wpt lat="50.354680435784644" lon="3.6401470671362408">
    <name>103.0</name>
  </wpt>
  <wpt lat="50.355521412253381" lon="3.6406464962049383">
    <name>103.1</name>
  </wpt>
  <wpt lat="50.356361916556395" lon="3.6411478839070441">
    <name>103.2</name>
  </wpt>
  <wpt lat="50.357202420859373" lon="3.6416492804864089">
    <name>103.3</name>
  </wpt>
  <wpt lat="50.358048077426382" lon="3.6421244960141985">
    <name>103.4</name>
  </wpt>
  <wpt lat="50.358922746972276" lon="3.64245228460428">
    <name>103.5</name>
  </wpt>
  <wpt lat="50.359711207264091" lon="3.6431156334158659">
    <name>103.6</name>
  </wpt>
  <wpt lat="50.360369454205518" lon="3.6440716521651733">
    <name>103.7</name>
  </wpt>
  <wpt lat="50.360994865341965" lon="3.6450846599372384">
    <name>103.8</name>
  </wpt>
  <wpt lat="50.361639048464575" lon="3.6460660554004725">
    <name>103.9</name>
  </wpt>
  <wpt lat="50.362457804103578" lon="3.646637463812846">
    <name>104.0</name>
  </wpt>
  <wpt lat="50.363311460704729" lon="3.6470662067845803">
    <name>104.1</name>
  </wpt>
  <wpt lat="50.364205560856341" lon="3.6471463692681891">
    <name>104.2</name>
  </wpt>
  <wpt lat="50.365097911002508" lon="3.6470283708289424">
    <name>104.3</name>
  </wpt>
  <wpt lat="50.365976637302936" lon="3.6471799118371324">
    <name>104.4</name>
  </wpt>
  <wpt lat="50.366810818140472" lon="3.6475985034020586">
    <name>104.5</name>
  </wpt>
  <wpt lat="50.367683531531789" lon="3.6479202357863207">
    <name>104.6</name>
  </wpt>
  <wpt lat="50.368510179293622" lon="3.6484704774473964">
    <name>104.7</name>
  </wpt>
  <wpt lat="50.369274881793473" lon="3.6492055663409793">
    <name>104.8</name>
  </wpt>
  <wpt lat="50.370067726850678" lon="3.649870726689441">
    <name>104.9</name>
  </wpt>
  <wpt lat="50.370811641878284" lon="3.6506625725605519">
    <name>105.0</name>
  </wpt>
  <wpt lat="50.371549355287804" lon="3.6514690056672996">
    <name>105.1</name>
  </wpt>
  <wpt lat="50.372287183294567" lon="3.6522751791391093">
    <name>105.2</name>
  </wpt>
  <wpt lat="50.373020897824873" lon="3.6530903154339596">
    <name>105.3</name>
  </wpt>
  <wpt lat="50.373754320020133" lon="3.6539063216687326">
    <name>105.4</name>
  </wpt>
  <wpt lat="50.37454682859449" lon="3.6545634992116991">
    <name>105.5</name>
  </wpt>
  <wpt lat="50.375392841135742" lon="3.6550412001368726">
    <name>105.6</name>
  </wpt>
  <wpt lat="50.376242899618838" lon="3.6555015130744333">
    <name>105.7</name>
  </wpt>
  <wpt lat="50.37709295810189" lon="3.65596183426047">
    <name>105.8</name>
  </wpt>
  <wpt lat="50.377943016584915" lon="3.6564221636953897">
    <name>105.9</name>
  </wpt>
  <wpt lat="50.378793075067918" lon="3.6568825013796">
    <name>106.0</name>
  </wpt>
  <wpt lat="50.3796431335509" lon="3.6573428473135072">
    <name>106.1</name>
  </wpt>
  <wpt lat="50.380508449098677" lon="3.6577144533503056">
    <name>106.2</name>
  </wpt>
  <wpt lat="50.38139076627639" lon="3.6579872492884977">
    <name>106.3</name>
  </wpt>
  <wpt lat="50.382272719602632" lon="3.6582630840923933">
    <name>106.4</name>
  </wpt>
  <wpt lat="50.3831441542923" lon="3.6586111899682772">
    <name>106.5</name>
  </wpt>
  <wpt lat="50.384018571851939" lon="3.6589405958720427">
    <name>106.6</name>
  </wpt>
  <wpt lat="50.384891852073267" lon="3.6592773959578295">
    <name>106.7</name>
  </wpt>
  <wpt lat="50.385764616698928" lon="3.6596176231115396">
    <name>106.8</name>
  </wpt>
  <wpt lat="50.386613698561113" lon="3.6600676522432813">
    <name>106.9</name>
  </wpt>
  <wpt lat="50.387413165449608" lon="3.6607122476670373">
    <name>107.0</name>
  </wpt>
  <wpt lat="50.388222227741004" lon="3.6613281314232018">
    <name>107.1</name>
  </wpt>
  <wpt lat="50.389031290032349" lon="3.6619440256877156">
    <name>107.2</name>
  </wpt>
  <wpt lat="50.389859732482421" lon="3.6624915345532085">
    <name>107.3</name>
  </wpt>
  <wpt lat="50.390724711298496" lon="3.6628616317615315">
    <name>107.4</name>
  </wpt>
  <wpt lat="50.391622292906149" lon="3.6629326118137042">
    <name>107.5</name>
  </wpt>
  <wpt lat="50.392521422068796" lon="3.6629455547561056">
    <name>107.6</name>
  </wpt>
  <wpt lat="50.393420689766444" lon="3.6629319999999663">
    <name>107.7</name>
  </wpt>
  <wpt lat="50.394314190024147" lon="3.6630781567110526">
    <name>107.8</name>
  </wpt>
  <wpt lat="50.395187534508985" lon="3.6634038135131384">
    <name>107.9</name>
  </wpt>
  <wpt lat="50.396029317779082" lon="3.663899719367119">
    <name>108.0</name>
  </wpt>
  <wpt lat="50.396851092060011" lon="3.6644708544841484">
    <name>108.1</name>
  </wpt>
  <wpt lat="50.397650105894918" lon="3.6651177299391624">
    <name>108.2</name>
  </wpt>
  <wpt lat="50.398484299788457" lon="3.6656257703573192">
    <name>108.3</name>
  </wpt>
  <wpt lat="50.399355910137295" lon="3.6659719449665085">
    <name>108.4</name>
  </wpt>
  <wpt lat="50.400213618493382" lon="3.6663952501520458">
    <name>108.5</name>
  </wpt>
  <wpt lat="50.401076877100287" lon="3.6667798793301789">
    <name>108.6</name>
  </wpt>
  <wpt lat="50.40196797439733" lon="3.6666948316653127">
    <name>108.7</name>
  </wpt>
  <wpt lat="50.402464528512695" lon="3.6673793680788944">
    <name>108.8</name>
  </wpt>
  <wpt lat="50.402677467772911" lon="3.668750191272879">
    <name>108.9</name>
  </wpt>
  <wpt lat="50.402881060610966" lon="3.6701245071180275">
    <name>109.0</name>
  </wpt>
  <wpt lat="50.403086939735914" lon="3.6714979947133535">
    <name>109.1</name>
  </wpt>
  <wpt lat="50.403310246004011" lon="3.6728617318973513">
    <name>109.2</name>
  </wpt>
  <wpt lat="50.403506531849438" lon="3.6742379534037442">
    <name>109.3</name>
  </wpt>
  <wpt lat="50.403755684274039" lon="3.6755927370200641">
    <name>109.4</name>
  </wpt>
  <wpt lat="50.404059342218311" lon="3.6769159024394051">
    <name>109.5</name>
  </wpt>
  <wpt lat="50.404322454242084" lon="3.6782649759849391">
    <name>109.6</name>
  </wpt>
  <wpt lat="50.404594913612812" lon="3.6796090016216567">
    <name>109.7</name>
  </wpt>
  <wpt lat="50.40494842328286" lon="3.6809036317830492">
    <name>109.8</name>
  </wpt>
  <wpt lat="50.405191520857777" lon="3.68226072129846">
    <name>109.9</name>
  </wpt>
  <wpt lat="50.405812326051333" lon="3.6828300302106074">
    <name>110.0</name>
  </wpt>
  <wpt lat="50.40670664720195" lon="3.6826908080535294">
    <name>110.1</name>
  </wpt>
  <wpt lat="50.407558273126192" lon="3.68297303544003">
    <name>110.2</name>
  </wpt>
  <wpt lat="50.407641114155425" lon="3.6843242791076407">
    <name>110.3</name>
  </wpt>
  <wpt lat="50.408437857290934" lon="3.6848078568743818">
    <name>110.4</name>
  </wpt>
  <wpt lat="50.409218260757967" lon="3.6855069306101638">
    <name>110.5</name>
  </wpt>
  <wpt lat="50.409746059178168" lon="3.685024305778418">
    <name>110.6</name>
  </wpt>
  <wpt lat="50.409931548077687" lon="3.6839280930705973">
    <name>110.7</name>
  </wpt>
  <wpt lat="50.410821536617838" lon="3.6837782131238317">
    <name>110.8</name>
  </wpt>
  <wpt lat="50.411679346838504" lon="3.6841895978763173">
    <name>110.9</name>
  </wpt>
  <wpt lat="50.412446860917619" lon="3.6849153668206429">
    <name>111.0</name>
  </wpt>
  <wpt lat="50.413340940376983" lon="3.68501097178748">
    <name>111.1</name>
  </wpt>
  <wpt lat="50.414239798174052" lon="3.6850515537261459">
    <name>111.2</name>
  </wpt>
  <wpt lat="50.415137003571758" lon="3.6849689999999535">
    <name>111.3</name>
  </wpt>
  <wpt lat="50.4160355656726" lon="3.6850185370053814">
    <name>111.4</name>
  </wpt>
  <wpt lat="50.416933852519996" lon="3.6850657799948814">
    <name>111.5</name>
  </wpt>
  <wpt lat="50.4178284917556" lon="3.6849362071492222">
    <name>111.6</name>
  </wpt>
  <wpt lat="50.418703669332508" lon="3.6846263158604242">
    <name>111.7</name>
  </wpt>
  <wpt lat="50.41954496152001" lon="3.6841378038802821">
    <name>111.8</name>
  </wpt>
  <wpt lat="50.420224689925789" lon="3.6832333948841431">
    <name>111.9</name>
  </wpt>
  <wpt lat="50.420853065047119" lon="3.6822236555365797">
    <name>112.0</name>
  </wpt>
  <wpt lat="50.42148226070892" lon="3.6812186213261477">
    <name>112.1</name>
  </wpt>
  <wpt lat="50.4221910077289" lon="3.68035217085537">
    <name>112.2</name>
  </wpt>
  <wpt lat="50.422984369404851" lon="3.6797042639701867">
    <name>112.3</name>
  </wpt>
  <wpt lat="50.423849514982159" lon="3.67932459938021">
    <name>112.4</name>
  </wpt>
  <wpt lat="50.424739070976372" lon="3.6791348209189345">
    <name>112.5</name>
  </wpt>
  <wpt lat="50.425636314796087" lon="3.6791762206366294">
    <name>112.6</name>
  </wpt>
  <wpt lat="50.426520869701733" lon="3.6794207763097071">
    <name>112.7</name>
  </wpt>
  <wpt lat="50.427400263353832" lon="3.6797158618019696">
    <name>112.8</name>
  </wpt>
  <wpt lat="50.428267948537084" lon="3.6800739098689963">
    <name>112.9</name>
  </wpt>
  <wpt lat="50.428961865694824" lon="3.6809544172386297">
    <name>113.0</name>
  </wpt>
  <wpt lat="50.42971337118712" lon="3.6817295306507325">
    <name>113.1</name>
  </wpt>
  <wpt lat="50.430411520604906" lon="3.68261123036991">
    <name>113.2</name>
  </wpt>
  <wpt lat="50.431098537785765" lon="3.6835113048137149">
    <name>113.3</name>
  </wpt>
  <wpt lat="50.431842318199308" lon="3.6843047120497538">
    <name>113.4</name>
  </wpt>
  <wpt lat="50.432436950817966" lon="3.6845650052224044">
    <name>113.5</name>
  </wpt>
  <wpt lat="50.433237931111307" lon="3.6839501158222352">
    <name>113.6</name>
  </wpt>
  <wpt lat="50.434095868283606" lon="3.683538836330436">
    <name>113.7</name>
  </wpt>
  <wpt lat="50.43475968565992" lon="3.6838311825271819">
    <name>113.8</name>
  </wpt>
  <wpt lat="50.434974748613854" lon="3.6852020824162981">
    <name>113.9</name>
  </wpt>
  <wpt lat="50.435186551887796" lon="3.6865741681217434">
    <name>114.0</name>
  </wpt>
  <wpt lat="50.435411120539094" lon="3.6879408354146923">
    <name>114.1</name>
  </wpt>
  <wpt lat="50.435617158292516" lon="3.689314843992">
    <name>114.2</name>
  </wpt>
  <wpt lat="50.435839076736031" lon="3.6906829915806423">
    <name>114.3</name>
  </wpt>
  <wpt lat="50.436531911249993" lon="3.6914914376274717">
    <name>114.4</name>
  </wpt>
  <wpt lat="50.437337840771335" lon="3.6920776557167594">
    <name>114.5</name>
  </wpt>
  <wpt lat="50.438227970403368" lon="3.6922352067815818">
    <name>114.6</name>
  </wpt>
  <wpt lat="50.439026015446871" lon="3.6928744436481322">
    <name>114.7</name>
  </wpt>
  <wpt lat="50.439806061457283" lon="3.6935769420075428">
    <name>114.8</name>
  </wpt>
  <wpt lat="50.440616507537989" lon="3.694184618597407">
    <name>114.9</name>
  </wpt>
  <wpt lat="50.441459867363633" lon="3.694672206156608">
    <name>115.0</name>
  </wpt>
  <wpt lat="50.442325214572676" lon="3.695055002713179">
    <name>115.1</name>
  </wpt>
  <wpt lat="50.4431978870913" lon="3.6953962238083431">
    <name>115.2</name>
  </wpt>
  <wpt lat="50.444070761654864" lon="3.6957361727455513">
    <name>115.3</name>
  </wpt>
  <wpt lat="50.444944386488444" lon="3.6960713440385491">
    <name>115.4</name>
  </wpt>
  <wpt lat="50.445818011322011" lon="3.6964065215192266">
    <name>115.5</name>
  </wpt>
  <wpt lat="50.446691636155556" lon="3.6967417051878897">
    <name>115.6</name>
  </wpt>
  <wpt lat="50.447566764860092" lon="3.6970670315908003">
    <name>115.7</name>
  </wpt>
  <wpt lat="50.448440020806068" lon="3.6974043328705313">
    <name>115.8</name>
  </wpt>
  <wpt lat="50.449311046824668" lon="3.6977471443003371">
    <name>115.9</name>
  </wpt>
  <wpt lat="50.450180711586945" lon="3.6981065323148989">
    <name>116.0</name>
  </wpt>
  <wpt lat="50.451048018905773" lon="3.6984790091272148">
    <name>116.1</name>
  </wpt>
  <wpt lat="50.451844579851844" lon="3.6991164309524773">
    <name>116.2</name>
  </wpt>
  <wpt lat="50.452501684712573" lon="3.7000803312730235">
    <name>116.3</name>
  </wpt>
  <wpt lat="50.4531844308317" lon="3.7009986765709515">
    <name>116.4</name>
  </wpt>
  <wpt lat="50.453911588235464" lon="3.7018285067242167">
    <name>116.5</name>
  </wpt>
  <wpt lat="50.454683001409158" lon="3.702553379506194">
    <name>116.6</name>
  </wpt>
  <wpt lat="50.455500493019521" lon="3.7031398133170859">
    <name>116.7</name>
  </wpt>
  <wpt lat="50.456344266917654" lon="3.7036274919509871">
    <name>116.8</name>
  </wpt>
  <wpt lat="50.457211574697489" lon="3.7039986898457773">
    <name>116.9</name>
  </wpt>
  <wpt lat="50.458089466846666" lon="3.7043052112774522">
    <name>117.0</name>
  </wpt>
  <wpt lat="50.45896366409066" lon="3.7046367802073497">
    <name>117.1</name>
  </wpt>
  <wpt lat="50.459837861334634" lon="3.7049683552653874">
    <name>117.2</name>
  </wpt>
  <wpt lat="50.460717459420529" lon="3.7052558760371364">
    <name>117.3</name>
  </wpt>
  <wpt lat="50.461613085007407" lon="3.7051851989823121">
    <name>117.4</name>
  </wpt>
  <wpt lat="50.462510754913161" lon="3.7052609579759546">
    <name>117.5</name>
  </wpt>
  <wpt lat="50.463399158846194" lon="3.7054788806991592">
    <name>117.6</name>
  </wpt>
  <wpt lat="50.464287056251493" lon="3.7057033510679513">
    <name>117.7</name>
  </wpt>
  <wpt lat="50.465000657675894" lon="3.7062637824774471">
    <name>117.8</name>
  </wpt>
  <wpt lat="50.465298626524238" lon="3.7075964618666997">
    <name>117.9</name>
  </wpt>
  <wpt lat="50.46560775636307" lon="3.7089231938048495">
    <name>118.0</name>
  </wpt>
  <wpt lat="50.465891000081406" lon="3.7102571535278646">
    <name>118.1</name>
  </wpt>
  <wpt lat="50.466617807346715" lon="3.7099053950125045">
    <name>118.2</name>
  </wpt>
  <wpt lat="50.467373546997337" lon="3.7101886321991633">
    <name>118.3</name>
  </wpt>
  <wpt lat="50.468154538908991" lon="3.7108210135384638">
    <name>118.4</name>
  </wpt>
  <wpt lat="50.469050919843447" lon="3.7109019953268518">
    <name>118.5</name>
  </wpt>
  <wpt lat="50.469831628263456" lon="3.7115842551397984">
    <name>118.6</name>
  </wpt>
  <wpt lat="50.470570794149268" lon="3.7123877463222161">
    <name>118.7</name>
  </wpt>
  <wpt lat="50.471285468833237" lon="3.71324545215519">
    <name>118.8</name>
  </wpt>
  <wpt lat="50.472009062289786" lon="3.7140842390980091">
    <name>118.9</name>
  </wpt>
  <wpt lat="50.472731226103029" lon="3.7140656548244961">
    <name>119.0</name>
  </wpt>
  <wpt lat="50.473431082414137" lon="3.7131782452580366">
    <name>119.1</name>
  </wpt>
  <wpt lat="50.474130990318983" lon="3.7122909229600944">
    <name>119.2</name>
  </wpt>
  <wpt lat="50.474793690238307" lon="3.7113449352246946">
    <name>119.3</name>
  </wpt>
  <wpt lat="50.475282109366823" lon="3.7101606534558442">
    <name>119.4</name>
  </wpt>
  <wpt lat="50.475844242055807" lon="3.709064693759367">
    <name>119.5</name>
  </wpt>
  <wpt lat="50.4766455360134" lon="3.7089204011308721">
    <name>119.6</name>
  </wpt>
  <wpt lat="50.477404437590735" lon="3.7096786544550753">
    <name>119.7</name>
  </wpt>
  <wpt lat="50.4782137778229" lon="3.7100601212612236">
    <name>119.8</name>
  </wpt>
  <wpt lat="50.479050385193155" lon="3.7095416291991228">
    <name>119.9</name>
  </wpt>
  <wpt lat="50.479861652106273" lon="3.7099036470351203">
    <name>120.0</name>
  </wpt>
  <wpt lat="50.480620380798555" lon="3.7106623790655755">
    <name>120.1</name>
  </wpt>
  <wpt lat="50.481373886208715" lon="3.710823084365964">
    <name>120.2</name>
  </wpt>
  <wpt lat="50.481868665991634" lon="3.7096429011637913">
    <name>120.3</name>
  </wpt>
  <wpt lat="50.482363445774453" lon="3.708462705606105">
    <name>120.4</name>
  </wpt>
  <wpt lat="50.482858225557159" lon="3.7072824976926">
    <name>120.5</name>
  </wpt>
  <wpt lat="50.483353005339772" lon="3.7061022774228691">
    <name>120.6</name>
  </wpt>
  <wpt lat="50.483839937391416" lon="3.7049148506687271">
    <name>120.7</name>
  </wpt>
  <wpt lat="50.484297601606116" lon="3.7036982582057649">
    <name>120.8</name>
  </wpt>
  <wpt lat="50.484782065658024" lon="3.7025098467309276">
    <name>120.9</name>
  </wpt>
  <wpt lat="50.4851967975105" lon="3.7012582006201389">
    <name>121.0</name>
  </wpt>
  <wpt lat="50.485706153556961" lon="3.7010379330867846">
    <name>121.1</name>
  </wpt>
  <wpt lat="50.4864869919999" lon="3.7017376136459377">
    <name>121.2</name>
  </wpt>
  <wpt lat="50.487304978865247" lon="3.7023218338110255">
    <name>121.3</name>
  </wpt>
  <wpt lat="50.4881333534005" lon="3.7028720881199204">
    <name>121.4</name>
  </wpt>
  <wpt lat="50.488968065516865" lon="3.7033950604861996">
    <name>121.5</name>
  </wpt>
  <wpt lat="50.489812260444268" lon="3.7038700770298369">
    <name>121.6</name>
  </wpt>
  <wpt lat="50.490628129714338" lon="3.7044617911550684">
    <name>121.7</name>
  </wpt>
  <wpt lat="50.49143230328621" lon="3.705094607041902">
    <name>121.8</name>
  </wpt>
  <wpt lat="50.492235797608465" lon="3.7057295607416685">
    <name>121.9</name>
  </wpt>
  <wpt lat="50.493039116085846" lon="3.7063650758852629">
    <name>122.0</name>
  </wpt>
  <wpt lat="50.493842434563184" lon="3.7070006018355168">
    <name>122.1</name>
  </wpt>
  <wpt lat="50.494645753040466" lon="3.7076361385928376">
    <name>122.2</name>
  </wpt>
  <wpt lat="50.495468964363127" lon="3.7082010461655823">
    <name>122.3</name>
  </wpt>
  <wpt lat="50.496312205942125" lon="3.7086924053083541">
    <name>122.4</name>
  </wpt>
  <wpt lat="50.49713860429231" lon="3.7092426041647615">
    <name>122.5</name>
  </wpt>
  <wpt lat="50.497902157333975" lon="3.7099894691990452">
    <name>122.6</name>
  </wpt>
  <wpt lat="50.497949671124225" lon="3.7111153946328232">
    <name>122.7</name>
  </wpt>
  <wpt lat="50.498371410227108" lon="3.712364086094722">
    <name>122.8</name>
  </wpt>
  <wpt lat="50.498792089026914" lon="3.7136136809668683">
    <name>122.9</name>
  </wpt>
  <wpt lat="50.499460583178305" lon="3.71443359295312">
    <name>123.0</name>
  </wpt>
  <wpt lat="50.500328361068021" lon="3.7148046054676778">
    <name>123.1</name>
  </wpt>
  <wpt lat="50.501212590034328" lon="3.7146880000000366">
    <name>123.2</name>
  </wpt>
  <wpt lat="50.502106925467842" lon="3.7148331634043545">
    <name>123.3</name>
  </wpt>
  <wpt lat="50.50300124635887" lon="3.7149819138834319">
    <name>123.4</name>
  </wpt>
  <wpt lat="50.503894792490982" lon="3.7151418654672694">
    <name>123.5</name>
  </wpt>
  <wpt lat="50.504787294847006" lon="3.7153077648292214">
    <name>123.6</name>
  </wpt>
  <wpt lat="50.505657260350446" lon="3.7156320000000034">
    <name>123.7</name>
  </wpt>
  <wpt lat="50.506554050051044" lon="3.71561536779045">
    <name>123.8</name>
  </wpt>
  <wpt lat="50.50744171154485" lon="3.7153883993814425">
    <name>123.9</name>
  </wpt>
  <wpt lat="50.508224742890022" lon="3.7155848662511066">
    <name>124.0</name>
  </wpt>
  <wpt lat="50.508517754739607" lon="3.7169021250237746">
    <name>124.1</name>
  </wpt>
  <wpt lat="50.509381440446766" lon="3.716898556691592">
    <name>124.2</name>
  </wpt>
  <wpt lat="50.510150432382211" lon="3.7174011115289241">
    <name>124.3</name>
  </wpt>
  <wpt lat="50.510454202792396" lon="3.7187170729496737">
    <name>124.4</name>
  </wpt>
  <wpt lat="50.51103607779693" lon="3.71979073554465">
    <name>124.5</name>
  </wpt>
  <wpt lat="50.51145849079991" lon="3.7210219815636658">
    <name>124.6</name>
  </wpt>
  <wpt lat="50.512194966269433" lon="3.7218285878989938">
    <name>124.7</name>
  </wpt>
  <wpt lat="50.51304484228821" lon="3.7222701947381283">
    <name>124.8</name>
  </wpt>
  <wpt lat="50.513480995749113" lon="3.7234652702804927">
    <name>124.9</name>
  </wpt>
  <wpt lat="50.514271969066762" lon="3.7239578720681159">
    <name>125.0</name>
  </wpt>
  <wpt lat="50.515162958438644" lon="3.7241499386204295">
    <name>125.1</name>
  </wpt>
  <wpt lat="50.516054228983634" lon="3.7243387629416613">
    <name>125.2</name>
  </wpt>
  <wpt lat="50.516945499528632" lon="3.7245275908281679">
    <name>125.3</name>
  </wpt>
  <wpt lat="50.517828302060217" lon="3.7247950573666482">
    <name>125.4</name>
  </wpt>
  <wpt lat="50.518710310859113" lon="3.7250703724236351">
    <name>125.5</name>
  </wpt>
  <wpt lat="50.519591235766939" lon="3.7253538231865253">
    <name>125.6</name>
  </wpt>
  <wpt lat="50.520473454106231" lon="3.72562836661652">
    <name>125.7</name>
  </wpt>
  <wpt lat="50.52135567244553" lon="3.7259029151785561">
    <name>125.8</name>
  </wpt>
  <wpt lat="50.522237890784808" lon="3.7261774688728369">
    <name>125.9</name>
  </wpt>
  <wpt lat="50.523120109124093" lon="3.7264520276995658">
    <name>126.0</name>
  </wpt>
  <wpt lat="50.524002327463357" lon="3.7267265916591508">
    <name>126.1</name>
  </wpt>
  <wpt lat="50.524884545802614" lon="3.7270011607516924">
    <name>126.2</name>
  </wpt>
  <wpt lat="50.525766358218149" lon="3.727278942018311">
    <name>126.3</name>
  </wpt>
  <wpt lat="50.52664814516131" lon="3.7275569290067687">
    <name>126.4</name>
  </wpt>
  <wpt lat="50.527529932104464" lon="3.7278349211901665">
    <name>126.5</name>
  </wpt>
  <wpt lat="50.528411719047604" lon="3.7281129185688093">
    <name>126.6</name>
  </wpt>
  <wpt lat="50.52929381488174" lon="3.7283884696812724">
    <name>126.7</name>
  </wpt>
  <wpt lat="50.5301765405226" lon="3.7286589482488">
    <name>126.8</name>
  </wpt>
  <wpt lat="50.531056850684081" lon="3.7289481112256104">
    <name>126.9</name>
  </wpt>
  <wpt lat="50.531937877045223" lon="3.7292320343841254">
    <name>127.0</name>
  </wpt>
  <wpt lat="50.532818903406344" lon="3.7295159628449555">
    <name>127.1</name>
  </wpt>
  <wpt lat="50.533699267927304" lon="3.7298048008864271">
    <name>127.2</name>
  </wpt>
  <wpt lat="50.534577613705466" lon="3.7301086013124536">
    <name>127.3</name>
  </wpt>
  <wpt lat="50.535453489862071" lon="3.7304295592721588">
    <name>127.4</name>
  </wpt>
  <wpt lat="50.5363293541351" lon="3.7307506107428177">
    <name>127.5</name>
  </wpt>
  <wpt lat="50.53720641770235" lon="3.7310634633632325">
    <name>127.6</name>
  </wpt>
  <wpt lat="50.538083481269581" lon="3.73137632180106">
    <name>127.7</name>
  </wpt>
  <wpt lat="50.538959692747426" lon="3.7316950001016069">
    <name>127.8</name>
  </wpt>
  <wpt lat="50.539834806050244" lon="3.7320211029767409">
    <name>127.9</name>
  </wpt>
  <wpt lat="50.540709943739436" lon="3.7323470248617241">
    <name>128.0</name>
  </wpt>
  <wpt lat="50.541587385049759" lon="3.7326568923242491">
    <name>128.1</name>
  </wpt>
  <wpt lat="50.542463823233312" lon="3.7329740891196774">
    <name>128.2</name>
  </wpt>
  <wpt lat="50.543340261416859" lon="3.7332912918101746">
    <name>128.3</name>
  </wpt>
  <wpt lat="50.544215205969643" lon="3.733614408220796">
    <name>128.4</name>
  </wpt>
  <wpt lat="50.545091634674328" lon="3.733930295775036">
    <name>128.5</name>
  </wpt>
  <wpt lat="50.545965400609504" lon="3.7342650344912238">
    <name>128.6</name>
  </wpt>
  <wpt lat="50.546845371076877" lon="3.7345566296403363">
    <name>128.7</name>
  </wpt>
  <wpt lat="50.54772115203891" lon="3.73487820999551">
    <name>128.8</name>
  </wpt>
  <wpt lat="50.548592646103039" lon="3.7352272089077405">
    <name>128.9</name>
  </wpt>
  <wpt lat="50.54937834828921" lon="3.7356412509391612">
    <name>129.0</name>
  </wpt>
  <wpt lat="50.550265419867927" lon="3.7358037099134345">
    <name>129.1</name>
  </wpt>
  <wpt lat="50.551125674373715" lon="3.7362163277476319">
    <name>129.2</name>
  </wpt>
  <wpt lat="50.55198742366801" lon="3.7366194993904029">
    <name>129.3</name>
  </wpt>
  <wpt lat="50.552845005798638" lon="3.7370454114885279">
    <name>129.4</name>
  </wpt>
  <wpt lat="50.553639529786551" lon="3.737698529680598">
    <name>129.5</name>
  </wpt>
  <wpt lat="50.554292826538756" lon="3.73866429055276">
    <name>129.6</name>
  </wpt>
  <wpt lat="50.5548022171724" lon="3.7398290240165792">
    <name>129.7</name>
  </wpt>
  <wpt lat="50.555298432940496" lon="3.7410095524303557">
    <name>129.8</name>
  </wpt>
  <wpt lat="50.555789695690393" lon="3.7421951726582416">
    <name>129.9</name>
  </wpt>
  <wpt lat="50.556337883544231" lon="3.7433171835961021">
    <name>130.0</name>
  </wpt>
  <wpt lat="50.556931921416385" lon="3.7443799531875146">
    <name>130.1</name>
  </wpt>
  <wpt lat="50.557527363214945" lon="3.7454407981466158">
    <name>130.2</name>
  </wpt>
  <wpt lat="50.5581915862107" lon="3.7463909418236603">
    <name>130.3</name>
  </wpt>
  <wpt lat="50.558904113662877" lon="3.74725358328495">
    <name>130.4</name>
  </wpt>
  <wpt lat="50.5594658851392" lon="3.7483550786547153">
    <name>130.5</name>
  </wpt>
  <wpt lat="50.560001853191181" lon="3.7494918477870467">
    <name>130.6</name>
  </wpt>
  <wpt lat="50.560537631480528" lon="3.7506288109862402">
    <name>130.7</name>
  </wpt>
  <wpt lat="50.56107942489156" lon="3.7517587111212403">
    <name>130.8</name>
  </wpt>
  <wpt lat="50.561679695172614" lon="3.7527733185074315">
    <name>130.9</name>
  </wpt>
  <wpt lat="50.562521199187074" lon="3.7523825338029497">
    <name>131.0</name>
  </wpt>
  <wpt lat="50.563359857038641" lon="3.7520011979626795">
    <name>131.1</name>
  </wpt>
  <wpt lat="50.56392902825533" lon="3.7530487180493144">
    <name>131.2</name>
  </wpt>
  <wpt lat="50.564641541291259" lon="3.7538505412153245">
    <name>131.3</name>
  </wpt>
  <wpt lat="50.565309934911994" lon="3.7547759347533129">
    <name>131.4</name>
  </wpt>
  <wpt lat="50.5660796473155" lon="3.7552049129542913">
    <name>131.5</name>
  </wpt>
  <wpt lat="50.566848382502762" lon="3.754523761792226">
    <name>131.6</name>
  </wpt>
  <wpt lat="50.567427470637483" lon="3.7548001146792691">
    <name>131.7</name>
  </wpt>
  <wpt lat="50.567888050410886" lon="3.7560158728605506">
    <name>131.8</name>
  </wpt>
  <wpt lat="50.568393335024226" lon="3.75718137528967">
    <name>131.9</name>
  </wpt>
  <wpt lat="50.568957390078324" lon="3.7582827709831932">
    <name>132.0</name>
  </wpt>
  <wpt lat="50.569700601676274" lon="3.7590646252989171">
    <name>132.1</name>
  </wpt>
  <wpt lat="50.57051535003162" lon="3.7596458949828118">
    <name>132.2</name>
  </wpt>
  <wpt lat="50.571232286790924" lon="3.7605007484268689">
    <name>132.3</name>
  </wpt>
  <wpt lat="50.571950849125088" lon="3.7613518488570112">
    <name>132.4</name>
  </wpt>
  <wpt lat="50.572753449631634" lon="3.7619789160134931">
    <name>132.5</name>
  </wpt>
  <wpt lat="50.5736142082621" lon="3.7623869179297493">
    <name>132.6</name>
  </wpt>
  <wpt lat="50.574456271591032" lon="3.7628827217713821">
    <name>132.7</name>
  </wpt>
  <wpt lat="50.57533453935487" lon="3.763175068527091">
    <name>132.8</name>
  </wpt>
  <wpt lat="50.576182861067245" lon="3.7636147999157723">
    <name>132.9</name>
  </wpt>
  <wpt lat="50.577031884251056" lon="3.7640430158660338">
    <name>133.0</name>
  </wpt>
  <wpt lat="50.577889287596768" lon="3.7644409480188443">
    <name>133.1</name>
  </wpt>
  <wpt lat="50.578747898566711" lon="3.764856861578509">
    <name>133.2</name>
  </wpt>
  <wpt lat="50.579616271453659" lon="3.7652251970399364">
    <name>133.3</name>
  </wpt>
  <wpt lat="50.5804622214623" lon="3.7656960251525375">
    <name>133.4</name>
  </wpt>
  <wpt lat="50.581294344153676" lon="3.7662329778572938">
    <name>133.5</name>
  </wpt>
  <wpt lat="50.582134967955788" lon="3.7667361759259337">
    <name>133.6</name>
  </wpt>
  <wpt lat="50.582976227356745" lon="3.7672368367166946">
    <name>133.7</name>
  </wpt>
  <wpt lat="50.583817486757653" lon="3.7677375064515819">
    <name>133.8</name>
  </wpt>
  <wpt lat="50.584629360286044" lon="3.7683383364606642">
    <name>133.9</name>
  </wpt>
  <wpt lat="50.5853707549171" lon="3.7691380904997787">
    <name>134.0</name>
  </wpt>
  <wpt lat="50.586139971132262" lon="3.769870362583096">
    <name>134.1</name>
  </wpt>
  <wpt lat="50.586926320958788" lon="3.7705553063071613">
    <name>134.2</name>
  </wpt>
  <wpt lat="50.587749602516759" lon="3.7711253385772876">
    <name>134.3</name>
  </wpt>
  <wpt lat="50.588574006676083" lon="3.7716913497484632">
    <name>134.4</name>
  </wpt>
  <wpt lat="50.589399544401161" lon="3.7722532354522875">
    <name>134.5</name>
  </wpt>
  <wpt lat="50.590235371602446" lon="3.7727723125810351">
    <name>134.6</name>
  </wpt>
  <wpt lat="50.59109540358687" lon="3.7731842133751079">
    <name>134.7</name>
  </wpt>
  <wpt lat="50.591974904148792" lon="3.7734792435721296">
    <name>134.8</name>
  </wpt>
  <wpt lat="50.592857838296261" lon="3.7737484475460579">
    <name>134.9</name>
  </wpt>
  <wpt lat="50.593740039827154" lon="3.7735520832092329">
    <name>135.0</name>
  </wpt>
  <wpt lat="50.594594226708011" lon="3.7731089175080883">
    <name>135.1</name>
  </wpt>
  <wpt lat="50.595450301083488" lon="3.7726749447927328">
    <name>135.2</name>
  </wpt>
  <wpt lat="50.596314361151762" lon="3.7722935102480957">
    <name>135.3</name>
  </wpt>
  <wpt lat="50.597207903706575" lon="3.7723948536551464">
    <name>135.4</name>
  </wpt>
  <wpt lat="50.598098206206991" lon="3.7725950018194054">
    <name>135.5</name>
  </wpt>
  <wpt lat="50.598975287247413" lon="3.7728964110040697">
    <name>135.6</name>
  </wpt>
  <wpt lat="50.599804034980849" lon="3.7734373424161225">
    <name>135.7</name>
  </wpt>
  <wpt lat="50.600608354805047" lon="3.7740708676803356">
    <name>135.8</name>
  </wpt>
  <wpt lat="50.601415444981882" lon="3.7746958983826144">
    <name>135.9</name>
  </wpt>
  <wpt lat="50.602234832531288" lon="3.7752756926071931">
    <name>136.0</name>
  </wpt>
  <wpt lat="50.603078902082146" lon="3.7757646902653628">
    <name>136.1</name>
  </wpt>
  <wpt lat="50.603895198144869" lon="3.7763519163386863">
    <name>136.2</name>
  </wpt>
  <wpt lat="50.604665560480854" lon="3.7770827356066077">
    <name>136.3</name>
  </wpt>
  <wpt lat="50.605435319841668" lon="3.7778154100304997">
    <name>136.4</name>
  </wpt>
  <wpt lat="50.606213073251716" lon="3.7785268702212282">
    <name>136.5</name>
  </wpt>
  <wpt lat="50.606947033836775" lon="3.77934318642024">
    <name>136.6</name>
  </wpt>
  <wpt lat="50.60766495742859" lon="3.7801966446102235">
    <name>136.7</name>
  </wpt>
  <wpt lat="50.608382881020326" lon="3.7810501158230774">
    <name>136.8</name>
  </wpt>
  <wpt lat="50.609100804611984" lon="3.7819036000593105">
    <name>136.9</name>
  </wpt>
  <wpt lat="50.609818728203557" lon="3.7827570973194313">
    <name>137.0</name>
  </wpt>
  <wpt lat="50.610536651795051" lon="3.7836106076039488">
    <name>137.1</name>
  </wpt>
  <wpt lat="50.611254575386468" lon="3.7844641309134741">
    <name>137.2</name>
  </wpt>
  <wpt lat="50.611972498977792" lon="3.785317667248516">
    <name>137.3</name>
  </wpt>
  <wpt lat="50.612690654513351" lon="3.7861706544979916">
    <name>137.4</name>
  </wpt>
  <wpt lat="50.612976091209383" lon="3.7852243820059539">
    <name>137.5</name>
  </wpt>
  <wpt lat="50.613309812494556" lon="3.7839104136397457">
    <name>137.6</name>
  </wpt>
  <wpt lat="50.613563282194356" lon="3.7825567698170777">
    <name>137.7</name>
  </wpt>
  <wpt lat="50.613998021272955" lon="3.7813280244580363">
    <name>137.8</name>
  </wpt>
  <wpt lat="50.614523607303326" lon="3.7801780245908381">
    <name>137.9</name>
  </wpt>
  <wpt lat="50.614995545749316" lon="3.7789743358755645">
    <name>138.0</name>
  </wpt>
  <wpt lat="50.615357736885834" lon="3.7776817736328638">
    <name>138.1</name>
  </wpt>
  <wpt lat="50.61560980179987" lon="3.77632126159065">
    <name>138.2</name>
  </wpt>
  <wpt lat="50.615884444014817" lon="3.77497257541917">
    <name>138.3</name>
  </wpt>
  <wpt lat="50.616212937741366" lon="3.77365525268743">
    <name>138.4</name>
  </wpt>
  <wpt lat="50.616660126642365" lon="3.7724291805919266">
    <name>138.5</name>
  </wpt>
  <wpt lat="50.617225580947277" lon="3.7713274727005506">
    <name>138.6</name>
  </wpt>
  <wpt lat="50.617775631432956" lon="3.7702155445119589">
    <name>138.7</name>
  </wpt>
  <wpt lat="50.618203904747283" lon="3.7690360747208214">
    <name>138.8</name>
  </wpt>
  <wpt lat="50.618741757791312" lon="3.7679047617533055">
    <name>138.9</name>
  </wpt>
  <wpt lat="50.619371906208684" lon="3.7669069026141928">
    <name>139.0</name>
  </wpt>
  <wpt lat="50.619845732376625" lon="3.765711720575764">
    <name>139.1</name>
  </wpt>
  <wpt lat="50.620180496157921" lon="3.7643961257581635">
    <name>139.2</name>
  </wpt>
  <wpt lat="50.620563685777917" lon="3.7637138876983789">
    <name>139.3</name>
  </wpt>
  <wpt lat="50.62102407343302" lon="3.7649292052365566">
    <name>139.4</name>
  </wpt>
  <wpt lat="50.621610605581594" lon="3.7660023067534945">
    <name>139.5</name>
  </wpt>
  <wpt lat="50.622233711719559" lon="3.7670230346128615">
    <name>139.6</name>
  </wpt>
  <wpt lat="50.623030947350905" lon="3.7676677496236413">
    <name>139.7</name>
  </wpt>
  <wpt lat="50.623833743437487" lon="3.7683027417664925">
    <name>139.8</name>
  </wpt>
  <wpt lat="50.624575717118049" lon="3.7691015914532024">
    <name>139.9</name>
  </wpt>
  <wpt lat="50.625287315802119" lon="3.769968406050165">
    <name>140.0</name>
  </wpt>
  <wpt lat="50.625981993749164" lon="3.7708686993976559">
    <name>140.1</name>
  </wpt>
  <wpt lat="50.626502000078133" lon="3.7719468769679096">
    <name>140.2</name>
  </wpt>
  <wpt lat="50.626723317800646" lon="3.7723994669845742">
    <name>140.3</name>
  </wpt>
  <wpt lat="50.627522187981" lon="3.7728711879727137">
    <name>140.4</name>
  </wpt>
  <wpt lat="50.6273893443292" lon="3.7742425095768168">
    <name>140.5</name>
  </wpt>
  <wpt lat="50.627669396056326" lon="3.7749588118831774">
    <name>140.6</name>
  </wpt>
  <wpt lat="50.628173644304923" lon="3.7737872866564794">
    <name>140.7</name>
  </wpt>
  <wpt lat="50.628870691722071" lon="3.7746705756712498">
    <name>140.8</name>
  </wpt>
  <wpt lat="50.629569246480052" lon="3.7755619874556658">
    <name>140.9</name>
  </wpt>
  <wpt lat="50.630272929492655" lon="3.7764442805616181">
    <name>141.0</name>
  </wpt>
  <wpt lat="50.630950765386906" lon="3.7772423509916684">
    <name>141.1</name>
  </wpt>
  <wpt lat="50.631696060597356" lon="3.7768466325810457">
    <name>141.2</name>
  </wpt>
  <wpt lat="50.632377896756218" lon="3.7765551795103134">
    <name>141.3</name>
  </wpt>
  <wpt lat="50.632882433062917" lon="3.7776956240561144">
    <name>141.4</name>
  </wpt>
  <wpt lat="50.632935155259631" lon="3.7791093908483218">
    <name>141.5</name>
  </wpt>
  <wpt lat="50.632418002702089" lon="3.7801910304652724">
    <name>141.6</name>
  </wpt>
  <wpt lat="50.632604253044327" lon="3.7813384471421392">
    <name>141.7</name>
  </wpt>
  <wpt lat="50.633075589060965" lon="3.7825446016757094">
    <name>141.8</name>
  </wpt>
  <wpt lat="50.633572318285424" lon="3.783693132230356">
    <name>141.9</name>
  </wpt>
  <wpt lat="50.634449214188429" lon="3.7840077952939435">
    <name>142.0</name>
  </wpt>
  <wpt lat="50.635326789952224" lon="3.7843177051560613">
    <name>142.1</name>
  </wpt>
  <wpt lat="50.636168850614929" lon="3.7848028899376973">
    <name>142.2</name>
  </wpt>
  <wpt lat="50.636951042194333" lon="3.7854970421932888">
    <name>142.3</name>
  </wpt>
  <wpt lat="50.63762644043743" lon="3.78641726727384">
    <name>142.4</name>
  </wpt>
  <wpt lat="50.638213663472676" lon="3.7873413009430288">
    <name>142.5</name>
  </wpt>
  <wpt lat="50.638832988172027" lon="3.7883689398973455">
    <name>142.6</name>
  </wpt>
  <wpt lat="50.639434877854548" lon="3.7893411385159892">
    <name>142.7</name>
  </wpt>
  <wpt lat="50.640049251085145" lon="3.7903749219435907">
    <name>142.8</name>
  </wpt>
  <wpt lat="50.640722146555035" lon="3.7913140873662985">
    <name>142.9</name>
  </wpt>
  <wpt lat="50.641414734375843" lon="3.7922182503085189">
    <name>143.0</name>
  </wpt>
  <wpt lat="50.642126500084764" lon="3.7930850550241848">
    <name>143.1</name>
  </wpt>
  <wpt lat="50.642842154286221" lon="3.7939437815701305">
    <name>143.2</name>
  </wpt>
  <wpt lat="50.643550553976844" lon="3.7948174422209715">
    <name>143.3</name>
  </wpt>
  <wpt lat="50.644258683305083" lon="3.7956916609834361">
    <name>143.4</name>
  </wpt>
  <wpt lat="50.644966812633228" lon="3.7965658929207255">
    <name>143.5</name>
  </wpt>
  <wpt lat="50.645674941961282" lon="3.7974401380332461">
    <name>143.6</name>
  </wpt>
  <wpt lat="50.646389633462668" lon="3.7983009540397554">
    <name>143.7</name>
  </wpt>
  <wpt lat="50.647171489791084" lon="3.7989955233762909">
    <name>143.8</name>
  </wpt>
  <wpt lat="50.647944875568541" lon="3.7997152811380173">
    <name>143.9</name>
  </wpt>
  <wpt lat="50.648708724030733" lon="3.8004605472159647">
    <name>144.0</name>
  </wpt>
  <wpt lat="50.649402403047262" lon="3.8013622996056138">
    <name>144.1</name>
  </wpt>
  <wpt lat="50.65001589311435" lon="3.8023978776638918">
    <name>144.2</name>
  </wpt>
  <wpt lat="50.650618770700859" lon="3.8034503494698026">
    <name>144.3</name>
  </wpt>
  <wpt lat="50.6511871678317" lon="3.8045491770988979">
    <name>144.4</name>
  </wpt>
  <wpt lat="50.651782592211809" lon="3.8056054042310126">
    <name>144.5</name>
  </wpt>
  <wpt lat="50.65256637113572" lon="3.8062557629246823">
    <name>144.6</name>
  </wpt>
  <wpt lat="50.653371336662666" lon="3.8067873600687734">
    <name>144.7</name>
  </wpt>
  <wpt lat="50.654165374107436" lon="3.80743373255199">
    <name>144.8</name>
  </wpt>
  <wpt lat="50.654946575692428" lon="3.8081364763513954">
    <name>144.9</name>
  </wpt>
  <wpt lat="50.655727864729634" lon="3.8088389924100583">
    <name>145.0</name>
  </wpt>
  <wpt lat="50.656509153766805" lon="3.8095415201545375">
    <name>145.1</name>
  </wpt>
  <wpt lat="50.657266531469986" lon="3.8103022567930389">
    <name>145.2</name>
  </wpt>
  <wpt lat="50.657933641298655" lon="3.8112494681097067">
    <name>145.3</name>
  </wpt>
  <wpt lat="50.658522524377645" lon="3.8123214492636883">
    <name>145.4</name>
  </wpt>
  <wpt lat="50.659103454800366" lon="3.8134041986879192">
    <name>145.5</name>
  </wpt>
  <wpt lat="50.659688159106757" lon="3.8144820125491758">
    <name>145.6</name>
  </wpt>
  <wpt lat="50.66027200579429" lon="3.815560976194893">
    <name>145.7</name>
  </wpt>
  <wpt lat="50.66094074470309" lon="3.8163927707266154">
    <name>145.8</name>
  </wpt>
  <wpt lat="50.661826261131658" lon="3.8166403977765682">
    <name>145.9</name>
  </wpt>
  <wpt lat="50.662711161014975" lon="3.8168934146901554">
    <name>146.0</name>
  </wpt>
  <wpt lat="50.663459323982664" lon="3.817147446107152">
    <name>146.1</name>
  </wpt>
  <wpt lat="50.66434298778298" lon="3.8174109763056649">
    <name>146.2</name>
  </wpt>
  <wpt lat="50.66523367895153" lon="3.8175770000000289">
    <name>146.3</name>
  </wpt>
  <wpt lat="50.66610373891298" lon="3.8172717821271887">
    <name>146.4</name>
  </wpt>
  <wpt lat="50.666966399154092" lon="3.8169119999999692">
    <name>146.5</name>
  </wpt>
  <wpt lat="50.667800501499812" lon="3.8173470847515381">
    <name>146.6</name>
  </wpt>
  <wpt lat="50.668443701436914" lon="3.8183371651702056">
    <name>146.7</name>
  </wpt>
  <wpt lat="50.669094091556232" lon="3.8193170535756935">
    <name>146.8</name>
  </wpt>
  <wpt lat="50.669621931189852" lon="3.8204466459797644">
    <name>146.9</name>
  </wpt>
  <wpt lat="50.669847000144507" lon="3.8218101090913446">
    <name>147.0</name>
  </wpt>
  <wpt lat="50.669845100581433" lon="3.8232253368015767">
    <name>147.1</name>
  </wpt>
  <wpt lat="50.670254504033075" lon="3.82447664446145">
    <name>147.2</name>
  </wpt>
  <wpt lat="50.670703565141032" lon="3.8257060509279412">
    <name>147.3</name>
  </wpt>
  <wpt lat="50.671073844859919" lon="3.826998739306759">
    <name>147.4</name>
  </wpt>
  <wpt lat="50.671358643754026" lon="3.8283431633321223">
    <name>147.5</name>
  </wpt>
  <wpt lat="50.671592570847032" lon="3.8297132954842938">
    <name>147.6</name>
  </wpt>
  <wpt lat="50.671836193820205" lon="3.8310792387973">
    <name>147.7</name>
  </wpt>
  <wpt lat="50.672070386550175" lon="3.8324491963355949">
    <name>147.8</name>
  </wpt>
  <wpt lat="50.6723131176095" lon="3.8338153821030478">
    <name>147.9</name>
  </wpt>
  <wpt lat="50.672833698083025" lon="3.8349369727932512">
    <name>148.0</name>
  </wpt>
  <wpt lat="50.673580997785884" lon="3.8357250099905369">
    <name>148.1</name>
  </wpt>
  <wpt lat="50.674337408843428" lon="3.8364925459888122">
    <name>148.2</name>
  </wpt>
  <wpt lat="50.675097293117872" lon="3.8372507584301148">
    <name>148.3</name>
  </wpt>
  <wpt lat="50.675849671609441" lon="3.8380280149324286">
    <name>148.4</name>
  </wpt>
  <wpt lat="50.676601073849156" lon="3.8388077816751589">
    <name>148.5</name>
  </wpt>
  <wpt lat="50.677358445102527" lon="3.8395729637024734">
    <name>148.6</name>
  </wpt>
  <wpt lat="50.678117823887717" lon="3.8403332650636961">
    <name>148.7</name>
  </wpt>
  <wpt lat="50.678875504045976" lon="3.8410977917655544">
    <name>148.8</name>
  </wpt>
  <wpt lat="50.679633184204157" lon="3.8418623308105091">
    <name>148.9</name>
  </wpt>
  <wpt lat="50.68039080033229" lon="3.8426270392314512">
    <name>149.0</name>
  </wpt>
  <wpt lat="50.68114453637935" lon="3.8434012516970397">
    <name>149.1</name>
  </wpt>
  <wpt lat="50.681897536320335" lon="3.8441772585566718">
    <name>149.2</name>
  </wpt>
  <wpt lat="50.682658630394215" lon="3.8449263151826409">
    <name>149.3</name>
  </wpt>
  <wpt lat="50.6834055163991" lon="3.8457145893686029">
    <name>149.4</name>
  </wpt>
  <wpt lat="50.684149849482004" lon="3.8465111886846359">
    <name>149.5</name>
  </wpt>
  <wpt lat="50.684894182564847" lon="3.847307800637394">
    <name>149.6</name>
  </wpt>
  <wpt lat="50.685639156743491" lon="3.848102925215104">
    <name>149.7</name>
  </wpt>
  <wpt lat="50.686385817301868" lon="3.8488941178473044">
    <name>149.8</name>
  </wpt>
  <wpt lat="50.687130716271746" lon="3.8496894462719036">
    <name>149.9</name>
  </wpt>
  <wpt lat="50.687875370716114" lon="3.8504853601749418">
    <name>150.0</name>
  </wpt>
  <wpt lat="50.688622040499475" lon="3.8512765405187008">
    <name>150.1</name>
  </wpt>
  <wpt lat="50.689378658020331" lon="3.8520437270821044">
    <name>150.2</name>
  </wpt>
  <wpt lat="50.690164234931352" lon="3.8527334054836824">
    <name>150.3</name>
  </wpt>
  <wpt lat="50.690956576344554" lon="3.8534046962008648">
    <name>150.4</name>
  </wpt>
  <wpt lat="50.691754565918707" lon="3.8540591195976179">
    <name>150.5</name>
  </wpt>
  <wpt lat="50.692351055487677" lon="3.8543840091487471">
    <name>150.6</name>
  </wpt>
  <wpt lat="50.69313628126951" lon="3.8536919601730006">
    <name>150.7</name>
  </wpt>
  <wpt lat="50.693923913829742" lon="3.8530067974616893">
    <name>150.8</name>
  </wpt>
  <wpt lat="50.694709480976933" lon="3.8523163514866217">
    <name>150.9</name>
  </wpt>
  <wpt lat="50.695486853100348" lon="3.8516026597194948">
    <name>151.0</name>
  </wpt>
  <wpt lat="50.696269619386548" lon="3.850904004862052">
    <name>151.1</name>
  </wpt>
  <wpt lat="50.697049359693231" lon="3.8501965982561028">
    <name>151.2</name>
  </wpt>
  <wpt lat="50.697829099999851" lon="3.8494891798891242">
    <name>151.3</name>
  </wpt>
  <wpt lat="50.698617765998542" lon="3.8488074460254218">
    <name>151.4</name>
  </wpt>
  <wpt lat="50.699395938068285" lon="3.8480957884139486">
    <name>151.5</name>
  </wpt>
  <wpt lat="50.700176007763609" lon="3.8473892626261312">
    <name>151.6</name>
  </wpt>
  <wpt lat="50.700959824733467" lon="3.8466932141145769">
    <name>151.7</name>
  </wpt>
  <wpt lat="50.701737301826313" lon="3.8459795795957041">
    <name>151.8</name>
  </wpt>
  <wpt lat="50.702504219403515" lon="3.84523968057656">
    <name>151.9</name>
  </wpt>
  <wpt lat="50.703250683143963" lon="3.8444483170621635">
    <name>152.0</name>
  </wpt>
  <wpt lat="50.704045801557385" lon="3.8437852618626951">
    <name>152.1</name>
  </wpt>
  <wpt lat="50.704872194376222" lon="3.84323228886726">
    <name>152.2</name>
  </wpt>
  <wpt lat="50.705727457908814" lon="3.8427934959816925">
    <name>152.3</name>
  </wpt>
  <wpt lat="50.70657648490343" lon="3.842326934648538">
    <name>152.4</name>
  </wpt>
  <wpt lat="50.707400032159825" lon="3.8417581962522793">
    <name>152.5</name>
  </wpt>
  <wpt lat="50.708269123703268" lon="3.8414082976755273">
    <name>152.6</name>
  </wpt>
  <wpt lat="50.709134088680656" lon="3.8413043529134634">
    <name>152.7</name>
  </wpt>
  <wpt lat="50.709664496921569" lon="3.8402435082148116">
    <name>152.8</name>
  </wpt>
  <wpt lat="50.710088951387796" lon="3.8389975549559474">
    <name>152.9</name>
  </wpt>
  <wpt lat="50.7103395408067" lon="3.8376504518937034">
    <name>153.0</name>
  </wpt>
  <wpt lat="50.711066893521021" lon="3.8368251064796839">
    <name>153.1</name>
  </wpt>
  <wpt lat="50.711711931786127" lon="3.8370490121011462">
    <name>153.2</name>
  </wpt>
  <wpt lat="50.712534740439011" lon="3.8374793436112467">
    <name>153.3</name>
  </wpt>
  <wpt lat="50.713416449001294" lon="3.8377544254482858">
    <name>153.4</name>
  </wpt>
  <wpt lat="50.714298524091504" lon="3.8380286806457287">
    <name>153.5</name>
  </wpt>
  <wpt lat="50.715178058148609" lon="3.8382774158054107">
    <name>153.6</name>
  </wpt>
  <wpt lat="50.716036756641131" lon="3.8386988761053713">
    <name>153.7</name>
  </wpt>
  <wpt lat="50.716897586105361" lon="3.8391065171924317">
    <name>153.8</name>
  </wpt>
  <wpt lat="50.717785078668832" lon="3.8393154115109827">
    <name>153.9</name>
  </wpt>
  <wpt lat="50.718633526716296" lon="3.8397847249479771">
    <name>154.0</name>
  </wpt>
  <wpt lat="50.719474951412089" lon="3.8402861466345897">
    <name>154.1</name>
  </wpt>
  <wpt lat="50.720268651455896" lon="3.8409300641158381">
    <name>154.2</name>
  </wpt>
  <wpt lat="50.720872208994649" lon="3.8419809939378489">
    <name>154.3</name>
  </wpt>
  <wpt lat="50.7214398078972" lon="3.8430820170608908">
    <name>154.4</name>
  </wpt>
  <wpt lat="50.7218782650257" lon="3.8443032234740233">
    <name>154.5</name>
  </wpt>
  <wpt lat="50.72209458964965" lon="3.8456808196269381">
    <name>154.6</name>
  </wpt>
  <wpt lat="50.722384357077509" lon="3.8470249305270494">
    <name>154.7</name>
  </wpt>
  <wpt lat="50.722707893711039" lon="3.8483503664413785">
    <name>154.8</name>
  </wpt>
  <wpt lat="50.723026829396439" lon="3.8496786012452517">
    <name>154.9</name>
  </wpt>
  <wpt lat="50.723477742559183" lon="3.8508853563829617">
    <name>155.0</name>
  </wpt>
  <wpt lat="50.7241569712889" lon="3.8518163695187457">
    <name>155.1</name>
  </wpt>
  <wpt lat="50.724830976192123" lon="3.8527568896854385">
    <name>155.2</name>
  </wpt>
  <wpt lat="50.725506564296126" lon="3.8536945821549029">
    <name>155.3</name>
  </wpt>
  <wpt lat="50.726213243106606" lon="3.8545632834496764">
    <name>155.4</name>
  </wpt>
  <wpt lat="50.7270763248865" lon="3.8549224649362173">
    <name>155.5</name>
  </wpt>
  <wpt lat="50.7279729106286" lon="3.854957560566755">
    <name>155.6</name>
  </wpt>
  <wpt lat="50.728678317835666" lon="3.8542809274707541">
    <name>155.7</name>
  </wpt>
  <wpt lat="50.729427780220988" lon="3.8534965042512423">
    <name>155.8</name>
  </wpt>
  <wpt lat="50.730170567016593" lon="3.8526967252107291">
    <name>155.9</name>
  </wpt>
  <wpt lat="50.73073171392187" lon="3.853497798513799">
    <name>156.0</name>
  </wpt>
  <wpt lat="50.73119215361897" lon="3.8547172047390883">
    <name>156.1</name>
  </wpt>
  <wpt lat="50.731590728494346" lon="3.8559908691587124">
    <name>156.2</name>
  </wpt>
  <wpt lat="50.732077377468229" lon="3.8571804829584333">
    <name>156.3</name>
  </wpt>
  <wpt lat="50.732585034590628" lon="3.8583533141356412">
    <name>156.4</name>
  </wpt>
  <wpt lat="50.732776310488156" lon="3.859526861830854">
    <name>156.5</name>
  </wpt>
  <wpt lat="50.733450594852307" lon="3.86046074270364">
    <name>156.6</name>
  </wpt>
  <wpt lat="50.733828481422108" lon="3.861748114553865">
    <name>156.7</name>
  </wpt>
  <wpt lat="50.734547857407314" lon="3.8623789411666913">
    <name>156.8</name>
  </wpt>
  <wpt lat="50.735443066178767" lon="3.86250360112495">
    <name>156.9</name>
  </wpt>
  <wpt lat="50.736340837209752" lon="3.8625868509786874">
    <name>157.0</name>
  </wpt>
  <wpt lat="50.737238212887114" lon="3.8626794185597717">
    <name>157.1</name>
  </wpt>
  <wpt lat="50.738112425064408" lon="3.8629660940046135">
    <name>157.2</name>
  </wpt>
  <wpt lat="50.73877214076785" lon="3.86386230387123">
    <name>157.3</name>
  </wpt>
  <wpt lat="50.739388766175026" lon="3.8648943668465274">
    <name>157.4</name>
  </wpt>
  <wpt lat="50.739908656942383" lon="3.8660221950046512">
    <name>157.5</name>
  </wpt>
  <wpt lat="50.740653643533669" lon="3.8666127102226961">
    <name>157.6</name>
  </wpt>
  <wpt lat="50.741525032193444" lon="3.8668910949577859">
    <name>157.7</name>
  </wpt>
  <wpt lat="50.742238240554357" lon="3.8677251883434414">
    <name>157.8</name>
  </wpt>
  <wpt lat="50.743023803738531" lon="3.8683244634888525">
    <name>157.9</name>
  </wpt>
  <wpt lat="50.743677716747" lon="3.869298419872643">
    <name>158.0</name>
  </wpt>
  <wpt lat="50.744421264336189" lon="3.8700814686648624">
    <name>158.1</name>
  </wpt>
  <wpt lat="50.74516085485925" lon="3.8708715579462578">
    <name>158.2</name>
  </wpt>
  <wpt lat="50.745764412743476" lon="3.87187359359579">
    <name>158.3</name>
  </wpt>
  <wpt lat="50.746294297922894" lon="3.873018351074601">
    <name>158.4</name>
  </wpt>
  <wpt lat="50.746945875340082" lon="3.8739936813192908">
    <name>158.5</name>
  </wpt>
  <wpt lat="50.747618400012946" lon="3.8749373008454291">
    <name>158.6</name>
  </wpt>
  <wpt lat="50.748421013175637" lon="3.87536976789943">
    <name>158.7</name>
  </wpt>
  <wpt lat="50.749150913507833" lon="3.8761937802410009">
    <name>158.8</name>
  </wpt>
  <wpt lat="50.749887167871918" lon="3.8769996358263956">
    <name>158.9</name>
  </wpt>
  <wpt lat="50.750484455344655" lon="3.8780622667065412">
    <name>159.0</name>
  </wpt>
  <wpt lat="50.751080288718818" lon="3.8791269319934272">
    <name>159.1</name>
  </wpt>
  <wpt lat="50.751730665033456" lon="3.8800818561697517">
    <name>159.2</name>
  </wpt>
  <wpt lat="50.752504427366524" lon="3.8808062269345043">
    <name>159.3</name>
  </wpt>
  <wpt lat="50.753278455824265" lon="3.8815296335479466">
    <name>159.4</name>
  </wpt>
  <wpt lat="50.753786261287317" lon="3.881107031165048">
    <name>159.5</name>
  </wpt>
  <wpt lat="50.754230280399227" lon="3.8798874397883223">
    <name>159.6</name>
  </wpt>
  <wpt lat="50.754767932653436" lon="3.8787481349459978">
    <name>159.7</name>
  </wpt>
  <wpt lat="50.755355461356466" lon="3.8777305869517682">
    <name>159.8</name>
  </wpt>
  <wpt lat="50.756044883108046" lon="3.8786433801813356">
    <name>159.9</name>
  </wpt>
  <wpt lat="50.756850392108511" lon="3.879266452950946">
    <name>160.0</name>
  </wpt>
  <wpt lat="50.757619622528132" lon="3.8799977843455737">
    <name>160.1</name>
  </wpt>
  <wpt lat="50.758344585981177" lon="3.88083894443072">
    <name>160.2</name>
  </wpt>
  <wpt lat="50.759071038351031" lon="3.881676951915054">
    <name>160.3</name>
  </wpt>
  <wpt lat="50.759793222286916" lon="3.8825240723548897">
    <name>160.4</name>
  </wpt>
  <wpt lat="50.760575787008392" lon="3.8831946228115579">
    <name>160.5</name>
  </wpt>
  <wpt lat="50.761407947758364" lon="3.8837077595471841">
    <name>160.6</name>
  </wpt>
  <wpt lat="50.762231508248171" lon="3.8842321331234686">
    <name>160.7</name>
  </wpt>
  <wpt lat="50.762956705648776" lon="3.8849341648097089">
    <name>160.8</name>
  </wpt>
  <wpt lat="50.763645408355544" lon="3.8858469516172018">
    <name>160.9</name>
  </wpt>
  <wpt lat="50.764330327769834" lon="3.8867679464912195">
    <name>161.0</name>
  </wpt>
  <wpt lat="50.76512753477077" lon="3.887419411797977">
    <name>161.1</name>
  </wpt>
  <wpt lat="50.765896428095104" lon="3.8881540763168148">
    <name>161.2</name>
  </wpt>
  <wpt lat="50.766403237226861" lon="3.8874431535372351">
    <name>161.3</name>
  </wpt>
  <wpt lat="50.767219559540763" lon="3.88690002048844">
    <name>161.4</name>
  </wpt>
  <wpt lat="50.768108265835139" lon="3.8867059180770185">
    <name>161.5</name>
  </wpt>
  <wpt lat="50.769003078525721" lon="3.8865652544706766">
    <name>161.6</name>
  </wpt>
  <wpt lat="50.769893508358166" lon="3.88636623211947">
    <name>161.7</name>
  </wpt>
  <wpt lat="50.770791723890014" lon="3.8863401510010251">
    <name>161.8</name>
  </wpt>
  <wpt lat="50.770895837453615" lon="3.8853956812290606">
    <name>161.9</name>
  </wpt>
  <wpt lat="50.770013502771739" lon="3.8855018697505228">
    <name>162.0</name>
  </wpt>
  <wpt lat="50.770837248806423" lon="3.8850185005538713">
    <name>162.1</name>
  </wpt>
  <wpt lat="50.771668333472554" lon="3.8846224111401453">
    <name>162.2</name>
  </wpt>
  <wpt lat="50.772519846553109" lon="3.8850608190888281">
    <name>162.3</name>
  </wpt>
  <wpt lat="50.773158712433677" lon="3.8860236364949303">
    <name>162.4</name>
  </wpt>
  <wpt lat="50.77388916577965" lon="3.8868350396964177">
    <name>162.5</name>
  </wpt>
  <wpt lat="50.774179791513724" lon="3.8919596820138698">
    <name>163.33</name>
  </wpt>
  <wpt lat="50.7742550886648" lon="3.8931124677645355">
    <name>163.4</name>
  </wpt>
  <wpt lat="50.774515221827755" lon="3.8944704622612352">
    <name>163.5</name>
  </wpt>
  <wpt lat="50.77471303176084" lon="3.895856236248612">
    <name>163.6</name>
  </wpt>
  <wpt lat="50.774931893904842" lon="3.8972356211611534">
    <name>163.7</name>
  </wpt>
  <wpt lat="50.775167341156177" lon="3.8986060089501278">
    <name>163.8</name>
  </wpt>
  <wpt lat="50.7757175399474" lon="3.8997129540525588">
    <name>163.9</name>
  </wpt>
  <wpt lat="50.7763849646841" lon="3.9006638431600207">
    <name>164.0</name>
  </wpt>
  <wpt lat="50.776975066118879" lon="3.9017351909052653">
    <name>164.1</name>
  </wpt>
  <wpt lat="50.777543737349234" lon="3.902836978748458">
    <name>164.2</name>
  </wpt>
  <wpt lat="50.778109996695818" lon="3.9039418487839384">
    <name>164.3</name>
  </wpt>
  <wpt lat="50.778621218183808" lon="3.9051092497724551">
    <name>164.4</name>
  </wpt>
  <wpt lat="50.779242395259338" lon="3.906120790484005">
    <name>164.5</name>
  </wpt>
  <wpt lat="50.779721646861162" lon="3.90731932210604">
    <name>164.6</name>
  </wpt>
  <wpt lat="50.780147131245954" lon="3.9085714081497271">
    <name>164.7</name>
  </wpt>
  <wpt lat="50.780650220863841" lon="3.9097457152895427">
    <name>164.8</name>
  </wpt>
  <wpt lat="50.781333572517063" lon="3.9106654758560371">
    <name>164.9</name>
  </wpt>
  <wpt lat="50.782137007724963" lon="3.9112094302253193">
    <name>165.0</name>
  </wpt>
  <wpt lat="50.785481366372181" lon="3.916409719975074">
    <name>165.55</name>
  </wpt>
  <wpt lat="50.78575311910852" lon="3.9172834922886253">
    <name>165.6</name>
  </wpt>
  <wpt lat="50.786249280094694" lon="3.9184288186344234">
    <name>165.7</name>
  </wpt>
  <wpt lat="50.786866423249435" lon="3.9194635170085772">
    <name>165.8</name>
  </wpt>
  <wpt lat="50.787488422174668" lon="3.9204908316289595">
    <name>165.9</name>
  </wpt>
  <wpt lat="50.788027138860805" lon="3.9216242082132258">
    <name>166.0</name>
  </wpt>
  <wpt lat="50.788777392472817" lon="3.9224023732344198">
    <name>166.1</name>
  </wpt>
  <wpt lat="50.789538847266762" lon="3.9231587751665975">
    <name>166.2</name>
  </wpt>
  <wpt lat="50.790193872988375" lon="3.9241235357051538">
    <name>166.3</name>
  </wpt>
  <wpt lat="50.790678063442655" lon="3.9253221626750272">
    <name>166.4</name>
  </wpt>
  <wpt lat="50.7912942186806" lon="3.9263545438042122">
    <name>166.5</name>
  </wpt>
  <wpt lat="50.791753555274347" lon="3.9275701648056769">
    <name>166.6</name>
  </wpt>
  <wpt lat="50.791686687014071" lon="3.9289675263198394">
    <name>166.7</name>
  </wpt>
  <wpt lat="50.79162025157936" lon="3.9303836255021558">
    <name>166.8</name>
  </wpt>
  <wpt lat="50.79166055412125" lon="3.9318046031672274">
    <name>166.9</name>
  </wpt>
  <wpt lat="50.791677163129776" lon="3.9332267299762727">
    <name>167.0</name>
  </wpt>
  <wpt lat="50.791713461403312" lon="3.9346482291259042">
    <name>167.1</name>
  </wpt>
  <wpt lat="50.79175348291453" lon="3.9360692293455362">
    <name>167.2</name>
  </wpt>
  <wpt lat="50.792078606310845" lon="3.937373990687445">
    <name>167.3</name>
  </wpt>
  <wpt lat="50.792481146431818" lon="3.9386461929886782">
    <name>167.4</name>
  </wpt>
  <wpt lat="50.7928836865527" lon="3.939918406246286">
    <name>167.5</name>
  </wpt>
  <wpt lat="50.793286226673473" lon="3.941190630460472">
    <name>167.6</name>
  </wpt>
  <wpt lat="50.79353847069968" lon="3.9425447364725938">
    <name>167.7</name>
  </wpt>
  <wpt lat="50.793812393327912" lon="3.9438972734226412">
    <name>167.8</name>
  </wpt>
  <wpt lat="50.79412626424201" lon="3.9452305393110625">
    <name>167.9</name>
  </wpt>
  <wpt lat="50.794453178440818" lon="3.9465555952717493">
    <name>168.0</name>
  </wpt>
  <wpt lat="50.794805443680268" lon="3.9478623243666582">
    <name>168.1</name>
  </wpt>
  <wpt lat="50.795043091027956" lon="3.9492345073836419">
    <name>168.2</name>
  </wpt>
  <wpt lat="50.795021118098319" lon="3.9506127638820985">
    <name>168.3</name>
  </wpt>
  <wpt lat="50.795118345317256" lon="3.951927143023203">
    <name>168.4</name>
  </wpt>
  <wpt lat="50.795167232705694" lon="3.9533478026746374">
    <name>168.5</name>
  </wpt>
  <wpt lat="50.79523917714026" lon="3.9547644654379108">
    <name>168.6</name>
  </wpt>
  <wpt lat="50.795481476735205" lon="3.9561333260271185">
    <name>168.7</name>
  </wpt>
  <wpt lat="50.795609265782865" lon="3.9575395588653106">
    <name>168.8</name>
  </wpt>
  <wpt lat="50.79592959765759" lon="3.9588516612954527">
    <name>168.9</name>
  </wpt>
  <wpt lat="50.796316770215988" lon="3.9601340816242576">
    <name>169.0</name>
  </wpt>
  <wpt lat="50.796660371881224" lon="3.9614484868609736">
    <name>169.1</name>
  </wpt>
  <wpt lat="50.79704935060407" lon="3.9627283439642729">
    <name>169.2</name>
  </wpt>
  <wpt lat="50.797641065660066" lon="3.9637773734502542">
    <name>169.3</name>
  </wpt>
  <wpt lat="50.79848704404526" lon="3.9642372607031908">
    <name>169.4</name>
  </wpt>
  <wpt lat="50.799354635684949" lon="3.9646118838688142">
    <name>169.5</name>
  </wpt>
  <wpt lat="50.800219610395423" lon="3.9650009896186305">
    <name>169.6</name>
  </wpt>
  <wpt lat="50.801033919204663" lon="3.9655941251678444">
    <name>169.7</name>
  </wpt>
  <wpt lat="50.801846572006738" lon="3.9661720000000367">
    <name>169.8</name>
  </wpt>
  <wpt lat="50.802628901444869" lon="3.9664243569814013">
    <name>169.9</name>
  </wpt>
  <wpt lat="50.802364235370391" lon="3.9677842769745064">
    <name>170.0</name>
  </wpt>
  <wpt lat="50.802094599873165" lon="3.9691406185642144">
    <name>170.1</name>
  </wpt>
  <wpt lat="50.801421546596721" lon="3.9700635872225818">
    <name>170.2</name>
  </wpt>
  <wpt lat="50.800661378493253" lon="3.9708229830420252">
    <name>170.3</name>
  </wpt>
  <wpt lat="50.80003261208622" lon="3.9717728882049488">
    <name>170.4</name>
  </wpt>
  <wpt lat="50.800207309653423" lon="3.9730660682310592">
    <name>170.5</name>
  </wpt>
  <wpt lat="50.800641494760661" lon="3.9743121692839383">
    <name>170.6</name>
  </wpt>
  <wpt lat="50.801086402294594" lon="3.9755487809931518">
    <name>170.7</name>
  </wpt>
  <wpt lat="50.801528548750561" lon="3.9767876784461031">
    <name>170.8</name>
  </wpt>
  <wpt lat="50.801665962916388" lon="3.978171459647021">
    <name>170.9</name>
  </wpt>
  <wpt lat="50.8019224100875" lon="3.9795315023676041">
    <name>171.0</name>
  </wpt>
  <wpt lat="50.802406787723932" lon="3.9807274349817225">
    <name>171.1</name>
  </wpt>
  <wpt lat="50.8030305774791" lon="3.9816999834660631">
    <name>171.2</name>
  </wpt>
  <wpt lat="50.803834061976872" lon="3.9823391943143536">
    <name>171.3</name>
  </wpt>
  <wpt lat="50.804675913236217" lon="3.9827097758489942">
    <name>171.4</name>
  </wpt>
  <wpt lat="50.805472076686662" lon="3.9831888143822392">
    <name>171.5</name>
  </wpt>
  <wpt lat="50.805838645386146" lon="3.9844635611231465">
    <name>171.6</name>
  </wpt>
  <wpt lat="50.806037097055594" lon="3.9857475980539032">
    <name>171.7</name>
  </wpt>
  <wpt lat="50.80672980529863" lon="3.9866217983849266">
    <name>171.8</name>
  </wpt>
  <wpt lat="50.807621692395145" lon="3.9867987157197788">
    <name>171.9</name>
  </wpt>
  <wpt lat="50.808369495887987" lon="3.9874603269069144">
    <name>172.0</name>
  </wpt>
  <wpt lat="50.808716906403717" lon="3.988770338114517">
    <name>172.1</name>
  </wpt>
  <wpt lat="50.809401516426774" lon="3.9896870255395132">
    <name>172.2</name>
  </wpt>
  <wpt lat="50.809971057818842" lon="3.990771074253002">
    <name>172.3</name>
  </wpt>
  <wpt lat="50.810588014015721" lon="3.99179399610316">
    <name>172.4</name>
  </wpt>
  <wpt lat="50.811323258592793" lon="3.9926117973492574">
    <name>172.5</name>
  </wpt>
  <wpt lat="50.812170240147779" lon="3.9928252066325016">
    <name>172.6</name>
  </wpt>
  <wpt lat="50.813061119828568" lon="3.9929299980869235">
    <name>172.7</name>
  </wpt>
  <wpt lat="50.813954316368942" lon="3.99276416335028">
    <name>172.8</name>
  </wpt>
  <wpt lat="50.814710572679246" lon="3.9934173227689547">
    <name>172.9</name>
  </wpt>
  <wpt lat="50.815461529817171" lon="3.9941985298055678">
    <name>173.0</name>
  </wpt>
  <wpt lat="50.816119822121422" lon="3.9951618341959136">
    <name>173.1</name>
  </wpt>
  <wpt lat="50.816693022964387" lon="3.9962561062866166">
    <name>173.2</name>
  </wpt>
  <wpt lat="50.817179290105315" lon="3.9974510204674831">
    <name>173.3</name>
  </wpt>
  <wpt lat="50.81762638216599" lon="3.9986816857976191">
    <name>173.4</name>
  </wpt>
  <wpt lat="50.818028817286354" lon="3.9998854343851806">
    <name>173.5</name>
  </wpt>
  <wpt lat="50.818856286530725" lon="4.0003805720425873">
    <name>173.6</name>
  </wpt>
  <wpt lat="50.819645861567722" lon="4.0010459970434269">
    <name>173.7</name>
  </wpt>
  <wpt lat="50.820446243208281" lon="4.0016932430194228">
    <name>173.8</name>
  </wpt>
  <wpt lat="50.821068133469659" lon="4.0027044450150289">
    <name>173.9</name>
  </wpt>
  <wpt lat="50.821620162412557" lon="4.0038275366066456">
    <name>174.0</name>
  </wpt>
  <wpt lat="50.822024335166034" lon="4.005094467092694">
    <name>174.1</name>
  </wpt>
  <wpt lat="50.822386848783282" lon="4.0063972738841107">
    <name>174.2</name>
  </wpt>
  <wpt lat="50.8228683844244" lon="4.007588828031035">
    <name>174.3</name>
  </wpt>
  <wpt lat="50.823369985347163" lon="4.0087632355549578">
    <name>174.4</name>
  </wpt>
  <wpt lat="50.823777611948081" lon="4.0100322280570975">
    <name>174.5</name>
  </wpt>
  <wpt lat="50.824247007408189" lon="4.0112411855996664">
    <name>174.6</name>
  </wpt>
  <wpt lat="50.824767739353582" lon="4.0124019053888151">
    <name>174.7</name>
  </wpt>
  <wpt lat="50.825294131279428" lon="4.0135561942593441">
    <name>174.8</name>
  </wpt>
  <wpt lat="50.825817266044758" lon="4.0147142177779918">
    <name>174.9</name>
  </wpt>
  <wpt lat="50.833017978202" lon="4.0242658582431128">
    <name>176.41</name>
  </wpt>
  <wpt lat="50.833048032663619" lon="4.0243789769887544">
    <name>176.4</name>
  </wpt>
  <wpt lat="50.833559959773204" lon="4.02554809139887">
    <name>176.5</name>
  </wpt>
  <wpt lat="50.834051914300986" lon="4.0267398793738645">
    <name>176.6</name>
  </wpt>
  <wpt lat="50.834702108140959" lon="4.026808126199426">
    <name>176.7</name>
  </wpt>
  <wpt lat="50.835526227969652" lon="4.0262476542549051">
    <name>176.8</name>
  </wpt>
  <wpt lat="50.83610402323685" lon="4.026615871818005">
    <name>176.9</name>
  </wpt>
  <wpt lat="50.836897093672583" lon="4.0259602350877817">
    <name>177.0</name>
  </wpt>
  <wpt lat="50.837601249039544" lon="4.0250745657867011">
    <name>177.1</name>
  </wpt>
  <wpt lat="50.838298144810857" lon="4.0241755389838181">
    <name>177.2</name>
  </wpt>
  <wpt lat="50.838935239284375" lon="4.023170606278371">
    <name>177.3</name>
  </wpt>
  <wpt lat="50.839635785681381" lon="4.02232082033606">
    <name>177.4</name>
  </wpt>
  <wpt lat="50.840494221759229" lon="4.0218996471462463">
    <name>177.5</name>
  </wpt>
  <wpt lat="50.841346221360531" lon="4.0214524426463907">
    <name>177.6</name>
  </wpt>
  <wpt lat="50.8422255110559" lon="4.0212184821266321">
    <name>177.7</name>
  </wpt>
  <wpt lat="50.843124297898072" lon="4.0211746701369329">
    <name>177.8</name>
  </wpt>
  <wpt lat="50.844022213002205" lon="4.0210953117255368">
    <name>177.9</name>
  </wpt>
  <wpt lat="50.844921048187388" lon="4.0210599999999719">
    <name>178.0</name>
  </wpt>
  <wpt lat="50.845820369793316" lon="4.0210599999999719">
    <name>178.1</name>
  </wpt>
  <wpt lat="50.846719443194488" lon="4.0210818542741169">
    <name>178.2</name>
  </wpt>
  <wpt lat="50.847609869690217" lon="4.0212650171351427">
    <name>178.3</name>
  </wpt>
  <wpt lat="50.848493538258765" lon="4.0215293826402387">
    <name>178.4</name>
  </wpt>
  <wpt lat="50.849384704338561" lon="4.0217152650816166">
    <name>178.5</name>
  </wpt>
  <wpt lat="50.85028269214741" lon="4.0217670262786527">
    <name>178.6</name>
  </wpt>
  <wpt lat="50.851181880079928" lon="4.0217441467175421">
    <name>178.7</name>
  </wpt>
  <wpt lat="50.85208023184942" lon="4.0216858480184969">
    <name>178.8</name>
  </wpt>
  <wpt lat="50.852978956011562" lon="4.0216374161817265">
    <name>178.9</name>
  </wpt>
  <wpt lat="50.853877856152778" lon="4.0215942835970813">
    <name>179.0</name>
  </wpt>
  <wpt lat="50.854776328978865" lon="4.0215346475302614">
    <name>179.1</name>
  </wpt>
  <wpt lat="50.855675261758805" lon="4.0214927604824817">
    <name>179.2</name>
  </wpt>
  <wpt lat="50.856574194538744" lon="4.0214508726273">
    <name>179.3</name>
  </wpt>
  <wpt lat="50.857473127318677" lon="4.0214089839646139">
    <name>179.4</name>
  </wpt>
  <wpt lat="50.858372149209721" lon="4.0213722551622988">
    <name>179.5</name>
  </wpt>
  <wpt lat="50.859271068710825" lon="4.0213351838367384">
    <name>179.6</name>
  </wpt>
  <wpt lat="50.860169850083729" lon="4.0212859407205679">
    <name>179.7</name>
  </wpt>
  <wpt lat="50.861068686564039" lon="4.0212391491291282">
    <name>179.8</name>
  </wpt>
  <wpt lat="50.861958307804443" lon="4.0210519223773078">
    <name>179.9</name>
  </wpt>
  <wpt lat="50.862828537466285" lon="4.0206927279981715">
    <name>180.0</name>
  </wpt>
  <wpt lat="50.863694243625268" lon="4.0203071940565538">
    <name>180.1</name>
  </wpt>
  <wpt lat="50.864557543128136" lon="4.0199079637898141">
    <name>180.2</name>
  </wpt>
  <wpt lat="50.865410999902146" lon="4.0194589589710255">
    <name>180.3</name>
  </wpt>
  <wpt lat="50.866260924648763" lon="4.0189936174809437">
    <name>180.4</name>
  </wpt>
  <wpt lat="50.86710491417098" lon="4.0185015108385116">
    <name>180.5</name>
  </wpt>
  <wpt lat="50.867961988194288" lon="4.0180713385779185">
    <name>180.6</name>
  </wpt>
  <wpt lat="50.868831684462172" lon="4.01771043058116">
    <name>180.7</name>
  </wpt>
  <wpt lat="50.869716268072217" lon="4.0174866021553726">
    <name>180.8</name>
  </wpt>
  <wpt lat="50.870608543379063" lon="4.0174628521451456">
    <name>180.9</name>
  </wpt>
  <wpt lat="50.8712816085176" lon="4.0182686521211117">
    <name>181.0</name>
  </wpt>
  <wpt lat="50.872114977885367" lon="4.01852016763895">
    <name>181.1</name>
  </wpt>
  <wpt lat="50.875572188329208" lon="4.0205521970028437">
    <name>181.55</name>
  </wpt>
  <wpt lat="50.876111857756882" lon="4.0202781917545574">
    <name>181.6</name>
  </wpt>
  <wpt lat="50.876992262495889" lon="4.020008863673044">
    <name>181.7</name>
  </wpt>
  <wpt lat="50.87788825093687" lon="4.0198862661685215">
    <name>181.8</name>
  </wpt>
  <wpt lat="50.8787823919446" lon="4.0197463191490881">
    <name>181.9</name>
  </wpt>
  <wpt lat="50.879641868003731" lon="4.0198408678920856">
    <name>182.0</name>
  </wpt>
  <wpt lat="50.880210670344752" lon="4.0209398185077854">
    <name>182.1</name>
  </wpt>
  <wpt lat="50.880836574688367" lon="4.0219501476512">
    <name>182.2</name>
  </wpt>
  <wpt lat="50.881561336147357" lon="4.0227940558327893">
    <name>182.3</name>
  </wpt>
  <wpt lat="50.88222980597039" lon="4.0227183876565524">
    <name>182.4</name>
  </wpt>
  <wpt lat="50.882980670631248" lon="4.0219704970916466">
    <name>182.5</name>
  </wpt>
  <wpt lat="50.883808696262996" lon="4.0214142582340671">
    <name>182.6</name>
  </wpt>
  <wpt lat="50.884668221181478" lon="4.0210827461987453">
    <name>182.7</name>
  </wpt>
  <wpt lat="50.885563534712787" lon="4.0212154298250447">
    <name>182.8</name>
  </wpt>
  <wpt lat="50.886422296768252" lon="4.020944354230763">
    <name>182.9</name>
  </wpt>
  <wpt lat="50.8870918590658" lon="4.0218704983163507">
    <name>183.0</name>
  </wpt>
  <wpt lat="50.887928029486034" lon="4.0221180733942079">
    <name>183.1</name>
  </wpt>
  <wpt lat="50.888818036455476" lon="4.0219150055871093">
    <name>183.2</name>
  </wpt>
  <wpt lat="50.889709147259218" lon="4.0220439986567325">
    <name>183.3</name>
  </wpt>
  <wpt lat="50.890595688125664" lon="4.0222834978154811">
    <name>183.4</name>
  </wpt>
  <wpt lat="50.891484495518064" lon="4.0225004638169475">
    <name>183.5</name>
  </wpt>
  <wpt lat="50.892362913663916" lon="4.022804266591903">
    <name>183.6</name>
  </wpt>
  <wpt lat="50.893238969505916" lon="4.0231264689819461">
    <name>183.7</name>
  </wpt>
  <wpt lat="50.894024689070235" lon="4.02375458972541">
    <name>183.8</name>
  </wpt>
  <wpt lat="50.894600858827367" lon="4.0248419995706151">
    <name>183.9</name>
  </wpt>
  <wpt lat="50.8949890113033" lon="4.0261173519196669">
    <name>184.0</name>
  </wpt>
  <wpt lat="50.895813900294996" lon="4.0265075261185608">
    <name>184.1</name>
  </wpt>
  <wpt lat="50.89663524315808" lon="4.0259295835719016">
    <name>184.2</name>
  </wpt>
  <wpt lat="50.897442733649783" lon="4.0253107037567375">
    <name>184.3</name>
  </wpt>
  <wpt lat="50.898097349295277" lon="4.0243385630009838">
    <name>184.4</name>
  </wpt>
  <wpt lat="50.898938749698296" lon="4.0245824874960894">
    <name>184.5</name>
  </wpt>
  <wpt lat="50.899801894855919" lon="4.0249828571496744">
    <name>184.6</name>
  </wpt>
  <wpt lat="50.900678338412064" lon="4.0252969756510044">
    <name>184.7</name>
  </wpt>
  <wpt lat="50.901569744795623" lon="4.0254791505671177">
    <name>184.8</name>
  </wpt>
  <wpt lat="50.902458718282126" lon="4.0256916263073865">
    <name>184.9</name>
  </wpt>
  <wpt lat="50.903350416357426" lon="4.0258290832237416">
    <name>185.0</name>
  </wpt>
  <wpt lat="50.904244212260153" lon="4.0259284348211972">
    <name>185.1</name>
  </wpt>
  <wpt lat="50.905047448204115" lon="4.0263124492640623">
    <name>185.2</name>
  </wpt>
  <wpt lat="50.905815022791053" lon="4.0269015055605548">
    <name>185.3</name>
  </wpt>
  <wpt lat="50.906703346890588" lon="4.027123852582899">
    <name>185.4</name>
  </wpt>
  <wpt lat="50.907590024803859" lon="4.02736057367288">
    <name>185.5</name>
  </wpt>
  <wpt lat="50.908481818620828" lon="4.0275439128373947">
    <name>185.6</name>
  </wpt>
  <wpt lat="50.909376009019915" lon="4.0276909999999573">
    <name>185.7</name>
  </wpt>
  <wpt lat="50.910189166450913" lon="4.02819003938791">
    <name>185.8</name>
  </wpt>
  <wpt lat="50.910999996112643" lon="4.0287919484711576">
    <name>185.9</name>
  </wpt>
  <wpt lat="50.91171751089847" lon="4.0296515937721793">
    <name>186.0</name>
  </wpt>
  <wpt lat="50.912438345635408" lon="4.0305044397281851">
    <name>186.1</name>
  </wpt>
  <wpt lat="50.913124032491346" lon="4.031407710830659">
    <name>186.2</name>
  </wpt>
  <wpt lat="50.913469386098896" lon="4.0324313547444879">
    <name>186.3</name>
  </wpt>
  <wpt lat="50.913853859278419" lon="4.0334642213569989">
    <name>186.4</name>
  </wpt>
  <wpt lat="50.913958986866483" lon="4.0348795362546319">
    <name>186.5</name>
  </wpt>
  <wpt lat="50.914466479932024" lon="4.0360267731127077">
    <name>186.6</name>
  </wpt>
  <wpt lat="50.915229030424918" lon="4.0367810303211416">
    <name>186.7</name>
  </wpt>
  <wpt lat="50.915939025382507" lon="4.0376426954416065">
    <name>186.8</name>
  </wpt>
  <wpt lat="50.916653000018869" lon="4.0384385450649729">
    <name>186.9</name>
  </wpt>
  <wpt lat="50.916654454810335" lon="4.03982706333976">
    <name>187.0</name>
  </wpt>
  <wpt lat="50.916138000024546" lon="4.0408254437505144">
    <name>187.1</name>
  </wpt>
  <wpt lat="50.915800660554254" lon="4.0421196789242657">
    <name>187.2</name>
  </wpt>
  <wpt lat="50.915535734380178" lon="4.0434542375582465">
    <name>187.3</name>
  </wpt>
  <wpt lat="50.915127877135525" lon="4.0446868225852874">
    <name>187.4</name>
  </wpt>
  <wpt lat="50.915333759400987" lon="4.0458266963652338">
    <name>187.5</name>
  </wpt>
  <wpt lat="50.915948355227087" lon="4.0458405610504986">
    <name>187.6</name>
  </wpt>
  <wpt lat="50.916402791712933" lon="4.0470715076546417">
    <name>187.7</name>
  </wpt>
  <wpt lat="50.916789514647455" lon="4.0483519492517823">
    <name>187.8</name>
  </wpt>
  <wpt lat="50.917048244658382" lon="4.04971724872831">
    <name>187.9</name>
  </wpt>
  <wpt lat="50.9176517266771" lon="4.0507655181306266">
    <name>188.0</name>
  </wpt>
  <wpt lat="50.918196919101035" lon="4.051882131000446">
    <name>188.1</name>
  </wpt>
  <wpt lat="50.918582467342091" lon="4.0531694062914738">
    <name>188.2</name>
  </wpt>
  <wpt lat="50.91910490407448" lon="4.0543288822770309">
    <name>188.3</name>
  </wpt>
  <wpt lat="50.926262797751036" lon="4.0514571462260651">
    <name>189.21</name>
  </wpt>
  <wpt lat="50.926293434090177" lon="4.0514769420159089">
    <name>189.2</name>
  </wpt>
  <wpt lat="50.927086948588951" lon="4.0511579923106416">
    <name>189.3</name>
  </wpt>
  <wpt lat="50.927981359382571" lon="4.051009660697181">
    <name>189.4</name>
  </wpt>
  <wpt lat="50.9288157850963" lon="4.0505517849101773">
    <name>189.5</name>
  </wpt>
  <wpt lat="50.929510565304263" lon="4.0497400841348741">
    <name>189.6</name>
  </wpt>
  <wpt lat="50.930305291823721" lon="4.0491145026135511">
    <name>189.7</name>
  </wpt>
  <wpt lat="50.931184294009356" lon="4.0488147543888386">
    <name>189.8</name>
  </wpt>
  <wpt lat="50.932061890974758" lon="4.0485814218462446">
    <name>189.9</name>
  </wpt>
  <wpt lat="50.932905130834023" lon="4.0481409642760662">
    <name>190.0</name>
  </wpt>
  <wpt lat="50.933618830618755" lon="4.0472728297579694">
    <name>190.1</name>
  </wpt>
  <wpt lat="50.934430059437489" lon="4.0466596629161913">
    <name>190.2</name>
  </wpt>
  <wpt lat="50.935145858431937" lon="4.0458302344642343">
    <name>190.3</name>
  </wpt>
  <wpt lat="50.935794064643787" lon="4.0454501935123526">
    <name>190.4</name>
  </wpt>
  <wpt lat="50.936651988645387" lon="4.0452197813038717">
    <name>190.5</name>
  </wpt>
  <wpt lat="50.937083112244395" lon="4.0439700768373426">
    <name>190.6</name>
  </wpt>
  <wpt lat="50.937760806347072" lon="4.0431878975219568">
    <name>190.7</name>
  </wpt>
  <wpt lat="50.938649492499181" lon="4.0432415924320164">
    <name>190.8</name>
  </wpt>
  <wpt lat="50.939483867757886" lon="4.0436253197763374">
    <name>190.9</name>
  </wpt>
  <wpt lat="50.94016473394376" lon="4.04288851620471">
    <name>191.0</name>
  </wpt>
  <wpt lat="50.940846567601916" lon="4.0427479628514558">
    <name>191.1</name>
  </wpt>
  <wpt lat="50.941457957389957" lon="4.0436101275557412">
    <name>191.2</name>
  </wpt>
  <wpt lat="50.94196341640442" lon="4.0444534653572122">
    <name>191.3</name>
  </wpt>
  <wpt lat="50.942390259355335" lon="4.0455098681997574">
    <name>191.4</name>
  </wpt>
  <wpt lat="50.942042169830216" lon="4.04672182904495">
    <name>191.5</name>
  </wpt>
  <wpt lat="50.941462067471505" lon="4.0478124004171807">
    <name>191.6</name>
  </wpt>
  <wpt lat="50.941583744649094" lon="4.0491862645007188">
    <name>191.7</name>
  </wpt>
  <wpt lat="50.941715133362045" lon="4.0505863773395108">
    <name>191.8</name>
  </wpt>
  <wpt lat="50.942117877441248" lon="4.0518612517358727">
    <name>191.9</name>
  </wpt>
  <wpt lat="50.942435423455308" lon="4.0531923706551289">
    <name>192.0</name>
  </wpt>
  <wpt lat="50.94267694864223" lon="4.0545523730694839">
    <name>192.1</name>
  </wpt>
  <wpt lat="50.942793366993172" lon="4.05592887252226">
    <name>192.2</name>
  </wpt>
  <wpt lat="50.94305815948367" lon="4.0572658276978828">
    <name>192.3</name>
  </wpt>
  <wpt lat="50.943177329375835" lon="4.0576190446695692">
    <name>192.90</name>
  </wpt>
  <wpt lat="50.943266061052853" lon="4.0578382735610887">
    <name>192.9</name>
  </wpt>
  <wpt lat="50.943525990555109" lon="4.059165020080326">
    <name>193.0</name>
  </wpt>
  <wpt lat="50.943661495354732" lon="4.0605729367632986">
    <name>193.1</name>
  </wpt>
  <wpt lat="50.9439199505605" lon="4.0619368016690087">
    <name>193.2</name>
  </wpt>
  <wpt lat="50.944273290458241" lon="4.0632492911977947">
    <name>193.3</name>
  </wpt>
  <wpt lat="50.944628553736642" lon="4.0645605291420805">
    <name>193.4</name>
  </wpt>
  <wpt lat="50.94478400037103" lon="4.0659505602889725">
    <name>193.5</name>
  </wpt>
  <wpt lat="50.94475798687337" lon="4.0673723109018072">
    <name>193.6</name>
  </wpt>
  <wpt lat="50.94479964223688" lon="4.0687939273788949">
    <name>193.7</name>
  </wpt>
  <wpt lat="50.944904783981464" lon="4.0702114332582591">
    <name>193.8</name>
  </wpt>
  <wpt lat="50.945077932801283" lon="4.07160953638658">
    <name>193.9</name>
  </wpt>
  <wpt lat="50.945283848098448" lon="4.0729869217235777">
    <name>194.0</name>
  </wpt>
  <wpt lat="50.945462249522357" lon="4.0743814470816622">
    <name>194.1</name>
  </wpt>
  <wpt lat="50.945716115852605" lon="4.075730949224293">
    <name>194.2</name>
  </wpt>
  <wpt lat="50.945962825613044" lon="4.0771027679868519">
    <name>194.3</name>
  </wpt>
  <wpt lat="50.946062382488051" lon="4.0784992241849789">
    <name>194.4</name>
  </wpt>
  <wpt lat="50.946753094099535" lon="4.0789128381606581">
    <name>194.5</name>
  </wpt>
  <wpt lat="50.94758423237969" lon="4.0792497626919317">
    <name>194.6</name>
  </wpt>
  <wpt lat="50.948216386843519" lon="4.0802650048571953">
    <name>194.7</name>
  </wpt>
  <wpt lat="50.9488521255509" lon="4.0812745685349379">
    <name>194.8</name>
  </wpt>
  <wpt lat="50.949483578225546" lon="4.0822807343442848">
    <name>194.9</name>
  </wpt>
  <wpt lat="50.94980133682612" lon="4.0836127122340606">
    <name>195.0</name>
  </wpt>
  <wpt lat="50.950196153100393" lon="4.08486574373961">
    <name>195.1</name>
  </wpt>
  <wpt lat="50.950521183175972" lon="4.0861619551356956">
    <name>195.2</name>
  </wpt>
  <wpt lat="50.950685409086553" lon="4.087562127424194">
    <name>195.3</name>
  </wpt>
  <wpt lat="50.951329128949745" lon="4.0884883311269125">
    <name>195.4</name>
  </wpt>
  <wpt lat="50.952144374277552" lon="4.0890823741703084">
    <name>195.5</name>
  </wpt>
  <wpt lat="50.952730093173159" lon="4.0901515069218037">
    <name>195.6</name>
  </wpt>
  <wpt lat="50.952816013587331" lon="4.0915335127171506">
    <name>195.7</name>
  </wpt>
  <wpt lat="50.9531070341937" lon="4.0928317931489389">
    <name>195.8</name>
  </wpt>
  <wpt lat="50.952396476954952" lon="4.0936981563875348">
    <name>195.9</name>
  </wpt>
  <wpt lat="50.95169392582892" lon="4.0945893373555862">
    <name>196.0</name>
  </wpt>
  <wpt lat="50.9510146021956" lon="4.0955207712696966">
    <name>196.1</name>
  </wpt>
  <wpt lat="50.950422462360486" lon="4.0965931392451811">
    <name>196.2</name>
  </wpt>
  <wpt lat="50.949848627357291" lon="4.0976913757735325">
    <name>196.3</name>
  </wpt>
  <wpt lat="50.9495762538848" lon="4.1002996959566973">
    <name>196.54</name>
  </wpt>
  <wpt lat="50.95003974571835" lon="4.101123395774624">
    <name>196.6</name>
  </wpt>
  <wpt lat="50.950583704162646" lon="4.1022601389206539">
    <name>196.7</name>
  </wpt>
  <wpt lat="50.951030611294719" lon="4.1034696669171291">
    <name>196.8</name>
  </wpt>
  <wpt lat="50.951399473200553" lon="4.1047664076869745">
    <name>196.9</name>
  </wpt>
  <wpt lat="50.951404104515866" lon="4.1059432539090874">
    <name>197.0</name>
  </wpt>
  <wpt lat="50.950807820658966" lon="4.1070115738778235">
    <name>197.1</name>
  </wpt>
  <wpt lat="50.950268718184724" lon="4.1081521032129373">
    <name>197.2</name>
  </wpt>
  <wpt lat="50.949760800224034" lon="4.1093223352307842">
    <name>197.3</name>
  </wpt>
  <wpt lat="50.949303973331531" lon="4.1105429997982084">
    <name>197.4</name>
  </wpt>
  <wpt lat="50.948778642888236" lon="4.1116898499753365">
    <name>197.5</name>
  </wpt>
  <wpt lat="50.948142918738007" lon="4.1126952887793973">
    <name>197.6</name>
  </wpt>
  <wpt lat="50.947986133189715" lon="4.1139310426266542">
    <name>197.7</name>
  </wpt>
  <wpt lat="50.948287183692322" lon="4.1152735004018677">
    <name>197.8</name>
  </wpt>
  <wpt lat="50.948621216679932" lon="4.1165986760427051">
    <name>197.9</name>
  </wpt>
  <wpt lat="50.948890737789505" lon="4.1179590390384275">
    <name>198.0</name>
  </wpt>
  <wpt lat="50.949164605322679" lon="4.1193186862414128">
    <name>198.1</name>
  </wpt>
  <wpt lat="50.949430515673065" lon="4.1206823368595664">
    <name>198.2</name>
  </wpt>
  <wpt lat="50.94967101546623" lon="4.1220447718205628">
    <name>198.3</name>
  </wpt>
  <wpt lat="50.949971626884491" lon="4.1233881270096857">
    <name>198.4</name>
  </wpt>
  <wpt lat="50.950240878981283" lon="4.1247501453989317">
    <name>198.5</name>
  </wpt>
  <wpt lat="50.950453253001228" lon="4.1261343782327113">
    <name>198.6</name>
  </wpt>
  <wpt lat="50.950688946171304" lon="4.1275092841440326">
    <name>198.7</name>
  </wpt>
  <wpt lat="50.950762008636531" lon="4.1289272918259723">
    <name>198.8</name>
  </wpt>
  <wpt lat="50.950766542653135" lon="4.130351767701919">
    <name>198.9</name>
  </wpt>
  <wpt lat="50.950996503823632" lon="4.1317264993930412">
    <name>199.0</name>
  </wpt>
  <wpt lat="50.951037085622531" lon="4.1330613525513717">
    <name>199.1</name>
  </wpt>
  <wpt lat="50.951600533115979" lon="4.1341737017182831">
    <name>199.2</name>
  </wpt>
  <wpt lat="50.951431675591017" lon="4.1354116968041064">
    <name>199.3</name>
  </wpt>
  <wpt lat="50.951215770680243" lon="4.1367135577017162">
    <name>199.4</name>
  </wpt>
  <wpt lat="50.951629988378535" lon="4.1379668709113862">
    <name>199.5</name>
  </wpt>
  <wpt lat="50.952270571899454" lon="4.1389681862000911">
    <name>199.6</name>
  </wpt>
  <wpt lat="50.95300008288892" lon="4.1398001592487645">
    <name>199.7</name>
  </wpt>
  <wpt lat="50.95369763185213" lon="4.14069406996843">
    <name>199.8</name>
  </wpt>
  <wpt lat="50.954466913673762" lon="4.1414178279117442">
    <name>199.9</name>
  </wpt>
  <wpt lat="50.9551230062025" lon="4.1421320246482605">
    <name>200.0</name>
  </wpt>
  <wpt lat="50.955705109490978" lon="4.1431834959495788">
    <name>200.1</name>
  </wpt>
  <wpt lat="50.95647105375" lon="4.1439212054060786">
    <name>200.2</name>
  </wpt>
  <wpt lat="50.957310430901224" lon="4.1443798834210819">
    <name>200.3</name>
  </wpt>
  <wpt lat="50.958131096861045" lon="4.1449578047083024">
    <name>200.4</name>
  </wpt>
  <wpt lat="50.958620906955559" lon="4.1461194819389613">
    <name>200.5</name>
  </wpt>
  <wpt lat="50.958983705819527" lon="4.14742591103001">
    <name>200.6</name>
  </wpt>
  <wpt lat="50.959356210935667" lon="4.148725388325186">
    <name>200.7</name>
  </wpt>
  <wpt lat="50.95972334880576" lon="4.15002872504322">
    <name>200.8</name>
  </wpt>
  <wpt lat="50.960098197652364" lon="4.1513265714708671">
    <name>200.9</name>
  </wpt>
  <wpt lat="50.960496728537194" lon="4.1526051095331038">
    <name>201.0</name>
  </wpt>
  <wpt lat="50.961021129276261" lon="4.15376019587739">
    <name>201.1</name>
  </wpt>
  <wpt lat="50.961624048729568" lon="4.1548196359091545">
    <name>201.2</name>
  </wpt>
  <wpt lat="50.96142103962859" lon="4.15579714134771">
    <name>201.3</name>
  </wpt>
  <wpt lat="50.962065661061672" lon="4.1565613202498577">
    <name>201.4</name>
  </wpt>
  <wpt lat="50.962625168030279" lon="4.1576751948807154">
    <name>201.5</name>
  </wpt>
  <wpt lat="50.963369073488877" lon="4.1584695939813328">
    <name>201.6</name>
  </wpt>
  <wpt lat="50.964156388920671" lon="4.1591583885029983">
    <name>201.7</name>
  </wpt>
  <wpt lat="50.964879143177214" lon="4.1600069851873664">
    <name>201.8</name>
  </wpt>
  <wpt lat="50.965497443547363" lon="4.1610262153394109">
    <name>201.9</name>
  </wpt>
  <wpt lat="50.966214704397942" lon="4.1618607043680536">
    <name>202.0</name>
  </wpt>
  <wpt lat="50.966811821768474" lon="4.1628910318481935">
    <name>202.1</name>
  </wpt>
  <wpt lat="50.967137314173613" lon="4.1642039126185884">
    <name>202.2</name>
  </wpt>
  <wpt lat="50.967387515400688" lon="4.1655727465418231">
    <name>202.3</name>
  </wpt>
  <wpt lat="50.967696887491073" lon="4.1669134743107534">
    <name>202.4</name>
  </wpt>
  <wpt lat="50.968167704182811" lon="4.1676677330450387">
    <name>202.5</name>
  </wpt>
  <wpt lat="50.968921394166372" lon="4.1669320500171239">
    <name>202.6</name>
  </wpt>
  <wpt lat="50.969786588344626" lon="4.1665773292776578">
    <name>202.7</name>
  </wpt>
  <wpt lat="50.970578793445561" lon="4.1665144872929378">
    <name>202.8</name>
  </wpt>
  <wpt lat="50.971106907477051" lon="4.1676697177103454">
    <name>202.9</name>
  </wpt>
  <wpt lat="50.972503179618926" lon="4.1692367473611691">
    <name>203.14</name>
  </wpt>
  <wpt lat="50.973018057177953" lon="4.1699579034500456">
    <name>203.2</name>
  </wpt>
  <wpt lat="50.973661586479722" lon="4.1708467818298374">
    <name>203.3</name>
  </wpt>
  <wpt lat="50.974212205620113" lon="4.1697776203502483">
    <name>203.4</name>
  </wpt>
  <wpt lat="50.974979027785444" lon="4.1690314653623295">
    <name>203.5</name>
  </wpt>
  <wpt lat="50.97575956348809" lon="4.1683225996750375">
    <name>203.6</name>
  </wpt>
  <wpt lat="50.976614495092065" lon="4.1679249969959367">
    <name>203.7</name>
  </wpt>
  <wpt lat="50.977504680733638" lon="4.1677219215187655">
    <name>203.8</name>
  </wpt>
  <wpt lat="50.97827773796886" lon="4.1683477791999675">
    <name>203.9</name>
  </wpt>
  <wpt lat="50.979093367598693" lon="4.1689477097815688">
    <name>204.0</name>
  </wpt>
  <wpt lat="50.979937400562584" lon="4.1694316160854612">
    <name>204.1</name>
  </wpt>
  <wpt lat="50.980776601562923" lon="4.1698986638119377">
    <name>204.2</name>
  </wpt>
  <wpt lat="50.981439820367676" lon="4.1708611430317477">
    <name>204.3</name>
  </wpt>
  <wpt lat="50.982121739014168" lon="4.1712214928643654">
    <name>204.4</name>
  </wpt>
  <wpt lat="50.982894628263359" lon="4.1704913456527368">
    <name>204.5</name>
  </wpt>
  <wpt lat="50.983779186734928" lon="4.1706065881243548">
    <name>204.6</name>
  </wpt>
  <wpt lat="50.984626938955252" lon="4.17017270039739">
    <name>204.7</name>
  </wpt>
  <wpt lat="50.985503590190575" lon="4.1698602656264425">
    <name>204.8</name>
  </wpt>
  <wpt lat="50.986137491732705" lon="4.1689175159574816">
    <name>204.9</name>
  </wpt>
  <wpt lat="50.98689430810014" lon="4.1681464482758672">
    <name>205.0</name>
  </wpt>
  <wpt lat="50.987768178938175" lon="4.16786688914493">
    <name>205.1</name>
  </wpt>
  <wpt lat="50.988634143698604" lon="4.16795745323274">
    <name>205.2</name>
  </wpt>
  <wpt lat="50.988996114992972" lon="4.16925494495119">
    <name>205.3</name>
  </wpt>
  <wpt lat="50.989608744062821" lon="4.1702990746362518">
    <name>205.4</name>
  </wpt>
  <wpt lat="50.990228061752241" lon="4.171334950281576">
    <name>205.5</name>
  </wpt>
  <wpt lat="50.990881167459925" lon="4.1723140746812915">
    <name>205.6</name>
  </wpt>
  <wpt lat="50.991659376470295" lon="4.1730167263886271">
    <name>205.7</name>
  </wpt>
  <wpt lat="50.992447312325446" lon="4.172518287258363">
    <name>205.8</name>
  </wpt>
  <wpt lat="50.993143815412296" lon="4.17239581282492">
    <name>205.9</name>
  </wpt>
  <wpt lat="50.993885792617824" lon="4.1732010869415115">
    <name>206.0</name>
  </wpt>
  <wpt lat="50.994534737901283" lon="4.1741850763310007">
    <name>206.1</name>
  </wpt>
  <wpt lat="50.995153450243507" lon="4.1752176154874441">
    <name>206.2</name>
  </wpt>
  <wpt lat="50.995792946773818" lon="4.176221458809148">
    <name>206.3</name>
  </wpt>
  <wpt lat="50.99648769702393" lon="4.177125571606692">
    <name>206.4</name>
  </wpt>
  <wpt lat="50.997208402084077" lon="4.1771196215342021">
    <name>206.5</name>
  </wpt>
  <wpt lat="50.997967930765434" lon="4.1763583541545559">
    <name>206.6</name>
  </wpt>
  <wpt lat="50.998620279178212" lon="4.1763140631373945">
    <name>206.7</name>
  </wpt>
  <wpt lat="50.999896773017866" lon="4.1756335354928975">
    <name>206.90</name>
  </wpt>
  <wpt lat="50.999846878274923" lon="4.1754767459382567">
    <name>206.9</name>
  </wpt>
  <wpt lat="50.999876772530172" lon="4.1744130306766429">
    <name>207.0</name>
  </wpt>
  <wpt lat="51.0004909741593" lon="4.1733755006845792">
    <name>207.1</name>
  </wpt>
  <wpt lat="51.001180010309042" lon="4.1724578223772619">
    <name>207.2</name>
  </wpt>
  <wpt lat="51.00184989144249" lon="4.1715069406152017">
    <name>207.3</name>
  </wpt>
  <wpt lat="51.002571187493615" lon="4.1706534565230857">
    <name>207.4</name>
  </wpt>
  <wpt lat="51.003286292399096" lon="4.1697902685991446">
    <name>207.5</name>
  </wpt>
  <wpt lat="51.003998751273926" lon="4.16891970488147">
    <name>207.6</name>
  </wpt>
  <wpt lat="51.004790467880092" lon="4.1682664253109056">
    <name>207.7</name>
  </wpt>
  <wpt lat="51.005621183518429" lon="4.1677428879727749">
    <name>207.8</name>
  </wpt>
  <wpt lat="51.006024000003777" lon="4.1665382935465676">
    <name>207.9</name>
  </wpt>
  <wpt lat="51.005767413023236" lon="4.165179773459899">
    <name>208.0</name>
  </wpt>
  <wpt lat="51.00560409932821" lon="4.1638017731663677">
    <name>208.1</name>
  </wpt>
  <wpt lat="51.005239368305325" lon="4.1624965713291369">
    <name>208.2</name>
  </wpt>
  <wpt lat="51.004874444854941" lon="4.1611903542568154">
    <name>208.3</name>
  </wpt>
  <wpt lat="51.0044932512084" lon="4.1598960945412928">
    <name>208.4</name>
  </wpt>
  <wpt lat="51.00421161313858" lon="4.1585756622709065">
    <name>208.5</name>
  </wpt>
  <wpt lat="51.004764755324942" lon="4.15745873031288">
    <name>208.6</name>
  </wpt>
  <wpt lat="51.005340613582469" lon="4.1563623628091424">
    <name>208.7</name>
  </wpt>
  <wpt lat="51.005869066792243" lon="4.1552059388156657">
    <name>208.8</name>
  </wpt>
  <wpt lat="51.00641902753862" lon="4.1540751877296218">
    <name>208.9</name>
  </wpt>
  <wpt lat="51.006900251733477" lon="4.1528721389353347">
    <name>209.0</name>
  </wpt>
  <wpt lat="51.007282223774723" lon="4.1515847513366309">
    <name>209.1</name>
  </wpt>
  <wpt lat="51.007835070378121" lon="4.1504629297321527">
    <name>209.2</name>
  </wpt>
  <wpt lat="51.008658869564236" lon="4.1498999298396182">
    <name>209.3</name>
  </wpt>
  <wpt lat="51.009515302463512" lon="4.1494773654010926">
    <name>209.4</name>
  </wpt>
  <wpt lat="51.010409372700352" lon="4.1494765833638647">
    <name>209.5</name>
  </wpt>
  <wpt lat="51.011294043949583" lon="4.1496582647026736">
    <name>209.6</name>
  </wpt>
  <wpt lat="51.012188842033005" lon="4.1495311493594578">
    <name>209.7</name>
  </wpt>
  <wpt lat="51.013086219287111" lon="4.1494613650465375">
    <name>209.8</name>
  </wpt>
  <wpt lat="51.013945991624091" lon="4.1490664972164879">
    <name>209.9</name>
  </wpt>
  <wpt lat="51.014646652136271" lon="4.1482155494702724">
    <name>210.0</name>
  </wpt>
  <wpt lat="51.015010070360489" lon="4.14690797491014">
    <name>210.1</name>
  </wpt>
  <wpt lat="51.015333728489914" lon="4.1456125033095468">
    <name>210.2</name>
  </wpt>
  <wpt lat="51.015427855662963" lon="4.1444308119170454">
    <name>210.3</name>
  </wpt>
  <wpt lat="51.015783176836756" lon="4.143117867722828">
    <name>210.4</name>
  </wpt>
  <wpt lat="51.016165492878621" lon="4.1418239460092785">
    <name>210.5</name>
  </wpt>
  <wpt lat="51.016531349747595" lon="4.140518551644166">
    <name>210.6</name>
  </wpt>
  <wpt lat="51.016949947219423" lon="4.1392552396198123">
    <name>210.7</name>
  </wpt>
  <wpt lat="51.017515091694435" lon="4.1381473832626128">
    <name>210.8</name>
  </wpt>
  <wpt lat="51.01807198055122" lon="4.13703159081326">
    <name>210.9</name>
  </wpt>
  <wpt lat="51.018548036142221" lon="4.135824519231428">
    <name>211.0</name>
  </wpt>
  <wpt lat="51.018928411198559" lon="4.1345298525851542">
    <name>211.1</name>
  </wpt>
  <wpt lat="51.019409401383776" lon="4.1333238875535105">
    <name>211.2</name>
  </wpt>
  <wpt lat="51.019945667546573" lon="4.1321764284628015">
    <name>211.3</name>
  </wpt>
  <wpt lat="51.020520414965219" lon="4.131077258471981">
    <name>211.4</name>
  </wpt>
  <wpt lat="51.021097264972937" lon="4.1299823950437995">
    <name>211.5</name>
  </wpt>
  <wpt lat="51.021342558882296" lon="4.1286387841714625">
    <name>211.6</name>
  </wpt>
  <wpt lat="51.021373741366787" lon="4.1272217818806691">
    <name>211.7</name>
  </wpt>
  <wpt lat="51.020995714411626" lon="4.1259310227824555">
    <name>211.8</name>
  </wpt>
  <wpt lat="51.020512894578587" lon="4.124724923667074">
    <name>211.9</name>
  </wpt>
  <wpt lat="51.020030268195775" lon="4.1235185756028079">
    <name>212.0</name>
  </wpt>
  <wpt lat="51.020335879033851" lon="4.1222443327726994">
    <name>212.1</name>
  </wpt>
  <wpt lat="51.020739770722294" lon="4.1209689915118251">
    <name>212.2</name>
  </wpt>
  <wpt lat="51.021159337820592" lon="4.1197106617702994">
    <name>212.3</name>
  </wpt>
  <wpt lat="51.021777417991956" lon="4.114181009555625">
    <name>212.73</name>
  </wpt>
  <wpt lat="51.021828097826962" lon="4.1129876686055473">
    <name>212.8</name>
  </wpt>
  <wpt lat="51.021882271174086" lon="4.1115636204541559">
    <name>212.9</name>
  </wpt>
  <wpt lat="51.02224606280803" lon="4.1102645227908">
    <name>213.0</name>
  </wpt>
  <wpt lat="51.022601737803264" lon="4.1089513623780993">
    <name>213.1</name>
  </wpt>
  <wpt lat="51.023001233850771" lon="4.1076715699287085">
    <name>213.2</name>
  </wpt>
  <wpt lat="51.02300252930722" lon="4.106343383339194">
    <name>213.3</name>
  </wpt>
  <wpt lat="51.022462320134139" lon="4.106784199313001">
    <name>213.4</name>
  </wpt>
  <wpt lat="51.022605035032008" lon="4.1059680844774">
    <name>213.5</name>
  </wpt>
  <wpt lat="51.023204754609388" lon="4.1049421721614392">
    <name>213.6</name>
  </wpt>
  <wpt lat="51.023948558169145" lon="4.1041408797160139">
    <name>213.7</name>
  </wpt>
  <wpt lat="51.024638534516555" lon="4.1032239895677547">
    <name>213.8</name>
  </wpt>
  <wpt lat="51.025347290269394" lon="4.1023501167515253">
    <name>213.9</name>
  </wpt>
  <wpt lat="51.025725317464705" lon="4.1016486052953329">
    <name>214.0</name>
  </wpt>
  <wpt lat="51.026487443096961" lon="4.1008905569608807">
    <name>214.1</name>
  </wpt>
  <wpt lat="51.0272583590835" lon="4.1001641756307246">
    <name>214.2</name>
  </wpt>
  <wpt lat="51.027644641894454" lon="4.0992081644040139">
    <name>214.3</name>
  </wpt>
  <wpt lat="51.02709191292692" lon="4.09835696191379">
    <name>214.4</name>
  </wpt>
  <wpt lat="51.0268349980566" lon="4.0969867685640828">
    <name>214.5</name>
  </wpt>
  <wpt lat="51.027537096014655" lon="4.0963710176270673">
    <name>214.6</name>
  </wpt>
  <wpt lat="51.027403217742595" lon="4.0977413600109518">
    <name>214.7</name>
  </wpt>
  <wpt lat="51.027605182367594" lon="4.0990021594209241">
    <name>214.8</name>
  </wpt>
  <wpt lat="51.02827075153548" lon="4.0989207129167555">
    <name>214.9</name>
  </wpt>
  <wpt lat="51.029135409935805" lon="4.098820398477768">
    <name>215.0</name>
  </wpt>
  <wpt lat="51.029992736343452" lon="4.0990090879124388">
    <name>215.1</name>
  </wpt>
  <wpt lat="51.030653817428096" lon="4.0984558824006454">
    <name>215.2</name>
  </wpt>
  <wpt lat="51.031494000008408" lon="4.0987602871819329">
    <name>215.3</name>
  </wpt>
  <wpt lat="51.031953749472642" lon="4.0999665853911829">
    <name>215.4</name>
  </wpt>
  <wpt lat="51.032138000035204" lon="4.1013551224332776">
    <name>215.5</name>
  </wpt>
  <wpt lat="51.032615776170736" lon="4.1019644434077733">
    <name>215.6</name>
  </wpt>
  <wpt lat="51.038979339559376" lon="4.1020642119602737">
    <name>216.93</name>
  </wpt>
  <wpt lat="51.039729837185448" lon="4.1020629999999887">
    <name>217.0</name>
  </wpt>
  <wpt lat="51.040618248332827" lon="4.102191999999965">
    <name>217.1</name>
  </wpt>
  <wpt lat="51.041330524555448" lon="4.10167522421555">
    <name>217.2</name>
  </wpt>
  <wpt lat="51.041836872305836" lon="4.1004945231692043">
    <name>217.3</name>
  </wpt>
  <wpt lat="51.042331366342729" lon="4.0992998316008045">
    <name>217.4</name>
  </wpt>
  <wpt lat="51.042822785825123" lon="4.09810197251922">
    <name>217.5</name>
  </wpt>
  <wpt lat="51.043319822605767" lon="4.09690994007122">
    <name>217.6</name>
  </wpt>
  <wpt lat="51.043822220819813" lon="4.0957235924603506">
    <name>217.7</name>
  </wpt>
  <wpt lat="51.044326426387784" lon="4.0945393151493663">
    <name>217.8</name>
  </wpt>
  <wpt lat="51.044821503899186" lon="4.0933451619429242">
    <name>217.9</name>
  </wpt>
  <wpt lat="51.045322961490939" lon="4.0921577872731385">
    <name>218.0</name>
  </wpt>
  <wpt lat="51.045932358602393" lon="4.0911417200864424">
    <name>218.1</name>
  </wpt>
  <wpt lat="51.04677648317449" lon="4.0906504132455259">
    <name>218.2</name>
  </wpt>
  <wpt lat="51.047619669978246" lon="4.0901537300110569">
    <name>218.3</name>
  </wpt>
  <wpt lat="51.048422009382392" lon="4.0895215853779989">
    <name>218.4</name>
  </wpt>
  <wpt lat="51.049070831304178" lon="4.088540226382344">
    <name>218.5</name>
  </wpt>
  <wpt lat="51.049524322511978" lon="4.0873139891318822">
    <name>218.6</name>
  </wpt>
  <wpt lat="51.0498146960775" lon="4.0859607690052027">
    <name>218.7</name>
  </wpt>
  <wpt lat="51.050083755464357" lon="4.0845957177634871">
    <name>218.8</name>
  </wpt>
  <wpt lat="51.050351979863734" lon="4.0832302426008527">
    <name>218.9</name>
  </wpt>
  <wpt lat="51.050618450958346" lon="4.0818640536331">
    <name>219.0</name>
  </wpt>
  <wpt lat="51.05089143907081" lon="4.0805009537525692">
    <name>219.1</name>
  </wpt>
  <wpt lat="51.051167385662517" lon="4.0791393577266346">
    <name>219.2</name>
  </wpt>
  <wpt lat="51.051444630697553" lon="4.0777784174515865">
    <name>219.3</name>
  </wpt>
  <wpt lat="51.051743635855786" lon="4.0764320198397295">
    <name>219.4</name>
  </wpt>
  <wpt lat="51.051981305084581" lon="4.0750585781749713">
    <name>219.5</name>
  </wpt>
  <wpt lat="51.05225640281833" lon="4.0736965117578228">
    <name>219.6</name>
  </wpt>
  <wpt lat="51.052531500552" lon="4.0723344372496495">
    <name>219.7</name>
  </wpt>
  <wpt lat="51.052806598285578" lon="4.0709723546502454">
    <name>219.8</name>
  </wpt>
  <wpt lat="51.053081696019078" lon="4.0696102639595111">
    <name>219.9</name>
  </wpt>
  <wpt lat="51.053354988317984" lon="4.068247245752266">
    <name>220.0</name>
  </wpt>
  <wpt lat="51.053648598905895" lon="4.0668967850293329">
    <name>220.1</name>
  </wpt>
  <wpt lat="51.053984422752222" lon="4.0656015399817358">
    <name>220.2</name>
  </wpt>
  <wpt lat="51.054304416706657" lon="4.064264465241175">
    <name>220.3</name>
  </wpt>
  <wpt lat="51.054655615218969" lon="4.0629477459372971">
    <name>220.4</name>
  </wpt>
  <wpt lat="51.055100156406489" lon="4.0618607282969252">
    <name>220.5</name>
  </wpt>
  <wpt lat="51.05556256891834" lon="4.0606687925888805">
    <name>220.6</name>
  </wpt>
  <wpt lat="51.056171429869707" lon="4.0596183562247887">
    <name>220.7</name>
  </wpt>
  <wpt lat="51.056858654902427" lon="4.0586970896962882">
    <name>220.8</name>
  </wpt>
  <wpt lat="51.057636540152508" lon="4.0579858059746412">
    <name>220.9</name>
  </wpt>
  <wpt lat="51.058343439845409" lon="4.0573174417197126">
    <name>221.0</name>
  </wpt>
  <wpt lat="51.0591081697689" lon="4.0565717459346811">
    <name>221.1</name>
  </wpt>
  <wpt lat="51.059890835234143" lon="4.055867389720154">
    <name>221.2</name>
  </wpt>
  <wpt lat="51.06070537979555" lon="4.0552683557947278">
    <name>221.3</name>
  </wpt>
  <wpt lat="51.0615423315134" lon="4.0548698293179726">
    <name>221.4</name>
  </wpt>
  <wpt lat="51.062314628059141" lon="4.0542475957545587">
    <name>221.5</name>
  </wpt>
  <wpt lat="51.063098589813919" lon="4.054257516645654">
    <name>221.6</name>
  </wpt>
  <wpt lat="51.063817762929531" lon="4.0550733497244149">
    <name>221.7</name>
  </wpt>
  <wpt lat="51.064576641028651" lon="4.0547879549309842">
    <name>221.8</name>
  </wpt>
  <wpt lat="51.065394722045745" lon="4.0541964677299323">
    <name>221.9</name>
  </wpt>
  <wpt lat="51.066202267999124" lon="4.0535884650468041">
    <name>222.0</name>
  </wpt>
  <wpt lat="51.066869563668767" lon="4.0528879705435061">
    <name>222.1</name>
  </wpt>
  <wpt lat="51.067575423805906" lon="4.0523424434874364">
    <name>222.2</name>
  </wpt>
  <wpt lat="51.068458996796949" lon="4.052075794100424">
    <name>222.3</name>
  </wpt>
  <wpt lat="51.069101685818836" lon="4.0511968088308805">
    <name>222.4</name>
  </wpt>
  <wpt lat="51.068886827313356" lon="4.0499759820225982">
    <name>222.5</name>
  </wpt>
  <wpt lat="51.06835786822284" lon="4.0488267301703615">
    <name>222.6</name>
  </wpt>
  <wpt lat="51.071280715013735" lon="4.0351922929852417">
    <name>223.94</name>
  </wpt>
  <wpt lat="51.071812173889654" lon="4.0346299355249569">
    <name>224.0</name>
  </wpt>
  <wpt lat="51.072608813210756" lon="4.0339761877363367">
    <name>224.1</name>
  </wpt>
  <wpt lat="51.073385072637741" lon="4.0333516375633529">
    <name>224.2</name>
  </wpt>
  <wpt lat="51.07414509705788" lon="4.0326072511844906">
    <name>224.3</name>
  </wpt>
  <wpt lat="51.074736475391688" lon="4.03176752009661">
    <name>224.4</name>
  </wpt>
  <wpt lat="51.075537885315576" lon="4.0311182940084365">
    <name>224.5</name>
  </wpt>
  <wpt lat="51.076341415469763" lon="4.030475470454391">
    <name>224.6</name>
  </wpt>
  <wpt lat="51.077017262772564" lon="4.0309145780986411">
    <name>224.7</name>
  </wpt>
  <wpt lat="51.077647371820774" lon="4.0319358009669184">
    <name>224.8</name>
  </wpt>
  <wpt lat="51.078261099920219" lon="4.0329821043583642">
    <name>224.9</name>
  </wpt>
  <wpt lat="51.078878557331251" lon="4.0340227883281905">
    <name>225.0</name>
  </wpt>
  <wpt lat="51.079464832491695" lon="4.0351080396885877">
    <name>225.1</name>
  </wpt>
  <wpt lat="51.080119664863318" lon="4.0357891830077612">
    <name>225.2</name>
  </wpt>
  <wpt lat="51.0809155908702" lon="4.0351227591263967">
    <name>225.3</name>
  </wpt>
  <wpt lat="51.08155803644469" lon="4.0356195657386023">
    <name>225.4</name>
  </wpt>
  <wpt lat="51.081511631631351" lon="4.0366795996081182">
    <name>225.5</name>
  </wpt>
  <wpt lat="51.080842707395405" lon="4.0376364300330474">
    <name>225.6</name>
  </wpt>
  <wpt lat="51.080173779682674" lon="4.0385932404579359">
    <name>225.7</name>
  </wpt>
  <wpt lat="51.079505092652184" lon="4.0395504632268278">
    <name>225.8</name>
  </wpt>
  <wpt lat="51.078828866550239" lon="4.0404926744747">
    <name>225.9</name>
  </wpt>
  <wpt lat="51.078040835248309" lon="4.0411804416633617">
    <name>226.0</name>
  </wpt>
  <wpt lat="51.078271227383269" lon="4.0418816709739227">
    <name>226.1</name>
  </wpt>
  <wpt lat="51.07902689650377" lon="4.0426347412208248">
    <name>226.2</name>
  </wpt>
  <wpt lat="51.079698775659018" lon="4.0433900421444084">
    <name>226.3</name>
  </wpt>
  <wpt lat="51.080437736216446" lon="4.0442059149698233">
    <name>226.4</name>
  </wpt>
  <wpt lat="51.081174789316833" lon="4.04502605046042">
    <name>226.5</name>
  </wpt>
  <wpt lat="51.081891921271634" lon="4.0458835877048616">
    <name>226.6</name>
  </wpt>
  <wpt lat="51.082480134213974" lon="4.0469642642771309">
    <name>226.7</name>
  </wpt>
  <wpt lat="51.083040184655154" lon="4.0480843687780981">
    <name>226.8</name>
  </wpt>
  <wpt lat="51.083535476010866" lon="4.0492738179140408">
    <name>226.9</name>
  </wpt>
  <wpt lat="51.083969220399581" lon="4.0505278779876672">
    <name>227.0</name>
  </wpt>
  <wpt lat="51.084471818188021" lon="4.0517133416831044">
    <name>227.1</name>
  </wpt>
  <wpt lat="51.08497931125094" lon="4.0528950335072444">
    <name>227.2</name>
  </wpt>
  <wpt lat="51.085480370883424" lon="4.054060922275136">
    <name>227.3</name>
  </wpt>
  <wpt lat="51.085885697988438" lon="4.055334554738887">
    <name>227.4</name>
  </wpt>
  <wpt lat="51.0861343270623" lon="4.0566968393703808">
    <name>227.5</name>
  </wpt>
  <wpt lat="51.086168000345623" lon="4.0581266984160393">
    <name>227.6</name>
  </wpt>
  <wpt lat="51.086583198284728" lon="4.0593402852061784">
    <name>227.7</name>
  </wpt>
  <wpt lat="51.087217496591187" lon="4.06035474138137">
    <name>227.8</name>
  </wpt>
  <wpt lat="51.087868219283088" lon="4.0613428831135412">
    <name>227.9</name>
  </wpt>
  <wpt lat="51.088517104834835" lon="4.0623341027777871">
    <name>228.0</name>
  </wpt>
  <wpt lat="51.089158380763877" lon="4.0633379184276475">
    <name>228.1</name>
  </wpt>
  <wpt lat="51.089882202576149" lon="4.0641731061439526">
    <name>228.2</name>
  </wpt>
  <wpt lat="51.090737673570793" lon="4.0645924400824018">
    <name>228.3</name>
  </wpt>
  <wpt lat="51.091623419555177" lon="4.0648356750538115">
    <name>228.4</name>
  </wpt>
  <wpt lat="51.092494169460757" lon="4.0651812542590928">
    <name>228.5</name>
  </wpt>
  <wpt lat="51.093215041019036" lon="4.0660060309647958">
    <name>228.6</name>
  </wpt>
  <wpt lat="51.093738883394579" lon="4.0671676127448215">
    <name>228.7</name>
  </wpt>
  <wpt lat="51.094252089496521" lon="4.0683435025179593">
    <name>228.8</name>
  </wpt>
  <wpt lat="51.09476078857999" lon="4.0695241849576025">
    <name>228.9</name>
  </wpt>
  <wpt lat="51.094923000013857" lon="4.07091155508024">
    <name>229.0</name>
  </wpt>
  <wpt lat="51.094938076496462" lon="4.0723432594990943">
    <name>229.1</name>
  </wpt>
  <wpt lat="51.094845415905887" lon="4.0737627493373259">
    <name>229.2</name>
  </wpt>
  <wpt lat="51.094687000097807" lon="4.0751495976734287">
    <name>229.3</name>
  </wpt>
  <wpt lat="51.094644000013439" lon="4.076577172142029">
    <name>229.4</name>
  </wpt>
  <wpt lat="51.094632804193914" lon="4.0779892792676753">
    <name>229.5</name>
  </wpt>
  <wpt lat="51.094689325756825" lon="4.079407896591924">
    <name>229.6</name>
  </wpt>
  <wpt lat="51.094956065948367" lon="4.0807719950965007">
    <name>229.7</name>
  </wpt>
  <wpt lat="51.095094577867485" lon="4.0821866428996074">
    <name>229.8</name>
  </wpt>
  <wpt lat="51.095266470283427" lon="4.0835898863698725">
    <name>229.9</name>
  </wpt>
  <wpt lat="51.095353372676165" lon="4.085008416995457">
    <name>230.0</name>
  </wpt>
  <wpt lat="51.095368207085343" lon="4.086440203498575">
    <name>230.1</name>
  </wpt>
  <wpt lat="51.095414175435955" lon="4.0878696583679961">
    <name>230.2</name>
  </wpt>
  <wpt lat="51.095518213739311" lon="4.08920316761923">
    <name>230.3</name>
  </wpt>
  <wpt lat="51.095241889871943" lon="4.090524378345183">
    <name>230.4</name>
  </wpt>
  <wpt lat="51.094645786985986" lon="4.0913616900086289">
    <name>230.5</name>
  </wpt>
  <wpt lat="51.093816343628575" lon="4.0919151036597876">
    <name>230.6</name>
  </wpt>
  <wpt lat="51.092989762317245" lon="4.0924790852769872">
    <name>230.7</name>
  </wpt>
  <wpt lat="51.09254119483527" lon="4.0934180900277415">
    <name>230.8</name>
  </wpt>
  <wpt lat="51.09277821812411" lon="4.0947941910587939">
    <name>230.9</name>
  </wpt>
  <wpt lat="51.093034795477571" lon="4.0961601640257657">
    <name>231.0</name>
  </wpt>
  <wpt lat="51.092992396578083" lon="4.0975844266260317">
    <name>231.1</name>
  </wpt>
  <wpt lat="51.092818031616709" lon="4.0989857718191294">
    <name>231.2</name>
  </wpt>
  <wpt lat="51.0925334443356" lon="4.1003408087815405">
    <name>231.3</name>
  </wpt>
  <wpt lat="51.092262000055634" lon="4.1016956982491628">
    <name>231.4</name>
  </wpt>
  <wpt lat="51.092306761092857" lon="4.1031204536105772">
    <name>231.5</name>
  </wpt>
  <wpt lat="51.091961926097269" lon="4.1043986231705931">
    <name>231.6</name>
  </wpt>
  <wpt lat="51.091587848488828" lon="4.1056437137523956">
    <name>231.7</name>
  </wpt>
  <wpt lat="51.091458424321189" lon="4.1070606240833278">
    <name>231.8</name>
  </wpt>
  <wpt lat="51.09173863213173" lon="4.1079213331228468">
    <name>231.9</name>
  </wpt>
  <wpt lat="51.092586930871619" lon="4.1079156510852153">
    <name>232.0</name>
  </wpt>
  <wpt lat="51.093056000109463" lon="4.1091088750080811">
    <name>232.1</name>
  </wpt>
  <wpt lat="51.0930441459477" lon="4.1103041138536591">
    <name>232.2</name>
  </wpt>
  <wpt lat="51.093941743616526" lon="4.1102690009474685">
    <name>232.3</name>
  </wpt>
  <wpt lat="51.094838610548429" lon="4.1101633125879236">
    <name>232.4</name>
  </wpt>
  <wpt lat="51.095419865065971" lon="4.1109888195883695">
    <name>232.5</name>
  </wpt>
  <wpt lat="51.095638136949042" lon="4.1123702865342437">
    <name>232.6</name>
  </wpt>
  <wpt lat="51.0958347958981" lon="4.1137665565771">
    <name>232.7</name>
  </wpt>
  <wpt lat="51.09609149866457" lon="4.1151389802408556">
    <name>232.8</name>
  </wpt>
  <wpt lat="51.096422967763957" lon="4.1164624096316809">
    <name>232.9</name>
  </wpt>
  <wpt lat="51.09683649887328" lon="4.1177340571134948">
    <name>233.0</name>
  </wpt>
  <wpt lat="51.09724345847718" lon="4.1190106278871434">
    <name>233.1</name>
  </wpt>
  <wpt lat="51.097615224715845" lon="4.1203111828196892">
    <name>233.2</name>
  </wpt>
  <wpt lat="51.097886253545632" lon="4.1216040026932221">
    <name>233.3</name>
  </wpt>
  <wpt lat="51.098100611891375" lon="4.1229766107405013">
    <name>233.4</name>
  </wpt>
  <wpt lat="51.098507034203649" lon="4.1242534208124679">
    <name>233.5</name>
  </wpt>
  <wpt lat="51.098812973829737" lon="4.1255985534484179">
    <name>233.6</name>
  </wpt>
  <wpt lat="51.099002927181559" lon="4.1269906461984895">
    <name>233.7</name>
  </wpt>
  <wpt lat="51.09900077030364" lon="4.1284208048263444">
    <name>233.8</name>
  </wpt>
  <wpt lat="51.099057968746756" lon="4.129829619665391">
    <name>233.9</name>
  </wpt>
  <wpt lat="51.099306563626449" lon="4.1311866778802759">
    <name>234.0</name>
  </wpt>
  <wpt lat="51.099876938525469" lon="4.1322663145650518">
    <name>234.1</name>
  </wpt>
  <wpt lat="51.100549097845381" lon="4.13319505330257">
    <name>234.2</name>
  </wpt>
  <wpt lat="51.100621502254285" lon="4.134466045991938">
    <name>234.3</name>
  </wpt>
  <wpt lat="51.100416603755811" lon="4.1358605050348975">
    <name>234.4</name>
  </wpt>
  <wpt lat="51.100219032585443" lon="4.13725752360425">
    <name>234.5</name>
  </wpt>
  <wpt lat="51.10005918344153" lon="4.1384836418806952">
    <name>234.6</name>
  </wpt>
  <wpt lat="51.100407334229729" lon="4.1398033513915555">
    <name>234.7</name>
  </wpt>
  <wpt lat="51.100611563485273" lon="4.1411824889588225">
    <name>234.8</name>
  </wpt>
  <wpt lat="51.110388316967509" lon="4.1423455725965646">
    <name>236.00</name>
  </wpt>
  <wpt lat="51.110509248617781" lon="4.1423744382115517">
    <name>236.0</name>
  </wpt>
  <wpt lat="51.111404988462581" lon="4.14250215759808">
    <name>236.1</name>
  </wpt>
  <wpt lat="51.113924913207043" lon="4.1431782848958125">
    <name>236.43</name>
  </wpt>
  <wpt lat="51.11411139323954" lon="4.1441384419195728">
    <name>236.5</name>
  </wpt>
  <wpt lat="51.114021082763955" lon="4.145562197223402">
    <name>236.6</name>
  </wpt>
  <wpt lat="51.113894920820854" lon="4.1469779315608815">
    <name>236.7</name>
  </wpt>
  <wpt lat="51.113691588191863" lon="4.1483733057958805">
    <name>236.8</name>
  </wpt>
  <wpt lat="51.113684168792076" lon="4.1497937222338095">
    <name>236.9</name>
  </wpt>
  <wpt lat="51.113819586403089" lon="4.1512099232676647">
    <name>237.0</name>
  </wpt>
  <wpt lat="51.113780924002135" lon="4.1526324908321772">
    <name>237.1</name>
  </wpt>
  <wpt lat="51.113811261374693" lon="4.1540608484554218">
    <name>237.2</name>
  </wpt>
  <wpt lat="51.11387920567423" lon="4.1554891635782134">
    <name>237.3</name>
  </wpt>
  <wpt lat="51.114042071589978" lon="4.1568926015058612">
    <name>237.4</name>
  </wpt>
  <wpt lat="51.114352469008281" lon="4.1582361959454683">
    <name>237.5</name>
  </wpt>
  <wpt lat="51.114680199156339" lon="4.1595676477421879">
    <name>237.6</name>
  </wpt>
  <wpt lat="51.114735709478808" lon="4.1609694231230669">
    <name>237.7</name>
  </wpt>
  <wpt lat="51.114562959550781" lon="4.1623751886671423">
    <name>237.8</name>
  </wpt>
  <wpt lat="51.114382792482616" lon="4.1637782863130983">
    <name>237.9</name>
  </wpt>
  <wpt lat="51.114120499349333" lon="4.16514811941649">
    <name>238.0</name>
  </wpt>
  <wpt lat="51.114171103820453" lon="4.1665363121304129">
    <name>238.1</name>
  </wpt>
  <wpt lat="51.1141870743736" lon="4.1679495188455666">
    <name>238.2</name>
  </wpt>
  <wpt lat="51.114028997249243" lon="4.1693596351949669">
    <name>238.3</name>
  </wpt>
  <wpt lat="51.113878496269258" lon="4.1707719543746578">
    <name>238.4</name>
  </wpt>
  <wpt lat="51.113743025697005" lon="4.1721880404324274">
    <name>238.5</name>
  </wpt>
  <wpt lat="51.1135950687549" lon="4.17360106850412">
    <name>238.6</name>
  </wpt>
  <wpt lat="51.1134461063033" lon="4.1750138240750472">
    <name>238.7</name>
  </wpt>
  <wpt lat="51.113412984538535" lon="4.176431576886773">
    <name>238.8</name>
  </wpt>
  <wpt lat="51.113681632412245" lon="4.1777965605675025">
    <name>238.9</name>
  </wpt>
  <wpt lat="51.113984216104008" lon="4.1791453371646456">
    <name>239.0</name>
  </wpt>
  <wpt lat="51.11434417134727" lon="4.1804578205250893">
    <name>239.1</name>
  </wpt>
  <wpt lat="51.114744881263519" lon="4.1817392455865807">
    <name>239.2</name>
  </wpt>
  <wpt lat="51.115175578874329" lon="4.1829960092970753">
    <name>239.3</name>
  </wpt>
  <wpt lat="51.115645582730636" lon="4.1842172805516924">
    <name>239.4</name>
  </wpt>
  <wpt lat="51.116077631077914" lon="4.1854727201013988">
    <name>239.5</name>
  </wpt>
  <wpt lat="51.116427515242378" lon="4.186790301921123">
    <name>239.6</name>
  </wpt>
  <wpt lat="51.116686841464364" lon="4.1881595108008138">
    <name>239.7</name>
  </wpt>
  <wpt lat="51.116895665996829" lon="4.1895448348653987">
    <name>239.8</name>
  </wpt>
  <wpt lat="51.117332981713524" lon="4.1907966806224035">
    <name>239.9</name>
  </wpt>
  <wpt lat="51.117867851848438" lon="4.1919445162086522">
    <name>240.0</name>
  </wpt>
  <wpt lat="51.1185395600191" lon="4.1928899409214475">
    <name>240.1</name>
  </wpt>
  <wpt lat="51.11922294677025" lon="4.1938211477506711">
    <name>240.2</name>
  </wpt>
  <wpt lat="51.119914939362118" lon="4.1947360221174179">
    <name>240.3</name>
  </wpt>
  <wpt lat="51.1206137613767" lon="4.1956377478559528">
    <name>240.4</name>
  </wpt>
  <wpt lat="51.1213021340907" lon="4.1965594116307461">
    <name>240.5</name>
  </wpt>
  <wpt lat="51.121994461973237" lon="4.1974736821108163">
    <name>240.6</name>
  </wpt>
  <wpt lat="51.122675151266932" lon="4.1984076294820287">
    <name>240.7</name>
  </wpt>
  <wpt lat="51.123335778513948" lon="4.199379689333937">
    <name>240.8</name>
  </wpt>
  <wpt lat="51.123951972506312" lon="4.2004222907075146">
    <name>240.9</name>
  </wpt>
  <wpt lat="51.124562918734519" lon="4.2014735265625989">
    <name>241.0</name>
  </wpt>
  <wpt lat="51.125150026405265" lon="4.2025570526404215">
    <name>241.1</name>
  </wpt>
  <wpt lat="51.125623593117375" lon="4.2037647792789148">
    <name>241.2</name>
  </wpt>
  <wpt lat="51.125886000012308" lon="4.2050311866133852">
    <name>241.3</name>
  </wpt>
  <wpt lat="51.125961627295936" lon="4.2062495269981612">
    <name>241.4</name>
  </wpt>
  <wpt lat="51.125832789021359" lon="4.2076627252094783">
    <name>241.5</name>
  </wpt>
  <wpt lat="51.125612557034088" lon="4.2090520175452726">
    <name>241.6</name>
  </wpt>
  <wpt lat="51.125260948978323" lon="4.2103430591380127">
    <name>241.7</name>
  </wpt>
  <wpt lat="51.124867210798371" lon="4.2116104263432259">
    <name>241.8</name>
  </wpt>
  <wpt lat="51.124718592589318" lon="4.2130142061007083">
    <name>241.9</name>
  </wpt>
  <wpt lat="51.124728000004069" lon="4.2144344462212047">
    <name>242.0</name>
  </wpt>
  <wpt lat="51.124546465885636" lon="4.2158373150645705">
    <name>242.1</name>
  </wpt>
  <wpt lat="51.124387825958387" lon="4.2172370839785343">
    <name>242.2</name>
  </wpt>
  <wpt lat="51.124237075955406" lon="4.2186450443121526">
    <name>242.3</name>
  </wpt>
  <wpt lat="51.124150593313" lon="4.2198749027213172">
    <name>242.4</name>
  </wpt>
  <wpt lat="51.124105000030177" lon="4.2213051152544336">
    <name>242.5</name>
  </wpt>
  <wpt lat="51.12432849842434" lon="4.2226834620659872">
    <name>242.6</name>
  </wpt>
  <wpt lat="51.124759212789513" lon="4.2238901833726707">
    <name>242.7</name>
  </wpt>
  <wpt lat="51.125369535145204" lon="4.22482768160958">
    <name>242.8</name>
  </wpt>
  <wpt lat="51.126095185278928" lon="4.2256449676115189">
    <name>242.9</name>
  </wpt>
  <wpt lat="51.126670955991884" lon="4.2267441427796717">
    <name>243.0</name>
  </wpt>
  <wpt lat="51.127160496419158" lon="4.2279428090018651">
    <name>243.1</name>
  </wpt>
  <wpt lat="51.127718240202832" lon="4.229046151944547">
    <name>243.2</name>
  </wpt>
  <wpt lat="51.1285632950405" lon="4.2292884180039927">
    <name>243.3</name>
  </wpt>
  <wpt lat="51.128826000180759" lon="4.2301849596049053">
    <name>243.4</name>
  </wpt>
  <wpt lat="51.128822997133319" lon="4.2316114190470611">
    <name>243.5</name>
  </wpt>
  <wpt lat="51.128783000146441" lon="4.2330429479798024">
    <name>243.6</name>
  </wpt>
  <wpt lat="51.12875282613966" lon="4.2344746907086153">
    <name>243.7</name>
  </wpt>
  <wpt lat="51.128712299950074" lon="4.2359061848401858">
    <name>243.8</name>
  </wpt>
  <wpt lat="51.128675281598383" lon="4.2373379840369223">
    <name>243.9</name>
  </wpt>
  <wpt lat="51.128637155876532" lon="4.2387697091561494">
    <name>244.0</name>
  </wpt>
  <wpt lat="51.128590327467869" lon="4.2402006472041185">
    <name>244.1</name>
  </wpt>
  <wpt lat="51.128555346790741" lon="4.24163088529027">
    <name>244.2</name>
  </wpt>
  <wpt lat="51.128523400931563" lon="4.2430629253625751">
    <name>244.3</name>
  </wpt>
  <wpt lat="51.128471004069816" lon="4.2444934207975322">
    <name>244.4</name>
  </wpt>
  <wpt lat="51.128514055390021" lon="4.2459227040341467">
    <name>244.5</name>
  </wpt>
  <wpt lat="51.12867890208048" lon="4.2473285956125615">
    <name>244.6</name>
  </wpt>
  <wpt lat="51.128897092457649" lon="4.2487187867660863">
    <name>244.7</name>
  </wpt>
  <wpt lat="51.129114503258016" lon="4.2501071239194292">
    <name>244.8</name>
  </wpt>
  <wpt lat="51.129347396155794" lon="4.2514903677025817">
    <name>244.9</name>
  </wpt>
  <wpt lat="51.12956653107328" lon="4.2528801674570476">
    <name>245.0</name>
  </wpt>
  <wpt lat="51.1297868855263" lon="4.2542681460537892">
    <name>245.1</name>
  </wpt>
  <wpt lat="51.129829585648096" lon="4.2556880791856218">
    <name>245.2</name>
  </wpt>
  <wpt lat="51.129733548469915" lon="4.2571128333688559">
    <name>245.3</name>
  </wpt>
  <wpt lat="51.129636678644" lon="4.2585370557999882">
    <name>245.4</name>
  </wpt>
  <wpt lat="51.1296262757334" lon="4.2599636588782328">
    <name>245.5</name>
  </wpt>
  <wpt lat="51.1296784219145" lon="4.26139407026889">
    <name>245.6</name>
  </wpt>
  <wpt lat="51.129729400209513" lon="4.2628246162776193">
    <name>245.7</name>
  </wpt>
  <wpt lat="51.12977000000631" lon="4.26425610572497">
    <name>245.8</name>
  </wpt>
  <wpt lat="51.129788759417941" lon="4.2656881375639637">
    <name>245.9</name>
  </wpt>
  <wpt lat="51.129819017980012" lon="4.2671177286943527">
    <name>246.0</name>
  </wpt>
  <wpt lat="51.130112596446139" lon="4.2684542514513284">
    <name>246.1</name>
  </wpt>
  <wpt lat="51.130591942793636" lon="4.269665887728701">
    <name>246.2</name>
  </wpt>
  <wpt lat="51.130909422968472" lon="4.2709941090777592">
    <name>246.3</name>
  </wpt>
  <wpt lat="51.131256026952457" lon="4.2723139498424274">
    <name>246.4</name>
  </wpt>
  <wpt lat="51.131668913905358" lon="4.2735867716452827">
    <name>246.5</name>
  </wpt>
  <wpt lat="51.132055725915166" lon="4.2748805026494141">
    <name>246.6</name>
  </wpt>
  <wpt lat="51.132570851759432" lon="4.2760518054359542">
    <name>246.7</name>
  </wpt>
  <wpt lat="51.1329932814491" lon="4.2773083075719329">
    <name>246.8</name>
  </wpt>
  <wpt lat="51.133361891198881" lon="4.2786123414750845">
    <name>246.9</name>
  </wpt>
  <wpt lat="51.1338003509321" lon="4.2798523943093567">
    <name>247.0</name>
  </wpt>
  <wpt lat="51.13442997876885" lon="4.2808757194032641">
    <name>247.1</name>
  </wpt>
  <wpt lat="51.135080307691481" lon="4.2818649560186373">
    <name>247.2</name>
  </wpt>
  <wpt lat="51.135746678179885" lon="4.2828274197257876">
    <name>247.3</name>
  </wpt>
  <wpt lat="51.140306777941646" lon="4.2897387210797042">
    <name>248.02</name>
  </wpt>
  <wpt lat="51.14086158894812" lon="4.2908425947745226">
    <name>248.1</name>
  </wpt>
  <wpt lat="51.141429014408459" lon="4.2919544974403081">
    <name>248.2</name>
  </wpt>
  <wpt lat="51.14198862877592" lon="4.2930762516090883">
    <name>248.3</name>
  </wpt>
  <wpt lat="51.142549130155814" lon="4.294197232047436">
    <name>248.4</name>
  </wpt>
  <wpt lat="51.143110809704382" lon="4.295316710579721">
    <name>248.5</name>
  </wpt>
  <wpt lat="51.143676783795307" lon="4.2964306826068981">
    <name>248.6</name>
  </wpt>
  <wpt lat="51.144437424235662" lon="4.2971204368644509">
    <name>248.7</name>
  </wpt>
  <wpt lat="51.14531085442021" lon="4.2974513383041106">
    <name>248.8</name>
  </wpt>
  <wpt lat="51.146182407080907" lon="4.2978046693098264">
    <name>248.9</name>
  </wpt>
  <wpt lat="51.14705369652831" lon="4.2981548659407851">
    <name>249.0</name>
  </wpt>
  <wpt lat="51.147916105724356" lon="4.2985036893945869">
    <name>249.1</name>
  </wpt>
  <wpt lat="51.148752235839524" lon="4.2990056013626354">
    <name>249.2</name>
  </wpt>
  <wpt lat="51.149616322874145" lon="4.2993995113483381">
    <name>249.3</name>
  </wpt>
  <wpt lat="51.150490499035079" lon="4.2997349337100479">
    <name>249.4</name>
  </wpt>
  <wpt lat="51.151385682771185" lon="4.2997797432910527">
    <name>249.5</name>
  </wpt>
  <wpt lat="51.152272876890244" lon="4.2999638651705343">
    <name>249.6</name>
  </wpt>
  <wpt lat="51.153138518814792" lon="4.3003377165853021">
    <name>249.7</name>
  </wpt>
  <wpt lat="51.154028105235476" lon="4.30054625040859">
    <name>249.8</name>
  </wpt>
  <wpt lat="51.154915723095606" lon="4.3007760405784348">
    <name>249.9</name>
  </wpt>
  <wpt lat="51.1558114071658" lon="4.3008689999999881">
    <name>250.0</name>
  </wpt>
  <wpt lat="51.15665841651608" lon="4.3012350395580192">
    <name>250.1</name>
  </wpt>
  <wpt lat="51.1573258570705" lon="4.3021960674494055">
    <name>250.2</name>
  </wpt>
  <wpt lat="51.158048312376891" lon="4.3030211873606738">
    <name>250.3</name>
  </wpt>
  <wpt lat="51.158933644739669" lon="4.3032622415882775">
    <name>250.4</name>
  </wpt>
  <wpt lat="51.1597820541983" lon="4.3037186632974338">
    <name>250.5</name>
  </wpt>
  <wpt lat="51.160576341264516" lon="4.3043908791314118">
    <name>250.6</name>
  </wpt>
  <wpt lat="51.161366193298853" lon="4.3050765612930508">
    <name>250.7</name>
  </wpt>
  <wpt lat="51.162120569722845" lon="4.30585246212276">
    <name>250.8</name>
  </wpt>
  <wpt lat="51.162844524654041" lon="4.3066985979496835">
    <name>250.9</name>
  </wpt>
  <wpt lat="51.163603880515915" lon="4.3074647729743614">
    <name>251.0</name>
  </wpt>
  <wpt lat="51.164377204511588" lon="4.3081932549226707">
    <name>251.1</name>
  </wpt>
  <wpt lat="51.1651545858388" lon="4.3089113493295121">
    <name>251.2</name>
  </wpt>
  <wpt lat="51.1659668158728" lon="4.3095264511128741">
    <name>251.3</name>
  </wpt>
  <wpt lat="51.166786622253532" lon="4.3101156627039954">
    <name>251.4</name>
  </wpt>
  <wpt lat="51.167613934244059" lon="4.3106766822256333">
    <name>251.5</name>
  </wpt>
  <wpt lat="51.168466148439052" lon="4.3111346976406164">
    <name>251.6</name>
  </wpt>
  <wpt lat="51.169309217752243" lon="4.3116332903678547">
    <name>251.7</name>
  </wpt>
  <wpt lat="51.170147609331472" lon="4.3121513602693859">
    <name>251.8</name>
  </wpt>
  <wpt lat="51.175389465031095" lon="4.3180066587781027">
    <name>253.61</name>
  </wpt>
  <wpt lat="51.175398532377088" lon="4.3178830143593512">
    <name>253.6</name>
  </wpt>
  <wpt lat="51.1755963802272" lon="4.3164876423848355">
    <name>253.7</name>
  </wpt>
  <wpt lat="51.176052951321033" lon="4.31573779555143">
    <name>253.8</name>
  </wpt>
  <wpt lat="51.176914771900655" lon="4.3161258859460583">
    <name>253.9</name>
  </wpt>
  <wpt lat="51.177782503049734" lon="4.31650140517551">
    <name>254.0</name>
  </wpt>
  <wpt lat="51.178618491189518" lon="4.3170227526942107">
    <name>254.1</name>
  </wpt>
  <wpt lat="51.17947446135905" lon="4.3174408721286435">
    <name>254.2</name>
  </wpt>
  <wpt lat="51.191709137870227" lon="4.3226082756916684">
    <name>255.89</name>
  </wpt>
  <wpt lat="51.19192915861" lon="4.322787866459417">
    <name>255.9</name>
  </wpt>
  <wpt lat="51.192695612167519" lon="4.3234991968584771">
    <name>256.0</name>
  </wpt>
  <wpt lat="51.193470997583454" lon="4.3242137728603129">
    <name>256.1</name>
  </wpt>
  <wpt lat="51.194270028527377" lon="4.3248363619263843">
    <name>256.2</name>
  </wpt>
  <wpt lat="51.194985572983548" lon="4.3257028519055538">
    <name>256.3</name>
  </wpt>
  <wpt lat="51.1956984878417" lon="4.32657604157599">
    <name>256.4</name>
  </wpt>
  <wpt lat="51.196434233932663" lon="4.3274012696368036">
    <name>256.5</name>
  </wpt>
  <wpt lat="51.197172398986083" lon="4.328220605747652">
    <name>256.6</name>
  </wpt>
  <wpt lat="51.197905656602813" lon="4.3290493204467015">
    <name>256.7</name>
  </wpt>
  <wpt lat="51.198488960852075" lon="4.330118423624433">
    <name>256.8</name>
  </wpt>
  <wpt lat="51.198903382843838" lon="4.331391797757834">
    <name>256.9</name>
  </wpt>
  <wpt lat="51.199355308431073" lon="4.3326307189076987">
    <name>257.0</name>
  </wpt>
  <wpt lat="51.19982468370867" lon="4.3338549460173734">
    <name>257.1</name>
  </wpt>
  <wpt lat="51.200295557776606" lon="4.3350776132377957">
    <name>257.2</name>
  </wpt>
  <wpt lat="51.200767269798682" lon="4.3362992331997772">
    <name>257.3</name>
  </wpt>
  <wpt lat="51.201334975156172" lon="4.3374119473618515">
    <name>257.4</name>
  </wpt>
  <wpt lat="51.201749593232279" lon="4.3386634922451">
    <name>257.5</name>
  </wpt>
  <wpt lat="51.202073405028926" lon="4.3399635795642526">
    <name>257.6</name>
  </wpt>
  <wpt lat="51.202146252160539" lon="4.3413861638666242">
    <name>257.7</name>
  </wpt>
  <wpt lat="51.202126000118376" lon="4.3428210614488956">
    <name>257.8</name>
  </wpt>
  <wpt lat="51.202046808106076" lon="4.3441972792844705">
    <name>257.9</name>
  </wpt>
  <wpt lat="51.2016817793996" lon="4.3454996560332422">
    <name>258.0</name>
  </wpt>
  <wpt lat="51.201595709954752" lon="4.3469252562133871">
    <name>258.1</name>
  </wpt>
  <wpt lat="51.201629141393141" lon="4.3483426320111178">
    <name>258.2</name>
  </wpt>
  <wpt lat="51.202012435882111" lon="4.3496336612931268">
    <name>258.3</name>
  </wpt>
  <wpt lat="51.2022660447715" lon="4.3510012448957367">
    <name>258.4</name>
  </wpt>
  <wpt lat="51.202681210343336" lon="4.3522740807811715">
    <name>258.5</name>
  </wpt>
  <wpt lat="51.203118021448176" lon="4.3535287230078534">
    <name>258.6</name>
  </wpt>
  <wpt lat="51.203554906065413" lon="4.354783311938311">
    <name>258.7</name>
  </wpt>
  <wpt lat="51.204074420349187" lon="4.3556535796564679">
    <name>258.8</name>
  </wpt>
  <wpt lat="51.204478260103592" lon="4.3569270183525841">
    <name>258.9</name>
  </wpt>
  <wpt lat="51.204870209955423" lon="4.3582189006773735">
    <name>259.0</name>
  </wpt>
  <wpt lat="51.205262159807155" lon="4.35951079399589">
    <name>259.1</name>
  </wpt>
  <wpt lat="51.205654109658788" lon="4.3608026983083361">
    <name>259.2</name>
  </wpt>
  <wpt lat="51.206056193466196" lon="4.3620864731297342">
    <name>259.3</name>
  </wpt>
  <wpt lat="51.206479667993285" lon="4.3633527169952977">
    <name>259.4</name>
  </wpt>
  <wpt lat="51.20691217592114" lon="4.364611254632635">
    <name>259.5</name>
  </wpt>
  <wpt lat="51.207108817873085" lon="4.3657703508850005">
    <name>259.6</name>
  </wpt>
  <wpt lat="51.207557680240896" lon="4.3670142307557382">
    <name>259.7</name>
  </wpt>
  <wpt lat="51.208050936195406" lon="4.3682069322864923">
    <name>259.8</name>
  </wpt>
  <wpt lat="51.208499371571932" lon="4.3694512246111534">
    <name>259.9</name>
  </wpt>
  <wpt lat="51.208884349971079" lon="4.3707455667994255">
    <name>260.0</name>
  </wpt>
  <wpt lat="51.209396323531884" lon="4.3719225826092227">
    <name>260.1</name>
  </wpt>
  <wpt lat="51.2099228230244" lon="4.3730863907726389">
    <name>260.2</name>
  </wpt>
  <wpt lat="51.210449322516808" lon="4.3742502122420719">
    <name>260.3</name>
  </wpt>
  <wpt lat="51.210979592392775" lon="4.375409676734682">
    <name>260.4</name>
  </wpt>
  <wpt lat="51.211509898240365" lon="4.3765691130378075">
    <name>260.5</name>
  </wpt>
  <wpt lat="51.212040204087856" lon="4.3777285626936644">
    <name>260.6</name>
  </wpt>
  <wpt lat="51.21257786288389" lon="4.3788792748006395">
    <name>260.7</name>
  </wpt>
  <wpt lat="51.213122468741332" lon="4.3800217349590023">
    <name>260.8</name>
  </wpt>
  <wpt lat="51.213724472324358" lon="4.3810877424075985">
    <name>260.9</name>
  </wpt>
  <wpt lat="51.21440297474691" lon="4.3820100731778879">
    <name>261.0</name>
  </wpt>
  <wpt lat="51.21510642823096" lon="4.3829027977648991">
    <name>261.1</name>
  </wpt>
  <wpt lat="51.215819143035041" lon="4.38377542213525">
    <name>261.2</name>
  </wpt>
  <wpt lat="51.216565983840219" lon="4.3845739837916406">
    <name>261.3</name>
  </wpt>
  <wpt lat="51.2173407672741" lon="4.3853029226012366">
    <name>261.4</name>
  </wpt>
  <wpt lat="51.218130535249877" lon="4.385988224242535">
    <name>261.5</name>
  </wpt>
  <wpt lat="51.218948159399275" lon="4.3865817650640313">
    <name>261.6</name>
  </wpt>
  <wpt lat="51.21977722335405" lon="4.3871374645134811">
    <name>261.7</name>
  </wpt>
  <wpt lat="51.220608982956385" lon="4.3876826935395679">
    <name>261.8</name>
  </wpt>
  <wpt lat="51.234931691830248" lon="4.4200660000000367">
    <name>265.62</name>
  </wpt>
  <wpt lat="51.235400507176806" lon="4.4206478102840832">
    <name>265.7</name>
  </wpt>
  <wpt lat="51.236298850562413" lon="4.4205996830808409">
    <name>265.8</name>
  </wpt>
  <wpt lat="51.237198106298173" lon="4.4205822985685312">
    <name>265.9</name>
  </wpt>
  <wpt lat="51.238097360504192" lon="4.4205647131840928">
    <name>266.0</name>
  </wpt>
  <wpt lat="51.2389965734155" lon="4.4205754006807716">
    <name>266.1</name>
  </wpt>
  <wpt lat="51.239895314799739" lon="4.4205590000000274">
    <name>266.2</name>
  </wpt>
  <wpt lat="51.24079463640566" lon="4.4205590000000274">
    <name>266.3</name>
  </wpt>
  <wpt lat="51.2416936125243" lon="4.42052912743761">
    <name>266.4</name>
  </wpt>
  <wpt lat="51.242592858970923" lon="4.4205105554087742">
    <name>266.5</name>
  </wpt>
  <wpt lat="51.243492117624243" lon="4.4204949999999776">
    <name>266.6</name>
  </wpt>
  <wpt lat="51.244387814988926" lon="4.4205108763669445">
    <name>266.7</name>
  </wpt>
  <wpt lat="51.244547002233226" lon="4.4218243491088938">
    <name>266.8</name>
  </wpt>
  <wpt lat="51.2445470006083" lon="4.4232609703868206">
    <name>266.9</name>
  </wpt>
  <wpt lat="51.244923417853279" lon="4.4240788270827593">
    <name>267.0</name>
  </wpt>
  <wpt lat="51.244919472402565" lon="4.4255131594083039">
    <name>267.1</name>
  </wpt>
  <wpt lat="51.244810836339752" lon="4.4269180363149685">
    <name>267.2</name>
  </wpt>
  <wpt lat="51.24475270195213" lon="4.4281010904655362">
    <name>267.3</name>
  </wpt>
  <wpt lat="51.244141706017352" lon="4.4288173483004147">
    <name>267.4</name>
  </wpt>
  <wpt lat="51.24430721620287" lon="4.4296001872664039">
    <name>267.5</name>
  </wpt>
  <wpt lat="51.245177247144895" lon="4.429963846432682">
    <name>267.6</name>
  </wpt>
  <wpt lat="51.245931067060276" lon="4.4307408620814117">
    <name>267.7</name>
  </wpt>
  <wpt lat="51.24671204650263" lon="4.4314483082605856">
    <name>267.8</name>
  </wpt>
  <wpt lat="51.247568524126912" lon="4.4318841620440184">
    <name>267.9</name>
  </wpt>
  <wpt lat="51.248411064358891" lon="4.4323862454086465">
    <name>268.0</name>
  </wpt>
  <wpt lat="51.249249791040548" lon="4.432904698575566">
    <name>268.1</name>
  </wpt>
  <wpt lat="51.250088376319752" lon="4.4334237516468011">
    <name>268.2</name>
  </wpt>
  <wpt lat="51.250927644584891" lon="4.4339399323426161">
    <name>268.3</name>
  </wpt>
  <wpt lat="51.2517684183816" lon="4.4344498890099562">
    <name>268.4</name>
  </wpt>
  <wpt lat="51.252609750990487" lon="4.4349574970461054">
    <name>268.5</name>
  </wpt>
  <wpt lat="51.253465093639512" lon="4.4353958370943731">
    <name>268.6</name>
  </wpt>
  <wpt lat="51.254349792740911" lon="4.4356406921329619">
    <name>268.7</name>
  </wpt>
  <wpt lat="51.254900362109467" lon="4.4362588805096852">
    <name>268.8</name>
  </wpt>
  <wpt lat="51.254928076857865" lon="4.4376951414348378">
    <name>268.9</name>
  </wpt>
  <wpt lat="51.254921484384646" lon="4.4391291551486987">
    <name>269.0</name>
  </wpt>
  <wpt lat="51.254954000095196" lon="4.4405621724284661">
    <name>269.1</name>
  </wpt>
  <wpt lat="51.255098221373558" lon="4.4419734627625322">
    <name>269.2</name>
  </wpt>
  <wpt lat="51.255255000143656" lon="4.4433866558766164">
    <name>269.3</name>
  </wpt>
  <wpt lat="51.255060416125339" lon="4.4447688709241664">
    <name>269.4</name>
  </wpt>
  <wpt lat="51.254684686381275" lon="4.446065821456326">
    <name>269.5</name>
  </wpt>
  <wpt lat="51.254604111691663" lon="4.4474909608990805">
    <name>269.6</name>
  </wpt>
  <wpt lat="51.25453913850022" lon="4.4489241403605728">
    <name>269.7</name>
  </wpt>
  <wpt lat="51.2544770742923" lon="4.450357628082239">
    <name>269.8</name>
  </wpt>
  <wpt lat="51.25440224687317" lon="4.4517883100827325">
    <name>269.9</name>
  </wpt>
  <wpt lat="51.254333908304432" lon="4.4532210835546131">
    <name>270.0</name>
  </wpt>
  <wpt lat="51.254276139003117" lon="4.4546550390758242">
    <name>270.1</name>
  </wpt>
  <wpt lat="51.2542103621906" lon="4.4560880467289428">
    <name>270.2</name>
  </wpt>
  <wpt lat="51.25414111330501" lon="4.4575206545328037">
    <name>270.3</name>
  </wpt>
  <wpt lat="51.254096000009653" lon="4.4589551255592328">
    <name>270.4</name>
  </wpt>
  <wpt lat="51.254715865626665" lon="4.4597811319305807">
    <name>270.5</name>
  </wpt>
  <wpt lat="51.255505387548638" lon="4.46046862294603">
    <name>270.6</name>
  </wpt>
  <wpt lat="51.256292793243951" lon="4.4611619911913305">
    <name>270.7</name>
  </wpt>
  <wpt lat="51.257069313027884" lon="4.4618868621976935">
    <name>270.8</name>
  </wpt>
  <wpt lat="51.257809199609312" lon="4.462563357934239">
    <name>270.9</name>
  </wpt>
  <wpt lat="51.258557279180387" lon="4.4633571306152993">
    <name>271.0</name>
  </wpt>
  <wpt lat="51.259344689914705" lon="4.4640456898977465">
    <name>271.1</name>
  </wpt>
  <wpt lat="51.260139626953233" lon="4.4642469999999506">
    <name>271.2</name>
  </wpt>
  <wpt lat="51.261037175382249" lon="4.4641831760921">
    <name>271.3</name>
  </wpt>
  <wpt lat="51.261930986711235" lon="4.4640243286593462">
    <name>271.4</name>
  </wpt>
  <wpt lat="51.262824798040221" lon="4.4638654781376381">
    <name>271.5</name>
  </wpt>
  <wpt lat="51.2637176829673" lon="4.4636948067929643">
    <name>271.6</name>
  </wpt>
  <wpt lat="51.2646101465079" lon="4.4635184091687874">
    <name>271.7</name>
  </wpt>
  <wpt lat="51.265501634718063" lon="4.4633942041663319">
    <name>271.8</name>
  </wpt>
  <wpt lat="51.266395691409087" lon="4.463241974469736">
    <name>271.9</name>
  </wpt>
  <wpt lat="51.267281930451325" lon="4.4631702312664183">
    <name>272.0</name>
  </wpt>
  <wpt lat="51.268039262390751" lon="4.4638969720217467">
    <name>272.1</name>
  </wpt>
  <wpt lat="51.268745660567305" lon="4.4647464276010131">
    <name>272.2</name>
  </wpt>
  <wpt lat="51.269479272679938" lon="4.4655749191957037">
    <name>272.3</name>
  </wpt>
  <wpt lat="51.270203260527843" lon="4.466427625837003">
    <name>272.4</name>
  </wpt>
  <wpt lat="51.270927248375664" lon="4.4672803459133714">
    <name>272.5</name>
  </wpt>
  <wpt lat="51.271651236223406" lon="4.4681330794253187">
    <name>272.6</name>
  </wpt>
  <wpt lat="51.272375224071062" lon="4.4689858263734568">
    <name>272.7</name>
  </wpt>
  <wpt lat="51.273099211918641" lon="4.4698385867583941">
    <name>272.8</name>
  </wpt>
  <wpt lat="51.273833919868316" lon="4.4706632596442786">
    <name>272.9</name>
  </wpt>
  <wpt lat="51.274556070958589" lon="4.4715200171363012">
    <name>273.0</name>
  </wpt>
  <wpt lat="51.275279418559407" lon="4.472374188592287">
    <name>273.1</name>
  </wpt>
  <wpt lat="51.276005986475219" lon="4.4732213774467189">
    <name>273.2</name>
  </wpt>
  <wpt lat="51.276730426009294" lon="4.4740732212398671">
    <name>273.3</name>
  </wpt>
  <wpt lat="51.27745450430308" lon="4.4749258662205413">
    <name>273.4</name>
  </wpt>
  <wpt lat="51.278178582596787" lon="4.4757785246404582">
    <name>273.5</name>
  </wpt>
  <wpt lat="51.2789026608904" lon="4.4766311965002279">
    <name>273.6</name>
  </wpt>
  <wpt lat="51.279626739183946" lon="4.4774838818003611">
    <name>273.7</name>
  </wpt>
  <wpt lat="51.280348138212304" lon="4.4783420112388432">
    <name>273.8</name>
  </wpt>
  <wpt lat="51.281073771897319" lon="4.4791913373615966">
    <name>273.9</name>
  </wpt>
  <wpt lat="51.28180112793374" lon="4.4800369008525385">
    <name>274.0</name>
  </wpt>
  <wpt lat="51.282528330140785" lon="4.4808828177630531">
    <name>274.1</name>
  </wpt>
  <wpt lat="51.283255400001408" lon="4.4817290390483757">
    <name>274.2</name>
  </wpt>
  <wpt lat="51.283982469861954" lon="4.4825752737295836">
    <name>274.3</name>
  </wpt>
  <wpt lat="51.28469027702193" lon="4.4832894459701294">
    <name>274.4</name>
  </wpt>
  <wpt lat="51.285443324669934" lon="4.4840484745361655">
    <name>274.5</name>
  </wpt>
  <wpt lat="51.286157311281" lon="4.4849227478885512">
    <name>274.6</name>
  </wpt>
  <wpt lat="51.286881874186093" lon="4.4857743255033684">
    <name>274.7</name>
  </wpt>
  <wpt lat="51.28760515015523" lon="4.48662414589643">
    <name>274.8</name>
  </wpt>
  <wpt lat="51.288208942365792" lon="4.4876740705330889">
    <name>274.9</name>
  </wpt>
  <wpt lat="51.288734794288722" lon="4.4888405640671172">
    <name>275.0</name>
  </wpt>
  <wpt lat="51.2892791549889" lon="4.4899849235052605">
    <name>275.1</name>
  </wpt>
  <wpt lat="51.289854421012564" lon="4.4910890753251849">
    <name>275.2</name>
  </wpt>
  <wpt lat="51.290418443224929" lon="4.4922014432136042">
    <name>275.3</name>
  </wpt>
  <wpt lat="51.291131912290155" lon="4.4930763122153854">
    <name>275.4</name>
  </wpt>
  <wpt lat="51.291866636038456" lon="4.493898820671725">
    <name>275.5</name>
  </wpt>
  <wpt lat="51.292666302135522" lon="4.4945567468050029">
    <name>275.6</name>
  </wpt>
  <wpt lat="51.293462213094" lon="4.4952247116144246">
    <name>275.7</name>
  </wpt>
  <wpt lat="51.294259918382231" lon="4.495888688739142">
    <name>275.8</name>
  </wpt>
  <wpt lat="51.295060573898624" lon="4.49654320251301">
    <name>275.9</name>
  </wpt>
  <wpt lat="51.295857496378254" lon="4.4972097034121425">
    <name>276.0</name>
  </wpt>
  <wpt lat="51.296539711024359" lon="4.4979268337862441">
    <name>276.1</name>
  </wpt>
  <wpt lat="51.297334695174307" lon="4.4985644473725941">
    <name>276.2</name>
  </wpt>
  <wpt lat="51.298133406110622" lon="4.4992252354157918">
    <name>276.3</name>
  </wpt>
  <wpt lat="51.29892798289746" lon="4.4998989057962016">
    <name>276.4</name>
  </wpt>
  <wpt lat="51.299722559684241" lon="4.5005725878376959">
    <name>276.5</name>
  </wpt>
  <wpt lat="51.300517136470944" lon="4.5012462815407828">
    <name>276.6</name>
  </wpt>
  <wpt lat="51.301314111303107" lon="4.50191267403796">
    <name>276.7</name>
  </wpt>
  <wpt lat="51.302112349479287" lon="4.50257522628853">
    <name>276.8</name>
  </wpt>
  <wpt lat="51.302910587655418" lon="4.50323779006187">
    <name>276.9</name>
  </wpt>
  <wpt lat="51.303708825831507" lon="4.5039003653585867">
    <name>277.0</name>
  </wpt>
  <wpt lat="51.304506042375714" lon="4.50456391065619">
    <name>277.1</name>
  </wpt>
  <wpt lat="51.30530416040888" lon="4.5052268661091883">
    <name>277.2</name>
  </wpt>
  <wpt lat="51.306100174387154" lon="4.5058962871960784">
    <name>277.3</name>
  </wpt>
  <wpt lat="51.30689693708328" lon="4.506563429976131">
    <name>277.4</name>
  </wpt>
  <wpt lat="51.307656307260196" lon="4.5073240321507546">
    <name>277.5</name>
  </wpt>
  <wpt lat="51.308343491543113" lon="4.5081373268305542">
    <name>277.6</name>
  </wpt>
  <wpt lat="51.309090697211452" lon="4.5089376331395545">
    <name>277.7</name>
  </wpt>
  <wpt lat="51.3098341612153" lon="4.5097470752280229">
    <name>277.8</name>
  </wpt>
  <wpt lat="51.310574611223046" lon="4.510563587616268">
    <name>277.9</name>
  </wpt>
  <wpt lat="51.311315061230708" lon="4.5113801131808637">
    <name>278.0</name>
  </wpt>
  <wpt lat="51.312056499809245" lon="4.512194350624295">
    <name>278.1</name>
  </wpt>
  <wpt lat="51.312798380248694" lon="4.5130075727376786">
    <name>278.2</name>
  </wpt>
  <wpt lat="51.313519812097582" lon="4.5138377174393538">
    <name>278.3</name>
  </wpt>
  <wpt lat="51.314257164297665" lon="4.5146614389280035">
    <name>278.4</name>
  </wpt>
  <wpt lat="51.314997007086014" lon="4.5154794354217884">
    <name>278.5</name>
  </wpt>
  <wpt lat="51.315737027779313" lon="4.5162970352389307">
    <name>278.6</name>
  </wpt>
  <wpt lat="51.316485902976545" lon="4.5170915809585379">
    <name>278.7</name>
  </wpt>
  <wpt lat="51.317289162269475" lon="4.517659816646094">
    <name>278.8</name>
  </wpt>
  <wpt lat="51.318157953595779" lon="4.5178115185291832">
    <name>278.9</name>
  </wpt>
  <wpt lat="51.3190203274869" lon="4.518219730296809">
    <name>279.0</name>
  </wpt>
  <wpt lat="51.319883354398158" lon="4.518624073104391">
    <name>279.1</name>
  </wpt>
  <wpt lat="51.320749001453294" lon="4.5190137289655912">
    <name>279.2</name>
  </wpt>
  <wpt lat="51.321612945348178" lon="4.5194127981051251">
    <name>279.3</name>
  </wpt>
  <wpt lat="51.322475107669362" lon="4.5198194462887624">
    <name>279.4</name>
  </wpt>
  <wpt lat="51.323338212845684" lon="4.5202235419724364">
    <name>279.5</name>
  </wpt>
  <wpt lat="51.3242018188367" lon="4.5206239359832692">
    <name>279.6</name>
  </wpt>
  <wpt lat="51.325066560093966" lon="4.52101878002735">
    <name>279.7</name>
  </wpt>
  <wpt lat="51.325928617268019" lon="4.5214285669833574">
    <name>279.8</name>
  </wpt>
  <wpt lat="51.326791405420416" lon="4.5218343213001413">
    <name>279.9</name>
  </wpt>
  <wpt lat="51.327654406861811" lon="4.5222386402364654">
    <name>280.0</name>
  </wpt>
  <wpt lat="51.328481888613219" lon="4.5227326897425559">
    <name>280.1</name>
  </wpt>
  <wpt lat="51.329303651851561" lon="4.5231051289354749">
    <name>280.2</name>
  </wpt>
  <wpt lat="51.330148221086944" lon="4.5235776997728125">
    <name>280.3</name>
  </wpt>
  <wpt lat="51.331011122850839" lon="4.52398315250136">
    <name>280.4</name>
  </wpt>
  <wpt lat="51.331873818970784" lon="4.5243897318050736">
    <name>280.5</name>
  </wpt>
  <wpt lat="51.332737044172639" lon="4.5247934192748849">
    <name>280.6</name>
  </wpt>
  <wpt lat="51.333600086208456" lon="4.525198126851989">
    <name>280.7</name>
  </wpt>
  <wpt lat="51.33446302983409" lon="4.5256033819666186">
    <name>280.8</name>
  </wpt>
  <wpt lat="51.335325973459724" lon="4.5260086447094912">
    <name>280.9</name>
  </wpt>
  <wpt lat="51.336187044740115" lon="4.5264237904713482">
    <name>281.0</name>
  </wpt>
  <wpt lat="51.337027558732935" lon="4.5269321949378289">
    <name>281.1</name>
  </wpt>
  <wpt lat="51.337761389145179" lon="4.5277575373511354">
    <name>281.2</name>
  </wpt>
  <wpt lat="51.338502065245429" lon="4.5285529201057146">
    <name>281.3</name>
  </wpt>
  <wpt lat="51.339170294083928" lon="4.5294809540672247">
    <name>281.4</name>
  </wpt>
  <wpt lat="51.339886460040553" lon="4.5303516923129781">
    <name>281.5</name>
  </wpt>
  <wpt lat="51.340602610936223" lon="4.5312224759046877">
    <name>281.6</name>
  </wpt>
  <wpt lat="51.341318766313364" lon="4.53209326365697">
    <name>281.7</name>
  </wpt>
  <wpt lat="51.342025829459459" lon="4.5329829014126641">
    <name>281.8</name>
  </wpt>
  <wpt lat="51.3427439518143" lon="4.5338160906436693">
    <name>281.9</name>
  </wpt>
  <wpt lat="51.343438537718868" lon="4.5347166467760172">
    <name>282.0</name>
  </wpt>
  <wpt lat="51.344155254711488" lon="4.5355862571784549">
    <name>282.1</name>
  </wpt>
  <wpt lat="51.344868253683764" lon="4.5364637187188537">
    <name>282.2</name>
  </wpt>
  <wpt lat="51.345587747454154" lon="4.5373275059463172">
    <name>282.3</name>
  </wpt>
  <wpt lat="51.346298669816782" lon="4.53820907412101">
    <name>282.4</name>
  </wpt>
  <wpt lat="51.347003697459627" lon="4.539102939069898">
    <name>282.5</name>
  </wpt>
  <wpt lat="51.347738089059327" lon="4.5399198853035108">
    <name>282.6</name>
  </wpt>
  <wpt lat="51.348453816411912" lon="4.5407917092461076">
    <name>282.7</name>
  </wpt>
  <wpt lat="51.349168733703891" lon="4.5416652497777283">
    <name>282.8</name>
  </wpt>
  <wpt lat="51.349884910415973" lon="4.5425361437903575">
    <name>282.9</name>
  </wpt>
  <wpt lat="51.350603019394363" lon="4.54340275286751">
    <name>283.0</name>
  </wpt>
  <wpt lat="51.351312162848814" lon="4.5442881039829492">
    <name>283.1</name>
  </wpt>
  <wpt lat="51.352033380718964" lon="4.545148240471228">
    <name>283.2</name>
  </wpt>
  <wpt lat="51.352748699096814" lon="4.5460209893745951">
    <name>283.3</name>
  </wpt>
  <wpt lat="51.353470172568912" lon="4.5468299292439118">
    <name>283.4</name>
  </wpt>
  <wpt lat="51.354184736940006" lon="4.5477042964989938">
    <name>283.5</name>
  </wpt>
  <wpt lat="51.354903261040278" lon="4.5485700500579274">
    <name>283.6</name>
  </wpt>
  <wpt lat="51.355621220640252" lon="4.5494370641349029">
    <name>283.7</name>
  </wpt>
  <wpt lat="51.356334375935539" lon="4.5503136494068386">
    <name>283.8</name>
  </wpt>
  <wpt lat="51.35704920763515" lon="4.5511874211078913">
    <name>283.9</name>
  </wpt>
  <wpt lat="51.357761613111442" lon="4.5520663053484638">
    <name>284.0</name>
  </wpt>
  <wpt lat="51.35847326719545" lon="4.5529468164547655">
    <name>284.1</name>
  </wpt>
  <wpt lat="51.359189312743865" lon="4.5538179151192439">
    <name>284.2</name>
  </wpt>
  <wpt lat="51.359899036281391" lon="4.5547006131873617">
    <name>284.3</name>
  </wpt>
  <wpt lat="51.360606782218355" lon="4.5555878887051966">
    <name>284.4</name>
  </wpt>
  <wpt lat="51.361321310812023" lon="4.5564624749379581">
    <name>284.5</name>
  </wpt>
  <wpt lat="51.3620368158079" lon="4.5573350172277092">
    <name>284.6</name>
  </wpt>
  <wpt lat="51.362753177860938" lon="4.55820577646553">
    <name>284.7</name>
  </wpt>
  <wpt lat="51.363468366922547" lon="4.5590790074942706">
    <name>284.8</name>
  </wpt>
  <wpt lat="51.364185732789991" lon="4.5599475706629988">
    <name>284.9</name>
  </wpt>
  <wpt lat="51.364898563748255" lon="4.5608257723777061">
    <name>285.0</name>
  </wpt>
  <wpt lat="51.365614582529872" lon="4.5616972584525746">
    <name>285.1</name>
  </wpt>
  <wpt lat="51.366329396889775" lon="4.56257131402999">
    <name>285.2</name>
  </wpt>
  <wpt lat="51.367044746046687" lon="4.5634442669875677">
    <name>285.3</name>
  </wpt>
  <wpt lat="51.367755700531255" lon="4.5643263131184106">
    <name>285.4</name>
  </wpt>
  <wpt lat="51.368470397434756" lon="4.565200684185883">
    <name>285.5</name>
  </wpt>
  <wpt lat="51.369185094338185" lon="4.5660750689008367">
    <name>285.6</name>
  </wpt>
  <wpt lat="51.369899791241522" lon="4.5669494672638811">
    <name>285.7</name>
  </wpt>
  <wpt lat="51.370612689832434" lon="4.5678276348525095">
    <name>285.8</name>
  </wpt>
  <wpt lat="51.371325130340651" lon="4.5687067724749983">
    <name>285.9</name>
  </wpt>
  <wpt lat="51.372037570848775" lon="4.5695859237775363">
    <name>286.0</name>
  </wpt>
  <wpt lat="51.372750856240486" lon="4.5704633287949488">
    <name>286.1</name>
  </wpt>
  <wpt lat="51.373464200244292" lon="4.5713406254565125">
    <name>286.2</name>
  </wpt>
  <wpt lat="51.37417194207012" lon="4.572228744827818">
    <name>286.3</name>
  </wpt>
  <wpt lat="51.37488782144861" lon="4.5731006145812927">
    <name>286.4</name>
  </wpt>
  <wpt lat="51.375601457558645" lon="4.5739773004238939">
    <name>286.5</name>
  </wpt>
  <wpt lat="51.376313444522111" lon="4.5748574762456879">
    <name>286.6</name>
  </wpt>
  <wpt lat="51.377025472723474" lon="4.5757375801001308">
    <name>286.7</name>
  </wpt>
  <wpt lat="51.377738816160942" lon="4.5766149081114795">
    <name>286.8</name>
  </wpt>
  <wpt lat="51.378462317644065" lon="4.5774706454467458">
    <name>286.9</name>
  </wpt>
  <wpt lat="51.379175672443381" lon="4.5783480290413667">
    <name>287.0</name>
  </wpt>
  <wpt lat="51.379889027242605" lon="4.5792254263100327">
    <name>287.1</name>
  </wpt>
  <wpt lat="51.380602382041744" lon="4.5801028372532508">
    <name>287.2</name>
  </wpt>
  <wpt lat="51.3813157368408" lon="4.580980261871634">
    <name>287.3</name>
  </wpt>
  <wpt lat="51.382029091639758" lon="4.5818577001657905">
    <name>287.4</name>
  </wpt>
  <wpt lat="51.382742432526896" lon="4.582735181088438">
    <name>287.5</name>
  </wpt>
  <wpt lat="51.38345375590076" lon="4.583616822303628">
    <name>287.6</name>
  </wpt>
  <wpt lat="51.384164382742561" lon="4.5844999293470083">
    <name>287.7</name>
  </wpt>
  <wpt lat="51.384878411360908" lon="4.5853760009959013">
    <name>287.8</name>
  </wpt>
  <wpt lat="51.385593465702726" lon="4.5862499363227007">
    <name>287.9</name>
  </wpt>
  <wpt lat="51.386306434200186" lon="4.5871282609140929">
    <name>288.0</name>
  </wpt>
  <wpt lat="51.387017801476276" lon="4.5880099273850243">
    <name>288.1</name>
  </wpt>
  <wpt lat="51.387742192224131" lon="4.5888636643742888">
    <name>288.2</name>
  </wpt>
  <wpt lat="51.3884464323765" lon="4.589758754300429">
    <name>288.3</name>
  </wpt>
  <wpt lat="51.389155657463412" lon="4.5906447779763679">
    <name>288.4</name>
  </wpt>
  <wpt lat="51.389875971668857" lon="4.5915063268897462">
    <name>288.5</name>
  </wpt>
  <wpt lat="51.39058567013933" lon="4.59239061206269">
    <name>288.6</name>
  </wpt>
  <wpt lat="51.391300234302527" lon="4.5932650987065333">
    <name>288.7</name>
  </wpt>
  <wpt lat="51.392018959081959" lon="4.5941310163864655">
    <name>288.8</name>
  </wpt>
  <wpt lat="51.392733273835127" lon="4.5950064921616445">
    <name>288.9</name>
  </wpt>
  <wpt lat="51.393439563911919" lon="4.595897704699933">
    <name>289.0</name>
  </wpt>
  <wpt lat="51.394157997361475" lon="4.5967634726655069">
    <name>289.1</name>
  </wpt>
  <wpt lat="51.3948712284927" lon="4.5976404986020212">
    <name>289.2</name>
  </wpt>
  <wpt lat="51.395584247881921" lon="4.5985187983146565">
    <name>289.3</name>
  </wpt>
  <wpt lat="51.396299576559464" lon="4.5993923733622672">
    <name>289.4</name>
  </wpt>
  <wpt lat="51.397012358345414" lon="4.6002711501334748">
    <name>289.5</name>
  </wpt>
  <wpt lat="51.397729191474127" lon="4.6011415477619737">
    <name>289.6</name>
  </wpt>
  <wpt lat="51.398438820931752" lon="4.6020270231476381">
    <name>289.7</name>
  </wpt>
  <wpt lat="51.399148223041585" lon="4.6029129637765971">
    <name>289.8</name>
  </wpt>
  <wpt lat="51.399861352767992" lon="4.6037911232378645">
    <name>289.9</name>
  </wpt>
  <wpt lat="51.400577677288361" lon="4.6046626816721332">
    <name>290.0</name>
  </wpt>
  <wpt lat="51.401292816835053" lon="4.6055367297364169">
    <name>290.1</name>
  </wpt>
  <wpt lat="51.402003502219536" lon="4.6064200969826539">
    <name>290.2</name>
  </wpt>
  <wpt lat="51.402714187603927" lon="4.6073034779559627">
    <name>290.3</name>
  </wpt>
  <wpt lat="51.403424872988239" lon="4.60818687265685">
    <name>290.4</name>
  </wpt>
  <wpt lat="51.404220580899768" lon="4.6088517412917573">
    <name>290.5</name>
  </wpt>
  <wpt lat="51.405045440921334" lon="4.6094261233357923">
    <name>290.6</name>
  </wpt>
  <wpt lat="51.405874194357892" lon="4.6099854826408624">
    <name>290.7</name>
  </wpt>
  <wpt lat="51.406704447652416" lon="4.6105395569941932">
    <name>290.8</name>
  </wpt>
  <wpt lat="51.4075349065046" lon="4.6110928490511691">
    <name>290.9</name>
  </wpt>
  <wpt lat="51.408286198750346" lon="4.6117432965941685">
    <name>291.0</name>
  </wpt>
  <wpt lat="51.408535359028981" lon="4.613076693278499">
    <name>291.1</name>
  </wpt>
  <wpt lat="51.408816046997124" lon="4.6144462514929119">
    <name>291.2</name>
  </wpt>
  <wpt lat="51.409320156004213" lon="4.6155010081083425">
    <name>291.3</name>
  </wpt>
  <wpt lat="51.409943680569683" lon="4.6165371867778848">
    <name>291.4</name>
  </wpt>
  <wpt lat="51.410549761680883" lon="4.6176023841841891">
    <name>291.5</name>
  </wpt>
  <wpt lat="51.411154011588742" lon="4.6186702565218622">
    <name>291.6</name>
  </wpt>
  <wpt lat="51.411764469432939" lon="4.6197290494253513">
    <name>291.7</name>
  </wpt>
  <wpt lat="51.412374607545004" lon="4.62078833085349">
    <name>291.8</name>
  </wpt>
  <wpt lat="51.41300196282284" lon="4.6218213755601685">
    <name>291.9</name>
  </wpt>
  <wpt lat="51.413634722433407" lon="4.6228460023725662">
    <name>292.0</name>
  </wpt>
  <wpt lat="51.414266138463923" lon="4.6238727692931878">
    <name>292.1</name>
  </wpt>
  <wpt lat="51.414896799202594" lon="4.6249007455741822">
    <name>292.2</name>
  </wpt>
  <wpt lat="51.415526075079157" lon="4.625930906486893">
    <name>292.3</name>
  </wpt>
  <wpt lat="51.416155890487055" lon="4.6269602417630269">
    <name>292.4</name>
  </wpt>
  <wpt lat="51.416795819600928" lon="4.6279732589346736">
    <name>292.5</name>
  </wpt>
  <wpt lat="51.417431022240763" lon="4.6289940259349134">
    <name>292.6</name>
  </wpt>
  <wpt lat="51.418056552595246" lon="4.6300298389957764">
    <name>292.7</name>
  </wpt>
  <wpt lat="51.418660463372213" lon="4.6310984013214558">
    <name>292.8</name>
  </wpt>
  <wpt lat="51.419118625911821" lon="4.6323271004846962">
    <name>292.9</name>
  </wpt>
  <wpt lat="51.419518803610075" lon="4.6336181241819565">
    <name>293.0</name>
  </wpt>
  <wpt lat="51.419919945261704" lon="4.6349069425527247">
    <name>293.1</name>
  </wpt>
  <wpt lat="51.420315945009783" lon="4.6362011884929348">
    <name>293.2</name>
  </wpt>
  <wpt lat="51.420790718557264" lon="4.6374135410892352">
    <name>293.3</name>
  </wpt>
  <wpt lat="51.421403510466938" lon="4.6384690593440041">
    <name>293.4</name>
  </wpt>
  <wpt lat="51.422049728073269" lon="4.639462589550849">
    <name>293.5</name>
  </wpt>
  <wpt lat="51.422905035415162" lon="4.6398335914400128">
    <name>293.6</name>
  </wpt>
  <wpt lat="51.423785188246107" lon="4.64011226387495">
    <name>293.7</name>
  </wpt>
  <wpt lat="51.42458380637413" lon="4.6407754146393492">
    <name>293.8</name>
  </wpt>
  <wpt lat="51.42540254590849" lon="4.6413424869190854">
    <name>293.9</name>
  </wpt>
  <wpt lat="51.426289023883093" lon="4.6415852946545746">
    <name>294.0</name>
  </wpt>
  <wpt lat="51.427178405783287" lon="4.6417934913359113">
    <name>294.1</name>
  </wpt>
  <wpt lat="51.428074626919908" lon="4.6419131580197508">
    <name>294.2</name>
  </wpt>
  <wpt lat="51.428970848056537" lon="4.6420328270507891">
    <name>294.3</name>
  </wpt>
  <wpt lat="51.429866965813773" lon="4.6421544593968092">
    <name>294.4</name>
  </wpt>
  <wpt lat="51.43076320737373" lon="4.6422737389937092">
    <name>294.5</name>
  </wpt>
  <wpt lat="51.431659448933679" lon="4.6423930209304807">
    <name>294.6</name>
  </wpt>
  <wpt lat="51.432555798961495" lon="4.6425101862787441">
    <name>294.7</name>
  </wpt>
  <wpt lat="51.433451553485121" lon="4.6425713535343061">
    <name>294.8</name>
  </wpt>
  <wpt lat="51.434333779942143" lon="4.6422914190226008">
    <name>294.9</name>
  </wpt>
  <wpt lat="51.435224202035208" lon="4.6421412645773765">
    <name>295.0</name>
  </wpt>
  <wpt lat="51.436120452453089" lon="4.6422488626581817">
    <name>295.1</name>
  </wpt>
  <wpt lat="51.437006676630446" lon="4.642491769480519">
    <name>295.2</name>
  </wpt>
  <wpt lat="51.437886638359537" lon="4.6427895037789222">
    <name>295.3</name>
  </wpt>
  <wpt lat="51.43876735680184" lon="4.6430813460476683">
    <name>295.4</name>
  </wpt>
  <wpt lat="51.439648344686368" lon="4.64337111392425">
    <name>295.5</name>
  </wpt>
  <wpt lat="51.440528819159027" lon="4.6436649382310122">
    <name>295.6</name>
  </wpt>
  <wpt lat="51.441409336003012" lon="4.6439584413508079">
    <name>295.7</name>
  </wpt>
  <wpt lat="51.442292927213707" lon="4.6442195012678669">
    <name>295.8</name>
  </wpt>
  <wpt lat="51.443184924885635" lon="4.6440951625574378">
    <name>295.9</name>
  </wpt>
  <wpt lat="51.444071424649835" lon="4.6438524568480366">
    <name>296.0</name>
  </wpt>
  <wpt lat="51.444957505455221" lon="4.6436059853298319">
    <name>296.1</name>
  </wpt>
  <wpt lat="51.44580753201695" lon="4.6431428544233677">
    <name>296.2</name>
  </wpt>
  <wpt lat="51.4466485580646" lon="4.6426317916337121">
    <name>296.3</name>
  </wpt>
  <wpt lat="51.447472582556188" lon="4.642055369221306">
    <name>296.4</name>
  </wpt>
  <wpt lat="51.448316111579793" lon="4.6415664298326273">
    <name>296.5</name>
  </wpt>
  <wpt lat="51.449170591667936" lon="4.6411247554138813">
    <name>296.6</name>
  </wpt>
  <wpt lat="51.449778293317117" lon="4.6400878399976">
    <name>296.7</name>
  </wpt>
  <wpt lat="51.450433372501706" lon="4.639707671354742">
    <name>296.8</name>
  </wpt>
  <wpt lat="51.451263351587052" lon="4.6402633421076507">
    <name>296.9</name>
  </wpt>
  <wpt lat="51.452093205595318" lon="4.6408195035455426">
    <name>297.0</name>
  </wpt>
  <wpt lat="51.452875117895672" lon="4.6414161767573345">
    <name>297.1</name>
  </wpt>
  <wpt lat="51.453689794820257" lon="4.6420112897761685">
    <name>297.2</name>
  </wpt>
  <wpt lat="51.454413069516377" lon="4.6428270586891465">
    <name>297.3</name>
  </wpt>
  <wpt lat="51.454956081114354" lon="4.643976146198102">
    <name>297.4</name>
  </wpt>
  <wpt lat="51.455491248227759" lon="4.6451098230044412">
    <name>297.5</name>
  </wpt>
  <wpt lat="51.456162190782727" lon="4.6460144563063235">
    <name>297.6</name>
  </wpt>
  <wpt lat="51.456971053438465" lon="4.6463730534280776">
    <name>297.7</name>
  </wpt>
  <wpt lat="51.457740701154535" lon="4.6471195437950552">
    <name>297.8</name>
  </wpt>
  <wpt lat="51.458504438373829" lon="4.6478627527121166">
    <name>297.9</name>
  </wpt>
  <wpt lat="51.459278379087863" lon="4.6485978045592091">
    <name>298.0</name>
  </wpt>
  <wpt lat="51.4600500993794" lon="4.6493389225194726">
    <name>298.1</name>
  </wpt>
  <wpt lat="51.460821566587491" lon="4.6500807316950787">
    <name>298.2</name>
  </wpt>
  <wpt lat="51.461587407528064" lon="4.6508351338120262">
    <name>298.3</name>
  </wpt>
  <wpt lat="51.462367806645382" lon="4.6515524334703118">
    <name>298.4</name>
  </wpt>
  <wpt lat="51.463138550070056" lon="4.6522962161615755">
    <name>298.5</name>
  </wpt>
  <wpt lat="51.463811881579666" lon="4.6531180000000294">
    <name>298.6</name>
  </wpt>
  <wpt lat="51.464606061058355" lon="4.653678456631579">
    <name>298.7</name>
  </wpt>
  <wpt lat="51.465378248987406" lon="4.6544184056155578">
    <name>298.8</name>
  </wpt>
  <wpt lat="51.4661483719393" lon="4.6551633716958527">
    <name>298.9</name>
  </wpt>
  <wpt lat="51.466921160968347" lon="4.6558994341838886">
    <name>299.0</name>
  </wpt>
  <wpt lat="51.471018949488176" lon="4.6678099354678242">
    <name>300.57</name>
  </wpt>
  <wpt lat="51.471280934245506" lon="4.6683729853725211">
    <name>300.6</name>
  </wpt>
  <wpt lat="51.472040353276547" lon="4.6689865424060706">
    <name>300.7</name>
  </wpt>
  <wpt lat="51.472765728224665" lon="4.6693456303590635">
    <name>300.8</name>
  </wpt>
  <wpt lat="51.47266325031709" lon="4.6707794321247293">
    <name>300.9</name>
  </wpt>
  <wpt lat="51.473570935068935" lon="4.67513299999998">
    <name>301.28</name>
  </wpt>
  <wpt lat="51.473872019944814" lon="4.6751004230085593">
    <name>301.3</name>
  </wpt>
  <wpt lat="51.474542685769684" lon="4.67425763397297">
    <name>301.4</name>
  </wpt>
  <wpt lat="51.474960454914815" lon="4.6729790195541145">
    <name>301.5</name>
  </wpt>
  <wpt lat="51.47623866983804" lon="4.6695717380532837">
    <name>301.81</name>
  </wpt>
  <wpt lat="51.476307837281233" lon="4.6696277112252975">
    <name>301.8</name>
  </wpt>
  <wpt lat="51.477119336462984" lon="4.6700184540298135">
    <name>301.9</name>
  </wpt>
  <wpt lat="51.477931473674651" lon="4.6706386401094715">
    <name>302.0</name>
  </wpt>
  <wpt lat="51.478725312300853" lon="4.6713165719845184">
    <name>302.1</name>
  </wpt>
  <wpt lat="51.479524417912486" lon="4.6719784690009281">
    <name>302.2</name>
  </wpt>
  <wpt lat="51.480329387083209" lon="4.6726223529882391">
    <name>302.3</name>
  </wpt>
  <wpt lat="51.481133682995328" lon="4.6732683751395143">
    <name>302.4</name>
  </wpt>
  <wpt lat="51.48193197818042" lon="4.6739333601078146">
    <name>302.5</name>
  </wpt>
  <wpt lat="51.4827345142211" lon="4.6745850215188209">
    <name>302.6</name>
  </wpt>
  <wpt lat="51.483538048576236" lon="4.6752335552884814">
    <name>302.7</name>
  </wpt>
  <wpt lat="51.484341582931314" lon="4.6758821004859517">
    <name>302.8</name>
  </wpt>
  <wpt lat="51.485145117286358" lon="4.67653065711174">
    <name>302.9</name>
  </wpt>
  <wpt lat="51.485945810454211" lon="4.6771882005864285">
    <name>303.0</name>
  </wpt>
  <wpt lat="51.486754710014537" lon="4.6778193299432784">
    <name>303.1</name>
  </wpt>
  <wpt lat="51.487559116952553" lon="4.67846512533678">
    <name>303.2</name>
  </wpt>
  <wpt lat="51.488406847764914" lon="4.6789014770117738">
    <name>303.3</name>
  </wpt>
  <wpt lat="51.489298578425966" lon="4.6790872087114508">
    <name>303.4</name>
  </wpt>
  <wpt lat="51.49019030725831" lon="4.6792708967021044">
    <name>303.5</name>
  </wpt>
  <wpt lat="51.491058327459669" lon="4.6796273608875048">
    <name>303.6</name>
  </wpt>
  <wpt lat="51.491880914766156" lon="4.6802089942826361">
    <name>303.7</name>
  </wpt>
  <wpt lat="51.492684507435854" lon="4.6808574717124092">
    <name>303.8</name>
  </wpt>
  <wpt lat="51.493488582414891" lon="4.6815044040329923">
    <name>303.9</name>
  </wpt>
  <wpt lat="51.494294895237886" lon="4.6821441347293584">
    <name>304.0</name>
  </wpt>
  <wpt lat="51.495098658082114" lon="4.682792068543">
    <name>304.1</name>
  </wpt>
  <wpt lat="51.495901087711246" lon="4.6834442966334846">
    <name>304.2</name>
  </wpt>
  <wpt lat="51.496706303137962" lon="4.6840869345958032">
    <name>304.3</name>
  </wpt>
  <wpt lat="51.497511547137179" lon="4.6847299416582864">
    <name>304.4</name>
  </wpt>
  <wpt lat="51.498313320459538" lon="4.6853842336918206">
    <name>304.5</name>
  </wpt>
  <wpt lat="51.499115431864439" lon="4.686037498299326">
    <name>304.6</name>
  </wpt>
  <wpt lat="51.499921075191629" lon="4.686679470622642">
    <name>304.7</name>
  </wpt>
  <wpt lat="51.50072846597795" lon="4.6873157648305366">
    <name>304.8</name>
  </wpt>
  <wpt lat="51.501537579544674" lon="4.6879463052476886">
    <name>304.9</name>
  </wpt>
  <wpt lat="51.502342059955723" lon="4.68859207394733">
    <name>305.0</name>
  </wpt>
  <wpt lat="51.503146540366721" lon="4.6892378540470965">
    <name>305.1</name>
  </wpt>
  <wpt lat="51.50395102077767" lon="4.6898836455476">
    <name>305.2</name>
  </wpt>
  <wpt lat="51.5047554998701" lon="4.6905294526776036">
    <name>305.3</name>
  </wpt>
  <wpt lat="51.505560021788384" lon="4.6911751335096641">
    <name>305.4</name>
  </wpt>
  <wpt lat="51.506366500992" lon="4.6918144292378487">
    <name>305.5</name>
  </wpt>
  <wpt lat="51.507171188649771" lon="4.6924594820771732">
    <name>305.6</name>
  </wpt>
  <wpt lat="51.50797391258677" lon="4.6931109320329965">
    <name>305.7</name>
  </wpt>
  <wpt lat="51.508779822610506" lon="4.6937521688844406">
    <name>305.8</name>
  </wpt>
  <wpt lat="51.50958350618825" lon="4.6944005654908745">
    <name>305.9</name>
  </wpt>
  <wpt lat="51.510387811335114" lon="4.6950467493178358">
    <name>306.0</name>
  </wpt>
  <wpt lat="51.51118960116834" lon="4.6957012237756715">
    <name>306.1</name>
  </wpt>
  <wpt lat="51.511991951397114" lon="4.6963539328406272">
    <name>306.2</name>
  </wpt>
  <wpt lat="51.512796439047847" lon="4.6969997377552346">
    <name>306.3</name>
  </wpt>
  <wpt lat="51.513601516307929" lon="4.697643743071902">
    <name>306.4</name>
  </wpt>
  <wpt lat="51.514404602131471" lon="4.6982939911776347">
    <name>306.5</name>
  </wpt>
  <wpt lat="51.514996968766795" lon="4.6993616809506564">
    <name>306.6</name>
  </wpt>
  <wpt lat="51.515477882112854" lon="4.7005782667041238">
    <name>306.7</name>
  </wpt>
  <wpt lat="51.515917560001959" lon="4.7018346534178228">
    <name>306.8</name>
  </wpt>
  <wpt lat="51.516685561008877" lon="4.70256258328372">
    <name>306.9</name>
  </wpt>
  <wpt lat="51.517485726647735" lon="4.703028969251573">
    <name>307.0</name>
  </wpt>
  <wpt lat="51.5183751020316" lon="4.7028182707638368">
    <name>307.1</name>
  </wpt>
  <wpt lat="51.519269246358029" lon="4.7027385615590394">
    <name>307.2</name>
  </wpt>
  <wpt lat="51.519850241175135" lon="4.7034891115879462">
    <name>307.3</name>
  </wpt>
  <wpt lat="51.51934542960781" lon="4.7046840741392995">
    <name>307.4</name>
  </wpt>
  <wpt lat="51.518728616317674" lon="4.7057228900652435">
    <name>307.5</name>
  </wpt>
  <wpt lat="51.518047077514424" lon="4.70666571146014">
    <name>307.6</name>
  </wpt>
  <wpt lat="51.517465489726348" lon="4.7075385841481507">
    <name>307.7</name>
  </wpt>
  <wpt lat="51.516927703306465" lon="4.7086757302798219">
    <name>307.8</name>
  </wpt>
  <wpt lat="51.51623628787938" lon="4.7095998733273188">
    <name>307.9</name>
  </wpt>
  <wpt lat="51.515552848939258" lon="4.71053906103335">
    <name>308.0</name>
  </wpt>
  <wpt lat="51.514960458473773" lon="4.7116132110894995">
    <name>308.1</name>
  </wpt>
  <wpt lat="51.514355679333953" lon="4.7126734694790011">
    <name>308.2</name>
  </wpt>
  <wpt lat="51.513680466542347" lon="4.71362799157459">
    <name>308.3</name>
  </wpt>
  <wpt lat="51.513000429721117" lon="4.7145719177438581">
    <name>308.4</name>
  </wpt>
  <wpt lat="51.512250672334595" lon="4.7153686573350742">
    <name>308.5</name>
  </wpt>
  <wpt lat="51.511487301069813" lon="4.7161325981737736">
    <name>308.6</name>
  </wpt>
  <wpt lat="51.510684490615283" lon="4.7166787932608258">
    <name>308.7</name>
  </wpt>
  <wpt lat="51.5101082190258" lon="4.7177342386886272">
    <name>308.8</name>
  </wpt>
  <wpt lat="51.5094285839461" lon="4.7186792636937378">
    <name>308.9</name>
  </wpt>
  <wpt lat="51.508668346315154" lon="4.7194423499686895">
    <name>309.0</name>
  </wpt>
  <wpt lat="51.507858968583974" lon="4.720071724922315">
    <name>309.1</name>
  </wpt>
  <wpt lat="51.507043322009864" lon="4.7206803466074385">
    <name>309.2</name>
  </wpt>
  <wpt lat="51.506228569107961" lon="4.7212920296663121">
    <name>309.3</name>
  </wpt>
  <wpt lat="51.505424954558627" lon="4.7219370458595389">
    <name>309.4</name>
  </wpt>
  <wpt lat="51.50470334120898" lon="4.722798028925574">
    <name>309.5</name>
  </wpt>
  <wpt lat="51.504148397152008" lon="4.7239180950913413">
    <name>309.6</name>
  </wpt>
  <wpt lat="51.503772172711294" lon="4.7252285119075">
    <name>309.7</name>
  </wpt>
  <wpt lat="51.503939322344877" lon="4.726610582345864">
    <name>309.8</name>
  </wpt>
  <wpt lat="51.504413935489822" lon="4.72779075065154">
    <name>309.9</name>
  </wpt>
  <wpt lat="51.50505901434358" lon="4.7287870564303409">
    <name>310.0</name>
  </wpt>
  <wpt lat="51.505562318832347" lon="4.72998436235983">
    <name>310.1</name>
  </wpt>
  <wpt lat="51.505766926687159" lon="4.7313338609913318">
    <name>310.2</name>
  </wpt>
  <wpt lat="51.505209402249847" lon="4.7324528250151081">
    <name>310.3</name>
  </wpt>
  <wpt lat="51.504462851187377" lon="4.7331951117520692">
    <name>310.4</name>
  </wpt>
  <wpt lat="51.5036397723757" lon="4.7337652348450971">
    <name>310.5</name>
  </wpt>
  <wpt lat="51.502858787553016" lon="4.7344812126716764">
    <name>310.6</name>
  </wpt>
  <wpt lat="51.502648704362464" lon="4.7356121995671989">
    <name>310.7</name>
  </wpt>
  <wpt lat="51.503422684034696" lon="4.7363403020949777">
    <name>310.8</name>
  </wpt>
  <wpt lat="51.504189797211446" lon="4.7370940294726696">
    <name>310.9</name>
  </wpt>
  <wpt lat="51.504999378884918" lon="4.7376904593099436">
    <name>311.0</name>
  </wpt>
  <wpt lat="51.50565647912984" lon="4.738264300813265">
    <name>311.1</name>
  </wpt>
  <wpt lat="51.505567181772065" lon="4.7397019979004291">
    <name>311.2</name>
  </wpt>
  <wpt lat="51.505477884414304" lon="4.7411396921700808">
    <name>311.3</name>
  </wpt>
  <wpt lat="51.50537549619267" lon="4.742574951018887">
    <name>311.4</name>
  </wpt>
  <wpt lat="51.505294151921909" lon="4.7440134049748632">
    <name>311.5</name>
  </wpt>
  <wpt lat="51.505194564161293" lon="4.7454493415816543">
    <name>311.6</name>
  </wpt>
  <wpt lat="51.505094207194496" lon="4.7468851398669871">
    <name>311.7</name>
  </wpt>
  <wpt lat="51.505001000370058" lon="4.7483215738841338">
    <name>311.8</name>
  </wpt>
  <wpt lat="51.50504659833377" lon="4.749761858482298">
    <name>311.9</name>
  </wpt>
  <wpt lat="51.505238290295594" lon="4.7511731473652166">
    <name>312.0</name>
  </wpt>
  <wpt lat="51.505465418150187" lon="4.7525691525437948">
    <name>312.1</name>
  </wpt>
  <wpt lat="51.505759522900988" lon="4.7535911668735116">
    <name>312.2</name>
  </wpt>
  <wpt lat="51.505315151412596" lon="4.7548454008314724">
    <name>312.3</name>
  </wpt>
  <wpt lat="51.504746956013882" lon="4.7559628838167809">
    <name>312.4</name>
  </wpt>
  <wpt lat="51.504204305029809" lon="4.7571064641884862">
    <name>312.5</name>
  </wpt>
  <wpt lat="51.504034737587347" lon="4.7584428242622785">
    <name>312.6</name>
  </wpt>
  <wpt lat="51.504321366091887" lon="4.7598113657974768">
    <name>312.7</name>
  </wpt>
  <wpt lat="51.504570008779439" lon="4.7611998481303672">
    <name>312.8</name>
  </wpt>
  <wpt lat="51.50481984972366" lon="4.7625877792997979">
    <name>312.9</name>
  </wpt>
  <wpt lat="51.505072601794353" lon="4.76397436052783">
    <name>313.0</name>
  </wpt>
  <wpt lat="51.505325357579096" lon="4.7653609477001915">
    <name>313.1</name>
  </wpt>
  <wpt lat="51.505578113363782" lon="4.766747542564">
    <name>313.2</name>
  </wpt>
  <wpt lat="51.5057520000926" lon="4.7681586628399639">
    <name>313.3</name>
  </wpt>
  <wpt lat="51.505646379478861" lon="4.7695803753930086">
    <name>313.4</name>
  </wpt>
  <wpt lat="51.505327292087053" lon="4.770912595616319">
    <name>313.5</name>
  </wpt>
  <wpt lat="51.505251724441436" lon="4.7723522716085771">
    <name>313.6</name>
  </wpt>
  <wpt lat="51.505177714113039" lon="4.773792195394237">
    <name>313.7</name>
  </wpt>
  <wpt lat="51.5049156118722" lon="4.7751662689617271">
    <name>313.8</name>
  </wpt>
  <wpt lat="51.504693095127038" lon="4.7765654644756239">
    <name>313.9</name>
  </wpt>
  <wpt lat="51.504501246363489" lon="4.777977000654964">
    <name>314.0</name>
  </wpt>
  <wpt lat="51.504876244932596" lon="4.778794723158466">
    <name>314.1</name>
  </wpt>
  <wpt lat="51.505194002084806" lon="4.7797079075051681">
    <name>314.2</name>
  </wpt>
  <wpt lat="51.505230155367542" lon="4.7811505263528193">
    <name>314.3</name>
  </wpt>
  <wpt lat="51.50529543826817" lon="4.7825896118553048">
    <name>314.4</name>
  </wpt>
  <wpt lat="51.505362091185511" lon="4.7840299982121861">
    <name>314.5</name>
  </wpt>
  <wpt lat="51.505490645390822" lon="4.7854552620541186">
    <name>314.6</name>
  </wpt>
  <wpt lat="51.5061204362786" lon="4.7864460127893924">
    <name>314.7</name>
  </wpt>
  <wpt lat="51.506192069777242" lon="4.7878609439939659">
    <name>314.8</name>
  </wpt>
  <wpt lat="51.506004811393659" lon="4.78927412789584">
    <name>314.9</name>
  </wpt>
  <wpt lat="51.505799572983527" lon="4.790679534725764">
    <name>315.0</name>
  </wpt>
  <wpt lat="51.505687686124929" lon="4.79209374824026">
    <name>315.1</name>
  </wpt>
  <wpt lat="51.505191834116935" lon="4.7927935646318964">
    <name>315.2</name>
  </wpt>
  <wpt lat="51.504350938878659" lon="4.7932846181581708">
    <name>315.3</name>
  </wpt>
  <wpt lat="51.503612499866882" lon="4.7941004293588882">
    <name>315.4</name>
  </wpt>
  <wpt lat="51.502959223348" lon="4.7950932691435426">
    <name>315.5</name>
  </wpt>
  <wpt lat="51.502240263815743" lon="4.79595373644167">
    <name>315.6</name>
  </wpt>
  <wpt lat="51.501441933817482" lon="4.79661663909563">
    <name>315.7</name>
  </wpt>
  <wpt lat="51.501106161824367" lon="4.79762579507023">
    <name>315.8</name>
  </wpt>
  <wpt lat="51.501239279307818" lon="4.7990545773981834">
    <name>315.9</name>
  </wpt>
  <wpt lat="51.501287731431411" lon="4.8004960055012234">
    <name>316.0</name>
  </wpt>
  <wpt lat="51.50130924705293" lon="4.801940292191242">
    <name>316.1</name>
  </wpt>
  <wpt lat="51.5014545592555" lon="4.8033597271918254">
    <name>316.2</name>
  </wpt>
  <wpt lat="51.501502543878814" lon="4.8048023754947717">
    <name>316.3</name>
  </wpt>
  <wpt lat="51.501550528502122" lon="4.8062450253166489">
    <name>316.4</name>
  </wpt>
  <wpt lat="51.501598513125415" lon="4.8076876766575589">
    <name>316.5</name>
  </wpt>
  <wpt lat="51.501646497748695" lon="4.809130329517501">
    <name>316.6</name>
  </wpt>
  <wpt lat="51.5016137741837" lon="4.8105638229750562">
    <name>316.7</name>
  </wpt>
  <wpt lat="51.501394676982528" lon="4.8119606703686859">
    <name>316.8</name>
  </wpt>
  <wpt lat="51.501338860011558" lon="4.8132734943137141">
    <name>316.9</name>
  </wpt>
  <wpt lat="51.501867023260814" lon="4.8144179969621073">
    <name>317.0</name>
  </wpt>
  <wpt lat="51.502276516296959" lon="4.8157042644859871">
    <name>317.1</name>
  </wpt>
  <wpt lat="51.502618148299604" lon="4.8170201365212417">
    <name>317.2</name>
  </wpt>
  <wpt lat="51.5024701800431" lon="4.818445148754023">
    <name>317.3</name>
  </wpt>
  <wpt lat="51.502319421842174" lon="4.8198694396685529">
    <name>317.4</name>
  </wpt>
  <wpt lat="51.502168663641292" lon="4.821293725871282">
    <name>317.5</name>
  </wpt>
  <wpt lat="51.502021399693859" lon="4.8227189412576417">
    <name>317.6</name>
  </wpt>
  <wpt lat="51.501876865875907" lon="4.824144882452484">
    <name>317.7</name>
  </wpt>
  <wpt lat="51.501732332058012" lon="4.8255708191249322">
    <name>317.8</name>
  </wpt>
  <wpt lat="51.501452156748847" lon="4.8268925935747378">
    <name>317.9</name>
  </wpt>
  <wpt lat="51.500913058883619" lon="4.8280403583351736">
    <name>318.0</name>
  </wpt>
  <wpt lat="51.500432653716331" lon="4.8292616307866965">
    <name>318.1</name>
  </wpt>
  <wpt lat="51.499948388235786" lon="4.8304789579337708">
    <name>318.2</name>
  </wpt>
  <wpt lat="51.499468066730863" lon="4.8317002976197774">
    <name>318.3</name>
  </wpt>
  <wpt lat="51.49897965220476" lon="4.8329129671413042">
    <name>318.4</name>
  </wpt>
  <wpt lat="51.498452650561376" lon="4.8340753307965265">
    <name>318.5</name>
  </wpt>
  <wpt lat="51.498109230519" lon="4.8354077166349327">
    <name>318.6</name>
  </wpt>
  <wpt lat="51.497791711259531" lon="4.8367583689712728">
    <name>318.7</name>
  </wpt>
  <wpt lat="51.498283700015833" lon="4.8374543649477983">
    <name>318.8</name>
  </wpt>
  <wpt lat="51.499140197171947" lon="4.8378939313252314">
    <name>318.9</name>
  </wpt>
  <wpt lat="51.4999806156684" lon="4.8384058725925385">
    <name>319.0</name>
  </wpt>
  <wpt lat="51.500841430113084" lon="4.8388231522924459">
    <name>319.1</name>
  </wpt>
  <wpt lat="51.501704480271506" lon="4.8392293076189574">
    <name>319.2</name>
  </wpt>
  <wpt lat="51.502440185297338" lon="4.8399886945425168">
    <name>319.3</name>
  </wpt>
  <wpt lat="51.503036157081219" lon="4.8410706549230378">
    <name>319.4</name>
  </wpt>
  <wpt lat="51.503631373576852" lon="4.8421537025565842">
    <name>319.5</name>
  </wpt>
  <wpt lat="51.504252970504659" lon="4.8431925348213172">
    <name>319.6</name>
  </wpt>
  <wpt lat="51.505116392980078" lon="4.8433240853494146">
    <name>319.7</name>
  </wpt>
  <wpt lat="51.505964367708962" lon="4.8434937302987624">
    <name>319.8</name>
  </wpt>
  <wpt lat="51.506741124726354" lon="4.84422191173768">
    <name>319.9</name>
  </wpt>
  <wpt lat="51.507463897343406" lon="4.8450619500518766">
    <name>320.0</name>
  </wpt>
  <wpt lat="51.508205472786692" lon="4.84584035048633">
    <name>320.1</name>
  </wpt>
  <wpt lat="51.509026420653953" lon="4.8464303010946486">
    <name>320.2</name>
  </wpt>
  <wpt lat="51.509885069696551" lon="4.8468492543491992">
    <name>320.3</name>
  </wpt>
  <wpt lat="51.510699524437612" lon="4.8474423052704179">
    <name>320.4</name>
  </wpt>
  <wpt lat="51.511416288713271" lon="4.8479332958466452">
    <name>320.5</name>
  </wpt>
  <wpt lat="51.511330597401077" lon="4.8490803796257955">
    <name>320.6</name>
  </wpt>
  <wpt lat="51.510524342995623" lon="4.849720539499085">
    <name>320.7</name>
  </wpt>
  <wpt lat="51.509718088590212" lon="4.8503606880434935">
    <name>320.8</name>
  </wpt>
  <wpt lat="51.509017470294715" lon="4.8512280601186148">
    <name>320.9</name>
  </wpt>
  <wpt lat="51.508526613311155" lon="4.8524339641475249">
    <name>321.0</name>
  </wpt>
  <wpt lat="51.5082190000779" lon="4.8537591543713834">
    <name>321.1</name>
  </wpt>
  <wpt lat="51.50795088574484" lon="4.8551217248514886">
    <name>321.2</name>
  </wpt>
  <wpt lat="51.50758737694634" lon="4.8564433016625426">
    <name>321.3</name>
  </wpt>
  <wpt lat="51.507228167622053" lon="4.85776792992768">
    <name>321.4</name>
  </wpt>
  <wpt lat="51.506756091163616" lon="4.8589603912550059">
    <name>321.5</name>
  </wpt>
  <wpt lat="51.505970453679645" lon="4.859650943113639">
    <name>321.6</name>
  </wpt>
  <wpt lat="51.505447641739927" lon="4.860818075057967">
    <name>321.7</name>
  </wpt>
  <wpt lat="51.505736099028" lon="4.8614779548173912">
    <name>321.8</name>
  </wpt>
  <wpt lat="51.506547810523507" lon="4.8620985245542823">
    <name>321.9</name>
  </wpt>
  <wpt lat="51.5072205465979" lon="4.863051158869145">
    <name>322.0</name>
  </wpt>
  <wpt lat="51.507798106677249" lon="4.8640980851560931">
    <name>322.1</name>
  </wpt>
  <wpt lat="51.508418864027156" lon="4.86514357389787">
    <name>322.2</name>
  </wpt>
  <wpt lat="51.509046437648642" lon="4.8661756168686487">
    <name>322.3</name>
  </wpt>
  <wpt lat="51.509767009692105" lon="4.867013224374162">
    <name>322.4</name>
  </wpt>
  <wpt lat="51.510575856713949" lon="4.8676448737110931">
    <name>322.5</name>
  </wpt>
  <wpt lat="51.511388690220841" lon="4.8682606990210786">
    <name>322.6</name>
  </wpt>
  <wpt lat="51.512251230978023" lon="4.8686512729257245">
    <name>322.7</name>
  </wpt>
  <wpt lat="51.513109360024693" lon="4.8690758506168912">
    <name>322.8</name>
  </wpt>
  <wpt lat="51.513947804532975" lon="4.869560036889796">
    <name>322.9</name>
  </wpt>
  <wpt lat="51.514671754992307" lon="4.8704123222635234">
    <name>323.0</name>
  </wpt>
  <wpt lat="51.515255389348425" lon="4.8715086818005062">
    <name>323.1</name>
  </wpt>
  <wpt lat="51.515787590920695" lon="4.8726736165917064">
    <name>323.2</name>
  </wpt>
  <wpt lat="51.516366830982129" lon="4.8737738469314182">
    <name>323.3</name>
  </wpt>
  <wpt lat="51.516939539907632" lon="4.8748870460042175">
    <name>323.4</name>
  </wpt>
  <wpt lat="51.517553031175247" lon="4.8759428497260338">
    <name>323.5</name>
  </wpt>
  <wpt lat="51.518175995684523" lon="4.8769845126294733">
    <name>323.6</name>
  </wpt>
  <wpt lat="51.518786426424121" lon="4.8780458326690956">
    <name>323.7</name>
  </wpt>
  <wpt lat="51.519348190132156" lon="4.8791716821358584">
    <name>323.8</name>
  </wpt>
  <wpt lat="51.519979302811336" lon="4.8801649084140886">
    <name>323.9</name>
  </wpt>
  <wpt lat="51.520533934226471" lon="4.8812933383158557">
    <name>324.0</name>
  </wpt>
  <wpt lat="51.521196677660612" lon="4.8822511843364733">
    <name>324.1</name>
  </wpt>
  <wpt lat="51.521810498345452" lon="4.8833074655167454">
    <name>324.2</name>
  </wpt>
  <wpt lat="51.522423319551443" lon="4.8843646385666863">
    <name>324.3</name>
  </wpt>
  <wpt lat="51.522998010222778" lon="4.885468494670036">
    <name>324.4</name>
  </wpt>
  <wpt lat="51.523609747624036" lon="4.8865279637834691">
    <name>324.5</name>
  </wpt>
  <wpt lat="51.524227184831311" lon="4.8875783578371257">
    <name>324.6</name>
  </wpt>
  <wpt lat="51.524842290727086" lon="4.8886318197656875">
    <name>324.7</name>
  </wpt>
  <wpt lat="51.525461073268218" lon="4.8896803230327137">
    <name>324.8</name>
  </wpt>
  <wpt lat="51.526070888662233" lon="4.8907426077442393">
    <name>324.9</name>
  </wpt>
  <wpt lat="51.526677649139323" lon="4.8918095342634222">
    <name>325.0</name>
  </wpt>
  <wpt lat="51.527293453725058" lon="4.8928629900633354">
    <name>325.1</name>
  </wpt>
  <wpt lat="51.527909878026044" lon="4.8939155363223161">
    <name>325.2</name>
  </wpt>
  <wpt lat="51.528523737351946" lon="4.8949719556744338">
    <name>325.3</name>
  </wpt>
  <wpt lat="51.5291329513875" lon="4.896035261092214">
    <name>325.4</name>
  </wpt>
  <wpt lat="51.529743046557506" lon="4.897097334856122">
    <name>325.5</name>
  </wpt>
  <wpt lat="51.530353141727389" lon="4.8981594228530385">
    <name>325.6</name>
  </wpt>
  <wpt lat="51.530963236897179" lon="4.8992215250833695">
    <name>325.7</name>
  </wpt>
  <wpt lat="51.531590931345427" lon="4.9002564510251414">
    <name>325.8</name>
  </wpt>
  <wpt lat="51.532203112554235" lon="4.901315337739625">
    <name>325.9</name>
  </wpt>
  <wpt lat="51.5328128135905" lon="4.9023780678071756">
    <name>326.0</name>
  </wpt>
  <wpt lat="51.533423721418934" lon="4.9034386948416921">
    <name>326.1</name>
  </wpt>
  <wpt lat="51.534057570910683" lon="4.9044629591577733">
    <name>326.2</name>
  </wpt>
  <wpt lat="51.534669904582479" lon="4.9055214952444484">
    <name>326.3</name>
  </wpt>
  <wpt lat="51.535268106440725" lon="4.9066010391384509">
    <name>326.4</name>
  </wpt>
  <wpt lat="51.535834640451753" lon="4.9077184083844774">
    <name>326.5</name>
  </wpt>
  <wpt lat="51.5364266202047" lon="4.9088068083300449">
    <name>326.6</name>
  </wpt>
  <wpt lat="51.536998105373733" lon="4.9099225949654457">
    <name>326.7</name>
  </wpt>
  <wpt lat="51.537532005942126" lon="4.9110844880507329">
    <name>326.8</name>
  </wpt>
  <wpt lat="51.53811351739671" lon="4.9121867125069363">
    <name>326.9</name>
  </wpt>
  <wpt lat="51.5386743154792" lon="4.9133046267220264">
    <name>327.0</name>
  </wpt>
  <wpt lat="51.539206867162669" lon="4.914461071461675">
    <name>327.1</name>
  </wpt>
  <wpt lat="51.539773000039531" lon="4.9155801409802269">
    <name>327.2</name>
  </wpt>
  <wpt lat="51.540304292739329" lon="4.9167429080938483">
    <name>327.3</name>
  </wpt>
  <wpt lat="51.540660103589708" lon="4.91805689819327">
    <name>327.4</name>
  </wpt>
  <wpt lat="51.540688634686539" lon="4.9194952587772187">
    <name>327.5</name>
  </wpt>
  <wpt lat="51.540660260335542" lon="4.9209402449255606">
    <name>327.6</name>
  </wpt>
  <wpt lat="51.540594763125341" lon="4.9223813000026642">
    <name>327.7</name>
  </wpt>
  <wpt lat="51.540635025805742" lon="4.9238156912804261">
    <name>327.8</name>
  </wpt>
  <wpt lat="51.541260521490706" lon="4.9247994581625845">
    <name>327.9</name>
  </wpt>
  <wpt lat="51.542086866578792" lon="4.9253586457252343">
    <name>328.0</name>
  </wpt>
  <wpt lat="51.542329706826173" lon="4.9267343795075611">
    <name>328.1</name>
  </wpt>
  <wpt lat="51.542581951901091" lon="4.9280954741138085">
    <name>328.2</name>
  </wpt>
  <wpt lat="51.542585792781026" lon="4.9295266519301064">
    <name>328.3</name>
  </wpt>
  <wpt lat="51.542453304105315" lon="4.9309568815480436">
    <name>328.4</name>
  </wpt>
  <wpt lat="51.542321365860957" lon="4.9323872336787078">
    <name>328.5</name>
  </wpt>
  <wpt lat="51.542294000058583" lon="4.9338320337906563">
    <name>328.6</name>
  </wpt>
  <wpt lat="51.542294000516279" lon="4.9352780354582517">
    <name>328.7</name>
  </wpt>
  <wpt lat="51.542294000140345" lon="4.9367240371257459">
    <name>328.8</name>
  </wpt>
  <wpt lat="51.542294002123207" lon="4.9381700387933414">
    <name>328.9</name>
  </wpt>
  <wpt lat="51.542315000036517" lon="4.9396153035905366">
    <name>329.0</name>
  </wpt>
  <wpt lat="51.542446062212761" lon="4.9407903528292785">
    <name>329.1</name>
  </wpt>
  <wpt lat="51.543330036838768" lon="4.941055028103607">
    <name>329.2</name>
  </wpt>
  <wpt lat="51.544205008534661" lon="4.9413890031481582">
    <name>329.3</name>
  </wpt>
  <wpt lat="51.545082928201261" lon="4.9417023713714983">
    <name>329.4</name>
  </wpt>
  <wpt lat="51.545945362722932" lon="4.9421036357069736">
    <name>329.5</name>
  </wpt>
  <wpt lat="51.546792574432295" lon="4.942584236946578">
    <name>329.6</name>
  </wpt>
  <wpt lat="51.54768464392415" lon="4.9425173863024892">
    <name>329.7</name>
  </wpt>
  <wpt lat="51.548542242542446" lon="4.9420945966918879">
    <name>329.8</name>
  </wpt>
  <wpt lat="51.549381452184626" lon="4.9415747362136919">
    <name>329.9</name>
  </wpt>
  <wpt lat="51.550209906292842" lon="4.9410121544915295">
    <name>330.0</name>
  </wpt>
  <wpt lat="51.550731969874526" lon="4.9417453642396181">
    <name>330.1</name>
  </wpt>
  <wpt lat="51.551042312527883" lon="4.94310155373571">
    <name>330.2</name>
  </wpt>
  <wpt lat="51.551405106654357" lon="4.9444249337676851">
    <name>330.3</name>
  </wpt>
  <wpt lat="51.551818893349022" lon="4.9456500687392655">
    <name>330.4</name>
  </wpt>
  <wpt lat="51.552522780193385" lon="4.9465020603085152">
    <name>330.5</name>
  </wpt>
  <wpt lat="51.5530991762126" lon="4.9471271856682746">
    <name>330.6</name>
  </wpt>
  <wpt lat="51.553616837956525" lon="4.9482914795032054">
    <name>330.7</name>
  </wpt>
  <wpt lat="51.554134744181361" lon="4.9494726901315085">
    <name>330.8</name>
  </wpt>
  <wpt lat="51.554474413293057" lon="4.950803950318587">
    <name>330.9</name>
  </wpt>
  <wpt lat="51.554778945385614" lon="4.9521640728057514">
    <name>331.0</name>
  </wpt>
  <wpt lat="51.555059278240044" lon="4.9533771382502563">
    <name>331.1</name>
  </wpt>
  <wpt lat="51.554743872098754" lon="4.9547193052834855">
    <name>331.2</name>
  </wpt>
  <wpt lat="51.554707649972094" lon="4.9561122371556854">
    <name>331.3</name>
  </wpt>
  <wpt lat="51.55486169521658" lon="4.9575366803585323">
    <name>331.4</name>
  </wpt>
  <wpt lat="51.555059845385422" lon="4.95894500927793">
    <name>331.5</name>
  </wpt>
  <wpt lat="51.555369901146705" lon="4.9603015279801594">
    <name>331.6</name>
  </wpt>
  <wpt lat="51.555703488601104" lon="4.9616447626738926">
    <name>331.7</name>
  </wpt>
  <wpt lat="51.556042121912583" lon="4.9629844576886271">
    <name>331.8</name>
  </wpt>
  <wpt lat="51.556525261575622" lon="4.9641989656185954">
    <name>331.9</name>
  </wpt>
  <wpt lat="51.557118616818371" lon="4.9652851232638513">
    <name>332.0</name>
  </wpt>
  <wpt lat="51.557749380106195" lon="4.966309226750834">
    <name>332.1</name>
  </wpt>
  <wpt lat="51.558499301118907" lon="4.9671068700118317">
    <name>332.2</name>
  </wpt>
  <wpt lat="51.559275243156051" lon="4.9678372851534878">
    <name>332.3</name>
  </wpt>
  <wpt lat="51.560071448042251" lon="4.9685098536410592">
    <name>332.4</name>
  </wpt>
  <wpt lat="51.560933745732271" lon="4.9688037085596166">
    <name>332.5</name>
  </wpt>
  <wpt lat="51.561824261182416" lon="4.9686020272465807">
    <name>332.6</name>
  </wpt>
  <wpt lat="51.562714718357434" lon="4.96839941318586">
    <name>332.7</name>
  </wpt>
  <wpt lat="51.563316802349583" lon="4.9687503862413092">
    <name>332.8</name>
  </wpt>
  <wpt lat="51.563456530693344" lon="4.9701794904834307">
    <name>332.9</name>
  </wpt>
  <wpt lat="51.564042651231873" lon="4.9707390056681477">
    <name>333.0</name>
  </wpt>
  <wpt lat="51.564318051845596" lon="4.9720628727488938">
    <name>333.1</name>
  </wpt>
  <wpt lat="51.564808233899406" lon="4.9728401811060552">
    <name>333.2</name>
  </wpt>
  <wpt lat="51.564909176914078" lon="4.9742777571737751">
    <name>333.3</name>
  </wpt>
  <wpt lat="51.565111506289689" lon="4.9756514730917081">
    <name>333.4</name>
  </wpt>
  <wpt lat="51.565904094500382" lon="4.9763269070718774">
    <name>333.5</name>
  </wpt>
  <wpt lat="51.566494877119851" lon="4.9765612395419856">
    <name>333.6</name>
  </wpt>
  <wpt lat="51.567355659911996" lon="4.9767106290063037">
    <name>333.7</name>
  </wpt>
  <wpt lat="51.576562130927158" lon="4.98279286908493">
    <name>334.94</name>
  </wpt>
  <wpt lat="51.577194950510773" lon="4.9824820170198736">
    <name>335.0</name>
  </wpt>
  <wpt lat="51.578056410455623" lon="4.982067817074066">
    <name>335.1</name>
  </wpt>
  <wpt lat="51.5789378152476" lon="4.9817865102329115">
    <name>335.2</name>
  </wpt>
  <wpt lat="51.579836342367805" lon="4.9817420000000139">
    <name>335.3</name>
  </wpt>
  <wpt lat="51.580720391794969" lon="4.98197326101162">
    <name>335.4</name>
  </wpt>
  <wpt lat="51.58157748907233" lon="4.9824035616677955">
    <name>335.5</name>
  </wpt>
  <wpt lat="51.58232608204959" lon="4.9826892410800578">
    <name>335.6</name>
  </wpt>
  <wpt lat="51.583133806606988" lon="4.9833249916339586">
    <name>335.7</name>
  </wpt>
  <wpt lat="51.583944932375175" lon="4.9839476989571239">
    <name>335.8</name>
  </wpt>
  <wpt lat="51.584813689984223" lon="4.9842901744156265">
    <name>335.9</name>
  </wpt>
  <wpt lat="51.58568942070066" lon="4.9840329330624416">
    <name>336.0</name>
  </wpt>
  <wpt lat="51.58639909374515" lon="4.9831622319969151">
    <name>336.1</name>
  </wpt>
  <wpt lat="51.586906573147722" lon="4.9819738300334118">
    <name>336.2</name>
  </wpt>
  <wpt lat="51.587507959948638" lon="4.9819203654077233">
    <name>336.3</name>
  </wpt>
  <wpt lat="51.588028980132812" lon="4.9830995428533686">
    <name>336.4</name>
  </wpt>
  <wpt lat="51.608624753078374" lon="4.9877142709946725">
    <name>339.33</name>
  </wpt>
  <wpt lat="51.60905234547964" lon="4.9866666162584155">
    <name>339.4</name>
  </wpt>
  <wpt lat="51.609490881349537" lon="4.9854023831241534">
    <name>339.5</name>
  </wpt>
  <wpt lat="51.609885249731619" lon="4.98410786576986">
    <name>339.6</name>
  </wpt>
  <wpt lat="51.609941823080682" lon="4.9826801063438122">
    <name>339.7</name>
  </wpt>
  <wpt lat="51.610574818210551" lon="4.9822829004348881">
    <name>339.8</name>
  </wpt>
  <wpt lat="51.611034245316688" lon="4.9810395699068071">
    <name>339.9</name>
  </wpt>
  <wpt lat="51.611571054442621" lon="4.9798779413645882">
    <name>340.0</name>
  </wpt>
  <wpt lat="51.612116446330532" lon="4.9787264313142536">
    <name>340.1</name>
  </wpt>
  <wpt lat="51.6126652444903" lon="4.97757911479575">
    <name>340.2</name>
  </wpt>
  <wpt lat="51.613214515562682" lon="4.9764323684748772">
    <name>340.3</name>
  </wpt>
  <wpt lat="51.613763786634969" lon="4.9752856082770149">
    <name>340.4</name>
  </wpt>
  <wpt lat="51.614313057707136" lon="4.9741388342017565">
    <name>340.5</name>
  </wpt>
  <wpt lat="51.6148685372094" lon="4.9729999287249411">
    <name>340.6</name>
  </wpt>
  <wpt lat="51.6154238051205" lon="4.9718607547049887">
    <name>340.7</name>
  </wpt>
  <wpt lat="51.615963265044734" lon="4.9707019228684688">
    <name>340.8</name>
  </wpt>
  <wpt lat="51.61648765449354" lon="4.969532301836602">
    <name>340.9</name>
  </wpt>
  <wpt lat="51.6169210453747" lon="4.9682632186669746">
    <name>341.0</name>
  </wpt>
  <wpt lat="51.617319891458926" lon="4.966966005037194">
    <name>341.1</name>
  </wpt>
  <wpt lat="51.617690599306243" lon="4.965646837963777">
    <name>341.2</name>
  </wpt>
  <wpt lat="51.618051840106745" lon="4.96432104739806">
    <name>341.3</name>
  </wpt>
  <wpt lat="51.6184369820521" lon="4.9630121889275927">
    <name>341.4</name>
  </wpt>
  <wpt lat="51.618827163305575" lon="4.9617075939143431">
    <name>341.5</name>
  </wpt>
  <wpt lat="51.619223500323258" lon="4.9604078670084206">
    <name>341.6</name>
  </wpt>
  <wpt lat="51.619546365258451" lon="4.9591299596128247">
    <name>341.7</name>
  </wpt>
  <wpt lat="51.618708557281423" lon="4.9586057175716611">
    <name>341.8</name>
  </wpt>
  <wpt lat="51.617868376662948" lon="4.9580891388724293">
    <name>341.9</name>
  </wpt>
  <wpt lat="51.617222686097861" lon="4.9574114713620343">
    <name>342.0</name>
  </wpt>
  <wpt lat="51.61743687489615" lon="4.9560049636976595">
    <name>342.1</name>
  </wpt>
  <wpt lat="51.617649285744889" lon="4.9545976733855932">
    <name>342.2</name>
  </wpt>
  <wpt lat="51.617854585463505" lon="4.9531878686825133">
    <name>342.3</name>
  </wpt>
  <wpt lat="51.618108761748175" lon="4.9518038787817389">
    <name>342.4</name>
  </wpt>
  <wpt lat="51.618337502683183" lon="4.95127153222253">
    <name>342.49</name>
  </wpt>
  <wpt lat="51.618428527613027" lon="4.9509855024432143">
    <name>342.5</name>
  </wpt>
  <wpt lat="51.618890212924271" lon="4.9497426556480866">
    <name>342.6</name>
  </wpt>
  <wpt lat="51.619389554375552" lon="4.9485382998889724">
    <name>342.7</name>
  </wpt>
  <wpt lat="51.620013591860967" lon="4.9475101832494381">
    <name>342.8</name>
  </wpt>
  <wpt lat="51.620724813021731" lon="4.9466237267477409">
    <name>342.9</name>
  </wpt>
  <wpt lat="51.621385563571543" lon="4.9456435004683152">
    <name>343.0</name>
  </wpt>
  <wpt lat="51.622008674381313" lon="4.944599651238458">
    <name>343.1</name>
  </wpt>
  <wpt lat="51.629219000000425" lon="4.9386318102966387">
    <name>344.54</name>
  </wpt>
  <wpt lat="51.629092264621228" lon="4.937698480513423">
    <name>344.6</name>
  </wpt>
  <wpt lat="51.6285295601699" lon="4.9365691203320816">
    <name>344.7</name>
  </wpt>
  <wpt lat="51.628235936677804" lon="4.93540353556751">
    <name>344.8</name>
  </wpt>
  <wpt lat="51.627368169733217" lon="4.9356626108521366">
    <name>344.9</name>
  </wpt>
  <wpt lat="51.626491631589424" lon="4.9359864380450782">
    <name>345.0</name>
  </wpt>
  <wpt lat="51.625613388495566" lon="4.9362982282811485">
    <name>345.1</name>
  </wpt>
  <wpt lat="51.624737772384655" lon="4.9366285323495358">
    <name>345.2</name>
  </wpt>
  <wpt lat="51.624735177304331" lon="4.9352389145111957">
    <name>345.3</name>
  </wpt>
  <wpt lat="51.624774446180844" lon="4.9337956241236718">
    <name>345.4</name>
  </wpt>
  <wpt lat="51.624575333904815" lon="4.9323841547929756">
    <name>345.5</name>
  </wpt>
  <wpt lat="51.623448167817266" lon="4.9236483621350775">
    <name>347.39</name>
  </wpt>
  <wpt lat="51.623465071320091" lon="4.9232338257325878">
    <name>347.4</name>
  </wpt>
  <wpt lat="51.6251431344666" lon="4.9232965176189429">
    <name>347.61</name>
  </wpt>
  <wpt lat="51.625153534689041" lon="4.9233471004610792">
    <name>347.6</name>
  </wpt>
  <wpt lat="51.625915000633526" lon="4.9232605955592854">
    <name>347.7</name>
  </wpt>
  <wpt lat="51.625973530649865" lon="4.92186569011708">
    <name>347.8</name>
  </wpt>
  <wpt lat="51.619354675344518" lon="4.9134523790732247">
    <name>349.01</name>
  </wpt>
  <wpt lat="51.619376017710557" lon="4.913358428540656">
    <name>349.0</name>
  </wpt>
  <wpt lat="51.6186742913657" lon="4.9124526197136005">
    <name>349.1</name>
  </wpt>
  <wpt lat="51.617932288491176" lon="4.9116443466228912">
    <name>349.2</name>
  </wpt>
  <wpt lat="51.617076868130695" lon="4.9112354318646432">
    <name>349.3</name>
  </wpt>
  <wpt lat="51.616181959568173" lon="4.911280459037318">
    <name>349.4</name>
  </wpt>
  <wpt lat="51.615351191304946" lon="4.91182382269597">
    <name>349.5</name>
  </wpt>
  <wpt lat="51.614562229984031" lon="4.9125182689366937">
    <name>349.6</name>
  </wpt>
  <wpt lat="51.613786134313784" lon="4.9132500028902095">
    <name>349.7</name>
  </wpt>
  <wpt lat="51.61300998390611" lon="4.9139815737357209">
    <name>349.8</name>
  </wpt>
  <wpt lat="51.612246430126646" lon="4.9147462088145977">
    <name>349.9</name>
  </wpt>
  <wpt lat="51.611471431656796" lon="4.9154790420175809">
    <name>350.0</name>
  </wpt>
  <wpt lat="51.610649056690178" lon="4.9160647865962686">
    <name>350.1</name>
  </wpt>
  <wpt lat="51.609823925047429" lon="4.9166407584569987">
    <name>350.2</name>
  </wpt>
  <wpt lat="51.60899838696762" lon="4.9172151381539368">
    <name>350.3</name>
  </wpt>
  <wpt lat="51.608138645028177" lon="4.9176191982793149">
    <name>350.4</name>
  </wpt>
  <wpt lat="51.607244469824643" lon="4.91776620764836">
    <name>350.5</name>
  </wpt>
  <wpt lat="51.606354533116075" lon="4.9179662336087873">
    <name>350.6</name>
  </wpt>
  <wpt lat="51.605473930498782" lon="4.91826013630864">
    <name>350.7</name>
  </wpt>
  <wpt lat="51.604589000919454" lon="4.9185125147203275">
    <name>350.8</name>
  </wpt>
  <wpt lat="51.603692887032445" lon="4.91862388756994">
    <name>350.9</name>
  </wpt>
  <wpt lat="51.602794098456435" lon="4.9186559999999773">
    <name>351.0</name>
  </wpt>
  <wpt lat="51.601894776850514" lon="4.9186559999999773">
    <name>351.1</name>
  </wpt>
  <wpt lat="51.601020553635749" lon="4.9183652758316683">
    <name>351.2</name>
  </wpt>
  <wpt lat="51.600161738670081" lon="4.9179527830595271">
    <name>351.3</name>
  </wpt>
  <wpt lat="51.599298034141206" lon="4.9175507633913726">
    <name>351.4</name>
  </wpt>
  <wpt lat="51.598419579385514" lon="4.9172417742646193">
    <name>351.5</name>
  </wpt>
  <wpt lat="51.597564748690552" lon="4.9168749999999832">
    <name>351.6</name>
  </wpt>
  <wpt lat="51.596682437949532" lon="4.9167921819730562">
    <name>351.7</name>
  </wpt>
  <wpt lat="51.595787469471325" lon="4.9166534817736007">
    <name>351.8</name>
  </wpt>
  <wpt lat="51.594892478075323" lon="4.9165486862908159">
    <name>351.9</name>
  </wpt>
  <wpt lat="51.594021381432675" lon="4.9169018398486539">
    <name>352.0</name>
  </wpt>
  <wpt lat="51.5931472889938" lon="4.9172408555884219">
    <name>352.1</name>
  </wpt>
  <wpt lat="51.592273091736494" lon="4.9175771199104341">
    <name>352.2</name>
  </wpt>
  <wpt lat="51.59139391177564" lon="4.9178801662704048">
    <name>352.3</name>
  </wpt>
  <wpt lat="51.590536627633334" lon="4.91822511683371">
    <name>352.4</name>
  </wpt>
  <wpt lat="51.589869839336764" lon="4.917797060836139">
    <name>352.5</name>
  </wpt>
  <wpt lat="51.589379287385512" lon="4.9165858810116188">
    <name>352.6</name>
  </wpt>
  <wpt lat="51.588912107965946" lon="4.9153496481852432">
    <name>352.7</name>
  </wpt>
  <wpt lat="51.588534391106734" lon="4.91403901830561">
    <name>352.8</name>
  </wpt>
  <wpt lat="51.58833855703142" lon="4.9126268502382962">
    <name>352.9</name>
  </wpt>
  <wpt lat="51.582478146706556" lon="4.9072751760164648">
    <name>353.94</name>
  </wpt>
  <wpt lat="51.581917696518936" lon="4.9076462147983326">
    <name>354.0</name>
  </wpt>
  <wpt lat="51.581130940408784" lon="4.9083455570018346">
    <name>354.1</name>
  </wpt>
  <wpt lat="51.580338000007991" lon="4.908747060216915">
    <name>354.2</name>
  </wpt>
  <wpt lat="51.579586108475951" lon="4.9083010792305428">
    <name>354.3</name>
  </wpt>
  <wpt lat="51.579227854855205" lon="4.9070282277396275">
    <name>354.4</name>
  </wpt>
  <wpt lat="51.579158000104343" lon="4.905588366174471">
    <name>354.5</name>
  </wpt>
  <wpt lat="51.579388380431112" lon="4.9041910995636844">
    <name>354.6</name>
  </wpt>
  <wpt lat="51.579587000194621" lon="4.9027849819342411">
    <name>354.7</name>
  </wpt>
  <wpt lat="51.57929816466438" lon="4.9014641229173836">
    <name>354.8</name>
  </wpt>
  <wpt lat="51.578644811772108" lon="4.90047041686678">
    <name>354.9</name>
  </wpt>
  <wpt lat="51.577977896259455" lon="4.8995000180065782">
    <name>355.0</name>
  </wpt>
  <wpt lat="51.57728969503917" lon="4.8985684462236154">
    <name>355.1</name>
  </wpt>
  <wpt lat="51.57660149381897" lon="4.8976368885464385">
    <name>355.2</name>
  </wpt>
  <wpt lat="51.5759080230144" lon="4.8967170228488213">
    <name>355.3</name>
  </wpt>
  <wpt lat="51.575287115187578" lon="4.8956814467571954">
    <name>355.4</name>
  </wpt>
  <wpt lat="51.574701708337116" lon="4.8945830538452952">
    <name>355.5</name>
  </wpt>
  <wpt lat="51.574002674626463" lon="4.8937575604753327">
    <name>355.6</name>
  </wpt>
  <wpt lat="51.573558000049246" lon="4.8929166895398577">
    <name>355.7</name>
  </wpt>
  <wpt lat="51.573586934904739" lon="4.8914704828144213">
    <name>355.8</name>
  </wpt>
  <wpt lat="51.573601000013113" lon="4.8900238827404747">
    <name>355.9</name>
  </wpt>
  <wpt lat="51.573638271306784" lon="4.8885781400347614">
    <name>356.0</name>
  </wpt>
  <wpt lat="51.573738593851239" lon="4.8871408228330475">
    <name>356.1</name>
  </wpt>
  <wpt lat="51.573659332043917" lon="4.88570397050996">
    <name>356.2</name>
  </wpt>
  <wpt lat="51.573320011198277" lon="4.8843698035827128">
    <name>356.3</name>
  </wpt>
  <wpt lat="51.573194392082954" lon="4.8829796937194834">
    <name>356.4</name>
  </wpt>
  <wpt lat="51.573224471821057" lon="4.881575949836316">
    <name>356.5</name>
  </wpt>
  <wpt lat="51.573347319824457" lon="4.8801427213560133">
    <name>356.6</name>
  </wpt>
  <wpt lat="51.573408000330737" lon="4.878700555820557">
    <name>356.7</name>
  </wpt>
  <wpt lat="51.573295162878985" lon="4.8772681627897327">
    <name>356.8</name>
  </wpt>
  <wpt lat="51.573294679300638" lon="4.8758291691473659">
    <name>356.9</name>
  </wpt>
  <wpt lat="51.573409938475528" lon="4.8743951319685435">
    <name>357.0</name>
  </wpt>
  <wpt lat="51.573472003108662" lon="4.8729540107905569">
    <name>357.1</name>
  </wpt>
  <wpt lat="51.5733607604963" lon="4.8716859999999516">
    <name>357.2</name>
  </wpt>
  <wpt lat="51.572463137542691" lon="4.8716550793997815">
    <name>357.3</name>
  </wpt>
  <wpt lat="51.571658962926051" lon="4.87104930145837">
    <name>357.4</name>
  </wpt>
  <wpt lat="51.570974390857664" lon="4.8719801814376114">
    <name>357.5</name>
  </wpt>
  <wpt lat="51.570150031466461" lon="4.8720760313652738">
    <name>357.6</name>
  </wpt>
  <wpt lat="51.569617809063388" lon="4.8709205682178762">
    <name>357.7</name>
  </wpt>
  <wpt lat="51.568789303504353" lon="4.8709392930128752">
    <name>357.8</name>
  </wpt>
  <wpt lat="51.567930525470544" lon="4.8713595170779467">
    <name>357.9</name>
  </wpt>
  <wpt lat="51.567055546983283" lon="4.8716039888080953">
    <name>358.0</name>
  </wpt>
  <wpt lat="51.566426931399178" lon="4.87098164365464">
    <name>358.1</name>
  </wpt>
  <wpt lat="51.566724017259162" lon="4.8696213691532471">
    <name>358.2</name>
  </wpt>
  <wpt lat="51.566986206352311" lon="4.8682384826856167">
    <name>358.3</name>
  </wpt>
  <wpt lat="51.567215686680214" lon="4.8668397226819682">
    <name>358.4</name>
  </wpt>
  <wpt lat="51.567402980825094" lon="4.8654265123962475">
    <name>358.5</name>
  </wpt>
  <wpt lat="51.567491599925816" lon="4.8639925145735567">
    <name>358.6</name>
  </wpt>
  <wpt lat="51.567702963266669" lon="4.8625895106979868">
    <name>358.7</name>
  </wpt>
  <wpt lat="51.5681161847536" lon="4.86130465451507">
    <name>358.8</name>
  </wpt>
  <wpt lat="51.568613449526552" lon="4.8601022657419586">
    <name>358.9</name>
  </wpt>
  <wpt lat="51.569146055973675" lon="4.8589364426786279">
    <name>359.0</name>
  </wpt>
  <wpt lat="51.569475856238611" lon="4.857610233022263">
    <name>359.1</name>
  </wpt>
  <wpt lat="51.569676422167234" lon="4.8562023350492973">
    <name>359.2</name>
  </wpt>
  <wpt lat="51.569790249220745" lon="4.8547851052567355">
    <name>359.3</name>
  </wpt>
  <wpt lat="51.569480994066055" lon="4.85342647388312">
    <name>359.4</name>
  </wpt>
  <wpt lat="51.569206538446018" lon="4.8520511313747665">
    <name>359.5</name>
  </wpt>
  <wpt lat="51.569041290780234" lon="4.8506290637944689">
    <name>359.6</name>
  </wpt>
  <wpt lat="51.568872810402837" lon="4.8492078346130665">
    <name>359.7</name>
  </wpt>
  <wpt lat="51.568693157586026" lon="4.8477903847801649">
    <name>359.8</name>
  </wpt>
  <wpt lat="51.56843008996389" lon="4.8464141780279837">
    <name>359.9</name>
  </wpt>
  <wpt lat="51.567725791421594" lon="4.8457774028794089">
    <name>360.0</name>
  </wpt>
  <wpt lat="51.566837752203384" lon="4.8459789999999563">
    <name>360.1</name>
  </wpt>
  <wpt lat="51.565945734806036" lon="4.8458208673577339">
    <name>360.2</name>
  </wpt>
  <wpt lat="51.565533553375374" lon="4.8448312116242338">
    <name>360.3</name>
  </wpt>
  <wpt lat="51.5654974839762" lon="4.8434033507102994">
    <name>360.4</name>
  </wpt>
  <wpt lat="51.565151615786064" lon="4.8420749050338179">
    <name>360.5</name>
  </wpt>
  <wpt lat="51.565317408807282" lon="4.8406688934896644">
    <name>360.6</name>
  </wpt>
  <wpt lat="51.565208765063389" lon="4.8392344231414821">
    <name>360.7</name>
  </wpt>
  <wpt lat="51.564935061204054" lon="4.837863163934772">
    <name>360.8</name>
  </wpt>
  <wpt lat="51.564705200424036" lon="4.8369459999999895">
    <name>360.9</name>
  </wpt>
  <wpt lat="51.563881391987117" lon="4.8365274563600682">
    <name>361.0</name>
  </wpt>
  <wpt lat="51.564297046625242" lon="4.8353347360581393">
    <name>361.1</name>
  </wpt>
  <wpt lat="51.564573072355834" lon="4.8339579290949848">
    <name>361.2</name>
  </wpt>
  <wpt lat="51.564861923771915" lon="4.8325879203597344">
    <name>361.3</name>
  </wpt>
  <wpt lat="51.565144575491473" lon="4.8312147160303072">
    <name>361.4</name>
  </wpt>
  <wpt lat="51.565578853858987" lon="4.8299632059675677">
    <name>361.5</name>
  </wpt>
  <wpt lat="51.566268147693869" lon="4.8294747911255342">
    <name>361.6</name>
  </wpt>
  <wpt lat="51.566707120097249" lon="4.8287878703730556">
    <name>361.7</name>
  </wpt>
  <wpt lat="51.565995876130856" lon="4.8281201976126473">
    <name>361.8</name>
  </wpt>
  <wpt lat="51.566378528772454" lon="4.826811416412764">
    <name>361.9</name>
  </wpt>
  <wpt lat="51.566913504328951" lon="4.825675670252056">
    <name>362.0</name>
  </wpt>
  <wpt lat="51.567710397942932" lon="4.8250475511777475">
    <name>362.1</name>
  </wpt>
  <wpt lat="51.568144382584457" lon="4.8241188623250677">
    <name>362.2</name>
  </wpt>
  <wpt lat="51.568208139707416" lon="4.8226960825516061">
    <name>362.3</name>
  </wpt>
  <wpt lat="51.56834058041423" lon="4.8196739487298546">
    <name>362.89</name>
  </wpt>
  <wpt lat="51.56824021360837" lon="4.8193768311994241">
    <name>362.9</name>
  </wpt>
  <wpt lat="51.567722032583383" lon="4.8181943828779605">
    <name>363.0</name>
  </wpt>
  <wpt lat="51.56718622945241" lon="4.8170323953230749">
    <name>363.1</name>
  </wpt>
  <wpt lat="51.566664431587718" lon="4.8158543005017052">
    <name>363.2</name>
  </wpt>
  <wpt lat="51.5663320093304" lon="4.8145151030894837">
    <name>363.3</name>
  </wpt>
  <wpt lat="51.566049091158362" lon="4.8131420647190586">
    <name>363.4</name>
  </wpt>
  <wpt lat="51.565773551423213" lon="4.8117655100381125">
    <name>363.5</name>
  </wpt>
  <wpt lat="51.565554464386629" lon="4.8103840130875479">
    <name>363.6</name>
  </wpt>
  <wpt lat="51.565404000461015" lon="4.8089606174313762">
    <name>363.7</name>
  </wpt>
  <wpt lat="51.565410883705873" lon="4.807514007300262">
    <name>363.8</name>
  </wpt>
  <wpt lat="51.565443203040893" lon="4.8060695284664723">
    <name>363.9</name>
  </wpt>
  <wpt lat="51.565626910622157" lon="4.8046539027962822">
    <name>364.0</name>
  </wpt>
  <wpt lat="51.565595882465885" lon="4.80321196758825">
    <name>364.1</name>
  </wpt>
  <wpt lat="51.565506223243467" lon="4.8017725352203735">
    <name>364.2</name>
  </wpt>
  <wpt lat="51.565359544776555" lon="4.8003451704457953">
    <name>364.3</name>
  </wpt>
  <wpt lat="51.565165954354477" lon="4.7989375849196305">
    <name>364.4</name>
  </wpt>
  <wpt lat="51.56485994027512" lon="4.7975838365218513">
    <name>364.5</name>
  </wpt>
  <wpt lat="51.564916929069462" lon="4.7961598588190846">
    <name>364.6</name>
  </wpt>
  <wpt lat="51.565148061262647" lon="4.7947619362127369">
    <name>364.7</name>
  </wpt>
  <wpt lat="51.56544097706508" lon="4.7934013137853269">
    <name>364.8</name>
  </wpt>
  <wpt lat="51.565782818015848" lon="4.7920631622838048">
    <name>364.9</name>
  </wpt>
  <wpt lat="51.566146327504661" lon="4.790740173936884">
    <name>365.0</name>
  </wpt>
  <wpt lat="51.566491081775133" lon="4.7894040486771852">
    <name>365.1</name>
  </wpt>
  <wpt lat="51.566853243158889" lon="4.7880802039589447">
    <name>365.2</name>
  </wpt>
  <wpt lat="51.567309933052769" lon="4.7869845547995116">
    <name>365.3</name>
  </wpt>
  <wpt lat="51.573704550973673" lon="4.7833322345428071">
    <name>366.18</name>
  </wpt>
  <wpt lat="51.573572064288406" lon="4.7828941683844688">
    <name>366.2</name>
  </wpt>
  <wpt lat="51.57310320933292" lon="4.7816654072422429">
    <name>366.3</name>
  </wpt>
  <wpt lat="51.572650810650572" lon="4.7804159907651185">
    <name>366.4</name>
  </wpt>
  <wpt lat="51.572287382962877" lon="4.7790928326329629">
    <name>366.5</name>
  </wpt>
  <wpt lat="51.572027639178927" lon="4.7777117920232941">
    <name>366.6</name>
  </wpt>
  <wpt lat="51.572008037815863" lon="4.7774850261111963">
    <name>366.63</name>
  </wpt>
  <wpt lat="51.571265685366022" lon="4.7773227455749971">
    <name>366.7</name>
  </wpt>
  <wpt lat="51.570420675574631" lon="4.7768283514007948">
    <name>366.8</name>
  </wpt>
  <wpt lat="51.569535680607359" lon="4.7766280000000076">
    <name>366.9</name>
  </wpt>
  <wpt lat="51.568639248569021" lon="4.7767139999999921">
    <name>367.0</name>
  </wpt>
  <wpt lat="51.567745010090825" lon="4.7766021421089713">
    <name>367.1</name>
  </wpt>
  <wpt lat="51.566963400450469" lon="4.7760149127927036">
    <name>367.2</name>
  </wpt>
  <wpt lat="51.566343649607809" lon="4.7750755317505753">
    <name>367.3</name>
  </wpt>
  <wpt lat="51.565722978449983" lon="4.774028642866238">
    <name>367.4</name>
  </wpt>
  <wpt lat="51.565099871843366" lon="4.7729855075297412">
    <name>367.5</name>
  </wpt>
  <wpt lat="51.564474244648181" lon="4.7719462668128836">
    <name>367.6</name>
  </wpt>
  <wpt lat="51.564395000321511" lon="4.7705289277817542">
    <name>367.7</name>
  </wpt>
  <wpt lat="51.564395002563508" lon="4.7690822233840873">
    <name>367.8</name>
  </wpt>
  <wpt lat="51.564388468037627" lon="4.767635715902041">
    <name>367.9</name>
  </wpt>
  <wpt lat="51.564374001169739" lon="4.7661894482610947">
    <name>368.0</name>
  </wpt>
  <wpt lat="51.564320014499117" lon="4.76474836841546">
    <name>368.1</name>
  </wpt>
  <wpt lat="51.564034601331528" lon="4.7633767130502589">
    <name>368.2</name>
  </wpt>
  <wpt lat="51.563737033178064" lon="4.7620115208781133">
    <name>368.3</name>
  </wpt>
  <wpt lat="51.563443924085568" lon="4.7606438357871079">
    <name>368.4</name>
  </wpt>
  <wpt lat="51.562975557091349" lon="4.7594526506134311">
    <name>368.5</name>
  </wpt>
  <wpt lat="51.562331309675862" lon="4.7584436980685334">
    <name>368.6</name>
  </wpt>
  <wpt lat="51.562621967870605" lon="4.7574809217653753">
    <name>368.7</name>
  </wpt>
  <wpt lat="51.562938691639431" lon="4.7570703458447392">
    <name>369.23</name>
  </wpt>
  <wpt lat="51.563560957511392" lon="4.7562679743423493">
    <name>369.3</name>
  </wpt>
  <wpt lat="51.564253970679" lon="4.7553460478811171">
    <name>369.4</name>
  </wpt>
  <wpt lat="51.564926879184789" lon="4.7543989922395227">
    <name>369.5</name>
  </wpt>
  <wpt lat="51.564927737426814" lon="4.7530417594143231">
    <name>369.6</name>
  </wpt>
  <wpt lat="51.564268858289218" lon="4.7520678086124315">
    <name>369.7</name>
  </wpt>
  <wpt lat="51.563520393548089" lon="4.7512693931739252">
    <name>369.8</name>
  </wpt>
  <wpt lat="51.562933220207363" lon="4.7502408825801">
    <name>369.9</name>
  </wpt>
  <wpt lat="51.563327955472047" lon="4.7492131147076737">
    <name>370.0</name>
  </wpt>
  <wpt lat="51.564066630625163" lon="4.7483879318455449">
    <name>370.1</name>
  </wpt>
  <wpt lat="51.564805455050724" lon="4.7475632495992626">
    <name>370.2</name>
  </wpt>
  <wpt lat="51.565540389653826" lon="4.7467296105584387">
    <name>370.3</name>
  </wpt>
  <wpt lat="51.567069324616156" lon="4.7432915951749282">
    <name>370.70</name>
  </wpt>
  <wpt lat="51.567220077936113" lon="4.74317257687174">
    <name>370.7</name>
  </wpt>
  <wpt lat="51.568110710398877" lon="4.7430930220499476">
    <name>370.8</name>
  </wpt>
  <wpt lat="51.568978361694342" lon="4.7432733616844347">
    <name>370.9</name>
  </wpt>
  <wpt lat="51.569837561333614" lon="4.7432203136380284">
    <name>371.0</name>
  </wpt>
  <wpt lat="51.570734820995206" lon="4.7431818646136312">
    <name>371.1</name>
  </wpt>
  <wpt lat="51.571633563634286" lon="4.743226518734823">
    <name>371.2</name>
  </wpt>
  <wpt lat="51.5725311042247" lon="4.7433090905033612">
    <name>371.3</name>
  </wpt>
  <wpt lat="51.573425600271662" lon="4.7434313396660031">
    <name>371.4</name>
  </wpt>
  <wpt lat="51.574098412489548" lon="4.7438735233048872">
    <name>371.5</name>
  </wpt>
  <wpt lat="51.574806769249868" lon="4.74298701077525">
    <name>371.6</name>
  </wpt>
  <wpt lat="51.577331372291063" lon="4.7391303640173641">
    <name>372.02</name>
  </wpt>
  <wpt lat="51.577328885740386" lon="4.7377083304818255">
    <name>372.1</name>
  </wpt>
  <wpt lat="51.577403282796475" lon="4.73628014049946">
    <name>372.2</name>
  </wpt>
  <wpt lat="51.5779997182918" lon="4.7224941305003982">
    <name>373.18</name>
  </wpt>
  <wpt lat="51.577992036437493" lon="4.7220069164884393">
    <name>373.2</name>
  </wpt>
  <wpt lat="51.577978000104288" lon="4.7205600662034612">
    <name>373.3</name>
  </wpt>
  <wpt lat="51.577998262846783" lon="4.7191133080708072">
    <name>373.4</name>
  </wpt>
  <wpt lat="51.57793937441518" lon="4.71778814611297">
    <name>373.5</name>
  </wpt>
  <wpt lat="51.57761148441562" lon="4.7164486886745767">
    <name>373.6</name>
  </wpt>
  <wpt lat="51.577158018467017" lon="4.7151990029422777">
    <name>373.7</name>
  </wpt>
  <wpt lat="51.576704552518535" lon="4.7139493296784654">
    <name>373.8</name>
  </wpt>
  <wpt lat="51.576251086570153" lon="4.712699668882733">
    <name>373.9</name>
  </wpt>
  <wpt lat="51.575804176642265" lon="4.711443993385334">
    <name>374.0</name>
  </wpt>
  <wpt lat="51.575398270141307" lon="4.7101533831890876">
    <name>374.1</name>
  </wpt>
  <wpt lat="51.575030665578417" lon="4.70883359539526">
    <name>374.2</name>
  </wpt>
  <wpt lat="51.574722672549406" lon="4.7074745105156648">
    <name>374.3</name>
  </wpt>
  <wpt lat="51.574466210574371" lon="4.7060875945313523">
    <name>374.4</name>
  </wpt>
  <wpt lat="51.574254561970292" lon="4.7046823912113318">
    <name>374.5</name>
  </wpt>
  <wpt lat="51.574100160494176" lon="4.7032568613274508">
    <name>374.6</name>
  </wpt>
  <wpt lat="51.573989785820359" lon="4.7018208636139089">
    <name>374.7</name>
  </wpt>
  <wpt lat="51.573966001056036" lon="4.7003745618326347">
    <name>374.8</name>
  </wpt>
  <wpt lat="51.573966007991224" lon="4.6989275528336023">
    <name>374.9</name>
  </wpt>
  <wpt lat="51.573929637955175" lon="4.6974847259959951">
    <name>375.0</name>
  </wpt>
  <wpt lat="51.573848196002764" lon="4.6960446840701833">
    <name>375.1</name>
  </wpt>
  <wpt lat="51.57384236265144" lon="4.694598689640614">
    <name>375.2</name>
  </wpt>
  <wpt lat="51.573917293513944" lon="4.6931567169719584">
    <name>375.3</name>
  </wpt>
  <wpt lat="51.573966000429309" lon="4.691713111345055">
    <name>375.4</name>
  </wpt>
  <wpt lat="51.573881024024331" lon="4.690387618283741">
    <name>375.5</name>
  </wpt>
  <wpt lat="51.573777242270211" lon="4.6889502809387862">
    <name>375.6</name>
  </wpt>
  <wpt lat="51.573622155718553" lon="4.6875257906558927">
    <name>375.7</name>
  </wpt>
  <wpt lat="51.573444182978484" lon="4.6861074196824486">
    <name>375.8</name>
  </wpt>
  <wpt lat="51.573263558354263" lon="4.6846899155521351">
    <name>375.9</name>
  </wpt>
  <wpt lat="51.573082933730106" lon="4.6832724170545079">
    <name>376.0</name>
  </wpt>
  <wpt lat="51.572903513216559" lon="4.6818545297492866">
    <name>376.1</name>
  </wpt>
  <wpt lat="51.572725205849949" lon="4.6804362831465225">
    <name>376.2</name>
  </wpt>
  <wpt lat="51.572686065524188" lon="4.6791461509147716">
    <name>376.3</name>
  </wpt>
  <wpt lat="51.573193000017881" lon="4.6782823356706418">
    <name>376.4</name>
  </wpt>
  <wpt lat="51.57317756282999" lon="4.6768455939634794">
    <name>376.5</name>
  </wpt>
  <wpt lat="51.573023918637972" lon="4.6754198860359129">
    <name>376.6</name>
  </wpt>
  <wpt lat="51.572805041656608" lon="4.6740185770105551">
    <name>376.7</name>
  </wpt>
  <wpt lat="51.572537110078422" lon="4.6726381353085955">
    <name>376.8</name>
  </wpt>
  <wpt lat="51.5722108886925" lon="4.6712900173599525">
    <name>376.9</name>
  </wpt>
  <wpt lat="51.571849526485316" lon="4.6699654439273734">
    <name>377.0</name>
  </wpt>
  <wpt lat="51.571387635021821" lon="4.6687261075433222">
    <name>377.1</name>
  </wpt>
  <wpt lat="51.570830461833559" lon="4.6675925262200844">
    <name>377.2</name>
  </wpt>
  <wpt lat="51.570234050278891" lon="4.66651012037932">
    <name>377.3</name>
  </wpt>
  <wpt lat="51.569930066834672" lon="4.6655333962540464">
    <name>377.4</name>
  </wpt>
  <wpt lat="51.57080064090654" lon="4.6651804915433157">
    <name>377.5</name>
  </wpt>
  <wpt lat="51.571394646774912" lon="4.66623381403921">
    <name>377.6</name>
  </wpt>
  <wpt lat="51.571850162917663" lon="4.6674795330653369">
    <name>377.7</name>
  </wpt>
  <wpt lat="51.572370302767695" lon="4.6685366322670729">
    <name>377.8</name>
  </wpt>
  <wpt lat="51.572735834242152" lon="4.6676397080520475">
    <name>377.9</name>
  </wpt>
  <wpt lat="51.57261222519827" lon="4.6662064749750547">
    <name>378.0</name>
  </wpt>
  <wpt lat="51.572466807957944" lon="4.6647787285619025">
    <name>378.1</name>
  </wpt>
  <wpt lat="51.572258323245833" lon="4.6633768243447431">
    <name>378.2</name>
  </wpt>
  <wpt lat="51.572119028714866" lon="4.6619473382124541">
    <name>378.3</name>
  </wpt>
  <wpt lat="51.571988009781187" lon="4.6605158284453791">
    <name>378.4</name>
  </wpt>
  <wpt lat="51.571993423439991" lon="4.6591137332011536">
    <name>378.5</name>
  </wpt>
  <wpt lat="51.571769292615933" lon="4.6577307584840719">
    <name>378.6</name>
  </wpt>
  <wpt lat="51.571628940747594" lon="4.6563017323270612">
    <name>378.7</name>
  </wpt>
  <wpt lat="51.571476708064125" lon="4.6548772895920862">
    <name>378.8</name>
  </wpt>
  <wpt lat="51.571251876671511" lon="4.6534764988322621">
    <name>378.9</name>
  </wpt>
  <wpt lat="51.570967536130681" lon="4.6521043253938883">
    <name>379.0</name>
  </wpt>
  <wpt lat="51.570795431633925" lon="4.6506852784780728">
    <name>379.1</name>
  </wpt>
  <wpt lat="51.570746878094383" lon="4.649256216244412">
    <name>379.2</name>
  </wpt>
  <wpt lat="51.570530297787812" lon="4.6481853708306815">
    <name>379.3</name>
  </wpt>
  <wpt lat="51.570415271628924" lon="4.6467508961567408">
    <name>379.4</name>
  </wpt>
  <wpt lat="51.570341480928015" lon="4.6453112848266356">
    <name>379.5</name>
  </wpt>
  <wpt lat="51.570334986325875" lon="4.6438660138610972">
    <name>379.6</name>
  </wpt>
  <wpt lat="51.570382000028317" lon="4.6424211131432678">
    <name>379.7</name>
  </wpt>
  <wpt lat="51.570420040895158" lon="4.6409764656623222">
    <name>379.8</name>
  </wpt>
  <wpt lat="51.570221361521916" lon="4.6380401794045572">
    <name>380.39</name>
  </wpt>
  <wpt lat="51.570119256173172" lon="4.6376901725701716">
    <name>380.4</name>
  </wpt>
  <wpt lat="51.569754557502165" lon="4.6363682162644935">
    <name>380.5</name>
  </wpt>
  <wpt lat="51.569123578500566" lon="4.635563271575915">
    <name>380.6</name>
  </wpt>
  <wpt lat="51.568268698477162" lon="4.6352982874981228">
    <name>380.7</name>
  </wpt>
  <wpt lat="51.567376708957468" lon="4.6354602459827543">
    <name>380.8</name>
  </wpt>
  <wpt lat="51.566555578676933" lon="4.6358542270144154">
    <name>380.9</name>
  </wpt>
  <wpt lat="51.565883688106688" lon="4.6368106803979705">
    <name>381.0</name>
  </wpt>
  <wpt lat="51.565270412137615" lon="4.6378539820708617">
    <name>381.1</name>
  </wpt>
  <wpt lat="51.564667216095245" lon="4.6389243891610032">
    <name>381.2</name>
  </wpt>
  <wpt lat="51.564087966991806" lon="4.6400292142963133">
    <name>381.3</name>
  </wpt>
  <wpt lat="51.563542602119306" lon="4.641178195405181">
    <name>381.4</name>
  </wpt>
  <wpt lat="51.56298772587094" lon="4.6423130966583059">
    <name>381.5</name>
  </wpt>
  <wpt lat="51.562379134314661" lon="4.6433598172022457">
    <name>381.6</name>
  </wpt>
  <wpt lat="51.561787887628164" lon="4.6442669779530243">
    <name>381.7</name>
  </wpt>
  <wpt lat="51.5611588928011" lon="4.64333921033269">
    <name>381.8</name>
  </wpt>
  <wpt lat="51.560532961120742" lon="4.642300505593747">
    <name>381.9</name>
  </wpt>
  <wpt lat="51.559882779484823" lon="4.6424455353300891">
    <name>382.0</name>
  </wpt>
  <wpt lat="51.559208244630341" lon="4.6427838181847694">
    <name>382.1</name>
  </wpt>
  <wpt lat="51.558619845523488" lon="4.6416898657463257">
    <name>382.2</name>
  </wpt>
  <wpt lat="51.557802963318608" lon="4.6411394238616488">
    <name>382.3</name>
  </wpt>
  <wpt lat="51.557310841803137" lon="4.6399417186996743">
    <name>382.4</name>
  </wpt>
  <wpt lat="51.556842506764063" lon="4.6387068737217181">
    <name>382.5</name>
  </wpt>
  <wpt lat="51.556345429751389" lon="4.6375053381588112">
    <name>382.6</name>
  </wpt>
  <wpt lat="51.555763771213" lon="4.6364206644028183">
    <name>382.7</name>
  </wpt>
  <wpt lat="51.555686814739317" lon="4.635090163279898">
    <name>382.8</name>
  </wpt>
  <wpt lat="51.556088275213945" lon="4.63420327015145">
    <name>382.9</name>
  </wpt>
  <wpt lat="51.555696794640632" lon="4.6329013835203545">
    <name>383.0</name>
  </wpt>
  <wpt lat="51.555272002479896" lon="4.63162649004158">
    <name>383.1</name>
  </wpt>
  <wpt lat="51.554785843739651" lon="4.630685492451442">
    <name>383.2</name>
  </wpt>
  <wpt lat="51.554030651861595" lon="4.63144244301312">
    <name>383.3</name>
  </wpt>
  <wpt lat="51.553422207759418" lon="4.6325055830749315">
    <name>383.4</name>
  </wpt>
  <wpt lat="51.552676244618134" lon="4.63330232974591">
    <name>383.5</name>
  </wpt>
  <wpt lat="51.551856510261622" lon="4.633888302415456">
    <name>383.6</name>
  </wpt>
  <wpt lat="51.5511365020052" lon="4.6347514230621671">
    <name>383.7</name>
  </wpt>
  <wpt lat="51.550429006236413" lon="4.635644256834822">
    <name>383.8</name>
  </wpt>
  <wpt lat="51.549733635244849" lon="4.6365611050029152">
    <name>383.9</name>
  </wpt>
  <wpt lat="51.549041526332516" lon="4.6374845099265176">
    <name>384.0</name>
  </wpt>
  <wpt lat="51.54833824633841" lon="4.6383858632583319">
    <name>384.1</name>
  </wpt>
  <wpt lat="51.54757708353997" lon="4.6381164652627316">
    <name>384.2</name>
  </wpt>
  <wpt lat="51.546799884580096" lon="4.6373888843684137">
    <name>384.3</name>
  </wpt>
  <wpt lat="51.546055850896565" lon="4.6365801943941074">
    <name>384.4</name>
  </wpt>
  <wpt lat="51.545449322667189" lon="4.6355160713212635">
    <name>384.5</name>
  </wpt>
  <wpt lat="51.544967737877528" lon="4.6342951579245426">
    <name>384.6</name>
  </wpt>
  <wpt lat="51.544496921294758" lon="4.6330630830719066">
    <name>384.7</name>
  </wpt>
  <wpt lat="51.544026138236987" lon="4.6318309959588184">
    <name>384.8</name>
  </wpt>
  <wpt lat="51.543555146319584" lon="4.6305991677398275">
    <name>384.9</name>
  </wpt>
  <wpt lat="51.543095793883651" lon="4.629355992474518">
    <name>385.0</name>
  </wpt>
  <wpt lat="51.542624580076591" lon="4.6281244041694993">
    <name>385.1</name>
  </wpt>
  <wpt lat="51.542157985315804" lon="4.6268882470667876">
    <name>385.2</name>
  </wpt>
  <wpt lat="51.54169139055513" lon="4.6256521026387647">
    <name>385.3</name>
  </wpt>
  <wpt lat="51.54122837890759" lon="4.6244124984318571">
    <name>385.4</name>
  </wpt>
  <wpt lat="51.540765487681469" lon="4.6231727922337713">
    <name>385.5</name>
  </wpt>
  <wpt lat="51.540295323534934" lon="4.6219401895335324">
    <name>385.6</name>
  </wpt>
  <wpt lat="51.5400400547988" lon="4.6205831337749519">
    <name>385.7</name>
  </wpt>
  <wpt lat="51.539901646217587" lon="4.6191564954296993">
    <name>385.8</name>
  </wpt>
  <wpt lat="51.539696795294965" lon="4.6177487707946225">
    <name>385.9</name>
  </wpt>
  <wpt lat="51.539499351096204" lon="4.6163403239127767">
    <name>386.0</name>
  </wpt>
  <wpt lat="51.539570539172352" lon="4.6149050202717854">
    <name>386.1</name>
  </wpt>
  <wpt lat="51.539703229610858" lon="4.6134854164701578">
    <name>386.2</name>
  </wpt>
  <wpt lat="51.5395736400478" lon="4.6122312828862286">
    <name>386.3</name>
  </wpt>
  <wpt lat="51.539488569082117" lon="4.6107925270389227">
    <name>386.4</name>
  </wpt>
  <wpt lat="51.539210514716409" lon="4.609421039603955">
    <name>386.5</name>
  </wpt>
  <wpt lat="51.539204000039412" lon="4.6079852063688556">
    <name>386.6</name>
  </wpt>
  <wpt lat="51.5390369905456" lon="4.6065684613937909">
    <name>386.7</name>
  </wpt>
  <wpt lat="51.53873591040783" lon="4.6052067823306464">
    <name>386.8</name>
  </wpt>
  <wpt lat="51.538436984074721" lon="4.6038431137988969">
    <name>386.9</name>
  </wpt>
  <wpt lat="51.538313865939678" lon="4.60241413593838">
    <name>387.0</name>
  </wpt>
  <wpt lat="51.53824488416668" lon="4.60097405839402">
    <name>387.1</name>
  </wpt>
  <wpt lat="51.538140499755734" lon="4.5995466967088028">
    <name>387.2</name>
  </wpt>
  <wpt lat="51.537682993537423" lon="4.5983019194059374">
    <name>387.3</name>
  </wpt>
  <wpt lat="51.537248889085689" lon="4.5970385561788252">
    <name>387.4</name>
  </wpt>
  <wpt lat="51.536963186385663" lon="4.5956717053006981">
    <name>387.5</name>
  </wpt>
  <wpt lat="51.536925553239357" lon="4.5944657431886515">
    <name>387.6</name>
  </wpt>
  <wpt lat="51.537755306934109" lon="4.5939391238729836">
    <name>387.7</name>
  </wpt>
  <wpt lat="51.538646828749876" lon="4.5937513264870082">
    <name>387.8</name>
  </wpt>
  <wpt lat="51.539541529612563" lon="4.5936160000000177">
    <name>387.9</name>
  </wpt>
  <wpt lat="51.5404375435468" lon="4.5935198482839228">
    <name>388.0</name>
  </wpt>
  <wpt lat="51.541323753706529" lon="4.5932783964501409">
    <name>388.1</name>
  </wpt>
  <wpt lat="51.542173567505657" lon="4.5932279925683011">
    <name>388.2</name>
  </wpt>
  <wpt lat="51.542983265622723" lon="4.5927502823330082">
    <name>388.3</name>
  </wpt>
  <wpt lat="51.543869522953656" lon="4.5925047007556818">
    <name>388.4</name>
  </wpt>
  <wpt lat="51.544753248025117" lon="4.5922384198192887">
    <name>388.5</name>
  </wpt>
  <wpt lat="51.545632824810468" lon="4.5919372352223942">
    <name>388.6</name>
  </wpt>
  <wpt lat="51.546523713885932" lon="4.5917528572395616">
    <name>388.7</name>
  </wpt>
  <wpt lat="51.546799342693546" lon="4.5905651710271673">
    <name>388.8</name>
  </wpt>
  <wpt lat="51.547171724190385" lon="4.5892497961376462">
    <name>388.9</name>
  </wpt>
  <wpt lat="51.54785157761772" lon="4.588356803107545">
    <name>389.0</name>
  </wpt>
  <wpt lat="51.548630549055225" lon="4.5876451979170074">
    <name>389.1</name>
  </wpt>
  <wpt lat="51.550298290715936" lon="4.5865141628593369">
    <name>389.33</name>
  </wpt>
  <wpt lat="51.550827649779137" lon="4.5861943604660871">
    <name>389.4</name>
  </wpt>
  <wpt lat="51.551681547300134" lon="4.5857485664317013">
    <name>389.5</name>
  </wpt>
  <wpt lat="51.552528778719072" lon="4.5852690154496232">
    <name>389.6</name>
  </wpt>
  <wpt lat="51.553366111497951" lon="4.5847431927927786">
    <name>389.7</name>
  </wpt>
  <wpt lat="51.554227671618712" lon="4.5844100000000028">
    <name>389.8</name>
  </wpt>
  <wpt lat="51.555112771976148" lon="4.5843736141934883">
    <name>389.9</name>
  </wpt>
  <wpt lat="51.555838771777026" lon="4.5837234521542776">
    <name>390.0</name>
  </wpt>
  <wpt lat="51.556692050125349" lon="4.5832725375850174">
    <name>390.1</name>
  </wpt>
  <wpt lat="51.557555766185359" lon="4.5828741755787661">
    <name>390.2</name>
  </wpt>
  <wpt lat="51.558385806866305" lon="4.5823227961415789">
    <name>390.3</name>
  </wpt>
  <wpt lat="51.559243985272666" lon="4.5819004329237716">
    <name>390.4</name>
  </wpt>
  <wpt lat="51.560108127481172" lon="4.5815076216905553">
    <name>390.5</name>
  </wpt>
  <wpt lat="51.561003947133727" lon="4.5814204322527869">
    <name>390.6</name>
  </wpt>
  <wpt lat="51.561892881894124" lon="4.5815710841040929">
    <name>390.7</name>
  </wpt>
  <wpt lat="51.562722000058976" lon="4.5819857892409619">
    <name>390.8</name>
  </wpt>
  <wpt lat="51.562786615726608" lon="4.5834277882033909">
    <name>390.9</name>
  </wpt>
  <wpt lat="51.562944439268009" lon="4.5848474880161429">
    <name>391.0</name>
  </wpt>
  <wpt lat="51.563307822549859" lon="4.5861706510671159">
    <name>391.1</name>
  </wpt>
  <wpt lat="51.563687490238543" lon="4.5874803442099878">
    <name>391.2</name>
  </wpt>
  <wpt lat="51.564207637783205" lon="4.5886529131436946">
    <name>391.3</name>
  </wpt>
  <wpt lat="51.5650305515046" lon="4.588707100939275">
    <name>391.4</name>
  </wpt>
  <wpt lat="51.565911957647209" lon="4.5889659436398613">
    <name>391.5</name>
  </wpt>
  <wpt lat="51.56678289877415" lon="4.5893194895908218">
    <name>391.6</name>
  </wpt>
  <wpt lat="51.567671882578317" lon="4.5895375566344683">
    <name>391.7</name>
  </wpt>
  <wpt lat="51.568565322423204" lon="4.5896913431520234">
    <name>391.8</name>
  </wpt>
  <wpt lat="51.569464359446" lon="4.5897220818569329">
    <name>391.9</name>
  </wpt>
  <wpt lat="51.570361450307814" lon="4.5898059569808511">
    <name>392.0</name>
  </wpt>
  <wpt lat="51.571226851068985" lon="4.5901930648738443">
    <name>392.1</name>
  </wpt>
  <wpt lat="51.572089986048276" lon="4.5905993841455848">
    <name>392.2</name>
  </wpt>
  <wpt lat="51.572951009459757" lon="4.5910171213298616">
    <name>392.3</name>
  </wpt>
  <wpt lat="51.5738412506178" lon="4.5911689999999856">
    <name>392.4</name>
  </wpt>
  <wpt lat="51.574707740323518" lon="4.590848491291136">
    <name>392.5</name>
  </wpt>
  <wpt lat="51.5755183055318" lon="4.5902240498914937">
    <name>392.6</name>
  </wpt>
  <wpt lat="51.576401750792158" lon="4.590027828088707">
    <name>392.7</name>
  </wpt>
  <wpt lat="51.577240301760604" lon="4.5898969728069643">
    <name>392.8</name>
  </wpt>
  <wpt lat="51.578066117974934" lon="4.5899280978397545">
    <name>392.9</name>
  </wpt>
  <wpt lat="51.578931810376581" lon="4.5895443370865818">
    <name>393.0</name>
  </wpt>
  <wpt lat="51.579636808049464" lon="4.5888997280045576">
    <name>393.1</name>
  </wpt>
  <wpt lat="51.580165128058312" lon="4.5877387439192541">
    <name>393.2</name>
  </wpt>
  <wpt lat="51.580857936817758" lon="4.5868598247208743">
    <name>393.3</name>
  </wpt>
  <wpt lat="51.58131237235154" lon="4.5856116175144557">
    <name>393.4</name>
  </wpt>
  <wpt lat="51.581771108360563" lon="4.5843673671655845">
    <name>393.5</name>
  </wpt>
  <wpt lat="51.582290140497996" lon="4.5832002362987776">
    <name>393.6</name>
  </wpt>
  <wpt lat="51.581902457599021" lon="4.5820756660124315">
    <name>393.7</name>
  </wpt>
  <wpt lat="51.581262426034804" lon="4.5810635732714955">
    <name>393.8</name>
  </wpt>
  <wpt lat="51.5804994173171" lon="4.58030073591286">
    <name>393.9</name>
  </wpt>
  <wpt lat="51.579738133670766" lon="4.5795307984575864">
    <name>394.0</name>
  </wpt>
  <wpt lat="51.579397421499642" lon="4.5784146696259507">
    <name>394.1</name>
  </wpt>
  <wpt lat="51.579487642240657" lon="4.5769764231126722">
    <name>394.2</name>
  </wpt>
  <wpt lat="51.579624947344257" lon="4.5755561818197981">
    <name>394.3</name>
  </wpt>
  <wpt lat="51.5798564203684" lon="4.5741627388201458">
    <name>394.4</name>
  </wpt>
  <wpt lat="51.580174422902253" lon="4.57280956203888">
    <name>394.5</name>
  </wpt>
  <wpt lat="51.580330829325781" lon="4.5714085270868559">
    <name>394.6</name>
  </wpt>
  <wpt lat="51.580426762608141" lon="4.5699776999781605">
    <name>394.7</name>
  </wpt>
  <wpt lat="51.580286842697589" lon="4.5685494490236964">
    <name>394.8</name>
  </wpt>
  <wpt lat="51.580362054367967" lon="4.5671114387845115">
    <name>394.9</name>
  </wpt>
  <wpt lat="51.580393698361405" lon="4.5656764915602448">
    <name>395.0</name>
  </wpt>
  <wpt lat="51.57958462025902" lon="4.5653913193865074">
    <name>395.1</name>
  </wpt>
  <wpt lat="51.578689042762392" lon="4.56526147116537">
    <name>395.2</name>
  </wpt>
  <wpt lat="51.577911147372284" lon="4.564605158671295">
    <name>395.3</name>
  </wpt>
  <wpt lat="51.577340788423328" lon="4.5634870450747123">
    <name>395.4</name>
  </wpt>
  <wpt lat="51.576817581522128" lon="4.5623100447113174">
    <name>395.5</name>
  </wpt>
  <wpt lat="51.576134820533987" lon="4.5613715128832943">
    <name>395.6</name>
  </wpt>
  <wpt lat="51.575986468174953" lon="4.5602668678011691">
    <name>395.7</name>
  </wpt>
  <wpt lat="51.576320672137378" lon="4.5589255542550822">
    <name>395.8</name>
  </wpt>
  <wpt lat="51.57610927350148" lon="4.55755317892904">
    <name>395.9</name>
  </wpt>
  <wpt lat="51.575776390274868" lon="4.5562089074256749">
    <name>396.0</name>
  </wpt>
  <wpt lat="51.575596334859775" lon="4.5547996661534285">
    <name>396.1</name>
  </wpt>
  <wpt lat="51.57548755056542" lon="4.5533646638170184">
    <name>396.2</name>
  </wpt>
  <wpt lat="51.575342927216234" lon="4.5519373555039522">
    <name>396.3</name>
  </wpt>
  <wpt lat="51.575251140833188" lon="4.550498736923891">
    <name>396.4</name>
  </wpt>
  <wpt lat="51.5751898955454" lon="4.5490553112283445">
    <name>396.5</name>
  </wpt>
  <wpt lat="51.575361601764705" lon="4.5476395171279886">
    <name>396.6</name>
  </wpt>
  <wpt lat="51.575529512513327" lon="4.5462179076119895">
    <name>396.7</name>
  </wpt>
  <wpt lat="51.575195521012482" lon="4.5454537001355346">
    <name>396.8</name>
  </wpt>
  <wpt lat="51.57429747329941" lon="4.5454027395821246">
    <name>396.9</name>
  </wpt>
  <wpt lat="51.573728654487972" lon="4.5451188803194773">
    <name>397.0</name>
  </wpt>
  <wpt lat="51.574278318862611" lon="4.54399049470416">
    <name>397.1</name>
  </wpt>
  <wpt lat="51.574624453522055" lon="4.5426550066781086">
    <name>397.2</name>
  </wpt>
  <wpt lat="51.574989440420595" lon="4.541333005030646">
    <name>397.3</name>
  </wpt>
  <wpt lat="51.57536737269951" lon="4.5400200262362684">
    <name>397.4</name>
  </wpt>
  <wpt lat="51.575510983821147" lon="4.5386197329040012">
    <name>397.5</name>
  </wpt>
  <wpt lat="51.575321040080951" lon="4.5372534713359407">
    <name>397.6</name>
  </wpt>
  <wpt lat="51.57565804459437" lon="4.53595026668044">
    <name>397.7</name>
  </wpt>
  <wpt lat="51.575960677940756" lon="4.5345893528662842">
    <name>397.8</name>
  </wpt>
  <wpt lat="51.576251951950219" lon="4.5332202987919761">
    <name>397.9</name>
  </wpt>
  <wpt lat="51.576621369450528" lon="4.5319112241629718">
    <name>398.0</name>
  </wpt>
  <wpt lat="51.577331653606684" lon="4.53104755519871">
    <name>398.1</name>
  </wpt>
  <wpt lat="51.578063829106824" lon="4.5302079547414511">
    <name>398.2</name>
  </wpt>
  <wpt lat="51.578802288736952" lon="4.5293820051675846">
    <name>398.3</name>
  </wpt>
  <wpt lat="51.579612125375242" lon="4.5287670980144243">
    <name>398.4</name>
  </wpt>
  <wpt lat="51.580440718642407" lon="4.528208941197386">
    <name>398.5</name>
  </wpt>
  <wpt lat="51.581278204386585" lon="4.5276921132869878">
    <name>398.6</name>
  </wpt>
  <wpt lat="51.582020052162072" lon="4.5269686364257291">
    <name>398.7</name>
  </wpt>
  <wpt lat="51.582742895595523" lon="4.52722470239745">
    <name>398.8</name>
  </wpt>
  <wpt lat="51.583631734471886" lon="4.527015180857842">
    <name>398.9</name>
  </wpt>
  <wpt lat="51.5844193992274" lon="4.52671879837833">
    <name>399.0</name>
  </wpt>
  <wpt lat="51.584902753381293" lon="4.5279372086766845">
    <name>399.1</name>
  </wpt>
  <wpt lat="51.585498036871364" lon="4.5290219227583455">
    <name>399.2</name>
  </wpt>
  <wpt lat="51.586107732489005" lon="4.5300859069780444">
    <name>399.3</name>
  </wpt>
  <wpt lat="51.586740006836024" lon="4.5311148640319789">
    <name>399.4</name>
  </wpt>
  <wpt lat="51.587377877779261" lon="4.5321345216377491">
    <name>399.5</name>
  </wpt>
  <wpt lat="51.587994947052458" lon="4.5331828561940073">
    <name>399.6</name>
  </wpt>
  <wpt lat="51.588731267766768" lon="4.5328098475517296">
    <name>399.7</name>
  </wpt>
  <wpt lat="51.588782990311209" lon="4.5313703138770292">
    <name>399.8</name>
  </wpt>
  <wpt lat="51.588757433615257" lon="4.5299243113843213">
    <name>399.9</name>
  </wpt>
  <wpt lat="51.588771000170269" lon="4.5284772306121281">
    <name>400.0</name>
  </wpt>
  <wpt lat="51.588784827917991" lon="4.5270314419161028">
    <name>400.1</name>
  </wpt>
  <wpt lat="51.5887977271051" lon="4.5255869471536885">
    <name>400.2</name>
  </wpt>
  <wpt lat="51.589038134315736" lon="4.5241931621056848">
    <name>400.3</name>
  </wpt>
  <wpt lat="51.589336346257625" lon="4.5228333075298215">
    <name>400.4</name>
  </wpt>
  <wpt lat="51.58965879041498" lon="4.5214941266326676">
    <name>400.5</name>
  </wpt>
  <wpt lat="51.589952062460476" lon="4.52012574290153">
    <name>400.6</name>
  </wpt>
  <wpt lat="51.590246353968084" lon="4.51875834767783">
    <name>400.7</name>
  </wpt>
  <wpt lat="51.590206360691148" lon="4.5174865298389939">
    <name>400.8</name>
  </wpt>
  <wpt lat="51.590080786274221" lon="4.51605541675426">
    <name>400.9</name>
  </wpt>
  <wpt lat="51.589930849592065" lon="4.51462816204326">
    <name>401.0</name>
  </wpt>
  <wpt lat="51.589780713647791" lon="4.5132009607407442">
    <name>401.1</name>
  </wpt>
  <wpt lat="51.589655899133071" lon="4.5117682688962484">
    <name>401.2</name>
  </wpt>
  <wpt lat="51.5896300029853" lon="4.5103235653739286">
    <name>401.3</name>
  </wpt>
  <wpt lat="51.589629715889984" lon="4.50887609324807">
    <name>401.4</name>
  </wpt>
  <wpt lat="51.589405157133278" lon="4.50749654549927">
    <name>401.5</name>
  </wpt>
  <wpt lat="51.589070659218656" lon="4.5061533638853826">
    <name>401.6</name>
  </wpt>
  <wpt lat="51.588773165075" lon="4.5047878760928421">
    <name>401.7</name>
  </wpt>
  <wpt lat="51.588416325631442" lon="4.503459460603235">
    <name>401.8</name>
  </wpt>
  <wpt lat="51.588054636002248" lon="4.5021360691966805">
    <name>401.9</name>
  </wpt>
  <wpt lat="51.587589931231015" lon="4.5009075856606966">
    <name>402.0</name>
  </wpt>
  <wpt lat="51.587076625069287" lon="4.4997190829881095">
    <name>402.1</name>
  </wpt>
  <wpt lat="51.586557972321856" lon="4.4985368068583149">
    <name>402.2</name>
  </wpt>
  <wpt lat="51.585814859555484" lon="4.4977427934863119">
    <name>402.3</name>
  </wpt>
  <wpt lat="51.585092167082742" lon="4.496894116365767">
    <name>402.4</name>
  </wpt>
  <wpt lat="51.584673000167626" lon="4.495671260559825">
    <name>402.5</name>
  </wpt>
  <wpt lat="51.584836040223188" lon="4.4942555664660819">
    <name>402.6</name>
  </wpt>
  <wpt lat="51.585129782884216" lon="4.492887758519867">
    <name>402.7</name>
  </wpt>
  <wpt lat="51.585424000036539" lon="4.4915310335308307">
    <name>402.8</name>
  </wpt>
  <wpt lat="51.585810154989581" lon="4.4904048950912854">
    <name>402.9</name>
  </wpt>
  <wpt lat="51.585875828771691" lon="4.4890839893475505">
    <name>403.0</name>
  </wpt>
  <wpt lat="51.585830314212487" lon="4.4876491753460837">
    <name>403.1</name>
  </wpt>
  <wpt lat="51.585492090622935" lon="4.4863107336606252">
    <name>403.2</name>
  </wpt>
  <wpt lat="51.585133388505831" lon="4.4849834811979852">
    <name>403.3</name>
  </wpt>
  <wpt lat="51.584775688535828" lon="4.4836555379323029">
    <name>403.4</name>
  </wpt>
  <wpt lat="51.584414191580564" lon="4.4823302677496049">
    <name>403.5</name>
  </wpt>
  <wpt lat="51.584051048416988" lon="4.4810061760211424">
    <name>403.6</name>
  </wpt>
  <wpt lat="51.58379241038346" lon="4.4796232110003249">
    <name>403.7</name>
  </wpt>
  <wpt lat="51.583632765194828" lon="4.4781993903147743">
    <name>403.8</name>
  </wpt>
  <wpt lat="51.583557000006884" lon="4.4767721287030389">
    <name>403.9</name>
  </wpt>
  <wpt lat="51.583499806541823" lon="4.4753501124302275">
    <name>404.0</name>
  </wpt>
  <wpt lat="51.583516844936668" lon="4.4739030595730256">
    <name>404.1</name>
  </wpt>
  <wpt lat="51.583532798154344" lon="4.4724559739289358">
    <name>404.2</name>
  </wpt>
  <wpt lat="51.583579000049731" lon="4.4710122632187446">
    <name>404.3</name>
  </wpt>
  <wpt lat="51.583600000368975" lon="4.4695656297575228">
    <name>404.4</name>
  </wpt>
  <wpt lat="51.583613540464938" lon="4.4681563786580245">
    <name>404.5</name>
  </wpt>
  <wpt lat="51.587789183615214" lon="4.4597239173965217">
    <name>405.55</name>
  </wpt>
  <wpt lat="51.587299464052137" lon="4.4597331360967649">
    <name>405.6</name>
  </wpt>
  <wpt lat="51.587058809654458" lon="4.4583756192972919">
    <name>405.7</name>
  </wpt>
  <wpt lat="51.586904445604496" lon="4.4570336864953761">
    <name>405.8</name>
  </wpt>
  <wpt lat="51.586679460748165" lon="4.4556343174717892">
    <name>405.9</name>
  </wpt>
  <wpt lat="51.586237894422396" lon="4.45438162806324">
    <name>406.0</name>
  </wpt>
  <wpt lat="51.585491214411121" lon="4.4536224469173957">
    <name>406.1</name>
  </wpt>
  <wpt lat="51.584840221417934" lon="4.4534965734469454">
    <name>406.2</name>
  </wpt>
  <wpt lat="51.584114692412179" lon="4.4543340875178377">
    <name>406.3</name>
  </wpt>
  <wpt lat="51.583231736900537" lon="4.4546071629753889">
    <name>406.4</name>
  </wpt>
  <wpt lat="51.566355733095349" lon="4.4713934186475717">
    <name>408.91</name>
  </wpt>
  <wpt lat="51.566340037809894" lon="4.4713465741989777">
    <name>408.9</name>
  </wpt>
  <wpt lat="51.565667026499334" lon="4.4711262466299821">
    <name>409.0</name>
  </wpt>
  <wpt lat="51.564824928326608" lon="4.4716339627082">
    <name>409.1</name>
  </wpt>
  <wpt lat="51.563976247461156" lon="4.4721125769513792">
    <name>409.2</name>
  </wpt>
  <wpt lat="51.563134343429155" lon="4.4726204063722506">
    <name>409.3</name>
  </wpt>
  <wpt lat="51.562288457063609" lon="4.47311136213204">
    <name>409.4</name>
  </wpt>
  <wpt lat="51.561584000025995" lon="4.4736670774564784">
    <name>409.5</name>
  </wpt>
  <wpt lat="51.561311719934515" lon="4.4747622734292092">
    <name>409.6</name>
  </wpt>
  <wpt lat="51.560713309507278" lon="4.4758137264478846">
    <name>409.7</name>
  </wpt>
  <wpt lat="51.560321893071489" lon="4.47710918873785">
    <name>409.8</name>
  </wpt>
  <wpt lat="51.55996111209852" lon="4.4783206663490036">
    <name>409.9</name>
  </wpt>
  <wpt lat="51.5591560956527" lon="4.47769565151123">
    <name>410.0</name>
  </wpt>
  <wpt lat="51.558367985045479" lon="4.4769988677571089">
    <name>410.1</name>
  </wpt>
  <wpt lat="51.55758412760278" lon="4.4762899012367674">
    <name>410.2</name>
  </wpt>
  <wpt lat="51.556803606989824" lon="4.4755713788813578">
    <name>410.3</name>
  </wpt>
  <wpt lat="51.556043176558759" lon="4.4748115296429543">
    <name>410.4</name>
  </wpt>
  <wpt lat="51.555903146462782" lon="4.4736029999999989">
    <name>410.5</name>
  </wpt>
  <wpt lat="51.555003957205621" lon="4.4736239999999547">
    <name>410.6</name>
  </wpt>
  <wpt lat="51.554118520205044" lon="4.4736641149575727">
    <name>410.7</name>
  </wpt>
  <wpt lat="51.553222653926078" lon="4.4735401354122732">
    <name>410.8</name>
  </wpt>
  <wpt lat="51.552329086932261" lon="4.47338800000004">
    <name>410.9</name>
  </wpt>
  <wpt lat="51.551435036306756" lon="4.4732575015377547">
    <name>411.0</name>
  </wpt>
  <wpt lat="51.55054856876292" lon="4.4730155984641762">
    <name>411.1</name>
  </wpt>
  <wpt lat="51.549661042699675" lon="4.47278700000003">
    <name>411.2</name>
  </wpt>
  <wpt lat="51.548793459769072" lon="4.4730884200459062">
    <name>411.3</name>
  </wpt>
  <wpt lat="51.54795199065294" lon="4.4735862992692885">
    <name>411.4</name>
  </wpt>
  <wpt lat="51.547081075512651" lon="4.4738846121540474">
    <name>411.5</name>
  </wpt>
  <wpt lat="51.5462517535795" lon="4.4744235727331017">
    <name>411.6</name>
  </wpt>
  <wpt lat="51.545389214472451" lon="4.4747829999999835">
    <name>411.7</name>
  </wpt>
  <wpt lat="51.544513136248966" lon="4.4745085676172485">
    <name>411.8</name>
  </wpt>
  <wpt lat="51.543874927437933" lon="4.4745962903397913">
    <name>411.9</name>
  </wpt>
  <wpt lat="51.543558415874308" lon="4.4759494256425532">
    <name>412.0</name>
  </wpt>
  <wpt lat="51.542789713128087" lon="4.47628266895302">
    <name>412.1</name>
  </wpt>
  <wpt lat="51.541890468293225" lon="4.4762962839288152">
    <name>412.2</name>
  </wpt>
  <wpt lat="51.540991428603164" lon="4.47632799999996">
    <name>412.3</name>
  </wpt>
  <wpt lat="51.54009221465008" lon="4.4763416514955452">
    <name>412.4</name>
  </wpt>
  <wpt lat="51.539201526753139" lon="4.4765026491758269">
    <name>412.5</name>
  </wpt>
  <wpt lat="51.538318512406825" lon="4.4764623947707847">
    <name>412.6</name>
  </wpt>
  <wpt lat="51.53742428652636" lon="4.4765639999999776">
    <name>412.7</name>
  </wpt>
  <wpt lat="51.536574665540215" lon="4.4765534448429722">
    <name>412.8</name>
  </wpt>
  <wpt lat="51.535680164414124" lon="4.4764278359835776">
    <name>412.9</name>
  </wpt>
  <wpt lat="51.534790352379929" lon="4.4762245356246">
    <name>413.0</name>
  </wpt>
  <wpt lat="51.53392765833275" lon="4.4758891042579005">
    <name>413.1</name>
  </wpt>
  <wpt lat="51.533044737269819" lon="4.4757084350800866">
    <name>413.2</name>
  </wpt>
  <wpt lat="51.532161464349855" lon="4.4754365362621753">
    <name>413.3</name>
  </wpt>
  <wpt lat="51.531734222737335" lon="4.4765663734273833">
    <name>413.4</name>
  </wpt>
  <wpt lat="51.531323668711771" lon="4.4778525840463059">
    <name>413.5</name>
  </wpt>
  <wpt lat="51.530900654462954" lon="4.4791257701664833">
    <name>413.6</name>
  </wpt>
  <wpt lat="51.530520019541726" lon="4.4804139609339177">
    <name>413.7</name>
  </wpt>
  <wpt lat="51.529750098326744" lon="4.4811266794177254">
    <name>413.8</name>
  </wpt>
  <wpt lat="51.528969864502322" lon="4.4818392052334035">
    <name>413.9</name>
  </wpt>
  <wpt lat="51.528186133074563" lon="4.4825481824268714">
    <name>414.0</name>
  </wpt>
  <wpt lat="51.527396137794305" lon="4.4832374501315142">
    <name>414.1</name>
  </wpt>
  <wpt lat="51.526530612913653" lon="4.4835380000000216">
    <name>414.2</name>
  </wpt>
  <wpt lat="51.52564089672822" lon="4.4833400253919224">
    <name>414.3</name>
  </wpt>
  <wpt lat="51.524749553797051" lon="4.4831479155481375">
    <name>414.4</name>
  </wpt>
  <wpt lat="51.523911449620371" lon="4.4827260825104753">
    <name>414.5</name>
  </wpt>
  <wpt lat="51.52360035663046" lon="4.4813918512346529">
    <name>414.6</name>
  </wpt>
  <wpt lat="51.523338792490563" lon="4.480008948899159">
    <name>414.7</name>
  </wpt>
  <wpt lat="51.520234814463208" lon="4.4792191800770187">
    <name>415.33</name>
  </wpt>
  <wpt lat="51.519554845973467" lon="4.47941932207721">
    <name>415.4</name>
  </wpt>
  <wpt lat="51.518692754738673" lon="4.4798308057567517">
    <name>415.5</name>
  </wpt>
  <wpt lat="51.517829735094509" lon="4.4802368956564553">
    <name>415.6</name>
  </wpt>
  <wpt lat="51.517079180920781" lon="4.4801857970836636">
    <name>415.7</name>
  </wpt>
  <wpt lat="51.516821064986111" lon="4.4788020407479658">
    <name>415.8</name>
  </wpt>
  <wpt lat="51.516582922342387" lon="4.4774093636212">
    <name>415.9</name>
  </wpt>
  <wpt lat="51.516329759643611" lon="4.476023074599631">
    <name>416.0</name>
  </wpt>
  <wpt lat="51.525992887178823" lon="4.46579200000003">
    <name>417.75</name>
  </wpt>
  <wpt lat="51.526597268484373" lon="4.46570804508663">
    <name>417.8</name>
  </wpt>
  <wpt lat="51.527480018499524" lon="4.4655364047484678">
    <name>417.9</name>
  </wpt>
  <wpt lat="51.528356300379031" lon="4.4652112962988424">
    <name>418.0</name>
  </wpt>
  <wpt lat="51.529191680085461" lon="4.4647857439597205">
    <name>418.1</name>
  </wpt>
  <wpt lat="51.529999149491552" lon="4.4651899322085278">
    <name>418.2</name>
  </wpt>
  <wpt lat="51.53025776356332" lon="4.4638486707860832">
    <name>418.3</name>
  </wpt>
  <wpt lat="51.530635245657813" lon="4.46253660450292">
    <name>418.4</name>
  </wpt>
  <wpt lat="51.530997291037473" lon="4.4612154586742259">
    <name>418.5</name>
  </wpt>
  <wpt lat="51.531426937632858" lon="4.4599472952163852">
    <name>418.6</name>
  </wpt>
  <wpt lat="51.5302227702145" lon="4.4469507741594052">
    <name>419.94</name>
  </wpt>
  <wpt lat="51.529562133502793" lon="4.4468707462932571">
    <name>420.0</name>
  </wpt>
  <wpt lat="51.528665296897778" lon="4.4467786142057291">
    <name>420.1</name>
  </wpt>
  <wpt lat="51.527790926939076" lon="4.4466543632232414">
    <name>420.2</name>
  </wpt>
  <wpt lat="51.527574922668457" lon="4.4454399351219394">
    <name>420.3</name>
  </wpt>
  <wpt lat="51.52750496396196" lon="4.4440306639855569">
    <name>420.4</name>
  </wpt>
  <wpt lat="51.52740913069146" lon="4.4425933659459478">
    <name>420.5</name>
  </wpt>
  <wpt lat="51.527281609871068" lon="4.44116320306246">
    <name>420.6</name>
  </wpt>
  <wpt lat="51.527089755554073" lon="4.439751380217742">
    <name>420.7</name>
  </wpt>
  <wpt lat="51.526911991792524" lon="4.4383344390212818">
    <name>420.8</name>
  </wpt>
  <wpt lat="51.526594989496537" lon="4.4374230315609164">
    <name>420.9</name>
  </wpt>
  <wpt lat="51.525723707785346" lon="4.4377396863726259">
    <name>421.0</name>
  </wpt>
  <wpt lat="51.524843533124454" lon="4.4379812564977">
    <name>421.1</name>
  </wpt>
  <wpt lat="51.523977181681914" lon="4.4383160249874418">
    <name>421.2</name>
  </wpt>
  <wpt lat="51.52310206219974" lon="4.4386461754364639">
    <name>421.3</name>
  </wpt>
  <wpt lat="51.52222462222722" lon="4.4388632431769022">
    <name>421.4</name>
  </wpt>
  <wpt lat="51.521350813910232" lon="4.439175380144321">
    <name>421.5</name>
  </wpt>
  <wpt lat="51.52061777764586" lon="4.4389164566560186">
    <name>421.6</name>
  </wpt>
  <wpt lat="51.520078247647291" lon="4.4377601369660091">
    <name>421.7</name>
  </wpt>
  <wpt lat="51.519646727361923" lon="4.436500926188649">
    <name>421.8</name>
  </wpt>
  <wpt lat="51.519204241019722" lon="4.4352433736457355">
    <name>421.9</name>
  </wpt>
  <wpt lat="51.518786695086128" lon="4.433963329388523">
    <name>422.0</name>
  </wpt>
  <wpt lat="51.5183772366072" lon="4.4326782092743233">
    <name>422.1</name>
  </wpt>
  <wpt lat="51.518046135294014" lon="4.4313360297724032">
    <name>422.2</name>
  </wpt>
  <wpt lat="51.517571146770422" lon="4.4302589857117374">
    <name>422.3</name>
  </wpt>
  <wpt lat="51.517162688239971" lon="4.4291082100632853">
    <name>422.4</name>
  </wpt>
  <wpt lat="51.516580578915239" lon="4.4280214459379552">
    <name>422.5</name>
  </wpt>
  <wpt lat="51.515791053683841" lon="4.4273505872520538">
    <name>422.6</name>
  </wpt>
  <wpt lat="51.514904768535644" lon="4.4272071453792909">
    <name>422.7</name>
  </wpt>
  <wpt lat="51.5141247929162" lon="4.42739682286279">
    <name>422.8</name>
  </wpt>
  <wpt lat="51.50737030516683" lon="4.4163571728262037">
    <name>423.93</name>
  </wpt>
  <wpt lat="51.506721435383213" lon="4.41561357361824">
    <name>424.0</name>
  </wpt>
  <wpt lat="51.506063338655458" lon="4.414632560623474">
    <name>424.1</name>
  </wpt>
  <wpt lat="51.505418182530313" lon="4.4136259668205726">
    <name>424.2</name>
  </wpt>
  <wpt lat="51.504737375356477" lon="4.4126826001767236">
    <name>424.3</name>
  </wpt>
  <wpt lat="51.504098989045637" lon="4.4116649787323423">
    <name>424.4</name>
  </wpt>
  <wpt lat="51.503476942320546" lon="4.4106238844305556">
    <name>424.5</name>
  </wpt>
  <wpt lat="51.502892902995484" lon="4.4095660559800471">
    <name>424.6</name>
  </wpt>
  <wpt lat="51.5020858666497" lon="4.4089369146255928">
    <name>424.7</name>
  </wpt>
  <wpt lat="51.501816757694904" lon="4.4076013760381869">
    <name>424.8</name>
  </wpt>
  <wpt lat="51.501695880115406" lon="4.4061697705614531">
    <name>424.9</name>
  </wpt>
  <wpt lat="51.5015545381072" lon="4.4047439676564162">
    <name>425.0</name>
  </wpt>
  <wpt lat="51.501196150642322" lon="4.4034252340980986">
    <name>425.1</name>
  </wpt>
  <wpt lat="51.500738880951886" lon="4.4021812328836534">
    <name>425.2</name>
  </wpt>
  <wpt lat="51.500281611261556" lon="4.4009372441508239">
    <name>425.3</name>
  </wpt>
  <wpt lat="51.499828973893919" lon="4.399688916044143">
    <name>425.4</name>
  </wpt>
  <wpt lat="51.499205465450608" lon="4.3991019999999921">
    <name>425.5</name>
  </wpt>
  <wpt lat="51.498307780467982" lon="4.399055497428864">
    <name>425.6</name>
  </wpt>
  <wpt lat="51.497467017897485" lon="4.39872537763245">
    <name>425.7</name>
  </wpt>
  <wpt lat="51.496658847868957" lon="4.3987376305424712">
    <name>425.8</name>
  </wpt>
  <wpt lat="51.495765380898561" lon="4.3986045762048658">
    <name>425.9</name>
  </wpt>
  <wpt lat="51.49486837906386" lon="4.398500890076857">
    <name>426.0</name>
  </wpt>
  <wpt lat="51.493977000518719" lon="4.3983367702714826">
    <name>426.1</name>
  </wpt>
  <wpt lat="51.493081066189" lon="4.3982115204059253">
    <name>426.2</name>
  </wpt>
  <wpt lat="51.492185131859287" lon="4.3980862730018631">
    <name>426.3</name>
  </wpt>
  <wpt lat="51.491288060332465" lon="4.3980014948682937">
    <name>426.4</name>
  </wpt>
  <wpt lat="51.490394841133153" lon="4.3978790000000165">
    <name>426.5</name>
  </wpt>
  <wpt lat="51.4895067395538" lon="4.3981027391707883">
    <name>426.6</name>
  </wpt>
  <wpt lat="51.488619746033926" lon="4.3983404087274156">
    <name>426.7</name>
  </wpt>
  <wpt lat="51.487731776243912" lon="4.3985664578029446">
    <name>426.8</name>
  </wpt>
  <wpt lat="51.486861988997035" lon="4.3986269104637952">
    <name>426.9</name>
  </wpt>
  <wpt lat="51.486279113169182" lon="4.398943525421374">
    <name>427.0</name>
  </wpt>
  <wpt lat="51.485392169805628" lon="4.3987060419821553">
    <name>427.1</name>
  </wpt>
  <wpt lat="51.484504309181546" lon="4.3984762371336181">
    <name>427.2</name>
  </wpt>
  <wpt lat="51.483616550049426" lon="4.3982454072924568">
    <name>427.3</name>
  </wpt>
  <wpt lat="51.482728467275976" lon="4.398017812596712">
    <name>427.4</name>
  </wpt>
  <wpt lat="51.481841141750067" lon="4.3977831642613934">
    <name>427.5</name>
  </wpt>
  <wpt lat="51.480952708443283" lon="4.3975779999999709">
    <name>427.6</name>
  </wpt>
  <wpt lat="51.4800708677003" lon="4.3978569999999806">
    <name>427.7</name>
  </wpt>
  <wpt lat="51.479173844047281" lon="4.397757871467598">
    <name>427.8</name>
  </wpt>
  <wpt lat="51.478277010954663" lon="4.397650524536723">
    <name>427.9</name>
  </wpt>
  <wpt lat="51.477380177862038" lon="4.3975431797165152">
    <name>428.0</name>
  </wpt>
  <wpt lat="51.47648334476942" lon="4.3974358370068725">
    <name>428.1</name>
  </wpt>
  <wpt lat="51.475586486257015" lon="4.397329047919234">
    <name>428.2</name>
  </wpt>
  <wpt lat="51.474689578697891" lon="4.3972233254403266">
    <name>428.3</name>
  </wpt>
  <wpt lat="51.473792883741154" lon="4.3971132590169333">
    <name>428.4</name>
  </wpt>
  <wpt lat="51.472896692484845" lon="4.3969928976161885">
    <name>428.5</name>
  </wpt>
  <wpt lat="51.472000501228543" lon="4.3968725385798422">
    <name>428.6</name>
  </wpt>
  <wpt lat="51.471103339605818" lon="4.3967761701827852">
    <name>428.7</name>
  </wpt>
  <wpt lat="51.470206754913441" lon="4.3966657741385111">
    <name>428.8</name>
  </wpt>
  <wpt lat="51.469310519421761" lon="4.3965462742061145">
    <name>428.9</name>
  </wpt>
  <wpt lat="51.468414253765587" lon="4.3964273867612258">
    <name>429.0</name>
  </wpt>
  <wpt lat="51.467518770174422" lon="4.3962965555529729">
    <name>429.1</name>
  </wpt>
  <wpt lat="51.466625313569416" lon="4.3961319539102552">
    <name>429.2</name>
  </wpt>
  <wpt lat="51.465728326152373" lon="4.3960337132486949">
    <name>429.3</name>
  </wpt>
  <wpt lat="51.464830421196467" lon="4.3959527193177124">
    <name>429.4</name>
  </wpt>
  <wpt lat="51.463932905089031" lon="4.3958614635954385">
    <name>429.5</name>
  </wpt>
  <wpt lat="51.46303579203996" lon="4.3957603609084392">
    <name>429.6</name>
  </wpt>
  <wpt lat="51.462140568316421" lon="4.395624381477897">
    <name>429.7</name>
  </wpt>
  <wpt lat="51.461250317584955" lon="4.3954225789326">
    <name>429.8</name>
  </wpt>
  <wpt lat="51.460914805557863" lon="4.3942384408748474">
    <name>429.9</name>
  </wpt>
  <wpt lat="51.460332409414747" lon="4.39313926790774">
    <name>430.0</name>
  </wpt>
  <wpt lat="51.4597452104526" lon="4.3920460216616437">
    <name>430.1</name>
  </wpt>
  <wpt lat="51.459156818168516" lon="4.3909547263625983">
    <name>430.2</name>
  </wpt>
  <wpt lat="51.458365263889853" lon="4.3902833002881323">
    <name>430.3</name>
  </wpt>
  <wpt lat="51.4575561106091" lon="4.3896533860360929">
    <name>430.4</name>
  </wpt>
  <wpt lat="51.456746957328384" lon="4.3890234829504973">
    <name>430.5</name>
  </wpt>
  <wpt lat="51.455936825918407" lon="4.3883968871172074">
    <name>430.6</name>
  </wpt>
  <wpt lat="51.455122059233091" lon="4.3877859267500758">
    <name>430.7</name>
  </wpt>
  <wpt lat="51.454309564850242" lon="4.3871675063367741">
    <name>430.8</name>
  </wpt>
  <wpt lat="51.453507601983553" lon="4.3865144115127741">
    <name>430.9</name>
  </wpt>
  <wpt lat="51.452718942572467" lon="4.38583051529681">
    <name>431.0</name>
  </wpt>
  <wpt lat="51.452372779557152" lon="4.3845635435416144">
    <name>431.1</name>
  </wpt>
  <wpt lat="51.45261244467261" lon="4.3831728926005908">
    <name>431.2</name>
  </wpt>
  <wpt lat="51.452279075900762" lon="4.3822867380856909">
    <name>431.3</name>
  </wpt>
  <wpt lat="51.451421414685875" lon="4.3818525904619134">
    <name>431.4</name>
  </wpt>
  <wpt lat="51.450570984229081" lon="4.3813859842189187">
    <name>431.5</name>
  </wpt>
  <wpt lat="51.449927892813307" lon="4.3807360791913252">
    <name>431.6</name>
  </wpt>
  <wpt lat="51.449066828983426" lon="4.380319657482632">
    <name>431.7</name>
  </wpt>
  <wpt lat="51.448222224174508" lon="4.379836852319543">
    <name>431.8</name>
  </wpt>
  <wpt lat="51.447365226368333" lon="4.3794467507316437">
    <name>431.9</name>
  </wpt>
  <wpt lat="51.44649930659191" lon="4.3790621453939309">
    <name>432.0</name>
  </wpt>
  <wpt lat="51.445616111808086" lon="4.3787915815701339">
    <name>432.1</name>
  </wpt>
  <wpt lat="51.44473000360243" lon="4.37854514385405">
    <name>432.2</name>
  </wpt>
  <wpt lat="51.443843895396796" lon="4.3782987109197915">
    <name>432.3</name>
  </wpt>
  <wpt lat="51.442957787191155" lon="4.3780522827671522">
    <name>432.4</name>
  </wpt>
  <wpt lat="51.442071586063861" lon="4.3778067569543646">
    <name>432.5</name>
  </wpt>
  <wpt lat="51.441183313181568" lon="4.3775812887381935">
    <name>432.6</name>
  </wpt>
  <wpt lat="51.440293956510857" lon="4.3773862007597941">
    <name>432.7</name>
  </wpt>
  <wpt lat="51.439425494863251" lon="4.3770310909068915">
    <name>432.8</name>
  </wpt>
  <wpt lat="51.438584922836931" lon="4.3765230602155327">
    <name>432.9</name>
  </wpt>
  <wpt lat="51.437832868714857" lon="4.3757569751279846">
    <name>433.0</name>
  </wpt>
  <wpt lat="51.437246253335687" lon="4.3747089080569852">
    <name>433.1</name>
  </wpt>
  <wpt lat="51.436583436011709" lon="4.3739100000000235">
    <name>433.2</name>
  </wpt>
  <wpt lat="51.435748635105575" lon="4.3744071082499278">
    <name>433.3</name>
  </wpt>
  <wpt lat="51.434936131339143" lon="4.3750245176374634">
    <name>433.4</name>
  </wpt>
  <wpt lat="51.43413050796805" lon="4.3756470383645594">
    <name>433.5</name>
  </wpt>
  <wpt lat="51.433391455040073" lon="4.3763708738666907">
    <name>433.6</name>
  </wpt>
  <wpt lat="51.43259928639003" lon="4.3768329010722349">
    <name>433.7</name>
  </wpt>
  <wpt lat="51.431720682114971" lon="4.376725163624001">
    <name>433.8</name>
  </wpt>
  <wpt lat="51.43089351782853" lon="4.3770615225828324">
    <name>433.9</name>
  </wpt>
  <wpt lat="51.430313117198857" lon="4.3760355422088031">
    <name>434.0</name>
  </wpt>
  <wpt lat="51.429839092684489" lon="4.3748098607782362">
    <name>434.1</name>
  </wpt>
  <wpt lat="51.429377156805245" lon="4.3735723407941034">
    <name>434.2</name>
  </wpt>
  <wpt lat="51.428908235931473" lon="4.3723415241820289">
    <name>434.3</name>
  </wpt>
  <wpt lat="51.428441313804875" lon="4.3711087669503934">
    <name>434.4</name>
  </wpt>
  <wpt lat="51.427975486303048" lon="4.3698749553832013">
    <name>434.5</name>
  </wpt>
  <wpt lat="51.42750668318947" lon="4.3686441035703769">
    <name>434.6</name>
  </wpt>
  <wpt lat="51.427136473702348" lon="4.3673547919497224">
    <name>434.7</name>
  </wpt>
  <wpt lat="51.42649385213371" lon="4.3668913081497749">
    <name>434.8</name>
  </wpt>
  <wpt lat="51.425753353934077" lon="4.3660743538059013">
    <name>434.9</name>
  </wpt>
  <wpt lat="51.424950131748183" lon="4.3654261459726644">
    <name>435.0</name>
  </wpt>
  <wpt lat="51.424122414521321" lon="4.3648622099239089">
    <name>435.1</name>
  </wpt>
  <wpt lat="51.423348384389506" lon="4.364135246352558">
    <name>435.2</name>
  </wpt>
  <wpt lat="51.42275260702133" lon="4.3631118237470163">
    <name>435.3</name>
  </wpt>
  <wpt lat="51.42210010200975" lon="4.36211949356956">
    <name>435.4</name>
  </wpt>
  <wpt lat="51.4214415859574" lon="4.3611372925891745">
    <name>435.5</name>
  </wpt>
  <wpt lat="51.420677951779787" lon="4.3603918600258309">
    <name>435.6</name>
  </wpt>
  <wpt lat="51.419862474788744" lon="4.3597872073285338">
    <name>435.7</name>
  </wpt>
  <wpt lat="51.419039422455377" lon="4.3592060114900963">
    <name>435.8</name>
  </wpt>
  <wpt lat="51.41821637012206" lon="4.3586248261169551">
    <name>435.9</name>
  </wpt>
  <wpt lat="51.417390563399074" lon="4.3580539598046322">
    <name>436.0</name>
  </wpt>
  <wpt lat="51.416580031413467" lon="4.3574583179894226">
    <name>436.1</name>
  </wpt>
  <wpt lat="51.415769219726428" lon="4.356856275559613">
    <name>436.2</name>
  </wpt>
  <wpt lat="51.414979205380035" lon="4.35616726202485">
    <name>436.3</name>
  </wpt>
  <wpt lat="51.414153278994732" lon="4.3556429915670334">
    <name>436.4</name>
  </wpt>
  <wpt lat="51.413375936564584" lon="4.3549181405524671">
    <name>436.5</name>
  </wpt>
  <wpt lat="51.412625658186762" lon="4.3541232912241323">
    <name>436.6</name>
  </wpt>
  <wpt lat="51.411882662767269" lon="4.3533110377754962">
    <name>436.7</name>
  </wpt>
  <wpt lat="51.411145224152321" lon="4.3524859513248852">
    <name>436.8</name>
  </wpt>
  <wpt lat="51.410433873713124" lon="4.3516037842097113">
    <name>436.9</name>
  </wpt>
  <wpt lat="51.40972494462342" lon="4.3507166458603956">
    <name>437.0</name>
  </wpt>
  <wpt lat="51.409266902526248" lon="4.3495986905258732">
    <name>437.1</name>
  </wpt>
  <wpt lat="51.408626459238775" lon="4.3497473605600208">
    <name>437.2</name>
  </wpt>
  <wpt lat="51.407899243094484" lon="4.3505921902662612">
    <name>437.3</name>
  </wpt>
  <wpt lat="51.407132665537866" lon="4.3513447095402293">
    <name>437.4</name>
  </wpt>
  <wpt lat="51.406354723048018" lon="4.35206803869083">
    <name>437.5</name>
  </wpt>
  <wpt lat="51.405575367796139" lon="4.3527874298396361">
    <name>437.6</name>
  </wpt>
  <wpt lat="51.404792255277677" lon="4.3534960830710663">
    <name>437.7</name>
  </wpt>
  <wpt lat="51.404001936100684" lon="4.3541840320828289">
    <name>437.8</name>
  </wpt>
  <wpt lat="51.403147678428219" lon="4.3546131110625073">
    <name>437.9</name>
  </wpt>
  <wpt lat="51.402268218672923" lon="4.3549144048226536">
    <name>438.0</name>
  </wpt>
  <wpt lat="51.401389048805932" lon="4.3552178629257323">
    <name>438.1</name>
  </wpt>
  <wpt lat="51.400509878938955" lon="4.3555213151956229">
    <name>438.2</name>
  </wpt>
  <wpt lat="51.399622859182934" lon="4.3557475490228059">
    <name>438.3</name>
  </wpt>
  <wpt lat="51.398726033191927" lon="4.3556591849120485">
    <name>438.4</name>
  </wpt>
  <wpt lat="51.397828552439478" lon="4.3555724155261171">
    <name>438.5</name>
  </wpt>
  <wpt lat="51.396943747657382" lon="4.3557256700922879">
    <name>438.6</name>
  </wpt>
  <wpt lat="51.396092845976042" lon="4.3561859368627491">
    <name>438.7</name>
  </wpt>
  <wpt lat="51.39526611459322" lon="4.356753153380386">
    <name>438.8</name>
  </wpt>
  <wpt lat="51.3944449993737" lon="4.3573409874928162">
    <name>438.9</name>
  </wpt>
  <wpt lat="51.393722423686675" lon="4.3571834207446525">
    <name>439.0</name>
  </wpt>
  <wpt lat="51.392971610986876" lon="4.3564174811681422">
    <name>439.1</name>
  </wpt>
  <wpt lat="51.392463679494391" lon="4.3552360723118957">
    <name>439.2</name>
  </wpt>
  <wpt lat="51.392051425934426" lon="4.3539633778857274">
    <name>439.3</name>
  </wpt>
  <wpt lat="51.391773235414249" lon="4.3525944661386458">
    <name>439.4</name>
  </wpt>
  <wpt lat="51.391636072215114" lon="4.3511711723264819">
    <name>439.5</name>
  </wpt>
  <wpt lat="51.3915764370906" lon="4.3497340520231891">
    <name>439.6</name>
  </wpt>
  <wpt lat="51.391596652075158" lon="4.348317135378168">
    <name>439.7</name>
  </wpt>
  <wpt lat="51.39145273393013" lon="4.3468944784359991">
    <name>439.8</name>
  </wpt>
  <wpt lat="51.391299832513809" lon="4.3454764033337305">
    <name>439.9</name>
  </wpt>
  <wpt lat="51.391192081276358" lon="4.3440457219687367">
    <name>440.0</name>
  </wpt>
  <wpt lat="51.391083910380708" lon="4.3426149734833528">
    <name>440.1</name>
  </wpt>
  <wpt lat="51.391103194005993" lon="4.3411858380875712">
    <name>440.2</name>
  </wpt>
  <wpt lat="51.391244523219967" lon="4.3397625380574993">
    <name>440.3</name>
  </wpt>
  <wpt lat="51.39138775811972" lon="4.3383397604227962">
    <name>440.4</name>
  </wpt>
  <wpt lat="51.391954744279204" lon="4.3377192506506068">
    <name>440.5</name>
  </wpt>
  <wpt lat="51.39281244898855" lon="4.3381433581601208">
    <name>440.6</name>
  </wpt>
  <wpt lat="51.393704251856462" lon="4.3383250853007489">
    <name>440.7</name>
  </wpt>
  <wpt lat="51.394440029544654" lon="4.3381440543260359">
    <name>440.8</name>
  </wpt>
  <wpt lat="51.394513537466835" lon="4.3367079531693555">
    <name>440.9</name>
  </wpt>
  <wpt lat="51.394601000012521" lon="4.335273975850404">
    <name>441.0</name>
  </wpt>
  <wpt lat="51.394708174703723" lon="4.3338439637463777">
    <name>441.1</name>
  </wpt>
  <wpt lat="51.394807549425792" lon="4.3324114567607062">
    <name>441.2</name>
  </wpt>
  <wpt lat="51.394995733441981" lon="4.3310030727660092">
    <name>441.3</name>
  </wpt>
  <wpt lat="51.395167043049128" lon="4.3296151000614866">
    <name>441.4</name>
  </wpt>
  <wpt lat="51.3959427201915" lon="4.3289575017992252">
    <name>441.5</name>
  </wpt>
  <wpt lat="51.396718896814214" lon="4.3282511968603714">
    <name>441.6</name>
  </wpt>
  <wpt lat="51.397463410966814" lon="4.3288144108236759">
    <name>441.7</name>
  </wpt>
  <wpt lat="51.39811390090351" lon="4.3297778231201161">
    <name>441.8</name>
  </wpt>
  <wpt lat="51.398588683944958" lon="4.3310020194043641">
    <name>441.9</name>
  </wpt>
  <wpt lat="51.399063312105817" lon="4.332226385448199">
    <name>442.0</name>
  </wpt>
  <wpt lat="51.39954055080203" lon="4.3334479061933617">
    <name>442.1</name>
  </wpt>
  <wpt lat="51.400002391684524" lon="4.3346847973777631">
    <name>442.2</name>
  </wpt>
  <wpt lat="51.400338000530489" lon="4.33598652878914">
    <name>442.3</name>
  </wpt>
  <wpt lat="51.400756051072889" lon="4.3372628310112029">
    <name>442.4</name>
  </wpt>
  <wpt lat="51.401211149656575" lon="4.3384816849287446">
    <name>442.5</name>
  </wpt>
  <wpt lat="51.401631008213585" lon="4.3397329135651166">
    <name>442.6</name>
  </wpt>
  <wpt lat="51.402124397975363" lon="4.3408767657545564">
    <name>442.7</name>
  </wpt>
  <wpt lat="51.40274663314262" lon="4.3418943714170775">
    <name>442.8</name>
  </wpt>
  <wpt lat="51.403472646872245" lon="4.342741646658224">
    <name>442.9</name>
  </wpt>
  <wpt lat="51.404248248440332" lon="4.3434544671390105">
    <name>443.0</name>
  </wpt>
  <wpt lat="51.404993480295509" lon="4.3442602569025972">
    <name>443.1</name>
  </wpt>
  <wpt lat="51.405625732655558" lon="4.3452799490517346">
    <name>443.2</name>
  </wpt>
  <wpt lat="51.406223016932337" lon="4.3461499089849189">
    <name>443.3</name>
  </wpt>
  <wpt lat="51.406804649399604" lon="4.3450505416788978">
    <name>443.4</name>
  </wpt>
  <wpt lat="51.407401249597186" lon="4.3439717618962117">
    <name>443.5</name>
  </wpt>
  <wpt lat="51.408002687901913" lon="4.3428999276381584">
    <name>443.6</name>
  </wpt>
  <wpt lat="51.408602714877553" lon="4.3418264112717537">
    <name>443.7</name>
  </wpt>
  <wpt lat="51.4092025693359" lon="4.3407522604015849">
    <name>443.8</name>
  </wpt>
  <wpt lat="51.40979533840401" lon="4.3396679965638256">
    <name>443.9</name>
  </wpt>
  <wpt lat="51.410377642207436" lon="4.3392566449330765">
    <name>444.0</name>
  </wpt>
  <wpt lat="51.410952251427226" lon="4.3403657896169507">
    <name>444.1</name>
  </wpt>
  <wpt lat="51.411524308801567" lon="4.3414783214195554">
    <name>444.2</name>
  </wpt>
  <wpt lat="51.412098871666991" lon="4.3425868068388684">
    <name>444.3</name>
  </wpt>
  <wpt lat="51.412725405942744" lon="4.3428771021292762">
    <name>444.4</name>
  </wpt>
  <wpt lat="51.413291189552183" lon="4.3417562977308144">
    <name>444.5</name>
  </wpt>
  <wpt lat="51.41385600742823" lon="4.3406342395008037">
    <name>444.6</name>
  </wpt>
  <wpt lat="51.414414392481596" lon="4.3395039093338443">
    <name>444.7</name>
  </wpt>
  <wpt lat="51.414949963686588" lon="4.3383470365740768">
    <name>444.8</name>
  </wpt>
  <wpt lat="51.415481118830627" lon="4.3371860208614388">
    <name>444.9</name>
  </wpt>
  <wpt lat="51.416087568558318" lon="4.3361317991017216">
    <name>445.0</name>
  </wpt>
  <wpt lat="51.416584372550396" lon="4.3349748824109122">
    <name>445.1</name>
  </wpt>
  <wpt lat="51.417200893478743" lon="4.3356136148741609">
    <name>445.2</name>
  </wpt>
  <wpt lat="51.418057881628435" lon="4.3359208279788737">
    <name>445.3</name>
  </wpt>
  <wpt lat="51.418956896844264" lon="4.335886999999981">
    <name>445.4</name>
  </wpt>
  <wpt lat="51.4198562184502" lon="4.335886999999981">
    <name>445.5</name>
  </wpt>
  <wpt lat="51.420755540056113" lon="4.335886999999981">
    <name>445.6</name>
  </wpt>
  <wpt lat="51.421654806982822" lon="4.33587579009002">
    <name>445.7</name>
  </wpt>
  <wpt lat="51.422554018544233" lon="4.3358532293884213">
    <name>445.8</name>
  </wpt>
  <wpt lat="51.423177656866052" lon="4.335228627380233">
    <name>445.9</name>
  </wpt>
  <wpt lat="51.423144063620946" lon="4.3337874048263156">
    <name>446.0</name>
  </wpt>
  <wpt lat="51.423156680236822" lon="4.3323588487650575">
    <name>446.1</name>
  </wpt>
  <wpt lat="51.443467246222895" lon="4.3126142266139533">
    <name>449.50</name>
  </wpt>
  <wpt lat="51.443572937110311" lon="4.3125140629787522">
    <name>449.5</name>
  </wpt>
  <wpt lat="51.444367201527719" lon="4.3118922611842363">
    <name>449.6</name>
  </wpt>
  <wpt lat="51.445231651412414" lon="4.3114946743112208">
    <name>449.7</name>
  </wpt>
  <wpt lat="51.445860665676662" lon="4.3124073305054953">
    <name>449.8</name>
  </wpt>
  <wpt lat="51.446519075583915" lon="4.3133658193989586">
    <name>449.9</name>
  </wpt>
  <wpt lat="51.447400606426747" lon="4.3136234526282342">
    <name>450.0</name>
  </wpt>
  <wpt lat="51.448287212575991" lon="4.313577115426205">
    <name>450.1</name>
  </wpt>
  <wpt lat="51.44917601665302" lon="4.3133994522771317">
    <name>450.2</name>
  </wpt>
  <wpt lat="51.450066275160616" lon="4.3132737248422819">
    <name>450.3</name>
  </wpt>
  <wpt lat="51.450904896170229" lon="4.312900107368252">
    <name>450.4</name>
  </wpt>
  <wpt lat="51.451804125908119" lon="4.3128794806143773">
    <name>450.5</name>
  </wpt>
  <wpt lat="51.452703355646015" lon="4.3128588534542063">
    <name>450.6</name>
  </wpt>
  <wpt lat="51.453602486205376" lon="4.31283208580657">
    <name>450.7</name>
  </wpt>
  <wpt lat="51.454501627774604" lon="4.3128082065852151">
    <name>450.8</name>
  </wpt>
  <wpt lat="51.455400071796653" lon="4.312759719411984">
    <name>450.9</name>
  </wpt>
  <wpt lat="51.456297147249742" lon="4.3126577971902895">
    <name>451.0</name>
  </wpt>
  <wpt lat="51.457193080160074" lon="4.3125359156507113">
    <name>451.1</name>
  </wpt>
  <wpt lat="51.458083928684253" lon="4.3123402937279165">
    <name>451.2</name>
  </wpt>
  <wpt lat="51.458967839232116" lon="4.3120744661584745">
    <name>451.3</name>
  </wpt>
  <wpt lat="51.4598470613615" lon="4.3117714523257566">
    <name>451.4</name>
  </wpt>
  <wpt lat="51.460709716329831" lon="4.3113638909833947">
    <name>451.5</name>
  </wpt>
  <wpt lat="51.46156646513117" lon="4.31092578086857">
    <name>451.6</name>
  </wpt>
  <wpt lat="51.462420321402583" lon="4.3104726311724972">
    <name>451.7</name>
  </wpt>
  <wpt lat="51.463274177673952" lon="4.3100194729977268">
    <name>451.8</name>
  </wpt>
  <wpt lat="51.464145759388259" lon="4.3096656948259708">
    <name>451.9</name>
  </wpt>
  <wpt lat="51.464985760272022" lon="4.3091539933546761">
    <name>452.0</name>
  </wpt>
  <wpt lat="51.46581488090947" lon="4.3085960893304653">
    <name>452.1</name>
  </wpt>
  <wpt lat="51.466630496281304" lon="4.30798790992432">
    <name>452.2</name>
  </wpt>
  <wpt lat="51.467450665464888" lon="4.307396049786286">
    <name>452.3</name>
  </wpt>
  <wpt lat="51.468268971222052" lon="4.306808393603144">
    <name>452.4</name>
  </wpt>
  <wpt lat="51.468962014586516" lon="4.3059125692886582">
    <name>452.5</name>
  </wpt>
  <wpt lat="51.469706909066375" lon="4.3051036603840007">
    <name>452.6</name>
  </wpt>
  <wpt lat="51.4704892530871" lon="4.3044075183480581">
    <name>452.7</name>
  </wpt>
  <wpt lat="51.471333668709271" lon="4.3039154146739733">
    <name>452.8</name>
  </wpt>
  <wpt lat="51.472225446490796" lon="4.3040009999999551">
    <name>452.9</name>
  </wpt>
  <wpt lat="51.473122735373082" lon="4.303945949258619">
    <name>453.0</name>
  </wpt>
  <wpt lat="51.473988780849908" lon="4.30356688224581">
    <name>453.1</name>
  </wpt>
  <wpt lat="51.474830154854551" lon="4.3030689433941012">
    <name>453.2</name>
  </wpt>
  <wpt lat="51.475685368497146" lon="4.3026223067879314">
    <name>453.3</name>
  </wpt>
  <wpt lat="51.476565999290749" lon="4.3023438402184428">
    <name>453.4</name>
  </wpt>
  <wpt lat="51.477453940362395" lon="4.30216110272938">
    <name>453.5</name>
  </wpt>
  <wpt lat="51.478316085881794" lon="4.3017651019422933">
    <name>453.6</name>
  </wpt>
  <wpt lat="51.479148477234311" lon="4.301233185866427">
    <name>453.7</name>
  </wpt>
  <wpt lat="51.479644565001095" lon="4.3004586949601205">
    <name>453.8</name>
  </wpt>
  <wpt lat="51.479114916478729" lon="4.299372832447439">
    <name>453.9</name>
  </wpt>
  <wpt lat="51.47836205822334" lon="4.2986977880373827">
    <name>454.0</name>
  </wpt>
  <wpt lat="51.477519462341164" lon="4.29913723538645">
    <name>454.1</name>
  </wpt>
  <wpt lat="51.476676364048366" lon="4.298900976219163">
    <name>454.2</name>
  </wpt>
  <wpt lat="51.476468372776971" lon="4.2977952787298648">
    <name>454.3</name>
  </wpt>
  <wpt lat="51.476515797633795" lon="4.2963609984826716">
    <name>454.4</name>
  </wpt>
  <wpt lat="51.476426111221492" lon="4.2949263703357214">
    <name>454.5</name>
  </wpt>
  <wpt lat="51.476140155945089" lon="4.2937700603076774">
    <name>454.6</name>
  </wpt>
  <wpt lat="51.475849266555208" lon="4.2926039094567878">
    <name>454.7</name>
  </wpt>
  <wpt lat="51.475614860961784" lon="4.291210328290787">
    <name>454.8</name>
  </wpt>
  <wpt lat="51.480880086230307" lon="4.2807747646228469">
    <name>456.27</name>
  </wpt>
  <wpt lat="51.4812907919758" lon="4.28056112908512">
    <name>456.3</name>
  </wpt>
  <wpt lat="51.482146960676026" lon="4.2801195202192854">
    <name>456.4</name>
  </wpt>
  <wpt lat="51.4829902389073" lon="4.2796908382236181">
    <name>456.5</name>
  </wpt>
  <wpt lat="51.489845580411419" lon="4.285497565437046">
    <name>457.52</name>
  </wpt>
  <wpt lat="51.490488918994465" lon="4.2860366070053377">
    <name>457.6</name>
  </wpt>
  <wpt lat="51.490332044558961" lon="4.2874517090055955">
    <name>457.7</name>
  </wpt>
  <wpt lat="51.490357286211143" lon="4.2888917868873495">
    <name>457.8</name>
  </wpt>
  <wpt lat="51.491022999544207" lon="4.2890005336746873">
    <name>457.9</name>
  </wpt>
  <wpt lat="51.491796418658019" lon="4.2882970458128593">
    <name>458.0</name>
  </wpt>
  <wpt lat="51.492535649859796" lon="4.2875429295967349">
    <name>458.1</name>
  </wpt>
  <wpt lat="51.49331037901225" lon="4.2868096210998035">
    <name>458.2</name>
  </wpt>
  <wpt lat="51.497215152618068" lon="4.2839906468248659">
    <name>458.76</name>
  </wpt>
  <wpt lat="51.497628053029167" lon="4.2837692255863677">
    <name>458.8</name>
  </wpt>
  <wpt lat="51.498385340356251" lon="4.2829935368963987">
    <name>458.9</name>
  </wpt>
  <wpt lat="51.499429919737189" lon="4.281857000000028">
    <name>459.14</name>
  </wpt>
  <wpt lat="51.499869433826639" lon="4.2811934188817471">
    <name>459.2</name>
  </wpt>
  <wpt lat="51.500572308700548" lon="4.2803698838628605">
    <name>459.3</name>
  </wpt>
  <wpt lat="51.501381575246178" lon="4.27974580845163">
    <name>459.4</name>
  </wpt>
  <wpt lat="51.502271174418119" lon="4.2795352566650191">
    <name>459.5</name>
  </wpt>
  <wpt lat="51.503168124060174" lon="4.2794932083823536">
    <name>459.6</name>
  </wpt>
  <wpt lat="51.504066637375942" lon="4.2795477219226106">
    <name>459.7</name>
  </wpt>
  <wpt lat="51.50496539756822" lon="4.2795987437705509">
    <name>459.8</name>
  </wpt>
  <wpt lat="51.505863893411423" lon="4.2796601314922906">
    <name>459.9</name>
  </wpt>
  <wpt lat="51.5067622801716" lon="4.27966800000005">
    <name>460.0</name>
  </wpt>
  <wpt lat="51.507658010593723" lon="4.2795589172366242">
    <name>460.1</name>
  </wpt>
  <wpt lat="51.508549645864832" lon="4.2793708928853507">
    <name>460.2</name>
  </wpt>
  <wpt lat="51.509441275273836" lon="4.2791840651226645">
    <name>460.3</name>
  </wpt>
  <wpt lat="51.510333218658545" lon="4.27900299999999">
    <name>460.4</name>
  </wpt>
  <wpt lat="51.511223796673015" lon="4.2788064111382935">
    <name>460.5</name>
  </wpt>
  <wpt lat="51.51216534419526" lon="4.2786990226965491">
    <name>460.64</name>
  </wpt>
  <wpt lat="51.512868228833391" lon="4.2785809403478581">
    <name>460.7</name>
  </wpt>
  <wpt lat="51.513749051199582" lon="4.2782992211326754">
    <name>460.8</name>
  </wpt>
  <wpt lat="51.514606211721848" lon="4.2778652002840767">
    <name>460.9</name>
  </wpt>
  <wpt lat="51.515460055618938" lon="4.2774115081720359">
    <name>461.0</name>
  </wpt>
  <wpt lat="51.516309225494638" lon="4.2769360604471647">
    <name>461.1</name>
  </wpt>
  <wpt lat="51.517159223323048" lon="4.2764640271115582">
    <name>461.2</name>
  </wpt>
  <wpt lat="51.518010188331637" lon="4.2760297316851146">
    <name>461.3</name>
  </wpt>
  <wpt lat="51.518898818981889" lon="4.2758075482725388">
    <name>461.4</name>
  </wpt>
  <wpt lat="51.51978752786863" lon="4.2755864181178964">
    <name>461.5</name>
  </wpt>
  <wpt lat="51.520668991599187" lon="4.2753701596441012">
    <name>461.6</name>
  </wpt>
  <wpt lat="51.573129000019343" lon="4.3106626628069433">
    <name>471.22</name>
  </wpt>
  <wpt lat="51.573122695295822" lon="4.3120665856909133">
    <name>471.3</name>
  </wpt>
  <wpt lat="51.573037545327075" lon="4.3134975518985472">
    <name>471.4</name>
  </wpt>
  <wpt lat="51.57243147444418" lon="4.3145510478286138">
    <name>471.5</name>
  </wpt>
  <wpt lat="51.572573120183449" lon="4.3155714793035393">
    <name>471.6</name>
  </wpt>
  <wpt lat="51.573183219000214" lon="4.316260053035883">
    <name>471.7</name>
  </wpt>
  <wpt lat="51.573984458197273" lon="4.3157108712300767">
    <name>471.8</name>
  </wpt>
  <wpt lat="51.574864113098215" lon="4.3154105309580881">
    <name>471.9</name>
  </wpt>
  <wpt lat="51.575317001047367" lon="4.3159447007214657">
    <name>472.0</name>
  </wpt>
  <wpt lat="51.575503233668172" lon="4.3170653847240761">
    <name>472.1</name>
  </wpt>
  <wpt lat="51.576398422765635" lon="4.31692927644962">
    <name>472.2</name>
  </wpt>
  <wpt lat="51.577294697116322" lon="4.3168268682778459">
    <name>472.3</name>
  </wpt>
  <wpt lat="51.578085000224405" lon="4.3169646354677429">
    <name>472.4</name>
  </wpt>
  <wpt lat="51.578931237716226" lon="4.3170468078458359">
    <name>472.52</name>
  </wpt>
  <wpt lat="51.579817194613675" lon="4.3169764749882988">
    <name>472.6</name>
  </wpt>
  <wpt lat="51.580581205990278" lon="4.31669898882596">
    <name>472.7</name>
  </wpt>
  <wpt lat="51.580493275911614" lon="4.3155568858081637">
    <name>472.8</name>
  </wpt>
  <wpt lat="51.581138003884718" lon="4.3157877874020283">
    <name>472.9</name>
  </wpt>
  <wpt lat="51.581898665689231" lon="4.3157487576729752">
    <name>473.0</name>
  </wpt>
  <wpt lat="51.582792914358855" lon="4.3156209662657634">
    <name>473.1</name>
  </wpt>
  <wpt lat="51.58367015308891" lon="4.3153091760651128">
    <name>473.2</name>
  </wpt>
  <wpt lat="51.584516810236984" lon="4.3155003261836979">
    <name>473.3</name>
  </wpt>
  <wpt lat="51.585356937373056" lon="4.3159340260484784">
    <name>473.4</name>
  </wpt>
  <wpt lat="51.586258100287459" lon="4.31574133069399">
    <name>473.52</name>
  </wpt>
  <wpt lat="51.586628595111563" lon="4.3169481657954245">
    <name>473.6</name>
  </wpt>
  <wpt lat="51.587031961113681" lon="4.3182414787751329">
    <name>473.7</name>
  </wpt>
  <wpt lat="51.58737192693161" lon="4.3195772107501362">
    <name>473.8</name>
  </wpt>
  <wpt lat="51.587662410058819" lon="4.3209469489280679">
    <name>473.9</name>
  </wpt>
  <wpt lat="51.587605898930441" lon="4.3220408140711246">
    <name>474.0</name>
  </wpt>
  <wpt lat="51.587936381285395" lon="4.3233862927746287">
    <name>474.1</name>
  </wpt>
  <wpt lat="51.588276381731951" lon="4.324707592446396">
    <name>474.2</name>
  </wpt>
  <wpt lat="51.588256001376209" lon="4.3261540545042179">
    <name>474.3</name>
  </wpt>
  <wpt lat="51.588256001110537" lon="4.3276015186025605">
    <name>474.4</name>
  </wpt>
  <wpt lat="51.588280568967626" lon="4.3290460017413448">
    <name>474.5</name>
  </wpt>
  <wpt lat="51.588435065105422" lon="4.3304716089488364">
    <name>474.6</name>
  </wpt>
  <wpt lat="51.588342819361849" lon="4.3318173401310816">
    <name>474.7</name>
  </wpt>
  <wpt lat="51.58861742387144" lon="4.3327558732423181">
    <name>474.8</name>
  </wpt>
  <wpt lat="51.589495489145911" lon="4.3326005973438795">
    <name>474.9</name>
  </wpt>
  <wpt lat="51.5903890631937" lon="4.3327524112363331">
    <name>475.0</name>
  </wpt>
  <wpt lat="51.591251896714923" lon="4.3331494337217018">
    <name>475.1</name>
  </wpt>
  <wpt lat="51.5920631513593" lon="4.3337689032483437">
    <name>475.2</name>
  </wpt>
  <wpt lat="51.592841822422017" lon="4.3344931094510954">
    <name>475.3</name>
  </wpt>
  <wpt lat="51.593618912671865" lon="4.3352217645465627">
    <name>475.4</name>
  </wpt>
  <wpt lat="51.594394782304548" lon="4.3359537856818759">
    <name>475.5</name>
  </wpt>
  <wpt lat="51.595169570216775" lon="4.3366887910897152">
    <name>475.6</name>
  </wpt>
  <wpt lat="51.595911807297583" lon="4.3375055483351757">
    <name>475.7</name>
  </wpt>
  <wpt lat="51.596619875765533" lon="4.3383974757152908">
    <name>475.8</name>
  </wpt>
  <wpt lat="51.597360179858583" lon="4.339219179829402">
    <name>475.9</name>
  </wpt>
  <wpt lat="51.598145743397623" lon="4.339922861251341">
    <name>476.0</name>
  </wpt>
  <wpt lat="51.5989165996171" lon="4.3406640088891812">
    <name>476.1</name>
  </wpt>
  <wpt lat="51.599745135927307" lon="4.341225206027751">
    <name>476.2</name>
  </wpt>
  <wpt lat="51.600570341338084" lon="4.3417840429167924">
    <name>476.3</name>
  </wpt>
  <wpt lat="51.601345713863225" lon="4.3425118571514609">
    <name>476.4</name>
  </wpt>
  <wpt lat="51.602113399236451" lon="4.3432641762871187">
    <name>476.5</name>
  </wpt>
  <wpt lat="51.602845252729061" lon="4.3441056588665656">
    <name>476.6</name>
  </wpt>
  <wpt lat="51.603591455459473" lon="4.3449132227410088">
    <name>476.7</name>
  </wpt>
  <wpt lat="51.604391359211867" lon="4.3455736687757529">
    <name>476.8</name>
  </wpt>
  <wpt lat="51.605211336033214" lon="4.3461681619617805">
    <name>476.9</name>
  </wpt>
  <wpt lat="51.605985950966662" lon="4.3469023007262786">
    <name>477.0</name>
  </wpt>
  <wpt lat="51.60675594389744" lon="4.347650440078751">
    <name>477.1</name>
  </wpt>
  <wpt lat="51.607543916676619" lon="4.3483478398980688">
    <name>477.2</name>
  </wpt>
  <wpt lat="51.60832706461963" lon="4.3490589064748519">
    <name>477.3</name>
  </wpt>
  <wpt lat="51.609103542001876" lon="4.3497895015754473">
    <name>477.4</name>
  </wpt>
  <wpt lat="51.609880019384065" lon="4.3505201091724164">
    <name>477.5</name>
  </wpt>
  <wpt lat="51.610659309960916" lon="4.3512429148692613">
    <name>477.6</name>
  </wpt>
  <wpt lat="51.611465414095193" lon="4.3518823819832386">
    <name>477.7</name>
  </wpt>
  <wpt lat="51.612292949254496" lon="4.3524492245160911">
    <name>477.8</name>
  </wpt>
  <wpt lat="51.613121866803581" lon="4.3530109542060247">
    <name>477.9</name>
  </wpt>
  <wpt lat="51.613950784352632" lon="4.3535726941544421">
    <name>478.0</name>
  </wpt>
  <wpt lat="51.614779701901647" lon="4.354134444361752">
    <name>478.1</name>
  </wpt>
  <wpt lat="51.615608619450619" lon="4.3546962048285645">
    <name>478.2</name>
  </wpt>
  <wpt lat="51.616437536999548" lon="4.3552579755552863">
    <name>478.3</name>
  </wpt>
  <wpt lat="51.617266454548442" lon="4.3558197565424264">
    <name>478.4</name>
  </wpt>
  <wpt lat="51.618095372097294" lon="4.3563815477904937">
    <name>478.5</name>
  </wpt>
  <wpt lat="51.61892428964611" lon="4.356943349299998">
    <name>478.6</name>
  </wpt>
  <wpt lat="51.619753207194876" lon="4.3575051610714475">
    <name>478.7</name>
  </wpt>
  <wpt lat="51.620582124743606" lon="4.3580669831052488">
    <name>478.8</name>
  </wpt>
  <wpt lat="51.621409803586971" lon="4.3586114813362524">
    <name>478.9</name>
  </wpt>
  <wpt lat="51.622238199384007" lon="4.3591753167615206">
    <name>479.0</name>
  </wpt>
  <wpt lat="51.623066595180994" lon="4.3597391624805892">
    <name>479.1</name>
  </wpt>
  <wpt lat="51.623894990977945" lon="4.3603030184939691">
    <name>479.2</name>
  </wpt>
  <wpt lat="51.62472338677486" lon="4.360866884802169">
    <name>479.3</name>
  </wpt>
  <wpt lat="51.62555178257174" lon="4.361430761405594">
    <name>479.4</name>
  </wpt>
  <wpt lat="51.626382868601674" lon="4.3619842754351614">
    <name>479.5</name>
  </wpt>
  <wpt lat="51.627219813051305" lon="4.3625128129088546">
    <name>479.6</name>
  </wpt>
  <wpt lat="51.6278460000027" lon="4.3634907293731882">
    <name>479.7</name>
  </wpt>
  <wpt lat="51.80781704396486" lon="4.4120093699991276">
    <name>515.05</name>
  </wpt>
  <wpt lat="51.808383541948736" lon="4.4121343741399146">
    <name>515.1</name>
  </wpt>
  <wpt lat="51.809255692457263" lon="4.4124703689845717">
    <name>515.2</name>
  </wpt>
  <wpt lat="51.810138281639681" lon="4.4127496493771927">
    <name>515.3</name>
  </wpt>
  <wpt lat="51.811020145644854" lon="4.4130348371999712">
    <name>515.4</name>
  </wpt>
  <wpt lat="51.811902711421396" lon="4.4133141443562733">
    <name>515.5</name>
  </wpt>
  <wpt lat="51.812775697986723" lon="4.4135337192757556">
    <name>515.6</name>
  </wpt>
</gpx>