<?xml version="1.0" encoding="utf-8"?>
<gpx xmlns:xsi="http://www.w3.org/2001/XMLSchema-instance" xsi:schemaLocation="http://www.topografix.com/GPX/1/1 http://www.topografix.com/GPX/1/1/gpx.xsd" version="1.1" creator="Roparun" xmlns="http://www.topografix.com/GPX/1/1">
  <wpt lat="50.33157181367811" lon="3.5752197229177209">
    <name>94.78</name>
  </wpt>
  <wpt lat="50.331842364600114" lon="3.5752875578155487">
    <name>94.8</name>
  </wpt>
  <wpt lat="50.332726572014465" lon="3.5751094870733549">
    <name>94.9</name>
  </wpt>
  <wpt lat="50.333617049213295" lon="3.5749167494434428">
    <name>95.0</name>
  </wpt>
  <wpt lat="50.334482680821786" lon="3.574544719879607">
    <name>95.1</name>
  </wpt>
  <wpt lat="50.335380533233725" lon="3.5744859291034614">
    <name>95.2</name>
  </wpt>
  <wpt lat="50.336272572898764" lon="3.574344807453786">
    <name>95.3</name>
  </wpt>
  <wpt lat="50.336549732189191" lon="3.575471159695204">
    <name>95.4</name>
  </wpt>
  <wpt lat="50.336465353836672" lon="3.5768470869901114">
    <name>95.5</name>
  </wpt>
  <wpt lat="50.336350760828118" lon="3.5781945307957126">
    <name>95.6</name>
  </wpt>
  <wpt lat="50.336424440762421" lon="3.5795685904379706">
    <name>95.7</name>
  </wpt>
  <wpt lat="50.336147272323949" lon="3.5809087866886835">
    <name>95.8</name>
  </wpt>
  <wpt lat="50.336015513799929" lon="3.5823019886604057">
    <name>95.9</name>
  </wpt>
  <wpt lat="50.335735238313731" lon="3.5836285561772114">
    <name>96.0</name>
  </wpt>
  <wpt lat="50.335389628308583" lon="3.5849293108458427">
    <name>96.1</name>
  </wpt>
  <wpt lat="50.335045469086282" lon="3.5862309383014255">
    <name>96.2</name>
  </wpt>
  <wpt lat="50.334689418361506" lon="3.5875212270320387">
    <name>96.3</name>
  </wpt>
  <wpt lat="50.334319758222726" lon="3.5888007453084558">
    <name>96.4</name>
  </wpt>
  <wpt lat="50.773891466779091" lon="3.8868465332283986">
    <name>162.51</name>
  </wpt>
  <wpt lat="50.773887918896882" lon="3.8868500811175024">
    <name>162.5</name>
  </wpt>
  <wpt lat="50.773244189601826" lon="3.8877790332724786">
    <name>162.6</name>
  </wpt>
  <wpt lat="50.772460337208642" lon="3.8881927196281176">
    <name>162.7</name>
  </wpt>
  <wpt lat="50.7716730214265" lon="3.8881251058185331">
    <name>162.8</name>
  </wpt>
  <wpt lat="50.77172393496538" lon="3.88917281138443">
    <name>162.9</name>
  </wpt>
  <wpt lat="50.772188615602886" lon="3.8900771384601671">
    <name>163.0</name>
  </wpt>
  <wpt lat="50.772742398114922" lon="3.8909919823647314">
    <name>163.1</name>
  </wpt>
  <wpt lat="50.773351146156337" lon="3.891014098080166">
    <name>163.2</name>
  </wpt>
  <wpt lat="50.774062232658835" lon="3.8918694112411893">
    <name>163.3</name>
  </wpt>
  <wpt lat="50.943114859750359" lon="4.0574691402570613">
    <name>192.33</name>
  </wpt>
  <wpt lat="50.943452647600438" lon="4.0565592551549958">
    <name>192.4</name>
  </wpt>
  <wpt lat="50.943681592042552" lon="4.0555358970836721">
    <name>192.5</name>
  </wpt>
  <wpt lat="50.944252589894468" lon="4.055727571069129">
    <name>192.6</name>
  </wpt>
  <wpt lat="50.944421711609145" lon="4.0570308813017428">
    <name>192.7</name>
  </wpt>
  <wpt lat="50.943558554406934" lon="4.0572611943604766">
    <name>192.8</name>
  </wpt>
  <wpt lat="50.971702899703452" lon="4.1682774991974476">
    <name>202.99</name>
  </wpt>
  <wpt lat="50.97166094963243" lon="4.1684312490135387">
    <name>203.0</name>
  </wpt>
  <wpt lat="50.972375648391484" lon="4.1692514305229453">
    <name>203.1</name>
  </wpt>
  <wpt lat="51.033065147307425" lon="4.1018060000000158">
    <name>215.66</name>
  </wpt>
  <wpt lat="51.033480624231558" lon="4.10174572423724">
    <name>215.7</name>
  </wpt>
  <wpt lat="51.033583691304187" lon="4.1028633998412154">
    <name>215.8</name>
  </wpt>
  <wpt lat="51.033717656496428" lon="4.1042682641439265">
    <name>215.9</name>
  </wpt>
  <wpt lat="51.033966715405924" lon="4.1056384046379044">
    <name>216.0</name>
  </wpt>
  <wpt lat="51.033806801794434" lon="4.1065592426883883">
    <name>216.1</name>
  </wpt>
  <wpt lat="51.068466000000768" lon="4.0478167751792578">
    <name>222.70</name>
  </wpt>
  <wpt lat="51.068465921992946" lon="4.0476669876903513">
    <name>222.7</name>
  </wpt>
  <wpt lat="51.0683729517559" lon="4.0462553020913008">
    <name>222.8</name>
  </wpt>
  <wpt lat="51.068202605759986" lon="4.0448759048102181">
    <name>222.9</name>
  </wpt>
  <wpt lat="51.068839932032041" lon="4.0443834588772045">
    <name>223.0</name>
  </wpt>
  <wpt lat="51.068450193891522" lon="4.0430948741867239">
    <name>223.1</name>
  </wpt>
  <wpt lat="51.068275358086574" lon="4.041827345177178">
    <name>223.2</name>
  </wpt>
  <wpt lat="51.068440126354844" lon="4.04042043198801">
    <name>223.3</name>
  </wpt>
  <wpt lat="51.068170313917932" lon="4.03918700125443">
    <name>223.4</name>
  </wpt>
  <wpt lat="51.068203203108645" lon="4.0380103570655281">
    <name>223.5</name>
  </wpt>
  <wpt lat="51.068935864120718" lon="4.037455674654975">
    <name>223.6</name>
  </wpt>
  <wpt lat="51.069748134560562" lon="4.0368413992080132">
    <name>223.7</name>
  </wpt>
  <wpt lat="51.07033083997419" lon="4.0360926660710188">
    <name>223.8</name>
  </wpt>
  <wpt lat="51.071124122507861" lon="4.0354392635319662">
    <name>223.9</name>
  </wpt>
  <wpt lat="51.071827011971358" lon="4.0346200573946636">
    <name>224.0</name>
  </wpt>
  <wpt lat="51.072622431984762" lon="4.0339625691303338">
    <name>224.1</name>
  </wpt>
  <wpt lat="51.073399222905955" lon="4.03333946841581">
    <name>224.2</name>
  </wpt>
  <wpt lat="51.074159071979508" lon="4.0325945789619473">
    <name>224.3</name>
  </wpt>
  <wpt lat="51.074750841580496" lon="4.0317560092501985">
    <name>224.4</name>
  </wpt>
  <wpt lat="51.07555225611631" lon="4.0311067975550277">
    <name>224.5</name>
  </wpt>
  <wpt lat="51.076355786270483" lon="4.0304639738013961">
    <name>224.6</name>
  </wpt>
  <wpt lat="51.077028362090857" lon="4.0309331056691233">
    <name>224.7</name>
  </wpt>
  <wpt lat="51.077658435506031" lon="4.0319543794178285">
    <name>224.8</name>
  </wpt>
  <wpt lat="51.078272035663566" lon="4.0330008772401946">
    <name>224.9</name>
  </wpt>
  <wpt lat="51.07888968386257" lon="4.0340412752450776">
    <name>225.0</name>
  </wpt>
  <wpt lat="51.079475103934627" lon="4.0351277407877708">
    <name>225.1</name>
  </wpt>
  <wpt lat="51.080133899674934" lon="4.035777264496069">
    <name>225.2</name>
  </wpt>
  <wpt lat="51.080929825681814" lon="4.0351108404096232">
    <name>225.3</name>
  </wpt>
  <wpt lat="51.081567637455166" lon="4.0356401066153627">
    <name>225.4</name>
  </wpt>
  <wpt lat="51.170242808406826" lon="4.3122089489767212">
    <name>251.82</name>
  </wpt>
  <wpt lat="51.16991991232797" lon="4.31336373670458">
    <name>251.9</name>
  </wpt>
  <wpt lat="51.169620785164078" lon="4.3146794566288147">
    <name>252.0</name>
  </wpt>
  <wpt lat="51.169338413822075" lon="4.3160392566113988">
    <name>252.1</name>
  </wpt>
  <wpt lat="51.169600978745862" lon="4.3168723383784329">
    <name>252.2</name>
  </wpt>
  <wpt lat="51.170480498006555" lon="4.3171680221688566">
    <name>252.3</name>
  </wpt>
  <wpt lat="51.171373676476364" lon="4.3173353844887652">
    <name>252.4</name>
  </wpt>
  <wpt lat="51.17226702634953" lon="4.3174978318684154">
    <name>252.5</name>
  </wpt>
  <wpt lat="51.173156890722417" lon="4.3177017974038154">
    <name>252.6</name>
  </wpt>
  <wpt lat="51.174035665098714" lon="4.3180047480419139">
    <name>252.7</name>
  </wpt>
  <wpt lat="51.174897097792" lon="4.3183742981476074">
    <name>252.8</name>
  </wpt>
  <wpt lat="51.175196000790507" lon="4.3195414035678388">
    <name>252.9</name>
  </wpt>
  <wpt lat="51.17519600988873" lon="4.320975862965855">
    <name>253.0</name>
  </wpt>
  <wpt lat="51.175196020536781" lon="4.3224103223641768">
    <name>253.1</name>
  </wpt>
  <wpt lat="51.175488444677626" lon="4.3234210000000015">
    <name>253.2</name>
  </wpt>
  <wpt lat="51.175559388665732" lon="4.3221022775230411">
    <name>253.3</name>
  </wpt>
  <wpt lat="51.175546592453429" lon="4.3206679522352252">
    <name>253.4</name>
  </wpt>
  <wpt lat="51.175539000821942" lon="4.3192335704108862">
    <name>253.5</name>
  </wpt>
  <wpt lat="51.176107124512356" lon="4.3157653053481679">
    <name>253.82</name>
  </wpt>
  <wpt lat="51.176930119534816" lon="4.3161335597290638">
    <name>253.9</name>
  </wpt>
  <wpt lat="51.177798078327974" lon="4.3165078065548679">
    <name>254.0</name>
  </wpt>
  <wpt lat="51.178633278161087" lon="4.317032846373392">
    <name>254.1</name>
  </wpt>
  <wpt lat="51.179490489261276" lon="4.3174430124912107">
    <name>254.2</name>
  </wpt>
  <wpt lat="51.1803884269344" lon="4.3175061601713054">
    <name>254.3</name>
  </wpt>
  <wpt lat="51.181227569689547" lon="4.3179931749674667">
    <name>254.4</name>
  </wpt>
  <wpt lat="51.182043297848821" lon="4.3185971970331343">
    <name>254.5</name>
  </wpt>
  <wpt lat="51.182849914459844" lon="4.3192293231077317">
    <name>254.6</name>
  </wpt>
  <wpt lat="51.183393617829033" lon="4.3203514482940673">
    <name>254.7</name>
  </wpt>
  <wpt lat="51.183880144057568" lon="4.3215580758641563">
    <name>254.8</name>
  </wpt>
  <wpt lat="51.184457391482617" lon="4.3226361502420518">
    <name>254.9</name>
  </wpt>
  <wpt lat="51.185187469680415" lon="4.3234739372703856">
    <name>255.0</name>
  </wpt>
  <wpt lat="51.185918505043489" lon="4.3243096073824887">
    <name>255.1</name>
  </wpt>
  <wpt lat="51.18664875415304" lon="4.325145922035575">
    <name>255.2</name>
  </wpt>
  <wpt lat="51.187409998744734" lon="4.3258858873206858">
    <name>255.3</name>
  </wpt>
  <wpt lat="51.188297637546547" lon="4.3257374022582349">
    <name>255.4</name>
  </wpt>
  <wpt lat="51.189183364580437" lon="4.3254888723441738">
    <name>255.5</name>
  </wpt>
  <wpt lat="51.190067732265796" lon="4.3252311184205317">
    <name>255.6</name>
  </wpt>
  <wpt lat="51.19071189999547" lon="4.3243045793320372">
    <name>255.7</name>
  </wpt>
  <wpt lat="51.191183144699323" lon="4.3230903268680887">
    <name>255.8</name>
  </wpt>
  <wpt lat="51.191944635792005" lon="4.3227948491757759">
    <name>255.9</name>
  </wpt>
  <wpt lat="51.192708378542378" lon="4.32351480765554">
    <name>256.0</name>
  </wpt>
  <wpt lat="51.193485613503853" lon="4.3242244851828238">
    <name>256.1</name>
  </wpt>
  <wpt lat="51.194283393285367" lon="4.3248506412445327">
    <name>256.2</name>
  </wpt>
  <wpt lat="51.194997985274064" lon="4.3257191743727441">
    <name>256.3</name>
  </wpt>
  <wpt lat="51.195711668656905" lon="4.32659075026322">
    <name>256.4</name>
  </wpt>
  <wpt lat="51.196447256008518" lon="4.3274163343125771">
    <name>256.5</name>
  </wpt>
  <wpt lat="51.1971855433064" lon="4.328235397837676">
    <name>256.6</name>
  </wpt>
  <wpt lat="51.197918462837869" lon="4.3290648496512905">
    <name>256.7</name>
  </wpt>
  <wpt lat="51.198496963067313" lon="4.3301406889710723">
    <name>256.8</name>
  </wpt>
  <wpt lat="51.198910915459258" lon="4.3314144766865015">
    <name>256.9</name>
  </wpt>
  <wpt lat="51.199363635013825" lon="4.3326526796654914">
    <name>257.0</name>
  </wpt>
  <wpt lat="51.199833067391396" lon="4.3338768516007358">
    <name>257.1</name>
  </wpt>
  <wpt lat="51.200303802592074" lon="4.3350996528765">
    <name>257.2</name>
  </wpt>
  <wpt lat="51.200775913479454" lon="4.3363208418890977">
    <name>257.3</name>
  </wpt>
  <wpt lat="51.201345348238888" lon="4.3374315647841524">
    <name>257.4</name>
  </wpt>
  <wpt lat="51.201754525291058" lon="4.3386879250509036">
    <name>257.5</name>
  </wpt>
  <wpt lat="51.202077070815122" lon="4.3399885735966892">
    <name>257.6</name>
  </wpt>
  <wpt lat="51.202145853702248" lon="4.3414118256617575">
    <name>257.7</name>
  </wpt>
  <wpt lat="51.202126000124423" lon="4.342846731111246">
    <name>257.8</name>
  </wpt>
  <wpt lat="51.220671982846355" lon="4.3877506932333832">
    <name>261.82</name>
  </wpt>
  <wpt lat="51.220533798919327" lon="4.3888253786815143">
    <name>261.9</name>
  </wpt>
  <wpt lat="51.220190030513571" lon="4.3901522020564885">
    <name>262.0</name>
  </wpt>
  <wpt lat="51.2198462621079" lon="4.3914790155231955">
    <name>262.1</name>
  </wpt>
  <wpt lat="51.219502493702336" lon="4.3928058190817376">
    <name>262.2</name>
  </wpt>
  <wpt lat="51.219158725296872" lon="4.3941326127324185">
    <name>262.3</name>
  </wpt>
  <wpt lat="51.2188149568915" lon="4.3954593964754425">
    <name>262.4</name>
  </wpt>
  <wpt lat="51.218923509069761" lon="4.3955745274248041">
    <name>262.5</name>
  </wpt>
  <wpt lat="51.219670874362691" lon="4.39584482551107">
    <name>262.6</name>
  </wpt>
  <wpt lat="51.220492356781371" lon="4.3964287875202537">
    <name>262.7</name>
  </wpt>
  <wpt lat="51.221311235182618" lon="4.3970220366781687">
    <name>262.8</name>
  </wpt>
  <wpt lat="51.222139389281715" lon="4.3975810655605532">
    <name>262.9</name>
  </wpt>
  <wpt lat="51.222974546662151" lon="4.3981129212183987">
    <name>263.0</name>
  </wpt>
  <wpt lat="51.223816050856826" lon="4.3986148926459245">
    <name>263.1</name>
  </wpt>
  <wpt lat="51.224651110992134" lon="4.3991479352981759">
    <name>263.2</name>
  </wpt>
  <wpt lat="51.225482968744011" lon="4.3996902935485833">
    <name>263.3</name>
  </wpt>
  <wpt lat="51.226319554069505" lon="4.4002165685060532">
    <name>263.4</name>
  </wpt>
  <wpt lat="51.227113042319878" lon="4.400890585751549">
    <name>263.5</name>
  </wpt>
  <wpt lat="51.227869157099022" lon="4.4016543109447728">
    <name>263.6</name>
  </wpt>
  <wpt lat="51.227998891373" lon="4.40290064038336">
    <name>263.7</name>
  </wpt>
  <wpt lat="51.228025000019848" lon="4.4043360918326142">
    <name>263.8</name>
  </wpt>
  <wpt lat="51.228061644044338" lon="4.4057707676585736">
    <name>263.9</name>
  </wpt>
  <wpt lat="51.228103840718887" lon="4.4072052932215922">
    <name>264.0</name>
  </wpt>
  <wpt lat="51.228130445947293" lon="4.4086407290837881">
    <name>264.1</name>
  </wpt>
  <wpt lat="51.228168538045296" lon="4.410075115415049">
    <name>264.2</name>
  </wpt>
  <wpt lat="51.228348688165326" lon="4.411259997077936">
    <name>264.3</name>
  </wpt>
  <wpt lat="51.229247519334265" lon="4.4112125746813362">
    <name>264.4</name>
  </wpt>
  <wpt lat="51.230078950028208" lon="4.4110540000000258">
    <name>264.5</name>
  </wpt>
  <wpt lat="51.230884344033662" lon="4.411203999999957">
    <name>264.6</name>
  </wpt>
  <wpt lat="51.231093000415214" lon="4.4123069811976476">
    <name>264.7</name>
  </wpt>
  <wpt lat="51.231486283461741" lon="4.4134177215666188">
    <name>264.8</name>
  </wpt>
  <wpt lat="51.231780001437052" lon="4.414698838914382">
    <name>264.9</name>
  </wpt>
  <wpt lat="51.231780001449096" lon="4.416135061559193">
    <name>265.0</name>
  </wpt>
  <wpt lat="51.231780000874444" lon="4.4175712842039019">
    <name>265.1</name>
  </wpt>
  <wpt lat="51.231780000447344" lon="4.4190075068486108">
    <name>265.2</name>
  </wpt>
  <wpt lat="51.232197328239025" lon="4.420089091764499">
    <name>265.3</name>
  </wpt>
  <wpt lat="51.233096114607086" lon="4.4201299999999843">
    <name>265.4</name>
  </wpt>
  <wpt lat="51.233995436213014" lon="4.4201299999999843">
    <name>265.5</name>
  </wpt>
  <wpt lat="51.234890924238222" lon="4.420066016879673">
    <name>265.6</name>
  </wpt>
  <wpt lat="51.618262251708408" lon="4.95144222259262">
    <name>342.44</name>
  </wpt>
  <wpt lat="51.548606287770156" lon="4.5874308295406037">
    <name>389.13</name>
  </wpt>
  <wpt lat="51.549318748623939" lon="4.5870225722110485">
    <name>389.2</name>
  </wpt>
  <wpt lat="51.55017432729516" lon="4.5865770133553232">
    <name>389.3</name>
  </wpt>
  <wpt lat="51.42325538366476" lon="4.3316600000000349">
    <name>446.17</name>
  </wpt>
  <wpt lat="51.423253350807961" lon="4.3310970979372909">
    <name>446.2</name>
  </wpt>
  <wpt lat="51.423185780322967" lon="4.3296614770029436">
    <name>446.3</name>
  </wpt>
  <wpt lat="51.423045936978227" lon="4.3282369533488563">
    <name>446.4</name>
  </wpt>
  <wpt lat="51.422909439875596" lon="4.3268115101072535">
    <name>446.5</name>
  </wpt>
  <wpt lat="51.422781333245311" lon="4.3253840043478968">
    <name>446.6</name>
  </wpt>
  <wpt lat="51.422603000015577" lon="4.3240022689301307">
    <name>446.7</name>
  </wpt>
  <wpt lat="51.42305965092325" lon="4.3233334195900293">
    <name>446.8</name>
  </wpt>
  <wpt lat="51.423951430121541" lon="4.3235060000000063">
    <name>446.9</name>
  </wpt>
  <wpt lat="51.424807867462384" lon="4.3230951317696018">
    <name>447.0</name>
  </wpt>
  <wpt lat="51.425626101157022" lon="4.3225074525203642">
    <name>447.1</name>
  </wpt>
  <wpt lat="51.426406797502224" lon="4.3217935553223814">
    <name>447.2</name>
  </wpt>
  <wpt lat="51.427177736079855" lon="4.3210546188210142">
    <name>447.3</name>
  </wpt>
  <wpt lat="51.427868587815119" lon="4.3201312746007146">
    <name>447.4</name>
  </wpt>
  <wpt lat="51.428584140751212" lon="4.319281354656801">
    <name>447.5</name>
  </wpt>
  <wpt lat="51.429376626211464" lon="4.3188939495246368">
    <name>447.6</name>
  </wpt>
  <wpt lat="51.430275590961088" lon="4.3188533184150035">
    <name>447.7</name>
  </wpt>
  <wpt lat="51.431174635195156" lon="4.318819897205441">
    <name>447.8</name>
  </wpt>
  <wpt lat="51.432073626725305" lon="4.3187859999999691">
    <name>447.9</name>
  </wpt>
  <wpt lat="51.432972736219767" lon="4.3187607456702244">
    <name>448.0</name>
  </wpt>
  <wpt lat="51.4338716527674" lon="4.3187182068481169">
    <name>448.1</name>
  </wpt>
  <wpt lat="51.434748000004426" lon="4.3186632935636364">
    <name>448.2</name>
  </wpt>
  <wpt lat="51.435613846637281" lon="4.3183833041355077">
    <name>448.3</name>
  </wpt>
  <wpt lat="51.436497758900963" lon="4.318119247028597">
    <name>448.4</name>
  </wpt>
  <wpt lat="51.437392445022439" lon="4.3180226016067538">
    <name>448.5</name>
  </wpt>
  <wpt lat="51.438288377250153" lon="4.3181477274767834">
    <name>448.6</name>
  </wpt>
  <wpt lat="51.439152212110244" lon="4.3179437885487335">
    <name>448.7</name>
  </wpt>
  <wpt lat="51.439906527341236" lon="4.3171596648952351">
    <name>448.8</name>
  </wpt>
  <wpt lat="51.440629925156422" lon="4.3163025241890178">
    <name>448.9</name>
  </wpt>
  <wpt lat="51.4413699870485" lon="4.3154950167289634">
    <name>449.0</name>
  </wpt>
  <wpt lat="51.442225492828939" lon="4.3150501585881109">
    <name>449.1</name>
  </wpt>
  <wpt lat="51.442361989824519" lon="4.3139919372851567">
    <name>449.2</name>
  </wpt>
  <wpt lat="51.441854734805439" lon="4.3129042092662173">
    <name>449.3</name>
  </wpt>
  <wpt lat="51.442726212771937" lon="4.3125629999999679">
    <name>449.4</name>
  </wpt>
  <wpt lat="51.475548764691084" lon="4.2907708924230636">
    <name>454.84</name>
  </wpt>
  <wpt lat="51.475420913473393" lon="4.2897743591307895">
    <name>454.9</name>
  </wpt>
  <wpt lat="51.475489187424351" lon="4.2883476703890624">
    <name>455.0</name>
  </wpt>
  <wpt lat="51.475658765385575" lon="4.2870835747281451">
    <name>455.1</name>
  </wpt>
  <wpt lat="51.474963696714077" lon="4.2862064459790039">
    <name>455.2</name>
  </wpt>
  <wpt lat="51.4745595798804" lon="4.2849401962343512">
    <name>455.3</name>
  </wpt>
  <wpt lat="51.475185288544168" lon="4.2842712492784987">
    <name>455.4</name>
  </wpt>
  <wpt lat="51.476039630651336" lon="4.2838203988139538">
    <name>455.5</name>
  </wpt>
  <wpt lat="51.476894703169947" lon="4.2833733545005712">
    <name>455.6</name>
  </wpt>
  <wpt lat="51.477745899271724" lon="4.282907371657287">
    <name>455.7</name>
  </wpt>
  <wpt lat="51.478603043362874" lon="4.2824728818483688">
    <name>455.8</name>
  </wpt>
  <wpt lat="51.478341153916908" lon="4.2811390315478342">
    <name>455.9</name>
  </wpt>
  <wpt lat="51.479050056705951" lon="4.2805581190941719">
    <name>456.0</name>
  </wpt>
  <wpt lat="51.479904287435751" lon="4.2801073686065214">
    <name>456.1</name>
  </wpt>
  <wpt lat="51.480733087145374" lon="4.2801003649695426">
    <name>456.2</name>
  </wpt>
  <wpt lat="51.483107747829472" lon="4.2801801827794428">
    <name>456.55</name>
  </wpt>
  <wpt lat="51.483305074000583" lon="4.2810692892693281">
    <name>456.6</name>
  </wpt>
  <wpt lat="51.48363595384582" lon="4.2823947788877037">
    <name>456.7</name>
  </wpt>
  <wpt lat="51.48443665192702" lon="4.2824402620367072">
    <name>456.8</name>
  </wpt>
  <wpt lat="51.485326948890922" lon="4.28226006278997">
    <name>456.9</name>
  </wpt>
  <wpt lat="51.486223056787836" lon="4.2823168119584976">
    <name>457.0</name>
  </wpt>
  <wpt lat="51.487066421030953" lon="4.2827866744444183">
    <name>457.1</name>
  </wpt>
  <wpt lat="51.487858405042" lon="4.2834657096430959">
    <name>457.2</name>
  </wpt>
  <wpt lat="51.488554796766643" lon="4.2843785231642961">
    <name>457.3</name>
  </wpt>
  <wpt lat="51.489217884815609" lon="4.2853540579035894">
    <name>457.4</name>
  </wpt>
  <wpt lat="51.489847733675731" lon="4.2854917782746016">
    <name>457.5</name>
  </wpt>
  <wpt lat="51.490484127661773" lon="4.286061266553749">
    <name>457.6</name>
  </wpt>
  <wpt lat="51.490330719465462" lon="4.287477453418207">
    <name>457.7</name>
  </wpt>
  <wpt lat="51.490359778869774" lon="4.2889173070362512">
    <name>457.8</name>
  </wpt>
  <wpt lat="51.491037092294583" lon="4.2889880826617066">
    <name>457.9</name>
  </wpt>
  <wpt lat="51.491810582010487" lon="4.2882848029810745">
    <name>458.0</name>
  </wpt>
  <wpt lat="51.492549557069054" lon="4.287529951168402">
    <name>458.1</name>
  </wpt>
  <wpt lat="51.493324033168584" lon="4.2867959668850215">
    <name>458.2</name>
  </wpt>
  <wpt lat="51.494005750001172" lon="4.2872168709271383">
    <name>458.3</name>
  </wpt>
  <wpt lat="51.494618469027969" lon="4.2862145293346057">
    <name>458.4</name>
  </wpt>
  <wpt lat="51.495209588049327" lon="4.285126080134205">
    <name>458.5</name>
  </wpt>
  <wpt lat="51.496014576852929" lon="4.284513695120908">
    <name>458.6</name>
  </wpt>
  <wpt lat="51.496885273660659" lon="4.284165746864053">
    <name>458.7</name>
  </wpt>
  <wpt lat="51.497641473473593" lon="4.2837549848133873">
    <name>458.8</name>
  </wpt>
  <wpt lat="51.498398526187067" lon="4.2829787411846141">
    <name>458.9</name>
  </wpt>
  <wpt lat="51.499051705998674" lon="4.28292564707431">
    <name>459.0</name>
  </wpt>
  <wpt lat="51.499482512543054" lon="4.2821622967012622">
    <name>459.1</name>
  </wpt>
  <wpt lat="51.499881345294796" lon="4.28117605631842">
    <name>459.2</name>
  </wpt>
  <wpt lat="51.500586719684364" lon="4.2803584084563786">
    <name>459.3</name>
  </wpt>
  <wpt lat="51.501397409460253" lon="4.279741269317979">
    <name>459.4</name>
  </wpt>
  <wpt lat="51.502287066372119" lon="4.2795312720738492">
    <name>459.5</name>
  </wpt>
  <wpt lat="51.50318419178879" lon="4.2794943827733158">
    <name>459.6</name>
  </wpt>
  <wpt lat="51.504082712067266" lon="4.27954861726514">
    <name>459.7</name>
  </wpt>
  <wpt lat="51.50498147096399" lon="4.27959969727367">
    <name>459.8</name>
  </wpt>
  <wpt lat="51.505879959290048" lon="4.2796613695539882">
    <name>459.9</name>
  </wpt>
  <wpt lat="51.506778364521132" lon="4.27966800000005">
    <name>460.0</name>
  </wpt>
  <wpt lat="51.507674005194133" lon="4.2795561910934383">
    <name>460.1</name>
  </wpt>
  <wpt lat="51.50856558667779" lon="4.2793674481790385">
    <name>460.2</name>
  </wpt>
  <wpt lat="51.509457183900537" lon="4.2791802555004743">
    <name>460.3</name>
  </wpt>
  <wpt lat="51.510349303008084" lon="4.27900299999999">
    <name>460.4</name>
  </wpt>
  <wpt lat="51.511239656718274" lon="4.2788021100973017">
    <name>460.5</name>
  </wpt>
  <wpt lat="51.511992448094929" lon="4.2787487085367717">
    <name>460.6</name>
  </wpt>
  <wpt lat="51.512884182875041" lon="4.2785776571743357">
    <name>460.7</name>
  </wpt>
  <wpt lat="51.513764755837379" lon="4.2782936383988819">
    <name>460.8</name>
  </wpt>
  <wpt lat="51.514621514078989" lon="4.2778572393530627">
    <name>460.9</name>
  </wpt>
  <wpt lat="51.515475310772786" lon="4.2774033165022116">
    <name>461.0</name>
  </wpt>
  <wpt lat="51.516324427693135" lon="4.2769276182350229">
    <name>461.1</name>
  </wpt>
  <wpt lat="51.517174425521532" lon="4.276455584741865">
    <name>461.2</name>
  </wpt>
  <wpt lat="51.51802608239143" lon="4.2760257674601814">
    <name>461.3</name>
  </wpt>
  <wpt lat="51.51891472069935" lon="4.2758036648872295">
    <name>461.4</name>
  </wpt>
  <wpt lat="51.519803394597396" lon="4.2755821803998657">
    <name>461.5</name>
  </wpt>
  <wpt lat="51.520685035642124" lon="4.27537198850233">
    <name>461.6</name>
  </wpt>
  <wpt lat="51.521093780193326" lon="4.2747957211202339">
    <name>461.7</name>
  </wpt>
  <wpt lat="51.521276735137654" lon="4.2734191857189456">
    <name>461.8</name>
  </wpt>
  <wpt lat="51.522027774629862" lon="4.2727748354735144">
    <name>461.9</name>
  </wpt>
  <wpt lat="51.522766578467568" lon="4.2719552564010614">
    <name>462.0</name>
  </wpt>
  <wpt lat="51.523508192482524" lon="4.271138809194035">
    <name>462.1</name>
  </wpt>
  <wpt lat="51.52428755577295" lon="4.27041953008981">
    <name>462.2</name>
  </wpt>
  <wpt lat="51.525084660223825" lon="4.26975062419568">
    <name>462.3</name>
  </wpt>
  <wpt lat="51.525935400607246" lon="4.2692867997032655">
    <name>462.4</name>
  </wpt>
  <wpt lat="51.526774616486804" lon="4.268779507199107">
    <name>462.5</name>
  </wpt>
  <wpt lat="51.527594223879063" lon="4.2681890959955808">
    <name>462.6</name>
  </wpt>
  <wpt lat="51.528417749296281" lon="4.2676092709110733">
    <name>462.7</name>
  </wpt>
  <wpt lat="51.529180155222591" lon="4.2680554837399329">
    <name>462.8</name>
  </wpt>
  <wpt lat="51.529937029953096" lon="4.2688350296703392">
    <name>462.9</name>
  </wpt>
  <wpt lat="51.530537691539074" lon="4.269772219611248">
    <name>463.0</name>
  </wpt>
  <wpt lat="51.530966810507245" lon="4.2710425129092622">
    <name>463.1</name>
  </wpt>
  <wpt lat="51.531378824895029" lon="4.2723274744908766">
    <name>463.2</name>
  </wpt>
  <wpt lat="51.532248864557666" lon="4.2721389308497786">
    <name>463.3</name>
  </wpt>
  <wpt lat="51.533134143865631" lon="4.2718853597725266">
    <name>463.4</name>
  </wpt>
  <wpt lat="51.534019305575242" lon="4.2716307243554734">
    <name>463.5</name>
  </wpt>
  <wpt lat="51.534910065313966" lon="4.2714499999999713">
    <name>463.6</name>
  </wpt>
  <wpt lat="51.53580928638177" lon="4.27143515003403">
    <name>463.7</name>
  </wpt>
  <wpt lat="51.536708300921362" lon="4.2713992707953254">
    <name>463.8</name>
  </wpt>
  <wpt lat="51.537607097035476" lon="4.2713639999999877">
    <name>463.9</name>
  </wpt>
  <wpt lat="51.538506209095175" lon="4.2713430000000319">
    <name>464.0</name>
  </wpt>
  <wpt lat="51.539404554201219" lon="4.2712840865430222">
    <name>464.1</name>
  </wpt>
  <wpt lat="51.540303333654514" lon="4.2712426317607148">
    <name>464.2</name>
  </wpt>
  <wpt lat="51.541160489165932" lon="4.2708323407744206">
    <name>464.3</name>
  </wpt>
  <wpt lat="51.541887213748247" lon="4.2699943612161713">
    <name>464.4</name>
  </wpt>
  <wpt lat="51.542567900006432" lon="4.2690493471648914">
    <name>464.5</name>
  </wpt>
  <wpt lat="51.543246155268257" lon="4.2680998007543884">
    <name>464.6</name>
  </wpt>
  <wpt lat="51.5439329019266" lon="4.2671663871341936">
    <name>464.7</name>
  </wpt>
  <wpt lat="51.544637059008316" lon="4.2662669904405366">
    <name>464.8</name>
  </wpt>
  <wpt lat="51.545400753412174" lon="4.265865293637459">
    <name>464.9</name>
  </wpt>
  <wpt lat="51.545984261283081" lon="4.26696452157534">
    <name>465.0</name>
  </wpt>
  <wpt lat="51.546445165177" lon="4.26818923164232">
    <name>465.1</name>
  </wpt>
  <wpt lat="51.546967715374493" lon="4.269353812953594">
    <name>465.2</name>
  </wpt>
  <wpt lat="51.54749559019006" lon="4.2705118665901107">
    <name>465.3</name>
  </wpt>
  <wpt lat="51.547616000144323" lon="4.2719222442149025">
    <name>465.4</name>
  </wpt>
  <wpt lat="51.54815882283399" lon="4.2728772482966333">
    <name>465.5</name>
  </wpt>
  <wpt lat="51.549054407026709" lon="4.272837198978336">
    <name>465.6</name>
  </wpt>
  <wpt lat="51.549777345122955" lon="4.2727758806184388">
    <name>465.7</name>
  </wpt>
  <wpt lat="51.550344194145381" lon="4.2738983128074839">
    <name>465.8</name>
  </wpt>
  <wpt lat="51.550931639823624" lon="4.2749933882568358">
    <name>465.9</name>
  </wpt>
  <wpt lat="51.551546139722006" lon="4.276048836406785">
    <name>466.0</name>
  </wpt>
  <wpt lat="51.552178604541659" lon="4.277072812544664">
    <name>466.1</name>
  </wpt>
  <wpt lat="51.552695427882952" lon="4.2782564512096322">
    <name>466.2</name>
  </wpt>
  <wpt lat="51.553251643600994" lon="4.2793808236517377">
    <name>466.3</name>
  </wpt>
  <wpt lat="51.554042480615195" lon="4.2800694768449219">
    <name>466.4</name>
  </wpt>
  <wpt lat="51.554766497325133" lon="4.2808902042528256">
    <name>466.5</name>
  </wpt>
  <wpt lat="51.555236597724168" lon="4.2821232645301537">
    <name>466.6</name>
  </wpt>
  <wpt lat="51.555707490542758" lon="4.2833555546485318">
    <name>466.7</name>
  </wpt>
  <wpt lat="51.556200609608489" lon="4.2845566613504324">
    <name>466.8</name>
  </wpt>
  <wpt lat="51.557034223502043" lon="4.2850972883652849">
    <name>466.9</name>
  </wpt>
  <wpt lat="51.557872526300869" lon="4.2856197603958108">
    <name>467.0</name>
  </wpt>
  <wpt lat="51.5586866303222" lon="4.2862341933508628">
    <name>467.1</name>
  </wpt>
  <wpt lat="51.55949901178532" lon="4.2868546632613889">
    <name>467.2</name>
  </wpt>
  <wpt lat="51.5603108797615" lon="4.28747690605523">
    <name>467.3</name>
  </wpt>
  <wpt lat="51.561063468443308" lon="4.2877993057330954">
    <name>467.4</name>
  </wpt>
  <wpt lat="51.561823944241375" lon="4.2870360946900217">
    <name>467.5</name>
  </wpt>
  <wpt lat="51.562633933265978" lon="4.28640901737785">
    <name>467.6</name>
  </wpt>
  <wpt lat="51.563477514781646" lon="4.285909985773352">
    <name>467.7</name>
  </wpt>
  <wpt lat="51.5643452281091" lon="4.2855336709704348">
    <name>467.8</name>
  </wpt>
  <wpt lat="51.565233523279566" lon="4.285329060315445">
    <name>467.9</name>
  </wpt>
  <wpt lat="51.56613144428097" lon="4.2852490044340552">
    <name>468.0</name>
  </wpt>
  <wpt lat="51.567029540751733" lon="4.2851735122130243">
    <name>468.1</name>
  </wpt>
  <wpt lat="51.567927788519846" lon="4.2851033585266656">
    <name>468.2</name>
  </wpt>
  <wpt lat="51.5688264296482" lon="4.2850470855271716">
    <name>468.3</name>
  </wpt>
  <wpt lat="51.569725070776549" lon="4.2849908114153488">
    <name>468.4</name>
  </wpt>
  <wpt lat="51.570623672855177" lon="4.2849329449164344">
    <name>468.5</name>
  </wpt>
  <wpt lat="51.571521751021756" lon="4.2848572178734736">
    <name>468.6</name>
  </wpt>
  <wpt lat="51.572420332602711" lon="4.2848045341578249">
    <name>468.7</name>
  </wpt>
  <wpt lat="51.5733194989347" lon="4.28477764676083">
    <name>468.8</name>
  </wpt>
  <wpt lat="51.573368359924146" lon="4.2834719910224157">
    <name>468.9</name>
  </wpt>
  <wpt lat="51.574193837326064" lon="4.2833866920323578">
    <name>469.0</name>
  </wpt>
  <wpt lat="51.575007285763633" lon="4.2837652322025166">
    <name>469.1</name>
  </wpt>
  <wpt lat="51.57497617881647" lon="4.28520563825665">
    <name>469.2</name>
  </wpt>
  <wpt lat="51.574901122160036" lon="4.2866470052811323">
    <name>469.3</name>
  </wpt>
  <wpt lat="51.574141551377885" lon="4.2871280640456133">
    <name>469.4</name>
  </wpt>
  <wpt lat="51.573506090414455" lon="4.28758069110429">
    <name>469.5</name>
  </wpt>
  <wpt lat="51.573553174342507" lon="4.2890257017156275">
    <name>469.6</name>
  </wpt>
  <wpt lat="51.573595038712277" lon="4.290471110754285">
    <name>469.7</name>
  </wpt>
  <wpt lat="51.573638294396943" lon="4.2919163258064863">
    <name>469.8</name>
  </wpt>
  <wpt lat="51.573682131708608" lon="4.2933613897141489">
    <name>469.9</name>
  </wpt>
  <wpt lat="51.573731209681753" lon="4.2948061597343861">
    <name>470.0</name>
  </wpt>
  <wpt lat="51.573775017778345" lon="4.2962512827100889">
    <name>470.1</name>
  </wpt>
  <wpt lat="51.573823625323584" lon="4.2976961151399333">
    <name>470.2</name>
  </wpt>
  <wpt lat="51.573866868376641" lon="4.2991414465317357">
    <name>470.3</name>
  </wpt>
  <wpt lat="51.573918826842416" lon="4.3005859870348013">
    <name>470.4</name>
  </wpt>
  <wpt lat="51.5739692236128" lon="4.3020307215054947">
    <name>470.5</name>
  </wpt>
  <wpt lat="51.57402131753939" lon="4.3034752927508348">
    <name>470.6</name>
  </wpt>
  <wpt lat="51.574061475581665" lon="4.3049205646037736">
    <name>470.7</name>
  </wpt>
  <wpt lat="51.574097202788408" lon="4.3063662250242123">
    <name>470.8</name>
  </wpt>
  <wpt lat="51.574149363764086" lon="4.3078108030720719">
    <name>470.9</name>
  </wpt>
  <wpt lat="51.574199748642926" lon="4.3092539204717193">
    <name>471.0</name>
  </wpt>
  <wpt lat="51.573945502338034" lon="4.3102831031366975">
    <name>471.1</name>
  </wpt>
  <wpt lat="51.573129000002425" lon="4.3106694168464079">
    <name>471.2</name>
  </wpt>
  <wpt lat="51.573121840379" lon="4.312092428356304">
    <name>471.3</name>
  </wpt>
  <wpt lat="51.573031112896729" lon="4.3135212714943263">
    <name>471.4</name>
  </wpt>
  <wpt lat="51.572419094867293" lon="4.3145675700969255">
    <name>471.5</name>
  </wpt>
  <wpt lat="51.572583900310782" lon="4.3155906855720252">
    <name>471.6</name>
  </wpt>
  <wpt lat="51.5731947377047" lon="4.3162419905125695">
    <name>471.7</name>
  </wpt>
  <wpt lat="51.574000210635411" lon="4.3157056408631682">
    <name>471.8</name>
  </wpt>
  <wpt lat="51.574879852991387" lon="4.3154052036109274">
    <name>471.9</name>
  </wpt>
  <wpt lat="51.575317001006312" lon="4.3159705812185623">
    <name>472.0</name>
  </wpt>
  <wpt lat="51.575519267327508" lon="4.3170633316376588">
    <name>472.1</name>
  </wpt>
  <wpt lat="51.576414455417165" lon="4.3169272030457178">
    <name>472.2</name>
  </wpt>
  <wpt lat="51.577310766642555" lon="4.3168257573724853">
    <name>472.3</name>
  </wpt>
  <wpt lat="51.578085000066871" lon="4.316990517541071">
    <name>472.4</name>
  </wpt>
  <wpt lat="51.578935434195422" lon="4.31704664239501">
    <name>472.5</name>
  </wpt>
  <wpt lat="51.57983321991987" lon="4.3169742592653115">
    <name>472.6</name>
  </wpt>
  <wpt lat="51.580597229814686" lon="4.3167012321661353">
    <name>472.7</name>
  </wpt>
  <wpt lat="51.580494762814091" lon="4.3155311131987393">
    <name>472.8</name>
  </wpt>
  <wpt lat="51.581151643131925" lon="4.3158015064507627">
    <name>472.9</name>
  </wpt>
  <wpt lat="51.581914742602862" lon="4.3157479706903663">
    <name>473.0</name>
  </wpt>
  <wpt lat="51.582808649161038" lon="4.3156155991875211">
    <name>473.1</name>
  </wpt>
  <wpt lat="51.583684542709783" lon="4.31529761058644">
    <name>473.2</name>
  </wpt>
  <wpt lat="51.584531914666954" lon="4.315509223345841">
    <name>473.3</name>
  </wpt>
  <wpt lat="51.585367893190394" lon="4.3159481622386124">
    <name>473.4</name>
  </wpt>
  <wpt lat="51.586221627093614" lon="4.31577064556655">
    <name>473.5</name>
  </wpt>
  <wpt lat="51.586635919543212" lon="4.3169712129157887">
    <name>473.6</name>
  </wpt>
  <wpt lat="51.587039913747773" lon="4.3182639803119">
    <name>473.7</name>
  </wpt>
  <wpt lat="51.587377470610789" lon="4.3196015119061144">
    <name>473.8</name>
  </wpt>
  <wpt lat="51.587667522226873" lon="4.3209714940883641">
    <name>473.9</name>
  </wpt>
  <wpt lat="51.587611942960507" lon="4.3220648043424879">
    <name>474.0</name>
  </wpt>
  <wpt lat="51.587941281993892" lon="4.3234109495590616">
    <name>474.1</name>
  </wpt>
  <wpt lat="51.588275399967848" lon="4.3247334320549937">
    <name>474.2</name>
  </wpt>
  <wpt lat="51.588256001312409" lon="4.3261799423716516">
    <name>474.3</name>
  </wpt>
  <wpt lat="51.588256001013988" lon="4.3276274064699942">
    <name>474.4</name>
  </wpt>
  <wpt lat="51.588283193335272" lon="4.329071542704102">
    <name>474.5</name>
  </wpt>
  <wpt lat="51.588437527222439" lon="4.3304971918169537">
    <name>474.6</name>
  </wpt>
  <wpt lat="51.588327976351096" lon="4.3318273127704634">
    <name>474.7</name>
  </wpt>
  <wpt lat="51.588633208238114" lon="4.3327509305979541">
    <name>474.8</name>
  </wpt>
  <wpt lat="51.589511566061944" lon="4.3326013843310678">
    <name>474.9</name>
  </wpt>
  <wpt lat="51.590404909906844" lon="4.3327568450391736">
    <name>475.0</name>
  </wpt>
  <wpt lat="51.591266760666279" lon="4.3331593258710663">
    <name>475.1</name>
  </wpt>
  <wpt lat="51.592077157140288" lon="4.3337816331031487">
    <name>475.2</name>
  </wpt>
  <wpt lat="51.592855720646263" lon="4.3345061413788013">
    <name>475.3</name>
  </wpt>
  <wpt lat="51.593632810896132" lon="4.3352347966972635">
    <name>475.4</name>
  </wpt>
  <wpt lat="51.594408639368368" lon="4.3359669311374711">
    <name>475.5</name>
  </wpt>
  <wpt lat="51.595183427280595" lon="4.3367019367696287">
    <name>475.6</name>
  </wpt>
  <wpt lat="51.595925012891094" lon="4.3375203301488021">
    <name>475.7</name>
  </wpt>
  <wpt lat="51.596633073390336" lon="4.3384122761906827">
    <name>475.8</name>
  </wpt>
  <wpt lat="51.597373842735259" lon="4.3392328427305067">
    <name>475.9</name>
  </wpt>
  <wpt lat="51.598159583074171" lon="4.3399360551744168">
    <name>476.0</name>
  </wpt>
  <wpt lat="51.598931177413661" lon="4.34067495067594">
    <name>476.1</name>
  </wpt>
  <wpt lat="51.5997600753263" lon="4.3412348009883246">
    <name>476.2</name>
  </wpt>
  <wpt lat="51.600583993441354" lon="4.3417974543265023">
    <name>476.3</name>
  </wpt>
  <wpt lat="51.601359635236378" lon="4.3425248273292834">
    <name>476.4</name>
  </wpt>
  <wpt lat="51.602126488453472" lon="4.3432792259967794">
    <name>476.5</name>
  </wpt>
  <wpt lat="51.602858341946082" lon="4.3441207088188651">
    <name>476.6</name>
  </wpt>
  <wpt lat="51.603605440392613" lon="4.3449260150901008">
    <name>476.7</name>
  </wpt>
  <wpt lat="51.604405810813816" lon="4.3455850375171181">
    <name>476.8</name>
  </wpt>
  <wpt lat="51.605225922903763" lon="4.3461790738741222">
    <name>476.9</name>
  </wpt>
  <wpt lat="51.605999722240689" lon="4.346915681165223">
    <name>477.0</name>
  </wpt>
  <wpt lat="51.606769715171446" lon="4.3476638207445584">
    <name>477.1</name>
  </wpt>
  <wpt lat="51.607558202523641" lon="4.3483597401625378">
    <name>477.2</name>
  </wpt>
  <wpt lat="51.608340951885594" lon="4.3490719730911627">
    <name>477.3</name>
  </wpt>
  <wpt lat="51.609117429267847" lon="4.3498025684152619">
    <name>477.4</name>
  </wpt>
  <wpt lat="51.609893906650044" lon="4.3505331762357358">
    <name>477.5</name>
  </wpt>
  <wpt lat="51.61067325273784" lon="4.3512558279651339">
    <name>477.6</name>
  </wpt>
  <wpt lat="51.6114800907111" lon="4.3518929787902429">
    <name>477.7</name>
  </wpt>
  <wpt lat="51.6123077744124" lon="4.3524592710134486">
    <name>477.8</name>
  </wpt>
  <wpt lat="51.613136691961486" lon="4.353021000886887">
    <name>477.9</name>
  </wpt>
  <wpt lat="51.613965609510544" lon="4.35358274101881">
    <name>478.0</name>
  </wpt>
  <wpt lat="51.614794527059551" lon="4.3541444914096248">
    <name>478.1</name>
  </wpt>
  <wpt lat="51.615623444608524" lon="4.354706252059942">
    <name>478.2</name>
  </wpt>
  <wpt lat="51.61645236215746" lon="4.3552680229701695">
    <name>478.3</name>
  </wpt>
  <wpt lat="51.617281279706354" lon="4.3558298041408152">
    <name>478.4</name>
  </wpt>
  <wpt lat="51.618110197255213" lon="4.3563915955723882">
    <name>478.5</name>
  </wpt>
  <wpt lat="51.618939114804029" lon="4.3569533972653973">
    <name>478.6</name>
  </wpt>
  <wpt lat="51.619768032352809" lon="4.3575152092203515">
    <name>478.7</name>
  </wpt>
  <wpt lat="51.620596519960905" lon="4.3580784790236118">
    <name>478.8</name>
  </wpt>
  <wpt lat="51.621424619425881" lon="4.3586215654463913">
    <name>478.9</name>
  </wpt>
  <wpt lat="51.62225301522291" lon="4.3591854010557753">
    <name>479.0</name>
  </wpt>
  <wpt lat="51.623081411019896" lon="4.3597492469589607">
    <name>479.1</name>
  </wpt>
  <wpt lat="51.623909806816847" lon="4.3603131031564564">
    <name>479.2</name>
  </wpt>
  <wpt lat="51.624738202613756" lon="4.3608769696487713">
    <name>479.3</name>
  </wpt>
  <wpt lat="51.625566598410636" lon="4.3614408464364152">
    <name>479.4</name>
  </wpt>
  <wpt lat="51.626397734322737" lon="4.3619941683449071">
    <name>479.5</name>
  </wpt>
  <wpt lat="51.627233478463516" lon="4.36252647822311">
    <name>479.6</name>
  </wpt>
  <wpt lat="51.627844065320808" lon="4.36351627899367">
    <name>479.7</name>
  </wpt>
  <wpt lat="51.6283710927792" lon="4.3636757694088848">
    <name>479.8</name>
  </wpt>
  <wpt lat="51.629238978375149" lon="4.3639097088746945">
    <name>479.9</name>
  </wpt>
  <wpt lat="51.630071691126908" lon="4.3644542682524472">
    <name>480.0</name>
  </wpt>
  <wpt lat="51.630897017194926" lon="4.3650295041423908">
    <name>480.1</name>
  </wpt>
  <wpt lat="51.631724320837257" lon="4.3655976032794213">
    <name>480.2</name>
  </wpt>
  <wpt lat="51.632553725068227" lon="4.3661566435704815">
    <name>480.3</name>
  </wpt>
  <wpt lat="51.633381669419258" lon="4.3667221113584942">
    <name>480.4</name>
  </wpt>
  <wpt lat="51.634159041347694" lon="4.3674160686792636">
    <name>480.5</name>
  </wpt>
  <wpt lat="51.634663922443615" lon="4.368611562591485">
    <name>480.6</name>
  </wpt>
  <wpt lat="51.635198245794442" lon="4.3697065442895857">
    <name>480.7</name>
  </wpt>
  <wpt lat="51.635747409855874" lon="4.3707191231821207">
    <name>480.8</name>
  </wpt>
  <wpt lat="51.63630032791724" lon="4.3718551523812543">
    <name>480.9</name>
  </wpt>
  <wpt lat="51.637043587693753" lon="4.3726604123100277">
    <name>481.0</name>
  </wpt>
  <wpt lat="51.637743388109584" lon="4.3729421656695084">
    <name>481.1</name>
  </wpt>
  <wpt lat="51.638220120387658" lon="4.3739516297590457">
    <name>481.2</name>
  </wpt>
  <wpt lat="51.638708660681537" lon="4.3751639452052462">
    <name>481.3</name>
  </wpt>
  <wpt lat="51.639244125990075" lon="4.3763281696719227">
    <name>481.4</name>
  </wpt>
  <wpt lat="51.639772183401156" lon="4.377501001575518">
    <name>481.5</name>
  </wpt>
  <wpt lat="51.640275329338522" lon="4.3787018049421684">
    <name>481.6</name>
  </wpt>
  <wpt lat="51.640779800111815" lon="4.3799003488917281">
    <name>481.7</name>
  </wpt>
  <wpt lat="51.64131750314607" lon="4.3810619455405666">
    <name>481.8</name>
  </wpt>
  <wpt lat="51.641872302593441" lon="4.3822017113453118">
    <name>481.9</name>
  </wpt>
  <wpt lat="51.642515648864055" lon="4.3831993815452277">
    <name>482.0</name>
  </wpt>
  <wpt lat="51.64294100254186" lon="4.3844659334672054">
    <name>482.1</name>
  </wpt>
  <wpt lat="51.643332227591529" lon="4.38577083546342">
    <name>482.2</name>
  </wpt>
  <wpt lat="51.643734484767904" lon="4.38706696231507">
    <name>482.3</name>
  </wpt>
  <wpt lat="51.64376548755876" lon="4.388405599310504">
    <name>482.4</name>
  </wpt>
  <wpt lat="51.643881706309095" lon="4.389688590445977">
    <name>482.5</name>
  </wpt>
  <wpt lat="51.644525340809139" lon="4.3906804729991906">
    <name>482.6</name>
  </wpt>
  <wpt lat="51.64523997437248" lon="4.3915549325216041">
    <name>482.7</name>
  </wpt>
  <wpt lat="51.645999669733925" lon="4.39227041067775">
    <name>482.8</name>
  </wpt>
  <wpt lat="51.646748267056466" lon="4.3929480722795393">
    <name>482.9</name>
  </wpt>
  <wpt lat="51.647339078463467" lon="4.3940238468954407">
    <name>483.0</name>
  </wpt>
  <wpt lat="51.648115731264085" lon="4.3947429612744138">
    <name>483.1</name>
  </wpt>
  <wpt lat="51.648666460615274" lon="4.395875473591035">
    <name>483.2</name>
  </wpt>
  <wpt lat="51.6489023327207" lon="4.3972681201451911">
    <name>483.3</name>
  </wpt>
  <wpt lat="51.649097885275822" lon="4.3986828426693485">
    <name>483.4</name>
  </wpt>
  <wpt lat="51.649084362155733" lon="4.3998740965204117">
    <name>483.5</name>
  </wpt>
  <wpt lat="51.649197789205417" lon="4.4010603691099854">
    <name>483.6</name>
  </wpt>
  <wpt lat="51.6493156164634" lon="4.4024790774755509">
    <name>483.7</name>
  </wpt>
  <wpt lat="51.649286000457238" lon="4.4039277037916253">
    <name>483.8</name>
  </wpt>
  <wpt lat="51.649642111308438" lon="4.40517322878926">
    <name>483.9</name>
  </wpt>
  <wpt lat="51.650346957821554" lon="4.4060709021661806">
    <name>484.0</name>
  </wpt>
  <wpt lat="51.651017621891349" lon="4.4070365767556439">
    <name>484.1</name>
  </wpt>
  <wpt lat="51.651684269915243" lon="4.40800944847645">
    <name>484.2</name>
  </wpt>
  <wpt lat="51.652349742357266" lon="4.4089844369699787">
    <name>484.3</name>
  </wpt>
  <wpt lat="51.6530152147992" lon="4.4099594397782438">
    <name>484.4</name>
  </wpt>
  <wpt lat="51.653783542616168" lon="4.4104384864765072">
    <name>484.5</name>
  </wpt>
  <wpt lat="51.654662796236806" lon="4.4101339690633816">
    <name>484.6</name>
  </wpt>
  <wpt lat="51.655543108058311" lon="4.4098458951190791">
    <name>484.7</name>
  </wpt>
  <wpt lat="51.656437046493267" lon="4.4098530246589007">
    <name>484.8</name>
  </wpt>
  <wpt lat="51.657123870358461" lon="4.41043012143307">
    <name>484.9</name>
  </wpt>
  <wpt lat="51.656671938314695" lon="4.4116821649075009">
    <name>485.0</name>
  </wpt>
  <wpt lat="51.656335484275857" lon="4.4130216424207411">
    <name>485.1</name>
  </wpt>
  <wpt lat="51.6558865243487" lon="4.41425927832566">
    <name>485.2</name>
  </wpt>
  <wpt lat="51.655336751770676" lon="4.41540577655024">
    <name>485.3</name>
  </wpt>
  <wpt lat="51.65478689367076" lon="4.4165528520185244">
    <name>485.4</name>
  </wpt>
  <wpt lat="51.65425807946643" lon="4.4177246200144671">
    <name>485.5</name>
  </wpt>
  <wpt lat="51.653781313249496" lon="4.4189537191640609">
    <name>485.6</name>
  </wpt>
  <wpt lat="51.653326357547733" lon="4.4200556875955863">
    <name>485.7</name>
  </wpt>
  <wpt lat="51.653144224070346" lon="4.4212930941499433">
    <name>485.8</name>
  </wpt>
  <wpt lat="51.65394168959935" lon="4.42196317122761">
    <name>485.9</name>
  </wpt>
  <wpt lat="51.654737092982074" lon="4.4226393313950778">
    <name>486.0</name>
  </wpt>
  <wpt lat="51.655516937937847" lon="4.4233613047897178">
    <name>486.1</name>
  </wpt>
  <wpt lat="51.656278181254386" lon="4.42413157488572">
    <name>486.2</name>
  </wpt>
  <wpt lat="51.656955787584913" lon="4.4250816188662681">
    <name>486.3</name>
  </wpt>
  <wpt lat="51.657617519497407" lon="4.4260632369077726">
    <name>486.4</name>
  </wpt>
  <wpt lat="51.658289741084907" lon="4.42702624873075">
    <name>486.5</name>
  </wpt>
  <wpt lat="51.658961962672315" lon="4.4279892748390495">
    <name>486.6</name>
  </wpt>
  <wpt lat="51.659690653688742" lon="4.4288323278273962">
    <name>486.7</name>
  </wpt>
  <wpt lat="51.660493086799526" lon="4.4294853910178542">
    <name>486.8</name>
  </wpt>
  <wpt lat="51.661324103959679" lon="4.4300396059598439">
    <name>486.9</name>
  </wpt>
  <wpt lat="51.662127273619269" lon="4.4306833254655578">
    <name>487.0</name>
  </wpt>
  <wpt lat="51.662888049175756" lon="4.43145648185">
    <name>487.1</name>
  </wpt>
  <wpt lat="51.6636455133872" lon="4.4322380048687666">
    <name>487.2</name>
  </wpt>
  <wpt lat="51.664405191350745" lon="4.4330139759289908">
    <name>487.3</name>
  </wpt>
  <wpt lat="51.665165265280912" lon="4.4337889626957825">
    <name>487.4</name>
  </wpt>
  <wpt lat="51.665925339211007" lon="4.4345639624643765">
    <name>487.5</name>
  </wpt>
  <wpt lat="51.666685413141039" lon="4.4353389752353829">
    <name>487.6</name>
  </wpt>
  <wpt lat="51.667444784210822" lon="4.4361157883807909">
    <name>487.7</name>
  </wpt>
  <wpt lat="51.668139978556511" lon="4.4363300690408565">
    <name>487.8</name>
  </wpt>
  <wpt lat="51.668741088906167" lon="4.4352515574793845">
    <name>487.9</name>
  </wpt>
  <wpt lat="51.66949160250082" lon="4.4344877254736694">
    <name>488.0</name>
  </wpt>
  <wpt lat="51.6703113789034" lon="4.4338914714619362">
    <name>488.1</name>
  </wpt>
  <wpt lat="51.671130289242392" lon="4.4332921360927982">
    <name>488.2</name>
  </wpt>
  <wpt lat="51.6719515633458" lon="4.43270125025576">
    <name>488.3</name>
  </wpt>
  <wpt lat="51.672779043412987" lon="4.4321371789616766">
    <name>488.4</name>
  </wpt>
  <wpt lat="51.673639445369638" lon="4.4317389999999595">
    <name>488.5</name>
  </wpt>
  <wpt lat="51.674445072211412" lon="4.4323361708255611">
    <name>488.6</name>
  </wpt>
  <wpt lat="51.675227256598596" lon="4.4330512564977989">
    <name>488.7</name>
  </wpt>
  <wpt lat="51.675689918498655" lon="4.4319993260862116">
    <name>488.8</name>
  </wpt>
  <wpt lat="51.676224153202284" lon="4.4313000315358657">
    <name>488.9</name>
  </wpt>
  <wpt lat="51.676989455721852" lon="4.4320530984110746">
    <name>489.0</name>
  </wpt>
  <wpt lat="51.6777789841566" lon="4.4327269841555434">
    <name>489.1</name>
  </wpt>
  <wpt lat="51.677687216726426" lon="4.4338719145137349">
    <name>489.2</name>
  </wpt>
  <wpt lat="51.677599938296524" lon="4.4350324621802208">
    <name>489.3</name>
  </wpt>
  <wpt lat="51.678319771125174" lon="4.4355558609274874">
    <name>489.4</name>
  </wpt>
  <wpt lat="51.678992996343489" lon="4.4364628625223945">
    <name>489.5</name>
  </wpt>
  <wpt lat="51.679771646560447" lon="4.437188521458916">
    <name>489.6</name>
  </wpt>
  <wpt lat="51.680549962314011" lon="4.4379151540562507">
    <name>489.7</name>
  </wpt>
  <wpt lat="51.681327051612548" lon="4.4386452223350616">
    <name>489.8</name>
  </wpt>
  <wpt lat="51.682104140911022" lon="4.4393753031435272">
    <name>489.9</name>
  </wpt>
  <wpt lat="51.682881230209432" lon="4.4401053964822585">
    <name>490.0</name>
  </wpt>
  <wpt lat="51.683658210131682" lon="4.44083580454741">
    <name>490.1</name>
  </wpt>
  <wpt lat="51.684439042524275" lon="4.4414143899122616">
    <name>490.2</name>
  </wpt>
  <wpt lat="51.6852056905219" lon="4.442167980996925">
    <name>490.3</name>
  </wpt>
  <wpt lat="51.686003057836544" lon="4.4428347960308425">
    <name>490.4</name>
  </wpt>
  <wpt lat="51.686687182986532" lon="4.4435803280536428">
    <name>490.5</name>
  </wpt>
  <wpt lat="51.687570557204879" lon="4.4437980000000339">
    <name>490.6</name>
  </wpt>
  <wpt lat="51.688427037754856" lon="4.4433967217754589">
    <name>490.7</name>
  </wpt>
  <wpt lat="51.689163214077389" lon="4.44261800000005">
    <name>490.8</name>
  </wpt>
  <wpt lat="51.689023152274643" lon="4.4415436221301832">
    <name>490.9</name>
  </wpt>
  <wpt lat="51.689641816601196" lon="4.44121708574453">
    <name>491.0</name>
  </wpt>
  <wpt lat="51.690394444119846" lon="4.44173859447654">
    <name>491.1</name>
  </wpt>
  <wpt lat="51.691197236313627" lon="4.4411093880832544">
    <name>491.2</name>
  </wpt>
  <wpt lat="51.691721963902808" lon="4.4399338814156115">
    <name>491.3</name>
  </wpt>
  <wpt lat="51.691936996970483" lon="4.4388284793619812">
    <name>491.4</name>
  </wpt>
  <wpt lat="51.692130530056652" lon="4.438069501956261">
    <name>491.5</name>
  </wpt>
  <wpt lat="51.692774454807513" lon="4.4389134499673508">
    <name>491.6</name>
  </wpt>
  <wpt lat="51.693513188061544" lon="4.4397406123967391">
    <name>491.7</name>
  </wpt>
  <wpt lat="51.693887613270157" lon="4.4406480074115029">
    <name>491.8</name>
  </wpt>
  <wpt lat="51.693833643679" lon="4.4414280206154659">
    <name>491.9</name>
  </wpt>
  <wpt lat="51.694358243334563" lon="4.4402552917676434">
    <name>492.0</name>
  </wpt>
  <wpt lat="51.695053643540092" lon="4.4406400154499792">
    <name>492.1</name>
  </wpt>
  <wpt lat="51.695835567210572" lon="4.4408894332253963">
    <name>492.2</name>
  </wpt>
  <wpt lat="51.696254188414308" lon="4.4397876425796516">
    <name>492.3</name>
  </wpt>
  <wpt lat="51.695801769944914" lon="4.4385608278112967">
    <name>492.4</name>
  </wpt>
  <wpt lat="51.695677645291781" lon="4.4371273272838527">
    <name>492.5</name>
  </wpt>
  <wpt lat="51.69607775385898" lon="4.435938006469704">
    <name>492.6</name>
  </wpt>
  <wpt lat="51.696461520449411" lon="4.4346495413151557">
    <name>492.7</name>
  </wpt>
  <wpt lat="51.69643433675882" lon="4.4332003863254492">
    <name>492.8</name>
  </wpt>
  <wpt lat="51.696379434233421" lon="4.431753950900422">
    <name>492.9</name>
  </wpt>
  <wpt lat="51.696360000132671" lon="4.4303036730535945">
    <name>493.0</name>
  </wpt>
  <wpt lat="51.696561529435122" lon="4.4288908823604887">
    <name>493.1</name>
  </wpt>
  <wpt lat="51.6967565266478" lon="4.4274746704073058">
    <name>493.2</name>
  </wpt>
  <wpt lat="51.696826758300709" lon="4.4260426714987062">
    <name>493.3</name>
  </wpt>
  <wpt lat="51.696395494956946" lon="4.42479365474484">
    <name>493.4</name>
  </wpt>
  <wpt lat="51.695816039654311" lon="4.4236841967694094">
    <name>493.5</name>
  </wpt>
  <wpt lat="51.695216750545477" lon="4.4226025322523288">
    <name>493.6</name>
  </wpt>
  <wpt lat="51.694628286282516" lon="4.4215058081856125">
    <name>493.7</name>
  </wpt>
  <wpt lat="51.694038062164196" lon="4.4204115228409027">
    <name>493.8</name>
  </wpt>
  <wpt lat="51.693442209617267" lon="4.4193249174024531">
    <name>493.9</name>
  </wpt>
  <wpt lat="51.692854319268818" lon="4.418227012126378">
    <name>494.0</name>
  </wpt>
  <wpt lat="51.692266590459013" lon="4.4171288959788155">
    <name>494.1</name>
  </wpt>
  <wpt lat="51.691565021677214" lon="4.4177191352787037">
    <name>494.2</name>
  </wpt>
  <wpt lat="51.6908002504021" lon="4.4184655405481852">
    <name>494.3</name>
  </wpt>
  <wpt lat="51.689988822571031" lon="4.4190910634386045">
    <name>494.4</name>
  </wpt>
  <wpt lat="51.689177394740007" lon="4.4197165751161682">
    <name>494.5</name>
  </wpt>
  <wpt lat="51.688352974894038" lon="4.4197453464016041">
    <name>494.6</name>
  </wpt>
  <wpt lat="51.6875572174741" lon="4.41906950107587">
    <name>494.7</name>
  </wpt>
  <wpt lat="51.686741021830329" lon="4.4184830463832361">
    <name>494.8</name>
  </wpt>
  <wpt lat="51.685846190676457" lon="4.4185735092211154">
    <name>494.9</name>
  </wpt>
  <wpt lat="51.684951515654845" lon="4.418720774627662">
    <name>495.0</name>
  </wpt>
  <wpt lat="51.684055508606129" lon="4.41884494832491">
    <name>495.1</name>
  </wpt>
  <wpt lat="51.6832530588379" lon="4.418380346495363">
    <name>495.2</name>
  </wpt>
  <wpt lat="51.682611346231042" lon="4.4170972133821689">
    <name>495.33</name>
  </wpt>
  <wpt lat="51.683181792986943" lon="4.4162663606965529">
    <name>495.4</name>
  </wpt>
  <wpt lat="51.6838492410208" lon="4.4152942109818119">
    <name>495.5</name>
  </wpt>
  <wpt lat="51.684516689054568" lon="4.4143220469354416">
    <name>495.6</name>
  </wpt>
  <wpt lat="51.685184137088235" lon="4.4133498685569315">
    <name>495.7</name>
  </wpt>
  <wpt lat="51.685845064661947" lon="4.4123663131623223">
    <name>495.8</name>
  </wpt>
  <wpt lat="51.686497358350067" lon="4.4113677041693267">
    <name>495.9</name>
  </wpt>
  <wpt lat="51.687149652038094" lon="4.4103690807876044">
    <name>496.0</name>
  </wpt>
  <wpt lat="51.687801945726022" lon="4.4093704430165435">
    <name>496.1</name>
  </wpt>
  <wpt lat="51.688450554932942" lon="4.4083673140092543">
    <name>496.2</name>
  </wpt>
  <wpt lat="51.689139600827325" lon="4.4074355482989676">
    <name>496.3</name>
  </wpt>
  <wpt lat="51.689811233642779" lon="4.4064707983934381">
    <name>496.4</name>
  </wpt>
  <wpt lat="51.690511225398481" lon="4.405562410850913">
    <name>496.5</name>
  </wpt>
  <wpt lat="51.691203065477751" lon="4.4046358419546676">
    <name>496.6</name>
  </wpt>
  <wpt lat="51.691892632957085" lon="4.4037045554045608">
    <name>496.7</name>
  </wpt>
  <wpt lat="51.692583392660985" lon="4.4027755552437684">
    <name>496.8</name>
  </wpt>
  <wpt lat="51.693274152364815" lon="4.4018465409047245">
    <name>496.9</name>
  </wpt>
  <wpt lat="51.693975891631354" lon="4.4009395587295206">
    <name>497.0</name>
  </wpt>
  <wpt lat="51.694704765430934" lon="4.4000917694042778">
    <name>497.1</name>
  </wpt>
  <wpt lat="51.695485405091844" lon="4.3993733688189227">
    <name>497.2</name>
  </wpt>
  <wpt lat="51.696295076124443" lon="4.398742230895949">
    <name>497.3</name>
  </wpt>
  <wpt lat="51.697115666616114" lon="4.3981485435038055">
    <name>497.4</name>
  </wpt>
  <wpt lat="51.697952165967713" lon="4.39761585164119">
    <name>497.5</name>
  </wpt>
  <wpt lat="51.698790590546565" lon="4.3970911665563914">
    <name>497.6</name>
  </wpt>
  <wpt lat="51.69964708970322" lon="4.3966493319666418">
    <name>497.7</name>
  </wpt>
  <wpt lat="51.700516786373257" lon="4.396281998135164">
    <name>497.8</name>
  </wpt>
  <wpt lat="51.701402213486041" lon="4.3960396288270776">
    <name>497.9</name>
  </wpt>
  <wpt lat="51.702231134473621" lon="4.3958843195325086">
    <name>498.0</name>
  </wpt>
  <wpt lat="51.703129633520078" lon="4.3958226859355722">
    <name>498.1</name>
  </wpt>
  <wpt lat="51.704025525531485" lon="4.39583176275244">
    <name>498.2</name>
  </wpt>
  <wpt lat="51.704910515988246" lon="4.3959586015794541">
    <name>498.3</name>
  </wpt>
  <wpt lat="51.70580592657862" lon="4.3960759999999866">
    <name>498.4</name>
  </wpt>
  <wpt lat="51.706705053728477" lon="4.3960908297234527">
    <name>498.5</name>
  </wpt>
  <wpt lat="51.707594669455439" lon="4.3962880487161335">
    <name>498.6</name>
  </wpt>
  <wpt lat="51.708468027670996" lon="4.39662897055357">
    <name>498.7</name>
  </wpt>
  <wpt lat="51.70933314718657" lon="4.3970254114692739">
    <name>498.8</name>
  </wpt>
  <wpt lat="51.710193712201878" lon="4.3974442176898858">
    <name>498.9</name>
  </wpt>
  <wpt lat="51.711035077364109" lon="4.3979564674191911">
    <name>499.0</name>
  </wpt>
  <wpt lat="51.711874098403584" lon="4.398478985543842">
    <name>499.1</name>
  </wpt>
  <wpt lat="51.712713052585507" lon="4.39900179303322">
    <name>499.2</name>
  </wpt>
  <wpt lat="51.7135520067674" lon="4.3995246102203884">
    <name>499.3</name>
  </wpt>
  <wpt lat="51.714390960949252" lon="4.4000474371058571">
    <name>499.4</name>
  </wpt>
  <wpt lat="51.715229915131069" lon="4.4005702736901355">
    <name>499.5</name>
  </wpt>
  <wpt lat="51.716068869312856" lon="4.4010931199737309">
    <name>499.6</name>
  </wpt>
  <wpt lat="51.716907823494608" lon="4.4016159759570517">
    <name>499.7</name>
  </wpt>
  <wpt lat="51.717746777676332" lon="4.4021388416405038">
    <name>499.8</name>
  </wpt>
  <wpt lat="51.718585731858013" lon="4.4026617170246993">
    <name>499.9</name>
  </wpt>
  <wpt lat="51.719424573670523" lon="4.4031850717749714">
    <name>500.0</name>
  </wpt>
  <wpt lat="51.720262045146434" lon="4.403714112682839">
    <name>500.1</name>
  </wpt>
  <wpt lat="51.72108562318023" lon="4.4042950850184575">
    <name>500.2</name>
  </wpt>
  <wpt lat="51.721913147441811" lon="4.4048609165714456">
    <name>500.3</name>
  </wpt>
  <wpt lat="51.722750236825611" lon="4.4053915705913065">
    <name>500.4</name>
  </wpt>
  <wpt lat="51.723587326209383" lon="4.4059222344362814">
    <name>500.5</name>
  </wpt>
  <wpt lat="51.724417397417518" lon="4.4064246993146012">
    <name>500.6</name>
  </wpt>
  <wpt lat="51.725256911891343" lon="4.4069452951887422">
    <name>500.7</name>
  </wpt>
  <wpt lat="51.726096197623704" lon="4.40746686908009">
    <name>500.8</name>
  </wpt>
  <wpt lat="51.72693548335603" lon="4.4079884526548776">
    <name>500.9</name>
  </wpt>
  <wpt lat="51.727768283853145" lon="4.4085358023884158">
    <name>501.0</name>
  </wpt>
  <wpt lat="51.728594922062257" lon="4.4091076320594045">
    <name>501.1</name>
  </wpt>
  <wpt lat="51.729430462654911" lon="4.4096444029945951">
    <name>501.2</name>
  </wpt>
  <wpt lat="51.730271170401124" lon="4.4101596379655543">
    <name>501.3</name>
  </wpt>
  <wpt lat="51.731118810588136" lon="4.4106444044673045">
    <name>501.4</name>
  </wpt>
  <wpt lat="51.731977883530035" lon="4.4110739408794455">
    <name>501.5</name>
  </wpt>
  <wpt lat="51.732613024207595" lon="4.4118504588260219">
    <name>501.6</name>
  </wpt>
  <wpt lat="51.7320044621744" lon="4.4129191058447335">
    <name>501.7</name>
  </wpt>
  <wpt lat="51.73140560085627" lon="4.4140023872750023">
    <name>501.8</name>
  </wpt>
  <wpt lat="51.730805786288464" lon="4.4150842842115487">
    <name>501.9</name>
  </wpt>
  <wpt lat="51.730203373441071" lon="4.4161623394783307">
    <name>502.0</name>
  </wpt>
  <wpt lat="51.729590885726353" lon="4.4172255370166829">
    <name>502.1</name>
  </wpt>
  <wpt lat="51.728978398011733" lon="4.4182887201487011">
    <name>502.2</name>
  </wpt>
  <wpt lat="51.728365984280757" lon="4.4193519981899971">
    <name>502.3</name>
  </wpt>
  <wpt lat="51.727760757469419" lon="4.4204259365503615">
    <name>502.4</name>
  </wpt>
  <wpt lat="51.727151370517355" lon="4.4214937072169489">
    <name>502.5</name>
  </wpt>
  <wpt lat="51.726557402996079" lon="4.4225820671809588">
    <name>502.6</name>
  </wpt>
  <wpt lat="51.726036066583049" lon="4.42376315638973">
    <name>502.7</name>
  </wpt>
  <wpt lat="51.726100358688853" lon="4.4251546750699351">
    <name>502.8</name>
  </wpt>
  <wpt lat="51.726193086856405" lon="4.4265970402055022">
    <name>502.9</name>
  </wpt>
  <wpt lat="51.726236428861519" lon="4.4280472222672547">
    <name>503.0</name>
  </wpt>
  <wpt lat="51.726286926191662" lon="4.4294968103200647">
    <name>503.1</name>
  </wpt>
  <wpt lat="51.72635032747921" lon="4.4309447084762867">
    <name>503.2</name>
  </wpt>
  <wpt lat="51.726395025884834" lon="4.432394754714716">
    <name>503.3</name>
  </wpt>
  <wpt lat="51.726450346226777" lon="4.43384388904649">
    <name>503.4</name>
  </wpt>
  <wpt lat="51.726495613759987" lon="4.4352938713515968">
    <name>503.5</name>
  </wpt>
  <wpt lat="51.726405304401126" lon="4.4367160680999715">
    <name>503.6</name>
  </wpt>
  <wpt lat="51.726719576431755" lon="4.4378417881984618">
    <name>503.7</name>
  </wpt>
  <wpt lat="51.7276156957159" lon="4.43794457664743">
    <name>503.8</name>
  </wpt>
  <wpt lat="51.728512757889085" lon="4.4380465974884045">
    <name>503.9</name>
  </wpt>
  <wpt lat="51.7294104722812" lon="4.4381325642876721">
    <name>504.0</name>
  </wpt>
  <wpt lat="51.7302990386824" lon="4.4382826297533935">
    <name>504.1</name>
  </wpt>
  <wpt lat="51.731195927595351" lon="4.4383893242116432">
    <name>504.2</name>
  </wpt>
  <wpt lat="51.732092878963194" lon="4.4384946777587251">
    <name>504.3</name>
  </wpt>
  <wpt lat="51.732989717283992" lon="4.4386024646422442">
    <name>504.4</name>
  </wpt>
  <wpt lat="51.733887348825391" lon="4.4386856188015891">
    <name>504.5</name>
  </wpt>
  <wpt lat="51.734784167041823" lon="4.4387935551078721">
    <name>504.6</name>
  </wpt>
  <wpt lat="51.73567097604041" lon="4.4390181375672482">
    <name>504.7</name>
  </wpt>
  <wpt lat="51.736552298759342" lon="4.4393072197678416">
    <name>504.8</name>
  </wpt>
  <wpt lat="51.737432628601304" lon="4.4396032967551271">
    <name>504.9</name>
  </wpt>
  <wpt lat="51.738312108678613" lon="4.439906518175575">
    <name>505.0</name>
  </wpt>
  <wpt lat="51.739198203578646" lon="4.440102251067974">
    <name>505.1</name>
  </wpt>
  <wpt lat="51.740080420257485" lon="4.4399928350700488">
    <name>505.2</name>
  </wpt>
  <wpt lat="51.740972081344623" lon="4.4398408945776762">
    <name>505.3</name>
  </wpt>
  <wpt lat="51.741859081566908" lon="4.4399418922448977">
    <name>505.4</name>
  </wpt>
  <wpt lat="51.742737891318818" lon="4.4402503113269916">
    <name>505.5</name>
  </wpt>
  <wpt lat="51.743616577597265" lon="4.4405596173065049">
    <name>505.6</name>
  </wpt>
  <wpt lat="51.744499359363552" lon="4.4408334118251815">
    <name>505.7</name>
  </wpt>
  <wpt lat="51.745343501297071" lon="4.4412364025033479">
    <name>505.8</name>
  </wpt>
  <wpt lat="51.746212343340659" lon="4.4412723113403452">
    <name>505.9</name>
  </wpt>
  <wpt lat="51.74696492376345" lon="4.4418959237561451">
    <name>506.0</name>
  </wpt>
  <wpt lat="51.747797696337521" lon="4.4420487597615237">
    <name>506.1</name>
  </wpt>
  <wpt lat="51.748674150876084" lon="4.4423741586657117">
    <name>506.2</name>
  </wpt>
  <wpt lat="51.749549688233415" lon="4.4427060235053588">
    <name>506.3</name>
  </wpt>
  <wpt lat="51.750342264499572" lon="4.4433202644126162">
    <name>506.4</name>
  </wpt>
  <wpt lat="51.751223390609887" lon="4.4433457817730115">
    <name>506.5</name>
  </wpt>
  <wpt lat="51.752106423750149" lon="4.4436210123058162">
    <name>506.6</name>
  </wpt>
  <wpt lat="51.752982104971181" lon="4.4439466725276349">
    <name>506.7</name>
  </wpt>
  <wpt lat="51.753865494888906" lon="4.4441974705443981">
    <name>506.8</name>
  </wpt>
  <wpt lat="51.754742950796768" lon="4.4445158778523224">
    <name>506.9</name>
  </wpt>
  <wpt lat="51.755620406704629" lon="4.4448342913469086">
    <name>507.0</name>
  </wpt>
  <wpt lat="51.756504983513977" lon="4.4450088033307456">
    <name>507.1</name>
  </wpt>
  <wpt lat="51.757353050430112" lon="4.4445442692102723">
    <name>507.2</name>
  </wpt>
  <wpt lat="51.758246498542292" lon="4.4444255754771413">
    <name>507.3</name>
  </wpt>
  <wpt lat="51.75914342849552" lon="4.4444545532824549">
    <name>507.4</name>
  </wpt>
  <wpt lat="51.76003425123875" lon="4.4444734673110942">
    <name>507.5</name>
  </wpt>
  <wpt lat="51.760917773589462" lon="4.4442035921458816">
    <name>507.6</name>
  </wpt>
  <wpt lat="51.761807600620976" lon="4.4440271425434013">
    <name>507.7</name>
  </wpt>
  <wpt lat="51.762705444314058" lon="4.4439438742360347">
    <name>507.8</name>
  </wpt>
  <wpt lat="51.76360310472414" lon="4.4438559161191646">
    <name>507.9</name>
  </wpt>
  <wpt lat="51.764500242504255" lon="4.4438175038922072">
    <name>508.0</name>
  </wpt>
  <wpt lat="51.765398367422094" lon="4.4438694637621587">
    <name>508.1</name>
  </wpt>
  <wpt lat="51.76628605824682" lon="4.4439281901027083">
    <name>508.2</name>
  </wpt>
  <wpt lat="51.767180043762721" lon="4.4440656126967575">
    <name>508.3</name>
  </wpt>
  <wpt lat="51.768063535845876" lon="4.4443349999999944">
    <name>508.4</name>
  </wpt>
  <wpt lat="51.768718153626665" lon="4.44378854851993">
    <name>508.5</name>
  </wpt>
  <wpt lat="51.768857151863024" lon="4.4423842769388759">
    <name>508.6</name>
  </wpt>
  <wpt lat="51.768887000036834" lon="4.4409344091455436">
    <name>508.7</name>
  </wpt>
  <wpt lat="51.76890900000442" lon="4.4394832588258506">
    <name>508.8</name>
  </wpt>
  <wpt lat="51.768927903071678" lon="4.438031859596661">
    <name>508.9</name>
  </wpt>
  <wpt lat="51.768918261074049" lon="4.4365822219749314">
    <name>509.0</name>
  </wpt>
  <wpt lat="51.768930000047256" lon="4.4351302134569064">
    <name>509.1</name>
  </wpt>
  <wpt lat="51.76895100000786" lon="4.4336785362894746">
    <name>509.2</name>
  </wpt>
  <wpt lat="51.768920646052" lon="4.4322320560707364">
    <name>509.3</name>
  </wpt>
  <wpt lat="51.7689016734397" lon="4.43080686451869">
    <name>509.4</name>
  </wpt>
  <wpt lat="51.769273207990231" lon="4.4294848823290982">
    <name>509.5</name>
  </wpt>
  <wpt lat="51.769661118012294" lon="4.4281737694761807">
    <name>509.6</name>
  </wpt>
  <wpt lat="51.770041494415622" lon="4.4268569161156375">
    <name>509.7</name>
  </wpt>
  <wpt lat="51.770414994083687" lon="4.425534888410934">
    <name>509.8</name>
  </wpt>
  <wpt lat="51.770827305320665" lon="4.4242440990443228">
    <name>509.9</name>
  </wpt>
  <wpt lat="51.771280574911621" lon="4.4229888862467917">
    <name>510.0</name>
  </wpt>
  <wpt lat="51.77174192115546" lon="4.4217414587894339">
    <name>510.1</name>
  </wpt>
  <wpt lat="51.772202618575896" lon="4.4204933181265291">
    <name>510.2</name>
  </wpt>
  <wpt lat="51.7726857931602" lon="4.419267848131808">
    <name>510.3</name>
  </wpt>
  <wpt lat="51.773215682770655" lon="4.4180940529497477">
    <name>510.4</name>
  </wpt>
  <wpt lat="51.77375234369196" lon="4.4169284547298524">
    <name>510.5</name>
  </wpt>
  <wpt lat="51.77428298353076" lon="4.4157564307722321">
    <name>510.6</name>
  </wpt>
  <wpt lat="51.7748309678231" lon="4.4146052427341784">
    <name>510.7</name>
  </wpt>
  <wpt lat="51.77537412710474" lon="4.4134471118613776">
    <name>510.8</name>
  </wpt>
  <wpt lat="51.775887550275876" lon="4.412317491745668">
    <name>510.9</name>
  </wpt>
  <wpt lat="51.776150065866624" lon="4.4109313252675637">
    <name>511.0</name>
  </wpt>
  <wpt lat="51.776394371815691" lon="4.4095324973364276">
    <name>511.1</name>
  </wpt>
  <wpt lat="51.776637603233389" lon="4.4081331806192754">
    <name>511.2</name>
  </wpt>
  <wpt lat="51.776875229806784" lon="4.4067313352867519">
    <name>511.3</name>
  </wpt>
  <wpt lat="51.7771128563801" lon="4.4053294825720855">
    <name>511.4</name>
  </wpt>
  <wpt lat="51.777350482953352" lon="4.4039276224751731">
    <name>511.5</name>
  </wpt>
  <wpt lat="51.777622468086442" lon="4.4025985200954709">
    <name>511.6</name>
  </wpt>
  <wpt lat="51.778403743971914" lon="4.4025949230405894">
    <name>511.7</name>
  </wpt>
  <wpt lat="51.77928510476319" lon="4.4028839027576048">
    <name>511.8</name>
  </wpt>
  <wpt lat="51.780166710758685" lon="4.4031710000367168">
    <name>511.9</name>
  </wpt>
  <wpt lat="51.781048374295523" lon="4.403457641919938">
    <name>512.0</name>
  </wpt>
  <wpt lat="51.781930037832339" lon="4.4037442894046">
    <name>512.1</name>
  </wpt>
  <wpt lat="51.782812031399381" lon="4.40402827229098">
    <name>512.2</name>
  </wpt>
  <wpt lat="51.78369415053244" lon="4.4043112449599136">
    <name>512.3</name>
  </wpt>
  <wpt lat="51.784576318560724" lon="4.4045938245248069">
    <name>512.4</name>
  </wpt>
  <wpt lat="51.785458497234131" lon="4.40487632283238">
    <name>512.5</name>
  </wpt>
  <wpt lat="51.786340675907532" lon="4.4051588266645521">
    <name>512.6</name>
  </wpt>
  <wpt lat="51.787222854580939" lon="4.4054413360216271">
    <name>512.7</name>
  </wpt>
  <wpt lat="51.788105033254318" lon="4.40572385090391">
    <name>512.8</name>
  </wpt>
  <wpt lat="51.788987878984905" lon="4.4060008639350761">
    <name>512.9</name>
  </wpt>
  <wpt lat="51.789873304920086" lon="4.406251849815348">
    <name>513.0</name>
  </wpt>
  <wpt lat="51.790748193428485" lon="4.4065664424520907">
    <name>513.1</name>
  </wpt>
  <wpt lat="51.791630057877519" lon="4.4068508710568244">
    <name>513.2</name>
  </wpt>
  <wpt lat="51.792512159016546" lon="4.4071340456063">
    <name>513.3</name>
  </wpt>
  <wpt lat="51.793394260155559" lon="4.4074172256945223">
    <name>513.4</name>
  </wpt>
  <wpt lat="51.794276361294571" lon="4.4077004113217946">
    <name>513.5</name>
  </wpt>
  <wpt lat="51.795158462433569" lon="4.40798360248832">
    <name>513.6</name>
  </wpt>
  <wpt lat="51.796040563572568" lon="4.4082667991945073">
    <name>513.7</name>
  </wpt>
  <wpt lat="51.796922664711552" lon="4.40855000144056">
    <name>513.8</name>
  </wpt>
  <wpt lat="51.797804765850522" lon="4.4088332092267812">
    <name>513.9</name>
  </wpt>
  <wpt lat="51.79868686698947" lon="4.4091164225534785">
    <name>514.0</name>
  </wpt>
  <wpt lat="51.7995689743107" lon="4.409399588720845">
    <name>514.1</name>
  </wpt>
  <wpt lat="51.800451592349923" lon="4.4096785704907289">
    <name>514.2</name>
  </wpt>
  <wpt lat="51.80133421038915" lon="4.4099575577221088">
    <name>514.3</name>
  </wpt>
  <wpt lat="51.802216828428342" lon="4.41023655041529">
    <name>514.4</name>
  </wpt>
  <wpt lat="51.803099446467535" lon="4.4105155485705767">
    <name>514.5</name>
  </wpt>
  <wpt lat="51.803982036011348" lon="4.4107947877643792">
    <name>514.6</name>
  </wpt>
  <wpt lat="51.804864593720424" lon="4.4110742955222841">
    <name>514.7</name>
  </wpt>
  <wpt lat="51.805747151429479" lon="4.411353808752474">
    <name>514.8</name>
  </wpt>
  <wpt lat="51.80662970913852" lon="4.4116333274552533">
    <name>514.9</name>
  </wpt>
  <wpt lat="51.807512266847553" lon="4.4119128516308264">
    <name>515.0</name>
  </wpt>
  <wpt lat="51.808399406687407" lon="4.4121386583034079">
    <name>515.1</name>
  </wpt>
  <wpt lat="51.809271477556948" lon="4.4124753638221952">
    <name>515.2</name>
  </wpt>
  <wpt lat="51.810154066739372" lon="4.4127546443126242">
    <name>515.3</name>
  </wpt>
  <wpt lat="51.811035912062742" lon="4.4130399842783818">
    <name>515.4</name>
  </wpt>
  <wpt lat="51.811918520344626" lon="4.4133189383247187">
    <name>515.5</name>
  </wpt>
  <wpt lat="51.812788594229524" lon="4.41351817150375">
    <name>515.6</name>
  </wpt>
  <wpt lat="51.81332964537301" lon="4.4140733055069621">
    <name>515.7</name>
  </wpt>
  <wpt lat="51.814213786859781" lon="4.41433936752878">
    <name>515.8</name>
  </wpt>
  <wpt lat="51.8150722723766" lon="4.4147607982011348">
    <name>515.9</name>
  </wpt>
  <wpt lat="51.815613265344886" lon="4.4145346364001323">
    <name>516.0</name>
  </wpt>
  <wpt lat="51.816494075615466" lon="4.4148279990918748">
    <name>516.1</name>
  </wpt>
  <wpt lat="51.817376413710456" lon="4.4151093924965323">
    <name>516.2</name>
  </wpt>
  <wpt lat="51.818255316129175" lon="4.4153859888126457">
    <name>516.3</name>
  </wpt>
  <wpt lat="51.819129002740226" lon="4.4156739021608189">
    <name>516.4</name>
  </wpt>
  <wpt lat="51.819816749950412" lon="4.4158947071842">
    <name>516.5</name>
  </wpt>
  <wpt lat="51.820698036863121" lon="4.4161831574855226">
    <name>516.6</name>
  </wpt>
  <wpt lat="51.821582474193242" lon="4.4164452398840437">
    <name>516.7</name>
  </wpt>
  <wpt lat="51.822463831911108" lon="4.4167345888262064">
    <name>516.8</name>
  </wpt>
  <wpt lat="51.82326234298111" lon="4.4168274957804137">
    <name>516.9</name>
  </wpt>
  <wpt lat="51.823458658688345" lon="4.4154076741032586">
    <name>517.0</name>
  </wpt>
  <wpt lat="51.8236410343337" lon="4.4139832614811656">
    <name>517.1</name>
  </wpt>
  <wpt lat="51.8237760000523" lon="4.4125481115609118">
    <name>517.2</name>
  </wpt>
  <wpt lat="51.824607944828891" lon="4.4122014707890687">
    <name>517.3</name>
  </wpt>
  <wpt lat="51.825271198558646" lon="4.41164972071874">
    <name>517.4</name>
  </wpt>
  <wpt lat="51.826153534459706" lon="4.4113684438737284">
    <name>517.5</name>
  </wpt>
  <wpt lat="51.826994000016079" lon="4.4113365880554225">
    <name>517.6</name>
  </wpt>
  <wpt lat="51.826787842640179" lon="4.4127491387561868">
    <name>517.7</name>
  </wpt>
  <wpt lat="51.82660463512287" lon="4.4141598824918287">
    <name>517.8</name>
  </wpt>
  <wpt lat="51.826124110790424" lon="4.41495157947339">
    <name>517.9</name>
  </wpt>
  <wpt lat="51.825837398069424" lon="4.41633069640939">
    <name>518.0</name>
  </wpt>
  <wpt lat="51.825564437798427" lon="4.417716575829763">
    <name>518.1</name>
  </wpt>
  <wpt lat="51.825265814125871" lon="4.4190565007204361">
    <name>518.2</name>
  </wpt>
  <wpt lat="51.825026852107435" lon="4.4204238123872495">
    <name>518.3</name>
  </wpt>
  <wpt lat="51.824759793640034" lon="4.4218132321995736">
    <name>518.4</name>
  </wpt>
  <wpt lat="51.824491994463287" lon="4.4232020547861683">
    <name>518.5</name>
  </wpt>
  <wpt lat="51.82420614649795" lon="4.42458162827283">
    <name>518.6</name>
  </wpt>
  <wpt lat="51.823926595044533" lon="4.4259645720672873">
    <name>518.7</name>
  </wpt>
  <wpt lat="51.823649452595106" lon="4.4273487786638821">
    <name>518.8</name>
  </wpt>
  <wpt lat="51.823399489940378" lon="4.4287324772665579">
    <name>518.9</name>
  </wpt>
  <wpt lat="51.823111164654179" lon="4.4300638426947812">
    <name>519.0</name>
  </wpt>
  <wpt lat="51.82266593157221" lon="4.4313081054404879">
    <name>519.1</name>
  </wpt>
  <wpt lat="51.822317766423964" lon="4.4326496233321757">
    <name>519.2</name>
  </wpt>
  <wpt lat="51.8219774151865" lon="4.4339963419974664">
    <name>519.3</name>
  </wpt>
  <wpt lat="51.821639900982724" lon="4.43534468507381">
    <name>519.4</name>
  </wpt>
  <wpt lat="51.821368829813864" lon="4.4367029464754326">
    <name>519.5</name>
  </wpt>
  <wpt lat="51.821775422542565" lon="4.4375159593882136">
    <name>519.6</name>
  </wpt>
  <wpt lat="51.82266810590189" lon="4.4374504871721987">
    <name>519.7</name>
  </wpt>
  <wpt lat="51.823567413335283" lon="4.4374470000000361">
    <name>519.8</name>
  </wpt>
  <wpt lat="51.824414229493641" lon="4.4379001555049724">
    <name>519.9</name>
  </wpt>
  <wpt lat="51.825239395381487" lon="4.4384623485134815">
    <name>520.0</name>
  </wpt>
  <wpt lat="51.825407883412161" lon="4.439604083883685">
    <name>520.1</name>
  </wpt>
  <wpt lat="51.824949490087548" lon="4.4408119711149485">
    <name>520.2</name>
  </wpt>
  <wpt lat="51.824557939426619" lon="4.4421204710212834">
    <name>520.3</name>
  </wpt>
  <wpt lat="51.824195895053741" lon="4.4434052274662807">
    <name>520.4</name>
  </wpt>
  <wpt lat="51.824016839350527" lon="4.4448305880042">
    <name>520.5</name>
  </wpt>
  <wpt lat="51.823859473553" lon="4.4462631637246606">
    <name>520.6</name>
  </wpt>
  <wpt lat="51.823702107755523" lon="4.4476957344408108">
    <name>520.7</name>
  </wpt>
  <wpt lat="51.82354225691352" lon="4.4491271983824534">
    <name>520.8</name>
  </wpt>
  <wpt lat="51.823363746150456" lon="4.45055297519768">
    <name>520.9</name>
  </wpt>
  <wpt lat="51.82315765233848" lon="4.4519691100787453">
    <name>521.0</name>
  </wpt>
  <wpt lat="51.822987993975161" lon="4.4533979809328841">
    <name>521.1</name>
  </wpt>
  <wpt lat="51.8228183356119" lon="4.4548268464059317">
    <name>521.2</name>
  </wpt>
  <wpt lat="51.822639120083821" lon="4.4562525414780527">
    <name>521.3</name>
  </wpt>
  <wpt lat="51.822448029027832" lon="4.4576742960340621">
    <name>521.4</name>
  </wpt>
  <wpt lat="51.82229281187589" lon="4.4591071159229063">
    <name>521.5</name>
  </wpt>
  <wpt lat="51.822129623110492" lon="4.4605379304438317">
    <name>521.6</name>
  </wpt>
  <wpt lat="51.821960521767487" lon="4.4619669165682945">
    <name>521.7</name>
  </wpt>
  <wpt lat="51.821757351651272" lon="4.4633842154290688">
    <name>521.8</name>
  </wpt>
  <wpt lat="51.821562349837386" lon="4.464804487584316">
    <name>521.9</name>
  </wpt>
  <wpt lat="51.821392655797112" lon="4.4662330431337329">
    <name>522.0</name>
  </wpt>
  <wpt lat="51.821239897280051" lon="4.4676668272445221">
    <name>522.1</name>
  </wpt>
  <wpt lat="51.821132909891453" lon="4.46911037378537">
    <name>522.2</name>
  </wpt>
  <wpt lat="51.821051348108348" lon="4.4705592824376055">
    <name>522.3</name>
  </wpt>
  <wpt lat="51.820944137190246" lon="4.4720036441573665">
    <name>522.4</name>
  </wpt>
  <wpt lat="51.8207898427603" lon="4.4734363947061491">
    <name>522.5</name>
  </wpt>
  <wpt lat="51.820601262651678" lon="4.4748586583440817">
    <name>522.6</name>
  </wpt>
  <wpt lat="51.820473431454495" lon="4.4762984963006671">
    <name>522.7</name>
  </wpt>
  <wpt lat="51.820321000124579" lon="4.4777297499838307">
    <name>522.8</name>
  </wpt>
  <wpt lat="51.8206291401312" lon="4.4789297197597691">
    <name>522.9</name>
  </wpt>
  <wpt lat="51.820145796370696" lon="4.4801409757002046">
    <name>523.0</name>
  </wpt>
  <wpt lat="51.819888053311153" lon="4.4815066049070253">
    <name>523.1</name>
  </wpt>
  <wpt lat="51.819722125437671" lon="4.4829364797183633">
    <name>523.2</name>
  </wpt>
  <wpt lat="51.81954746414479" lon="4.4843636566253622">
    <name>523.3</name>
  </wpt>
  <wpt lat="51.820085434581365" lon="4.4845654996260942">
    <name>523.4</name>
  </wpt>
  <wpt lat="51.820954047245614" lon="4.4842029999999795">
    <name>523.5</name>
  </wpt>
  <wpt lat="51.821806213196957" lon="4.4841608170133425">
    <name>523.6</name>
  </wpt>
  <wpt lat="51.8226637833203" lon="4.483728458147767">
    <name>523.7</name>
  </wpt>
  <wpt lat="51.823478435774675" lon="4.48311459211422">
    <name>523.8</name>
  </wpt>
  <wpt lat="51.824274402706074" lon="4.4824385973244008">
    <name>523.9</name>
  </wpt>
  <wpt lat="51.824827000019418" lon="4.4826272730472674">
    <name>524.0</name>
  </wpt>
  <wpt lat="51.82474538779725" lon="4.4840730630000447">
    <name>524.1</name>
  </wpt>
  <wpt lat="51.824741000038784" lon="4.4855278241368035">
    <name>524.2</name>
  </wpt>
  <wpt lat="51.824631427002814" lon="4.486950024067462">
    <name>524.3</name>
  </wpt>
  <wpt lat="51.823988985963048" lon="4.487955091617029">
    <name>524.4</name>
  </wpt>
  <wpt lat="51.8233461966451" lon="4.4889669259927034">
    <name>524.5</name>
  </wpt>
  <wpt lat="51.822751823910764" lon="4.4900570881003183">
    <name>524.6</name>
  </wpt>
  <wpt lat="51.82210925476425" lon="4.4910747607193668">
    <name>524.7</name>
  </wpt>
  <wpt lat="51.821471494098581" lon="4.4921005770258322">
    <name>524.8</name>
  </wpt>
  <wpt lat="51.8208143217693" lon="4.49309289644304">
    <name>524.9</name>
  </wpt>
  <wpt lat="51.820217363214155" lon="4.4941784991204834">
    <name>525.0</name>
  </wpt>
  <wpt lat="51.819566839142382" lon="4.4951820232774438">
    <name>525.1</name>
  </wpt>
  <wpt lat="51.819664653382091" lon="4.4961881670101791">
    <name>525.2</name>
  </wpt>
  <wpt lat="51.820322566045924" lon="4.4971789642712166">
    <name>525.3</name>
  </wpt>
  <wpt lat="51.820999622512744" lon="4.4981318300976882">
    <name>525.4</name>
  </wpt>
  <wpt lat="51.821679024481881" lon="4.4990850987254811">
    <name>525.5</name>
  </wpt>
  <wpt lat="51.822327543332875" lon="4.5000913703181427">
    <name>525.6</name>
  </wpt>
  <wpt lat="51.822940907291752" lon="4.5011554223203989">
    <name>525.7</name>
  </wpt>
  <wpt lat="51.823553729795137" lon="4.502220317511008">
    <name>525.8</name>
  </wpt>
  <wpt lat="51.824166552298422" lon="4.5032852271880506">
    <name>525.9</name>
  </wpt>
  <wpt lat="51.824788020511605" lon="4.5043367587194059">
    <name>526.0</name>
  </wpt>
  <wpt lat="51.82544645190508" lon="4.5053275112038316">
    <name>526.1</name>
  </wpt>
  <wpt lat="51.826134021482574" lon="4.5062653362805447">
    <name>526.2</name>
  </wpt>
  <wpt lat="51.826818367540064" lon="4.5072092832242792">
    <name>526.3</name>
  </wpt>
  <wpt lat="51.827209000000927" lon="4.5084255022681372">
    <name>526.4</name>
  </wpt>
  <wpt lat="51.827744738288622" lon="4.509389544096396">
    <name>526.5</name>
  </wpt>
  <wpt lat="51.8285319991053" lon="4.5100922032798163">
    <name>526.6</name>
  </wpt>
  <wpt lat="51.829338111918254" lon="4.510737336540152">
    <name>526.7</name>
  </wpt>
  <wpt lat="51.830153374811928" lon="4.5113502249390756">
    <name>526.8</name>
  </wpt>
  <wpt lat="51.830981234696246" lon="4.5119187177055231">
    <name>526.9</name>
  </wpt>
  <wpt lat="51.831809038703511" lon="4.5124874339040542">
    <name>527.0</name>
  </wpt>
  <wpt lat="51.832636794132334" lon="4.5130563457116857">
    <name>527.1</name>
  </wpt>
  <wpt lat="51.833464549561121" lon="4.5136252679764715">
    <name>527.2</name>
  </wpt>
  <wpt lat="51.83429230498988" lon="4.51419420069882">
    <name>527.3</name>
  </wpt>
  <wpt lat="51.835128437941513" lon="4.5147289665551407">
    <name>527.4</name>
  </wpt>
  <wpt lat="51.835979407919851" lon="4.5151997574543357">
    <name>527.5</name>
  </wpt>
  <wpt lat="51.836835555265914" lon="4.5156447735857066">
    <name>527.6</name>
  </wpt>
  <wpt lat="51.837696451460566" lon="4.5160651139059036">
    <name>527.7</name>
  </wpt>
  <wpt lat="51.838486009328825" lon="4.5155576145008105">
    <name>527.8</name>
  </wpt>
  <wpt lat="51.839292911300205" lon="4.5152429173038158">
    <name>527.9</name>
  </wpt>
  <wpt lat="51.840185177277561" lon="4.5154239868767219">
    <name>528.0</name>
  </wpt>
  <wpt lat="51.841078704124229" lon="4.5155870429583569">
    <name>528.1</name>
  </wpt>
  <wpt lat="51.841938225905061" lon="4.5160059801368071">
    <name>528.2</name>
  </wpt>
  <wpt lat="51.842803341797534" lon="4.516396485702681">
    <name>528.3</name>
  </wpt>
  <wpt lat="51.843698390090566" lon="4.5165180000000476">
    <name>528.4</name>
  </wpt>
  <wpt lat="51.843833053906494" lon="4.5176948897992188">
    <name>528.5</name>
  </wpt>
  <wpt lat="51.843771503156781" lon="4.5191471430099872">
    <name>528.6</name>
  </wpt>
  <wpt lat="51.843706082985683" lon="4.5205989255732657">
    <name>528.7</name>
  </wpt>
  <wpt lat="51.843622244616306" lon="4.5220477157772674">
    <name>528.8</name>
  </wpt>
  <wpt lat="51.84347952569486" lon="4.5234849108109749">
    <name>528.9</name>
  </wpt>
  <wpt lat="51.843293365458457" lon="4.5249082441664408">
    <name>529.0</name>
  </wpt>
  <wpt lat="51.843033742870752" lon="4.52630134452397">
    <name>529.1</name>
  </wpt>
  <wpt lat="51.842764593119185" lon="4.5276902499497149">
    <name>529.2</name>
  </wpt>
  <wpt lat="51.842480404901231" lon="4.52907093065606">
    <name>529.3</name>
  </wpt>
  <wpt lat="51.842183281845195" lon="4.53044481080033">
    <name>529.4</name>
  </wpt>
  <wpt lat="51.841873487974553" lon="4.5318094028622626">
    <name>529.5</name>
  </wpt>
  <wpt lat="51.841658983085416" lon="4.5332216569820529">
    <name>529.6</name>
  </wpt>
  <wpt lat="51.841564325991975" lon="4.5346690980239694">
    <name>529.7</name>
  </wpt>
  <wpt lat="51.841330282027556" lon="4.53604084120739">
    <name>529.8</name>
  </wpt>
  <wpt lat="51.841981076366231" lon="4.5363659999999539">
    <name>529.9</name>
  </wpt>
  <wpt lat="51.842880397972138" lon="4.5363659999999539">
    <name>530.0</name>
  </wpt>
  <wpt lat="51.843779719578059" lon="4.5363659999999539">
    <name>530.1</name>
  </wpt>
  <wpt lat="51.84456169995628" lon="4.5363976757220223">
    <name>530.2</name>
  </wpt>
  <wpt lat="51.845457261866173" lon="4.5363449999999981">
    <name>530.3</name>
  </wpt>
  <wpt lat="51.84634008950475" lon="4.5364309999999817">
    <name>530.4</name>
  </wpt>
  <wpt lat="51.847219831210694" lon="4.5363846083968289">
    <name>530.5</name>
  </wpt>
  <wpt lat="51.848117002967825" lon="4.5363449999999981">
    <name>530.6</name>
  </wpt>
  <wpt lat="51.849013568819188" lon="4.5363951293784934">
    <name>530.7</name>
  </wpt>
  <wpt lat="51.849883647771918" lon="4.5365746477657742">
    <name>530.8</name>
  </wpt>
  <wpt lat="51.850746604526869" lon="4.5364090000000479">
    <name>530.9</name>
  </wpt>
  <wpt lat="51.851644988291426" lon="4.5364214356255559">
    <name>531.0</name>
  </wpt>
  <wpt lat="51.852542605859576" lon="4.5364950000000315">
    <name>531.1</name>
  </wpt>
  <wpt lat="51.853339582002747" lon="4.5364456192073686">
    <name>531.2</name>
  </wpt>
  <wpt lat="51.854236400620877" lon="4.5363659999999539">
    <name>531.3</name>
  </wpt>
  <wpt lat="51.8551357222268" lon="4.5363659999999539">
    <name>531.4</name>
  </wpt>
  <wpt lat="51.8560321140158" lon="4.5363240000000422">
    <name>531.5</name>
  </wpt>
  <wpt lat="51.856906000002326" lon="4.5364711358441241">
    <name>531.6</name>
  </wpt>
  <wpt lat="51.856799000026477" lon="4.5350651233089607">
    <name>531.7</name>
  </wpt>
  <wpt lat="51.857398707287246" lon="4.5342086985386816">
    <name>531.8</name>
  </wpt>
  <wpt lat="51.858028170431666" lon="4.5331739107027">
    <name>531.9</name>
  </wpt>
  <wpt lat="51.858761570250628" lon="4.5325328638982016">
    <name>532.0</name>
  </wpt>
  <wpt lat="51.859013391024845" lon="4.5311438818987453">
    <name>532.1</name>
  </wpt>
  <wpt lat="51.859125385558556" lon="4.5297057923528117">
    <name>532.2</name>
  </wpt>
  <wpt lat="51.859074000006288" lon="4.5282579354050778">
    <name>532.3</name>
  </wpt>
  <wpt lat="51.8590020695144" lon="4.5268075726015118">
    <name>532.4</name>
  </wpt>
  <wpt lat="51.858945000027376" lon="4.5253787401125978">
    <name>532.5</name>
  </wpt>
  <wpt lat="51.8589637227174" lon="4.5239244859317278">
    <name>532.6</name>
  </wpt>
  <wpt lat="51.858865678396533" lon="4.5224779038037424">
    <name>532.7</name>
  </wpt>
  <wpt lat="51.858776554467575" lon="4.52103067821769">
    <name>532.8</name>
  </wpt>
  <wpt lat="51.858672116360104" lon="4.5195892326721818">
    <name>532.9</name>
  </wpt>
  <wpt lat="51.858420043864136" lon="4.5182378641296843">
    <name>533.0</name>
  </wpt>
  <wpt lat="51.858293494253907" lon="4.5169594397717177">
    <name>533.1</name>
  </wpt>
  <wpt lat="51.858267769327554" lon="4.5155045914234382">
    <name>533.2</name>
  </wpt>
  <wpt lat="51.858139108695006" lon="4.5140657619462408">
    <name>533.3</name>
  </wpt>
  <wpt lat="51.858054118138661" lon="4.5126184255722563">
    <name>533.4</name>
  </wpt>
  <wpt lat="51.8579080695642" lon="4.5111818482478654">
    <name>533.5</name>
  </wpt>
  <wpt lat="51.857734787308964" lon="4.5097558107618072">
    <name>533.6</name>
  </wpt>
  <wpt lat="51.857457595416996" lon="4.5083718490725024">
    <name>533.7</name>
  </wpt>
  <wpt lat="51.85776166958059" lon="4.50861272771873">
    <name>533.8</name>
  </wpt>
  <wpt lat="51.858645508825369" lon="4.5088773872853922">
    <name>533.9</name>
  </wpt>
  <wpt lat="51.859523267989893" lon="4.5091810662429319">
    <name>534.0</name>
  </wpt>
  <wpt lat="51.860418066398772" lon="4.5093185231673276">
    <name>534.1</name>
  </wpt>
  <wpt lat="51.861314856403837" lon="4.5092485834210558">
    <name>534.2</name>
  </wpt>
  <wpt lat="51.8616571262775" lon="4.5084709999999584">
    <name>534.3</name>
  </wpt>
  <wpt lat="51.86170906445264" lon="4.5072236698435537">
    <name>534.4</name>
  </wpt>
  <wpt lat="51.862386987029232" lon="4.5062992207042578">
    <name>534.5</name>
  </wpt>
  <wpt lat="51.862450771409677" lon="4.5049103169634437">
    <name>534.6</name>
  </wpt>
  <wpt lat="51.862459138124727" lon="4.5036455953049392">
    <name>534.7</name>
  </wpt>
  <wpt lat="51.863351943345656" lon="4.5037481926698462">
    <name>534.8</name>
  </wpt>
  <wpt lat="51.864246674688175" lon="4.5036081228993217">
    <name>534.9</name>
  </wpt>
  <wpt lat="51.865139014291927" lon="4.5034270983931952">
    <name>535.0</name>
  </wpt>
  <wpt lat="51.86603171202335" lon="4.5032506634917979">
    <name>535.1</name>
  </wpt>
  <wpt lat="51.866924181760467" lon="4.5030712585513921">
    <name>535.2</name>
  </wpt>
  <wpt lat="51.867798856280544" lon="4.5027638020351146">
    <name>535.3</name>
  </wpt>
  <wpt lat="51.868579251418517" lon="4.5020700089330505">
    <name>535.4</name>
  </wpt>
  <wpt lat="51.869474317411871" lon="4.5020923174006837">
    <name>535.5</name>
  </wpt>
  <wpt lat="51.870279090540109" lon="4.5015971810498989">
    <name>535.6</name>
  </wpt>
  <wpt lat="51.871165395019389" lon="4.5013522023038135">
    <name>535.7</name>
  </wpt>
  <wpt lat="51.872062576168" lon="4.5013190465015152">
    <name>535.8</name>
  </wpt>
  <wpt lat="51.872931718932975" lon="4.5014078539896349">
    <name>535.9</name>
  </wpt>
  <wpt lat="51.87374199284028" lon="4.5007828746574363">
    <name>536.0</name>
  </wpt>
  <wpt lat="51.874577113562566" lon="4.5002750000000189">
    <name>536.1</name>
  </wpt>
  <wpt lat="51.875074614269536" lon="4.5012896511616338">
    <name>536.2</name>
  </wpt>
  <wpt lat="51.875709281970444" lon="4.5023115568506258">
    <name>536.3</name>
  </wpt>
  <wpt lat="51.876314670250721" lon="4.5033822301575714">
    <name>536.4</name>
  </wpt>
  <wpt lat="51.876738585770923" lon="4.5046649542235473">
    <name>536.5</name>
  </wpt>
  <wpt lat="51.877264495208372" lon="4.50583958455881">
    <name>536.6</name>
  </wpt>
  <wpt lat="51.877837566327045" lon="4.506957539706673">
    <name>536.7</name>
  </wpt>
  <wpt lat="51.878419263173818" lon="4.5080685437648986">
    <name>536.8</name>
  </wpt>
  <wpt lat="51.878914218186615" lon="4.5092299635948452">
    <name>536.9</name>
  </wpt>
  <wpt lat="51.87963484347258" lon="4.5099114780535041">
    <name>537.0</name>
  </wpt>
  <wpt lat="51.88038215025086" lon="4.5107164283654058">
    <name>537.1</name>
  </wpt>
  <wpt lat="51.881122309283676" lon="4.511534780361135">
    <name>537.2</name>
  </wpt>
  <wpt lat="51.881741959219646" lon="4.5125884694711713">
    <name>537.3</name>
  </wpt>
  <wpt lat="51.882332770395166" lon="4.5136717080683768">
    <name>537.4</name>
  </wpt>
  <wpt lat="51.882428845971695" lon="4.5151154111987708">
    <name>537.5</name>
  </wpt>
  <wpt lat="51.882068967044894" lon="4.5161510007648555">
    <name>537.6</name>
  </wpt>
  <wpt lat="51.882330224467246" lon="4.5175232939995089">
    <name>537.7</name>
  </wpt>
  <wpt lat="51.88248788633399" lon="4.5189576462582259">
    <name>537.8</name>
  </wpt>
  <wpt lat="51.8826804858932" lon="4.5203774235285277">
    <name>537.9</name>
  </wpt>
  <wpt lat="51.883100587181019" lon="4.5214957817471175">
    <name>538.0</name>
  </wpt>
  <wpt lat="51.883976750361981" lon="4.5218220391821458">
    <name>538.1</name>
  </wpt>
  <wpt lat="51.884848060469352" lon="4.5221825315121622">
    <name>538.2</name>
  </wpt>
  <wpt lat="51.885733426553543" lon="4.5224067389337614">
    <name>538.3</name>
  </wpt>
  <wpt lat="51.886630450419368" lon="4.52234162393882">
    <name>538.4</name>
  </wpt>
  <wpt lat="51.887525304070124" lon="4.5222118960254969">
    <name>538.5</name>
  </wpt>
  <wpt lat="51.888410596719687" lon="4.5221422980014809">
    <name>538.6</name>
  </wpt>
  <wpt lat="51.889257678834952" lon="4.5221010368813674">
    <name>538.7</name>
  </wpt>
  <wpt lat="51.890058826510327" lon="4.5214390153491424">
    <name>538.8</name>
  </wpt>
  <wpt lat="51.890851775689967" lon="4.5207522889593932">
    <name>538.9</name>
  </wpt>
  <wpt lat="51.891644296531545" lon="4.5200647276315982">
    <name>539.0</name>
  </wpt>
  <wpt lat="51.892448940388995" lon="4.51941394486068">
    <name>539.1</name>
  </wpt>
  <wpt lat="51.893248008837013" lon="4.51874539450819">
    <name>539.2</name>
  </wpt>
  <wpt lat="51.894041620261433" lon="4.5180608414465153">
    <name>539.3</name>
  </wpt>
  <wpt lat="51.894800176381572" lon="4.5173124213866327">
    <name>539.4</name>
  </wpt>
  <wpt lat="51.89562152863747" lon="4.5167695172884121">
    <name>539.5</name>
  </wpt>
  <wpt lat="51.896439184778266" lon="4.5161635373382172">
    <name>539.6</name>
  </wpt>
  <wpt lat="51.897271875443586" lon="4.5156130179184366">
    <name>539.7</name>
  </wpt>
  <wpt lat="51.898076997418052" lon="4.5149694561105269">
    <name>539.8</name>
  </wpt>
  <wpt lat="51.898809577166155" lon="4.514536322855303">
    <name>539.9</name>
  </wpt>
  <wpt lat="51.899606353887691" lon="4.5138604672717966">
    <name>540.0</name>
  </wpt>
  <wpt lat="51.900202397310068" lon="4.5128290574316985">
    <name>540.1</name>
  </wpt>
  <wpt lat="51.900986932361285" lon="4.5121204262728085">
    <name>540.2</name>
  </wpt>
  <wpt lat="51.901272997943195" lon="4.5117066640161072">
    <name>540.3</name>
  </wpt>
  <wpt lat="51.90118283330731" lon="4.5106415811951637">
    <name>540.4</name>
  </wpt>
  <wpt lat="51.901697521557374" lon="4.5094465216266135">
    <name>540.5</name>
  </wpt>
  <wpt lat="51.902208292488673" lon="4.508246939536372">
    <name>540.6</name>
  </wpt>
  <wpt lat="51.902717843597152" lon="4.507046133538462">
    <name>540.7</name>
  </wpt>
  <wpt lat="51.903179717470323" lon="4.5057967149206464">
    <name>540.8</name>
  </wpt>
  <wpt lat="51.903637121971009" lon="4.504544996034288">
    <name>540.9</name>
  </wpt>
  <wpt lat="51.904143953177694" lon="4.5033419196786877">
    <name>541.0</name>
  </wpt>
  <wpt lat="51.904637304820312" lon="4.5021299149256579">
    <name>541.1</name>
  </wpt>
  <wpt lat="51.905152754763883" lon="4.5009356407801766">
    <name>541.2</name>
  </wpt>
  <wpt lat="51.905663645637247" lon="4.49973613287472">
    <name>541.3</name>
  </wpt>
  <wpt lat="51.906190238204324" lon="4.4985553686354844">
    <name>541.4</name>
  </wpt>
  <wpt lat="51.906674960549815" lon="4.497330759065381">
    <name>541.5</name>
  </wpt>
  <wpt lat="51.907191909887317" lon="4.4961379925142175">
    <name>541.6</name>
  </wpt>
  <wpt lat="51.90770392601204" lon="4.4949396437993174">
    <name>541.7</name>
  </wpt>
  <wpt lat="51.908222317627249" lon="4.4937518620213819">
    <name>541.8</name>
  </wpt>
  <wpt lat="51.908552845381671" lon="4.49245112230604">
    <name>541.9</name>
  </wpt>
  <wpt lat="51.908061066179656" lon="4.4912571791463805">
    <name>542.0</name>
  </wpt>
  <wpt lat="51.907946349932054" lon="4.490063479294065">
    <name>542.1</name>
  </wpt>
  <wpt lat="51.908409210296384" lon="4.4888149389358913">
    <name>542.2</name>
  </wpt>
  <wpt lat="51.90889796440058" lon="4.4875912469546941">
    <name>542.3</name>
  </wpt>
  <wpt lat="51.909386718504685" lon="4.4863675416562856">
    <name>542.4</name>
  </wpt>
  <wpt lat="51.909875472608661" lon="4.485143823040258">
    <name>542.5</name>
  </wpt>
  <wpt lat="51.910364226712531" lon="4.4839200911063068">
    <name>542.6</name>
  </wpt>
  <wpt lat="51.9109826851101" lon="4.4829091268536523">
    <name>542.7</name>
  </wpt>
  <wpt lat="51.911860844148386" lon="4.4826117733842814">
    <name>542.8</name>
  </wpt>
  <wpt lat="51.912711047078147" lon="4.482327053720323">
    <name>542.9</name>
  </wpt>
  <wpt lat="51.9136068963546" lon="4.4822063303859911">
    <name>543.0</name>
  </wpt>
  <wpt lat="51.914505763675038" lon="4.4821627659978436">
    <name>543.1</name>
  </wpt>
  <wpt lat="51.915404851753465" lon="4.4821295423344161">
    <name>543.2</name>
  </wpt>
  <wpt lat="51.916301623108907" lon="4.4821689700091785">
    <name>543.3</name>
  </wpt>
  <wpt lat="51.917178731873783" lon="4.4819291361862579">
    <name>543.4</name>
  </wpt>
  <wpt lat="51.918038199764304" lon="4.4814999002488012">
    <name>543.5</name>
  </wpt>
  <wpt lat="51.918672562208108" lon="4.4807538332920211">
    <name>543.6</name>
  </wpt>
  <wpt lat="51.919523834887322" lon="4.48029554603101">
    <name>543.7</name>
  </wpt>
  <wpt lat="51.920399512134914" lon="4.4799635239597">
    <name>543.8</name>
  </wpt>
  <wpt lat="51.921265736769271" lon="4.479575131662445">
    <name>543.9</name>
  </wpt>
  <wpt lat="51.92211869532801" lon="4.479113556736154">
    <name>544.0</name>
  </wpt>
</gpx>