<?xml version="1.0" encoding="utf-8"?>
<gpx xmlns:xsi="http://www.w3.org/2001/XMLSchema-instance" xsi:schemaLocation="http://www.topografix.com/GPX/1/1 http://www.topografix.com/GPX/1/1/gpx.xsd" version="1.1" creator="Roparun" xmlns="http://www.topografix.com/GPX/1/1">
  <wpt lat="49.773470517462442" lon="3.2790037804157568">
    <name>8.35</name>
  </wpt>
  <wpt lat="49.7740120165438" lon="3.2794633706323659">
    <name>8.4</name>
  </wpt>
  <wpt lat="49.774834192150564" lon="3.2800276308927194">
    <name>8.5</name>
  </wpt>
  <wpt lat="49.775697080132808" lon="3.2803391773026838">
    <name>8.6</name>
  </wpt>
  <wpt lat="49.776540602642172" lon="3.2807708234974537">
    <name>8.7</name>
  </wpt>
  <wpt lat="49.777415887521883" lon="3.2810287709769312">
    <name>8.8</name>
  </wpt>
  <wpt lat="49.778276973772279" lon="3.2813815969480182">
    <name>8.9</name>
  </wpt>
  <wpt lat="49.777894793443721" lon="3.2826419293299209">
    <name>9.0</name>
  </wpt>
  <wpt lat="49.777929337964174" lon="3.2839605681622621">
    <name>9.1</name>
  </wpt>
  <wpt lat="49.778281314900333" lon="3.285240573317481">
    <name>9.2</name>
  </wpt>
  <wpt lat="49.778560881819956" lon="3.2865642256147076">
    <name>9.3</name>
  </wpt>
  <wpt lat="49.7791466113163" lon="3.2875591164571452">
    <name>9.4</name>
  </wpt>
  <wpt lat="49.779855451055404" lon="3.2884124054552579">
    <name>9.5</name>
  </wpt>
  <wpt lat="49.78051408516604" lon="3.2893594608356911">
    <name>9.6</name>
  </wpt>
  <wpt lat="49.781123034812076" lon="3.2903839487741804">
    <name>9.7</name>
  </wpt>
  <wpt lat="49.781705645392329" lon="3.2914449388665203">
    <name>9.8</name>
  </wpt>
  <wpt lat="49.782289660918707" lon="3.2925040629400493">
    <name>9.9</name>
  </wpt>
  <wpt lat="49.782858570240855" lon="3.2935822341595751">
    <name>10.0</name>
  </wpt>
  <wpt lat="49.78339790836263" lon="3.2946965663389225">
    <name>10.1</name>
  </wpt>
  <wpt lat="49.783929875424249" lon="3.2958195981580953">
    <name>10.2</name>
  </wpt>
  <wpt lat="49.784472387996018" lon="3.2969304611972441">
    <name>10.3</name>
  </wpt>
  <wpt lat="49.7850060543568" lon="3.2980515731222662">
    <name>10.4</name>
  </wpt>
  <wpt lat="49.785539144733185" lon="3.2991733637787766">
    <name>10.5</name>
  </wpt>
  <wpt lat="49.786072235109465" lon="3.3002951667800122">
    <name>10.6</name>
  </wpt>
  <wpt lat="49.78660532548566" lon="3.301416982126482">
    <name>10.7</name>
  </wpt>
  <wpt lat="49.787138415861754" lon="3.3025388098184907">
    <name>10.8</name>
  </wpt>
  <wpt lat="49.787655371319659" lon="3.3036774685851249">
    <name>10.9</name>
  </wpt>
  <wpt lat="49.788202741568789" lon="3.3047819854427551">
    <name>11.0</name>
  </wpt>
  <wpt lat="49.788775683504063" lon="3.3058399418906923">
    <name>11.1</name>
  </wpt>
  <wpt lat="49.789417053592516" lon="3.3067991246331006">
    <name>11.2</name>
  </wpt>
  <wpt lat="49.789789900591082" lon="3.3080556563248282">
    <name>11.3</name>
  </wpt>
  <wpt lat="49.790153916826938" lon="3.3092739167706111">
    <name>11.4</name>
  </wpt>
  <wpt lat="49.79094109436992" lon="3.3099398576383874">
    <name>11.5</name>
  </wpt>
  <wpt lat="49.791700645104228" lon="3.3106762159549548">
    <name>11.6</name>
  </wpt>
  <wpt lat="49.792380451822858" lon="3.3115861789938408">
    <name>11.7</name>
  </wpt>
  <wpt lat="49.792858695513068" lon="3.3127617207545534">
    <name>11.8</name>
  </wpt>
  <wpt lat="49.793339097066976" lon="3.3139356303007093">
    <name>11.9</name>
  </wpt>
  <wpt lat="49.793926907073093" lon="3.3149869826955913">
    <name>12.0</name>
  </wpt>
  <wpt lat="49.794606077789986" lon="3.3158931935897447">
    <name>12.1</name>
  </wpt>
  <wpt lat="49.79539209494898" lon="3.31656931033913">
    <name>12.2</name>
  </wpt>
  <wpt lat="49.79617390870645" lon="3.3172578503459911">
    <name>12.3</name>
  </wpt>
  <wpt lat="49.796955722463871" lon="3.3179464014694253">
    <name>12.4</name>
  </wpt>
  <wpt lat="49.797746974701" lon="3.318606668801269">
    <name>12.5</name>
  </wpt>
  <wpt lat="49.798388420971918" lon="3.3195631959506908">
    <name>12.6</name>
  </wpt>
  <wpt lat="49.798863918987216" lon="3.3207452844155467">
    <name>12.7</name>
  </wpt>
  <wpt lat="49.802401299745817" lon="3.3263585306540708">
    <name>13.28</name>
  </wpt>
  <wpt lat="49.802490720114626" lon="3.3268068791254537">
    <name>13.3</name>
  </wpt>
  <wpt lat="49.802841815718956" lon="3.3280769766843976">
    <name>13.4</name>
  </wpt>
  <wpt lat="49.803524008921364" lon="3.328981485275968">
    <name>13.5</name>
  </wpt>
  <wpt lat="49.80426890028194" lon="3.3297616846385605">
    <name>13.6</name>
  </wpt>
  <wpt lat="49.805020678397987" lon="3.3305257276107221">
    <name>13.7</name>
  </wpt>
  <wpt lat="49.805779758286867" lon="3.3312729605072477">
    <name>13.8</name>
  </wpt>
  <wpt lat="49.80654498448741" lon="3.3320049015865245">
    <name>13.9</name>
  </wpt>
  <wpt lat="49.807308229790642" lon="3.3327407723141866">
    <name>14.0</name>
  </wpt>
  <wpt lat="49.807718428153031" lon="3.3338297123457248">
    <name>14.1</name>
  </wpt>
  <wpt lat="49.807703286461624" lon="3.3352230451329996">
    <name>14.2</name>
  </wpt>
  <wpt lat="49.807723120294938" lon="3.3366157456027987">
    <name>14.3</name>
  </wpt>
  <wpt lat="49.807742000289082" lon="3.3380079874424138">
    <name>14.4</name>
  </wpt>
  <wpt lat="49.807819217161843" lon="3.3393905768169252">
    <name>14.5</name>
  </wpt>
  <wpt lat="49.80811401971291" lon="3.3407070050432579">
    <name>14.6</name>
  </wpt>
  <wpt lat="49.808432344627739" lon="3.3417699435138806">
    <name>14.7</name>
  </wpt>
  <wpt lat="49.809218934209262" lon="3.3410948868137531">
    <name>14.8</name>
  </wpt>
  <wpt lat="49.809998252952717" lon="3.3403993933489895">
    <name>14.9</name>
  </wpt>
  <wpt lat="49.810777571696121" lon="3.339703888685722">
    <name>15.0</name>
  </wpt>
  <wpt lat="49.811556890439462" lon="3.3390083728235429">
    <name>15.1</name>
  </wpt>
  <wpt lat="49.8124173291843" lon="3.3386340367482195">
    <name>15.2</name>
  </wpt>
  <wpt lat="49.813311715153112" lon="3.3384892609014609">
    <name>15.3</name>
  </wpt>
  <wpt lat="49.814207016926595" lon="3.3383582381774066">
    <name>15.4</name>
  </wpt>
  <wpt lat="49.815092877522645" lon="3.3381306490069722">
    <name>15.5</name>
  </wpt>
  <wpt lat="49.815938736951132" lon="3.3376574556164109">
    <name>15.6</name>
  </wpt>
  <wpt lat="49.81677678044867" lon="3.3371539870836804">
    <name>15.7</name>
  </wpt>
  <wpt lat="49.817551435219926" lon="3.3364464925112221">
    <name>15.8</name>
  </wpt>
  <wpt lat="49.818320855794063" lon="3.3357248965816568">
    <name>15.9</name>
  </wpt>
  <wpt lat="49.819082958443445" lon="3.334986602914054">
    <name>16.0</name>
  </wpt>
  <wpt lat="49.819780839776463" lon="3.3341099966064891">
    <name>16.1</name>
  </wpt>
  <wpt lat="49.820582555849533" lon="3.3335135213967959">
    <name>16.2</name>
  </wpt>
  <wpt lat="49.82133454501647" lon="3.3328038969526133">
    <name>16.3</name>
  </wpt>
  <wpt lat="49.821883408614809" lon="3.3317001232976891">
    <name>16.4</name>
  </wpt>
  <wpt lat="49.822608311173518" lon="3.3308907096454154">
    <name>16.5</name>
  </wpt>
  <wpt lat="49.823393759726379" lon="3.3302124993652726">
    <name>16.6</name>
  </wpt>
  <wpt lat="49.82407540141147" lon="3.3293114699504085">
    <name>16.7</name>
  </wpt>
  <wpt lat="49.82471533363568" lon="3.3283465855719436">
    <name>16.8</name>
  </wpt>
  <wpt lat="49.824940570125818" lon="3.3295879566613507">
    <name>16.9</name>
  </wpt>
  <wpt lat="49.825152775594937" lon="3.3309222220734305">
    <name>17.0</name>
  </wpt>
  <wpt lat="49.825509000085056" lon="3.3321811254443281">
    <name>17.1</name>
  </wpt>
  <wpt lat="49.825421514650671" lon="3.3335671274277061">
    <name>17.2</name>
  </wpt>
  <wpt lat="49.825372024313076" lon="3.3349564592139811">
    <name>17.3</name>
  </wpt>
  <wpt lat="49.825505344696538" lon="3.3363226392722112">
    <name>17.4</name>
  </wpt>
  <wpt lat="49.825588921268185" lon="3.3376984362879347">
    <name>17.5</name>
  </wpt>
  <wpt lat="49.825507729089765" lon="3.3390862659745673">
    <name>17.6</name>
  </wpt>
  <wpt lat="49.825494698116707" lon="3.3404733119312042">
    <name>17.7</name>
  </wpt>
  <wpt lat="49.8257123293294" lon="3.341825114265331">
    <name>17.8</name>
  </wpt>
  <wpt lat="49.825926780793971" lon="3.3431789513022689">
    <name>17.9</name>
  </wpt>
  <wpt lat="49.826141232258479" lon="3.3445327943410406">
    <name>18.0</name>
  </wpt>
  <wpt lat="49.82627918199379" lon="3.3459041074254303">
    <name>18.1</name>
  </wpt>
  <wpt lat="49.826196992373426" lon="3.3472923343001382">
    <name>18.2</name>
  </wpt>
  <wpt lat="49.826100167408043" lon="3.3486779205783024">
    <name>18.3</name>
  </wpt>
  <wpt lat="49.826147021526211" lon="3.3500539530576643">
    <name>18.4</name>
  </wpt>
  <wpt lat="49.826600345249041" lon="3.3512181786252708">
    <name>18.5</name>
  </wpt>
  <wpt lat="49.827240788534688" lon="3.3521950401687239">
    <name>18.6</name>
  </wpt>
  <wpt lat="49.827881138075071" lon="3.3531738915280487">
    <name>18.7</name>
  </wpt>
  <wpt lat="49.828529713199643" lon="3.3541393269939466">
    <name>18.8</name>
  </wpt>
  <wpt lat="49.829180913697115" lon="3.35509975517928">
    <name>18.9</name>
  </wpt>
  <wpt lat="49.829837755793008" lon="3.3560515560069395">
    <name>19.0</name>
  </wpt>
  <wpt lat="49.8304659745591" lon="3.3570480788245529">
    <name>19.1</name>
  </wpt>
  <wpt lat="49.830991404648117" lon="3.3581782963523463">
    <name>19.2</name>
  </wpt>
  <wpt lat="49.831314652369535" lon="3.3594753562827635">
    <name>19.3</name>
  </wpt>
  <wpt lat="49.83196453697655" lon="3.3597145166827196">
    <name>19.4</name>
  </wpt>
  <wpt lat="49.832841214127093" lon="3.3595259514615838">
    <name>19.5</name>
  </wpt>
  <wpt lat="49.833739449520387" lon="3.35959128920853">
    <name>19.6</name>
  </wpt>
  <wpt lat="49.834638554165089" lon="3.3595902480069846">
    <name>19.7</name>
  </wpt>
  <wpt lat="49.835536930663011" lon="3.3595317924890877">
    <name>19.8</name>
  </wpt>
  <wpt lat="49.836432941982274" lon="3.3595304703029911">
    <name>19.9</name>
  </wpt>
  <wpt lat="49.837300441747942" lon="3.3598865978169581">
    <name>20.0</name>
  </wpt>
  <wpt lat="49.838160141106847" lon="3.360295930037104">
    <name>20.1</name>
  </wpt>
  <wpt lat="49.83901996266372" lon="3.3607024614634442">
    <name>20.2</name>
  </wpt>
  <wpt lat="49.839915118924495" lon="3.3606111475907579">
    <name>20.3</name>
  </wpt>
  <wpt lat="49.840754235553042" lon="3.3610104636259126">
    <name>20.4</name>
  </wpt>
  <wpt lat="49.84153609938587" lon="3.3616963357493095">
    <name>20.5</name>
  </wpt>
  <wpt lat="49.84242108000111" lon="3.3619282656719713">
    <name>20.6</name>
  </wpt>
  <wpt lat="49.843311357468124" lon="3.36211100807863">
    <name>20.7</name>
  </wpt>
  <wpt lat="49.844155781108171" lon="3.36258153753104">
    <name>20.8</name>
  </wpt>
  <wpt lat="49.8450253144859" lon="3.3628109214018682">
    <name>20.9</name>
  </wpt>
  <wpt lat="49.8459016362424" lon="3.3626037387805972">
    <name>21.0</name>
  </wpt>
  <wpt lat="49.846567156246735" lon="3.36299505319379">
    <name>21.1</name>
  </wpt>
  <wpt lat="49.846601000368857" lon="3.3643873866982124">
    <name>21.2</name>
  </wpt>
  <wpt lat="49.846538220843229" lon="3.365778175629814">
    <name>21.3</name>
  </wpt>
  <wpt lat="49.846475298540639" lon="3.3671691642568926">
    <name>21.4</name>
  </wpt>
  <wpt lat="49.846385404926245" lon="3.3685545773871861">
    <name>21.5</name>
  </wpt>
  <wpt lat="49.846334079810887" lon="3.36991955576102">
    <name>21.6</name>
  </wpt>
  <wpt lat="49.84716837444342" lon="3.3693990955089879">
    <name>21.7</name>
  </wpt>
  <wpt lat="49.847963825991243" lon="3.3687544947839339">
    <name>21.8</name>
  </wpt>
  <wpt lat="49.848730308832991" lon="3.3680258878573315">
    <name>21.9</name>
  </wpt>
  <wpt lat="49.849401614652187" lon="3.3671162979402562">
    <name>22.0</name>
  </wpt>
  <wpt lat="49.850115228478856" lon="3.3662773124384104">
    <name>22.1</name>
  </wpt>
  <wpt lat="49.850560159989229" lon="3.3653364283352474">
    <name>22.2</name>
  </wpt>
  <wpt lat="49.850686225669094" lon="3.3644282591997334">
    <name>22.3</name>
  </wpt>
  <wpt lat="49.851434403751696" lon="3.3636637212675145">
    <name>22.4</name>
  </wpt>
  <wpt lat="49.852161393133152" lon="3.3628555014261106">
    <name>22.5</name>
  </wpt>
  <wpt lat="49.852734813776216" lon="3.363390962916863">
    <name>22.6</name>
  </wpt>
  <wpt lat="49.853167831145008" lon="3.3646130178400018">
    <name>22.7</name>
  </wpt>
  <wpt lat="49.85361082839762" lon="3.3658249505058868">
    <name>22.8</name>
  </wpt>
  <wpt lat="49.854167168776812" lon="3.3669181811295061">
    <name>22.9</name>
  </wpt>
  <wpt lat="49.854824530709188" lon="3.367781999999977">
    <name>23.0</name>
  </wpt>
  <wpt lat="49.855570444626828" lon="3.3670367376819033">
    <name>23.1</name>
  </wpt>
  <wpt lat="49.856423553618612" lon="3.3666161242886448">
    <name>23.2</name>
  </wpt>
  <wpt lat="49.857282694320517" lon="3.36620584222317">
    <name>23.3</name>
  </wpt>
  <wpt lat="49.858158338138338" lon="3.3659579999999911">
    <name>23.4</name>
  </wpt>
  <wpt lat="49.859055360899553" lon="3.3660522810511204">
    <name>23.5</name>
  </wpt>
  <wpt lat="49.859952113214831" lon="3.3661576554787223">
    <name>23.6</name>
  </wpt>
  <wpt lat="49.860848634391139" lon="3.3662665366593045">
    <name>23.7</name>
  </wpt>
  <wpt lat="49.861739657786188" lon="3.3664535314925077">
    <name>23.8</name>
  </wpt>
  <wpt lat="49.862620971221048" lon="3.3667313190749444">
    <name>23.9</name>
  </wpt>
  <wpt lat="49.86350540912683" lon="3.3669836926053716">
    <name>24.0</name>
  </wpt>
  <wpt lat="49.8643862584626" lon="3.3672636722112355">
    <name>24.1</name>
  </wpt>
  <wpt lat="49.865269617560315" lon="3.3675242795127684">
    <name>24.2</name>
  </wpt>
  <wpt lat="49.866163243921733" lon="3.3676133828564918">
    <name>24.3</name>
  </wpt>
  <wpt lat="49.867061891984839" lon="3.3675593939914257">
    <name>24.4</name>
  </wpt>
  <wpt lat="49.867954416011941" lon="3.3676178882431862">
    <name>24.5</name>
  </wpt>
  <wpt lat="49.8687877585766" lon="3.3681396152119332">
    <name>24.6</name>
  </wpt>
  <wpt lat="49.86962064946394" lon="3.3686644998798445">
    <name>24.7</name>
  </wpt>
  <wpt lat="49.870454294407814" lon="3.3691866502808741">
    <name>24.8</name>
  </wpt>
  <wpt lat="49.871289302750505" lon="3.3697048352893759">
    <name>24.9</name>
  </wpt>
  <wpt lat="49.872122941680963" lon="3.3702264718140378">
    <name>25.0</name>
  </wpt>
  <wpt lat="49.872925892245945" lon="3.3708497694507984">
    <name>25.1</name>
  </wpt>
  <wpt lat="49.873659619138685" lon="3.3716566574474993">
    <name>25.2</name>
  </wpt>
  <wpt lat="49.87440107213429" lon="3.3724461747354977">
    <name>25.3</name>
  </wpt>
  <wpt lat="49.875217735111427" lon="3.3730182983075503">
    <name>25.4</name>
  </wpt>
  <wpt lat="49.876067284811178" lon="3.3734760102590426">
    <name>25.5</name>
  </wpt>
  <wpt lat="49.8769325566164" lon="3.3738422346426176">
    <name>25.6</name>
  </wpt>
  <wpt lat="49.87782765891702" lon="3.3738346595156345">
    <name>25.7</name>
  </wpt>
  <wpt lat="49.878708969606087" lon="3.3735607913509855">
    <name>25.8</name>
  </wpt>
  <wpt lat="49.879594920231874" lon="3.3733250062472573">
    <name>25.9</name>
  </wpt>
  <wpt lat="49.880490533196252" lon="3.3731993259939261">
    <name>26.0</name>
  </wpt>
  <wpt lat="49.881385055107089" lon="3.3730577324748174">
    <name>26.1</name>
  </wpt>
  <wpt lat="49.882281746400324" lon="3.3729599394419778">
    <name>26.2</name>
  </wpt>
  <wpt lat="49.883177619273823" lon="3.3728392580268478">
    <name>26.3</name>
  </wpt>
  <wpt lat="49.884073591118074" lon="3.3727207691139074">
    <name>26.4</name>
  </wpt>
  <wpt lat="49.884969353372938" lon="3.3725979927244043">
    <name>26.5</name>
  </wpt>
  <wpt lat="49.885866458396372" lon="3.37250005585131">
    <name>26.6</name>
  </wpt>
  <wpt lat="49.886761412413072" lon="3.3723639558452785">
    <name>26.7</name>
  </wpt>
  <wpt lat="49.887643580070019" lon="3.3720977811563064">
    <name>26.8</name>
  </wpt>
  <wpt lat="49.888519876857011" lon="3.3717839497235977">
    <name>26.9</name>
  </wpt>
  <wpt lat="49.889400957304879" lon="3.3715056789464084">
    <name>27.0</name>
  </wpt>
  <wpt lat="49.890294571910914" lon="3.3715723452951138">
    <name>27.1</name>
  </wpt>
  <wpt lat="49.891191254397917" lon="3.3716440000000314">
    <name>27.2</name>
  </wpt>
  <wpt lat="49.892078914028012" lon="3.3714390704501103">
    <name>27.3</name>
  </wpt>
  <wpt lat="49.89295458415409" lon="3.3711224305842591">
    <name>27.4</name>
  </wpt>
  <wpt lat="49.893786023328154" lon="3.3706028002447916">
    <name>27.5</name>
  </wpt>
  <wpt lat="49.894596993400249" lon="3.3700019388439912">
    <name>27.6</name>
  </wpt>
  <wpt lat="49.895429359614212" lon="3.3694742161189963">
    <name>27.7</name>
  </wpt>
  <wpt lat="49.896211630165347" lon="3.3688032801950802">
    <name>27.8</name>
  </wpt>
  <wpt lat="49.896868191495528" lon="3.3678532835822024">
    <name>27.9</name>
  </wpt>
  <wpt lat="49.897607092286734" lon="3.3671017126038936">
    <name>28.0</name>
  </wpt>
  <wpt lat="49.898481421151359" lon="3.3667751315871706">
    <name>28.1</name>
  </wpt>
  <wpt lat="49.899361012964533" lon="3.3664847177738251">
    <name>28.2</name>
  </wpt>
  <wpt lat="49.900170702007593" lon="3.3669640675772192">
    <name>28.3</name>
  </wpt>
  <wpt lat="49.900862273337381" lon="3.3673437044783552">
    <name>28.4</name>
  </wpt>
  <wpt lat="49.901761116402071" lon="3.367331">
    <name>28.5</name>
  </wpt>
  <wpt lat="49.902656312859612" lon="3.3674015014083105">
    <name>28.6</name>
  </wpt>
  <wpt lat="49.903452625968647" lon="3.3680420611038877">
    <name>28.7</name>
  </wpt>
  <wpt lat="49.904237667973064" lon="3.36872325016646">
    <name>28.8</name>
  </wpt>
  <wpt lat="49.9050672760396" lon="3.3691979999999782">
    <name>28.9</name>
  </wpt>
  <wpt lat="49.905964057511056" lon="3.3690960691157761">
    <name>29.0</name>
  </wpt>
  <wpt lat="49.906861068472978" lon="3.3689961419898777">
    <name>29.1</name>
  </wpt>
  <wpt lat="49.907753434192479" lon="3.3688618549935483">
    <name>29.2</name>
  </wpt>
  <wpt lat="49.908302147613306" lon="3.3678426688494905">
    <name>29.3</name>
  </wpt>
  <wpt lat="49.908496644183458" lon="3.36647928038619">
    <name>29.4</name>
  </wpt>
  <wpt lat="49.9089652287284" lon="3.3654116017900959">
    <name>29.5</name>
  </wpt>
  <wpt lat="49.909802666303477" lon="3.365827259994068">
    <name>29.6</name>
  </wpt>
  <wpt lat="49.910614660698563" lon="3.3664275384002131">
    <name>29.7</name>
  </wpt>
  <wpt lat="49.911424833203249" lon="3.3670336886037191">
    <name>29.8</name>
  </wpt>
  <wpt lat="49.912232838019357" lon="3.367646843614343">
    <name>29.9</name>
  </wpt>
  <wpt lat="49.913040635418575" lon="3.3682606684090715">
    <name>30.0</name>
  </wpt>
  <wpt lat="49.913851486924877" lon="3.3688646349159952">
    <name>30.1</name>
  </wpt>
  <wpt lat="49.91466280296698" lon="3.3694671720616962">
    <name>30.2</name>
  </wpt>
  <wpt lat="49.915473509729644" lon="3.3700717068996462">
    <name>30.3</name>
  </wpt>
  <wpt lat="49.916284216492258" lon="3.3706762519014273">
    <name>30.4</name>
  </wpt>
  <wpt lat="49.91708881142268" lon="3.3713000665285473">
    <name>30.5</name>
  </wpt>
  <wpt lat="49.917905036163631" lon="3.371886277901623">
    <name>30.6</name>
  </wpt>
  <wpt lat="49.91874648482046" lon="3.3720612473502882">
    <name>30.7</name>
  </wpt>
  <wpt lat="49.919602382712938" lon="3.3716426173566285">
    <name>30.8</name>
  </wpt>
  <wpt lat="49.920488931548391" lon="3.3715933790283885">
    <name>30.9</name>
  </wpt>
  <wpt lat="49.921386789040049" lon="3.3716580969191194">
    <name>31.0</name>
  </wpt>
  <wpt lat="49.922252674092576" lon="3.3713311797243817">
    <name>31.1</name>
  </wpt>
  <wpt lat="49.923124533454519" lon="3.3709960730032598">
    <name>31.2</name>
  </wpt>
  <wpt lat="49.924008231957338" lon="3.3707368431458136">
    <name>31.3</name>
  </wpt>
  <wpt lat="49.92489276996681" lon="3.3704845988590835">
    <name>31.4</name>
  </wpt>
  <wpt lat="49.925776645279058" lon="3.3702268115507112">
    <name>31.5</name>
  </wpt>
  <wpt lat="49.92659621911983" lon="3.3703926987880837">
    <name>31.6</name>
  </wpt>
  <wpt lat="49.927149853158205" lon="3.3695151785014663">
    <name>31.7</name>
  </wpt>
  <wpt lat="49.927962961228317" lon="3.3689198140184118">
    <name>31.8</name>
  </wpt>
  <wpt lat="49.928643163427161" lon="3.3685623863735867">
    <name>31.9</name>
  </wpt>
  <wpt lat="49.9293470532167" lon="3.3677079879419214">
    <name>32.0</name>
  </wpt>
  <wpt lat="49.930042195596542" lon="3.3668216255199117">
    <name>32.1</name>
  </wpt>
  <wpt lat="49.930737337976296" lon="3.3659352503134974">
    <name>32.2</name>
  </wpt>
  <wpt lat="49.931432480355966" lon="3.365048862322169">
    <name>32.3</name>
  </wpt>
  <wpt lat="49.932140887639463" lon="3.3641963581664824">
    <name>32.4</name>
  </wpt>
  <wpt lat="49.93300561864362" lon="3.3638281309274736">
    <name>32.5</name>
  </wpt>
  <wpt lat="49.93388492833818" lon="3.3635350286106953">
    <name>32.6</name>
  </wpt>
  <wpt lat="49.9347635279645" lon="3.3632368339026257">
    <name>32.7</name>
  </wpt>
  <wpt lat="49.935641999345712" lon="3.3629377150378303">
    <name>32.8</name>
  </wpt>
  <wpt lat="49.936530631107964" lon="3.3628086996566924">
    <name>32.9</name>
  </wpt>
  <wpt lat="49.937425478236982" lon="3.3629479084335583">
    <name>33.0</name>
  </wpt>
  <wpt lat="49.938321196553623" lon="3.3630515097624833">
    <name>33.1</name>
  </wpt>
  <wpt lat="49.939199499040527" lon="3.3627594496478275">
    <name>33.2</name>
  </wpt>
  <wpt lat="49.940073452090189" lon="3.3624299014192776">
    <name>33.3</name>
  </wpt>
  <wpt lat="49.940949001566374" lon="3.3621128446084576">
    <name>33.4</name>
  </wpt>
  <wpt lat="49.941837894465593" lon="3.3619032499669808">
    <name>33.5</name>
  </wpt>
  <wpt lat="49.942729102075106" lon="3.3617159577307452">
    <name>33.6</name>
  </wpt>
  <wpt lat="49.943619600376095" lon="3.3615212009943427">
    <name>33.7</name>
  </wpt>
  <wpt lat="49.944494381846532" lon="3.3612139646341261">
    <name>33.8</name>
  </wpt>
  <wpt lat="49.945272655625935" lon="3.3605203501574068">
    <name>33.9</name>
  </wpt>
  <wpt lat="49.946034839673345" lon="3.3597790570833346">
    <name>34.0</name>
  </wpt>
  <wpt lat="49.946889328936386" lon="3.3593508160801746">
    <name>34.1</name>
  </wpt>
  <wpt lat="49.947753191860031" lon="3.358962618915903">
    <name>34.2</name>
  </wpt>
  <wpt lat="49.948545561449116" lon="3.3583138478358467">
    <name>34.3</name>
  </wpt>
  <wpt lat="49.949339814921387" lon="3.3576707266803023">
    <name>34.4</name>
  </wpt>
  <wpt lat="49.950230119147193" lon="3.3574981080090156">
    <name>34.5</name>
  </wpt>
  <wpt lat="49.9511253620035" lon="3.3573651451323565">
    <name>34.6</name>
  </wpt>
  <wpt lat="49.952020604859804" lon="3.3572321797840248">
    <name>34.7</name>
  </wpt>
  <wpt lat="49.952916099006416" lon="3.3571039322522962">
    <name>34.8</name>
  </wpt>
  <wpt lat="49.953806199966721" lon="3.3569176949884407">
    <name>34.9</name>
  </wpt>
  <wpt lat="49.954646558209092" lon="3.3564237100887282">
    <name>35.0</name>
  </wpt>
  <wpt lat="49.955472808962007" lon="3.3558735864600213">
    <name>35.1</name>
  </wpt>
  <wpt lat="49.956337391738622" lon="3.3555149347415272">
    <name>35.2</name>
  </wpt>
  <wpt lat="49.957235433193937" lon="3.3555294734016976">
    <name>35.3</name>
  </wpt>
  <wpt lat="49.958133777433453" lon="3.3555946262982661">
    <name>35.4</name>
  </wpt>
  <wpt lat="49.95903206284752" lon="3.3556616623470141">
    <name>35.5</name>
  </wpt>
  <wpt lat="49.959929356472429" lon="3.355680000000012">
    <name>35.6</name>
  </wpt>
  <wpt lat="49.960820762931611" lon="3.3555037669228747">
    <name>35.7</name>
  </wpt>
  <wpt lat="49.96170965054246" lon="3.355291434010172">
    <name>35.8</name>
  </wpt>
  <wpt lat="49.962598955332894" lon="3.3550834063555208">
    <name>35.9</name>
  </wpt>
  <wpt lat="49.963488112892342" lon="3.3548738566595051">
    <name>36.0</name>
  </wpt>
  <wpt lat="49.964381437634493" lon="3.3548332821909188">
    <name>36.1</name>
  </wpt>
  <wpt lat="49.965006658224759" lon="3.35556380803715">
    <name>36.2</name>
  </wpt>
  <wpt lat="49.965411769064787" lon="3.3568103660188959">
    <name>36.3</name>
  </wpt>
  <wpt lat="49.965772520434435" lon="3.3580909459609036">
    <name>36.4</name>
  </wpt>
  <wpt lat="49.966122357542439" lon="3.3593782731502375">
    <name>36.5</name>
  </wpt>
  <wpt lat="49.966414396802257" lon="3.3607006174143779">
    <name>36.6</name>
  </wpt>
  <wpt lat="49.966715452679047" lon="3.3620180699643503">
    <name>36.7</name>
  </wpt>
  <wpt lat="49.967031121613921" lon="3.363326843400118">
    <name>36.8</name>
  </wpt>
  <wpt lat="49.967448916072769" lon="3.364558234722546">
    <name>36.9</name>
  </wpt>
  <wpt lat="49.968023037168521" lon="3.3656322099753089">
    <name>37.0</name>
  </wpt>
  <wpt lat="49.968608117156919" lon="3.3666938569479634">
    <name>37.1</name>
  </wpt>
  <wpt lat="49.969188604621834" lon="3.3677617726175146">
    <name>37.2</name>
  </wpt>
  <wpt lat="49.969689230307026" lon="3.3689206757125043">
    <name>37.3</name>
  </wpt>
  <wpt lat="49.970147556972648" lon="3.3701236915635731">
    <name>37.4</name>
  </wpt>
  <wpt lat="49.970605883638179" lon="3.3713267188712543">
    <name>37.5</name>
  </wpt>
  <wpt lat="49.971067680499345" lon="3.3725265272759248">
    <name>37.6</name>
  </wpt>
  <wpt lat="49.971595614292447" lon="3.3736500183254647">
    <name>37.7</name>
  </wpt>
  <wpt lat="49.972222674601689" lon="3.3746520431251836">
    <name>37.8</name>
  </wpt>
  <wpt lat="49.972849019613122" lon="3.3756554047049105">
    <name>37.9</name>
  </wpt>
  <wpt lat="49.973493042070054" lon="3.3766311713317787">
    <name>38.0</name>
  </wpt>
  <wpt lat="49.9741590132187" lon="3.3775708899577768">
    <name>38.1</name>
  </wpt>
  <wpt lat="49.9747749476238" lon="3.3785844501079181">
    <name>38.2</name>
  </wpt>
  <wpt lat="49.975272827050318" lon="3.3797452928361404">
    <name>38.3</name>
  </wpt>
  <wpt lat="49.975779637587891" lon="3.3808982749000047">
    <name>38.4</name>
  </wpt>
  <wpt lat="49.976369659576214" lon="3.3819525807234614">
    <name>38.5</name>
  </wpt>
  <wpt lat="49.976914358562446" lon="3.38306474114496">
    <name>38.6</name>
  </wpt>
  <wpt lat="49.977411958679156" lon="3.3842291496921679">
    <name>38.7</name>
  </wpt>
  <wpt lat="49.977925920971174" lon="3.3853684982697145">
    <name>38.8</name>
  </wpt>
  <wpt lat="49.978453770576721" lon="3.3865007334410446">
    <name>38.9</name>
  </wpt>
  <wpt lat="49.978977339441457" lon="3.38763776609999">
    <name>39.0</name>
  </wpt>
  <wpt lat="49.979427757056619" lon="3.3888443234735575">
    <name>39.1</name>
  </wpt>
  <wpt lat="49.9797824673343" lon="3.3901292529484643">
    <name>39.2</name>
  </wpt>
  <wpt lat="49.980121651858447" lon="3.391424485380099">
    <name>39.3</name>
  </wpt>
  <wpt lat="49.980460836382491" lon="3.3927197269433349">
    <name>39.4</name>
  </wpt>
  <wpt lat="49.98079725944379" lon="3.3940167015919362">
    <name>39.5</name>
  </wpt>
  <wpt lat="49.981108072556466" lon="3.3953275796666889">
    <name>39.6</name>
  </wpt>
  <wpt lat="49.98102267947835" lon="3.3966999708234455">
    <name>39.7</name>
  </wpt>
  <wpt lat="49.980858073887347" lon="3.39807479505334">
    <name>39.8</name>
  </wpt>
  <wpt lat="49.9807765617951" lon="3.39945902646274">
    <name>39.9</name>
  </wpt>
  <wpt lat="49.981052012672791" lon="3.4007854214322655">
    <name>40.0</name>
  </wpt>
  <wpt lat="49.981372478120754" lon="3.4020921644323558">
    <name>40.1</name>
  </wpt>
  <wpt lat="49.981804654022781" lon="3.4033145208488733">
    <name>40.2</name>
  </wpt>
  <wpt lat="49.9823096399577" lon="3.404471567841258">
    <name>40.3</name>
  </wpt>
  <wpt lat="49.98280519199119" lon="3.4056384136161704">
    <name>40.4</name>
  </wpt>
  <wpt lat="49.983288702219319" lon="3.4068176734275966">
    <name>40.5</name>
  </wpt>
  <wpt lat="49.983755595165682" lon="3.4080127693690718">
    <name>40.6</name>
  </wpt>
  <wpt lat="49.984220902179629" lon="3.4092095918888536">
    <name>40.7</name>
  </wpt>
  <wpt lat="49.984627856359609" lon="3.4104562277235555">
    <name>40.8</name>
  </wpt>
  <wpt lat="49.985010664885266" lon="3.4117214816897676">
    <name>40.9</name>
  </wpt>
  <wpt lat="49.985330649352974" lon="3.4130279239605255">
    <name>41.0</name>
  </wpt>
  <wpt lat="49.98555005544371" lon="3.414384333032749">
    <name>41.1</name>
  </wpt>
  <wpt lat="49.985869310005839" lon="3.4156863762315091">
    <name>41.2</name>
  </wpt>
  <wpt lat="49.986259364631309" lon="3.4169464659784117">
    <name>41.3</name>
  </wpt>
  <wpt lat="49.9866388237233" lon="3.4182145627890264">
    <name>41.4</name>
  </wpt>
  <wpt lat="49.986930015550506" lon="3.4195370818114665">
    <name>41.5</name>
  </wpt>
  <wpt lat="49.98713216603398" lon="3.4208994653724596">
    <name>41.6</name>
  </wpt>
  <wpt lat="49.987353240200122" lon="3.4222552699646434">
    <name>41.7</name>
  </wpt>
  <wpt lat="49.987564980382778" lon="3.4236145825449822">
    <name>41.8</name>
  </wpt>
  <wpt lat="49.987734706186785" lon="3.4249881835837219">
    <name>41.9</name>
  </wpt>
  <wpt lat="49.98787557039752" lon="3.4263692681456028">
    <name>42.0</name>
  </wpt>
  <wpt lat="49.988001338688264" lon="3.427754267825263">
    <name>42.1</name>
  </wpt>
  <wpt lat="49.9881063069935" lon="3.4291424363543492">
    <name>42.2</name>
  </wpt>
  <wpt lat="49.988131810675" lon="3.4305398868376336">
    <name>42.3</name>
  </wpt>
  <wpt lat="49.988121207735695" lon="3.4319385402518878">
    <name>42.4</name>
  </wpt>
  <wpt lat="49.988105374391964" lon="3.4333370409481194">
    <name>42.5</name>
  </wpt>
  <wpt lat="49.988082245050428" lon="3.4347353279521946">
    <name>42.6</name>
  </wpt>
  <wpt lat="49.9880591157089" lon="3.4361336142839263">
    <name>42.7</name>
  </wpt>
  <wpt lat="49.9880402168781" lon="3.4375320432353935">
    <name>42.8</name>
  </wpt>
  <wpt lat="49.988014683540854" lon="3.4389300506283065">
    <name>42.9</name>
  </wpt>
  <wpt lat="49.987845717899368" lon="3.4403010905899674">
    <name>43.0</name>
  </wpt>
  <wpt lat="49.987621712314649" lon="3.4416557421404965">
    <name>43.1</name>
  </wpt>
  <wpt lat="49.98740090763188" lon="3.4430106933525071">
    <name>43.2</name>
  </wpt>
  <wpt lat="49.988207147536592" lon="3.4433620045651403">
    <name>43.3</name>
  </wpt>
  <wpt lat="49.988801000095684" lon="3.4443363821537054">
    <name>43.4</name>
  </wpt>
  <wpt lat="49.989462791370812" lon="3.445204767080384">
    <name>43.5</name>
  </wpt>
  <wpt lat="49.989816100703138" lon="3.4462475752356121">
    <name>43.6</name>
  </wpt>
  <wpt lat="49.989744974598288" lon="3.4476419873020334">
    <name>43.7</name>
  </wpt>
  <wpt lat="49.989640031712305" lon="3.4490288176035264">
    <name>43.8</name>
  </wpt>
  <wpt lat="49.98942120015932" lon="3.45038500639664">
    <name>43.9</name>
  </wpt>
  <wpt lat="49.989328277400766" lon="3.4516166731596831">
    <name>44.0</name>
  </wpt>
  <wpt lat="49.990197788937294" lon="3.4519599999999526">
    <name>44.1</name>
  </wpt>
  <wpt lat="50.027432509590653" lon="3.4608183723029238">
    <name>48.92</name>
  </wpt>
  <wpt lat="50.02820111048932" lon="3.4614286253456354">
    <name>49.0</name>
  </wpt>
  <wpt lat="50.02906093489198" lon="3.46183894789494">
    <name>49.1</name>
  </wpt>
  <wpt lat="50.029920251921553" lon="3.4622517907652384">
    <name>49.2</name>
  </wpt>
  <wpt lat="50.030735757529776" lon="3.4628326609100935">
    <name>49.3</name>
  </wpt>
  <wpt lat="50.031578218325386" lon="3.4633117357270047">
    <name>49.4</name>
  </wpt>
  <wpt lat="50.032456452187468" lon="3.4636046347304128">
    <name>49.5</name>
  </wpt>
  <wpt lat="50.033298018030273" lon="3.4640495412304544">
    <name>49.6</name>
  </wpt>
  <wpt lat="50.034197159808549" lon="3.4640620000000197">
    <name>49.7</name>
  </wpt>
  <wpt lat="50.035085846458138" lon="3.4642338285323659">
    <name>49.8</name>
  </wpt>
  <wpt lat="50.035967050645894" lon="3.4645134101273825">
    <name>49.9</name>
  </wpt>
  <wpt lat="50.036864363748762" lon="3.4645852933184633">
    <name>50.0</name>
  </wpt>
  <wpt lat="50.037762341187026" lon="3.4646425785629189">
    <name>50.1</name>
  </wpt>
  <wpt lat="50.038633150609023" lon="3.4649885187628868">
    <name>50.2</name>
  </wpt>
  <wpt lat="50.039277035428718" lon="3.4643059302172738">
    <name>50.3</name>
  </wpt>
  <wpt lat="50.039831632808472" lon="3.4632039214980437">
    <name>50.4</name>
  </wpt>
  <wpt lat="50.040334061776157" lon="3.4620430736413423">
    <name>50.5</name>
  </wpt>
  <wpt lat="50.040822799224941" lon="3.4608676230165996">
    <name>50.6</name>
  </wpt>
  <wpt lat="50.041335492021418" lon="3.4597174269701427">
    <name>50.7</name>
  </wpt>
  <wpt lat="50.041901030980867" lon="3.4586286504333641">
    <name>50.8</name>
  </wpt>
  <wpt lat="50.042466569940217" lon="3.4575398610698413">
    <name>50.9</name>
  </wpt>
  <wpt lat="50.043212772035268" lon="3.4567686982022159">
    <name>51.0</name>
  </wpt>
  <wpt lat="50.044004573064534" lon="3.4561047104272711">
    <name>51.1</name>
  </wpt>
  <wpt lat="50.04479637409375" lon="3.4554407116995134">
    <name>51.2</name>
  </wpt>
  <wpt lat="50.045572363671447" lon="3.4547346372291488">
    <name>51.3</name>
  </wpt>
  <wpt lat="50.046320867280365" lon="3.4539584251655229">
    <name>51.4</name>
  </wpt>
  <wpt lat="50.047064603656871" lon="3.4531712052501837">
    <name>51.5</name>
  </wpt>
  <wpt lat="50.047816810360189" lon="3.45240364139829">
    <name>51.6</name>
  </wpt>
  <wpt lat="50.0485697049161" lon="3.4516425219535192">
    <name>51.7</name>
  </wpt>
  <wpt lat="50.049448702316219" lon="3.4515861960757008">
    <name>51.8</name>
  </wpt>
  <wpt lat="50.050344591933332" lon="3.4515369040761863">
    <name>51.9</name>
  </wpt>
  <wpt lat="50.051221662697984" lon="3.4512402621283469">
    <name>52.0</name>
  </wpt>
  <wpt lat="50.052069012477624" lon="3.4507713691919268">
    <name>52.1</name>
  </wpt>
  <wpt lat="50.052913624563359" lon="3.4502903044217441">
    <name>52.2</name>
  </wpt>
  <wpt lat="50.053774141721419" lon="3.4499071631280573">
    <name>52.3</name>
  </wpt>
  <wpt lat="50.054643341686884" lon="3.4496061413484895">
    <name>52.4</name>
  </wpt>
  <wpt lat="50.055467423362813" lon="3.4490452897373403">
    <name>52.5</name>
  </wpt>
  <wpt lat="50.056291505038715" lon="3.4484844284935372">
    <name>52.6</name>
  </wpt>
  <wpt lat="50.057106259117404" lon="3.4478920496318683">
    <name>52.7</name>
  </wpt>
  <wpt lat="50.057886763295919" lon="3.4472036875536838">
    <name>52.8</name>
  </wpt>
  <wpt lat="50.058592924054317" lon="3.4463362834596891">
    <name>52.9</name>
  </wpt>
  <wpt lat="50.059298479782449" lon="3.4454677633200488">
    <name>53.0</name>
  </wpt>
  <wpt lat="50.059958198651771" lon="3.444515742825065">
    <name>53.1</name>
  </wpt>
  <wpt lat="50.060724289124835" lon="3.4438014277336459">
    <name>53.2</name>
  </wpt>
  <wpt lat="50.06115015963163" lon="3.4429332940315014">
    <name>53.3</name>
  </wpt>
  <wpt lat="50.061543054326584" lon="3.4416904466477929">
    <name>53.4</name>
  </wpt>
  <wpt lat="50.062115104463551" lon="3.4406098777129239">
    <name>53.5</name>
  </wpt>
  <wpt lat="50.062913057783554" lon="3.4400248763441681">
    <name>53.6</name>
  </wpt>
  <wpt lat="50.063785527598782" lon="3.4402750413763021">
    <name>53.7</name>
  </wpt>
  <wpt lat="50.064628421810873" lon="3.4407629053576634">
    <name>53.8</name>
  </wpt>
  <wpt lat="50.065480305913667" lon="3.4412119094842617">
    <name>53.9</name>
  </wpt>
  <wpt lat="50.066325418665883" lon="3.4416878872558478">
    <name>54.0</name>
  </wpt>
  <wpt lat="50.067126262282081" lon="3.4423253445941153">
    <name>54.1</name>
  </wpt>
  <wpt lat="50.067927105898235" lon="3.4429628125764018">
    <name>54.2</name>
  </wpt>
  <wpt lat="50.068748918410904" lon="3.4435242328793794">
    <name>54.3</name>
  </wpt>
  <wpt lat="50.069618738192304" lon="3.4438778752258785">
    <name>54.4</name>
  </wpt>
  <wpt lat="50.070494309182912" lon="3.4441966113984752">
    <name>54.5</name>
  </wpt>
  <wpt lat="50.071391492636963" lon="3.4442394242120864">
    <name>54.6</name>
  </wpt>
  <wpt lat="50.072284584982334" lon="3.4443789684929946">
    <name>54.7</name>
  </wpt>
  <wpt lat="50.07314464451391" lon="3.4447693539803597">
    <name>54.8</name>
  </wpt>
  <wpt lat="50.073979424034277" lon="3.4452902231855687">
    <name>54.9</name>
  </wpt>
  <wpt lat="50.074867838306176" lon="3.445479999999979">
    <name>55.0</name>
  </wpt>
  <wpt lat="50.075755762894836" lon="3.4452839876117323">
    <name>55.1</name>
  </wpt>
  <wpt lat="50.076637067649287" lon="3.4450068334057686">
    <name>55.2</name>
  </wpt>
  <wpt lat="50.07753554632545" lon="3.4450142929409115">
    <name>55.3</name>
  </wpt>
  <wpt lat="50.078431956312208" lon="3.444943011319638">
    <name>55.4</name>
  </wpt>
  <wpt lat="50.07931824261474" lon="3.4447111859903057">
    <name>55.5</name>
  </wpt>
  <wpt lat="50.080123436712526" lon="3.4440962857528414">
    <name>55.6</name>
  </wpt>
  <wpt lat="50.080959123028656" lon="3.4435855949223892">
    <name>55.7</name>
  </wpt>
  <wpt lat="50.08184807526618" lon="3.4434803863989312">
    <name>55.8</name>
  </wpt>
  <wpt lat="50.082567799273157" lon="3.4438240496899795">
    <name>55.9</name>
  </wpt>
  <wpt lat="50.082615050985723" lon="3.445217515508">
    <name>56.0</name>
  </wpt>
  <wpt lat="50.082797625934305" lon="3.446587167345831">
    <name>56.1</name>
  </wpt>
  <wpt lat="50.083106758213717" lon="3.4479012358210408">
    <name>56.2</name>
  </wpt>
  <wpt lat="50.083888889253416" lon="3.4480400289056186">
    <name>56.3</name>
  </wpt>
  <wpt lat="50.084783540051482" lon="3.4478973698448159">
    <name>56.4</name>
  </wpt>
  <wpt lat="50.085680053369089" lon="3.4477971588883554">
    <name>56.5</name>
  </wpt>
  <wpt lat="50.086576492892227" lon="3.4479089031589707">
    <name>56.6</name>
  </wpt>
  <wpt lat="50.087474805274262" lon="3.4479713171622479">
    <name>56.7</name>
  </wpt>
  <wpt lat="50.088374002633081" lon="3.4479930637680525">
    <name>56.8</name>
  </wpt>
  <wpt lat="50.089273303291478" lon="3.4480026306955733">
    <name>56.9</name>
  </wpt>
  <wpt lat="50.0901718682342" lon="3.4480299399455663">
    <name>57.0</name>
  </wpt>
  <wpt lat="50.091056011969656" lon="3.4482705369211586">
    <name>57.1</name>
  </wpt>
  <wpt lat="50.09194596836273" lon="3.4483658759462976">
    <name>57.2</name>
  </wpt>
  <wpt lat="50.092545772794352" lon="3.4492881115080825">
    <name>57.3</name>
  </wpt>
  <wpt lat="50.093149915014727" lon="3.4503138366984238">
    <name>57.4</name>
  </wpt>
  <wpt lat="50.093703643755887" lon="3.4514129169579091">
    <name>57.5</name>
  </wpt>
  <wpt lat="50.094296489797109" lon="3.4524452999793458">
    <name>57.6</name>
  </wpt>
  <wpt lat="50.094906007694853" lon="3.4534480733144157">
    <name>57.7</name>
  </wpt>
  <wpt lat="50.095202032352418" lon="3.4547714856539056">
    <name>57.8</name>
  </wpt>
  <wpt lat="50.095622285695683" lon="3.4560089998448489">
    <name>57.9</name>
  </wpt>
  <wpt lat="50.095861695757222" lon="3.4573551051437823">
    <name>58.0</name>
  </wpt>
  <wpt lat="50.096029729336514" lon="3.458732310634407">
    <name>58.1</name>
  </wpt>
  <wpt lat="50.09625573664114" lon="3.46008588734442">
    <name>58.2</name>
  </wpt>
  <wpt lat="50.096638210422931" lon="3.4613544399533547">
    <name>58.3</name>
  </wpt>
  <wpt lat="50.096903306277575" lon="3.46269180477923">
    <name>58.4</name>
  </wpt>
  <wpt lat="50.097136047638188" lon="3.4640454113539896">
    <name>58.5</name>
  </wpt>
  <wpt lat="50.097210605598484" lon="3.4654328820991998">
    <name>58.6</name>
  </wpt>
  <wpt lat="50.097757982288805" lon="3.4663190727586359">
    <name>58.7</name>
  </wpt>
  <wpt lat="50.098645920874915" lon="3.4665414261600027">
    <name>58.8</name>
  </wpt>
  <wpt lat="50.099524116017115" lon="3.4668417908824676">
    <name>58.9</name>
  </wpt>
  <wpt lat="50.100401738633344" lon="3.4671427788000693">
    <name>59.0</name>
  </wpt>
  <wpt lat="50.101263177928729" lon="3.4675333048321253">
    <name>59.1</name>
  </wpt>
  <wpt lat="50.102063310787528" lon="3.4681493399149086">
    <name>59.2</name>
  </wpt>
  <wpt lat="50.102883791187168" lon="3.4686499847299213">
    <name>59.3</name>
  </wpt>
  <wpt lat="50.103730936584135" lon="3.4690604150636948">
    <name>59.4</name>
  </wpt>
  <wpt lat="50.1043203830271" lon="3.470080137553798">
    <name>59.5</name>
  </wpt>
  <wpt lat="50.105111444271522" lon="3.4703265083623083">
    <name>59.6</name>
  </wpt>
  <wpt lat="50.105977789812513" lon="3.4701972118782511">
    <name>59.7</name>
  </wpt>
  <wpt lat="50.10681183084025" lon="3.4707206085353084">
    <name>59.8</name>
  </wpt>
  <wpt lat="50.107703182789514" lon="3.4708210000000026">
    <name>59.9</name>
  </wpt>
  <wpt lat="50.108558237127852" lon="3.4711263206576835">
    <name>60.0</name>
  </wpt>
  <wpt lat="50.109314400569936" lon="3.4713515997013831">
    <name>60.1</name>
  </wpt>
  <wpt lat="50.110060994759515" lon="3.4706045782000934">
    <name>60.2</name>
  </wpt>
  <wpt lat="50.110954158530227" lon="3.4706073294339368">
    <name>60.3</name>
  </wpt>
  <wpt lat="50.11180566101801" lon="3.471035999999962">
    <name>60.4</name>
  </wpt>
  <wpt lat="50.112696943816736" lon="3.4708692815232496">
    <name>60.5</name>
  </wpt>
  <wpt lat="50.113586535202948" lon="3.4706635751411166">
    <name>60.6</name>
  </wpt>
  <wpt lat="50.1144225811761" lon="3.4702168400467559">
    <name>60.7</name>
  </wpt>
  <wpt lat="50.115156459828164" lon="3.4694062236091567">
    <name>60.8</name>
  </wpt>
  <wpt lat="50.115925706048387" lon="3.4686861055462574">
    <name>60.9</name>
  </wpt>
  <wpt lat="50.116740185813811" lon="3.4681091203247769">
    <name>61.0</name>
  </wpt>
  <wpt lat="50.117620256450948" lon="3.4678204810831379">
    <name>61.1</name>
  </wpt>
  <wpt lat="50.118401336104135" lon="3.4672034633652884">
    <name>61.2</name>
  </wpt>
  <wpt lat="50.118978999822112" lon="3.4661313578452067">
    <name>61.3</name>
  </wpt>
  <wpt lat="50.119681587332941" lon="3.4652559594380126">
    <name>61.4</name>
  </wpt>
  <wpt lat="50.120374099152265" lon="3.4643613426547488">
    <name>61.5</name>
  </wpt>
  <wpt lat="50.121221311497983" lon="3.4640604919151325">
    <name>61.6</name>
  </wpt>
  <wpt lat="50.122054409156057" lon="3.463672537808443">
    <name>61.7</name>
  </wpt>
  <wpt lat="50.122912302103316" lon="3.4634864318019569">
    <name>61.8</name>
  </wpt>
  <wpt lat="50.1237907553682" lon="3.4631876904948538">
    <name>61.9</name>
  </wpt>
  <wpt lat="50.124680032091163" lon="3.4633688852054378">
    <name>62.0</name>
  </wpt>
  <wpt lat="50.1255621799619" lon="3.4636417118920115">
    <name>62.1</name>
  </wpt>
  <wpt lat="50.126444327832623" lon="3.4639145436070167">
    <name>62.2</name>
  </wpt>
  <wpt lat="50.127326475703342" lon="3.4641873803507583">
    <name>62.3</name>
  </wpt>
  <wpt lat="50.128208581563861" lon="3.4644605489299636">
    <name>62.4</name>
  </wpt>
  <wpt lat="50.1290897963766" lon="3.4647406197327624">
    <name>62.5</name>
  </wpt>
  <wpt lat="50.129974528413882" lon="3.4649219318878468">
    <name>62.6</name>
  </wpt>
  <wpt lat="50.130864695421614" lon="3.4648389870312886">
    <name>62.7</name>
  </wpt>
  <wpt lat="50.131716363894284" lon="3.46528777491803">
    <name>62.8</name>
  </wpt>
  <wpt lat="50.132606809143084" lon="3.4654212758798106">
    <name>62.9</name>
  </wpt>
  <wpt lat="50.133506089981474" lon="3.4654346345161291">
    <name>63.0</name>
  </wpt>
  <wpt lat="50.134404787039685" lon="3.4654331293536886">
    <name>63.1</name>
  </wpt>
  <wpt lat="50.135303809206746" lon="3.4653969263972124">
    <name>63.2</name>
  </wpt>
  <wpt lat="50.136202831373808" lon="3.4653607227604533">
    <name>63.3</name>
  </wpt>
  <wpt lat="50.137101853540869" lon="3.465324518443412">
    <name>63.4</name>
  </wpt>
  <wpt lat="50.138000875707938" lon="3.4652883134459866">
    <name>63.5</name>
  </wpt>
  <wpt lat="50.138880745868533" lon="3.4650131607189127">
    <name>63.6</name>
  </wpt>
  <wpt lat="50.1397553216431" lon="3.4646862648789791">
    <name>63.7</name>
  </wpt>
  <wpt lat="50.140629897417661" lon="3.4643593630626559">
    <name>63.8</name>
  </wpt>
  <wpt lat="50.141522010077217" lon="3.46418619483101">
    <name>63.9</name>
  </wpt>
  <wpt lat="50.142418580030828" lon="3.4642115482555411">
    <name>64.0</name>
  </wpt>
  <wpt lat="50.1433152284194" lon="3.4643196650140795">
    <name>64.1</name>
  </wpt>
  <wpt lat="50.144211783982016" lon="3.4642255590769628">
    <name>64.2</name>
  </wpt>
  <wpt lat="50.145089827346126" lon="3.4639417930736753">
    <name>64.3</name>
  </wpt>
  <wpt lat="50.145903034500236" lon="3.4633456771373017">
    <name>64.4</name>
  </wpt>
  <wpt lat="50.14664705151818" lon="3.4625598319005442">
    <name>64.5</name>
  </wpt>
  <wpt lat="50.147497486631728" lon="3.4622577522879294">
    <name>64.6</name>
  </wpt>
  <wpt lat="50.148392506290342" lon="3.4623899990953215">
    <name>64.7</name>
  </wpt>
  <wpt lat="50.1492917946958" lon="3.4624020583690003">
    <name>64.8</name>
  </wpt>
  <wpt lat="50.15018801984295" lon="3.4624776466946892">
    <name>64.9</name>
  </wpt>
  <wpt lat="50.150868518772413" lon="3.4631567705339497">
    <name>65.0</name>
  </wpt>
  <wpt lat="50.151557765707913" lon="3.4640222059460184">
    <name>65.1</name>
  </wpt>
  <wpt lat="50.152228371862066" lon="3.4648505528004341">
    <name>65.2</name>
  </wpt>
  <wpt lat="50.152734473925037" lon="3.4660072228291017">
    <name>65.3</name>
  </wpt>
  <wpt lat="50.153386859480044" lon="3.466962847836121">
    <name>65.4</name>
  </wpt>
  <wpt lat="50.153831184925437" lon="3.4681764823189059">
    <name>65.5</name>
  </wpt>
  <wpt lat="50.154341364441827" lon="3.4693321950551672">
    <name>65.6</name>
  </wpt>
  <wpt lat="50.154849704630237" lon="3.4704900657737605">
    <name>65.7</name>
  </wpt>
  <wpt lat="50.155354475691432" lon="3.4716517416625816">
    <name>65.8</name>
  </wpt>
  <wpt lat="50.155863007672373" lon="3.4728092345767734">
    <name>65.9</name>
  </wpt>
  <wpt lat="50.156443419338643" lon="3.4738732231903198">
    <name>66.0</name>
  </wpt>
  <wpt lat="50.157083005637048" lon="3.4748480653022042">
    <name>66.1</name>
  </wpt>
  <wpt lat="50.157530388197415" lon="3.4760652498708642">
    <name>66.2</name>
  </wpt>
  <wpt lat="50.157992010900323" lon="3.4772671980063676">
    <name>66.3</name>
  </wpt>
  <wpt lat="50.158636108502911" lon="3.4782452871181304">
    <name>66.4</name>
  </wpt>
  <wpt lat="50.15920593564897" lon="3.4793267069923393">
    <name>66.5</name>
  </wpt>
  <wpt lat="50.159743054045251" lon="3.4804525998475682">
    <name>66.6</name>
  </wpt>
  <wpt lat="50.160269830514125" lon="3.4815892869946654">
    <name>66.7</name>
  </wpt>
  <wpt lat="50.160735591980909" lon="3.4827873752963328">
    <name>66.8</name>
  </wpt>
  <wpt lat="50.161234893365794" lon="3.4839502365201755">
    <name>66.9</name>
  </wpt>
  <wpt lat="50.161624458818871" lon="3.4852155024133151">
    <name>67.0</name>
  </wpt>
  <wpt lat="50.161983993580634" lon="3.4865003874001497">
    <name>67.1</name>
  </wpt>
  <wpt lat="50.162777987317533" lon="3.4861726486750588">
    <name>67.2</name>
  </wpt>
  <wpt lat="50.163641608902111" lon="3.4863847608173697">
    <name>67.3</name>
  </wpt>
  <wpt lat="50.164079992885519" lon="3.4875339340202394">
    <name>67.4</name>
  </wpt>
  <wpt lat="50.164771806126844" lon="3.4883722479602279">
    <name>67.5</name>
  </wpt>
  <wpt lat="50.165624744925445" lon="3.488817296123397">
    <name>67.6</name>
  </wpt>
  <wpt lat="50.166512320188396" lon="3.4889158700766574">
    <name>67.7</name>
  </wpt>
  <wpt lat="50.167348765938939" lon="3.4884074811833932">
    <name>67.8</name>
  </wpt>
  <wpt lat="50.168188059258462" lon="3.4879107185633988">
    <name>67.9</name>
  </wpt>
  <wpt lat="50.169083306364882" lon="3.4878437973177134">
    <name>68.0</name>
  </wpt>
  <wpt lat="50.169953107515212" lon="3.4881777103496927">
    <name>68.1</name>
  </wpt>
  <wpt lat="50.170803037703983" lon="3.4886366210156039">
    <name>68.2</name>
  </wpt>
  <wpt lat="50.171689340686989" lon="3.488829393478849">
    <name>68.3</name>
  </wpt>
  <wpt lat="50.172579780537454" lon="3.4889845833043545">
    <name>68.4</name>
  </wpt>
  <wpt lat="50.173371520015088" lon="3.4896386711271439">
    <name>68.5</name>
  </wpt>
  <wpt lat="50.174132354420912" lon="3.4903861293379292">
    <name>68.6</name>
  </wpt>
  <wpt lat="50.174930965001614" lon="3.4910297510311548">
    <name>68.7</name>
  </wpt>
  <wpt lat="50.1757635028202" lon="3.4915562912854585">
    <name>68.8</name>
  </wpt>
  <wpt lat="50.176645772621391" lon="3.4917983056822166">
    <name>68.9</name>
  </wpt>
  <wpt lat="50.177542751283291" lon="3.491899605277712">
    <name>69.0</name>
  </wpt>
  <wpt lat="50.178392347483751" lon="3.4922789800640954">
    <name>69.1</name>
  </wpt>
  <wpt lat="50.179195800733687" lon="3.49290897585599">
    <name>69.2</name>
  </wpt>
  <wpt lat="50.179747411181971" lon="3.4919205888586777">
    <name>69.3</name>
  </wpt>
  <wpt lat="50.18063625154192" lon="3.4919299519122369">
    <name>69.4</name>
  </wpt>
  <wpt lat="50.181530952563264" lon="3.4918110994145697">
    <name>69.5</name>
  </wpt>
  <wpt lat="50.182414705422765" lon="3.4918717054111319">
    <name>69.6</name>
  </wpt>
  <wpt lat="50.183098242177451" lon="3.4927310269407448">
    <name>69.7</name>
  </wpt>
  <wpt lat="50.183982113075871" lon="3.4929445405533071">
    <name>69.8</name>
  </wpt>
  <wpt lat="50.1844627019791" lon="3.4940170000000177">
    <name>69.9</name>
  </wpt>
  <wpt lat="50.1853500658936" lon="3.4938628775354843">
    <name>70.0</name>
  </wpt>
  <wpt lat="50.186071951056633" lon="3.4946383759643669">
    <name>70.1</name>
  </wpt>
  <wpt lat="50.186598127699241" lon="3.4957698041386975">
    <name>70.2</name>
  </wpt>
  <wpt lat="50.186658210790995" lon="3.4969967214812128">
    <name>70.3</name>
  </wpt>
  <wpt lat="50.18708427249652" lon="3.498185615233989">
    <name>70.4</name>
  </wpt>
  <wpt lat="50.187808743113671" lon="3.4989222366008503">
    <name>70.5</name>
  </wpt>
  <wpt lat="50.188697963878695" lon="3.4987956858895481">
    <name>70.6</name>
  </wpt>
  <wpt lat="50.189596727070438" lon="3.4987493376218346">
    <name>70.7</name>
  </wpt>
  <wpt lat="50.190495129140814" lon="3.4986936771906585">
    <name>70.8</name>
  </wpt>
  <wpt lat="50.191393053804987" lon="3.4987101080056573">
    <name>70.9</name>
  </wpt>
  <wpt lat="50.192251585330048" lon="3.4991159077652902">
    <name>71.0</name>
  </wpt>
  <wpt lat="50.193089356999089" lon="3.4996248361765026">
    <name>71.1</name>
  </wpt>
  <wpt lat="50.193865496884975" lon="3.5003311446452119">
    <name>71.2</name>
  </wpt>
  <wpt lat="50.194365829956908" lon="3.5011959936334276">
    <name>71.3</name>
  </wpt>
  <wpt lat="50.1949582250124" lon="3.5018842249701541">
    <name>71.4</name>
  </wpt>
  <wpt lat="50.195630696836886" lon="3.5028159315373912">
    <name>71.5</name>
  </wpt>
  <wpt lat="50.196317021686539" lon="3.5037225673407244">
    <name>71.6</name>
  </wpt>
  <wpt lat="50.197060988113776" lon="3.5045101731002966">
    <name>71.7</name>
  </wpt>
  <wpt lat="50.197814988619449" lon="3.5052758849366743">
    <name>71.8</name>
  </wpt>
  <wpt lat="50.198572093916638" lon="3.5060340902072253">
    <name>71.9</name>
  </wpt>
  <wpt lat="50.199256159976827" lon="3.5069299283322395">
    <name>72.0</name>
  </wpt>
  <wpt lat="50.199839972837125" lon="3.507998583143157">
    <name>72.1</name>
  </wpt>
  <wpt lat="50.200467832314281" lon="3.5090026573221405">
    <name>72.2</name>
  </wpt>
  <wpt lat="50.201149372866489" lon="3.50991379024242">
    <name>72.3</name>
  </wpt>
  <wpt lat="50.201919029600731" lon="3.5106405105274949">
    <name>72.4</name>
  </wpt>
  <wpt lat="50.2026764949514" lon="3.5113938930287363">
    <name>72.5</name>
  </wpt>
  <wpt lat="50.203370957825712" lon="3.5122866127700072">
    <name>72.6</name>
  </wpt>
  <wpt lat="50.204061347456779" lon="3.5131868311576766">
    <name>72.7</name>
  </wpt>
  <wpt lat="50.20473703249575" lon="3.514114084101772">
    <name>72.8</name>
  </wpt>
  <wpt lat="50.205412717534635" lon="3.5150413501729583">
    <name>72.9</name>
  </wpt>
  <wpt lat="50.206087177151254" lon="3.5159673584580204">
    <name>73.0</name>
  </wpt>
  <wpt lat="50.20674492224974" lon="3.5169253270670877">
    <name>73.1</name>
  </wpt>
  <wpt lat="50.207428798142168" lon="3.5178353675628107">
    <name>73.2</name>
  </wpt>
  <wpt lat="50.208143826769032" lon="3.518687495696021">
    <name>73.3</name>
  </wpt>
  <wpt lat="50.208932015934515" lon="3.5193622916434868">
    <name>73.4</name>
  </wpt>
  <wpt lat="50.209694160503844" lon="3.5201064674615883">
    <name>73.5</name>
  </wpt>
  <wpt lat="50.210518337246718" lon="3.5206261579236151">
    <name>73.6</name>
  </wpt>
  <wpt lat="50.2109024098779" lon="3.5218676385327004">
    <name>73.7</name>
  </wpt>
  <wpt lat="50.2112890830636" lon="3.5231211351812934">
    <name>73.8</name>
  </wpt>
  <wpt lat="50.212031213847546" lon="3.5239018123234516">
    <name>73.9</name>
  </wpt>
  <wpt lat="50.212874256570373" lon="3.5242299999999678">
    <name>74.0</name>
  </wpt>
  <wpt lat="50.213526305994726" lon="3.5250773061001284">
    <name>74.1</name>
  </wpt>
  <wpt lat="50.214197170704914" lon="3.5260123482790235">
    <name>74.2</name>
  </wpt>
  <wpt lat="50.214908596119329" lon="3.5268703695840409">
    <name>74.3</name>
  </wpt>
  <wpt lat="50.215581153035544" lon="3.5277993060522159">
    <name>74.4</name>
  </wpt>
  <wpt lat="50.21626575316494" lon="3.5287101237004457">
    <name>74.5</name>
  </wpt>
  <wpt lat="50.216998402293392" lon="3.5295212276617107">
    <name>74.6</name>
  </wpt>
  <wpt lat="50.217633927303488" lon="3.5305153815973123">
    <name>74.7</name>
  </wpt>
  <wpt lat="50.218282186406149" lon="3.5314895069696215">
    <name>74.8</name>
  </wpt>
  <wpt lat="50.218930934967027" lon="3.5324628757657304">
    <name>74.9</name>
  </wpt>
  <wpt lat="50.219637112823172" lon="3.5333282098112315">
    <name>75.0</name>
  </wpt>
  <wpt lat="50.220429902916429" lon="3.5339910299640453">
    <name>75.1</name>
  </wpt>
  <wpt lat="50.221232680690171" lon="3.5346245931021003">
    <name>75.2</name>
  </wpt>
  <wpt lat="50.222032439957744" lon="3.5352664396665894">
    <name>75.3</name>
  </wpt>
  <wpt lat="50.222753884169741" lon="3.5361026875799344">
    <name>75.4</name>
  </wpt>
  <wpt lat="50.223433000921069" lon="3.5370239403580577">
    <name>75.5</name>
  </wpt>
  <wpt lat="50.224098360411865" lon="3.5379696277133239">
    <name>75.6</name>
  </wpt>
  <wpt lat="50.224801347766714" lon="3.5388452989548087">
    <name>75.7</name>
  </wpt>
  <wpt lat="50.22544840359641" lon="3.5398138851431082">
    <name>75.8</name>
  </wpt>
  <wpt lat="50.225906579639165" lon="3.541016486513044">
    <name>75.9</name>
  </wpt>
  <wpt lat="50.226576591825072" lon="3.5419485739470731">
    <name>76.0</name>
  </wpt>
  <wpt lat="50.227354447449244" lon="3.5425365670233204">
    <name>76.1</name>
  </wpt>
  <wpt lat="50.227962061623735" lon="3.543568838299505">
    <name>76.2</name>
  </wpt>
  <wpt lat="50.228386010376596" lon="3.5447739681990131">
    <name>76.3</name>
  </wpt>
  <wpt lat="50.228756767102418" lon="3.5460462267730621">
    <name>76.4</name>
  </wpt>
  <wpt lat="50.229061469798886" lon="3.5473584093655992">
    <name>76.5</name>
  </wpt>
  <wpt lat="50.229717427072174" lon="3.5483116620915354">
    <name>76.6</name>
  </wpt>
  <wpt lat="50.230590233572755" lon="3.5482964870568243">
    <name>76.7</name>
  </wpt>
  <wpt lat="50.2314083357632" lon="3.5477460705645765">
    <name>76.8</name>
  </wpt>
  <wpt lat="50.232241095748819" lon="3.547243159855439">
    <name>76.9</name>
  </wpt>
  <wpt lat="50.233039777433255" lon="3.546629148489576">
    <name>77.0</name>
  </wpt>
  <wpt lat="50.233934954329655" lon="3.5465738963165365">
    <name>77.1</name>
  </wpt>
  <wpt lat="50.234828486183375" lon="3.5467330753329551">
    <name>77.2</name>
  </wpt>
  <wpt lat="50.235693223631934" lon="3.5470879112950118">
    <name>77.3</name>
  </wpt>
  <wpt lat="50.23659053610924" lon="3.5471809841875608">
    <name>77.4</name>
  </wpt>
  <wpt lat="50.237488866506666" lon="3.5472417739161668">
    <name>77.5</name>
  </wpt>
  <wpt lat="50.238337727475937" lon="3.5476942464548458">
    <name>77.6</name>
  </wpt>
  <wpt lat="50.239165124626687" lon="3.5482343807099754">
    <name>77.7</name>
  </wpt>
  <wpt lat="50.23918372098256" lon="3.5495363142539982">
    <name>77.8</name>
  </wpt>
  <wpt lat="50.239075973999668" lon="3.5509322881107788">
    <name>77.9</name>
  </wpt>
  <wpt lat="50.238968227016812" lon="3.5523282588123468">
    <name>78.0</name>
  </wpt>
  <wpt lat="50.238860480033985" lon="3.5537242263587032">
    <name>78.1</name>
  </wpt>
  <wpt lat="50.238742001657847" lon="3.5551179576733474">
    <name>78.2</name>
  </wpt>
  <wpt lat="50.238612321043519" lon="3.5565093511268198">
    <name>78.3</name>
  </wpt>
  <wpt lat="50.238430930513445" lon="3.5578852089191266">
    <name>78.4</name>
  </wpt>
  <wpt lat="50.238174281335027" lon="3.559231844904041">
    <name>78.5</name>
  </wpt>
  <wpt lat="50.237924766832819" lon="3.5605807760440813">
    <name>78.6</name>
  </wpt>
  <wpt lat="50.23771219260906" lon="3.5619425769645039">
    <name>78.7</name>
  </wpt>
  <wpt lat="50.237561325366421" lon="3.5633170786814712">
    <name>78.8</name>
  </wpt>
  <wpt lat="50.237026712629344" lon="3.5644349764155887">
    <name>78.9</name>
  </wpt>
  <wpt lat="50.236436387074242" lon="3.5654956900502484">
    <name>79.0</name>
  </wpt>
  <wpt lat="50.235972000055291" lon="3.5666512134236119">
    <name>79.1</name>
  </wpt>
  <wpt lat="50.2361228622986" lon="3.56803598524864">
    <name>79.2</name>
  </wpt>
  <wpt lat="50.236324009929447" lon="3.5694061011750975">
    <name>79.3</name>
  </wpt>
  <wpt lat="50.236511173730619" lon="3.570779782140006">
    <name>79.4</name>
  </wpt>
  <wpt lat="50.236601244882138" lon="3.5721761402081991">
    <name>79.5</name>
  </wpt>
  <wpt lat="50.23662211997447" lon="3.573581730700143">
    <name>79.6</name>
  </wpt>
  <wpt lat="50.236659000413546" lon="3.574986469728795">
    <name>79.7</name>
  </wpt>
  <wpt lat="50.236665522366131" lon="3.5763924091085548">
    <name>79.8</name>
  </wpt>
  <wpt lat="50.236681926299966" lon="3.5777981930677876">
    <name>79.9</name>
  </wpt>
  <wpt lat="50.23672233323969" lon="3.5792028036345998">
    <name>80.0</name>
  </wpt>
  <wpt lat="50.236647360718763" lon="3.5805921176775524">
    <name>80.1</name>
  </wpt>
  <wpt lat="50.236415980596945" lon="3.5819505120024426">
    <name>80.2</name>
  </wpt>
  <wpt lat="50.236314369805584" lon="3.5833473085086229">
    <name>80.3</name>
  </wpt>
  <wpt lat="50.236273001593972" lon="3.5847498430405778">
    <name>80.4</name>
  </wpt>
  <wpt lat="50.236233680137069" lon="3.5861538564845579">
    <name>80.5</name>
  </wpt>
  <wpt lat="50.236110339190304" lon="3.5875456804784713">
    <name>80.6</name>
  </wpt>
  <wpt lat="50.235849876832042" lon="3.5888747325271422">
    <name>80.7</name>
  </wpt>
  <wpt lat="50.235823467043765" lon="3.5900910230587764">
    <name>80.8</name>
  </wpt>
  <wpt lat="50.236468457447039" lon="3.5909508297524395">
    <name>80.9</name>
  </wpt>
  <wpt lat="50.236532905252076" lon="3.5923244465968569">
    <name>81.0</name>
  </wpt>
  <wpt lat="50.237344979645094" lon="3.5921834111421478">
    <name>81.1</name>
  </wpt>
  <wpt lat="50.238200961965" lon="3.5917613515486395">
    <name>81.2</name>
  </wpt>
  <wpt lat="50.239051210204927" lon="3.5913061939049888">
    <name>81.3</name>
  </wpt>
  <wpt lat="50.239811819839417" lon="3.5915859763023152">
    <name>81.4</name>
  </wpt>
  <wpt lat="50.240589885094053" lon="3.5922787046521751">
    <name>81.5</name>
  </wpt>
  <wpt lat="50.241170021428822" lon="3.5932125567978859">
    <name>81.6</name>
  </wpt>
  <wpt lat="50.24175919776301" lon="3.5942645244484255">
    <name>81.7</name>
  </wpt>
  <wpt lat="50.242417618759504" lon="3.5952196187423913">
    <name>81.8</name>
  </wpt>
  <wpt lat="50.243292510305167" lon="3.5950832678129867">
    <name>81.9</name>
  </wpt>
  <wpt lat="50.244083512145231" lon="3.5944141815366253">
    <name>82.0</name>
  </wpt>
  <wpt lat="50.244890250870689" lon="3.59379442217718">
    <name>82.1</name>
  </wpt>
  <wpt lat="50.245720491880384" lon="3.5932553956016671">
    <name>82.2</name>
  </wpt>
  <wpt lat="50.246604947234353" lon="3.5930037651463165">
    <name>82.3</name>
  </wpt>
  <wpt lat="50.2474797669533" lon="3.5926886911858009">
    <name>82.4</name>
  </wpt>
  <wpt lat="50.248341141805341" lon="3.5922844771447817">
    <name>82.5</name>
  </wpt>
  <wpt lat="50.249202516657363" lon="3.5918802557973413">
    <name>82.6</name>
  </wpt>
  <wpt lat="50.250068329566417" lon="3.5915003975980957">
    <name>82.7</name>
  </wpt>
  <wpt lat="50.250935395301177" lon="3.5911280028206818">
    <name>82.8</name>
  </wpt>
  <wpt lat="50.251763204864353" lon="3.590582319053238">
    <name>82.9</name>
  </wpt>
  <wpt lat="50.252578137681134" lon="3.589987478349526">
    <name>83.0</name>
  </wpt>
  <wpt lat="50.253378321512542" lon="3.5893457398138744">
    <name>83.1</name>
  </wpt>
  <wpt lat="50.254217607790281" lon="3.588850347098882">
    <name>83.2</name>
  </wpt>
  <wpt lat="50.255096359735077" lon="3.5885558763198016">
    <name>83.3</name>
  </wpt>
  <wpt lat="50.255962519965607" lon="3.5888450899372506">
    <name>83.4</name>
  </wpt>
  <wpt lat="50.256786922208867" lon="3.5894050176546677">
    <name>83.5</name>
  </wpt>
  <wpt lat="50.257673621377634" lon="3.5895800144188525">
    <name>83.6</name>
  </wpt>
  <wpt lat="50.25831891239477" lon="3.5895553596116558">
    <name>83.7</name>
  </wpt>
  <wpt lat="50.258567769620889" lon="3.588206930176586">
    <name>83.8</name>
  </wpt>
  <wpt lat="50.258717599867538" lon="3.5868203529338647">
    <name>83.9</name>
  </wpt>
  <wpt lat="50.258671064824796" lon="3.5854378540637928">
    <name>84.0</name>
  </wpt>
  <wpt lat="50.258599993452819" lon="3.5840604755255487">
    <name>84.1</name>
  </wpt>
  <wpt lat="50.259461319143881" lon="3.583993570444918">
    <name>84.2</name>
  </wpt>
  <wpt lat="50.260325014756681" lon="3.5836647735481653">
    <name>84.3</name>
  </wpt>
  <wpt lat="50.261131493965443" lon="3.5830422783537483">
    <name>84.4</name>
  </wpt>
  <wpt lat="50.261879928966259" lon="3.5822724066347891">
    <name>84.5</name>
  </wpt>
  <wpt lat="50.262563418427931" lon="3.5813591472733055">
    <name>84.6</name>
  </wpt>
  <wpt lat="50.263253463487715" lon="3.5804624667977727">
    <name>84.7</name>
  </wpt>
  <wpt lat="50.264047796849695" lon="3.5798029930099458">
    <name>84.8</name>
  </wpt>
  <wpt lat="50.264842774468093" lon="3.5791452422874648">
    <name>84.9</name>
  </wpt>
  <wpt lat="50.26563137503237" lon="3.5784690379080475">
    <name>85.0</name>
  </wpt>
  <wpt lat="50.266377876459579" lon="3.5776878108383161">
    <name>85.1</name>
  </wpt>
  <wpt lat="50.267088539548745" lon="3.5768259072534994">
    <name>85.2</name>
  </wpt>
  <wpt lat="50.2677914818462" lon="3.5759483682322442">
    <name>85.3</name>
  </wpt>
  <wpt lat="50.268483936249019" lon="3.5750518674462448">
    <name>85.4</name>
  </wpt>
  <wpt lat="50.269170009968995" lon="3.5741500847537973">
    <name>85.5</name>
  </wpt>
  <wpt lat="50.269861853537179" lon="3.5732620536247164">
    <name>85.6</name>
  </wpt>
  <wpt lat="50.270468256157486" lon="3.572224608716307">
    <name>85.7</name>
  </wpt>
  <wpt lat="50.271109972412582" lon="3.5712519148878434">
    <name>85.8</name>
  </wpt>
  <wpt lat="50.2718333686554" lon="3.5704159608966304">
    <name>85.9</name>
  </wpt>
  <wpt lat="50.272549567028136" lon="3.5695654311608953">
    <name>86.0</name>
  </wpt>
  <wpt lat="50.273248627945996" lon="3.5686802179762909">
    <name>86.1</name>
  </wpt>
  <wpt lat="50.273949301560478" lon="3.5677981299467034">
    <name>86.2</name>
  </wpt>
  <wpt lat="50.274653316923427" lon="3.5669226135629146">
    <name>86.3</name>
  </wpt>
  <wpt lat="50.275368601243542" lon="3.5660696801949867">
    <name>86.4</name>
  </wpt>
  <wpt lat="50.276083885563558" lon="3.5652167340124259">
    <name>86.5</name>
  </wpt>
  <wpt lat="50.276875916422718" lon="3.5645633742436402">
    <name>86.6</name>
  </wpt>
  <wpt lat="50.277718375496427" lon="3.5640732852177734">
    <name>86.7</name>
  </wpt>
  <wpt lat="50.278564321275518" lon="3.5635985435620983">
    <name>86.8</name>
  </wpt>
  <wpt lat="50.279186321586735" lon="3.5627199486977541">
    <name>86.9</name>
  </wpt>
  <wpt lat="50.279985433175909" lon="3.5633587885299134">
    <name>87.0</name>
  </wpt>
  <wpt lat="50.28088234278092" lon="3.5633470000000105">
    <name>87.1</name>
  </wpt>
  <wpt lat="50.281732162948771" lon="3.5637749235087011">
    <name>87.2</name>
  </wpt>
  <wpt lat="50.282575063439765" lon="3.56418873631037">
    <name>87.3</name>
  </wpt>
  <wpt lat="50.283317336043858" lon="3.564663915642023">
    <name>87.4</name>
  </wpt>
  <wpt lat="50.283729166764942" lon="3.5655886619880222">
    <name>87.5</name>
  </wpt>
  <wpt lat="50.283249279889276" lon="3.5667789469171463">
    <name>87.6</name>
  </wpt>
  <wpt lat="50.282790067312071" lon="3.567988908829725">
    <name>87.7</name>
  </wpt>
  <wpt lat="50.283037106344892" lon="3.5690447764951423">
    <name>87.8</name>
  </wpt>
  <wpt lat="50.283767727566023" lon="3.5698608670101355">
    <name>87.9</name>
  </wpt>
  <wpt lat="50.284658242114595" lon="3.5700021797063162">
    <name>88.0</name>
  </wpt>
  <wpt lat="50.285481162172452" lon="3.570562535108087">
    <name>88.1</name>
  </wpt>
  <wpt lat="50.2863179909876" lon="3.5710567264125674">
    <name>88.2</name>
  </wpt>
  <wpt lat="50.287195324108076" lon="3.5713660658315671">
    <name>88.3</name>
  </wpt>
  <wpt lat="50.288084590771405" lon="3.5715345365286764">
    <name>88.4</name>
  </wpt>
  <wpt lat="50.288983355910979" lon="3.5715840447219427">
    <name>88.5</name>
  </wpt>
  <wpt lat="50.289774845683674" lon="3.5721689106359125">
    <name>88.6</name>
  </wpt>
  <wpt lat="50.289767000045707" lon="3.5735523609441349">
    <name>88.7</name>
  </wpt>
  <wpt lat="50.290463184542205" lon="3.5742169921251397">
    <name>88.8</name>
  </wpt>
  <wpt lat="50.2912061262206" lon="3.5748100440926334">
    <name>88.9</name>
  </wpt>
  <wpt lat="50.29142661576283" lon="3.5761398332901684">
    <name>89.0</name>
  </wpt>
  <wpt lat="50.291137367434132" lon="3.5774721992106686">
    <name>89.1</name>
  </wpt>
  <wpt lat="50.291111058369381" lon="3.5787580899182054">
    <name>89.2</name>
  </wpt>
  <wpt lat="50.291994351204359" lon="3.5790042276472209">
    <name>89.3</name>
  </wpt>
  <wpt lat="50.29265327812584" lon="3.5787497343111943">
    <name>89.4</name>
  </wpt>
  <wpt lat="50.292783510195612" lon="3.5773595733791477">
    <name>89.5</name>
  </wpt>
  <wpt lat="50.29315060949228" lon="3.5760778944181992">
    <name>89.6</name>
  </wpt>
  <wpt lat="50.293880309266044" lon="3.5757589092674058">
    <name>89.7</name>
  </wpt>
  <wpt lat="50.294720204588536" lon="3.5758367222943037">
    <name>89.8</name>
  </wpt>
  <wpt lat="50.295492489639223" lon="3.5765535873124388">
    <name>89.9</name>
  </wpt>
  <wpt lat="50.296327537638781" lon="3.5770463485321589">
    <name>90.0</name>
  </wpt>
  <wpt lat="50.297136809549251" lon="3.5776474863984769">
    <name>90.1</name>
  </wpt>
  <wpt lat="50.297843618483647" lon="3.5785167945479688">
    <name>90.2</name>
  </wpt>
  <wpt lat="50.298540450270423" lon="3.5794067454948668">
    <name>90.3</name>
  </wpt>
  <wpt lat="50.299235474492505" lon="3.5803001939195349">
    <name>90.4</name>
  </wpt>
  <wpt lat="50.299942774173672" lon="3.581169553855887">
    <name>90.5</name>
  </wpt>
  <wpt lat="50.300490358581378" lon="3.5822568222481364">
    <name>90.6</name>
  </wpt>
  <wpt lat="50.300941913911785" lon="3.5834723392085177">
    <name>90.7</name>
  </wpt>
  <wpt lat="50.30144755481151" lon="3.58463665909041">
    <name>90.8</name>
  </wpt>
  <wpt lat="50.301953195711121" lon="3.5858009913496982">
    <name>90.9</name>
  </wpt>
  <wpt lat="50.302485106045346" lon="3.5869356940826758">
    <name>91.0</name>
  </wpt>
  <wpt lat="50.303097097908328" lon="3.5879664963968314">
    <name>91.1</name>
  </wpt>
  <wpt lat="50.303695427765774" lon="3.5883181447157937">
    <name>91.2</name>
  </wpt>
  <wpt lat="50.304254741176095" lon="3.5872155632949978">
    <name>91.3</name>
  </wpt>
  <wpt lat="50.30484175603511" lon="3.5861494853250062">
    <name>91.4</name>
  </wpt>
  <wpt lat="50.305445864176427" lon="3.5851071046237069">
    <name>91.5</name>
  </wpt>
  <wpt lat="50.306072545062186" lon="3.584100500760075">
    <name>91.6</name>
  </wpt>
  <wpt lat="50.306645293039089" lon="3.5830149019772581">
    <name>91.7</name>
  </wpt>
  <wpt lat="50.307219250255827" lon="3.5819308581540885">
    <name>91.8</name>
  </wpt>
  <wpt lat="50.307837002748052" lon="3.580913477917274">
    <name>91.9</name>
  </wpt>
  <wpt lat="50.308618377475376" lon="3.5802206345468526">
    <name>92.0</name>
  </wpt>
  <wpt lat="50.309418948912075" lon="3.5795793056809941">
    <name>92.1</name>
  </wpt>
  <wpt lat="50.310202731588205" lon="3.5788888016091511">
    <name>92.2</name>
  </wpt>
  <wpt lat="50.310968994724135" lon="3.5781570849994804">
    <name>92.3</name>
  </wpt>
  <wpt lat="50.311623339408634" lon="3.5771917626460152">
    <name>92.4</name>
  </wpt>
  <wpt lat="50.312261233653793" lon="3.5762069369967948">
    <name>92.5</name>
  </wpt>
  <wpt lat="50.313072410276654" lon="3.5755991040708111">
    <name>92.6</name>
  </wpt>
  <wpt lat="50.313851449092866" lon="3.574904154156227">
    <name>92.7</name>
  </wpt>
  <wpt lat="50.314546727404348" lon="3.574312114008976">
    <name>92.8</name>
  </wpt>
  <wpt lat="50.315378990095141" lon="3.5747539900227787">
    <name>92.9</name>
  </wpt>
  <wpt lat="50.31625939644281" lon="3.5747072203143695">
    <name>93.0</name>
  </wpt>
  <wpt lat="50.317152714380207" lon="3.5746138747750047">
    <name>93.1</name>
  </wpt>
  <wpt lat="50.318041056100341" lon="3.5748332170088721">
    <name>93.2</name>
  </wpt>
  <wpt lat="50.318932493844684" lon="3.5748814623407656">
    <name>93.3</name>
  </wpt>
  <wpt lat="50.319806342961471" lon="3.5745556483950556">
    <name>93.4</name>
  </wpt>
  <wpt lat="50.32069279011435" lon="3.5745937388494173">
    <name>93.5</name>
  </wpt>
  <wpt lat="50.321531057280332" lon="3.5750630000000267">
    <name>93.6</name>
  </wpt>
  <wpt lat="50.322430378886246" lon="3.5750630000000267">
    <name>93.7</name>
  </wpt>
  <wpt lat="50.323328536325981" lon="3.5750064373294541">
    <name>93.8</name>
  </wpt>
  <wpt lat="50.324218183746076" lon="3.5748035731848233">
    <name>93.9</name>
  </wpt>
  <wpt lat="50.325110341884447" lon="3.57463497410923">
    <name>94.0</name>
  </wpt>
  <wpt lat="50.326008127308427" lon="3.5745689999999564">
    <name>94.1</name>
  </wpt>
  <wpt lat="50.326837815724943" lon="3.5749986697824752">
    <name>94.2</name>
  </wpt>
  <wpt lat="50.327699077922745" lon="3.5753902873539265">
    <name>94.3</name>
  </wpt>
  <wpt lat="50.328577802678552" lon="3.5752571657317631">
    <name>94.4</name>
  </wpt>
  <wpt lat="50.329469456433472" lon="3.5750839999999826">
    <name>94.5</name>
  </wpt>
  <wpt lat="50.330368425078376" lon="3.5751024546297105">
    <name>94.6</name>
  </wpt>
  <wpt lat="50.331266133546173" lon="3.5751867981917274">
    <name>94.7</name>
  </wpt>
  <wpt lat="50.334221734908745" lon="3.5889730192650173">
    <name>96.40</name>
  </wpt>
  <wpt lat="50.334107627973239" lon="3.5891647945140428">
    <name>96.4</name>
  </wpt>
  <wpt lat="50.333890527790444" lon="3.5902318942009419">
    <name>96.5</name>
  </wpt>
  <wpt lat="50.3336047035201" lon="3.5915431057092717">
    <name>96.6</name>
  </wpt>
  <wpt lat="50.333256402743615" lon="3.5928420423317289">
    <name>96.7</name>
  </wpt>
  <wpt lat="50.332908101967206" lon="3.5941409694319617">
    <name>96.8</name>
  </wpt>
  <wpt lat="50.33254496005263" lon="3.5954296418560836">
    <name>96.9</name>
  </wpt>
  <wpt lat="50.332188115284978" lon="3.5967228452354041">
    <name>97.0</name>
  </wpt>
  <wpt lat="50.331831270517412" lon="3.5980160389022777">
    <name>97.1</name>
  </wpt>
  <wpt lat="50.331328638210188" lon="3.5991647092885604">
    <name>97.2</name>
  </wpt>
  <wpt lat="50.330759821425168" lon="3.6002446798693923">
    <name>97.3</name>
  </wpt>
  <wpt lat="50.330340187853054" lon="3.6014897427148238">
    <name>97.4</name>
  </wpt>
  <wpt lat="50.330108216590332" lon="3.6028433693478408">
    <name>97.5</name>
  </wpt>
  <wpt lat="50.329965420403006" lon="3.6042329134357844">
    <name>97.6</name>
  </wpt>
  <wpt lat="50.329589013248331" lon="3.60549009186832">
    <name>97.7</name>
  </wpt>
  <wpt lat="50.328989555048047" lon="3.6065399486367262">
    <name>97.8</name>
  </wpt>
  <wpt lat="50.328640145909731" lon="3.6076855086383866">
    <name>97.9</name>
  </wpt>
  <wpt lat="50.3283841694745" lon="3.6090359833665482">
    <name>98.0</name>
  </wpt>
  <wpt lat="50.328133000004243" lon="3.6103873266655175">
    <name>98.1</name>
  </wpt>
  <wpt lat="50.328552864381741" lon="3.6115943158954105">
    <name>98.2</name>
  </wpt>
  <wpt lat="50.329083588178385" lon="3.612731606549247">
    <name>98.3</name>
  </wpt>
  <wpt lat="50.329614526173991" lon="3.6138686646459126">
    <name>98.4</name>
  </wpt>
  <wpt lat="50.330087630761376" lon="3.6150578517544272">
    <name>98.5</name>
  </wpt>
  <wpt lat="50.330347307361386" lon="3.6164058220467608">
    <name>98.6</name>
  </wpt>
  <wpt lat="50.330592893047196" lon="3.6177610790181638">
    <name>98.7</name>
  </wpt>
  <wpt lat="50.33084794944503" lon="3.61911116983017">
    <name>98.8</name>
  </wpt>
  <wpt lat="50.331295167232746" lon="3.6203268076763613">
    <name>98.9</name>
  </wpt>
  <wpt lat="50.331883604848016" lon="3.6213922036468822">
    <name>99.0</name>
  </wpt>
  <wpt lat="50.332472042463174" lon="3.6224576128120747">
    <name>99.1</name>
  </wpt>
  <wpt lat="50.333060480078245" lon="3.6235230351722434">
    <name>99.2</name>
  </wpt>
  <wpt lat="50.33364874310967" lon="3.6245886908721521">
    <name>99.3</name>
  </wpt>
  <wpt lat="50.33414510669278" lon="3.6257633228021713">
    <name>99.4</name>
  </wpt>
  <wpt lat="50.334628198739374" lon="3.6269516955347996">
    <name>99.5</name>
  </wpt>
  <wpt lat="50.335106644408235" lon="3.62814469566193">
    <name>99.6</name>
  </wpt>
  <wpt lat="50.335585090076989" lon="3.6293377078036184">
    <name>99.7</name>
  </wpt>
  <wpt lat="50.33606353574563" lon="3.63053073196017">
    <name>99.8</name>
  </wpt>
  <wpt lat="50.336623139203375" lon="3.6316328490029854">
    <name>99.9</name>
  </wpt>
  <wpt lat="50.337222798679093" lon="3.6326812620769107">
    <name>100.0</name>
  </wpt>
  <wpt lat="50.337828715425815" lon="3.6337218657455179">
    <name>100.1</name>
  </wpt>
  <wpt lat="50.338458770897425" lon="3.6347267047443936">
    <name>100.2</name>
  </wpt>
  <wpt lat="50.338936512592461" lon="3.635920441402495">
    <name>100.3</name>
  </wpt>
  <wpt lat="50.339334000002523" lon="3.6371718815258047">
    <name>100.4</name>
  </wpt>
  <wpt lat="50.339801668634031" lon="3.6381016614578452">
    <name>100.5</name>
  </wpt>
  <wpt lat="50.340489542614385" lon="3.6390035246837695">
    <name>100.6</name>
  </wpt>
  <wpt lat="50.34026065580813" lon="3.6400967103263051">
    <name>100.7</name>
  </wpt>
  <wpt lat="50.340453478464745" lon="3.6414566871187222">
    <name>100.8</name>
  </wpt>
  <wpt lat="50.340686000028178" lon="3.6428108108337605">
    <name>100.9</name>
  </wpt>
  <wpt lat="50.340717364374704" lon="3.6442141547090992">
    <name>101.0</name>
  </wpt>
  <wpt lat="50.341481657025909" lon="3.6448075867203089">
    <name>101.1</name>
  </wpt>
  <wpt lat="50.342379253213238" lon="3.6448936840010941">
    <name>101.2</name>
  </wpt>
  <wpt lat="50.343218371689368" lon="3.6445917997762125">
    <name>101.3</name>
  </wpt>
  <wpt lat="50.343957587033216" lon="3.6445315870070449">
    <name>101.4</name>
  </wpt>
  <wpt lat="50.344104288867307" lon="3.6434036153119642">
    <name>101.5</name>
  </wpt>
  <wpt lat="50.344076037416265" lon="3.6420108503361397">
    <name>101.6</name>
  </wpt>
  <wpt lat="50.344354015385626" lon="3.6406782698971494">
    <name>101.7</name>
  </wpt>
  <wpt lat="50.34453119515409" lon="3.6393837013577057">
    <name>101.8</name>
  </wpt>
  <wpt lat="50.345394382397565" lon="3.6389998073116088">
    <name>101.9</name>
  </wpt>
  <wpt lat="50.346276074831884" lon="3.6387221395794946">
    <name>102.0</name>
  </wpt>
  <wpt lat="50.34715892320672" lon="3.6384536627312554">
    <name>102.1</name>
  </wpt>
  <wpt lat="50.348041950231739" lon="3.6381866021081914">
    <name>102.2</name>
  </wpt>
  <wpt lat="50.34893459141594" lon="3.6380303479545897">
    <name>102.3</name>
  </wpt>
  <wpt lat="50.349832944671419" lon="3.6380295885603666">
    <name>102.4</name>
  </wpt>
  <wpt lat="50.3507281463293" lon="3.6381585062086064">
    <name>102.5</name>
  </wpt>
  <wpt lat="50.3516080198398" lon="3.6384417880632807">
    <name>102.6</name>
  </wpt>
  <wpt lat="50.35247041827801" lon="3.6388405442173033">
    <name>102.7</name>
  </wpt>
  <wpt lat="50.353312440514323" lon="3.6393355806412679">
    <name>102.8</name>
  </wpt>
  <wpt lat="50.354153534606532" lon="3.6398345095198552">
    <name>102.9</name>
  </wpt>
  <wpt lat="50.3549946286987" lon="3.6403334472377384">
    <name>103.0</name>
  </wpt>
  <wpt lat="50.355835384859482" lon="3.6408337893953404">
    <name>103.1</name>
  </wpt>
  <wpt lat="50.356675889162474" lon="3.641335180413467">
    <name>103.2</name>
  </wpt>
  <wpt lat="50.357516393465431" lon="3.6418365803090564">
    <name>103.3</name>
  </wpt>
  <wpt lat="50.358374812500642" lon="3.6422469411974285">
    <name>103.4</name>
  </wpt>
  <wpt lat="50.359232536510696" lon="3.642654527471064">
    <name>103.5</name>
  </wpt>
  <wpt lat="50.359975036922876" lon="3.6434416261764313">
    <name>103.6</name>
  </wpt>
  <wpt lat="50.360603077192827" lon="3.6444500636152823">
    <name>103.7</name>
  </wpt>
  <wpt lat="50.361231211038657" lon="3.645458875500887">
    <name>103.8</name>
  </wpt>
  <wpt lat="50.361933411729368" lon="3.6463146553874966">
    <name>103.9</name>
  </wpt>
  <wpt lat="50.362770500685372" lon="3.6468299578679417">
    <name>104.0</name>
  </wpt>
  <wpt lat="50.36364315452613" lon="3.6471497101377879">
    <name>104.1</name>
  </wpt>
  <wpt lat="50.364539748476084" lon="3.6470936503530109">
    <name>104.2</name>
  </wpt>
  <wpt lat="50.365433297354663" lon="3.6470529999999521">
    <name>104.3</name>
  </wpt>
  <wpt lat="50.366261265658856" lon="3.6474104446729072">
    <name>104.4</name>
  </wpt>
  <wpt lat="50.367142265499339" lon="3.647684384321261">
    <name>104.5</name>
  </wpt>
  <wpt lat="50.367994964651892" lon="3.6481172379768227">
    <name>104.6</name>
  </wpt>
  <wpt lat="50.368804894706038" lon="3.6487186416196535">
    <name>104.7</name>
  </wpt>
  <wpt lat="50.369571542397537" lon="3.6494527168103086">
    <name>104.8</name>
  </wpt>
  <wpt lat="50.37034950277264" lon="3.6501573918736607">
    <name>104.9</name>
  </wpt>
  <wpt lat="50.371087216182204" lon="3.6509638171258123">
    <name>105.0</name>
  </wpt>
  <wpt lat="50.371824712871472" lon="3.6517707412624691">
    <name>105.1</name>
  </wpt>
  <wpt lat="50.372563991930065" lon="3.65257363817346">
    <name>105.2</name>
  </wpt>
  <wpt lat="50.37329427052957" lon="3.6533964426218875">
    <name>105.3</name>
  </wpt>
  <wpt lat="50.37403484534849" lon="3.6541948921460667">
    <name>105.4</name>
  </wpt>
  <wpt lat="50.37486041943643" lon="3.65475243279562">
    <name>105.5</name>
  </wpt>
  <wpt lat="50.375710382423073" lon="3.6552131511696309">
    <name>105.6</name>
  </wpt>
  <wpt lat="50.376560440906154" lon="3.6556734671884112">
    <name>105.7</name>
  </wpt>
  <wpt lat="50.3774104993892" lon="3.6561337914558711">
    <name>105.8</name>
  </wpt>
  <wpt lat="50.378260557872224" lon="3.6565941239723161">
    <name>105.9</name>
  </wpt>
  <wpt lat="50.379110616355213" lon="3.6570544647382546">
    <name>106.0</name>
  </wpt>
  <wpt lat="50.379960674838181" lon="3.6575148137539921">
    <name>106.1</name>
  </wpt>
  <wpt lat="50.380838268878577" lon="3.657814455606605">
    <name>106.2</name>
  </wpt>
  <wpt lat="50.381720222204819" lon="3.6580902871972749">
    <name>106.3</name>
  </wpt>
  <wpt lat="50.382598569496174" lon="3.6583908987696625">
    <name>106.4</name>
  </wpt>
  <wpt lat="50.383470232711879" lon="3.658737816571787">
    <name>106.5</name>
  </wpt>
  <wpt lat="50.3843453855252" lon="3.6590625541534694">
    <name>106.6</name>
  </wpt>
  <wpt lat="50.3852178754638" lon="3.659404488191186">
    <name>106.7</name>
  </wpt>
  <wpt lat="50.386090640089456" lon="3.6597447176839522">
    <name>106.8</name>
  </wpt>
  <wpt lat="50.386913045721307" lon="3.6603067952303876">
    <name>106.9</name>
  </wpt>
  <wpt lat="50.387715392942489" lon="3.6609423106268992">
    <name>107.0</name>
  </wpt>
  <wpt lat="50.388524455233863" lon="3.6615581983084282">
    <name>107.1</name>
  </wpt>
  <wpt lat="50.389337505947871" lon="3.6621600193814023">
    <name>107.2</name>
  </wpt>
  <wpt lat="50.3901750651383" lon="3.6626706566776743">
    <name>107.3</name>
  </wpt>
  <wpt lat="50.39105909195446" lon="3.662910475267112">
    <name>107.4</name>
  </wpt>
  <wpt lat="50.391958131337731" lon="3.6629458121449106">
    <name>107.5</name>
  </wpt>
  <wpt lat="50.392857339779859" lon="3.6629389804080064">
    <name>107.6</name>
  </wpt>
  <wpt lat="50.39375549264328" lon="3.6629671512853257">
    <name>107.7</name>
  </wpt>
  <wpt lat="50.394644566714987" lon="3.6631727070320128">
    <name>107.8</name>
  </wpt>
  <wpt lat="50.395503048097389" lon="3.6635842843026074">
    <name>107.9</name>
  </wpt>
  <wpt lat="50.396341610574162" lon="3.6640937403400566">
    <name>108.0</name>
  </wpt>
  <wpt lat="50.397152414734819" lon="3.6647035939863186">
    <name>108.1</name>
  </wpt>
  <wpt lat="50.3979468897606" lon="3.6653643965101494">
    <name>108.2</name>
  </wpt>
  <wpt lat="50.398808358060215" lon="3.6657647151132369">
    <name>108.3</name>
  </wpt>
  <wpt lat="50.399678814556857" lon="3.6661174155583649">
    <name>108.4</name>
  </wpt>
  <wpt lat="50.400533252927822" lon="3.6665569164669551">
    <name>108.5</name>
  </wpt>
  <wpt lat="50.401411731928093" lon="3.6668159999999554">
    <name>108.6</name>
  </wpt>
  <wpt lat="50.402297923734309" lon="3.6665913181347602">
    <name>108.7</name>
  </wpt>
  <wpt lat="50.402544211600514" lon="3.6678922569416303">
    <name>108.8</name>
  </wpt>
  <wpt lat="50.402752878190569" lon="3.6692646700825846">
    <name>108.9</name>
  </wpt>
  <wpt lat="50.402958089399611" lon="3.6706383976445025">
    <name>109.0</name>
  </wpt>
  <wpt lat="50.403174867172311" lon="3.6720072100581289">
    <name>109.1</name>
  </wpt>
  <wpt lat="50.403382045896862" lon="3.6733770634615008">
    <name>109.2</name>
  </wpt>
  <wpt lat="50.403589795377336" lon="3.6747494228463995">
    <name>109.3</name>
  </wpt>
  <wpt lat="50.403891733634353" lon="3.6760736760449571">
    <name>109.4</name>
  </wpt>
  <wpt lat="50.404162433631328" lon="3.6774183332774442">
    <name>109.5</name>
  </wpt>
  <wpt lat="50.404417537674441" lon="3.6787713501815391">
    <name>109.6</name>
  </wpt>
  <wpt lat="50.404732852051723" lon="3.6800903488645851">
    <name>109.7</name>
  </wpt>
  <wpt lat="50.405047826599812" lon="3.6814079663972059">
    <name>109.8</name>
  </wpt>
  <wpt lat="50.405280442297517" lon="3.6827654364180975">
    <name>109.9</name>
  </wpt>
  <wpt lat="50.406146302315435" lon="3.6827671722097337">
    <name>110.0</name>
  </wpt>
  <wpt lat="50.40704289786013" lon="3.6826730000000349">
    <name>110.1</name>
  </wpt>
  <wpt lat="50.407633453408273" lon="3.6834445532601379">
    <name>110.2</name>
  </wpt>
  <wpt lat="50.407923471321162" lon="3.6844720168557679">
    <name>110.3</name>
  </wpt>
  <wpt lat="50.408721990866958" lon="3.6850911351267341">
    <name>110.4</name>
  </wpt>
  <wpt lat="50.40951675403138" lon="3.6857311422491272">
    <name>110.5</name>
  </wpt>
  <wpt lat="50.409738988615409" lon="3.6844988846579003">
    <name>110.6</name>
  </wpt>
  <wpt lat="50.410262532518942" lon="3.683831689762755">
    <name>110.7</name>
  </wpt>
  <wpt lat="50.411148880583646" lon="3.6838981406420603">
    <name>110.8</name>
  </wpt>
  <wpt lat="50.411964054775012" lon="3.6844710544983919">
    <name>110.9</name>
  </wpt>
  <wpt lat="50.412778455236662" lon="3.6849900000000111">
    <name>111.0</name>
  </wpt>
  <wpt lat="50.413677329546104" lon="3.6850312446544189">
    <name>111.1</name>
  </wpt>
  <wpt lat="50.414575904498264" lon="3.6850293617541392">
    <name>111.2</name>
  </wpt>
  <wpt lat="50.415473533246136" lon="3.6849760676395653">
    <name>111.3</name>
  </wpt>
  <wpt lat="50.416371814144121" lon="3.6850439456015951">
    <name>111.4</name>
  </wpt>
  <wpt lat="50.417270115555425" lon="3.6850408501322982">
    <name>111.5</name>
  </wpt>
  <wpt lat="50.418161347915458" lon="3.6848572368866126">
    <name>111.6</name>
  </wpt>
  <wpt lat="50.419024457406373" lon="3.6844661086408017">
    <name>111.7</name>
  </wpt>
  <wpt lat="50.419830009482304" lon="3.6838626836704869">
    <name>111.8</name>
  </wpt>
  <wpt lat="50.420459029520067" lon="3.6828540780641577">
    <name>111.9</name>
  </wpt>
  <wpt lat="50.421089971989652" lon="3.681848282693557">
    <name>112.0</name>
  </wpt>
  <wpt lat="50.421737440718807" lon="3.6808748301249965">
    <name>112.1</name>
  </wpt>
  <wpt lat="50.422469257119047" lon="3.680056082287507">
    <name>112.2</name>
  </wpt>
  <wpt lat="50.42330380197933" lon="3.6795375991945702">
    <name>112.3</name>
  </wpt>
  <wpt lat="50.42418000568459" lon="3.6792263879567506">
    <name>112.4</name>
  </wpt>
  <wpt lat="50.425075260875268" lon="3.6791144243436853">
    <name>112.5</name>
  </wpt>
  <wpt lat="50.425970061515919" lon="3.6792453269904524">
    <name>112.6</name>
  </wpt>
  <wpt lat="50.426849413690562" lon="3.6795356696347903">
    <name>112.7</name>
  </wpt>
  <wpt lat="50.427729821504521" lon="3.6798236666929238">
    <name>112.8</name>
  </wpt>
  <wpt lat="50.428555212713462" lon="3.6803449437880373">
    <name>112.9</name>
  </wpt>
  <wpt lat="50.429240048317922" lon="3.6812519767389387">
    <name>113.0</name>
  </wpt>
  <wpt lat="50.429992834522274" lon="3.6820241581688706">
    <name>113.1</name>
  </wpt>
  <wpt lat="50.430644517854063" lon="3.6829924845708883">
    <name>113.2</name>
  </wpt>
  <wpt lat="50.431376986339522" lon="3.6838082893867816">
    <name>113.3</name>
  </wpt>
  <wpt lat="50.432147124632351" lon="3.6845254858489427">
    <name>113.4</name>
  </wpt>
  <wpt lat="50.432719271879876" lon="3.6842922963710563">
    <name>113.5</name>
  </wpt>
  <wpt lat="50.433554467687451" lon="3.6837704238169735">
    <name>113.6</name>
  </wpt>
  <wpt lat="50.434426791179028" lon="3.6834419988222251">
    <name>113.7</name>
  </wpt>
  <wpt lat="50.434838111037749" lon="3.68434513971676">
    <name>113.8</name>
  </wpt>
  <wpt lat="50.435052124264473" lon="3.6857164453936631">
    <name>113.9</name>
  </wpt>
  <wpt lat="50.435271941187054" lon="3.6870853607480534">
    <name>114.0</name>
  </wpt>
  <wpt lat="50.435484793768211" lon="3.6884565414533808">
    <name>114.1</name>
  </wpt>
  <wpt lat="50.435703374297162" lon="3.6898256544954782">
    <name>114.2</name>
  </wpt>
  <wpt lat="50.436044179202831" lon="3.6910511261503989">
    <name>114.3</name>
  </wpt>
  <wpt lat="50.436822884659762" lon="3.6917572284216615">
    <name>114.4</name>
  </wpt>
  <wpt lat="50.437673449471831" lon="3.6921178243273318">
    <name>114.5</name>
  </wpt>
  <wpt lat="50.438538886312031" lon="3.6924332574890064">
    <name>114.6</name>
  </wpt>
  <wpt lat="50.439316028325656" lon="3.6931428260743036">
    <name>114.7</name>
  </wpt>
  <wpt lat="50.440100250887404" lon="3.6938338782097619">
    <name>114.8</name>
  </wpt>
  <wpt lat="50.440928691483009" lon="3.6943823996091631">
    <name>114.9</name>
  </wpt>
  <wpt lat="50.441780995271422" lon="3.6948306449607546">
    <name>115.0</name>
  </wpt>
  <wpt lat="50.44265187354187" lon="3.6951827529272712">
    <name>115.1</name>
  </wpt>
  <wpt lat="50.443524610348653" lon="3.6955235703765612">
    <name>115.2</name>
  </wpt>
  <wpt lat="50.444397780920134" lon="3.6958616342387032">
    <name>115.3</name>
  </wpt>
  <wpt lat="50.445271405753715" lon="3.6961968078478571">
    <name>115.4</name>
  </wpt>
  <wpt lat="50.446145030587275" lon="3.6965319876447928">
    <name>115.5</name>
  </wpt>
  <wpt lat="50.447018972361278" lon="3.696865092481441">
    <name>115.6</name>
  </wpt>
  <wpt lat="50.447894319204707" lon="3.6971889787011007">
    <name>115.7</name>
  </wpt>
  <wpt lat="50.448765406733592" lon="3.6975398744093275">
    <name>115.8</name>
  </wpt>
  <wpt lat="50.449636655046724" lon="3.6978804594375232">
    <name>115.9</name>
  </wpt>
  <wpt lat="50.450506127019736" lon="3.6982412505511877">
    <name>116.0</name>
  </wpt>
  <wpt lat="50.4513612111031" lon="3.698668708766407">
    <name>116.1</name>
  </wpt>
  <wpt lat="50.452091429472453" lon="3.6994752665719663">
    <name>116.2</name>
  </wpt>
  <wpt lat="50.452750417074938" lon="3.7004361418996257">
    <name>116.3</name>
  </wpt>
  <wpt lat="50.453448937800538" lon="3.7013253151564269">
    <name>116.4</name>
  </wpt>
  <wpt lat="50.4541956460371" lon="3.7021119340108477">
    <name>116.5</name>
  </wpt>
  <wpt lat="50.454983892844751" lon="3.7027891101470196">
    <name>116.6</name>
  </wpt>
  <wpt lat="50.455814639206132" lon="3.7033289997551044">
    <name>116.7</name>
  </wpt>
  <wpt lat="50.456665744230548" lon="3.70378346485969">
    <name>116.8</name>
  </wpt>
  <wpt lat="50.457540101072439" lon="3.7041132991372518">
    <name>116.9</name>
  </wpt>
  <wpt lat="50.458416597058424" lon="3.7044292850427918">
    <name>117.0</name>
  </wpt>
  <wpt lat="50.459290794302412" lon="3.7047608562658434">
    <name>117.1</name>
  </wpt>
  <wpt lat="50.460165157837984" lon="3.7050913132053278">
    <name>117.2</name>
  </wpt>
  <wpt lat="50.46105354508952" lon="3.7052680000000406">
    <name>117.3</name>
  </wpt>
  <wpt lat="50.461949502414896" lon="3.7051989814329871">
    <name>117.4</name>
  </wpt>
  <wpt lat="50.462843518266467" lon="3.705338410363777">
    <name>117.5</name>
  </wpt>
  <wpt lat="50.463731415671745" lon="3.7055628780952024">
    <name>117.6</name>
  </wpt>
  <wpt lat="50.464619154607213" lon="3.7057888720354852">
    <name>117.7</name>
  </wpt>
  <wpt lat="50.46512283117076" lon="3.7067398821702282">
    <name>117.8</name>
  </wpt>
  <wpt lat="50.465423737596076" lon="3.7080712668014697">
    <name>117.9</name>
  </wpt>
  <wpt lat="50.465724644021329" lon="3.7094026599045895">
    <name>118.0</name>
  </wpt>
  <wpt lat="50.466092699091888" lon="3.7102637110589214">
    <name>118.1</name>
  </wpt>
  <wpt lat="50.466900102717851" lon="3.7096451833819479">
    <name>118.2</name>
  </wpt>
  <wpt lat="50.467602201357352" lon="3.7104344445411503">
    <name>118.3</name>
  </wpt>
  <wpt lat="50.468431422403" lon="3.7108271576304896">
    <name>118.4</name>
  </wpt>
  <wpt lat="50.469307048073667" lon="3.7110589471203141">
    <name>118.5</name>
  </wpt>
  <wpt lat="50.47006322561873" lon="3.7118230521640796">
    <name>118.6</name>
  </wpt>
  <wpt lat="50.470790354516346" lon="3.7126533429245612">
    <name>118.7</name>
  </wpt>
  <wpt lat="50.471505833186377" lon="3.7135094016970647">
    <name>118.8</name>
  </wpt>
  <wpt lat="50.472241481300507" lon="3.7143215046627183">
    <name>118.9</name>
  </wpt>
  <wpt lat="50.4729467648683" lon="3.7137922410306321">
    <name>119.0</name>
  </wpt>
  <wpt lat="50.473646672773185" lon="3.7129049278229695">
    <name>119.1</name>
  </wpt>
  <wpt lat="50.474350521980391" lon="3.7120254821590266">
    <name>119.2</name>
  </wpt>
  <wpt lat="50.474950203562159" lon="3.7109870072120557">
    <name>119.3</name>
  </wpt>
  <wpt lat="50.475440435422115" lon="3.7098055233672862">
    <name>119.4</name>
  </wpt>
  <wpt lat="50.476069896375805" lon="3.7088174189967091">
    <name>119.5</name>
  </wpt>
  <wpt lat="50.476880710497568" lon="3.7091553726782283">
    <name>119.6</name>
  </wpt>
  <wpt lat="50.477639612074874" lon="3.7099136297749258">
    <name>119.7</name>
  </wpt>
  <wpt lat="50.478473032329006" lon="3.7098994485964814">
    <name>119.8</name>
  </wpt>
  <wpt lat="50.479317972207944" lon="3.7094645831781006">
    <name>119.9</name>
  </wpt>
  <wpt lat="50.480096772719932" lon="3.7101387676572628">
    <name>120.0</name>
  </wpt>
  <wpt lat="50.48085550243723" lon="3.7108975009308312">
    <name>120.1</name>
  </wpt>
  <wpt lat="50.481527213245982" lon="3.7104573623192971">
    <name>120.2</name>
  </wpt>
  <wpt lat="50.482021993028873" lon="3.7092771752882454">
    <name>120.3</name>
  </wpt>
  <wpt lat="50.482516772811664" lon="3.70809697590168">
    <name>120.4</name>
  </wpt>
  <wpt lat="50.483011552594341" lon="3.706916764159093">
    <name>120.5</name>
  </wpt>
  <wpt lat="50.4835106126168" lon="3.7057410845590435">
    <name>120.6</name>
  </wpt>
  <wpt lat="50.483985188606674" lon="3.7045411337614995">
    <name>120.7</name>
  </wpt>
  <wpt lat="50.484425671000224" lon="3.703308896583938">
    <name>120.8</name>
  </wpt>
  <wpt lat="50.48491836040855" lon="3.7021304602996428">
    <name>120.9</name>
  </wpt>
  <wpt lat="50.485216399532263" lon="3.7008302017129644">
    <name>121.0</name>
  </wpt>
  <wpt lat="50.485966211442019" lon="3.7012516925852306">
    <name>121.1</name>
  </wpt>
  <wpt lat="50.486748423323974" lon="3.7019458619923067">
    <name>121.2</name>
  </wpt>
  <wpt lat="50.48757547517976" lon="3.7025007464358657">
    <name>121.3</name>
  </wpt>
  <wpt lat="50.488403528256569" lon="3.7030522150731082">
    <name>121.4</name>
  </wpt>
  <wpt lat="50.489248807844078" lon="3.7035260501373708">
    <name>121.5</name>
  </wpt>
  <wpt lat="50.490085473282235" lon="3.7040385103295264">
    <name>121.6</name>
  </wpt>
  <wpt lat="50.490890556737476" lon="3.7046682963479114">
    <name>121.7</name>
  </wpt>
  <wpt lat="50.491694626687853" lon="3.7053014402428555">
    <name>121.8</name>
  </wpt>
  <wpt lat="50.492497945165276" lon="3.7059369481066944">
    <name>121.9</name>
  </wpt>
  <wpt lat="50.49330126364265" lon="3.7065724667767861">
    <name>122.0</name>
  </wpt>
  <wpt lat="50.494104582119967" lon="3.7072079962536391">
    <name>122.1</name>
  </wpt>
  <wpt lat="50.494907900597241" lon="3.7078435365377622">
    <name>122.2</name>
  </wpt>
  <wpt lat="50.495743891945473" lon="3.7083624036503622">
    <name>122.3</name>
  </wpt>
  <wpt lat="50.496586737677312" lon="3.7088554985241102">
    <name>122.4</name>
  </wpt>
  <wpt lat="50.497386329217349" lon="3.7094899841112636">
    <name>122.5</name>
  </wpt>
  <wpt lat="50.497926319232285" lon="3.710314056741292">
    <name>122.6</name>
  </wpt>
  <wpt lat="50.498088233059526" lon="3.7115221018387006">
    <name>122.7</name>
  </wpt>
  <wpt lat="50.498508691765295" lon="3.7127718719927931">
    <name>122.8</name>
  </wpt>
  <wpt lat="50.498937893131824" lon="3.7140130995489073">
    <name>122.9</name>
  </wpt>
  <wpt lat="50.499743845028775" lon="3.71455424178105">
    <name>123.0</name>
  </wpt>
  <wpt lat="50.500613658065305" lon="3.7148090212076137">
    <name>123.1</name>
  </wpt>
  <wpt lat="50.501504579046134" lon="3.7147310417475312">
    <name>123.2</name>
  </wpt>
  <wpt lat="50.502398923970588" lon="3.7148794690975193">
    <name>123.3</name>
  </wpt>
  <wpt lat="50.503292887170247" lon="3.7150334821369269">
    <name>123.4</name>
  </wpt>
  <wpt lat="50.504186718209695" lon="3.7151892937460125">
    <name>123.5</name>
  </wpt>
  <wpt lat="50.505070454941254" lon="3.7154268700265889">
    <name>123.6</name>
  </wpt>
  <wpt lat="50.505950740474972" lon="3.7156320000000034">
    <name>123.7</name>
  </wpt>
  <wpt lat="50.506843725238973" lon="3.715541302128293">
    <name>123.8</name>
  </wpt>
  <wpt lat="50.50773129264244" lon="3.7153134294284569">
    <name>123.9</name>
  </wpt>
  <wpt lat="50.508305572660156" lon="3.716028489393874">
    <name>124.0</name>
  </wpt>
  <wpt lat="50.508787534256946" lon="3.7170650203841955">
    <name>124.1</name>
  </wpt>
  <wpt lat="50.50967218125308" lon="3.7169410570550427">
    <name>124.2</name>
  </wpt>
  <wpt lat="50.510203930547263" lon="3.7178546761587361">
    <name>124.3</name>
  </wpt>
  <wpt lat="50.510634802847967" lon="3.7190797647572178">
    <name>124.4</name>
  </wpt>
  <wpt lat="50.5112105532234" lon="3.7201604201205307">
    <name>124.5</name>
  </wpt>
  <wpt lat="50.511706563408929" lon="3.7212648649378339">
    <name>124.6</name>
  </wpt>
  <wpt lat="50.512466483338841" lon="3.7219995437636721">
    <name>124.7</name>
  </wpt>
  <wpt lat="50.513245372144588" lon="3.7225914164006246">
    <name>124.8</name>
  </wpt>
  <wpt lat="50.513675132762046" lon="3.7238034326143374">
    <name>124.9</name>
  </wpt>
  <wpt lat="50.514562673994639" lon="3.7240208455257711">
    <name>125.0</name>
  </wpt>
  <wpt lat="50.515453781308885" lon="3.724211551742227">
    <name>125.1</name>
  </wpt>
  <wpt lat="50.516345051853882" lon="3.7244003772267784">
    <name>125.2</name>
  </wpt>
  <wpt lat="50.517234357105757" lon="3.7246069544151661">
    <name>125.3</name>
  </wpt>
  <wpt lat="50.518115995392641" lon="3.7248860139562785">
    <name>125.4</name>
  </wpt>
  <wpt lat="50.518996886551513" lon="3.7251688664635507">
    <name>125.5</name>
  </wpt>
  <wpt lat="50.519879104890826" lon="3.7254434064362569">
    <name>125.6</name>
  </wpt>
  <wpt lat="50.520761323230126" lon="3.7257179515408008">
    <name>125.7</name>
  </wpt>
  <wpt lat="50.521643541569418" lon="3.7259925017773861">
    <name>125.8</name>
  </wpt>
  <wpt lat="50.5225257599087" lon="3.7262670571463179">
    <name>125.9</name>
  </wpt>
  <wpt lat="50.523407978247974" lon="3.7265416176479018">
    <name>126.0</name>
  </wpt>
  <wpt lat="50.524290196587231" lon="3.7268161832823412">
    <name>126.1</name>
  </wpt>
  <wpt lat="50.525172391388544" lon="3.7270909411117459">
    <name>126.2</name>
  </wpt>
  <wpt lat="50.526054566675931" lon="3.72736585905068">
    <name>126.3</name>
  </wpt>
  <wpt lat="50.526936741963304" lon="3.7276407821293911">
    <name>126.4</name>
  </wpt>
  <wpt lat="50.52781891725067" lon="3.727915710348082">
    <name>126.5</name>
  </wpt>
  <wpt lat="50.528701092538022" lon="3.7281906437071597">
    <name>126.6</name>
  </wpt>
  <wpt lat="50.529583247244382" lon="3.7284657422696417">
    <name>126.7</name>
  </wpt>
  <wpt lat="50.530463961909334" lon="3.7287516531923925">
    <name>126.8</name>
  </wpt>
  <wpt lat="50.531344303091373" lon="3.7290407458406758">
    <name>126.9</name>
  </wpt>
  <wpt lat="50.532225329452515" lon="3.729324670729107">
    <name>127.0</name>
  </wpt>
  <wpt lat="50.533106355813644" lon="3.7296086009199554">
    <name>127.1</name>
  </wpt>
  <wpt lat="50.533985845715691" lon="3.7299039210236713">
    <name>127.2</name>
  </wpt>
  <wpt lat="50.534863427176553" lon="3.7302130316107691">
    <name>127.3</name>
  </wpt>
  <wpt lat="50.535739241904281" lon="3.7305344180984639">
    <name>127.4</name>
  </wpt>
  <wpt lat="50.53661551363443" lon="3.7308526839251379">
    <name>127.5</name>
  </wpt>
  <wpt lat="50.537492577201682" lon="3.7311655384435043">
    <name>127.6</name>
  </wpt>
  <wpt lat="50.538369640768913" lon="3.7314783987793851">
    <name>127.7</name>
  </wpt>
  <wpt lat="50.539245196748546" lon="3.7318015236998479">
    <name>127.8</name>
  </wpt>
  <wpt lat="50.540120444647627" lon="3.732126733940861">
    <name>127.9</name>
  </wpt>
  <wpt lat="50.54099619918216" lon="3.7324482165577417">
    <name>128.0</name>
  </wpt>
  <wpt lat="50.541873340472826" lon="3.7327603831010627">
    <name>128.1</name>
  </wpt>
  <wpt lat="50.542749778656372" lon="3.733077581819785">
    <name>128.2</name>
  </wpt>
  <wpt lat="50.543623421765716" lon="3.7334109203606394">
    <name>128.3</name>
  </wpt>
  <wpt lat="50.5445023263202" lon="3.7337086983391017">
    <name>128.4</name>
  </wpt>
  <wpt lat="50.54537676600679" lon="3.7340392791171722">
    <name>128.5</name>
  </wpt>
  <wpt lat="50.546252350504453" lon="3.7343615054857482">
    <name>128.6</name>
  </wpt>
  <wpt lat="50.547131673394816" lon="3.7346578160226396">
    <name>128.7</name>
  </wpt>
  <wpt lat="50.548006013107546" lon="3.7349888059783063">
    <name>128.8</name>
  </wpt>
  <wpt lat="50.548825715793065" lon="3.7354624813479869">
    <name>128.9</name>
  </wpt>
  <wpt lat="50.548984170352789" lon="3.7368480219682452">
    <name>129.0</name>
  </wpt>
  <wpt lat="50.549188118200007" lon="3.7382264586873113">
    <name>129.1</name>
  </wpt>
  <wpt lat="50.549390745184631" lon="3.739602557174531">
    <name>129.2</name>
  </wpt>
  <wpt lat="50.549114516114415" lon="3.7409118795937815">
    <name>129.3</name>
  </wpt>
  <wpt lat="50.548659010833944" lon="3.7421322251056703">
    <name>129.4</name>
  </wpt>
  <wpt lat="50.548215351095379" lon="3.743363279168288">
    <name>129.5</name>
  </wpt>
  <wpt lat="50.547788952845565" lon="3.7446085843783985">
    <name>129.6</name>
  </wpt>
  <wpt lat="50.54743575969524" lon="3.7459071009453551">
    <name>129.7</name>
  </wpt>
  <wpt lat="50.54718241263771" lon="3.7472471918723813">
    <name>129.8</name>
  </wpt>
  <wpt lat="50.547560075825004" lon="3.7485198122653132">
    <name>129.9</name>
  </wpt>
  <wpt lat="50.548010520724453" lon="3.7497447728018396">
    <name>130.0</name>
  </wpt>
  <wpt lat="50.548460965623789" lon="3.7509697450409751">
    <name>130.1</name>
  </wpt>
  <wpt lat="50.549012232893077" lon="3.7520824272759796">
    <name>130.2</name>
  </wpt>
  <wpt lat="50.549346023327963" lon="3.7533442395624443">
    <name>130.3</name>
  </wpt>
  <wpt lat="50.549017184895582" lon="3.7543994816441031">
    <name>130.4</name>
  </wpt>
  <wpt lat="50.5484627623015" lon="3.7553958823359483">
    <name>130.5</name>
  </wpt>
  <wpt lat="50.548275051564616" lon="3.7567797290299323">
    <name>130.6</name>
  </wpt>
  <wpt lat="50.548086272281729" lon="3.7581612856896358">
    <name>130.7</name>
  </wpt>
  <wpt lat="50.548071269086705" lon="3.7595736526080779">
    <name>130.8</name>
  </wpt>
  <wpt lat="50.548139401522079" lon="3.7609847137359029">
    <name>130.9</name>
  </wpt>
  <wpt lat="50.548195170413649" lon="3.7623971853752023">
    <name>131.0</name>
  </wpt>
  <wpt lat="50.548761105516846" lon="3.7634401169973244">
    <name>131.1</name>
  </wpt>
  <wpt lat="50.549541037170904" lon="3.7641399469568504">
    <name>131.2</name>
  </wpt>
  <wpt lat="50.55034077826879" lon="3.7647872996622871">
    <name>131.3</name>
  </wpt>
  <wpt lat="50.551140943784866" lon="3.7654333622359193">
    <name>131.4</name>
  </wpt>
  <wpt lat="50.551941299875224" lon="3.7660788515683596">
    <name>131.5</name>
  </wpt>
  <wpt lat="50.552733309373629" lon="3.7667473091325179">
    <name>131.6</name>
  </wpt>
  <wpt lat="50.553492590581271" lon="3.7675058427292356">
    <name>131.7</name>
  </wpt>
  <wpt lat="50.554253364604428" lon="3.7682606648096764">
    <name>131.8</name>
  </wpt>
  <wpt lat="50.555014438975647" lon="3.7690147603821176">
    <name>131.9</name>
  </wpt>
  <wpt lat="50.555775513346788" lon="3.769768868130027">
    <name>132.0</name>
  </wpt>
  <wpt lat="50.556567395362613" lon="3.7704350498457897">
    <name>132.1</name>
  </wpt>
  <wpt lat="50.557381802933129" lon="3.7710307543487649">
    <name>132.2</name>
  </wpt>
  <wpt lat="50.558153420750045" lon="3.7717578609006539">
    <name>132.3</name>
  </wpt>
  <wpt lat="50.558925139284923" lon="3.7724847234876124">
    <name>132.4</name>
  </wpt>
  <wpt lat="50.559696857819738" lon="3.773211597976156">
    <name>132.5</name>
  </wpt>
  <wpt lat="50.560463147360274" lon="3.7739516878874086">
    <name>132.6</name>
  </wpt>
  <wpt lat="50.561186335519544" lon="3.774792600950323">
    <name>132.7</name>
  </wpt>
  <wpt lat="50.561907541374481" lon="3.7756382291085062">
    <name>132.8</name>
  </wpt>
  <wpt lat="50.562589487508347" lon="3.776551236293427">
    <name>132.9</name>
  </wpt>
  <wpt lat="50.562977656469272" lon="3.7778240054293497">
    <name>133.0</name>
  </wpt>
  <wpt lat="50.563724718541671" lon="3.7785874002835489">
    <name>133.1</name>
  </wpt>
  <wpt lat="50.564381236536889" lon="3.7795415335839606">
    <name>133.2</name>
  </wpt>
  <wpt lat="50.564955546822283" lon="3.78063103686466">
    <name>133.3</name>
  </wpt>
  <wpt lat="50.565529784103148" lon="3.7817206484431947">
    <name>133.4</name>
  </wpt>
  <wpt lat="50.566103928381381" lon="3.782810362705912">
    <name>133.5</name>
  </wpt>
  <wpt lat="50.566753001426335" lon="3.7837875316729259">
    <name>133.6</name>
  </wpt>
  <wpt lat="50.567472675026856" lon="3.7846356134995851">
    <name>133.7</name>
  </wpt>
  <wpt lat="50.568203986853753" lon="3.7854596746887763">
    <name>133.8</name>
  </wpt>
  <wpt lat="50.568936942917432" lon="3.7862800942415822">
    <name>133.9</name>
  </wpt>
  <wpt lat="50.569673286070866" lon="3.7870929992000266">
    <name>134.0</name>
  </wpt>
  <wpt lat="50.570409629224216" lon="3.7879059168635916">
    <name>134.1</name>
  </wpt>
  <wpt lat="50.571145972377508" lon="3.7887188472327851">
    <name>134.2</name>
  </wpt>
  <wpt lat="50.571856586012892" lon="3.7895850085994884">
    <name>134.3</name>
  </wpt>
  <wpt lat="50.572505239582981" lon="3.7905649817963254">
    <name>134.4</name>
  </wpt>
  <wpt lat="50.573102189403691" lon="3.7916225573507027">
    <name>134.5</name>
  </wpt>
  <wpt lat="50.573675395960862" lon="3.7927137021812176">
    <name>134.6</name>
  </wpt>
  <wpt lat="50.57424860251794" lon="3.793804860289149">
    <name>134.7</name>
  </wpt>
  <wpt lat="50.574857932519649" lon="3.7948446953112236">
    <name>134.8</name>
  </wpt>
  <wpt lat="50.575535017691138" lon="3.7957758344611952">
    <name>134.9</name>
  </wpt>
  <wpt lat="50.576222561200389" lon="3.7966886828601041">
    <name>135.0</name>
  </wpt>
  <wpt lat="50.576942863134235" lon="3.7975302783326526">
    <name>135.1</name>
  </wpt>
  <wpt lat="50.577784848000789" lon="3.7980212322574913">
    <name>135.2</name>
  </wpt>
  <wpt lat="50.578634386967437" lon="3.7984805092277325">
    <name>135.3</name>
  </wpt>
  <wpt lat="50.57942272984365" lon="3.7991598160118878">
    <name>135.4</name>
  </wpt>
  <wpt lat="50.580207845955606" lon="3.7998505254736727">
    <name>135.5</name>
  </wpt>
  <wpt lat="50.5809929620675" lon="3.800541246450083">
    <name>135.6</name>
  </wpt>
  <wpt lat="50.581753778103192" lon="3.8012952767478732">
    <name>135.7</name>
  </wpt>
  <wpt lat="50.582494319983816" lon="3.802098276448997">
    <name>135.8</name>
  </wpt>
  <wpt lat="50.583242318722995" lon="3.8028826346729327">
    <name>135.9</name>
  </wpt>
  <wpt lat="50.58401216235972" lon="3.8036147966775071">
    <name>136.0</name>
  </wpt>
  <wpt lat="50.584785817376591" lon="3.8043368793323933">
    <name>136.1</name>
  </wpt>
  <wpt lat="50.585588192831139" lon="3.80497641781527">
    <name>136.2</name>
  </wpt>
  <wpt lat="50.58601602238187" lon="3.8059162020805886">
    <name>136.3</name>
  </wpt>
  <wpt lat="50.586472470779327" lon="3.8070094482084191">
    <name>136.4</name>
  </wpt>
  <wpt lat="50.587101365684774" lon="3.808015896165637">
    <name>136.5</name>
  </wpt>
  <wpt lat="50.587017740641151" lon="3.8091833691170276">
    <name>136.6</name>
  </wpt>
  <wpt lat="50.5866550626739" lon="3.81045214537127">
    <name>136.7</name>
  </wpt>
  <wpt lat="50.586882525729131" lon="3.8117938115482541">
    <name>136.8</name>
  </wpt>
  <wpt lat="50.587361075837258" lon="3.8129930816112214">
    <name>136.9</name>
  </wpt>
  <wpt lat="50.587857032435934" lon="3.8141742376864469">
    <name>137.0</name>
  </wpt>
  <wpt lat="50.588363479526492" lon="3.8153447674927579">
    <name>137.1</name>
  </wpt>
  <wpt lat="50.588873389248917" lon="3.8165115129375056">
    <name>137.2</name>
  </wpt>
  <wpt lat="50.589371290334093" lon="3.8176909745234222">
    <name>137.3</name>
  </wpt>
  <wpt lat="50.589883039564022" lon="3.8188558130799946">
    <name>137.4</name>
  </wpt>
  <wpt lat="50.590386172609485" lon="3.8200297273707231">
    <name>137.5</name>
  </wpt>
  <wpt lat="50.59089950807482" lon="3.8211928027260971">
    <name>137.6</name>
  </wpt>
  <wpt lat="50.591409619724587" lon="3.8223593763508688">
    <name>137.7</name>
  </wpt>
  <wpt lat="50.591912604161919" lon="3.823533646712582">
    <name>137.8</name>
  </wpt>
  <wpt lat="50.59242244348777" lon="3.8247006052613122">
    <name>137.9</name>
  </wpt>
  <wpt lat="50.592928480926439" lon="3.8258716943116267">
    <name>138.0</name>
  </wpt>
  <wpt lat="50.593433979718576" lon="3.827043373038916">
    <name>138.1</name>
  </wpt>
  <wpt lat="50.593939469392112" lon="3.8282150741125283">
    <name>138.2</name>
  </wpt>
  <wpt lat="50.594443818712172" lon="3.8293879658183889">
    <name>138.3</name>
  </wpt>
  <wpt lat="50.594733398349639" lon="3.8306871914925056">
    <name>138.4</name>
  </wpt>
  <wpt lat="50.595586269540462" lon="3.8309764683010115">
    <name>138.5</name>
  </wpt>
  <wpt lat="50.596396766864721" lon="3.831590392212409">
    <name>138.6</name>
  </wpt>
  <wpt lat="50.597207264188924" lon="3.8322043266953592">
    <name>138.7</name>
  </wpt>
  <wpt lat="50.598017761513091" lon="3.8328182717503716">
    <name>138.8</name>
  </wpt>
  <wpt lat="50.59882766589017" lon="3.8334341640773424">
    <name>138.9</name>
  </wpt>
  <wpt lat="50.599637181721079" lon="3.8340513358404977">
    <name>139.0</name>
  </wpt>
  <wpt lat="50.600463234917072" lon="3.8346088060911958">
    <name>139.1</name>
  </wpt>
  <wpt lat="50.601296615268012" lon="3.8351407113234561">
    <name>139.2</name>
  </wpt>
  <wpt lat="50.602131321643448" lon="3.8356660218730338">
    <name>139.3</name>
  </wpt>
  <wpt lat="50.6029653653782" lon="3.8361958190767038">
    <name>139.4</name>
  </wpt>
  <wpt lat="50.60379898828046" lon="3.8367273590643443">
    <name>139.5</name>
  </wpt>
  <wpt lat="50.604629774645517" lon="3.8372611520925979">
    <name>139.6</name>
  </wpt>
  <wpt lat="50.605464099042642" lon="3.8377741303172157">
    <name>139.7</name>
  </wpt>
  <wpt lat="50.606307151387185" lon="3.8382674726203065">
    <name>139.8</name>
  </wpt>
  <wpt lat="50.6071471505629" lon="3.8387733703927154">
    <name>139.9</name>
  </wpt>
  <wpt lat="50.607987600971605" lon="3.8392775911123791">
    <name>140.0</name>
  </wpt>
  <wpt lat="50.608830716703984" lon="3.8397703571093431">
    <name>140.1</name>
  </wpt>
  <wpt lat="50.609414918780253" lon="3.8407743864841324">
    <name>140.2</name>
  </wpt>
  <wpt lat="50.610134303075341" lon="3.8414267497208128">
    <name>140.3</name>
  </wpt>
  <wpt lat="50.611030658261441" lon="3.8415088712080974">
    <name>140.4</name>
  </wpt>
  <wpt lat="50.611928523623718" lon="3.8414293863367273">
    <name>140.5</name>
  </wpt>
  <wpt lat="50.612824184253256" lon="3.8413020833135088">
    <name>140.6</name>
  </wpt>
  <wpt lat="50.613539805277284" lon="3.8418549530249853">
    <name>140.7</name>
  </wpt>
  <wpt lat="50.613570149649263" lon="3.84325870914825">
    <name>140.8</name>
  </wpt>
  <wpt lat="50.613727623614579" lon="3.8446402962426558">
    <name>140.9</name>
  </wpt>
  <wpt lat="50.614149183175378" lon="3.8458905757372888">
    <name>141.0</name>
  </wpt>
  <wpt lat="50.614592482722259" lon="3.8471229651732446">
    <name>141.1</name>
  </wpt>
  <wpt lat="50.61518670169766" lon="3.8481855286755025">
    <name>141.2</name>
  </wpt>
  <wpt lat="50.615797811640014" lon="3.84922535288308">
    <name>141.3</name>
  </wpt>
  <wpt lat="50.61637457391862" lon="3.8503102501643851">
    <name>141.4</name>
  </wpt>
  <wpt lat="50.616858550852236" lon="3.8515048605492535">
    <name>141.5</name>
  </wpt>
  <wpt lat="50.61740285001683" lon="3.8526298561155556">
    <name>141.6</name>
  </wpt>
  <wpt lat="50.61809465114677" lon="3.8535226510215268">
    <name>141.7</name>
  </wpt>
  <wpt lat="50.618870462350451" lon="3.8542394083634846">
    <name>141.8</name>
  </wpt>
  <wpt lat="50.619681036534594" lon="3.854821678812014">
    <name>141.9</name>
  </wpt>
  <wpt lat="50.620579091529535" lon="3.854884937401053">
    <name>142.0</name>
  </wpt>
  <wpt lat="50.6214216100238" lon="3.8553310799364993">
    <name>142.1</name>
  </wpt>
  <wpt lat="50.622177956552164" lon="3.8560977801034264">
    <name>142.2</name>
  </wpt>
  <wpt lat="50.622944565484367" lon="3.8568376740082386">
    <name>142.3</name>
  </wpt>
  <wpt lat="50.6238047184657" lon="3.8572408045325957">
    <name>142.4</name>
  </wpt>
  <wpt lat="50.624640350908216" lon="3.8577391782712658">
    <name>142.5</name>
  </wpt>
  <wpt lat="50.625423114935863" lon="3.8584371470957861">
    <name>142.6</name>
  </wpt>
  <wpt lat="50.626207577475057" lon="3.8591301968747413">
    <name>142.7</name>
  </wpt>
  <wpt lat="50.6270051732539" lon="3.85978513794407">
    <name>142.8</name>
  </wpt>
  <wpt lat="50.627812662367276" lon="3.8604054386237441">
    <name>142.9</name>
  </wpt>
  <wpt lat="50.628676871844952" lon="3.8607977109682019">
    <name>143.0</name>
  </wpt>
  <wpt lat="50.629541235897342" lon="3.8611891467160442">
    <name>143.1</name>
  </wpt>
  <wpt lat="50.6304055999497" lon="3.8615805896607949">
    <name>143.2</name>
  </wpt>
  <wpt lat="50.63126996400203" lon="3.861972039802759">
    <name>143.3</name>
  </wpt>
  <wpt lat="50.632137848405485" lon="3.8623419453275503">
    <name>143.4</name>
  </wpt>
  <wpt lat="50.633032000226429" lon="3.8624834934155139">
    <name>143.5</name>
  </wpt>
  <wpt lat="50.63392842352512" lon="3.8624373053651126">
    <name>143.6</name>
  </wpt>
  <wpt lat="50.634798298922789" lon="3.8620828107011014">
    <name>143.7</name>
  </wpt>
  <wpt lat="50.635661383600507" lon="3.8616843691442408">
    <name>143.8</name>
  </wpt>
  <wpt lat="50.636550028710609" lon="3.8616685794931387">
    <name>143.9</name>
  </wpt>
  <wpt lat="50.637417061058379" lon="3.8620403294399095">
    <name>144.0</name>
  </wpt>
  <wpt lat="50.638276984087859" lon="3.8624554397206174">
    <name>144.1</name>
  </wpt>
  <wpt lat="50.63909896411414" lon="3.8630252690008229">
    <name>144.2</name>
  </wpt>
  <wpt lat="50.639879128445131" lon="3.8637282866682758">
    <name>144.3</name>
  </wpt>
  <wpt lat="50.640616068263036" lon="3.8645357009414365">
    <name>144.4</name>
  </wpt>
  <wpt lat="50.641360066514487" lon="3.8653300579236722">
    <name>144.5</name>
  </wpt>
  <wpt lat="50.642119544735728" lon="3.8660895338878016">
    <name>144.6</name>
  </wpt>
  <wpt lat="50.642918098498974" lon="3.8667410138396647">
    <name>144.7</name>
  </wpt>
  <wpt lat="50.643719201436575" lon="3.8673854596051429">
    <name>144.8</name>
  </wpt>
  <wpt lat="50.644512006992834" lon="3.8680543148600575">
    <name>144.9</name>
  </wpt>
  <wpt lat="50.645249512959012" lon="3.8688610297604895">
    <name>145.0</name>
  </wpt>
  <wpt lat="50.645954623734106" lon="3.8697397135448983">
    <name>145.1</name>
  </wpt>
  <wpt lat="50.646747044991528" lon="3.8704002520268146">
    <name>145.2</name>
  </wpt>
  <wpt lat="50.647586338850786" lon="3.8709097283752349">
    <name>145.3</name>
  </wpt>
  <wpt lat="50.648060888471754" lon="3.8719326938891667">
    <name>145.4</name>
  </wpt>
  <wpt lat="50.648175347628666" lon="3.8733394656236486">
    <name>145.5</name>
  </wpt>
  <wpt lat="50.648485880994436" lon="3.874493419124482">
    <name>145.6</name>
  </wpt>
  <wpt lat="50.6493769652198" lon="3.8743018908670535">
    <name>145.7</name>
  </wpt>
  <wpt lat="50.65026804944516" lon="3.8741103589768722">
    <name>145.8</name>
  </wpt>
  <wpt lat="50.651159178719368" lon="3.8739193499903375">
    <name>145.9</name>
  </wpt>
  <wpt lat="50.652050755993649" lon="3.8737336496648735">
    <name>146.0</name>
  </wpt>
  <wpt lat="50.652942933404582" lon="3.8735552144994059">
    <name>146.1</name>
  </wpt>
  <wpt lat="50.653840940135062" lon="3.8734955149680523">
    <name>146.2</name>
  </wpt>
  <wpt lat="50.654738017590866" lon="3.8734320571073395">
    <name>146.3</name>
  </wpt>
  <wpt lat="50.655635203053087" lon="3.8734524278487492">
    <name>146.4</name>
  </wpt>
  <wpt lat="50.656531749301251" lon="3.8733682824680615">
    <name>146.5</name>
  </wpt>
  <wpt lat="50.657145601222837" lon="3.8738266131642543">
    <name>146.6</name>
  </wpt>
  <wpt lat="50.656890991646009" lon="3.8751856043226223">
    <name>146.7</name>
  </wpt>
  <wpt lat="50.656642122372389" lon="3.876541312193273">
    <name>146.8</name>
  </wpt>
  <wpt lat="50.656758594621515" lon="3.8776529070640091">
    <name>146.9</name>
  </wpt>
  <wpt lat="50.657582980648904" lon="3.8781892509678526">
    <name>147.0</name>
  </wpt>
  <wpt lat="50.658455133472032" lon="3.87853308894219">
    <name>147.1</name>
  </wpt>
  <wpt lat="50.658997607916262" lon="3.8796017999716761">
    <name>147.2</name>
  </wpt>
  <wpt lat="50.65926800006914" lon="3.8808693887895935">
    <name>147.3</name>
  </wpt>
  <wpt lat="50.659555221390384" lon="3.8821882594687991">
    <name>147.4</name>
  </wpt>
  <wpt lat="50.660089300618658" lon="3.8833222741724835">
    <name>147.5</name>
  </wpt>
  <wpt lat="50.660673775861888" lon="3.8843993242921826">
    <name>147.6</name>
  </wpt>
  <wpt lat="50.661090284807038" lon="3.8856384471514">
    <name>147.7</name>
  </wpt>
  <wpt lat="50.6617587867298" lon="3.8865599701346913">
    <name>147.8</name>
  </wpt>
  <wpt lat="50.662369696902942" lon="3.8876010619956438">
    <name>147.9</name>
  </wpt>
  <wpt lat="50.663135553480508" lon="3.8880660000000495">
    <name>148.0</name>
  </wpt>
  <wpt lat="50.663706453472251" lon="3.8891493957070886">
    <name>148.1</name>
  </wpt>
  <wpt lat="50.664259173597252" lon="3.8902657019800881">
    <name>148.2</name>
  </wpt>
  <wpt lat="50.66475311772458" lon="3.8914509978266119">
    <name>148.3</name>
  </wpt>
  <wpt lat="50.665133938318782" lon="3.8927205778903784">
    <name>148.4</name>
  </wpt>
  <wpt lat="50.665295572669677" lon="3.8941162940146503">
    <name>148.5</name>
  </wpt>
  <wpt lat="50.665468543722341" lon="3.8955085202498028">
    <name>148.6</name>
  </wpt>
  <wpt lat="50.665996407692816" lon="3.8955171786740159">
    <name>148.7</name>
  </wpt>
  <wpt lat="50.666872172011743" lon="3.8955469006955381">
    <name>148.8</name>
  </wpt>
  <wpt lat="50.667722741519263" lon="3.8960077241109041">
    <name>148.9</name>
  </wpt>
  <wpt lat="50.668343440166439" lon="3.89697578209263">
    <name>149.0</name>
  </wpt>
  <wpt lat="50.668756710860187" lon="3.8982229471077146">
    <name>149.1</name>
  </wpt>
  <wpt lat="50.668964267581778" lon="3.8995951226033228">
    <name>149.2</name>
  </wpt>
  <wpt lat="50.669166294516472" lon="3.9009748652598715">
    <name>149.3</name>
  </wpt>
  <wpt lat="50.669604971510559" lon="3.902209675040639">
    <name>149.4</name>
  </wpt>
  <wpt lat="50.670074392508091" lon="3.90341951590894">
    <name>149.5</name>
  </wpt>
  <wpt lat="50.670516886125924" lon="3.9046548454436385">
    <name>149.6</name>
  </wpt>
  <wpt lat="50.670796521922462" lon="3.9059747939208185">
    <name>149.7</name>
  </wpt>
  <wpt lat="50.6708592257826" lon="3.90738903777058">
    <name>149.8</name>
  </wpt>
  <wpt lat="50.671149368386658" lon="3.9087307575935988">
    <name>149.9</name>
  </wpt>
  <wpt lat="50.671588673853869" lon="3.9099494311052951">
    <name>150.0</name>
  </wpt>
  <wpt lat="50.672255017072629" lon="3.9108410746147477">
    <name>150.1</name>
  </wpt>
  <wpt lat="50.672789905834954" lon="3.9119818288317689">
    <name>150.2</name>
  </wpt>
  <wpt lat="50.673314706673004" lon="3.9131341594211424">
    <name>150.3</name>
  </wpt>
  <wpt lat="50.67395751617007" lon="3.914122197611857">
    <name>150.4</name>
  </wpt>
  <wpt lat="50.674371975211692" lon="3.9153686583908649">
    <name>150.5</name>
  </wpt>
  <wpt lat="50.67479529735882" lon="3.91660758430861">
    <name>150.6</name>
  </wpt>
  <wpt lat="50.675241707784892" lon="3.9178253930823468">
    <name>150.7</name>
  </wpt>
  <wpt lat="50.675736792250724" lon="3.9190019224393837">
    <name>150.8</name>
  </wpt>
  <wpt lat="50.676267418078282" lon="3.9201466150701956">
    <name>150.9</name>
  </wpt>
  <wpt lat="50.676663261925007" lon="3.9214165357008368">
    <name>151.0</name>
  </wpt>
  <wpt lat="50.677210924314082" lon="3.9225358483100474">
    <name>151.1</name>
  </wpt>
  <wpt lat="50.67760272576654" lon="3.9238085866762153">
    <name>151.2</name>
  </wpt>
  <wpt lat="50.677981440447233" lon="3.9250953273970159">
    <name>151.3</name>
  </wpt>
  <wpt lat="50.678300347019217" lon="3.92642120720981">
    <name>151.4</name>
  </wpt>
  <wpt lat="50.678533341466668" lon="3.9277872950598414">
    <name>151.5</name>
  </wpt>
  <wpt lat="50.678873104364186" lon="3.9290821955566777">
    <name>151.6</name>
  </wpt>
  <wpt lat="50.678859000077182" lon="3.9304931880121035">
    <name>151.7</name>
  </wpt>
  <wpt lat="50.679042265308517" lon="3.9315465238253116">
    <name>151.8</name>
  </wpt>
  <wpt lat="50.679761782002558" lon="3.9319677877539583">
    <name>151.9</name>
  </wpt>
  <wpt lat="50.6805712198662" lon="3.9313494243289706">
    <name>152.0</name>
  </wpt>
  <wpt lat="50.681384598846044" lon="3.9307441646362991">
    <name>152.1</name>
  </wpt>
  <wpt lat="50.682151160259984" lon="3.9300068065763352">
    <name>152.2</name>
  </wpt>
  <wpt lat="50.682911394931374" lon="3.929250304031457">
    <name>152.3</name>
  </wpt>
  <wpt lat="50.683691614899992" lon="3.9285454302919325">
    <name>152.4</name>
  </wpt>
  <wpt lat="50.684447491849433" lon="3.9277789118199675">
    <name>152.5</name>
  </wpt>
  <wpt lat="50.685189457331511" lon="3.926979842156427">
    <name>152.6</name>
  </wpt>
  <wpt lat="50.686048617590473" lon="3.9265819008728289">
    <name>152.7</name>
  </wpt>
  <wpt lat="50.686925415493413" lon="3.9262690820415074">
    <name>152.8</name>
  </wpt>
  <wpt lat="50.687813215777638" lon="3.9263684258891973">
    <name>152.9</name>
  </wpt>
  <wpt lat="50.688678055038821" lon="3.926749242864056">
    <name>153.0</name>
  </wpt>
  <wpt lat="50.68934457185815" lon="3.92764654299062">
    <name>153.1</name>
  </wpt>
  <wpt lat="50.6902265549623" lon="3.9278682829940785">
    <name>153.2</name>
  </wpt>
  <wpt lat="50.691123573622527" lon="3.9278724677153161">
    <name>153.3</name>
  </wpt>
  <wpt lat="50.692008808056173" lon="3.9281121035875364">
    <name>153.4</name>
  </wpt>
  <wpt lat="50.692904180494416" lon="3.9281230112196157">
    <name>153.5</name>
  </wpt>
  <wpt lat="50.693787079346464" lon="3.9278543804492214">
    <name>153.6</name>
  </wpt>
  <wpt lat="50.6946742068997" lon="3.9277001555905717">
    <name>153.7</name>
  </wpt>
  <wpt lat="50.695560779018209" lon="3.9279365929991958">
    <name>153.8</name>
  </wpt>
  <wpt lat="50.696430616320526" lon="3.92829367845542">
    <name>153.9</name>
  </wpt>
  <wpt lat="50.697219373498989" lon="3.9289568958440428">
    <name>154.0</name>
  </wpt>
  <wpt lat="50.698065574986749" lon="3.9293969149052947">
    <name>154.1</name>
  </wpt>
  <wpt lat="50.698958421861249" lon="3.9295629471043094">
    <name>154.2</name>
  </wpt>
  <wpt lat="50.699855698617576" lon="3.9296580534306025">
    <name>154.3</name>
  </wpt>
  <wpt lat="50.7007365105725" lon="3.9299278050610353">
    <name>154.4</name>
  </wpt>
  <wpt lat="50.701619390325142" lon="3.9301860614112516">
    <name>154.5</name>
  </wpt>
  <wpt lat="50.702469783711393" lon="3.9306378516312854">
    <name>154.6</name>
  </wpt>
  <wpt lat="50.703315844444084" lon="3.9311179829938574">
    <name>154.7</name>
  </wpt>
  <wpt lat="50.704208826587873" lon="3.9312697252378288">
    <name>154.8</name>
  </wpt>
  <wpt lat="50.705105333386285" lon="3.9313101470722569">
    <name>154.9</name>
  </wpt>
  <wpt lat="50.705998756483694" lon="3.9311740000000213">
    <name>155.0</name>
  </wpt>
  <wpt lat="50.706894367173255" lon="3.9310952374781141">
    <name>155.1</name>
  </wpt>
  <wpt lat="50.70772723337619" lon="3.9305871302922268">
    <name>155.2</name>
  </wpt>
  <wpt lat="50.708442390776078" lon="3.9297349372043553">
    <name>155.3</name>
  </wpt>
  <wpt lat="50.709210766385972" lon="3.9301168800582187">
    <name>155.4</name>
  </wpt>
  <wpt lat="50.709947271796764" lon="3.9309314110451692">
    <name>155.5</name>
  </wpt>
  <wpt lat="50.71072484418935" lon="3.9316443750053063">
    <name>155.6</name>
  </wpt>
  <wpt lat="50.711539415890435" lon="3.9322394341970437">
    <name>155.7</name>
  </wpt>
  <wpt lat="50.712381897515158" lon="3.9327361983689451">
    <name>155.8</name>
  </wpt>
  <wpt lat="50.713182567419878" lon="3.9333758662888965">
    <name>155.9</name>
  </wpt>
  <wpt lat="50.713860628102196" lon="3.9343042098770487">
    <name>156.0</name>
  </wpt>
  <wpt lat="50.714461176030895" lon="3.9353614106693651">
    <name>156.1</name>
  </wpt>
  <wpt lat="50.715057110506741" lon="3.9364233796386277">
    <name>156.2</name>
  </wpt>
  <wpt lat="50.715542209898487" lon="3.9376189970630344">
    <name>156.3</name>
  </wpt>
  <wpt lat="50.71601696378417" lon="3.9388221988311116">
    <name>156.4</name>
  </wpt>
  <wpt lat="50.7164596382029" lon="3.9400493800979883">
    <name>156.5</name>
  </wpt>
  <wpt lat="50.717149624210677" lon="3.9404872992954636">
    <name>156.6</name>
  </wpt>
  <wpt lat="50.717969289616313" lon="3.93993765853236">
    <name>156.7</name>
  </wpt>
  <wpt lat="50.71879967594667" lon="3.9394780127117164">
    <name>156.8</name>
  </wpt>
  <wpt lat="50.719494507164235" lon="3.9385821112499">
    <name>156.9</name>
  </wpt>
  <wpt lat="50.720128362478171" lon="3.9375810955973329">
    <name>157.0</name>
  </wpt>
  <wpt lat="50.720936773075508" lon="3.9369973997374736">
    <name>157.1</name>
  </wpt>
  <wpt lat="50.721827791926579" lon="3.9368061835907771">
    <name>157.2</name>
  </wpt>
  <wpt lat="50.722719473549766" lon="3.9366215525161956">
    <name>157.3</name>
  </wpt>
  <wpt lat="50.723612533753261" lon="3.9364542121357031">
    <name>157.4</name>
  </wpt>
  <wpt lat="50.724394372485726" lon="3.9358091923952156">
    <name>157.5</name>
  </wpt>
  <wpt lat="50.725012872859523" lon="3.9347811160111226">
    <name>157.6</name>
  </wpt>
  <wpt lat="50.725733113351787" lon="3.9339343779376725">
    <name>157.7</name>
  </wpt>
  <wpt lat="50.726548623276251" lon="3.9333518414249045">
    <name>157.8</name>
  </wpt>
  <wpt lat="50.727435837434115" lon="3.93314292834851">
    <name>157.9</name>
  </wpt>
  <wpt lat="50.728330562187949" lon="3.9330087816189168">
    <name>158.0</name>
  </wpt>
  <wpt lat="50.7292166660267" lon="3.9327770279589314">
    <name>158.1</name>
  </wpt>
  <wpt lat="50.73008896824" lon="3.9324462830091775">
    <name>158.2</name>
  </wpt>
  <wpt lat="50.7308067763182" lon="3.9315984134296347">
    <name>158.3</name>
  </wpt>
  <wpt lat="50.731649386212204" lon="3.931150666177333">
    <name>158.4</name>
  </wpt>
  <wpt lat="50.732531473334753" lon="3.9308738360634794">
    <name>158.5</name>
  </wpt>
  <wpt lat="50.733413560457279" lon="3.9305970007364679">
    <name>158.6</name>
  </wpt>
  <wpt lat="50.7342730948879" lon="3.9301935430978125">
    <name>158.7</name>
  </wpt>
  <wpt lat="50.735115196540043" lon="3.9296947943001959">
    <name>158.8</name>
  </wpt>
  <wpt lat="50.735956784934238" lon="3.9291939287620163">
    <name>158.9</name>
  </wpt>
  <wpt lat="50.736765113950334" lon="3.9285863549015239">
    <name>159.0</name>
  </wpt>
  <wpt lat="50.737552417251756" lon="3.9279332755274874">
    <name>159.1</name>
  </wpt>
  <wpt lat="50.738426297888466" lon="3.9281438530296717">
    <name>159.2</name>
  </wpt>
  <wpt lat="50.739215583527795" lon="3.9288244458886692">
    <name>159.3</name>
  </wpt>
  <wpt lat="50.740003976966328" lon="3.9295074391903482">
    <name>159.4</name>
  </wpt>
  <wpt lat="50.74088300774261" lon="3.9297369999999625">
    <name>159.5</name>
  </wpt>
  <wpt lat="50.741782329348531" lon="3.9297369999999625">
    <name>159.6</name>
  </wpt>
  <wpt lat="50.74262871581022" lon="3.9294618188875829">
    <name>159.7</name>
  </wpt>
  <wpt lat="50.742168594923449" lon="3.9282541915557774">
    <name>159.8</name>
  </wpt>
  <wpt lat="50.741767544637675" lon="3.926983118050805">
    <name>159.9</name>
  </wpt>
  <wpt lat="50.7413430000122" lon="3.9257379395395406">
    <name>160.0</name>
  </wpt>
  <wpt lat="50.74201008653332" lon="3.9248176783102804">
    <name>160.1</name>
  </wpt>
  <wpt lat="50.742586756057641" lon="3.923730571332555">
    <name>160.2</name>
  </wpt>
  <wpt lat="50.743362796048892" lon="3.9230259564882473">
    <name>160.3</name>
  </wpt>
  <wpt lat="50.743693888692981" lon="3.9225932369819683">
    <name>160.43</name>
  </wpt>
  <wpt lat="50.744354884280519" lon="3.9219885972226591">
    <name>160.5</name>
  </wpt>
  <wpt lat="50.745216628561906" lon="3.9215847838435938">
    <name>160.6</name>
  </wpt>
  <wpt lat="50.746090259822353" lon="3.9212522332521345">
    <name>160.7</name>
  </wpt>
  <wpt lat="50.746969563965663" lon="3.9209544462801831">
    <name>160.8</name>
  </wpt>
  <wpt lat="50.747844467835478" lon="3.9206255289202017">
    <name>160.9</name>
  </wpt>
  <wpt lat="50.748737076981214" lon="3.9204906627403866">
    <name>161.0</name>
  </wpt>
  <wpt lat="50.749635326336879" lon="3.9204399535376124">
    <name>161.1</name>
  </wpt>
  <wpt lat="50.750524456897004" lon="3.9202408631341386">
    <name>161.2</name>
  </wpt>
  <wpt lat="50.751242637974642" lon="3.9194727381120975">
    <name>161.3</name>
  </wpt>
  <wpt lat="50.751038437930106" lon="3.9183423688976977">
    <name>161.4</name>
  </wpt>
  <wpt lat="50.750495520336351" lon="3.9172254843532426">
    <name>161.5</name>
  </wpt>
  <wpt lat="50.750308479656255" lon="3.9158411492637648">
    <name>161.6</name>
  </wpt>
  <wpt lat="50.750144264793327" lon="3.9144449510451613">
    <name>161.7</name>
  </wpt>
  <wpt lat="50.75003635719451" lon="3.9130346973447541">
    <name>161.8</name>
  </wpt>
  <wpt lat="50.749938128190429" lon="3.911626416040753">
    <name>161.9</name>
  </wpt>
  <wpt lat="50.749884000000016" lon="3.9102099633367811">
    <name>162.0</name>
  </wpt>
  <wpt lat="50.749949724444342" lon="3.908794815761973">
    <name>162.1</name>
  </wpt>
  <wpt lat="50.7499910002583" lon="3.9073755305937072">
    <name>162.2</name>
  </wpt>
  <wpt lat="50.7499926662275" lon="3.9059578636782288">
    <name>162.3</name>
  </wpt>
  <wpt lat="50.750122586493021" lon="3.9045515889708078">
    <name>162.4</name>
  </wpt>
  <wpt lat="50.7502194683888" lon="3.9031384815561334">
    <name>162.5</name>
  </wpt>
  <wpt lat="50.750054468392754" lon="3.9017522787127374">
    <name>162.6</name>
  </wpt>
  <wpt lat="50.750024384241776" lon="3.9003393574785745">
    <name>162.7</name>
  </wpt>
  <wpt lat="50.750295892501" lon="3.8991751355344593">
    <name>162.8</name>
  </wpt>
  <wpt lat="50.751163424192207" lon="3.8989217172508503">
    <name>162.9</name>
  </wpt>
  <wpt lat="50.751884232997476" lon="3.8984266399490739">
    <name>163.0</name>
  </wpt>
  <wpt lat="50.752387530679378" lon="3.8975949672284229">
    <name>163.1</name>
  </wpt>
  <wpt lat="50.753226405993928" lon="3.8974175548082255">
    <name>163.2</name>
  </wpt>
  <wpt lat="50.754037965681221" lon="3.8968050701701853">
    <name>163.3</name>
  </wpt>
  <wpt lat="50.754851703830774" lon="3.8961999722413387">
    <name>163.4</name>
  </wpt>
  <wpt lat="50.75572675850627" lon="3.8960010725914542">
    <name>163.5</name>
  </wpt>
  <wpt lat="50.7565269295072" lon="3.8954238636600369">
    <name>163.6</name>
  </wpt>
  <wpt lat="50.757223500791142" lon="3.8945498611895393">
    <name>163.7</name>
  </wpt>
  <wpt lat="50.757811326442756" lon="3.8934739742187379">
    <name>163.8</name>
  </wpt>
  <wpt lat="50.758402078279786" lon="3.8924020742654877">
    <name>163.9</name>
  </wpt>
  <wpt lat="50.759006064854034" lon="3.891357183573636">
    <name>164.0</name>
  </wpt>
  <wpt lat="50.759843727088494" lon="3.8908408231763802">
    <name>164.1</name>
  </wpt>
  <wpt lat="50.760729852068124" lon="3.8907306579193617">
    <name>164.2</name>
  </wpt>
  <wpt lat="50.761477400373387" lon="3.889956792933392">
    <name>164.3</name>
  </wpt>
  <wpt lat="50.762153055384047" lon="3.8890244561269811">
    <name>164.4</name>
  </wpt>
  <wpt lat="50.762589169638126" lon="3.8878399452047128">
    <name>164.5</name>
  </wpt>
  <wpt lat="50.76314408033349" lon="3.886749235448939">
    <name>164.6</name>
  </wpt>
  <wpt lat="50.763785874350148" lon="3.8860428970799625">
    <name>164.7</name>
  </wpt>
  <wpt lat="50.764489529039132" lon="3.886920354919722">
    <name>164.8</name>
  </wpt>
  <wpt lat="50.765288501185083" lon="3.8875705011600745">
    <name>164.9</name>
  </wpt>
  <wpt lat="50.766058754476362" lon="3.8883019583247247">
    <name>165.0</name>
  </wpt>
  <wpt lat="50.766555786192512" lon="3.8872727107820291">
    <name>165.1</name>
  </wpt>
  <wpt lat="50.767401138273677" lon="3.8868283734394482">
    <name>165.2</name>
  </wpt>
  <wpt lat="50.768294779544426" lon="3.8866780318088612">
    <name>165.3</name>
  </wpt>
  <wpt lat="50.769188483264656" lon="3.8865227242791187">
    <name>165.4</name>
  </wpt>
  <wpt lat="50.770080349733284" lon="3.8863490000000036">
    <name>165.5</name>
  </wpt>
  <wpt lat="50.770968699749218" lon="3.8862493002684984">
    <name>165.6</name>
  </wpt>
  <wpt lat="50.770710218393262" lon="3.8853683250830358">
    <name>165.7</name>
  </wpt>
  <wpt lat="50.770152643221643" lon="3.8853259963931026">
    <name>165.8</name>
  </wpt>
  <wpt lat="50.771021566347223" lon="3.884967401491223">
    <name>165.9</name>
  </wpt>
  <wpt lat="50.7718504269848" lon="3.8846902670459187">
    <name>166.0</name>
  </wpt>
  <wpt lat="50.772600170890541" lon="3.8853270165776443">
    <name>166.1</name>
  </wpt>
  <wpt lat="50.773308007938645" lon="3.8862026049348923">
    <name>166.2</name>
  </wpt>
  <wpt lat="50.774187554806723" lon="3.89196545935069">
    <name>167.11</name>
  </wpt>
  <wpt lat="50.77419500004028" lon="3.8920102983692808">
    <name>167.1</name>
  </wpt>
  <wpt lat="50.7743242701421" lon="3.8933896537199661">
    <name>167.2</name>
  </wpt>
  <wpt lat="50.774556996385222" lon="3.8947610416024525">
    <name>167.3</name>
  </wpt>
  <wpt lat="50.774758955776207" lon="3.8961452482981791">
    <name>167.4</name>
  </wpt>
  <wpt lat="50.774978593966367" lon="3.8975243234243897">
    <name>167.5</name>
  </wpt>
  <wpt lat="50.775252176621692" lon="3.8988720223614668">
    <name>167.6</name>
  </wpt>
  <wpt lat="50.775858922498728" lon="3.8999096412664711">
    <name>167.7</name>
  </wpt>
  <wpt lat="50.776517375135015" lon="3.9008758859991137">
    <name>167.8</name>
  </wpt>
  <wpt lat="50.777094259988573" lon="3.9019660148674387">
    <name>167.9</name>
  </wpt>
  <wpt lat="50.777662608551971" lon="3.9030682170326858">
    <name>168.0</name>
  </wpt>
  <wpt lat="50.778227047315923" lon="3.9041754052801259">
    <name>168.1</name>
  </wpt>
  <wpt lat="50.778725176053477" lon="3.9053562786483136">
    <name>168.2</name>
  </wpt>
  <wpt lat="50.779358053482738" lon="3.9063559923871813">
    <name>168.3</name>
  </wpt>
  <wpt lat="50.779807457866617" lon="3.9075846581407556">
    <name>168.4</name>
  </wpt>
  <wpt lat="50.780245089625367" lon="3.90882600787312">
    <name>168.5</name>
  </wpt>
  <wpt lat="50.78078009375546" lon="3.909961666986066">
    <name>168.6</name>
  </wpt>
  <wpt lat="50.781477591098195" lon="3.9108576871921867">
    <name>168.7</name>
  </wpt>
  <wpt lat="50.782314004551537" lon="3.9113116378466839">
    <name>168.8</name>
  </wpt>
  <wpt lat="50.785484220101857" lon="3.91642241763778">
    <name>169.33</name>
  </wpt>
  <wpt lat="50.785795863076949" lon="3.9175732563735788">
    <name>169.4</name>
  </wpt>
  <wpt lat="50.786378342321719" lon="3.9186460086321273">
    <name>169.5</name>
  </wpt>
  <wpt lat="50.786996287904557" lon="3.9196795098458042">
    <name>169.6</name>
  </wpt>
  <wpt lat="50.787609387658478" lon="3.9207183653629873">
    <name>169.7</name>
  </wpt>
  <wpt lat="50.788175023746653" lon="3.921808027524555">
    <name>169.8</name>
  </wpt>
  <wpt lat="50.788938357673608" lon="3.9225569554724067">
    <name>169.9</name>
  </wpt>
  <wpt lat="50.789691127479912" lon="3.9233335774324849">
    <name>170.0</name>
  </wpt>
  <wpt lat="50.790298349293884" lon="3.9243713627500134">
    <name>170.1</name>
  </wpt>
  <wpt lat="50.790794461967316" lon="3.9255563206714057">
    <name>170.2</name>
  </wpt>
  <wpt lat="50.791408266032541" lon="3.9265905928222256">
    <name>170.3</name>
  </wpt>
  <wpt lat="50.79179000013491" lon="3.92785858759169">
    <name>170.4</name>
  </wpt>
  <wpt lat="50.791656022032704" lon="3.9292614380931781">
    <name>170.5</name>
  </wpt>
  <wpt lat="50.791627884431684" lon="3.9306810633488434">
    <name>170.6</name>
  </wpt>
  <wpt lat="50.791662000547554" lon="3.932102444837188">
    <name>170.7</name>
  </wpt>
  <wpt lat="50.791684763488121" lon="3.93352437539573">
    <name>170.8</name>
  </wpt>
  <wpt lat="50.791721061761656" lon="3.9349458747764983">
    <name>170.9</name>
  </wpt>
  <wpt lat="50.791777577175381" lon="3.9363646695156493">
    <name>171.0</name>
  </wpt>
  <wpt lat="50.792162894027783" lon="3.9376403738826919">
    <name>171.1</name>
  </wpt>
  <wpt lat="50.792565434148749" lon="3.9389125784780972">
    <name>171.2</name>
  </wpt>
  <wpt lat="50.7929679742696" lon="3.9401847940298773">
    <name>171.3</name>
  </wpt>
  <wpt lat="50.793367717882234" lon="3.9414591320611621">
    <name>171.4</name>
  </wpt>
  <wpt lat="50.793581407302092" lon="3.9428344077865178">
    <name>171.5</name>
  </wpt>
  <wpt lat="50.79387811374221" lon="3.944176443473729">
    <name>171.6</name>
  </wpt>
  <wpt lat="50.794191984656287" lon="3.945509711236896">
    <name>171.7</name>
  </wpt>
  <wpt lat="50.794528322260945" lon="3.9468287110897755">
    <name>171.8</name>
  </wpt>
  <wpt lat="50.794855205162591" lon="3.9481496426881124">
    <name>171.9</name>
  </wpt>
  <wpt lat="50.795083943000435" lon="3.9495247383755494">
    <name>172.0</name>
  </wpt>
  <wpt lat="50.794945000029685" lon="3.9508778396158428">
    <name>172.1</name>
  </wpt>
  <wpt lat="50.795128583026646" lon="3.9522246125165625">
    <name>172.2</name>
  </wpt>
  <wpt lat="50.7951774704151" lon="3.9536452724792333">
    <name>172.3</name>
  </wpt>
  <wpt lat="50.795285565007546" lon="3.9550531957633077">
    <name>172.4</name>
  </wpt>
  <wpt lat="50.795523120286447" lon="3.956423862404284">
    <name>172.5</name>
  </wpt>
  <wpt lat="50.795643744584162" lon="3.9578324357131276">
    <name>172.6</name>
  </wpt>
  <wpt lat="50.796021316258653" lon="3.9591118499926328">
    <name>172.7</name>
  </wpt>
  <wpt lat="50.796395346160018" lon="3.9604048236478673">
    <name>172.8</name>
  </wpt>
  <wpt lat="50.796730655478257" lon="3.9617248685119351">
    <name>172.9</name>
  </wpt>
  <wpt lat="50.797145387853881" lon="3.9629846090549">
    <name>173.0</name>
  </wpt>
  <wpt lat="50.797805972829458" lon="3.9639192295050685">
    <name>173.1</name>
  </wpt>
  <wpt lat="50.798668690890722" lon="3.9643157993318594">
    <name>173.2</name>
  </wpt>
  <wpt lat="50.799536309699342" lon="3.964690266617124">
    <name>173.3</name>
  </wpt>
  <wpt lat="50.800398204382851" lon="3.9650953677132157">
    <name>173.4</name>
  </wpt>
  <wpt lat="50.801200001902295" lon="3.9657345466581506">
    <name>173.5</name>
  </wpt>
  <wpt lat="50.80203482843249" lon="3.9661704943797997">
    <name>173.6</name>
  </wpt>
  <wpt lat="50.8025750167627" lon="3.9667098472375781">
    <name>173.7</name>
  </wpt>
  <wpt lat="50.802308997408879" lon="3.9680691247824531">
    <name>173.8</name>
  </wpt>
  <wpt lat="50.801983517275396" lon="3.9693799255936444">
    <name>173.9</name>
  </wpt>
  <wpt lat="50.801266427547162" lon="3.9702325091847275">
    <name>174.0</name>
  </wpt>
  <wpt lat="50.800501971670109" lon="3.9709814253061064">
    <name>174.1</name>
  </wpt>
  <wpt lat="50.7999613830113" lon="3.9720486922528293">
    <name>174.2</name>
  </wpt>
  <wpt lat="50.800298169795965" lon="3.9733270336027968">
    <name>174.3</name>
  </wpt>
  <wpt lat="50.800734654277662" lon="3.9745710996037675">
    <name>174.4</name>
  </wpt>
  <wpt lat="50.801179561811573" lon="3.9758077137784453">
    <name>174.5</name>
  </wpt>
  <wpt lat="50.801595765715469" lon="3.9770647625790021">
    <name>174.6</name>
  </wpt>
  <wpt lat="50.8017118320507" lon="3.9784604370588719">
    <name>174.7</name>
  </wpt>
  <wpt lat="50.802008774905545" lon="3.9797957181335084">
    <name>174.8</name>
  </wpt>
  <wpt lat="50.802518869225395" lon="3.9809668654745858">
    <name>174.9</name>
  </wpt>
  <wpt lat="50.803198818126937" lon="3.98183382506637">
    <name>175.0</name>
  </wpt>
  <wpt lat="50.80400204510898" lon="3.982473837566801">
    <name>175.1</name>
  </wpt>
  <wpt lat="50.804863393274175" lon="3.9826818717693238">
    <name>175.2</name>
  </wpt>
  <wpt lat="50.805569678306355" lon="3.9834436399130047">
    <name>175.3</name>
  </wpt>
  <wpt lat="50.805820610283313" lon="3.9847572633194068">
    <name>175.4</name>
  </wpt>
  <wpt lat="50.806155915013122" lon="3.9859787711610855">
    <name>175.5</name>
  </wpt>
  <wpt lat="50.806917083419251" lon="3.9866529141707">
    <name>175.6</name>
  </wpt>
  <wpt lat="50.807807122680124" lon="3.9868506086981359">
    <name>175.7</name>
  </wpt>
  <wpt lat="50.808455322573529" lon="3.9877254539056026">
    <name>175.8</name>
  </wpt>
  <wpt lat="50.808851474978013" lon="3.988975913190834">
    <name>175.9</name>
  </wpt>
  <wpt lat="50.8095508179803" lon="3.9898682120153612">
    <name>176.0</name>
  </wpt>
  <wpt lat="50.810082546983594" lon="3.9910106603350379">
    <name>176.1</name>
  </wpt>
  <wpt lat="50.810756832442614" lon="3.9919300091918073">
    <name>176.2</name>
  </wpt>
  <wpt lat="50.811467068354588" lon="3.9927929827099264">
    <name>176.3</name>
  </wpt>
  <wpt lat="50.812349948868309" lon="3.9928702630271964">
    <name>176.4</name>
  </wpt>
  <wpt lat="50.813242181814388" lon="3.9928963817682956">
    <name>176.5</name>
  </wpt>
  <wpt lat="50.814133648158077" lon="3.9927526400643885">
    <name>176.6</name>
  </wpt>
  <wpt lat="50.814855366221749" lon="3.9935923661115229">
    <name>176.7</name>
  </wpt>
  <wpt lat="50.815606719166567" lon="3.9943727867012857">
    <name>176.8</name>
  </wpt>
  <wpt lat="50.816255445228293" lon="3.9953556080313049">
    <name>176.9</name>
  </wpt>
  <wpt lat="50.8167894156205" lon="3.9964936572938439">
    <name>177.0</name>
  </wpt>
  <wpt lat="50.817271386083462" lon="3.9976932269558003">
    <name>177.1</name>
  </wpt>
  <wpt lat="50.817686701492093" lon="3.9989477660331749">
    <name>177.2</name>
  </wpt>
  <wpt lat="50.818170715938322" lon="4.0000495921459214">
    <name>177.3</name>
  </wpt>
  <wpt lat="50.81902113991304" lon="4.0004723273920391">
    <name>177.4</name>
  </wpt>
  <wpt lat="50.819800482535939" lon="4.00117793438865">
    <name>177.5</name>
  </wpt>
  <wpt lat="50.820594312573022" lon="4.0018431832108812">
    <name>177.6</name>
  </wpt>
  <wpt lat="50.821178525200409" lon="4.0029210732488139">
    <name>177.7</name>
  </wpt>
  <wpt lat="50.821709990505553" lon="4.0040668463838713">
    <name>177.8</name>
  </wpt>
  <wpt lat="50.822080500759746" lon="4.0053623679452279">
    <name>177.9</name>
  </wpt>
  <wpt lat="50.822458126240136" lon="4.00665365450317">
    <name>178.0</name>
  </wpt>
  <wpt lat="50.822967113408978" lon="4.0078207145197373">
    <name>178.1</name>
  </wpt>
  <wpt lat="50.8234506494372" lon="4.009010906668264">
    <name>178.2</name>
  </wpt>
  <wpt lat="50.823859876871254" lon="4.0102786096083509">
    <name>178.3</name>
  </wpt>
  <wpt lat="50.824356457429396" lon="4.0114637303346532">
    <name>178.4</name>
  </wpt>
  <wpt lat="50.82487719057459" lon="4.0126244511692626">
    <name>178.5</name>
  </wpt>
  <wpt lat="50.825395827255043" lon="4.0137875329845727">
    <name>178.6</name>
  </wpt>
  <wpt lat="50.833020750686394" lon="4.0242723476327447">
    <name>180.18</name>
  </wpt>
  <wpt lat="50.833174649931024" lon="4.0246811098398858">
    <name>180.2</name>
  </wpt>
  <wpt lat="50.833683551807454" lon="4.0258549557505212">
    <name>180.3</name>
  </wpt>
  <wpt lat="50.834175404772537" lon="4.0270470654527175">
    <name>180.4</name>
  </wpt>
  <wpt lat="50.834903835460366" lon="4.0266335416153822">
    <name>180.5</name>
  </wpt>
  <wpt lat="50.835655010782077" lon="4.0263717591428625">
    <name>180.6</name>
  </wpt>
  <wpt lat="50.836316030115185" lon="4.0264747813700295">
    <name>180.7</name>
  </wpt>
  <wpt lat="50.837075440242891" lon="4.0257303500319663">
    <name>180.8</name>
  </wpt>
  <wpt lat="50.837781772435157" lon="4.02484896672536">
    <name>180.9</name>
  </wpt>
  <wpt lat="50.838460866961341" lon="4.0239182108573663">
    <name>181.0</name>
  </wpt>
  <wpt lat="50.839096093674193" lon="4.0229105343954839">
    <name>181.1</name>
  </wpt>
  <wpt lat="50.83985801872295" lon="4.0222289907152113">
    <name>181.2</name>
  </wpt>
  <wpt lat="50.840713710976239" lon="4.0217909903443827">
    <name>181.3</name>
  </wpt>
  <wpt lat="50.841562967400762" lon="4.0213331554651139">
    <name>181.4</name>
  </wpt>
  <wpt lat="50.842455398820796" lon="4.0212087366625155">
    <name>181.5</name>
  </wpt>
  <wpt lat="50.843353888925151" lon="4.0211537541847377">
    <name>181.6</name>
  </wpt>
  <wpt lat="50.844251964799767" lon="4.0210794286205775">
    <name>181.7</name>
  </wpt>
  <wpt lat="50.8451510187755" lon="4.0210599999999719">
    <name>181.8</name>
  </wpt>
  <wpt lat="50.846050340381431" lon="4.0210599999999719">
    <name>181.9</name>
  </wpt>
  <wpt lat="50.846948834336388" lon="4.0211037448835292">
    <name>182.0</name>
  </wpt>
  <wpt lat="50.847836125063857" lon="4.0213302166286189">
    <name>182.1</name>
  </wpt>
  <wpt lat="50.84871993851052" lon="4.0215913869460387">
    <name>182.2</name>
  </wpt>
  <wpt lat="50.849613486655464" lon="4.0217490010735766">
    <name>182.3</name>
  </wpt>
  <wpt lat="50.850512637846954" lon="4.0217616674372838">
    <name>182.4</name>
  </wpt>
  <wpt lat="50.851411616417295" lon="4.0217277097778634">
    <name>182.5</name>
  </wpt>
  <wpt lat="50.85230999745383" lon="4.02167291384262">
    <name>182.6</name>
  </wpt>
  <wpt lat="50.853208827090427" lon="4.0216267011724867">
    <name>182.7</name>
  </wpt>
  <wpt lat="50.854107494665591" lon="4.0215747144452187">
    <name>182.8</name>
  </wpt>
  <wpt lat="50.855006200137758" lon="4.0215239364158517">
    <name>182.9</name>
  </wpt>
  <wpt lat="50.8559051329177" lon="4.0214820491615662">
    <name>183.0</name>
  </wpt>
  <wpt lat="50.856804065697638" lon="4.0214401610998767">
    <name>183.1</name>
  </wpt>
  <wpt lat="50.857703012256394" lon="4.0213990704387665">
    <name>183.2</name>
  </wpt>
  <wpt lat="50.858602046251264" lon="4.0213630420888391">
    <name>183.3</name>
  </wpt>
  <wpt lat="50.859500870484084" lon="4.0213212268379346">
    <name>183.4</name>
  </wpt>
  <wpt lat="50.860399696616149" lon="4.0212739753930444">
    <name>183.5</name>
  </wpt>
  <wpt lat="50.861298148021504" lon="4.0212177980323718">
    <name>183.6</name>
  </wpt>
  <wpt lat="50.862181566792657" lon="4.0209646590139831">
    <name>183.7</name>
  </wpt>
  <wpt lat="50.863050818736085" lon="4.020599298827622">
    <name>183.8</name>
  </wpt>
  <wpt lat="50.863915002720873" lon="4.020205104919655">
    <name>183.9</name>
  </wpt>
  <wpt lat="50.864776336414181" lon="4.0197959329426727">
    <name>184.0</name>
  </wpt>
  <wpt lat="50.865629052910954" lon="4.01934318340852">
    <name>184.1</name>
  </wpt>
  <wpt lat="50.866476745986091" lon="4.0188677790894163">
    <name>184.2</name>
  </wpt>
  <wpt lat="50.8673213941921" lon="4.0183787205278474">
    <name>184.3</name>
  </wpt>
  <wpt lat="50.86818251300086" lon="4.0179679767139227">
    <name>184.4</name>
  </wpt>
  <wpt lat="50.869056699807381" lon="4.0176351928328993">
    <name>184.5</name>
  </wpt>
  <wpt lat="50.869945534676958" lon="4.0175150934588695">
    <name>184.6</name>
  </wpt>
  <wpt lat="50.870721976008468" lon="4.0177547199918617">
    <name>184.7</name>
  </wpt>
  <wpt lat="50.87150793446942" lon="4.0182311315376724">
    <name>184.8</name>
  </wpt>
  <wpt lat="50.875576134134434" lon="4.0205469764048685">
    <name>185.33</name>
  </wpt>
  <wpt lat="50.876334499416" lon="4.0201869695417933">
    <name>185.4</name>
  </wpt>
  <wpt lat="50.877221461985862" lon="4.019979293003483">
    <name>185.5</name>
  </wpt>
  <wpt lat="50.878117447645927" lon="4.0198566754620764">
    <name>185.6</name>
  </wpt>
  <wpt lat="50.879008523957488" lon="4.0196812261233825">
    <name>185.7</name>
  </wpt>
  <wpt lat="50.879795082445526" lon="4.020108162684175">
    <name>185.8</name>
  </wpt>
  <wpt lat="50.880353362528965" lon="4.0212256203117605">
    <name>185.9</name>
  </wpt>
  <wpt lat="50.881021893114806" lon="4.0221659288049567">
    <name>186.0</name>
  </wpt>
  <wpt lat="50.881746654573782" lon="4.0230098403430734">
    <name>186.1</name>
  </wpt>
  <wpt lat="50.882392546232353" lon="4.0224615697267962">
    <name>186.2</name>
  </wpt>
  <wpt lat="50.883192392784125" lon="4.021828270334483">
    <name>186.3</name>
  </wpt>
  <wpt lat="50.884020418415844" lon="4.0212720289490482">
    <name>186.4</name>
  </wpt>
  <wpt lat="50.884897447862784" lon="4.0211116777681575">
    <name>186.5</name>
  </wpt>
  <wpt lat="50.885792826996244" lon="4.0212320000000412">
    <name>186.6</name>
  </wpt>
  <wpt lat="50.886583623488107" lon="4.02119661355139">
    <name>186.7</name>
  </wpt>
  <wpt lat="50.8872835196662" lon="4.0220714833777746">
    <name>186.8</name>
  </wpt>
  <wpt lat="50.888155322665057" lon="4.0220627996128355">
    <name>186.9</name>
  </wpt>
  <wpt lat="50.889047602290667" lon="4.0218969999999992">
    <name>187.0</name>
  </wpt>
  <wpt lat="50.889935811586476" lon="4.0221052319175055">
    <name>187.1</name>
  </wpt>
  <wpt lat="50.8908224799575" lon="4.0223435045686724">
    <name>187.2</name>
  </wpt>
  <wpt lat="50.891710141647316" lon="4.0225693499139492">
    <name>187.3</name>
  </wpt>
  <wpt lat="50.892586892342642" lon="4.0228866785356852">
    <name>187.4</name>
  </wpt>
  <wpt lat="50.893463193349781" lon="4.0232071894949426">
    <name>187.5</name>
  </wpt>
  <wpt lat="50.89418789523458" lon="4.0240113682187308">
    <name>187.6</name>
  </wpt>
  <wpt lat="50.89472072194792" lon="4.0251530875970039">
    <name>187.7</name>
  </wpt>
  <wpt lat="50.895179603552457" lon="4.0263097937320405">
    <name>187.8</name>
  </wpt>
  <wpt lat="50.896025980736226" lon="4.02636918639269">
    <name>187.9</name>
  </wpt>
  <wpt lat="50.896848857180331" lon="4.0257946976668455">
    <name>188.0</name>
  </wpt>
  <wpt lat="50.897621089951123" lon="4.0250806247209781">
    <name>188.1</name>
  </wpt>
  <wpt lat="50.898298083179967" lon="4.0242790000000026">
    <name>188.2</name>
  </wpt>
  <wpt lat="50.899159418279012" lon="4.0246849270219238">
    <name>188.3</name>
  </wpt>
  <wpt lat="50.900022602182879" lon="4.0250850885043885">
    <name>188.4</name>
  </wpt>
  <wpt lat="50.900905250288638" lon="4.0253558736701613">
    <name>188.5</name>
  </wpt>
  <wpt lat="50.901797984440869" lon="4.0255220542931953">
    <name>188.6</name>
  </wpt>
  <wpt lat="50.9026860273281" lon="4.0256998166249911">
    <name>188.7</name>
  </wpt>
  <wpt lat="50.903578303126935" lon="4.0258775562219791">
    <name>188.8</name>
  </wpt>
  <wpt lat="50.904473838458358" lon="4.0259099999999641">
    <name>188.9</name>
  </wpt>
  <wpt lat="50.905214306897946" lon="4.026562960279886">
    <name>189.0</name>
  </wpt>
  <wpt lat="50.906042448924588" lon="4.0269535659941491">
    <name>189.1</name>
  </wpt>
  <wpt lat="50.906929807821086" lon="4.02718501145289">
    <name>189.2</name>
  </wpt>
  <wpt lat="50.907817767974777" lon="4.0274085785146365">
    <name>189.3</name>
  </wpt>
  <wpt lat="50.908710140973781" lon="4.0275846775765327">
    <name>189.4</name>
  </wpt>
  <wpt lat="50.909570613189921" lon="4.027784961419794">
    <name>189.5</name>
  </wpt>
  <wpt lat="50.910404212017632" lon="4.02831867542882">
    <name>189.6</name>
  </wpt>
  <wpt lat="50.911184941469493" lon="4.0290083452224428">
    <name>189.7</name>
  </wpt>
  <wpt lat="50.911902891820809" lon="4.0298671530688628">
    <name>189.8</name>
  </wpt>
  <wpt lat="50.9126208739113" lon="4.0307260320704481">
    <name>189.9</name>
  </wpt>
  <wpt lat="50.913310711929732" lon="4.0316204390328751">
    <name>190.0</name>
  </wpt>
  <wpt lat="50.913668517875877" lon="4.0325399999999707">
    <name>190.1</name>
  </wpt>
  <wpt lat="50.913879777873944" lon="4.0338264813029259">
    <name>190.2</name>
  </wpt>
  <wpt lat="50.914046600470627" lon="4.0352158010954051">
    <name>190.3</name>
  </wpt>
  <wpt lat="50.914656735954374" lon="4.0362307348160735">
    <name>190.4</name>
  </wpt>
  <wpt lat="50.915415842338668" lon="4.036992037606133">
    <name>190.5</name>
  </wpt>
  <wpt lat="50.9161442257967" lon="4.0378070081138837">
    <name>190.6</name>
  </wpt>
  <wpt lat="50.916640427666238" lon="4.0388015656925091">
    <name>190.7</name>
  </wpt>
  <wpt lat="50.916468905436922" lon="4.0400385482542971">
    <name>190.8</name>
  </wpt>
  <wpt lat="50.916081722627879" lon="4.0411726761296487">
    <name>190.9</name>
  </wpt>
  <wpt lat="50.915713590500168" lon="4.04245348217795">
    <name>191.0</name>
  </wpt>
  <wpt lat="50.915461650695363" lon="4.0437993807198627">
    <name>191.1</name>
  </wpt>
  <wpt lat="50.915016644585457" lon="4.0449597097286594">
    <name>191.2</name>
  </wpt>
  <wpt lat="50.915485855995669" lon="4.04598114401609">
    <name>191.3</name>
  </wpt>
  <wpt lat="50.916064510003338" lon="4.04615518880311">
    <name>191.4</name>
  </wpt>
  <wpt lat="50.916520085814177" lon="4.0473850722620179">
    <name>191.5</name>
  </wpt>
  <wpt lat="50.916852137004454" lon="4.0487026125771823">
    <name>191.6</name>
  </wpt>
  <wpt lat="50.9171861742416" lon="4.0500024576440188">
    <name>191.7</name>
  </wpt>
  <wpt lat="50.917811444311155" lon="4.0510277406547175">
    <name>191.8</name>
  </wpt>
  <wpt lat="50.918297277281262" lon="4.052209942744966">
    <name>191.9</name>
  </wpt>
  <wpt lat="50.918703486144324" lon="4.0534793998129679">
    <name>192.0</name>
  </wpt>
  <wpt lat="50.919231151288145" lon="4.0546303149442648">
    <name>192.1</name>
  </wpt>
  <wpt lat="50.926263362176861" lon="4.0514575109317725">
    <name>192.99</name>
  </wpt>
  <wpt lat="50.9264918726445" lon="4.0516087598970554">
    <name>193.0</name>
  </wpt>
  <wpt lat="50.927311198809107" lon="4.05112130613122">
    <name>193.1</name>
  </wpt>
  <wpt lat="50.928203780486712" lon="4.0509513298565185">
    <name>193.2</name>
  </wpt>
  <wpt lat="50.929025331134142" lon="4.0504376856164228">
    <name>193.3</name>
  </wpt>
  <wpt lat="50.929692170291794" lon="4.0495281515245445">
    <name>193.4</name>
  </wpt>
  <wpt lat="50.930525221150667" lon="4.0490359047612241">
    <name>193.5</name>
  </wpt>
  <wpt lat="50.931406998487695" lon="4.0487592079774437">
    <name>193.6</name>
  </wpt>
  <wpt lat="50.932284114241419" lon="4.048521933660866">
    <name>193.7</name>
  </wpt>
  <wpt lat="50.9330847522596" lon="4.0479254354890948">
    <name>193.8</name>
  </wpt>
  <wpt lat="50.93381865394101" lon="4.0471101894629706">
    <name>193.9</name>
  </wpt>
  <wpt lat="50.934631628889768" lon="4.0465000550850752">
    <name>194.0</name>
  </wpt>
  <wpt lat="50.935346479677612" lon="4.0460930361089122">
    <name>194.1</name>
  </wpt>
  <wpt lat="50.936064252281462" lon="4.0454359999999712">
    <name>194.2</name>
  </wpt>
  <wpt lat="50.93678939976067" lon="4.0448410042035583">
    <name>194.3</name>
  </wpt>
  <wpt lat="50.937230703960012" lon="4.0436009925267831">
    <name>194.4</name>
  </wpt>
  <wpt lat="50.938034768562432" lon="4.0431488807800493">
    <name>194.5</name>
  </wpt>
  <wpt lat="50.938895672707382" lon="4.0434412612996109">
    <name>194.6</name>
  </wpt>
  <wpt lat="50.9397528801666" lon="4.0436140614519225">
    <name>194.7</name>
  </wpt>
  <wpt lat="50.940397870952317" lon="4.0427578716919639">
    <name>194.8</name>
  </wpt>
  <wpt lat="50.941012109637541" lon="4.043281714656362">
    <name>194.9</name>
  </wpt>
  <wpt lat="50.941803165948976" lon="4.0437714668768567">
    <name>195.0</name>
  </wpt>
  <wpt lat="50.942287803690519" lon="4.0447242971535813">
    <name>195.1</name>
  </wpt>
  <wpt lat="50.942347582043681" lon="4.0460951774154692">
    <name>195.2</name>
  </wpt>
  <wpt lat="50.9417874321495" lon="4.0472069127799051">
    <name>195.3</name>
  </wpt>
  <wpt lat="50.941458000003777" lon="4.0484181283569143">
    <name>195.4</name>
  </wpt>
  <wpt lat="50.941628581753044" lon="4.0498111899610389">
    <name>195.5</name>
  </wpt>
  <wpt lat="50.941904287146286" lon="4.0511416747840485">
    <name>195.6</name>
  </wpt>
  <wpt lat="50.942249065216835" lon="4.052455026133539">
    <name>195.7</name>
  </wpt>
  <wpt lat="50.942552000006138" lon="4.0537847228966228">
    <name>195.8</name>
  </wpt>
  <wpt lat="50.942764504457209" lon="4.0551681138957951">
    <name>195.9</name>
  </wpt>
  <wpt lat="50.942870914564566" lon="4.0565483517929">
    <name>196.0</name>
  </wpt>
  <wpt lat="50.943179513858112" lon="4.0576157933461721">
    <name>196.65</name>
  </wpt>
  <wpt lat="50.943463992740774" lon="4.0583859628093224">
    <name>196.7</name>
  </wpt>
  <wpt lat="50.943568398568061" lon="4.0597971466353142">
    <name>196.8</name>
  </wpt>
  <wpt lat="50.943761699822765" lon="4.0611895594001775">
    <name>196.9</name>
  </wpt>
  <wpt lat="50.944074918204791" lon="4.0625249645462667">
    <name>197.0</name>
  </wpt>
  <wpt lat="50.94442910426104" lon="4.063836903962244">
    <name>197.1</name>
  </wpt>
  <wpt lat="50.944759072047226" lon="4.065163381419481">
    <name>197.2</name>
  </wpt>
  <wpt lat="50.944793141455776" lon="4.0665844925412378">
    <name>197.3</name>
  </wpt>
  <wpt lat="50.944745407017528" lon="4.068008794495702">
    <name>197.4</name>
  </wpt>
  <wpt lat="50.944845628935042" lon="4.0694272201608452">
    <name>197.5</name>
  </wpt>
  <wpt lat="50.94496279018653" lon="4.0708411267947646">
    <name>197.6</name>
  </wpt>
  <wpt lat="50.945147957196447" lon="4.0722335783477392">
    <name>197.7</name>
  </wpt>
  <wpt lat="50.945377341759574" lon="4.0736033097031008">
    <name>197.8</name>
  </wpt>
  <wpt lat="50.94553818594094" lon="4.0750073168880547">
    <name>197.9</name>
  </wpt>
  <wpt lat="50.945831432997373" lon="4.076340938884508">
    <name>198.0</name>
  </wpt>
  <wpt lat="50.946068878375186" lon="4.07771766285839">
    <name>198.1</name>
  </wpt>
  <wpt lat="50.946259773217434" lon="4.07880885353917">
    <name>198.2</name>
  </wpt>
  <wpt lat="50.947151245496691" lon="4.0789959999999494">
    <name>198.3</name>
  </wpt>
  <wpt lat="50.947868362693875" lon="4.0797003958491747">
    <name>198.4</name>
  </wpt>
  <wpt lat="50.94850000633091" lon="4.0807163877820125">
    <name>198.5</name>
  </wpt>
  <wpt lat="50.949143775263018" lon="4.0817128559732687">
    <name>198.6</name>
  </wpt>
  <wpt lat="50.949646336675812" lon="4.0828622467658739">
    <name>198.7</name>
  </wpt>
  <wpt lat="50.949913235612605" lon="4.0842250354639882">
    <name>198.8</name>
  </wpt>
  <wpt lat="50.950417345558812" lon="4.0853894079398385">
    <name>198.9</name>
  </wpt>
  <wpt lat="50.950589605463989" lon="4.0867898682231356">
    <name>199.0</name>
  </wpt>
  <wpt lat="50.950922259559029" lon="4.088059781934823">
    <name>199.1</name>
  </wpt>
  <wpt lat="50.951700244471517" lon="4.0887322375794692">
    <name>199.2</name>
  </wpt>
  <wpt lat="50.952436072317013" lon="4.0895160080934883">
    <name>199.3</name>
  </wpt>
  <wpt lat="50.952852000081478" lon="4.0907461289478784">
    <name>199.4</name>
  </wpt>
  <wpt lat="50.952853871719782" lon="4.09215696445662">
    <name>199.5</name>
  </wpt>
  <wpt lat="50.952789994787082" lon="4.09321464473277">
    <name>199.6</name>
  </wpt>
  <wpt lat="50.952083510868306" lon="4.0940978130435051">
    <name>199.7</name>
  </wpt>
  <wpt lat="50.9513783297643" lon="4.0949837477263031">
    <name>199.8</name>
  </wpt>
  <wpt lat="50.95073872612307" lon="4.0959832364705955">
    <name>199.9</name>
  </wpt>
  <wpt lat="50.950168001082261" lon="4.0970864269783">
    <name>200.0</name>
  </wpt>
  <wpt lat="50.949590834454227" lon="4.0981783314524947">
    <name>200.1</name>
  </wpt>
  <wpt lat="50.949577506869119" lon="4.1002953250797818">
    <name>200.29</name>
  </wpt>
  <wpt lat="50.949705093509323" lon="4.1005408837261736">
    <name>200.3</name>
  </wpt>
  <wpt lat="50.950283310713665" lon="4.1016303708876185">
    <name>200.4</name>
  </wpt>
  <wpt lat="50.950824301786504" lon="4.102770610305555">
    <name>200.5</name>
  </wpt>
  <wpt lat="50.951166726902038" lon="4.1040681779489843">
    <name>200.6</name>
  </wpt>
  <wpt lat="50.951587327419233" lon="4.1053299732220765">
    <name>200.7</name>
  </wpt>
  <wpt lat="50.95113249275925" lon="4.10641297344195">
    <name>200.8</name>
  </wpt>
  <wpt lat="50.950559751916913" lon="4.10751191259544">
    <name>200.9</name>
  </wpt>
  <wpt lat="50.950054498296424" lon="4.1086847080079458">
    <name>201.0</name>
  </wpt>
  <wpt lat="50.949541232686968" lon="4.109854652238111">
    <name>201.1</name>
  </wpt>
  <wpt lat="50.94904213775456" lon="4.11102648265618">
    <name>201.2</name>
  </wpt>
  <wpt lat="50.948511854480074" lon="4.1121652826900252">
    <name>201.3</name>
  </wpt>
  <wpt lat="50.947895000074539" lon="4.1131610044117135">
    <name>201.4</name>
  </wpt>
  <wpt lat="50.948097004150675" lon="4.1145435588850061">
    <name>201.5</name>
  </wpt>
  <wpt lat="50.948440680139349" lon="4.1158626612874158">
    <name>201.6</name>
  </wpt>
  <wpt lat="50.948755530291862" lon="4.1171989840262793">
    <name>201.7</name>
  </wpt>
  <wpt lat="50.949014268605531" lon="4.1185656969673623">
    <name>201.8</name>
  </wpt>
  <wpt lat="50.949283370616293" lon="4.1199277406523489">
    <name>201.9</name>
  </wpt>
  <wpt lat="50.949527147469205" lon="4.1213010348365673">
    <name>202.0</name>
  </wpt>
  <wpt lat="50.949821046721226" lon="4.12263523134277">
    <name>202.1</name>
  </wpt>
  <wpt lat="50.950092426805611" lon="4.1239961813635455">
    <name>202.2</name>
  </wpt>
  <wpt lat="50.950358743106314" lon="4.1253596380795141">
    <name>202.3</name>
  </wpt>
  <wpt lat="50.95056973309697" lon="4.1267423472041989">
    <name>202.4</name>
  </wpt>
  <wpt lat="50.950706995400409" lon="4.1281434445684768">
    <name>202.5</name>
  </wpt>
  <wpt lat="50.950761669380924" lon="4.1295643165068219">
    <name>202.6</name>
  </wpt>
  <wpt lat="50.950879174431073" lon="4.130963284232446">
    <name>202.7</name>
  </wpt>
  <wpt lat="50.950950559449481" lon="4.1323541674803685">
    <name>202.8</name>
  </wpt>
  <wpt lat="50.951287627596948" lon="4.1335594386707006">
    <name>202.9</name>
  </wpt>
  <wpt lat="50.95168642417093" lon="4.1347330923559396">
    <name>203.0</name>
  </wpt>
  <wpt lat="50.951226591823051" lon="4.135959916873686">
    <name>203.1</name>
  </wpt>
  <wpt lat="50.9513654888787" lon="4.1373024650076946">
    <name>203.2</name>
  </wpt>
  <wpt lat="50.951913918033441" lon="4.1384178680718655">
    <name>203.3</name>
  </wpt>
  <wpt lat="50.952589733298055" lon="4.13935322494797">
    <name>203.4</name>
  </wpt>
  <wpt lat="50.953327511667865" lon="4.1401682273040139">
    <name>203.5</name>
  </wpt>
  <wpt lat="50.954034107368656" lon="4.1410407764697688">
    <name>203.6</name>
  </wpt>
  <wpt lat="50.954863611898666" lon="4.1414993059444205">
    <name>203.7</name>
  </wpt>
  <wpt lat="50.95532631594758" lon="4.1426756315802633">
    <name>203.8</name>
  </wpt>
  <wpt lat="50.956039835945255" lon="4.1435328330330394">
    <name>203.9</name>
  </wpt>
  <wpt lat="50.956822407017867" lon="4.1442285235395264">
    <name>204.0</name>
  </wpt>
  <wpt lat="50.957679220259628" lon="4.1446286791585747">
    <name>204.1</name>
  </wpt>
  <wpt lat="50.958409993200824" lon="4.1454050960862565">
    <name>204.2</name>
  </wpt>
  <wpt lat="50.958782246891865" lon="4.14670346857602">
    <name>204.3</name>
  </wpt>
  <wpt lat="50.959147339834566" lon="4.1480082636162372">
    <name>204.4</name>
  </wpt>
  <wpt lat="50.959518148837525" lon="4.1493089319397809">
    <name>204.5</name>
  </wpt>
  <wpt lat="50.959889174045493" lon="4.1506095505580225">
    <name>204.6</name>
  </wpt>
  <wpt lat="50.960265928206695" lon="4.1519060116168625">
    <name>204.7</name>
  </wpt>
  <wpt lat="50.960707331629813" lon="4.1531479430662657">
    <name>204.8</name>
  </wpt>
  <wpt lat="50.9612907634893" lon="4.1542328777965922">
    <name>204.9</name>
  </wpt>
  <wpt lat="50.96173500000679" lon="4.1553501999443547">
    <name>205.0</name>
  </wpt>
  <wpt lat="50.961716242264821" lon="4.1560176071643742">
    <name>205.1</name>
  </wpt>
  <wpt lat="50.962310945828577" lon="4.1570662664083464">
    <name>205.2</name>
  </wpt>
  <wpt lat="50.962942433416089" lon="4.15806473854528">
    <name>205.3</name>
  </wpt>
  <wpt lat="50.963725021708953" lon="4.1587650775900871">
    <name>205.4</name>
  </wpt>
  <wpt lat="50.964482333468389" lon="4.1595301180357991">
    <name>205.5</name>
  </wpt>
  <wpt lat="50.965161032294475" lon="4.1604559497602809">
    <name>205.6</name>
  </wpt>
  <wpt lat="50.9658364342659" lon="4.1613477901388425">
    <name>205.7</name>
  </wpt>
  <wpt lat="50.966537200425542" lon="4.1622390006709891">
    <name>205.8</name>
  </wpt>
  <wpt lat="50.966999750395395" lon="4.1634457847417723">
    <name>205.9</name>
  </wpt>
  <wpt lat="50.9672278876271" lon="4.1648252937786916">
    <name>206.0</name>
  </wpt>
  <wpt lat="50.967525744242337" lon="4.1661716006501885">
    <name>206.1</name>
  </wpt>
  <wpt lat="50.967815998110247" lon="4.1675226016908393">
    <name>206.2</name>
  </wpt>
  <wpt lat="50.96854112820958" lon="4.1674391163254247">
    <name>206.3</name>
  </wpt>
  <wpt lat="50.969298870082227" lon="4.1667329384423519">
    <name>206.4</name>
  </wpt>
  <wpt lat="50.97017875992843" lon="4.1664505567990506">
    <name>206.5</name>
  </wpt>
  <wpt lat="50.970819309705035" lon="4.1670247671390346">
    <name>206.6</name>
  </wpt>
  <wpt lat="50.971395791773958" lon="4.1680944226568792">
    <name>206.7</name>
  </wpt>
  <wpt lat="50.972533840629367" lon="4.1692323026344207">
    <name>206.90</name>
  </wpt>
  <wpt lat="50.972657233780936" lon="4.1694133071637118">
    <name>206.9</name>
  </wpt>
  <wpt lat="50.973306342910867" lon="4.1704017002941516">
    <name>207.0</name>
  </wpt>
  <wpt lat="50.973832902021812" lon="4.1702704070871777">
    <name>207.1</name>
  </wpt>
  <wpt lat="50.974554260123327" lon="4.169443730370828">
    <name>207.2</name>
  </wpt>
  <wpt lat="50.975329540821612" lon="4.1687204562402611">
    <name>207.3</name>
  </wpt>
  <wpt lat="50.976125305162888" lon="4.1680679179333326">
    <name>207.4</name>
  </wpt>
  <wpt lat="50.977011958590658" lon="4.1678343252796841">
    <name>207.5</name>
  </wpt>
  <wpt lat="50.977853345570608" lon="4.1679356347117951">
    <name>207.6</name>
  </wpt>
  <wpt lat="50.978639632257078" lon="4.1686225629479923">
    <name>207.7</name>
  </wpt>
  <wpt lat="50.979462635808758" lon="4.1691975552498883">
    <name>207.8</name>
  </wpt>
  <wpt lat="50.980328691631087" lon="4.169566431327854">
    <name>207.9</name>
  </wpt>
  <wpt lat="50.981070148435762" lon="4.1703331562210737">
    <name>208.0</name>
  </wpt>
  <wpt lat="50.981727614556632" lon="4.1713057326980616">
    <name>208.1</name>
  </wpt>
  <wpt lat="50.982466748137142" lon="4.1708951714536751">
    <name>208.2</name>
  </wpt>
  <wpt lat="50.983284994588907" lon="4.1705536240770593">
    <name>208.3</name>
  </wpt>
  <wpt lat="50.984171932673917" lon="4.1704921057251045">
    <name>208.4</name>
  </wpt>
  <wpt lat="50.985020962160526" lon="4.1700507412276471">
    <name>208.5</name>
  </wpt>
  <wpt lat="50.985801897298707" lon="4.1694831691860816">
    <name>208.6</name>
  </wpt>
  <wpt lat="50.986474111940609" lon="4.1685697607797341">
    <name>208.7</name>
  </wpt>
  <wpt lat="50.987274537847455" lon="4.16794736655373">
    <name>208.8</name>
  </wpt>
  <wpt lat="50.988169309183448" lon="4.1678381106467093">
    <name>208.9</name>
  </wpt>
  <wpt lat="50.98880639660922" lon="4.1685330886965311">
    <name>209.0</name>
  </wpt>
  <wpt lat="50.989264035646919" lon="4.1697285730930425">
    <name>209.1</name>
  </wpt>
  <wpt lat="50.989887911072444" lon="4.1707575915800268">
    <name>209.2</name>
  </wpt>
  <wpt lat="50.990503538553781" lon="4.1717988362337071">
    <name>209.3</name>
  </wpt>
  <wpt lat="50.991217305407581" lon="4.17265920287364">
    <name>209.4</name>
  </wpt>
  <wpt lat="50.992054227815011" lon="4.1730027722089655">
    <name>209.5</name>
  </wpt>
  <wpt lat="50.992733261347084" lon="4.1720744773363263">
    <name>209.6</name>
  </wpt>
  <wpt lat="50.993481455524957" lon="4.1727409176571379">
    <name>209.7</name>
  </wpt>
  <wpt lat="50.994186349025981" lon="4.1736241476635092">
    <name>209.8</name>
  </wpt>
  <wpt lat="50.99479036704701" lon="4.1746767099136068">
    <name>209.9</name>
  </wpt>
  <wpt lat="50.995446508025744" lon="4.1756537617167213">
    <name>210.0</name>
  </wpt>
  <wpt lat="50.996109438440264" lon="4.1766122597454505">
    <name>210.1</name>
  </wpt>
  <wpt lat="50.996782403239123" lon="4.1775024255420234">
    <name>210.2</name>
  </wpt>
  <wpt lat="50.997536841088419" lon="4.1767538187757438">
    <name>210.3</name>
  </wpt>
  <wpt lat="50.998312136187437" lon="4.1760297902005084">
    <name>210.4</name>
  </wpt>
  <wpt lat="50.999894261898518" lon="4.1756365629166439">
    <name>210.66</name>
  </wpt>
  <wpt lat="50.99960962127615" lon="4.1749624014432225">
    <name>210.7</name>
  </wpt>
  <wpt lat="51.000144416922012" lon="4.1739384451753114">
    <name>210.8</name>
  </wpt>
  <wpt lat="51.0008044225954" lon="4.1729767219672436">
    <name>210.9</name>
  </wpt>
  <wpt lat="51.001476230296589" lon="4.17202739327268">
    <name>211.0</name>
  </wpt>
  <wpt lat="51.002171099616511" lon="4.17112408847027">
    <name>211.1</name>
  </wpt>
  <wpt lat="51.002888332556154" lon="4.1702652120209658">
    <name>211.2</name>
  </wpt>
  <wpt lat="51.003599251964246" lon="4.1693904733350076">
    <name>211.3</name>
  </wpt>
  <wpt lat="51.004331061625329" lon="4.1685620419589551">
    <name>211.4</name>
  </wpt>
  <wpt lat="51.005174081099952" lon="4.1680811442940966">
    <name>211.5</name>
  </wpt>
  <wpt lat="51.005901267327843" lon="4.16729338913405">
    <name>211.6</name>
  </wpt>
  <wpt lat="51.00594458454912" lon="4.1659190480036443">
    <name>211.7</name>
  </wpt>
  <wpt lat="51.005624492643378" lon="4.1645834269395188">
    <name>211.8</name>
  </wpt>
  <wpt lat="51.005448219294586" lon="4.163214650002665">
    <name>211.9</name>
  </wpt>
  <wpt lat="51.005075404845471" lon="4.1619140915553263">
    <name>212.0</name>
  </wpt>
  <wpt lat="51.00470944758257" lon="4.1606086526804633">
    <name>212.1</name>
  </wpt>
  <wpt lat="51.004309855295936" lon="4.1593284510286432">
    <name>212.2</name>
  </wpt>
  <wpt lat="51.004436436564191" lon="4.1580533348709405">
    <name>212.3</name>
  </wpt>
  <wpt lat="51.005029592562821" lon="4.1569790867177314">
    <name>212.4</name>
  </wpt>
  <wpt lat="51.005577193718807" lon="4.1558467652323552">
    <name>212.5</name>
  </wpt>
  <wpt lat="51.006113416979147" lon="4.1546996021956151">
    <name>212.6</name>
  </wpt>
  <wpt lat="51.006656438676551" lon="4.1535613438607131">
    <name>212.7</name>
  </wpt>
  <wpt lat="51.007055045923984" lon="4.152283479284951">
    <name>212.8</name>
  </wpt>
  <wpt lat="51.007518095591813" lon="4.1510683069799583">
    <name>212.9</name>
  </wpt>
  <wpt lat="51.008195642946006" lon="4.1501895574734835">
    <name>213.0</name>
  </wpt>
  <wpt lat="51.0090325318337" lon="4.1496662991447026">
    <name>213.1</name>
  </wpt>
  <wpt lat="51.00991425447382" lon="4.1494224079757043">
    <name>213.2</name>
  </wpt>
  <wpt lat="51.010800644937369" lon="4.1496199686389375">
    <name>213.3</name>
  </wpt>
  <wpt lat="51.01169525742624" lon="4.1496336999277688">
    <name>213.4</name>
  </wpt>
  <wpt lat="51.012590140609184" lon="4.1495133280517527">
    <name>213.5</name>
  </wpt>
  <wpt lat="51.01347894363608" lon="4.1493315731541944">
    <name>213.6</name>
  </wpt>
  <wpt lat="51.014298858355389" lon="4.14876304930472">
    <name>213.7</name>
  </wpt>
  <wpt lat="51.0148082966341" lon="4.1476312983708556">
    <name>213.8</name>
  </wpt>
  <wpt lat="51.015172399021608" lon="4.1463241984530912">
    <name>213.9</name>
  </wpt>
  <wpt lat="51.015210296654971" lon="4.1451424873313805">
    <name>214.0</name>
  </wpt>
  <wpt lat="51.015584008485888" lon="4.1438428871308179">
    <name>214.1</name>
  </wpt>
  <wpt lat="51.015953878498358" lon="4.1425401474015748">
    <name>214.2</name>
  </wpt>
  <wpt lat="51.016334490330216" lon="4.1412453126217157">
    <name>214.3</name>
  </wpt>
  <wpt lat="51.016702194823104" lon="4.1399412459382914">
    <name>214.4</name>
  </wpt>
  <wpt lat="51.01718559546854" lon="4.13874037773718">
    <name>214.5</name>
  </wpt>
  <wpt lat="51.017775630357662" lon="4.1376617366360415">
    <name>214.6</name>
  </wpt>
  <wpt lat="51.018302906298629" lon="4.1365048699970863">
    <name>214.7</name>
  </wpt>
  <wpt lat="51.018718864139167" lon="4.1352433821356467">
    <name>214.8</name>
  </wpt>
  <wpt lat="51.019130732992515" lon="4.1339736719850562">
    <name>214.9</name>
  </wpt>
  <wpt lat="51.019646707812662" lon="4.1328038375543565">
    <name>215.0</name>
  </wpt>
  <wpt lat="51.020196919130342" lon="4.1316731913896714">
    <name>215.1</name>
  </wpt>
  <wpt lat="51.02077966281643" lon="4.1305844245077337">
    <name>215.2</name>
  </wpt>
  <wpt lat="51.021262356803554" lon="4.1294112288432343">
    <name>215.3</name>
  </wpt>
  <wpt lat="51.021407335059166" lon="4.1280002350045475">
    <name>215.4</name>
  </wpt>
  <wpt lat="51.021218803610537" lon="4.1266246702712968">
    <name>215.5</name>
  </wpt>
  <wpt lat="51.020775614574887" lon="4.1253870611926517">
    <name>215.6</name>
  </wpt>
  <wpt lat="51.020294996969263" lon="4.1241790696922207">
    <name>215.7</name>
  </wpt>
  <wpt lat="51.020090968958968" lon="4.1229238646399775">
    <name>215.8</name>
  </wpt>
  <wpt lat="51.020530480973946" lon="4.1216767594252239">
    <name>215.9</name>
  </wpt>
  <wpt lat="51.020898606996091" lon="4.1203742326483148">
    <name>216.0</name>
  </wpt>
  <wpt lat="51.021376439141235" lon="4.1191679504700778">
    <name>216.1</name>
  </wpt>
  <wpt lat="51.021777615388537" lon="4.11417818024013">
    <name>216.49</name>
  </wpt>
  <wpt lat="51.021801042421437" lon="4.1137699820091491">
    <name>216.5</name>
  </wpt>
  <wpt lat="51.0218542071878" lon="4.1123428162091553">
    <name>216.6</name>
  </wpt>
  <wpt lat="51.022015797033376" lon="4.1109568513611192">
    <name>216.7</name>
  </wpt>
  <wpt lat="51.022406785087448" lon="4.1096709721558931">
    <name>216.8</name>
  </wpt>
  <wpt lat="51.0227706161209" lon="4.1083640184884809">
    <name>216.9</name>
  </wpt>
  <wpt lat="51.02313096873489" lon="4.1070690412607886">
    <name>217.0</name>
  </wpt>
  <wpt lat="51.022780110082408" lon="4.1062525239797818">
    <name>217.1</name>
  </wpt>
  <wpt lat="51.022392182389474" lon="4.1066187735514159">
    <name>217.2</name>
  </wpt>
  <wpt lat="51.022844233816855" lon="4.10538947938283">
    <name>217.3</name>
  </wpt>
  <wpt lat="51.023572538067278" lon="4.1045642699270912">
    <name>217.4</name>
  </wpt>
  <wpt lat="51.024285437427018" lon="4.1036959790969956">
    <name>217.5</name>
  </wpt>
  <wpt lat="51.024976298553405" lon="4.1027806754384182">
    <name>217.6</name>
  </wpt>
  <wpt lat="51.025749840947732" lon="4.1022223181371267">
    <name>217.7</name>
  </wpt>
  <wpt lat="51.026087631209158" lon="4.1012684185676882">
    <name>217.8</name>
  </wpt>
  <wpt lat="51.026862146712752" lon="4.1005424789791229">
    <name>217.9</name>
  </wpt>
  <wpt lat="51.027594655866032" lon="4.0997276530867666">
    <name>218.0</name>
  </wpt>
  <wpt lat="51.027376269040332" lon="4.0986659575173734">
    <name>218.1</name>
  </wpt>
  <wpt lat="51.026970464678293" lon="4.0976942621910259">
    <name>218.2</name>
  </wpt>
  <wpt lat="51.027110293737891" lon="4.0965899117570137">
    <name>218.3</name>
  </wpt>
  <wpt lat="51.027509065568104" lon="4.0970212551486265">
    <name>218.4</name>
  </wpt>
  <wpt lat="51.027331000027367" lon="4.098419672842966">
    <name>218.5</name>
  </wpt>
  <wpt lat="51.027898022257908" lon="4.0993383397140049">
    <name>218.6</name>
  </wpt>
  <wpt lat="51.028692381059152" lon="4.0987637066635463">
    <name>218.7</name>
  </wpt>
  <wpt lat="51.029534484606643" lon="4.0990868216816443">
    <name>218.8</name>
  </wpt>
  <wpt lat="51.030264931427737" lon="4.0984969515363723">
    <name>218.9</name>
  </wpt>
  <wpt lat="51.031079248437415" lon="4.0985149445129139">
    <name>219.0</name>
  </wpt>
  <wpt lat="51.038972484184789" lon="4.1020644083116391">
    <name>220.69</name>
  </wpt>
  <wpt lat="51.039185421066257" lon="4.1020629999999887">
    <name>220.7</name>
  </wpt>
  <wpt lat="51.040072955659596" lon="4.1021392023607151">
    <name>220.8</name>
  </wpt>
  <wpt lat="51.040959845809446" lon="4.102082154215263">
    <name>220.9</name>
  </wpt>
  <wpt lat="51.041536073106045" lon="4.1012200220633694">
    <name>221.0</name>
  </wpt>
  <wpt lat="51.042032165054074" lon="4.1000270825989329">
    <name>221.1</name>
  </wpt>
  <wpt lat="51.042526215774231" lon="4.0988319243381275">
    <name>221.2</name>
  </wpt>
  <wpt lat="51.043016034180972" lon="4.0976323776344836">
    <name>221.3</name>
  </wpt>
  <wpt lat="51.043516224833105" lon="4.0964436619045284">
    <name>221.4</name>
  </wpt>
  <wpt lat="51.044022558057662" lon="4.0952615641529615">
    <name>221.5</name>
  </wpt>
  <wpt lat="51.044520349305181" lon="4.0940704101071956">
    <name>221.6</name>
  </wpt>
  <wpt lat="51.04502015469587" lon="4.0928812884488988">
    <name>221.7</name>
  </wpt>
  <wpt lat="51.045519535416716" lon="4.0916916812769442">
    <name>221.8</name>
  </wpt>
  <wpt lat="51.046261519278247" lon="4.0909411913820977">
    <name>221.9</name>
  </wpt>
  <wpt lat="51.047109023605643" lon="4.0904626410007925">
    <name>222.0</name>
  </wpt>
  <wpt lat="51.047948229450583" lon="4.0899522027876">
    <name>222.1</name>
  </wpt>
  <wpt lat="51.048698300522332" lon="4.0891732822379057">
    <name>222.2</name>
  </wpt>
  <wpt lat="51.049282955164387" lon="4.08809302142805">
    <name>222.3</name>
  </wpt>
  <wpt lat="51.049643877321174" lon="4.0867869074057">
    <name>222.4</name>
  </wpt>
  <wpt lat="51.0499185255147" lon="4.0854246801876455">
    <name>222.5</name>
  </wpt>
  <wpt lat="51.050188928284484" lon="4.084060306814445">
    <name>222.6</name>
  </wpt>
  <wpt lat="51.050457152683826" lon="4.0826948285509488">
    <name>222.7</name>
  </wpt>
  <wpt lat="51.0507253931838" lon="4.0813295242024212">
    <name>222.8</name>
  </wpt>
  <wpt lat="51.050998849111238" lon="4.0799666595769857">
    <name>222.9</name>
  </wpt>
  <wpt lat="51.051276094146317" lon="4.078605724254647">
    <name>223.0</name>
  </wpt>
  <wpt lat="51.05155149721196" lon="4.0772438404601647">
    <name>223.1</name>
  </wpt>
  <wpt lat="51.051836000006794" lon="4.0758920302435548">
    <name>223.2</name>
  </wpt>
  <wpt lat="51.052089171366262" lon="4.0745245030154367">
    <name>223.3</name>
  </wpt>
  <wpt lat="51.052364269099975" lon="4.0731624334257743">
    <name>223.4</name>
  </wpt>
  <wpt lat="51.05263936683361" lon="4.0718003557449842">
    <name>223.5</name>
  </wpt>
  <wpt lat="51.052914464567166" lon="4.0704382699729651">
    <name>223.6</name>
  </wpt>
  <wpt lat="51.053188952671967" lon="4.0690758654732351">
    <name>223.7</name>
  </wpt>
  <wpt lat="51.053462086283631" lon="4.0677127635906336">
    <name>223.8</name>
  </wpt>
  <wpt lat="51.053783639761782" lon="4.06639248663859">
    <name>223.9</name>
  </wpt>
  <wpt lat="51.054109894701405" lon="4.06507726517516">
    <name>224.0</name>
  </wpt>
  <wpt lat="51.0544353016067" lon="4.0637437197840711">
    <name>224.1</name>
  </wpt>
  <wpt lat="51.054829869836389" lon="4.0624631301726684">
    <name>224.2</name>
  </wpt>
  <wpt lat="51.055236871230719" lon="4.0613668017054811">
    <name>224.3</name>
  </wpt>
  <wpt lat="51.055790478267731" lon="4.0602413085721869">
    <name>224.4</name>
  </wpt>
  <wpt lat="51.056432787698732" lon="4.05924190384044">
    <name>224.5</name>
  </wpt>
  <wpt lat="51.057150245342712" lon="4.0583827147219491">
    <name>224.6</name>
  </wpt>
  <wpt lat="51.057967298652862" lon="4.0579087013589463">
    <name>224.7</name>
  </wpt>
  <wpt lat="51.058635002633629" lon="4.0570074239246319">
    <name>224.8</name>
  </wpt>
  <wpt lat="51.059413373936522" lon="4.0562907180225736">
    <name>224.9</name>
  </wpt>
  <wpt lat="51.06020271032304" lon="4.0556055531470605">
    <name>225.0</name>
  </wpt>
  <wpt lat="51.061032625796507" lon="4.0550593328559694">
    <name>225.1</name>
  </wpt>
  <wpt lat="51.061824960826208" lon="4.0545712526223348">
    <name>225.2</name>
  </wpt>
  <wpt lat="51.0626545178697" lon="4.054098137897526">
    <name>225.3</name>
  </wpt>
  <wpt lat="51.063419647922075" lon="4.0544895771029621">
    <name>225.4</name>
  </wpt>
  <wpt lat="51.064104848154273" lon="4.0552261519134234">
    <name>225.5</name>
  </wpt>
  <wpt lat="51.064901837788376" lon="4.0545709692411211">
    <name>225.6</name>
  </wpt>
  <wpt lat="51.065698394309891" lon="4.0539116057526909">
    <name>225.7</name>
  </wpt>
  <wpt lat="51.066537606748255" lon="4.0534150709961834">
    <name>225.8</name>
  </wpt>
  <wpt lat="51.067037844541645" lon="4.052496">
    <name>225.9</name>
  </wpt>
  <wpt lat="51.067921926462873" lon="4.0522385999496553">
    <name>226.0</name>
  </wpt>
  <wpt lat="51.068790434222876" lon="4.051912015642559">
    <name>226.1</name>
  </wpt>
  <wpt lat="51.069183334485636" lon="4.0507069717559361">
    <name>226.2</name>
  </wpt>
  <wpt lat="51.068704801132206" lon="4.0494960583827142">
    <name>226.3</name>
  </wpt>
  <wpt lat="51.068217763415589" lon="4.0484307182911294">
    <name>226.4</name>
  </wpt>
  <wpt lat="51.071278681757128" lon="4.0351970584042141">
    <name>227.70</name>
  </wpt>
  <wpt lat="51.071347784863889" lon="4.0350350984027887">
    <name>227.7</name>
  </wpt>
  <wpt lat="51.072140661456039" lon="4.0344110868769425">
    <name>227.8</name>
  </wpt>
  <wpt lat="51.072910341095721" lon="4.0336746613247731">
    <name>227.9</name>
  </wpt>
  <wpt lat="51.073697678409964" lon="4.0330803216994875">
    <name>228.0</name>
  </wpt>
  <wpt lat="51.074467338702028" lon="4.032366824058661">
    <name>228.1</name>
  </wpt>
  <wpt lat="51.075054798606473" lon="4.0315136289235509">
    <name>228.2</name>
  </wpt>
  <wpt lat="51.075858236033127" lon="4.0308709765941835">
    <name>228.3</name>
  </wpt>
  <wpt lat="51.076654809565326" lon="4.0302718348507014">
    <name>228.4</name>
  </wpt>
  <wpt lat="51.077263901942274" lon="4.0313231401300165">
    <name>228.5</name>
  </wpt>
  <wpt lat="51.077890412752268" lon="4.0323498180556658">
    <name>228.6</name>
  </wpt>
  <wpt lat="51.078503142294892" lon="4.0333976105235783">
    <name>228.7</name>
  </wpt>
  <wpt lat="51.079113173388265" lon="4.03444882332132">
    <name>228.8</name>
  </wpt>
  <wpt lat="51.0796921716957" lon="4.0355440902528867">
    <name>228.9</name>
  </wpt>
  <wpt lat="51.080434726620275" lon="4.0355253863995761">
    <name>229.0</name>
  </wpt>
  <wpt lat="51.081243061020466" lon="4.0349326772180172">
    <name>229.1</name>
  </wpt>
  <wpt lat="51.081770532658332" lon="4.036074208081506">
    <name>229.2</name>
  </wpt>
  <wpt lat="51.081246937840994" lon="4.0370585236332648">
    <name>229.3</name>
  </wpt>
  <wpt lat="51.080578152141193" lon="4.0380155939318616">
    <name>229.4</name>
  </wpt>
  <wpt lat="51.079909318498551" lon="4.0389725655001385">
    <name>229.5</name>
  </wpt>
  <wpt lat="51.079240446766505" lon="4.0399294557821905">
    <name>229.6</name>
  </wpt>
  <wpt lat="51.078519814682153" lon="4.0407722336262983">
    <name>229.7</name>
  </wpt>
  <wpt lat="51.077817413343006" lon="4.0414365331359052">
    <name>229.8</name>
  </wpt>
  <wpt lat="51.078585882154627" lon="4.042145881543564">
    <name>229.9</name>
  </wpt>
  <wpt lat="51.079202493352064" lon="4.0430784292542352">
    <name>230.0</name>
  </wpt>
  <wpt lat="51.079991342646913" lon="4.0437128719585553">
    <name>230.1</name>
  </wpt>
  <wpt lat="51.080729506719841" lon="4.0445305695651852">
    <name>230.2</name>
  </wpt>
  <wpt lat="51.081469529177028" lon="4.0453438432024349">
    <name>230.3</name>
  </wpt>
  <wpt lat="51.082137690663416" lon="4.0462930404164288">
    <name>230.4</name>
  </wpt>
  <wpt lat="51.0827016784951" lon="4.0474078361073227">
    <name>230.5</name>
  </wpt>
  <wpt lat="51.083255845772293" lon="4.0485349275736668">
    <name>230.6</name>
  </wpt>
  <wpt lat="51.083706364871865" lon="4.049770906716863">
    <name>230.7</name>
  </wpt>
  <wpt lat="51.084157685532567" lon="4.0510076306141638">
    <name>230.8</name>
  </wpt>
  <wpt lat="51.084674575761483" lon="4.052179145274601">
    <name>230.9</name>
  </wpt>
  <wpt lat="51.08516688129739" lon="4.0533766995874982">
    <name>231.0</name>
  </wpt>
  <wpt lat="51.085652827954092" lon="4.0545544835392135">
    <name>231.1</name>
  </wpt>
  <wpt lat="51.08602882177172" lon="4.0558533424825516">
    <name>231.2</name>
  </wpt>
  <wpt lat="51.08615364231423" lon="4.0572622842569759">
    <name>231.3</name>
  </wpt>
  <wpt lat="51.086241007460622" lon="4.0586733749345454">
    <name>231.4</name>
  </wpt>
  <wpt lat="51.086827912121173" lon="4.0597518161726809">
    <name>231.5</name>
  </wpt>
  <wpt lat="51.087472360041957" lon="4.0607503912185212">
    <name>231.6</name>
  </wpt>
  <wpt lat="51.088127225760857" lon="4.06173169378503">
    <name>231.7</name>
  </wpt>
  <wpt lat="51.0887709488359" lon="4.0627314548336564">
    <name>231.8</name>
  </wpt>
  <wpt lat="51.089422691853393" lon="4.0637167264396954">
    <name>231.9</name>
  </wpt>
  <wpt lat="51.090213415065008" lon="4.0643801329401308">
    <name>232.0</name>
  </wpt>
  <wpt lat="51.091090355860416" lon="4.0646693818601083">
    <name>232.1</name>
  </wpt>
  <wpt lat="51.091972089483683" lon="4.0649499752734339">
    <name>232.2</name>
  </wpt>
  <wpt lat="51.092811295594352" lon="4.0654335007574538">
    <name>232.3</name>
  </wpt>
  <wpt lat="51.093437173624643" lon="4.06644820752005">
    <name>232.4</name>
  </wpt>
  <wpt lat="51.093942032720911" lon="4.0676330780702319">
    <name>232.5</name>
  </wpt>
  <wpt lat="51.09445524036488" lon="4.068808971303">
    <name>232.6</name>
  </wpt>
  <wpt lat="51.094883848900771" lon="4.0700493386040568">
    <name>232.7</name>
  </wpt>
  <wpt lat="51.094926149662484" lon="4.0714783339968088">
    <name>232.8</name>
  </wpt>
  <wpt lat="51.09493077868111" lon="4.0729083629475964">
    <name>232.9</name>
  </wpt>
  <wpt lat="51.094798553160572" lon="4.0743231406057792">
    <name>233.0</name>
  </wpt>
  <wpt lat="51.094671608166912" lon="4.0757147083807208">
    <name>233.1</name>
  </wpt>
  <wpt lat="51.094678130154591" lon="4.0771286931340507">
    <name>233.2</name>
  </wpt>
  <wpt lat="51.094623000011815" lon="4.0785557299025541">
    <name>233.3</name>
  </wpt>
  <wpt lat="51.094792312425916" lon="4.0799499458437607">
    <name>233.4</name>
  </wpt>
  <wpt lat="51.095015002538133" lon="4.0813308777179484">
    <name>233.5</name>
  </wpt>
  <wpt lat="51.095143695173981" lon="4.0827480579841344">
    <name>233.6</name>
  </wpt>
  <wpt lat="51.0953345280263" lon="4.0841438217033463">
    <name>233.7</name>
  </wpt>
  <wpt lat="51.095359246219417" lon="4.08557517912694">
    <name>233.8</name>
  </wpt>
  <wpt lat="51.095374399179207" lon="4.0870069379273763">
    <name>233.9</name>
  </wpt>
  <wpt lat="51.095551489357248" lon="4.0883819538716413">
    <name>234.0</name>
  </wpt>
  <wpt lat="51.095477554258572" lon="4.0897454560264892">
    <name>234.1</name>
  </wpt>
  <wpt lat="51.095154287983853" lon="4.0910577853107881">
    <name>234.2</name>
  </wpt>
  <wpt lat="51.094310624140412" lon="4.091527884646764">
    <name>234.3</name>
  </wpt>
  <wpt lat="51.093485812723429" lon="4.0920956716961667">
    <name>234.4</name>
  </wpt>
  <wpt lat="51.092669084333288" lon="4.0926945758110964">
    <name>234.5</name>
  </wpt>
  <wpt lat="51.09255593746547" lon="4.0935762376861513">
    <name>234.6</name>
  </wpt>
  <wpt lat="51.092815416843081" lon="4.0949426969555578">
    <name>234.7</name>
  </wpt>
  <wpt lat="51.093039539657461" lon="4.0963197359665866">
    <name>234.8</name>
  </wpt>
  <wpt lat="51.092978881559461" lon="4.0977428535706277">
    <name>234.9</name>
  </wpt>
  <wpt lat="51.092794100722166" lon="4.0991410461833713">
    <name>235.0</name>
  </wpt>
  <wpt lat="51.092496808123961" lon="4.1004896678466878">
    <name>235.1</name>
  </wpt>
  <wpt lat="51.092266151445756" lon="4.101855271584034">
    <name>235.2</name>
  </wpt>
  <wpt lat="51.09229223732919" lon="4.1032786517476971">
    <name>235.3</name>
  </wpt>
  <wpt lat="51.091896149918981" lon="4.1045194256389568">
    <name>235.4</name>
  </wpt>
  <wpt lat="51.091572411444126" lon="4.1058016900429264">
    <name>235.5</name>
  </wpt>
  <wpt lat="51.091444621161287" lon="4.1072189827825838">
    <name>235.6</name>
  </wpt>
  <wpt lat="51.091836142835994" lon="4.1078831596208945">
    <name>235.7</name>
  </wpt>
  <wpt lat="51.092658356886147" lon="4.1080280279037318">
    <name>235.8</name>
  </wpt>
  <wpt lat="51.093056000194956" lon="4.1092687569345143">
    <name>235.9</name>
  </wpt>
  <wpt lat="51.093144011099341" lon="4.1103208228522856">
    <name>236.0</name>
  </wpt>
  <wpt lat="51.094041877477807" lon="4.1102570446308384">
    <name>236.1</name>
  </wpt>
  <wpt lat="51.094938757929143" lon="4.110151646648303">
    <name>236.2</name>
  </wpt>
  <wpt lat="51.095462337765234" lon="4.1111337029424568">
    <name>236.3</name>
  </wpt>
  <wpt lat="51.0956602684299" lon="4.1125262456386267">
    <name>236.4</name>
  </wpt>
  <wpt lat="51.09586346309429" lon="4.11391979388034">
    <name>236.5</name>
  </wpt>
  <wpt lat="51.096120059315794" lon="4.1152922688294975">
    <name>236.6</name>
  </wpt>
  <wpt lat="51.096469112430448" lon="4.1166044203502032">
    <name>236.7</name>
  </wpt>
  <wpt lat="51.096882692815917" lon="4.1178760284764948">
    <name>236.8</name>
  </wpt>
  <wpt lat="51.097285637182281" lon="4.1191556826602014">
    <name>236.9</name>
  </wpt>
  <wpt lat="51.09767762380838" lon="4.12043561945955">
    <name>237.0</name>
  </wpt>
  <wpt lat="51.097896212727726" lon="4.1217631129572441">
    <name>237.1</name>
  </wpt>
  <wpt lat="51.098145035778963" lon="4.1231200111962334">
    <name>237.2</name>
  </wpt>
  <wpt lat="51.0985505915721" lon="4.1243974949944633">
    <name>237.3</name>
  </wpt>
  <wpt lat="51.098844961485781" lon="4.1257501251768991">
    <name>237.4</name>
  </wpt>
  <wpt lat="51.099006740608537" lon="4.1271504333465305">
    <name>237.5</name>
  </wpt>
  <wpt lat="51.098993221675656" lon="4.1285802538970966">
    <name>237.6</name>
  </wpt>
  <wpt lat="51.099073664501944" lon="4.1299875568864968">
    <name>237.7</name>
  </wpt>
  <wpt lat="51.099357546446825" lon="4.131325212837142">
    <name>237.8</name>
  </wpt>
  <wpt lat="51.099959830156628" lon="4.1323577340708288">
    <name>237.9</name>
  </wpt>
  <wpt lat="51.100625267915291" lon="4.1333002731796409">
    <name>238.0</name>
  </wpt>
  <wpt lat="51.100598993167694" lon="4.1346225698821231">
    <name>238.1</name>
  </wpt>
  <wpt lat="51.100393182116896" lon="4.1360166883200407">
    <name>238.2</name>
  </wpt>
  <wpt lat="51.100195909591356" lon="4.1374138190306633">
    <name>238.3</name>
  </wpt>
  <wpt lat="51.100100942620934" lon="4.1386297987076048">
    <name>238.4</name>
  </wpt>
  <wpt lat="51.1004428748596" lon="4.1399535858035579">
    <name>238.5</name>
  </wpt>
  <wpt lat="51.100627381195913" lon="4.1413410768188248">
    <name>238.6</name>
  </wpt>
  <wpt lat="51.110398537923466" lon="4.1423514812966031">
    <name>239.79</name>
  </wpt>
  <wpt lat="51.110609652641145" lon="4.1423887541372233">
    <name>239.8</name>
  </wpt>
  <wpt lat="51.111505296246449" lon="4.1425179776758441">
    <name>239.9</name>
  </wpt>
  <wpt lat="51.113931782464995" lon="4.1431917111770842">
    <name>240.22</name>
  </wpt>
  <wpt lat="51.114103978353128" lon="4.1442985809160424">
    <name>240.3</name>
  </wpt>
  <wpt lat="51.114009303367062" lon="4.1457216735935924">
    <name>240.4</name>
  </wpt>
  <wpt lat="51.113871748574873" lon="4.1471342074999082">
    <name>240.5</name>
  </wpt>
  <wpt lat="51.113671214172882" lon="4.1485305671826023">
    <name>240.6</name>
  </wpt>
  <wpt lat="51.113699776472032" lon="4.1499523608259494">
    <name>240.7</name>
  </wpt>
  <wpt lat="51.113834506469637" lon="4.1513687304858928">
    <name>240.8</name>
  </wpt>
  <wpt lat="51.113776014478425" lon="4.15279287589427">
    <name>240.9</name>
  </wpt>
  <wpt lat="51.11382041721857" lon="4.1542207604937182">
    <name>241.0</name>
  </wpt>
  <wpt lat="51.1138854986826" lon="4.1556494263545432">
    <name>241.1</name>
  </wpt>
  <wpt lat="51.114071120193806" lon="4.1570463665596087">
    <name>241.2</name>
  </wpt>
  <wpt lat="51.114389833835254" lon="4.1583853351815554">
    <name>241.3</name>
  </wpt>
  <wpt lat="51.11471923661783" lon="4.1597142924951918">
    <name>241.4</name>
  </wpt>
  <wpt lat="51.11471570351609" lon="4.1611268079205006">
    <name>241.5</name>
  </wpt>
  <wpt lat="51.11454413080061" lon="4.1625329403432376">
    <name>241.6</name>
  </wpt>
  <wpt lat="51.114357874069782" lon="4.163933880661089">
    <name>241.7</name>
  </wpt>
  <wpt lat="51.114092989053447" lon="4.1653026008510459">
    <name>241.8</name>
  </wpt>
  <wpt lat="51.114197751130376" lon="4.1666911238227744">
    <name>241.9</name>
  </wpt>
  <wpt lat="51.114168984396251" lon="4.1681074890936545">
    <name>242.0</name>
  </wpt>
  <wpt lat="51.114011406447922" lon="4.1695177478860028">
    <name>242.1</name>
  </wpt>
  <wpt lat="51.113861499453478" lon="4.1709302335121095">
    <name>242.2</name>
  </wpt>
  <wpt lat="51.113710845321236" lon="4.1723424434794909">
    <name>242.3</name>
  </wpt>
  <wpt lat="51.113565809729629" lon="4.1737562264048966">
    <name>242.4</name>
  </wpt>
  <wpt lat="51.113426726272245" lon="4.1751715211526719">
    <name>242.5</name>
  </wpt>
  <wpt lat="51.113435213959633" lon="4.1765882259428277">
    <name>242.6</name>
  </wpt>
  <wpt lat="51.113714648078947" lon="4.1779483077681521">
    <name>242.7</name>
  </wpt>
  <wpt lat="51.114021464207809" lon="4.1792945782995989">
    <name>242.8</name>
  </wpt>
  <wpt lat="51.114386599680863" lon="4.1806035117775195">
    <name>242.9</name>
  </wpt>
  <wpt lat="51.114794021538948" lon="4.18187948376427">
    <name>243.0</name>
  </wpt>
  <wpt lat="51.115229282784036" lon="4.1831319362081612">
    <name>243.1</name>
  </wpt>
  <wpt lat="51.115697263098426" lon="4.1843551850334642">
    <name>243.2</name>
  </wpt>
  <wpt lat="51.116121707556253" lon="4.1856171698676157">
    <name>243.3</name>
  </wpt>
  <wpt lat="51.116468452085861" lon="4.1869365510047789">
    <name>243.4</name>
  </wpt>
  <wpt lat="51.11670661210097" lon="4.1883169807323837">
    <name>243.5</name>
  </wpt>
  <wpt lat="51.116944482097814" lon="4.1896852472952464">
    <name>243.6</name>
  </wpt>
  <wpt lat="51.117380681412335" lon="4.1909381010152185">
    <name>243.7</name>
  </wpt>
  <wpt lat="51.117936167782858" lon="4.1920621266540179">
    <name>243.8</name>
  </wpt>
  <wpt lat="51.118616458066178" lon="4.1929936887904855">
    <name>243.9</name>
  </wpt>
  <wpt lat="51.1192986179917" lon="4.1939271839843251">
    <name>244.0</name>
  </wpt>
  <wpt lat="51.119993663293279" lon="4.1948362606590068">
    <name>244.1</name>
  </wpt>
  <wpt lat="51.120691596795211" lon="4.19573973383754">
    <name>244.2</name>
  </wpt>
  <wpt lat="51.121377361029523" lon="4.1966662520170166">
    <name>244.3</name>
  </wpt>
  <wpt lat="51.122070801235367" lon="4.19757849773094">
    <name>244.4</name>
  </wpt>
  <wpt lat="51.122749396338371" lon="4.1985162024306293">
    <name>244.5</name>
  </wpt>
  <wpt lat="51.1234056728657" lon="4.1994948122971039">
    <name>244.6</name>
  </wpt>
  <wpt lat="51.124019287074937" lon="4.2005417864676335">
    <name>244.7</name>
  </wpt>
  <wpt lat="51.124632558141116" lon="4.2015895926464344">
    <name>244.8</name>
  </wpt>
  <wpt lat="51.125215281746875" lon="4.2026794036872728">
    <name>244.9</name>
  </wpt>
  <wpt lat="51.125666133152649" lon="4.20391034582317">
    <name>245.0</name>
  </wpt>
  <wpt lat="51.125931643065663" lon="4.2051678945748616">
    <name>245.1</name>
  </wpt>
  <wpt lat="51.125946104166474" lon="4.2064081851335624">
    <name>245.2</name>
  </wpt>
  <wpt lat="51.125808110491704" lon="4.2078184102968113">
    <name>245.3</name>
  </wpt>
  <wpt lat="51.125587878504433" lon="4.2092077018903407">
    <name>245.4</name>
  </wpt>
  <wpt lat="51.125187437764708" lon="4.2104528982951512">
    <name>245.5</name>
  </wpt>
  <wpt lat="51.12483349728911" lon="4.2117617456170873">
    <name>245.6</name>
  </wpt>
  <wpt lat="51.124728000027851" lon="4.2131752659033808">
    <name>245.7</name>
  </wpt>
  <wpt lat="51.124718881388" lon="4.214548813547478">
    <name>245.8</name>
  </wpt>
  <wpt lat="51.12453116855292" lon="4.2159501337411109">
    <name>245.9</name>
  </wpt>
  <wpt lat="51.124377653286686" lon="4.2173513613416223">
    <name>246.0</name>
  </wpt>
  <wpt lat="51.124211892133552" lon="4.2187532228880533">
    <name>246.1</name>
  </wpt>
  <wpt lat="51.12414298847817" lon="4.2199896854134771">
    <name>246.2</name>
  </wpt>
  <wpt lat="51.124112026016022" lon="4.221419690169455">
    <name>246.3</name>
  </wpt>
  <wpt lat="51.124361324009264" lon="4.2227863534402488">
    <name>246.4</name>
  </wpt>
  <wpt lat="51.124785511124408" lon="4.2239977311567447">
    <name>246.5</name>
  </wpt>
  <wpt lat="51.125439511551861" lon="4.2248575382399114">
    <name>246.6</name>
  </wpt>
  <wpt lat="51.126146259728749" lon="4.2257262793120756">
    <name>246.7</name>
  </wpt>
  <wpt lat="51.126715234575784" lon="4.2268354977853262">
    <name>246.8</name>
  </wpt>
  <wpt lat="51.127196313410884" lon="4.2280431414743429">
    <name>246.9</name>
  </wpt>
  <wpt lat="51.127776255694187" lon="4.2291152655001643">
    <name>247.0</name>
  </wpt>
  <wpt lat="51.128634107388031" lon="4.2292641280173076">
    <name>247.1</name>
  </wpt>
  <wpt lat="51.128826000066468" lon="4.2303003917457724">
    <name>247.2</name>
  </wpt>
  <wpt lat="51.128822914779114" lon="4.2317257921367029">
    <name>247.3</name>
  </wpt>
  <wpt lat="51.128783000308104" lon="4.2331571908849144">
    <name>247.4</name>
  </wpt>
  <wpt lat="51.128748330794252" lon="4.2345887087488165">
    <name>247.5</name>
  </wpt>
  <wpt lat="51.128711136965492" lon="4.2360202990846849">
    <name>247.6</name>
  </wpt>
  <wpt lat="51.128672094674492" lon="4.2374519609685812">
    <name>247.7</name>
  </wpt>
  <wpt lat="51.128627927377934" lon="4.2388832229818458">
    <name>247.8</name>
  </wpt>
  <wpt lat="51.128590000224683" lon="4.2403148571348677">
    <name>247.9</name>
  </wpt>
  <wpt lat="51.128552686356748" lon="4.2417450349338841">
    <name>248.0</name>
  </wpt>
  <wpt lat="51.128518906322292" lon="4.2431769288771575">
    <name>248.1</name>
  </wpt>
  <wpt lat="51.128467923368007" lon="4.24460754339483">
    <name>248.2</name>
  </wpt>
  <wpt lat="51.128519490958013" lon="4.2460366034391495">
    <name>248.3</name>
  </wpt>
  <wpt lat="51.128696643070228" lon="4.2474392709965567">
    <name>248.4</name>
  </wpt>
  <wpt lat="51.128929095671907" lon="4.2488235522351223">
    <name>248.5</name>
  </wpt>
  <wpt lat="51.12913601402763" lon="4.2502141837323206">
    <name>248.6</name>
  </wpt>
  <wpt lat="51.129365054841841" lon="4.2515990556375476">
    <name>248.7</name>
  </wpt>
  <wpt lat="51.1295831141254" lon="4.2529892852823989">
    <name>248.8</name>
  </wpt>
  <wpt lat="51.129800674876186" lon="4.2543782472117915">
    <name>248.9</name>
  </wpt>
  <wpt lat="51.129820381150886" lon="4.2557993945545194">
    <name>249.0</name>
  </wpt>
  <wpt lat="51.129726969979536" lon="4.2572245518218148">
    <name>249.1</name>
  </wpt>
  <wpt lat="51.129628098788757" lon="4.2586483963447321">
    <name>249.2</name>
  </wpt>
  <wpt lat="51.129631996067289" lon="4.2600754647161434">
    <name>249.3</name>
  </wpt>
  <wpt lat="51.129681165171363" lon="4.2615061619785157">
    <name>249.4</name>
  </wpt>
  <wpt lat="51.129727000001459" lon="4.26293668913261">
    <name>249.5</name>
  </wpt>
  <wpt lat="51.129770000072341" lon="4.2643672424140719">
    <name>249.6</name>
  </wpt>
  <wpt lat="51.129792000071824" lon="4.2657990987622716">
    <name>249.7</name>
  </wpt>
  <wpt lat="51.1298267670421" lon="4.2672274804595176">
    <name>249.8</name>
  </wpt>
  <wpt lat="51.130150115634578" lon="4.2685469664231839">
    <name>249.9</name>
  </wpt>
  <wpt lat="51.13062453167904" lon="4.2697632228804414">
    <name>250.0</name>
  </wpt>
  <wpt lat="51.130933191740262" lon="4.2710977261376568">
    <name>250.1</name>
  </wpt>
  <wpt lat="51.131286858581262" lon="4.2724134828101734">
    <name>250.2</name>
  </wpt>
  <wpt lat="51.131683327104717" lon="4.2736997657264117">
    <name>250.3</name>
  </wpt>
  <wpt lat="51.132090864155913" lon="4.2749764821627467">
    <name>250.4</name>
  </wpt>
  <wpt lat="51.132613257514258" lon="4.2761425479197026">
    <name>250.5</name>
  </wpt>
  <wpt lat="51.133014932244848" lon="4.2774160578684874">
    <name>250.6</name>
  </wpt>
  <wpt lat="51.133391302905196" lon="4.2787153167432184">
    <name>250.7</name>
  </wpt>
  <wpt lat="51.133849977563926" lon="4.2799333043418866">
    <name>250.8</name>
  </wpt>
  <wpt lat="51.134480059059271" lon="4.2809559175000276">
    <name>250.9</name>
  </wpt>
  <wpt lat="51.135132914099856" lon="4.2819409369840562">
    <name>251.0</name>
  </wpt>
  <wpt lat="51.135799284588259" lon="4.28290340178776">
    <name>251.1</name>
  </wpt>
  <wpt lat="51.140323623912181" lon="4.2897703500924012">
    <name>251.81</name>
  </wpt>
  <wpt lat="51.140345030540615" lon="4.289810546348253">
    <name>251.8</name>
  </wpt>
  <wpt lat="51.140905879264814" lon="4.2909310346069081">
    <name>251.9</name>
  </wpt>
  <wpt lat="51.141470486185774" lon="4.2920467017251038">
    <name>252.0</name>
  </wpt>
  <wpt lat="51.142035195736781" lon="4.293162245710441">
    <name>252.1</name>
  </wpt>
  <wpt lat="51.142581434028834" lon="4.294299402529794">
    <name>252.2</name>
  </wpt>
  <wpt lat="51.143150864710748" lon="4.295408692065287">
    <name>252.3</name>
  </wpt>
  <wpt lat="51.143716443274791" lon="4.2965221647692973">
    <name>252.4</name>
  </wpt>
  <wpt lat="51.1445035015749" lon="4.2971450238070581">
    <name>252.5</name>
  </wpt>
  <wpt lat="51.145376608393356" lon="4.2974780377018265">
    <name>252.6</name>
  </wpt>
  <wpt lat="51.146248433227058" lon="4.2978296030355878">
    <name>252.7</name>
  </wpt>
  <wpt lat="51.147117232454747" lon="4.2981927287017312">
    <name>252.8</name>
  </wpt>
  <wpt lat="51.147983840127146" lon="4.2985080000000417">
    <name>252.9</name>
  </wpt>
  <wpt lat="51.148815714195706" lon="4.2990438461859561">
    <name>253.0</name>
  </wpt>
  <wpt lat="51.14968185336528" lon="4.2994276167539649">
    <name>253.1</name>
  </wpt>
  <wpt lat="51.150556985315831" lon="4.2997561082495821">
    <name>253.2</name>
  </wpt>
  <wpt lat="51.151453471748916" lon="4.299774772076554">
    <name>253.3</name>
  </wpt>
  <wpt lat="51.152337597633881" lon="4.2999963932189695">
    <name>253.4</name>
  </wpt>
  <wpt lat="51.153205563964548" lon="4.3003544388744732">
    <name>253.5</name>
  </wpt>
  <wpt lat="51.154095066023267" lon="4.3005638111961959">
    <name>253.6</name>
  </wpt>
  <wpt lat="51.154982696582415" lon="4.3007934258997755">
    <name>253.7</name>
  </wpt>
  <wpt lat="51.155879267825128" lon="4.3008689999999881">
    <name>253.8</name>
  </wpt>
  <wpt lat="51.156706266866067" lon="4.301303936561423">
    <name>253.9</name>
  </wpt>
  <wpt lat="51.1573737074205" lon="4.3022649654495195">
    <name>254.0</name>
  </wpt>
  <wpt lat="51.158110314412241" lon="4.3030482437842528">
    <name>254.1</name>
  </wpt>
  <wpt lat="51.158996406445532" lon="4.3032857771735484">
    <name>254.2</name>
  </wpt>
  <wpt lat="51.159840010142851" lon="4.3037637070115364">
    <name>254.3</name>
  </wpt>
  <wpt lat="51.160632991882856" lon="4.3044399644723255">
    <name>254.4</name>
  </wpt>
  <wpt lat="51.161422814855207" lon="4.3051257326605894">
    <name>254.5</name>
  </wpt>
  <wpt lat="51.162168991973346" lon="4.3059203438039528">
    <name>254.6</name>
  </wpt>
  <wpt lat="51.162895583446904" lon="4.3067635833733053">
    <name>254.7</name>
  </wpt>
  <wpt lat="51.163660605862304" lon="4.30751581229347">
    <name>254.8</name>
  </wpt>
  <wpt lat="51.164439534025583" lon="4.308230248263575">
    <name>254.9</name>
  </wpt>
  <wpt lat="51.1652112688174" lon="4.3089623486875217">
    <name>255.0</name>
  </wpt>
  <wpt lat="51.166026343075778" lon="4.3095678664966073">
    <name>255.1</name>
  </wpt>
  <wpt lat="51.166845600784335" lon="4.31015902926897">
    <name>255.2</name>
  </wpt>
  <wpt lat="51.167675050418964" lon="4.310711722220077">
    <name>255.3</name>
  </wpt>
  <wpt lat="51.16852773191053" lon="4.3111675916139536">
    <name>255.4</name>
  </wpt>
  <wpt lat="51.169369305776684" lon="4.3116725950223245">
    <name>255.5</name>
  </wpt>
  <wpt lat="51.170208350626289" lon="4.3121880166952016">
    <name>255.6</name>
  </wpt>
  <wpt lat="51.175402234581348" lon="4.3178325309602856">
    <name>257.41</name>
  </wpt>
  <wpt lat="51.1754060776876" lon="4.3177801240694293">
    <name>257.4</name>
  </wpt>
  <wpt lat="51.1756153499498" lon="4.3163885675930391">
    <name>257.5</name>
  </wpt>
  <wpt lat="51.176114836481261" lon="4.3157692216207186">
    <name>257.6</name>
  </wpt>
  <wpt lat="51.176976744312228" lon="4.3161568720471308">
    <name>257.7</name>
  </wpt>
  <wpt lat="51.177845394669284" lon="4.3165272534161838">
    <name>257.8</name>
  </wpt>
  <wpt lat="51.178678199692" lon="4.3170635101343571">
    <name>257.9</name>
  </wpt>
  <wpt lat="51.179539180636894" lon="4.3174495147360847">
    <name>258.0</name>
  </wpt>
  <wpt lat="51.191692174443176" lon="4.3225882896859282">
    <name>259.68</name>
  </wpt>
  <wpt lat="51.191991654125005" lon="4.3228160620905092">
    <name>259.7</name>
  </wpt>
  <wpt lat="51.1927471616683" lon="4.323562231955079">
    <name>259.8</name>
  </wpt>
  <wpt lat="51.193530015395389" lon="4.3242570283305994">
    <name>259.9</name>
  </wpt>
  <wpt lat="51.194323994249466" lon="4.3248940206242423">
    <name>260.0</name>
  </wpt>
  <wpt lat="51.195035692721355" lon="4.3257687606651665">
    <name>260.1</name>
  </wpt>
  <wpt lat="51.195751139343812" lon="4.3266367347914025">
    <name>260.2</name>
  </wpt>
  <wpt lat="51.196486761131119" lon="4.3274620361443077">
    <name>260.3</name>
  </wpt>
  <wpt lat="51.19722541928305" lon="4.3282802727241707">
    <name>260.4</name>
  </wpt>
  <wpt lat="51.19795731316254" lon="4.32911196072726">
    <name>260.5</name>
  </wpt>
  <wpt lat="51.198521239400506" lon="4.3302082355080067">
    <name>260.6</name>
  </wpt>
  <wpt lat="51.1989337671643" lon="4.331483277907374">
    <name>260.7</name>
  </wpt>
  <wpt lat="51.199388895383038" lon="4.3327193021711912">
    <name>260.8</name>
  </wpt>
  <wpt lat="51.199858500985165" lon="4.3339433067234605">
    <name>260.9</name>
  </wpt>
  <wpt lat="51.200328814903322" lon="4.3351665146833689">
    <name>261.0</name>
  </wpt>
  <wpt lat="51.200806271730265" lon="4.3363817953421755">
    <name>261.1</name>
  </wpt>
  <wpt lat="51.201377921787262" lon="4.337489735590295">
    <name>261.2</name>
  </wpt>
  <wpt lat="51.201786570066936" lon="4.3387371798731431">
    <name>261.3</name>
  </wpt>
  <wpt lat="51.202087761655427" lon="4.3400646566922125">
    <name>261.4</name>
  </wpt>
  <wpt lat="51.2021446432707" lon="4.3414897785168316">
    <name>261.5</name>
  </wpt>
  <wpt lat="51.202126000108315" lon="4.3429247078672972">
    <name>261.6</name>
  </wpt>
  <wpt lat="51.202019225386636" lon="4.3442911124271939">
    <name>261.7</name>
  </wpt>
  <wpt lat="51.201670411683956" lon="4.345601701227495">
    <name>261.8</name>
  </wpt>
  <wpt lat="51.201584344015423" lon="4.3470272853824277">
    <name>261.9</name>
  </wpt>
  <wpt lat="51.201648969987836" lon="4.3484412741758263">
    <name>262.0</name>
  </wpt>
  <wpt lat="51.2020320690904" lon="4.3497324406996345">
    <name>262.1</name>
  </wpt>
  <wpt lat="51.20229503418652" lon="4.351093974158613">
    <name>262.2</name>
  </wpt>
  <wpt lat="51.202712868878962" lon="4.3523645605065235">
    <name>262.3</name>
  </wpt>
  <wpt lat="51.2031497716839" lon="4.353619122246343">
    <name>262.4</name>
  </wpt>
  <wpt lat="51.203586530001438" lon="4.3548738240513787">
    <name>262.5</name>
  </wpt>
  <wpt lat="51.204109354591687" lon="4.3557329689295239">
    <name>262.6</name>
  </wpt>
  <wpt lat="51.204506558969086" lon="4.3570202938080964">
    <name>262.7</name>
  </wpt>
  <wpt lat="51.204898508820925" lon="4.35831217692665">
    <name>262.8</name>
  </wpt>
  <wpt lat="51.205290458672657" lon="4.35960407103893">
    <name>262.9</name>
  </wpt>
  <wpt lat="51.205682408524289" lon="4.3608959761451418">
    <name>263.0</name>
  </wpt>
  <wpt lat="51.206086249828687" lon="4.3621783405839167">
    <name>263.1</name>
  </wpt>
  <wpt lat="51.206510895624646" lon="4.36344358456675">
    <name>263.2</name>
  </wpt>
  <wpt lat="51.206943403552486" lon="4.3647021230574934">
    <name>263.3</name>
  </wpt>
  <wpt lat="51.2071412267266" lon="4.3658601597583955">
    <name>263.4</name>
  </wpt>
  <wpt lat="51.207597593454118" lon="4.3670940161677452">
    <name>263.5</name>
  </wpt>
  <wpt lat="51.208083322547758" lon="4.368296763674957">
    <name>263.6</name>
  </wpt>
  <wpt lat="51.208529247607807" lon="4.3695432466752031">
    <name>263.7</name>
  </wpt>
  <wpt lat="51.208913724786633" lon="4.3708379998481357">
    <name>263.8</name>
  </wpt>
  <wpt lat="51.209434337401881" lon="4.3720066106193007">
    <name>263.9</name>
  </wpt>
  <wpt lat="51.209960836894389" lon="4.3731704197433974">
    <name>264.0</name>
  </wpt>
  <wpt lat="51.210487575637217" lon="4.3743339647106723">
    <name>264.1</name>
  </wpt>
  <wpt lat="51.211017881484914" lon="4.3754933886256131">
    <name>264.2</name>
  </wpt>
  <wpt lat="51.211548187332504" lon="4.3766528258928794">
    <name>264.3</name>
  </wpt>
  <wpt lat="51.212078493179988" lon="4.3778122765127749">
    <name>264.4</name>
  </wpt>
  <wpt lat="51.21261718406209" lon="4.3789617614469485">
    <name>264.5</name>
  </wpt>
  <wpt lat="51.213162423986027" lon="4.3801033908296709">
    <name>264.6</name>
  </wpt>
  <wpt lat="51.21376934833863" lon="4.3811626160944046">
    <name>264.7</name>
  </wpt>
  <wpt lat="51.214454189585894" lon="4.3820737939933254">
    <name>264.8</name>
  </wpt>
  <wpt lat="51.215157621454651" lon="4.3829665638050761">
    <name>264.9</name>
  </wpt>
  <wpt lat="51.215870540049885" lon="4.3838382928505064">
    <name>265.0</name>
  </wpt>
  <wpt lat="51.216621575602737" lon="4.3846275302196691">
    <name>265.1</name>
  </wpt>
  <wpt lat="51.21739673476111" lon="4.3853554819515992">
    <name>265.2</name>
  </wpt>
  <wpt lat="51.218189546345435" lon="4.3860314745110625">
    <name>265.3</name>
  </wpt>
  <wpt lat="51.219007322869558" lon="4.3866244821869147">
    <name>265.4</name>
  </wpt>
  <wpt lat="51.219837131124017" lon="4.3871774508211736">
    <name>265.5</name>
  </wpt>
  <wpt lat="51.2206697493941" lon="4.3877192286919016">
    <name>265.6</name>
  </wpt>
  <wpt lat="51.234934000071853" lon="4.4203986391330492">
    <name>269.45</name>
  </wpt>
  <wpt lat="51.235343319248059" lon="4.4206708625848341">
    <name>269.5</name>
  </wpt>
  <wpt lat="51.236240067289948" lon="4.42061090805747">
    <name>269.6</name>
  </wpt>
  <wpt lat="51.23713925221481" lon="4.4205869316157695">
    <name>269.7</name>
  </wpt>
  <wpt lat="51.238038485904212" lon="4.4205668474536335">
    <name>269.8</name>
  </wpt>
  <wpt lat="51.238937694725621" lon="4.4205738113055881">
    <name>269.9</name>
  </wpt>
  <wpt lat="51.239836427702024" lon="4.4205590000000274">
    <name>270.0</name>
  </wpt>
  <wpt lat="51.240735749307952" lon="4.4205590000000274">
    <name>270.1</name>
  </wpt>
  <wpt lat="51.241634730347954" lon="4.4205303435101229">
    <name>270.2</name>
  </wpt>
  <wpt lat="51.242533976794583" lon="4.4205117715051037">
    <name>270.3</name>
  </wpt>
  <wpt lat="51.24343323052652" lon="4.4204949999999776">
    <name>270.4</name>
  </wpt>
  <wpt lat="51.244332552132427" lon="4.4204949999999776">
    <name>270.5</name>
  </wpt>
  <wpt lat="51.2445470020852" lon="4.4217302799159874">
    <name>270.6</name>
  </wpt>
  <wpt lat="51.244547000448343" lon="4.4231669011940165">
    <name>270.7</name>
  </wpt>
  <wpt lat="51.244927270615214" lon="4.4239849586696707">
    <name>270.8</name>
  </wpt>
  <wpt lat="51.24492405743716" lon="4.4254193750275048">
    <name>270.9</name>
  </wpt>
  <wpt lat="51.244788906044064" lon="4.4268327247939325">
    <name>271.0</name>
  </wpt>
  <wpt lat="51.244785289645293" lon="4.428023421055796">
    <name>271.1</name>
  </wpt>
  <wpt lat="51.244178521717" lon="4.4287439305873706">
    <name>271.2</name>
  </wpt>
  <wpt lat="51.244250267614134" lon="4.4295762499338212">
    <name>271.3</name>
  </wpt>
  <wpt lat="51.245120329338434" lon="4.429939722317064">
    <name>271.4</name>
  </wpt>
  <wpt lat="51.245881128511677" lon="4.4306910101439732">
    <name>271.5</name>
  </wpt>
  <wpt lat="51.246657849563604" lon="4.4314118414494663">
    <name>271.6</name>
  </wpt>
  <wpt lat="51.247513139420633" lon="4.4318522019961364">
    <name>271.7</name>
  </wpt>
  <wpt lat="51.248356057408813" lon="4.4323526609667079">
    <name>271.8</name>
  </wpt>
  <wpt lat="51.249194893924283" lon="4.4328706579241262">
    <name>271.9</name>
  </wpt>
  <wpt lat="51.25003343752833" lon="4.4333898824201343">
    <name>272.0</name>
  </wpt>
  <wpt lat="51.250872591594486" lon="4.4339065391708905">
    <name>272.1</name>
  </wpt>
  <wpt lat="51.251713358936939" lon="4.4344165224760124">
    <name>272.2</name>
  </wpt>
  <wpt lat="51.252554661020589" lon="4.4349242586928916">
    <name>272.3</name>
  </wpt>
  <wpt lat="51.253407969487213" lon="4.4353729873837606">
    <name>272.4</name>
  </wpt>
  <wpt lat="51.254291144810253" lon="4.4356322207576282">
    <name>272.5</name>
  </wpt>
  <wpt lat="51.254898657747283" lon="4.4361648295544356">
    <name>272.6</name>
  </wpt>
  <wpt lat="51.254926185909177" lon="4.4376010995284449">
    <name>272.7</name>
  </wpt>
  <wpt lat="51.254920065958437" lon="4.4390350920317205">
    <name>272.8</name>
  </wpt>
  <wpt lat="51.254954000043604" lon="4.4404680819441635">
    <name>272.9</name>
  </wpt>
  <wpt lat="51.255087267291053" lon="4.4418810142296605">
    <name>273.0</name>
  </wpt>
  <wpt lat="51.2552550000171" lon="4.4432925647763541">
    <name>273.1</name>
  </wpt>
  <wpt lat="51.255083550237664" lon="4.4446823630584014">
    <name>273.2</name>
  </wpt>
  <wpt lat="51.254702705337785" lon="4.4459775655349105">
    <name>273.3</name>
  </wpt>
  <wpt lat="51.254608365612555" lon="4.4473971169472559">
    <name>273.4</name>
  </wpt>
  <wpt lat="51.25454339242112" lon="4.4488302965413649">
    <name>273.5</name>
  </wpt>
  <wpt lat="51.25448167425435" lon="4.45026382605898">
    <name>273.6</name>
  </wpt>
  <wpt lat="51.25441354417886" lon="4.4516946043391892">
    <name>273.7</name>
  </wpt>
  <wpt lat="51.254338999178081" lon="4.4531265877942623">
    <name>273.8</name>
  </wpt>
  <wpt lat="51.25427993227958" lon="4.4545603891484413">
    <name>273.9</name>
  </wpt>
  <wpt lat="51.254215308149853" lon="4.4559935328868594">
    <name>274.0</name>
  </wpt>
  <wpt lat="51.254144985322036" lon="4.4574260130234578">
    <name>274.1</name>
  </wpt>
  <wpt lat="51.254096000000395" lon="4.4588602821542818">
    <name>274.2</name>
  </wpt>
  <wpt lat="51.254670436189045" lon="4.4597200860981134">
    <name>274.3</name>
  </wpt>
  <wpt lat="51.255452751627793" lon="4.4604247771103447">
    <name>274.4</name>
  </wpt>
  <wpt lat="51.25624153929661" lon="4.4611141467936468">
    <name>274.5</name>
  </wpt>
  <wpt lat="51.257018059080544" lon="4.4618390169918936">
    <name>274.6</name>
  </wpt>
  <wpt lat="51.257750950362357" lon="4.4625520000000423">
    <name>274.7</name>
  </wpt>
  <wpt lat="51.2585095597895" lon="4.4633007164351044">
    <name>274.8</name>
  </wpt>
  <wpt lat="51.2592916128203" lon="4.4640035651375491">
    <name>274.9</name>
  </wpt>
  <wpt lat="51.26008039765599" lon="4.4642483314330654">
    <name>275.0</name>
  </wpt>
  <wpt lat="51.260978179655183" lon="4.4641936605738213">
    <name>275.1</name>
  </wpt>
  <wpt lat="51.261871990984169" lon="4.4640348133449281">
    <name>275.2</name>
  </wpt>
  <wpt lat="51.262765802313147" lon="4.46387596302708">
    <name>275.3</name>
  </wpt>
  <wpt lat="51.263658892118336" lon="4.46370790524159">
    <name>275.4</name>
  </wpt>
  <wpt lat="51.264551176849849" lon="4.4635292625476266">
    <name>275.5</name>
  </wpt>
  <wpt lat="51.265442775711733" lon="4.4634064965030174">
    <name>275.6</name>
  </wpt>
  <wpt lat="51.266336785753012" lon="4.4632536823749689">
    <name>275.7</name>
  </wpt>
  <wpt lat="51.267224134596688" lon="4.46314860002437">
    <name>275.8</name>
  </wpt>
  <wpt lat="51.267990207448022" lon="4.4638435518265247">
    <name>275.9</name>
  </wpt>
  <wpt lat="51.2686942810451" lon="4.4646989154573022">
    <name>276.0</name>
  </wpt>
  <wpt lat="51.2694314860157" lon="4.4655186372340685">
    <name>276.1</name>
  </wpt>
  <wpt lat="51.27015547386361" lon="4.4663713429885776">
    <name>276.2</name>
  </wpt>
  <wpt lat="51.270879461711438" lon="4.4672240621781567">
    <name>276.3</name>
  </wpt>
  <wpt lat="51.2716034495592" lon="4.4680767948033147">
    <name>276.4</name>
  </wpt>
  <wpt lat="51.272327437406865" lon="4.4689295408646625">
    <name>276.5</name>
  </wpt>
  <wpt lat="51.273051425254451" lon="4.4697823003627093">
    <name>276.6</name>
  </wpt>
  <wpt lat="51.27378284319601" lon="4.4706155973114168">
    <name>276.7</name>
  </wpt>
  <wpt lat="51.274508405662367" lon="4.4714634666230806">
    <name>276.8</name>
  </wpt>
  <wpt lat="51.275231461578819" lon="4.4723182708743892">
    <name>276.9</name>
  </wpt>
  <wpt lat="51.275958029494632" lon="4.4731654588444743">
    <name>277.0</name>
  </wpt>
  <wpt lat="51.276682633592053" lon="4.4740169428777037">
    <name>277.1</name>
  </wpt>
  <wpt lat="51.277406711885853" lon="4.4748695869712822">
    <name>277.2</name>
  </wpt>
  <wpt lat="51.278130790179567" lon="4.4757222445041043">
    <name>277.3</name>
  </wpt>
  <wpt lat="51.2788548684732" lon="4.47657491547678">
    <name>277.4</name>
  </wpt>
  <wpt lat="51.279578946766755" lon="4.4774275998897162">
    <name>277.5</name>
  </wpt>
  <wpt lat="51.280300242885815" lon="4.478285952471742">
    <name>277.6</name>
  </wpt>
  <wpt lat="51.28102587657083" lon="4.4791352777089264">
    <name>277.7</name>
  </wpt>
  <wpt lat="51.281753100383114" lon="4.4799811301988068">
    <name>277.8</name>
  </wpt>
  <wpt lat="51.282478639461196" lon="4.4808306807850586">
    <name>277.9</name>
  </wpt>
  <wpt lat="51.283203286262314" lon="4.4816821972035612">
    <name>278.0</name>
  </wpt>
  <wpt lat="51.283927933063353" lon="4.4825337270568282">
    <name>278.1</name>
  </wpt>
  <wpt lat="51.284653048443296" lon="4.4833639031168389">
    <name>278.2</name>
  </wpt>
  <wpt lat="51.285396723354445" lon="4.4839888742831038">
    <name>278.3</name>
  </wpt>
  <wpt lat="51.286110755008352" lon="4.4848630063142343">
    <name>278.4</name>
  </wpt>
  <wpt lat="51.286835770958305" lon="4.48571331835866">
    <name>278.5</name>
  </wpt>
  <wpt lat="51.287558216588742" lon="4.4865649726457093">
    <name>278.6</name>
  </wpt>
  <wpt lat="51.2881737518266" lon="4.4875968270407389">
    <name>278.7</name>
  </wpt>
  <wpt lat="51.288699168142784" lon="4.4887637884153291">
    <name>278.8</name>
  </wpt>
  <wpt lat="51.289242974365322" lon="4.4899088128715281">
    <name>278.9</name>
  </wpt>
  <wpt lat="51.289817289844045" lon="4.4910139393645467">
    <name>279.0</name>
  </wpt>
  <wpt lat="51.29037235847953" lon="4.4921408823697231">
    <name>279.1</name>
  </wpt>
  <wpt lat="51.29108433899961" lon="4.493018139597293">
    <name>279.2</name>
  </wpt>
  <wpt lat="51.291813506941473" lon="4.4938546258868506">
    <name>279.3</name>
  </wpt>
  <wpt lat="51.292612981485526" lon="4.4945131414147719">
    <name>279.4</name>
  </wpt>
  <wpt lat="51.293409050315226" lon="4.4951806152926022">
    <name>279.5</name>
  </wpt>
  <wpt lat="51.294206485714433" lon="4.4958454762702607">
    <name>279.6</name>
  </wpt>
  <wpt lat="51.295007485069313" lon="4.4964988027918178">
    <name>279.7</name>
  </wpt>
  <wpt lat="51.29580440754895" lon="4.4971653029202887">
    <name>279.8</name>
  </wpt>
  <wpt lat="51.296484996777359" lon="4.4978878042799826">
    <name>279.9</name>
  </wpt>
  <wpt lat="51.297281643477461" lon="4.4985199320811375">
    <name>280.0</name>
  </wpt>
  <wpt lat="51.298079878640053" lon="4.4991822570830617">
    <name>280.1</name>
  </wpt>
  <wpt lat="51.298875050420449" lon="4.4998540274188317">
    <name>280.2</name>
  </wpt>
  <wpt lat="51.299669627207223" lon="4.5005277086834568">
    <name>280.3</name>
  </wpt>
  <wpt lat="51.30046420399394" lon="4.5012014016096735">
    <name>280.4</name>
  </wpt>
  <wpt lat="51.301260934950236" lon="4.5018685369816289">
    <name>280.5</name>
  </wpt>
  <wpt lat="51.302059173126423" lon="4.5025310884645924">
    <name>280.6</name>
  </wpt>
  <wpt lat="51.302857411302554" lon="4.5031936514703226">
    <name>280.7</name>
  </wpt>
  <wpt lat="51.303655649478642" lon="4.5038562259993311">
    <name>280.8</name>
  </wpt>
  <wpt lat="51.304452803915666" lon="4.5045199618696632">
    <name>280.9</name>
  </wpt>
  <wpt lat="51.305249728020129" lon="4.505186589840962">
    <name>281.0</name>
  </wpt>
  <wpt lat="51.306047594881051" lon="4.5058503375122205">
    <name>281.1</name>
  </wpt>
  <wpt lat="51.306844569620928" lon="4.5065168283922494">
    <name>281.2</name>
  </wpt>
  <wpt lat="51.307607618511383" lon="4.5072682024864879">
    <name>281.3</name>
  </wpt>
  <wpt lat="51.308296220131396" lon="4.5080783949552323">
    <name>281.4</name>
  </wpt>
  <wpt lat="51.309039412038629" lon="4.5088882913436477">
    <name>281.5</name>
  </wpt>
  <wpt lat="51.309784954374123" lon="4.5096928144715349">
    <name>281.6</name>
  </wpt>
  <wpt lat="51.310525404381877" lon="4.5105093259840841">
    <name>281.7</name>
  </wpt>
  <wpt lat="51.311265854389546" lon="4.5113258506729839">
    <name>281.8</name>
  </wpt>
  <wpt lat="51.312007198077822" lon="4.5121403081287665">
    <name>281.9</name>
  </wpt>
  <wpt lat="51.312749078517278" lon="4.5129535293682865">
    <name>282.0</name>
  </wpt>
  <wpt lat="51.313470811095094" lon="4.513782977661001">
    <name>282.1</name>
  </wpt>
  <wpt lat="51.314208163295184" lon="4.5146066982698834">
    <name>282.2</name>
  </wpt>
  <wpt lat="51.314947829033883" lon="4.5154251018002682">
    <name>282.3</name>
  </wpt>
  <wpt lat="51.315687849727169" lon="4.516242700740901">
    <name>282.4</name>
  </wpt>
  <wpt lat="51.316433967565715" lon="4.5170442667705144">
    <name>282.5</name>
  </wpt>
  <wpt lat="51.317238598788627" lon="4.5176155830005413">
    <name>282.6</name>
  </wpt>
  <wpt lat="51.3181006330079" lon="4.5177844525818527">
    <name>282.7</name>
  </wpt>
  <wpt lat="51.318963027989128" lon="4.5181925497563826">
    <name>282.8</name>
  </wpt>
  <wpt lat="51.319825704240174" lon="4.5185988617733033">
    <name>282.9</name>
  </wpt>
  <wpt lat="51.320691500600446" lon="4.5189876587923248">
    <name>283.0</name>
  </wpt>
  <wpt lat="51.321555295072564" lon="4.5193875865120612">
    <name>283.1</name>
  </wpt>
  <wpt lat="51.322417509670579" lon="4.5197939301180465">
    <name>283.2</name>
  </wpt>
  <wpt lat="51.323280981438735" lon="4.5201959940170813">
    <name>283.3</name>
  </wpt>
  <wpt lat="51.324143415594392" lon="4.520599017307485">
    <name>283.4</name>
  </wpt>
  <wpt lat="51.32500737881734" lon="4.5209981427665511">
    <name>283.5</name>
  </wpt>
  <wpt lat="51.3258706351025" lon="4.5214016049533488">
    <name>283.6</name>
  </wpt>
  <wpt lat="51.326733547482739" lon="4.5218069508652325">
    <name>283.7</name>
  </wpt>
  <wpt lat="51.32759709793671" lon="4.522208241773046">
    <name>283.8</name>
  </wpt>
  <wpt lat="51.328423947641227" lon="4.522705518751021">
    <name>283.9</name>
  </wpt>
  <wpt lat="51.32924599793327" lon="4.5230764361230253">
    <name>284.0</name>
  </wpt>
  <wpt lat="51.330091660088506" lon="4.52354283103643">
    <name>284.1</name>
  </wpt>
  <wpt lat="51.330953700188253" lon="4.5239529301188428">
    <name>284.2</name>
  </wpt>
  <wpt lat="51.331815917351008" lon="4.5243620979000374">
    <name>284.3</name>
  </wpt>
  <wpt lat="51.332678607761046" lon="4.5247687159530843">
    <name>284.4</name>
  </wpt>
  <wpt lat="51.333541418088487" lon="4.52517468739855">
    <name>284.5</name>
  </wpt>
  <wpt lat="51.334404646005105" lon="4.5255783877313389">
    <name>284.6</name>
  </wpt>
  <wpt lat="51.335267669992191" lon="4.525983207400146">
    <name>284.7</name>
  </wpt>
  <wpt lat="51.33612952769154" lon="4.5263943485868738">
    <name>284.8</name>
  </wpt>
  <wpt lat="51.336971400009062" lon="4.52689672621347">
    <name>284.9</name>
  </wpt>
  <wpt lat="51.337713190819223" lon="4.5276993430877654">
    <name>285.0</name>
  </wpt>
  <wpt lat="51.338453312306648" lon="4.5284959211722473">
    <name>285.1</name>
  </wpt>
  <wpt lat="51.3391222173188" lon="4.5294225009341842">
    <name>285.2</name>
  </wpt>
  <wpt lat="51.339838383275442" lon="4.5302932382666858">
    <name>285.3</name>
  </wpt>
  <wpt lat="51.340554534968668" lon="4.5311640192641827">
    <name>285.4</name>
  </wpt>
  <wpt lat="51.3412706903458" lon="4.53203480610301">
    <name>285.5</name>
  </wpt>
  <wpt lat="51.341978365396976" lon="4.5329231752849521">
    <name>285.6</name>
  </wpt>
  <wpt lat="51.34270911490416" lon="4.5337385922850757">
    <name>285.7</name>
  </wpt>
  <wpt lat="51.343390745592508" lon="4.5346575930670294">
    <name>285.8</name>
  </wpt>
  <wpt lat="51.344107407405353" lon="4.535527317174755">
    <name>285.9</name>
  </wpt>
  <wpt lat="51.344820152616734" lon="4.5364053126635184">
    <name>286.0</name>
  </wpt>
  <wpt lat="51.345539447174133" lon="4.5372695187740026">
    <name>286.1</name>
  </wpt>
  <wpt lat="51.346251419502394" lon="4.5381489096198377">
    <name>286.2</name>
  </wpt>
  <wpt lat="51.346956357489333" lon="4.539042954566443">
    <name>286.3</name>
  </wpt>
  <wpt lat="51.347690023251843" lon="4.5398613981515625">
    <name>286.4</name>
  </wpt>
  <wpt lat="51.348405823257487" lon="4.5407330684422238">
    <name>286.5</name>
  </wpt>
  <wpt lat="51.349120740549473" lon="4.5416066080588635">
    <name>286.6</name>
  </wpt>
  <wpt lat="51.349836681714258" lon="4.5424779986649808">
    <name>286.7</name>
  </wpt>
  <wpt lat="51.350556052053179" lon="4.5433420173976407">
    <name>286.8</name>
  </wpt>
  <wpt lat="51.351264034954262" lon="4.5442297433028829">
    <name>286.9</name>
  </wpt>
  <wpt lat="51.351984676860823" lon="4.5450911177543381">
    <name>287.0</name>
  </wpt>
  <wpt lat="51.35270073661124" lon="4.5459622787812">
    <name>287.1</name>
  </wpt>
  <wpt lat="51.35342200188132" lon="4.5467740222942012">
    <name>287.2</name>
  </wpt>
  <wpt lat="51.354136666638169" lon="4.5476458105877162">
    <name>287.3</name>
  </wpt>
  <wpt lat="51.354854803025731" lon="4.5485126183144775">
    <name>287.4</name>
  </wpt>
  <wpt lat="51.355572719143495" lon="4.5493797256859247">
    <name>287.5</name>
  </wpt>
  <wpt lat="51.356286173343804" lon="4.5502556675848789">
    <name>287.6</name>
  </wpt>
  <wpt lat="51.357001546770206" lon="4.5511280816714068">
    <name>287.7</name>
  </wpt>
  <wpt lat="51.35771373175357" lon="4.55200742205787">
    <name>287.8</name>
  </wpt>
  <wpt lat="51.358425912202406" lon="4.5528868433407492">
    <name>287.9</name>
  </wpt>
  <wpt lat="51.359140913299406" lon="4.5537601264214809">
    <name>288.0</name>
  </wpt>
  <wpt lat="51.35985622903506" lon="4.5546324387523454">
    <name>288.1</name>
  </wpt>
  <wpt lat="51.360558889221608" lon="4.5555290260068881">
    <name>288.2</name>
  </wpt>
  <wpt lat="51.361275432597473" lon="4.5563993359523289">
    <name>288.3</name>
  </wpt>
  <wpt lat="51.361989330745722" lon="4.5572752555892313">
    <name>288.4</name>
  </wpt>
  <wpt lat="51.362705079537726" lon="4.5581473021874492">
    <name>288.5</name>
  </wpt>
  <wpt lat="51.363420517697179" lon="4.5590200104198164">
    <name>288.6</name>
  </wpt>
  <wpt lat="51.364137882394175" lon="4.5598885750995377">
    <name>288.7</name>
  </wpt>
  <wpt lat="51.364850688109868" lon="4.5607668284532226">
    <name>288.8</name>
  </wpt>
  <wpt lat="51.365566731482652" lon="4.5616382624037355">
    <name>288.9</name>
  </wpt>
  <wpt lat="51.366281182092607" lon="4.5625130817672863">
    <name>289.0</name>
  </wpt>
  <wpt lat="51.366996665027607" lon="4.56338575073451">
    <name>289.1</name>
  </wpt>
  <wpt lat="51.367707711166659" lon="4.5642676032480445">
    <name>289.2</name>
  </wpt>
  <wpt lat="51.368422408070167" lon="4.5651419733992125">
    <name>289.3</name>
  </wpt>
  <wpt lat="51.369137104973611" lon="4.5660163571978609">
    <name>289.4</name>
  </wpt>
  <wpt lat="51.369851801876969" lon="4.5668907546444979">
    <name>289.5</name>
  </wpt>
  <wpt lat="51.370566883264615" lon="4.5677643584623384">
    <name>289.6</name>
  </wpt>
  <wpt lat="51.371282150723289" lon="4.5686375853353915">
    <name>289.7</name>
  </wpt>
  <wpt lat="51.371997418181877" lon="4.5695108258504291">
    <name>289.8</name>
  </wpt>
  <wpt lat="51.37270885498242" lon="4.5703920359215342">
    <name>289.9</name>
  </wpt>
  <wpt lat="51.373417751332823" lon="4.5712785350232252">
    <name>290.0</name>
  </wpt>
  <wpt lat="51.374122079451254" lon="4.5721736789583387">
    <name>290.1</name>
  </wpt>
  <wpt lat="51.374840272624915" lon="4.5730407789461163">
    <name>290.2</name>
  </wpt>
  <wpt lat="51.37555309048745" lon="4.5739192002036742">
    <name>290.3</name>
  </wpt>
  <wpt lat="51.376263939769579" lon="4.57480172758562">
    <name>290.4</name>
  </wpt>
  <wpt lat="51.37697759562959" lon="4.5756784386841662">
    <name>290.5</name>
  </wpt>
  <wpt lat="51.377690113651084" lon="4.5765575216773469">
    <name>290.6</name>
  </wpt>
  <wpt lat="51.378414362519791" lon="4.5774116646641616">
    <name>290.7</name>
  </wpt>
  <wpt lat="51.3791277173191" lon="4.5782890473395268">
    <name>290.8</name>
  </wpt>
  <wpt lat="51.379841072118339" lon="4.5791664436889352">
    <name>290.9</name>
  </wpt>
  <wpt lat="51.380554426917477" lon="4.5800438537128976">
    <name>291.0</name>
  </wpt>
  <wpt lat="51.381267781716545" lon="4.5809212774120232">
    <name>291.1</name>
  </wpt>
  <wpt lat="51.381981136515527" lon="4.5817987147868218">
    <name>291.2</name>
  </wpt>
  <wpt lat="51.382694462742016" lon="4.5826762254017028">
    <name>291.3</name>
  </wpt>
  <wpt lat="51.383406310236346" lon="4.5835567867156808">
    <name>291.4</name>
  </wpt>
  <wpt lat="51.38411650772143" lon="4.5844407743987761">
    <name>291.5</name>
  </wpt>
  <wpt lat="51.384829830367941" lon="4.5853183290876984">
    <name>291.6</name>
  </wpt>
  <wpt lat="51.385544002201065" lon="4.5861941236673278">
    <name>291.7</name>
  </wpt>
  <wpt lat="51.386258889932392" lon="4.5870684195710165">
    <name>291.8</name>
  </wpt>
  <wpt lat="51.386970095617365" lon="4.5879503693512049">
    <name>291.9</name>
  </wpt>
  <wpt lat="51.387694427721875" lon="4.5888042912754248">
    <name>292.0</name>
  </wpt>
  <wpt lat="51.38839910437094" lon="4.5896983856054074">
    <name>292.1</name>
  </wpt>
  <wpt lat="51.389107913656176" lon="4.5905850631181">
    <name>292.2</name>
  </wpt>
  <wpt lat="51.389828458709268" lon="4.5914460418741516">
    <name>292.3</name>
  </wpt>
  <wpt lat="51.390537918095731" lon="4.5923308105278444">
    <name>292.4</name>
  </wpt>
  <wpt lat="51.391250228178713" lon="4.5932102083266271">
    <name>292.5</name>
  </wpt>
  <wpt lat="51.391970487209207" lon="4.5940726992241219">
    <name>292.6</name>
  </wpt>
  <wpt lat="51.392686255311041" lon="4.594945192549921">
    <name>292.7</name>
  </wpt>
  <wpt lat="51.393392099078113" lon="4.5958373257811331">
    <name>292.8</name>
  </wpt>
  <wpt lat="51.394110019365627" lon="4.5967041113767291">
    <name>292.9</name>
  </wpt>
  <wpt lat="51.39482380163259" lon="4.59758000948377">
    <name>293.0</name>
  </wpt>
  <wpt lat="51.395535043292512" lon="4.5984620078787115">
    <name>293.1</name>
  </wpt>
  <wpt lat="51.396251383966813" lon="4.5993334430814974">
    <name>293.2</name>
  </wpt>
  <wpt lat="51.396965034386" lon="4.6002104962938386">
    <name>293.3</name>
  </wpt>
  <wpt lat="51.39768142029294" lon="4.601081799355927">
    <name>293.4</name>
  </wpt>
  <wpt lat="51.398390902761122" lon="4.6019674728918778">
    <name>293.5</name>
  </wpt>
  <wpt lat="51.399100631436383" lon="4.6028527435653386">
    <name>293.6</name>
  </wpt>
  <wpt lat="51.399813056526753" lon="4.6037323610285963">
    <name>293.7</name>
  </wpt>
  <wpt lat="51.400529381047129" lon="4.60460391854259">
    <name>293.8</name>
  </wpt>
  <wpt lat="51.401244900582014" lon="4.6054771718008132">
    <name>293.9</name>
  </wpt>
  <wpt lat="51.401955585966491" lon="4.6063605381215851">
    <name>294.0</name>
  </wpt>
  <wpt lat="51.402666271350888" lon="4.6072439181693268">
    <name>294.1</name>
  </wpt>
  <wpt lat="51.403376956735187" lon="4.6081273119446475">
    <name>294.2</name>
  </wpt>
  <wpt lat="51.404164966849891" lon="4.6088130155124878">
    <name>294.3</name>
  </wpt>
  <wpt lat="51.404989826871457" lon="4.6093873968580228">
    <name>294.4</name>
  </wpt>
  <wpt lat="51.405818050892385" lon="4.6099487202277691">
    <name>294.5</name>
  </wpt>
  <wpt lat="51.406648492887676" lon="4.6105020495694982">
    <name>294.6</name>
  </wpt>
  <wpt lat="51.407478899281614" lon="4.6110555429101927">
    <name>294.7</name>
  </wpt>
  <wpt lat="51.4082763361292" lon="4.6116473600852936">
    <name>294.8</name>
  </wpt>
  <wpt lat="51.408516802233038" lon="4.6129841250973334">
    <name>294.9</name>
  </wpt>
  <wpt lat="51.408795113639918" lon="4.6143549949404372">
    <name>295.0</name>
  </wpt>
  <wpt lat="51.409273511025908" lon="4.6154388630620309">
    <name>295.1</name>
  </wpt>
  <wpt lat="51.40990292075422" lon="4.61646518495588">
    <name>295.2</name>
  </wpt>
  <wpt lat="51.410509101643036" lon="4.6175302365485607">
    <name>295.3</name>
  </wpt>
  <wpt lat="51.411112771158159" lon="4.6185989597214556">
    <name>295.4</name>
  </wpt>
  <wpt lat="51.411723322526406" lon="4.619657612908826">
    <name>295.5</name>
  </wpt>
  <wpt lat="51.412333460638479" lon="4.6207168933836122">
    <name>295.6</name>
  </wpt>
  <wpt lat="51.412959348763927" lon="4.6217521839163878">
    <name>295.7</name>
  </wpt>
  <wpt lat="51.413592049652507" lon="4.6227769024388836">
    <name>295.8</name>
  </wpt>
  <wpt lat="51.414223609937231" lon="4.62380344015357">
    <name>295.9</name>
  </wpt>
  <wpt lat="51.414854233631566" lon="4.6248314739675926">
    <name>296.0</name>
  </wpt>
  <wpt lat="51.41548376296808" lon="4.6258612358382436">
    <name>296.1</name>
  </wpt>
  <wpt lat="51.416113405962079" lon="4.6268908404340792">
    <name>296.2</name>
  </wpt>
  <wpt lat="51.416753303093813" lon="4.62790390802276">
    <name>296.3</name>
  </wpt>
  <wpt lat="51.417387971060478" lon="4.6289255263664986">
    <name>296.4</name>
  </wpt>
  <wpt lat="51.418015825270885" lon="4.6299577771448472">
    <name>296.5</name>
  </wpt>
  <wpt lat="51.418619736047852" lon="4.6310263385183967">
    <name>296.6</name>
  </wpt>
  <wpt lat="51.419092981450454" lon="4.6322389683526062">
    <name>296.7</name>
  </wpt>
  <wpt lat="51.419490604032731" lon="4.6335320216769187">
    <name>296.8</name>
  </wpt>
  <wpt lat="51.419890284050936" lon="4.6348221115369643">
    <name>296.9</name>
  </wpt>
  <wpt lat="51.420288278447288" lon="4.63611464097751">
    <name>297.0</name>
  </wpt>
  <wpt lat="51.420750316727933" lon="4.6373410053141839">
    <name>297.1</name>
  </wpt>
  <wpt lat="51.421362411190579" lon="4.6383975373014978">
    <name>297.2</name>
  </wpt>
  <wpt lat="51.421999680190368" lon="4.6394076533940583">
    <name>297.3</name>
  </wpt>
  <wpt lat="51.422845209963782" lon="4.6398176148707142">
    <name>297.4</name>
  </wpt>
  <wpt lat="51.423729053512" lon="4.6400763990197822">
    <name>297.5</name>
  </wpt>
  <wpt lat="51.424530079559887" lon="4.6407302851683321">
    <name>297.6</name>
  </wpt>
  <wpt lat="51.425342720268496" lon="4.6413265087633766">
    <name>297.7</name>
  </wpt>
  <wpt lat="51.426229286528525" lon="4.6415684880428421">
    <name>297.8</name>
  </wpt>
  <wpt lat="51.427117965332563" lon="4.641785421242866">
    <name>297.9</name>
  </wpt>
  <wpt lat="51.428014186469184" lon="4.6419050877684418">
    <name>298.0</name>
  </wpt>
  <wpt lat="51.428910407605791" lon="4.6420247566412156">
    <name>298.1</name>
  </wpt>
  <wpt lat="51.429806535946859" lon="4.6421461881498125">
    <name>298.2</name>
  </wpt>
  <wpt lat="51.43070276555067" lon="4.6422656947510932">
    <name>298.3</name>
  </wpt>
  <wpt lat="51.43159900711062" lon="4.6423849765301091">
    <name>298.4</name>
  </wpt>
  <wpt lat="51.432495348598422" lon="4.64250230854809">
    <name>298.5</name>
  </wpt>
  <wpt lat="51.433391654263509" lon="4.6425856884131314">
    <name>298.6</name>
  </wpt>
  <wpt lat="51.434274283281496" lon="4.6423102977340553">
    <name>298.7</name>
  </wpt>
  <wpt lat="51.435163622355894" lon="4.6421365962868446">
    <name>298.8</name>
  </wpt>
  <wpt lat="51.436060526277473" lon="4.6422338813058168">
    <name>298.9</name>
  </wpt>
  <wpt lat="51.436947332690785" lon="4.6424716908203862">
    <name>299.0</name>
  </wpt>
  <wpt lat="51.437827294419876" lon="4.6427694247319327">
    <name>299.1</name>
  </wpt>
  <wpt lat="51.43870786337753" lon="4.6430624392765969">
    <name>299.2</name>
  </wpt>
  <wpt lat="51.439588963436925" lon="4.6433513200131227">
    <name>299.3</name>
  </wpt>
  <wpt lat="51.440469437778553" lon="4.6436451449500922">
    <name>299.4</name>
  </wpt>
  <wpt lat="51.441349954622545" lon="4.6439386476882216">
    <name>299.5</name>
  </wpt>
  <wpt lat="51.442232555599979" lon="4.6442101966759566">
    <name>299.6</name>
  </wpt>
  <wpt lat="51.44312503964521" lon="4.6441105617404421">
    <name>299.7</name>
  </wpt>
  <wpt lat="51.444011656275521" lon="4.6438689837862164">
    <name>299.8</name>
  </wpt>
  <wpt lat="51.44489791195447" lon="4.6436239188951385">
    <name>299.9</name>
  </wpt>
  <wpt lat="51.445750813914515" lon="4.6431773198940158">
    <name>300.0</name>
  </wpt>
  <wpt lat="51.446591839962174" lon="4.6426662577391475">
    <name>300.1</name>
  </wpt>
  <wpt lat="51.447417425669805" lon="4.6420958368343479">
    <name>300.2</name>
  </wpt>
  <wpt lat="51.448257834287261" lon="4.64159338103552">
    <name>300.3</name>
  </wpt>
  <wpt lat="51.449115371254557" lon="4.6411650008562741">
    <name>300.4</name>
  </wpt>
  <wpt lat="51.449743096407545" lon="4.6401670949644318">
    <name>300.5</name>
  </wpt>
  <wpt lat="51.450377399353279" lon="4.6396701977664669">
    <name>300.6</name>
  </wpt>
  <wpt lat="51.451207378438625" lon="4.6402258678380752">
    <name>300.7</name>
  </wpt>
  <wpt lat="51.4520372494554" lon="4.6407819632444971">
    <name>300.8</name>
  </wpt>
  <wpt lat="51.452831774035282" lon="4.6413482992084205">
    <name>300.9</name>
  </wpt>
  <wpt lat="51.4536341950412" lon="4.6419724085534728">
    <name>301.0</name>
  </wpt>
  <wpt lat="51.454371025261729" lon="4.64275691211461">
    <name>301.1</name>
  </wpt>
  <wpt lat="51.454920871088227" lon="4.6438968972462336">
    <name>301.2</name>
  </wpt>
  <wpt lat="51.455456105732608" lon="4.6450304959627795">
    <name>301.3</name>
  </wpt>
  <wpt lat="51.456106246153809" lon="4.6459768685030571">
    <name>301.4</name>
  </wpt>
  <wpt lat="51.456919578880864" lon="4.646321578872298">
    <name>301.5</name>
  </wpt>
  <wpt lat="51.457688660606351" lon="4.6470695556712522">
    <name>301.6</name>
  </wpt>
  <wpt lat="51.458452851810371" lon="4.6478115660494606">
    <name>301.7</name>
  </wpt>
  <wpt lat="51.459226291325656" lon="4.6485479415762381">
    <name>301.8</name>
  </wpt>
  <wpt lat="51.459998061734652" lon="4.64928892408141">
    <name>301.9</name>
  </wpt>
  <wpt lat="51.46076955094523" lon="4.6500306734687973">
    <name>302.0</name>
  </wpt>
  <wpt lat="51.461534298238512" lon="4.6507881836040346">
    <name>302.1</name>
  </wpt>
  <wpt lat="51.462315828173942" lon="4.6515022741807606">
    <name>302.2</name>
  </wpt>
  <wpt lat="51.463086571598623" lon="4.6522460560248255">
    <name>302.3</name>
  </wpt>
  <wpt lat="51.46375259076401" lon="4.6531039766649318">
    <name>302.4</name>
  </wpt>
  <wpt lat="51.464553985218551" lon="4.653628555756752">
    <name>302.5</name>
  </wpt>
  <wpt lat="51.465326173147609" lon="4.654368503896281">
    <name>302.6</name>
  </wpt>
  <wpt lat="51.46609689446592" lon="4.6551118943002709">
    <name>302.7</name>
  </wpt>
  <wpt lat="51.4668706362513" lon="4.65584660145391">
    <name>302.8</name>
  </wpt>
  <wpt lat="51.467631681850996" lon="4.6566066543609894">
    <name>302.9</name>
  </wpt>
  <wpt lat="51.471016633608443" lon="4.6677895230762108">
    <name>304.37</name>
  </wpt>
  <wpt lat="51.471243631649379" lon="4.6682928149856666">
    <name>304.4</name>
  </wpt>
  <wpt lat="51.471978418244447" lon="4.6689752577346537">
    <name>304.5</name>
  </wpt>
  <wpt lat="51.472769732089361" lon="4.6692462113780211">
    <name>304.6</name>
  </wpt>
  <wpt lat="51.472674435248649" lon="4.6706810954819664">
    <name>304.7</name>
  </wpt>
  <wpt lat="51.4735650031817" lon="4.6751146472130385">
    <name>305.09</name>
  </wpt>
  <wpt lat="51.473810651525007" lon="4.6751179567903556">
    <name>305.1</name>
  </wpt>
  <wpt lat="51.474513729487633" lon="4.6743462549043064">
    <name>305.2</name>
  </wpt>
  <wpt lat="51.474931498500062" lon="4.6730676411853764">
    <name>305.3</name>
  </wpt>
  <wpt lat="51.476222123079921" lon="4.6695632722680926">
    <name>305.61</name>
  </wpt>
  <wpt lat="51.47625291664103" lon="4.66958191663526">
    <name>305.6</name>
  </wpt>
  <wpt lat="51.477063009116975" lon="4.6699755955492384">
    <name>305.7</name>
  </wpt>
  <wpt lat="51.477875462769546" lon="4.6705947247593791">
    <name>305.8</name>
  </wpt>
  <wpt lat="51.478670626551164" lon="4.6712685427929435">
    <name>305.9</name>
  </wpt>
  <wpt lat="51.479468625280049" lon="4.6719338415510032">
    <name>306.0</name>
  </wpt>
  <wpt lat="51.480273594450765" lon="4.6725777247505533">
    <name>306.1</name>
  </wpt>
  <wpt lat="51.481078352801525" lon="4.6732222856126215">
    <name>306.2</name>
  </wpt>
  <wpt lat="51.481876647986617" lon="4.67388726977413">
    <name>306.3</name>
  </wpt>
  <wpt lat="51.482678821080334" lon="4.6745400716530652">
    <name>306.4</name>
  </wpt>
  <wpt lat="51.48348235543547" lon="4.6751886046306907">
    <name>306.5</name>
  </wpt>
  <wpt lat="51.484285889790549" lon="4.6758371490360249">
    <name>306.6</name>
  </wpt>
  <wpt lat="51.485089424145578" lon="4.6764857048696769">
    <name>306.7</name>
  </wpt>
  <wpt lat="51.485890112221242" lon="4.6771432768264614">
    <name>306.8</name>
  </wpt>
  <wpt lat="51.486698956212841" lon="4.67777457045718">
    <name>306.9</name>
  </wpt>
  <wpt lat="51.48750336315085" lon="4.6784203650609886">
    <name>307.0</name>
  </wpt>
  <wpt lat="51.488345141110472" lon="4.6788873668992359">
    <name>307.1</name>
  </wpt>
  <wpt lat="51.489236828456505" lon="4.6790735575398239">
    <name>307.2</name>
  </wpt>
  <wpt lat="51.4901282809252" lon="4.6792609907125948">
    <name>307.3</name>
  </wpt>
  <wpt lat="51.490999623531692" lon="4.679593703871415">
    <name>307.4</name>
  </wpt>
  <wpt lat="51.491825210325885" lon="4.6801640715242643">
    <name>307.5</name>
  </wpt>
  <wpt lat="51.492628815244338" lon="4.6808125090031156">
    <name>307.6</name>
  </wpt>
  <wpt lat="51.493432696548588" lon="4.6814600647875286">
    <name>307.7</name>
  </wpt>
  <wpt lat="51.494239009371604" lon="4.6820997946995941">
    <name>307.8</name>
  </wpt>
  <wpt lat="51.495043041472584" lon="4.6827468627456925">
    <name>307.9</name>
  </wpt>
  <wpt lat="51.49584547110171" lon="4.6833990900403775">
    <name>308.0</name>
  </wpt>
  <wpt lat="51.496650645701848" lon="4.6840418570294027">
    <name>308.1</name>
  </wpt>
  <wpt lat="51.497455048327744" lon="4.6846876500781489">
    <name>308.2</name>
  </wpt>
  <wpt lat="51.498257774496025" lon="4.6853388011496664">
    <name>308.3</name>
  </wpt>
  <wpt lat="51.499060531557852" lon="4.6859899173852035">
    <name>308.4</name>
  </wpt>
  <wpt lat="51.499869804191007" lon="4.6866199255689462">
    <name>308.5</name>
  </wpt>
  <wpt lat="51.5006749699872" lon="4.6872634621023881">
    <name>308.6</name>
  </wpt>
  <wpt lat="51.501481725078371" lon="4.6879017024347975">
    <name>308.7</name>
  </wpt>
  <wpt lat="51.502285774633442" lon="4.6885488536727058">
    <name>308.8</name>
  </wpt>
  <wpt lat="51.503089824188457" lon="4.6891960163290589">
    <name>308.9</name>
  </wpt>
  <wpt lat="51.503893873743429" lon="4.6898431904043676">
    <name>309.0</name>
  </wpt>
  <wpt lat="51.504699691687506" lon="4.6904846635447663">
    <name>309.1</name>
  </wpt>
  <wpt lat="51.5055042136058" lon="4.6911303435860132">
    <name>309.2</name>
  </wpt>
  <wpt lat="51.506310342640241" lon="4.6917707828571391">
    <name>309.3</name>
  </wpt>
  <wpt lat="51.507115533409831" lon="4.69241420201824">
    <name>309.4</name>
  </wpt>
  <wpt lat="51.50791796054601" lon="4.6930666054345371">
    <name>309.5</name>
  </wpt>
  <wpt lat="51.508723974710875" lon="4.693707503765145">
    <name>309.6</name>
  </wpt>
  <wpt lat="51.509527909282006" lon="4.6943550984196">
    <name>309.7</name>
  </wpt>
  <wpt lat="51.510332192715516" lon="4.6950013500533414">
    <name>309.8</name>
  </wpt>
  <wpt lat="51.511133982548742" lon="4.69565582371212">
    <name>309.9</name>
  </wpt>
  <wpt lat="51.511936276160526" lon="4.696308711497176">
    <name>310.0</name>
  </wpt>
  <wpt lat="51.5127406155779" lon="4.6969549900473657">
    <name>310.1</name>
  </wpt>
  <wpt lat="51.513545680063537" lon="4.697599035620085">
    <name>310.2</name>
  </wpt>
  <wpt lat="51.51434951877583" lon="4.6982469331371348">
    <name>310.3</name>
  </wpt>
  <wpt lat="51.514965445164826" lon="4.6992751748988759">
    <name>310.4</name>
  </wpt>
  <wpt lat="51.515448366601056" lon="4.7004899492931713">
    <name>310.5</name>
  </wpt>
  <wpt lat="51.515883378643217" lon="4.7017507924587214">
    <name>310.6</name>
  </wpt>
  <wpt lat="51.516634291132931" lon="4.7025054691158559">
    <name>310.7</name>
  </wpt>
  <wpt lat="51.517423589094058" lon="4.7030378756207352">
    <name>310.8</name>
  </wpt>
  <wpt lat="51.518640096899468" lon="4.7058075385572664">
    <name>311.13</name>
  </wpt>
  <wpt lat="51.518088386088728" lon="4.7065956801372009">
    <name>311.2</name>
  </wpt>
  <wpt lat="51.517490160364908" lon="4.7074532081475509">
    <name>311.3</name>
  </wpt>
  <wpt lat="51.516969392566708" lon="4.708613201145452">
    <name>311.4</name>
  </wpt>
  <wpt lat="51.516279938025377" lon="4.7095411251281654">
    <name>311.5</name>
  </wpt>
  <wpt lat="51.5155956556518" lon="4.710478732381155">
    <name>311.6</name>
  </wpt>
  <wpt lat="51.514991193924196" lon="4.7115361930936928">
    <name>311.7</name>
  </wpt>
  <wpt lat="51.5143984637183" lon="4.7126131015268555">
    <name>311.8</name>
  </wpt>
  <wpt lat="51.513722928079758" lon="4.7135670387835766">
    <name>311.9</name>
  </wpt>
  <wpt lat="51.513046778315982" lon="4.7145187781703495">
    <name>312.0</name>
  </wpt>
  <wpt lat="51.512299002498807" lon="4.7153202907169778">
    <name>312.1</name>
  </wpt>
  <wpt lat="51.511535631234032" lon="4.7160842323661321">
    <name>312.2</name>
  </wpt>
  <wpt lat="51.510720502150818" lon="4.7166079957231295">
    <name>312.3</name>
  </wpt>
  <wpt lat="51.510150572506355" lon="4.7176730968833054">
    <name>312.4</name>
  </wpt>
  <wpt lat="51.50947387455696" lon="4.7186238230925266">
    <name>312.5</name>
  </wpt>
  <wpt lat="51.5087186333605" lon="4.7193994455991728">
    <name>312.6</name>
  </wpt>
  <wpt lat="51.507910608309516" lon="4.7200331916355083">
    <name>312.7</name>
  </wpt>
  <wpt lat="51.507094961735405" lon="4.7206418140103787">
    <name>312.8</name>
  </wpt>
  <wpt lat="51.506280094201351" lon="4.7212531036710752">
    <name>312.9</name>
  </wpt>
  <wpt lat="51.505473292882208" lon="4.7218887075407459">
    <name>313.0</name>
  </wpt>
  <wpt lat="51.504748558388393" lon="4.7227424395691591">
    <name>313.1</name>
  </wpt>
  <wpt lat="51.504173960514457" lon="4.7238363529446916">
    <name>313.2</name>
  </wpt>
  <wpt lat="51.503797351211588" lon="4.7251481261255437">
    <name>313.3</name>
  </wpt>
  <wpt lat="51.503925536913634" lon="4.7265227799154665">
    <name>313.4</name>
  </wpt>
  <wpt lat="51.50437006626364" lon="4.7277348919747109">
    <name>313.5</name>
  </wpt>
  <wpt lat="51.505023909030385" lon="4.7287170086272434">
    <name>313.6</name>
  </wpt>
  <wpt lat="51.505531032222223" lon="4.7299097889386577">
    <name>313.7</name>
  </wpt>
  <wpt lat="51.505779488216383" lon="4.7312462224270808">
    <name>313.8</name>
  </wpt>
  <wpt lat="51.505246152232175" lon="4.7323849891237257">
    <name>313.9</name>
  </wpt>
  <wpt lat="51.5045154659279" lon="4.7331644138655333">
    <name>314.0</name>
  </wpt>
  <wpt lat="51.503688333199385" lon="4.733720503424518">
    <name>314.1</name>
  </wpt>
  <wpt lat="51.5029064510234" lon="4.7344340664543942">
    <name>314.2</name>
  </wpt>
  <wpt lat="51.502612061949186" lon="4.7355446872867217">
    <name>314.3</name>
  </wpt>
  <wpt lat="51.503373616877376" lon="4.736297052894507">
    <name>314.4</name>
  </wpt>
  <wpt lat="51.504142181328049" lon="4.7370467608968534">
    <name>314.5</name>
  </wpt>
  <wpt lat="51.504945063824486" lon="4.7376688009222425">
    <name>314.6</name>
  </wpt>
  <wpt lat="51.50566203547281" lon="4.7381748354506659">
    <name>314.7</name>
  </wpt>
  <wpt lat="51.505572738115021" lon="4.7396125327131928">
    <name>314.8</name>
  </wpt>
  <wpt lat="51.50548344075726" lon="4.7410502271582073">
    <name>314.9</name>
  </wpt>
  <wpt lat="51.505382802879879" lon="4.7424858115767332">
    <name>315.0</name>
  </wpt>
  <wpt lat="51.505300075332734" lon="4.74392400112928">
    <name>315.1</name>
  </wpt>
  <wpt lat="51.505200809536525" lon="4.7453599945038318">
    <name>315.2</name>
  </wpt>
  <wpt lat="51.505100452569721" lon="4.7467957929860036">
    <name>315.3</name>
  </wpt>
  <wpt lat="51.505001000054058" lon="4.74823166557286">
    <name>315.4</name>
  </wpt>
  <wpt lat="51.505038875197528" lon="4.7496728726748794">
    <name>315.5</name>
  </wpt>
  <wpt lat="51.505224631295278" lon="4.7510859576896953">
    <name>315.6</name>
  </wpt>
  <wpt lat="51.505444126293092" lon="4.7524870921062652">
    <name>315.7</name>
  </wpt>
  <wpt lat="51.505795755325" lon="4.7535226446623966">
    <name>315.8</name>
  </wpt>
  <wpt lat="51.505345272907896" lon="4.7547696262285832">
    <name>315.9</name>
  </wpt>
  <wpt lat="51.504783322158708" lon="4.7558945462110644">
    <name>316.0</name>
  </wpt>
  <wpt lat="51.504226010595346" lon="4.7570235952915132">
    <name>316.1</name>
  </wpt>
  <wpt lat="51.504015479818371" lon="4.7583584086996282">
    <name>316.2</name>
  </wpt>
  <wpt lat="51.5043058933647" lon="4.7597249634680123">
    <name>316.3</name>
  </wpt>
  <wpt lat="51.504554536052261" lon="4.7611134453293671">
    <name>316.4</name>
  </wpt>
  <wpt lat="51.504804128026485" lon="4.7625014921029525">
    <name>316.5</name>
  </wpt>
  <wpt lat="51.505056873715731" lon="4.7638880758540552">
    <name>316.6</name>
  </wpt>
  <wpt lat="51.505309629500488" lon="4.7652746625478581">
    <name>316.7</name>
  </wpt>
  <wpt lat="51.505562385285167" lon="4.7666612569330047">
    <name>316.8</name>
  </wpt>
  <wpt lat="51.505747996714383" lon="4.7680690862145392">
    <name>316.9</name>
  </wpt>
  <wpt lat="51.505663535538581" lon="4.7694947948249329">
    <name>317.0</name>
  </wpt>
  <wpt lat="51.505333818690339" lon="4.7708233001740137">
    <name>317.1</name>
  </wpt>
  <wpt lat="51.5052563304245" lon="4.7722626678337337">
    <name>317.2</name>
  </wpt>
  <wpt lat="51.5051823200961" lon="4.7737025917649358">
    <name>317.3</name>
  </wpt>
  <wpt lat="51.504930756683258" lon="4.7750797156494489">
    <name>317.4</name>
  </wpt>
  <wpt lat="51.504704834197746" lon="4.7764775570323685">
    <name>317.5</name>
  </wpt>
  <wpt lat="51.50451340990395" lon="4.77788924265259">
    <name>317.6</name>
  </wpt>
  <wpt lat="51.504820442066077" lon="4.7788014635725364">
    <name>317.7</name>
  </wpt>
  <wpt lat="51.505194002206693" lon="4.7796179988130412">
    <name>317.8</name>
  </wpt>
  <wpt lat="51.505225560258886" lon="4.7810609211884048">
    <name>317.9</name>
  </wpt>
  <wpt lat="51.505292527329217" lon="4.7824998246767532">
    <name>318.0</name>
  </wpt>
  <wpt lat="51.505356317901722" lon="4.7839405689006913">
    <name>318.1</name>
  </wpt>
  <wpt lat="51.505470621545882" lon="4.7853713239239717">
    <name>318.2</name>
  </wpt>
  <wpt lat="51.506093412090415" lon="4.786367447463606">
    <name>318.3</name>
  </wpt>
  <wpt lat="51.506202000056255" lon="4.7877727126334548">
    <name>318.4</name>
  </wpt>
  <wpt lat="51.506016463782885" lon="4.7891861881604392">
    <name>318.5</name>
  </wpt>
  <wpt lat="51.505816672128738" lon="4.7905939244745133">
    <name>318.6</name>
  </wpt>
  <wpt lat="51.505684529952056" lon="4.7920039816773006">
    <name>318.7</name>
  </wpt>
  <wpt lat="51.505246637210085" lon="4.7927753536365243">
    <name>318.8</name>
  </wpt>
  <wpt lat="51.5044001693636" lon="4.7932418744467666">
    <name>318.9</name>
  </wpt>
  <wpt lat="51.503654215196008" lon="4.794039575833648">
    <name>319.0</name>
  </wpt>
  <wpt lat="51.502999993541643" lon="4.7950307851779348">
    <name>319.1</name>
  </wpt>
  <wpt lat="51.502288100217434" lon="4.7959059003640121">
    <name>319.2</name>
  </wpt>
  <wpt lat="51.5014933192094" lon="4.7965794979043253">
    <name>319.3</name>
  </wpt>
  <wpt lat="51.501097820838318" lon="4.7975362747178245">
    <name>319.4</name>
  </wpt>
  <wpt lat="51.50123093832179" lon="4.7989650567843114">
    <name>319.5</name>
  </wpt>
  <wpt lat="51.501285995085176" lon="4.8004055305446673">
    <name>319.6</name>
  </wpt>
  <wpt lat="51.501307903302745" lon="4.8018497999476333">
    <name>319.7</name>
  </wpt>
  <wpt lat="51.501451552540829" lon="4.8032693378787013">
    <name>319.8</name>
  </wpt>
  <wpt lat="51.50149953716415" lon="4.8047119860864855">
    <name>319.9</name>
  </wpt>
  <wpt lat="51.501547521787458" lon="4.8061546358132006">
    <name>320.0</name>
  </wpt>
  <wpt lat="51.501595506410752" lon="4.8075972870589485">
    <name>320.1</name>
  </wpt>
  <wpt lat="51.501643491034031" lon="4.8090399398237285">
    <name>320.2</name>
  </wpt>
  <wpt lat="51.501624549986559" lon="4.8104749750373035">
    <name>320.3</name>
  </wpt>
  <wpt lat="51.501416509901745" lon="4.8118772233193372">
    <name>320.4</name>
  </wpt>
  <wpt lat="51.501296905266855" lon="4.8132130701444247">
    <name>320.5</name>
  </wpt>
  <wpt lat="51.501841366024664" lon="4.8143374063390967">
    <name>320.6</name>
  </wpt>
  <wpt lat="51.502250859060815" lon="4.8156236731387256">
    <name>320.7</name>
  </wpt>
  <wpt lat="51.502619000031011" lon="4.8169297178141948">
    <name>320.8</name>
  </wpt>
  <wpt lat="51.502479626159648" lon="4.8183559094905926">
    <name>320.9</name>
  </wpt>
  <wpt lat="51.50232886795871" lon="4.8197802007002783">
    <name>321.0</name>
  </wpt>
  <wpt lat="51.502178109757821" lon="4.8212044871981625">
    <name>321.1</name>
  </wpt>
  <wpt lat="51.502030455529216" lon="4.8226295985217611">
    <name>321.2</name>
  </wpt>
  <wpt lat="51.501885921711263" lon="4.8240555400000531">
    <name>321.3</name>
  </wpt>
  <wpt lat="51.501741387893354" lon="4.8254814769558516">
    <name>321.4</name>
  </wpt>
  <wpt lat="51.501490837564234" lon="4.8268267727303389">
    <name>321.5</name>
  </wpt>
  <wpt lat="51.500942995665248" lon="4.827963673143449">
    <name>321.6</name>
  </wpt>
  <wpt lat="51.500462961846161" lon="4.8291853237527462">
    <name>321.7</name>
  </wpt>
  <wpt lat="51.49997845000803" lon="4.8304024006478743">
    <name>321.8</name>
  </wpt>
  <wpt lat="51.499498534393268" lon="4.8316241563174573">
    <name>321.9</name>
  </wpt>
  <wpt lat="51.499012253460862" lon="4.8328393879977583">
    <name>322.0</name>
  </wpt>
  <wpt lat="51.498478042103891" lon="4.83399452930956">
    <name>322.1</name>
  </wpt>
  <wpt lat="51.498127764149665" lon="4.8353222412102959">
    <name>322.2</name>
  </wpt>
  <wpt lat="51.497814004150129" lon="4.8366752429270132">
    <name>322.3</name>
  </wpt>
  <wpt lat="51.498229812681643" lon="4.8374279138210259">
    <name>322.4</name>
  </wpt>
  <wpt lat="51.49908762888986" lon="4.8378614302018965">
    <name>322.5</name>
  </wpt>
  <wpt lat="51.499926869530356" lon="4.8383786910668025">
    <name>322.6</name>
  </wpt>
  <wpt lat="51.500787348786979" lon="4.8387977418538508">
    <name>322.7</name>
  </wpt>
  <wpt lat="51.501650427806318" lon="4.8392037387178011">
    <name>322.8</name>
  </wpt>
  <wpt lat="51.502402819940748" lon="4.8399209396038341">
    <name>322.9</name>
  </wpt>
  <wpt lat="51.502998863568124" lon="4.8410027970222176">
    <name>323.0</name>
  </wpt>
  <wpt lat="51.50359408006377" lon="4.8420858437693814">
    <name>323.1</name>
  </wpt>
  <wpt lat="51.504207436706508" lon="4.84313916041733">
    <name>323.2</name>
  </wpt>
  <wpt lat="51.505062020339849" lon="4.8433481726670831">
    <name>323.3</name>
  </wpt>
  <wpt lat="51.505915669899295" lon="4.8434480142507166">
    <name>323.4</name>
  </wpt>
  <wpt lat="51.5066923702781" lon="4.8441763520782715">
    <name>323.5</name>
  </wpt>
  <wpt lat="51.507424372692746" lon="4.8449973040418852">
    <name>323.6</name>
  </wpt>
  <wpt lat="51.508153923281512" lon="4.8458035781766728">
    <name>323.7</name>
  </wpt>
  <wpt lat="51.508974910607158" lon="4.8463933856597263">
    <name>323.8</name>
  </wpt>
  <wpt lat="51.509830563536994" lon="4.8468259564837757">
    <name>323.9</name>
  </wpt>
  <wpt lat="51.510644708662134" lon="4.8474210043907018">
    <name>324.0</name>
  </wpt>
  <wpt lat="51.511395451903795" lon="4.8478490819009341">
    <name>324.1</name>
  </wpt>
  <wpt lat="51.511381162453233" lon="4.8490402307934888">
    <name>324.2</name>
  </wpt>
  <wpt lat="51.510574908047793" lon="4.849680391377289">
    <name>324.3</name>
  </wpt>
  <wpt lat="51.509768653642396" lon="4.8503205406322083">
    <name>324.4</name>
  </wpt>
  <wpt lat="51.509052794062967" lon="4.85115741240255">
    <name>324.5</name>
  </wpt>
  <wpt lat="51.508552262183962" lon="4.8523532560413383">
    <name>324.6</name>
  </wpt>
  <wpt lat="51.508219000110138" lon="4.8536685346861557">
    <name>324.7</name>
  </wpt>
  <wpt lat="51.507974143234158" lon="4.8550391685901149">
    <name>324.8</name>
  </wpt>
  <wpt lat="51.50761048612685" lon="4.8563606418445469">
    <name>324.9</name>
  </wpt>
  <wpt lat="51.5072505934664" lon="4.8576847831321581">
    <name>325.0</name>
  </wpt>
  <wpt lat="51.506803610217318" lon="4.8589125423623072">
    <name>325.1</name>
  </wpt>
  <wpt lat="51.506014477624632" lon="4.8595942989893155">
    <name>325.2</name>
  </wpt>
  <wpt lat="51.505474519334527" lon="4.860738439069844">
    <name>325.3</name>
  </wpt>
  <wpt lat="51.5056850509778" lon="4.8614394211043388">
    <name>325.4</name>
  </wpt>
  <wpt lat="51.506499170549212" lon="4.8620532792592694">
    <name>325.5</name>
  </wpt>
  <wpt lat="51.5071809521881" lon="4.8629866234907535">
    <name>325.6</name>
  </wpt>
  <wpt lat="51.507759202388506" lon="4.86403247446748">
    <name>325.7</name>
  </wpt>
  <wpt lat="51.508379529159185" lon="4.8650786317334553">
    <name>325.8</name>
  </wpt>
  <wpt lat="51.509009810226395" lon="4.8661067042101989">
    <name>325.9</name>
  </wpt>
  <wpt lat="51.509716281956045" lon="4.8669736103196071">
    <name>326.0</name>
  </wpt>
  <wpt lat="51.51052512897791" lon="4.8676052589531524">
    <name>326.1</name>
  </wpt>
  <wpt lat="51.511336773912952" lon="4.8682252813759188">
    <name>326.2</name>
  </wpt>
  <wpt lat="51.512197108551142" lon="4.8686257686055017">
    <name>326.3</name>
  </wpt>
  <wpt lat="51.5130549979938" lon="4.8690516973345179">
    <name>326.4</name>
  </wpt>
  <wpt lat="51.5138999549665" lon="4.8695120561732335">
    <name>326.5</name>
  </wpt>
  <wpt lat="51.51463098123476" lon="4.8703497424333513">
    <name>326.6</name>
  </wpt>
  <wpt lat="51.515222011522255" lon="4.8714356224200506">
    <name>326.7</name>
  </wpt>
  <wpt lat="51.515754213094517" lon="4.87260055635764">
    <name>326.8</name>
  </wpt>
  <wpt lat="51.516330670396385" lon="4.8737042895518377">
    <name>326.9</name>
  </wpt>
  <wpt lat="51.5169018066732" lon="4.8748196794514636">
    <name>327.0</name>
  </wpt>
  <wpt lat="51.517512490971221" lon="4.8758798340364136">
    <name>327.1</name>
  </wpt>
  <wpt lat="51.51813771164" lon="4.8769179516421124">
    <name>327.2</name>
  </wpt>
  <wpt lat="51.5187481423796" lon="4.8779792707895506">
    <name>327.3</name>
  </wpt>
  <wpt lat="51.519310523524751" lon="4.8791042157964322">
    <name>327.4</name>
  </wpt>
  <wpt lat="51.5199488971142" lon="4.8800885811425481">
    <name>327.5</name>
  </wpt>
  <wpt lat="51.520495888554109" lon="4.8812264218178987">
    <name>327.6</name>
  </wpt>
  <wpt lat="51.52115858463727" lon="4.8821843364784483">
    <name>327.7</name>
  </wpt>
  <wpt lat="51.521771671322021" lon="4.8832417165639761">
    <name>327.8</name>
  </wpt>
  <wpt lat="51.522387989359451" lon="4.8842939784048314">
    <name>327.9</name>
  </wpt>
  <wpt lat="51.522959563067445" lon="4.8854021699070005">
    <name>328.0</name>
  </wpt>
  <wpt lat="51.523571591620467" lon="4.8864612052265652">
    <name>328.1</name>
  </wpt>
  <wpt lat="51.524186912866519" lon="4.8875148902246792">
    <name>328.2</name>
  </wpt>
  <wpt lat="51.5248048799311" lon="4.8885639786329547">
    <name>328.3</name>
  </wpt>
  <wpt lat="51.525421768113816" lon="4.8896153068036128">
    <name>328.4</name>
  </wpt>
  <wpt lat="51.526032835228143" lon="4.8906756945106009">
    <name>328.5</name>
  </wpt>
  <wpt lat="51.526639595705234" lon="4.8917426201381078">
    <name>328.6</name>
  </wpt>
  <wpt lat="51.527254794261935" lon="4.8927969786231023">
    <name>328.7</name>
  </wpt>
  <wpt lat="51.527871218562936" lon="4.893849523988373">
    <name>328.8</name>
  </wpt>
  <wpt lat="51.528485315329348" lon="4.8949055852473853">
    <name>328.9</name>
  </wpt>
  <wpt lat="51.529094688507548" lon="4.8959686526575927">
    <name>329.0</name>
  </wpt>
  <wpt lat="51.529704783677559" lon="4.8970307255289107">
    <name>329.1</name>
  </wpt>
  <wpt lat="51.53031487884747" lon="4.8980928126331342">
    <name>329.2</name>
  </wpt>
  <wpt lat="51.530924974017267" lon="4.8991549139707722">
    <name>329.3</name>
  </wpt>
  <wpt lat="51.531551046736013" lon="4.9001923442876105">
    <name>329.4</name>
  </wpt>
  <wpt lat="51.532164874733652" lon="4.9012486876388222">
    <name>329.5</name>
  </wpt>
  <wpt lat="51.532774575769928" lon="4.90231141681368">
    <name>329.6</name>
  </wpt>
  <wpt lat="51.533384701063795" lon="4.9033732254870568">
    <name>329.7</name>
  </wpt>
  <wpt lat="51.534019538685364" lon="4.9043960030350924">
    <name>329.8</name>
  </wpt>
  <wpt lat="51.534632387449712" lon="4.90545379136583">
    <name>329.9</name>
  </wpt>
  <wpt lat="51.535230589307965" lon="4.9065333343699891">
    <name>330.0</name>
  </wpt>
  <wpt lat="51.535797513868324" lon="4.9076501486264252">
    <name>330.1</name>
  </wpt>
  <wpt lat="51.536389493621293" lon="4.9087385476841856">
    <name>330.2</name>
  </wpt>
  <wpt lat="51.536963173046388" lon="4.9098514028950557">
    <name>330.3</name>
  </wpt>
  <wpt lat="51.537496727410826" lon="4.9110137377727208">
    <name>330.4</name>
  </wpt>
  <wpt lat="51.538075891230989" lon="4.9121191600733045">
    <name>330.5</name>
  </wpt>
  <wpt lat="51.538638977600854" lon="4.9132339512648073">
    <name>330.6</name>
  </wpt>
  <wpt lat="51.539165854953822" lon="4.9143990957778136">
    <name>330.7</name>
  </wpt>
  <wpt lat="51.539739135889384" lon="4.9155076227626511">
    <name>330.8</name>
  </wpt>
  <wpt lat="51.540269753760711" lon="4.9166715806192558">
    <name>330.9</name>
  </wpt>
  <wpt lat="51.540649488778087" lon="4.9179678343881665">
    <name>331.0</name>
  </wpt>
  <wpt lat="51.5406909928922" lon="4.9194046537477822">
    <name>331.1</name>
  </wpt>
  <wpt lat="51.540662866032122" lon="4.9208496574798595">
    <name>331.2</name>
  </wpt>
  <wpt lat="51.540596452772839" lon="4.9222906565627129">
    <name>331.3</name>
  </wpt>
  <wpt lat="51.540617808449277" lon="4.9237293355789111">
    <name>331.4</name>
  </wpt>
  <wpt lat="51.541210707588149" lon="4.9247569262246218">
    <name>331.5</name>
  </wpt>
  <wpt lat="51.542039181084832" lon="4.9253102151606853">
    <name>331.6</name>
  </wpt>
  <wpt lat="51.542317866038111" lon="4.9266457128830021">
    <name>331.7</name>
  </wpt>
  <wpt lat="51.542568126386357" lon="4.9280075527865419">
    <name>331.8</name>
  </wpt>
  <wpt lat="51.542594148512137" lon="4.9294369645163441">
    <name>331.9</name>
  </wpt>
  <wpt lat="51.542461478573316" lon="4.9308671512204052">
    <name>332.0</name>
  </wpt>
  <wpt lat="51.5423299125928" lon="4.9322975933281983">
    <name>332.1</name>
  </wpt>
  <wpt lat="51.542294989475792" lon="4.9337413661499916">
    <name>332.2</name>
  </wpt>
  <wpt lat="51.542294000433564" lon="4.9351873479329624">
    <name>332.3</name>
  </wpt>
  <wpt lat="51.542294000155515" lon="4.9366333496005579">
    <name>332.4</name>
  </wpt>
  <wpt lat="51.542294002227429" lon="4.9380793512680521">
    <name>332.5</name>
  </wpt>
  <wpt lat="51.544292735820513" lon="4.9414239638910153">
    <name>332.93</name>
  </wpt>
  <wpt lat="51.54502783339661" lon="4.94168295956763">
    <name>333.0</name>
  </wpt>
  <wpt lat="51.54589259536219" lon="4.9420716084102576">
    <name>333.1</name>
  </wpt>
  <wpt lat="51.546737624462914" lon="4.9425637904388591">
    <name>333.2</name>
  </wpt>
  <wpt lat="51.547629293094111" lon="4.9425348144502781">
    <name>333.3</name>
  </wpt>
  <wpt lat="51.548489622847839" lon="4.942127251141673">
    <name>333.4</name>
  </wpt>
  <wpt lat="51.549328849071394" lon="4.9416074602792541">
    <name>333.5</name>
  </wpt>
  <wpt lat="51.550157968892442" lon="4.941047522354852">
    <name>333.6</name>
  </wpt>
  <wpt lat="51.5507129569639" lon="4.9416599688490335">
    <name>333.7</name>
  </wpt>
  <wpt lat="51.551019559274756" lon="4.943018557074379">
    <name>333.8</name>
  </wpt>
  <wpt lat="51.551382353401237" lon="4.9443419364443919">
    <name>333.9</name>
  </wpt>
  <wpt lat="51.551774595528443" lon="4.9455939219892686">
    <name>334.0</name>
  </wpt>
  <wpt lat="51.552467663722773" lon="4.9464947646520381">
    <name>334.1</name>
  </wpt>
  <wpt lat="51.553063281192934" lon="4.9470572175451455">
    <name>334.2</name>
  </wpt>
  <wpt lat="51.553582574478284" lon="4.9482194258781584">
    <name>334.3</name>
  </wpt>
  <wpt lat="51.554103931875922" lon="4.9493967114002135">
    <name>334.4</name>
  </wpt>
  <wpt lat="51.554458138876342" lon="4.95071709679706">
    <name>334.5</name>
  </wpt>
  <wpt lat="51.554758770474123" lon="4.9520793622240085">
    <name>334.6</name>
  </wpt>
  <wpt lat="51.555083385360575" lon="4.9532951287372233">
    <name>334.7</name>
  </wpt>
  <wpt lat="51.5547681980272" lon="4.954637463641351">
    <name>334.8</name>
  </wpt>
  <wpt lat="51.554700521701662" lon="4.9560222522698858">
    <name>334.9</name>
  </wpt>
  <wpt lat="51.554851069647164" lon="4.9574475920653978">
    <name>335.0</name>
  </wpt>
  <wpt lat="51.555042603612222" lon="4.9588586387911624">
    <name>335.1</name>
  </wpt>
  <wpt lat="51.5553489799879" lon="4.96021728583794">
    <name>335.2</name>
  </wpt>
  <wpt lat="51.5556825674423" lon="4.96156051991378">
    <name>335.3</name>
  </wpt>
  <wpt lat="51.556017884814395" lon="4.9629025456084523">
    <name>335.4</name>
  </wpt>
  <wpt lat="51.556489951058289" lon="4.9641282270721989">
    <name>335.5</name>
  </wpt>
  <wpt lat="51.557080603617393" lon="4.9652181052688471">
    <name>335.6</name>
  </wpt>
  <wpt lat="51.557703554707984" lon="4.9662563389260148">
    <name>335.7</name>
  </wpt>
  <wpt lat="51.558451786902225" lon="4.9670579885528188">
    <name>335.8</name>
  </wpt>
  <wpt lat="51.559225308211033" lon="4.9677951050460418">
    <name>335.9</name>
  </wpt>
  <wpt lat="51.56002151309724" lon="4.9684676727951134">
    <name>336.0</name>
  </wpt>
  <wpt lat="51.560877447522614" lon="4.9688092074720034">
    <name>336.1</name>
  </wpt>
  <wpt lat="51.561768415227974" lon="4.9686147343843885">
    <name>336.2</name>
  </wpt>
  <wpt lat="51.562658872403013" lon="4.9684121205725145">
    <name>336.3</name>
  </wpt>
  <wpt lat="51.563308038846841" lon="4.9686607586758145">
    <name>336.4</name>
  </wpt>
  <wpt lat="51.5634477671906" lon="4.9700898626425261">
    <name>336.5</name>
  </wpt>
  <wpt lat="51.564032090917792" lon="4.9706498793160376">
    <name>336.6</name>
  </wpt>
  <wpt lat="51.56426869765766" lon="4.9720236581754671">
    <name>336.7</name>
  </wpt>
  <wpt lat="51.564801932915117" lon="4.9727500166568239">
    <name>336.8</name>
  </wpt>
  <wpt lat="51.56490272222355" lon="4.9741876206651829">
    <name>336.9</name>
  </wpt>
  <wpt lat="51.5650681156921" lon="4.975593506085942">
    <name>337.0</name>
  </wpt>
  <wpt lat="51.565853589721165" lon="4.9762865144877635">
    <name>337.1</name>
  </wpt>
  <wpt lat="51.56645169212" lon="4.9766195303732035">
    <name>337.2</name>
  </wpt>
  <wpt lat="51.567301469106255" lon="4.9766854719203142">
    <name>337.3</name>
  </wpt>
  <wpt lat="51.576591583684625" lon="4.9827678710059118">
    <name>338.55</name>
  </wpt>
  <wpt lat="51.577140263750906" lon="4.9825039370599509">
    <name>338.6</name>
  </wpt>
  <wpt lat="51.578001858469626" lon="4.9820908708919163">
    <name>338.7</name>
  </wpt>
  <wpt lat="51.578882051717009" lon="4.9818001269144">
    <name>338.8</name>
  </wpt>
  <wpt lat="51.579779940488521" lon="4.9817420000000139">
    <name>338.9</name>
  </wpt>
  <wpt lat="51.580665716457474" lon="4.9819509755553257">
    <name>339.0</name>
  </wpt>
  <wpt lat="51.581524901134571" lon="4.9823707514839066">
    <name>339.1</name>
  </wpt>
  <wpt lat="51.582274599837078" lon="4.9826521659745726">
    <name>339.2</name>
  </wpt>
  <wpt lat="51.583083542298013" lon="4.9832838145866427">
    <name>339.3</name>
  </wpt>
  <wpt lat="51.583893809431721" lon="4.9839093565935695">
    <name>339.4</name>
  </wpt>
  <wpt lat="51.584757544967779" lon="4.9842815212103728">
    <name>339.5</name>
  </wpt>
  <wpt lat="51.585638222597" lon="4.9840699613632911">
    <name>339.6</name>
  </wpt>
  <wpt lat="51.586361499340633" lon="4.9832299018805433">
    <name>339.7</name>
  </wpt>
  <wpt lat="51.586871337792111" lon="4.9820447127676335">
    <name>339.8</name>
  </wpt>
  <wpt lat="51.587478559577512" lon="4.98184294122394">
    <name>339.9</name>
  </wpt>
  <wpt lat="51.58799804208504" lon="4.9830236398878727">
    <name>340.0</name>
  </wpt>
  <wpt lat="51.588523081559188" lon="4.9841939845310428">
    <name>340.1</name>
  </wpt>
  <wpt lat="51.608649932677537" lon="4.9877098274821323">
    <name>342.94</name>
  </wpt>
  <wpt lat="51.60902447482465" lon="4.986745574005008">
    <name>343.0</name>
  </wpt>
  <wpt lat="51.6094638665553" lon="4.9854821092025823">
    <name>343.1</name>
  </wpt>
  <wpt lat="51.609873871766752" lon="4.9841968209963223">
    <name>343.2</name>
  </wpt>
  <wpt lat="51.60994982298709" lon="4.98277001068891">
    <name>343.3</name>
  </wpt>
  <wpt lat="51.610545379339669" lon="4.9823603710488671">
    <name>343.4</name>
  </wpt>
  <wpt lat="51.611001663369834" lon="4.9811137071193334">
    <name>343.5</name>
  </wpt>
  <wpt lat="51.611533287689717" lon="4.9799458162099794">
    <name>343.6</name>
  </wpt>
  <wpt lat="51.612081673021919" lon="4.9787979997079752">
    <name>343.7</name>
  </wpt>
  <wpt lat="51.612632368403268" lon="4.97765304315728">
    <name>343.8</name>
  </wpt>
  <wpt lat="51.613183449361458" lon="4.9765085517354812">
    <name>343.9</name>
  </wpt>
  <wpt lat="51.613732491792256" lon="4.97536151073871">
    <name>344.0</name>
  </wpt>
  <wpt lat="51.614283934917609" lon="4.9742174452991348">
    <name>344.1</name>
  </wpt>
  <wpt lat="51.6148396928276" lon="4.9730789222287033">
    <name>344.2</name>
  </wpt>
  <wpt lat="51.615391699615678" lon="4.9719357678670058">
    <name>344.3</name>
  </wpt>
  <wpt lat="51.615932642276022" lon="4.97077992539597">
    <name>344.4</name>
  </wpt>
  <wpt lat="51.616463281043337" lon="4.9696154147452214">
    <name>344.5</name>
  </wpt>
  <wpt lat="51.616891478294285" lon="4.9683418315560477">
    <name>344.6</name>
  </wpt>
  <wpt lat="51.617291116125863" lon="4.9670444271945611">
    <name>344.7</name>
  </wpt>
  <wpt lat="51.617675353974668" lon="4.9657359493791882">
    <name>344.8</name>
  </wpt>
  <wpt lat="51.618036145236537" lon="4.9644109754231751">
    <name>344.9</name>
  </wpt>
  <wpt lat="51.6184184313223" lon="4.9630999482628484">
    <name>345.0</name>
  </wpt>
  <wpt lat="51.618798456039556" lon="4.961787298613439">
    <name>345.1</name>
  </wpt>
  <wpt lat="51.61919852655906" lon="4.9604907696300629">
    <name>345.2</name>
  </wpt>
  <wpt lat="51.619579777496412" lon="4.9591852745056908">
    <name>345.3</name>
  </wpt>
  <wpt lat="51.618762015202464" lon="4.9586385438758231">
    <name>345.4</name>
  </wpt>
  <wpt lat="51.617921817460775" lon="4.9581220368107228">
    <name>345.5</name>
  </wpt>
  <wpt lat="51.617208094583859" lon="4.9575005652453124">
    <name>345.6</name>
  </wpt>
  <wpt lat="51.617424128248373" lon="4.9560947891749754">
    <name>345.7</name>
  </wpt>
  <wpt lat="51.61763498451581" lon="4.9546868901127832">
    <name>345.8</name>
  </wpt>
  <wpt lat="51.617843920626036" lon="4.9532783959547659">
    <name>345.9</name>
  </wpt>
  <wpt lat="51.61808586272987" lon="4.9518883189699228">
    <name>346.0</name>
  </wpt>
  <wpt lat="51.618327651397394" lon="4.9512480980591942">
    <name>346.10</name>
  </wpt>
  <wpt lat="51.618392373347106" lon="4.9510796176209366">
    <name>346.1</name>
  </wpt>
  <wpt lat="51.618855645425171" lon="4.94983830576048">
    <name>346.2</name>
  </wpt>
  <wpt lat="51.619351889171021" lon="4.9486308672059431">
    <name>346.3</name>
  </wpt>
  <wpt lat="51.619958969848334" lon="4.9475773352253842">
    <name>346.4</name>
  </wpt>
  <wpt lat="51.620670727504205" lon="4.9466919969953134">
    <name>346.5</name>
  </wpt>
  <wpt lat="51.621337217201983" lon="4.9457221520673347">
    <name>346.6</name>
  </wpt>
  <wpt lat="51.621965525524772" lon="4.9446857843888781">
    <name>346.7</name>
  </wpt>
  <wpt lat="51.6292190000076" lon="4.9385940759020652">
    <name>348.15</name>
  </wpt>
  <wpt lat="51.629130916332144" lon="4.9377856715791264">
    <name>348.2</name>
  </wpt>
  <wpt lat="51.628571625216452" lon="4.9366520897241006">
    <name>348.3</name>
  </wpt>
  <wpt lat="51.628298861973306" lon="4.9354379309653993">
    <name>348.4</name>
  </wpt>
  <wpt lat="51.627432853371147" lon="4.9356376878178221">
    <name>348.5</name>
  </wpt>
  <wpt lat="51.626556552180482" lon="4.9359631690858583">
    <name>348.6</name>
  </wpt>
  <wpt lat="51.625678323985916" lon="4.9362750679009766">
    <name>348.7</name>
  </wpt>
  <wpt lat="51.624802484071864" lon="4.9366038004196389">
    <name>348.8</name>
  </wpt>
  <wpt lat="51.624742565376323" lon="4.935344400120913">
    <name>348.9</name>
  </wpt>
  <wpt lat="51.6247770000869" lon="4.933902487142567">
    <name>349.0</name>
  </wpt>
  <wpt lat="51.624591124247416" lon="4.93248805290358">
    <name>349.1</name>
  </wpt>
  <wpt lat="51.623444683456441" lon="4.9236769999999588">
    <name>350.99</name>
  </wpt>
  <wpt lat="51.623460805419981" lon="4.9233384600287291">
    <name>351.0</name>
  </wpt>
  <wpt lat="51.625124880455779" lon="4.9232902382262234">
    <name>351.22</name>
  </wpt>
  <wpt lat="51.625915000159758" lon="4.9233664280425362">
    <name>351.3</name>
  </wpt>
  <wpt lat="51.625932893263339" lon="4.9219193826582632">
    <name>351.4</name>
  </wpt>
  <wpt lat="51.619349020065755" lon="4.9134639589130424">
    <name>352.61</name>
  </wpt>
  <wpt lat="51.619369471396006" lon="4.9134220824155443">
    <name>352.6</name>
  </wpt>
  <wpt lat="51.618716923181992" lon="4.912506297191066">
    <name>352.7</name>
  </wpt>
  <wpt lat="51.617980617267676" lon="4.9116835148223039">
    <name>352.8</name>
  </wpt>
  <wpt lat="51.617130833067684" lon="4.9112418754813607">
    <name>352.9</name>
  </wpt>
  <wpt lat="51.616235363621328" lon="4.9112677991178719">
    <name>353.0</name>
  </wpt>
  <wpt lat="51.615399905638235" lon="4.91178587794694">
    <name>353.1</name>
  </wpt>
  <wpt lat="51.614608965464527" lon="4.9124743439757284">
    <name>353.2</name>
  </wpt>
  <wpt lat="51.6138328326252" lon="4.9132059737978828">
    <name>353.3</name>
  </wpt>
  <wpt lat="51.613056687802107" lon="4.9139375607608171">
    <name>353.4</name>
  </wpt>
  <wpt lat="51.612291968540248" lon="4.9146991357967895">
    <name>353.5</name>
  </wpt>
  <wpt lat="51.611520285798854" lon="4.9154415695649414">
    <name>353.6</name>
  </wpt>
  <wpt lat="51.610698705700074" lon="4.91603012964544">
    <name>353.7</name>
  </wpt>
  <wpt lat="51.609873574057325" lon="4.9166061021360727">
    <name>353.8</name>
  </wpt>
  <wpt lat="51.609048442414618" lon="4.9171820641579469">
    <name>353.9</name>
  </wpt>
  <wpt lat="51.60819200659116" lon="4.9176047273635346">
    <name>354.0</name>
  </wpt>
  <wpt lat="51.607298392019487" lon="4.9177588961560783">
    <name>354.1</name>
  </wpt>
  <wpt lat="51.60640751980943" lon="4.9179485489080932">
    <name>354.2</name>
  </wpt>
  <wpt lat="51.605526917192137" lon="4.9182424519509373">
    <name>354.3</name>
  </wpt>
  <wpt lat="51.604642670553552" lon="4.9185013838808906">
    <name>354.4</name>
  </wpt>
  <wpt lat="51.603746922836407" lon="4.9186192340498023">
    <name>354.5</name>
  </wpt>
  <wpt lat="51.602848211503556" lon="4.9186559999999773">
    <name>354.6</name>
  </wpt>
  <wpt lat="51.601948889897635" lon="4.9186559999999773">
    <name>354.7</name>
  </wpt>
  <wpt lat="51.6010722317457" lon="4.9183911153034767">
    <name>354.8</name>
  </wpt>
  <wpt lat="51.600213030901088" lon="4.9179805434406179">
    <name>354.9</name>
  </wpt>
  <wpt lat="51.599350540600781" lon="4.9175717174211684">
    <name>355.0</name>
  </wpt>
  <wpt lat="51.598472307956918" lon="4.9172613538325187">
    <name>355.1</name>
  </wpt>
  <wpt lat="51.597600264743257" lon="4.916937529457905">
    <name>355.2</name>
  </wpt>
  <wpt lat="51.59673631410233" lon="4.91680032416037">
    <name>355.3</name>
  </wpt>
  <wpt lat="51.595842027020538" lon="4.9166494433803711">
    <name>355.4</name>
  </wpt>
  <wpt lat="51.594946393893821" lon="4.9165438887057995">
    <name>355.5</name>
  </wpt>
  <wpt lat="51.594070920050747" lon="4.9168627991887721">
    <name>355.6</name>
  </wpt>
  <wpt lat="51.593198001869112" lon="4.9172109818945415">
    <name>355.7</name>
  </wpt>
  <wpt lat="51.592321318588155" lon="4.917531097883054">
    <name>355.8</name>
  </wpt>
  <wpt lat="51.591445366218451" lon="4.9178576142145207">
    <name>355.9</name>
  </wpt>
  <wpt lat="51.590598430163091" lon="4.918204435917076">
    <name>356.0</name>
  </wpt>
  <wpt lat="51.58990831756077" lon="4.91787760446022">
    <name>356.1</name>
  </wpt>
  <wpt lat="51.589410246245691" lon="4.916674423470071">
    <name>356.2</name>
  </wpt>
  <wpt lat="51.588943069971968" lon="4.9154381867708485">
    <name>356.3</name>
  </wpt>
  <wpt lat="51.588554031414958" lon="4.9141355618481288">
    <name>356.4</name>
  </wpt>
  <wpt lat="51.58835093979156" lon="4.9127264259958512">
    <name>356.5</name>
  </wpt>
  <wpt lat="51.582661733781265" lon="4.9072054879262641">
    <name>357.53</name>
  </wpt>
  <wpt lat="51.582007670727478" lon="4.9075722609060577">
    <name>357.6</name>
  </wpt>
  <wpt lat="51.581217566646778" lon="4.9082618900485278">
    <name>357.7</name>
  </wpt>
  <wpt lat="51.580414870732994" lon="4.908840870714597">
    <name>357.8</name>
  </wpt>
  <wpt lat="51.579662797651942" lon="4.9084069194982645">
    <name>357.9</name>
  </wpt>
  <wpt lat="51.579240944935037" lon="4.9071894344606184">
    <name>358.0</name>
  </wpt>
  <wpt lat="51.579158000363151" lon="4.9057509430069715">
    <name>358.1</name>
  </wpt>
  <wpt lat="51.579361293753564" lon="4.904347725212892">
    <name>358.2</name>
  </wpt>
  <wpt lat="51.579582325383853" lon="4.9029471063972121">
    <name>358.3</name>
  </wpt>
  <wpt lat="51.579363866853789" lon="4.9015870174732967">
    <name>358.4</name>
  </wpt>
  <wpt lat="51.578719032162866" lon="4.9005807183654273">
    <name>358.5</name>
  </wpt>
  <wpt lat="51.578055209057091" lon="4.899604673114947">
    <name>358.6</name>
  </wpt>
  <wpt lat="51.577367007836791" lon="4.8986730997473042">
    <name>358.7</name>
  </wpt>
  <wpt lat="51.576678806616577" lon="4.8977415404855495">
    <name>358.8</name>
  </wpt>
  <wpt lat="51.575990605396463" lon="4.8968099953290709">
    <name>358.9</name>
  </wpt>
  <wpt lat="51.575353780101594" lon="4.8958035964045052">
    <name>359.0</name>
  </wpt>
  <wpt lat="51.574766822482012" lon="4.8947073487792832">
    <name>359.1</name>
  </wpt>
  <wpt lat="51.574102162543149" lon="4.8937858593837689">
    <name>359.2</name>
  </wpt>
  <wpt lat="51.573558000012426" lon="4.8930792463423955">
    <name>359.3</name>
  </wpt>
  <wpt lat="51.573583388915" lon="4.8916329395578284">
    <name>359.4</name>
  </wpt>
  <wpt lat="51.573601000044647" lon="4.8901864396967989">
    <name>359.5</name>
  </wpt>
  <wpt lat="51.573634044530678" lon="4.8887405547926068">
    <name>359.6</name>
  </wpt>
  <wpt lat="51.573726989276778" lon="4.8873023014556392">
    <name>359.7</name>
  </wpt>
  <wpt lat="51.573674357932354" lon="4.88586471778451">
    <name>359.8</name>
  </wpt>
  <wpt lat="51.573362184903282" lon="4.884517519343385">
    <name>359.9</name>
  </wpt>
  <wpt lat="51.573184557150611" lon="4.883141450656181">
    <name>360.0</name>
  </wpt>
  <wpt lat="51.573215000085042" lon="4.881737181459779">
    <name>360.1</name>
  </wpt>
  <wpt lat="51.573334759173214" lon="4.88030401619496">
    <name>360.2</name>
  </wpt>
  <wpt lat="51.573408000220454" lon="4.8788631120867265">
    <name>360.3</name>
  </wpt>
  <wpt lat="51.573306550885619" lon="4.87742946882301">
    <name>360.4</name>
  </wpt>
  <wpt lat="51.573275863742914" lon="4.8759888810586478">
    <name>360.5</name>
  </wpt>
  <wpt lat="51.573399369782095" lon="4.874556796348454">
    <name>360.6</name>
  </wpt>
  <wpt lat="51.573472002519125" lon="4.8731165672856243">
    <name>360.7</name>
  </wpt>
  <wpt lat="51.573461791075296" lon="4.8716859999999516">
    <name>360.8</name>
  </wpt>
  <wpt lat="51.572562601728329" lon="4.8716835924877877">
    <name>360.9</name>
  </wpt>
  <wpt lat="51.571757867722063" lon="4.8710648971056107">
    <name>361.0</name>
  </wpt>
  <wpt lat="51.571050149462884" lon="4.8718726401055346">
    <name>361.1</name>
  </wpt>
  <wpt lat="51.57023610120698" lon="4.8721610520548637">
    <name>361.2</name>
  </wpt>
  <wpt lat="51.569674050233289" lon="4.8710555974991818">
    <name>361.3</name>
  </wpt>
  <wpt lat="51.568886925912366" lon="4.8708974314487179">
    <name>361.4</name>
  </wpt>
  <wpt lat="51.568025171054558" lon="4.8713029969163779">
    <name>361.5</name>
  </wpt>
  <wpt lat="51.567154995723122" lon="4.8716305496428349">
    <name>361.6</name>
  </wpt>
  <wpt lat="51.56641421715856" lon="4.8711428827905223">
    <name>361.7</name>
  </wpt>
  <wpt lat="51.566686134800911" lon="4.869772025843881">
    <name>361.8</name>
  </wpt>
  <wpt lat="51.5669587272811" lon="4.8683948885577832">
    <name>361.9</name>
  </wpt>
  <wpt lat="51.567190927517437" lon="4.8669973005123026">
    <name>362.0</name>
  </wpt>
  <wpt lat="51.56739239988876" lon="4.8655877139119177">
    <name>362.1</name>
  </wpt>
  <wpt lat="51.567470294911537" lon="4.8641513946604809">
    <name>362.2</name>
  </wpt>
  <wpt lat="51.567662563209318" lon="4.86273848576117">
    <name>362.3</name>
  </wpt>
  <wpt lat="51.568069445777653" lon="4.86144875283264">
    <name>362.4</name>
  </wpt>
  <wpt lat="51.568553615778242" lon="4.8602332341534362">
    <name>362.5</name>
  </wpt>
  <wpt lat="51.569086222225373" lon="4.8590674126245066">
    <name>362.6</name>
  </wpt>
  <wpt lat="51.569463141192834" lon="4.8577714828072525">
    <name>362.7</name>
  </wpt>
  <wpt lat="51.5696456069816" lon="4.856357132688899">
    <name>362.8</name>
  </wpt>
  <wpt lat="51.569803000161485" lon="4.8549440030291713">
    <name>362.9</name>
  </wpt>
  <wpt lat="51.569515320668089" lon="4.8535793466177477">
    <name>363.0</name>
  </wpt>
  <wpt lat="51.569226891038682" lon="4.8522103403682948">
    <name>363.1</name>
  </wpt>
  <wpt lat="51.569059363245842" lon="4.8507889795415462">
    <name>363.2</name>
  </wpt>
  <wpt lat="51.568891892820552" lon="4.8493674490775476">
    <name>363.3</name>
  </wpt>
  <wpt lat="51.568716126011523" lon="4.84794866815554">
    <name>363.4</name>
  </wpt>
  <wpt lat="51.568474994471622" lon="4.8465595589404105">
    <name>363.5</name>
  </wpt>
  <wpt lat="51.567824720782205" lon="4.8457444264099125">
    <name>363.6</name>
  </wpt>
  <wpt lat="51.566938782782394" lon="4.8459789999999563">
    <name>363.7</name>
  </wpt>
  <wpt lat="51.566044997813428" lon="4.8458497895436441">
    <name>363.8</name>
  </wpt>
  <wpt lat="51.565525640227094" lon="4.8449932404251781">
    <name>363.9</name>
  </wpt>
  <wpt lat="51.565528018179954" lon="4.84355741970752">
    <name>364.0</name>
  </wpt>
  <wpt lat="51.565173673833449" lon="4.8422334079456322">
    <name>364.1</name>
  </wpt>
  <wpt lat="51.565318000054141" lon="4.8408313761819191">
    <name>364.2</name>
  </wpt>
  <wpt lat="51.565229298385255" lon="4.8393935580650309">
    <name>364.3</name>
  </wpt>
  <wpt lat="51.564976207965017" lon="4.8380116002149443">
    <name>364.4</name>
  </wpt>
  <wpt lat="51.564806177068448" lon="4.8369469457274921">
    <name>364.5</name>
  </wpt>
  <wpt lat="51.563964950527918" lon="4.8366143547391207">
    <name>364.6</name>
  </wpt>
  <wpt lat="51.564264495621835" lon="4.835488593144925">
    <name>364.7</name>
  </wpt>
  <wpt lat="51.564542621470487" lon="4.8341128958290573">
    <name>364.8</name>
  </wpt>
  <wpt lat="51.56482912902073" lon="4.8327416453489755">
    <name>364.9</name>
  </wpt>
  <wpt lat="51.565112399800206" lon="4.8313687801481">
    <name>365.0</name>
  </wpt>
  <wpt lat="51.565531037224417" lon="4.830106378245218">
    <name>365.1</name>
  </wpt>
  <wpt lat="51.566168072313374" lon="4.8294970878709149">
    <name>365.2</name>
  </wpt>
  <wpt lat="51.566803000902354" lon="4.828818000890772">
    <name>365.3</name>
  </wpt>
  <wpt lat="51.565982434686326" lon="4.8282495164412964">
    <name>365.4</name>
  </wpt>
  <wpt lat="51.566330782943417" lon="4.8269546523495475">
    <name>365.5</name>
  </wpt>
  <wpt lat="51.566838355988004" lon="4.8257843043986">
    <name>365.6</name>
  </wpt>
  <wpt lat="51.567613684374727" lon="4.825094555670022">
    <name>365.7</name>
  </wpt>
  <wpt lat="51.5681513893195" lon="4.8242810084267012">
    <name>365.8</name>
  </wpt>
  <wpt lat="51.568181927166691" lon="4.8228530542598191">
    <name>365.9</name>
  </wpt>
  <wpt lat="51.568343517053" lon="4.81969116816415">
    <name>366.50</name>
  </wpt>
  <wpt lat="51.568298109443816" lon="4.8195100340235406">
    <name>366.5</name>
  </wpt>
  <wpt lat="51.567779810539164" lon="4.8183277165914182">
    <name>366.6</name>
  </wpt>
  <wpt lat="51.567246427474942" lon="4.8171629270403233">
    <name>366.7</name>
  </wpt>
  <wpt lat="51.566721796634162" lon="4.8159880917472666">
    <name>366.8</name>
  </wpt>
  <wpt lat="51.566366072924716" lon="4.8146681174180292">
    <name>366.9</name>
  </wpt>
  <wpt lat="51.56607741392353" lon="4.8132981112796376">
    <name>367.0</name>
  </wpt>
  <wpt lat="51.565798263235664" lon="4.8119228423072355">
    <name>367.1</name>
  </wpt>
  <wpt lat="51.565578763304025" lon="4.8105416729422">
    <name>367.2</name>
  </wpt>
  <wpt lat="51.565404000042982" lon="4.80912305033935">
    <name>367.3</name>
  </wpt>
  <wpt lat="51.565408579050292" lon="4.8076763979118455">
    <name>367.4</name>
  </wpt>
  <wpt lat="51.565429480675206" lon="4.80623045445807">
    <name>367.5</name>
  </wpt>
  <wpt lat="51.565611377950994" lon="4.804814223937572">
    <name>367.6</name>
  </wpt>
  <wpt lat="51.56560659991365" lon="4.8033734883547679">
    <name>367.7</name>
  </wpt>
  <wpt lat="51.56551809180695" lon="4.8019337706239638">
    <name>367.8</name>
  </wpt>
  <wpt lat="51.56537595381478" lon="4.8005054424436979">
    <name>367.9</name>
  </wpt>
  <wpt lat="51.565203723929159" lon="4.7990882239249562">
    <name>368.0</name>
  </wpt>
  <wpt lat="51.564871078266144" lon="4.7977449133976391">
    <name>368.1</name>
  </wpt>
  <wpt lat="51.564895722115992" lon="4.7963186658099408">
    <name>368.2</name>
  </wpt>
  <wpt lat="51.565123428566196" lon="4.794919458150904">
    <name>368.3</name>
  </wpt>
  <wpt lat="51.56540238079" lon="4.7935514103117853">
    <name>368.4</name>
  </wpt>
  <wpt lat="51.5657444937774" lon="4.792213440224522">
    <name>368.5</name>
  </wpt>
  <wpt lat="51.566108727304041" lon="4.7908909256811176">
    <name>368.6</name>
  </wpt>
  <wpt lat="51.566453447795148" lon="4.7895547797485261">
    <name>368.7</name>
  </wpt>
  <wpt lat="51.566813993679673" lon="4.7882298661293143">
    <name>368.8</name>
  </wpt>
  <wpt lat="51.567267724599546" lon="4.7871321196791481">
    <name>368.9</name>
  </wpt>
  <wpt lat="51.5737050456821" lon="4.7833439999999987">
    <name>369.79</name>
  </wpt>
  <wpt lat="51.573618417849211" lon="4.7830384156474661">
    <name>369.8</name>
  </wpt>
  <wpt lat="51.57315870516296" lon="4.7818011280575581">
    <name>369.9</name>
  </wpt>
  <wpt lat="51.572695644680685" lon="4.7805613713971482">
    <name>370.0</name>
  </wpt>
  <wpt lat="51.572324173209076" lon="4.7792441212390511">
    <name>370.1</name>
  </wpt>
  <wpt lat="51.572047435767409" lon="4.777871094488999">
    <name>370.2</name>
  </wpt>
  <wpt lat="51.572013000020014" lon="4.7774957183685292">
    <name>370.24</name>
  </wpt>
  <wpt lat="51.571361327726216" lon="4.7773748224668671">
    <name>370.3</name>
  </wpt>
  <wpt lat="51.570514961797485" lon="4.7768864772621891">
    <name>370.4</name>
  </wpt>
  <wpt lat="51.569636651595388" lon="4.7766280000000076">
    <name>370.5</name>
  </wpt>
  <wpt lat="51.568739909447658" lon="4.7767047704499355">
    <name>370.6</name>
  </wpt>
  <wpt lat="51.567844118280355" lon="4.7766330849928709">
    <name>370.7</name>
  </wpt>
  <wpt lat="51.567023953117776" lon="4.776144898857452">
    <name>370.8</name>
  </wpt>
  <wpt lat="51.5664073817419" lon="4.7752014865721852">
    <name>370.9</name>
  </wpt>
  <wpt lat="51.565793522343128" lon="4.7741448568690714">
    <name>371.0</name>
  </wpt>
  <wpt lat="51.565169287548329" lon="4.7731034650720421">
    <name>371.1</name>
  </wpt>
  <wpt lat="51.564544451216456" lon="4.7720630051874062">
    <name>371.2</name>
  </wpt>
  <wpt lat="51.564395147747916" lon="4.770691352121772">
    <name>371.3</name>
  </wpt>
  <wpt lat="51.564395002678879" lon="4.7692446515648914">
    <name>371.4</name>
  </wpt>
  <wpt lat="51.564392250816262" lon="4.7677980300380272">
    <name>371.5</name>
  </wpt>
  <wpt lat="51.564374001397283" lon="4.7663518763668895">
    <name>371.6</name>
  </wpt>
  <wpt lat="51.564336420622759" lon="4.7649077337322838">
    <name>371.7</name>
  </wpt>
  <wpt lat="51.564068194793833" lon="4.7635298867465776">
    <name>371.8</name>
  </wpt>
  <wpt lat="51.563769941377132" lon="4.7621650780308586">
    <name>371.9</name>
  </wpt>
  <wpt lat="51.563476832284636" lon="4.7607973919500637">
    <name>372.0</name>
  </wpt>
  <wpt lat="51.563048989305337" lon="4.7595641316751829">
    <name>372.1</name>
  </wpt>
  <wpt lat="51.562402796522662" lon="4.7585584293525489">
    <name>372.2</name>
  </wpt>
  <wpt lat="51.562543199076785" lon="4.7575827505575381">
    <name>372.3</name>
  </wpt>
  <wpt lat="51.562930013792929" lon="4.7570815351601752">
    <name>372.84</name>
  </wpt>
  <wpt lat="51.563482109140161" lon="4.7563696458109437">
    <name>372.9</name>
  </wpt>
  <wpt lat="51.564176409751731" lon="4.7554502519983322">
    <name>373.0</name>
  </wpt>
  <wpt lat="51.564865672615973" lon="4.7545303836322041">
    <name>373.1</name>
  </wpt>
  <wpt lat="51.564974327128695" lon="4.7531795254024285">
    <name>373.2</name>
  </wpt>
  <wpt lat="51.564337749916312" lon="4.7521753195287362">
    <name>373.3</name>
  </wpt>
  <wpt lat="51.5636023505473" lon="4.7513485142410339">
    <name>373.4</name>
  </wpt>
  <wpt lat="51.562976598948396" lon="4.7503779118988163">
    <name>373.5</name>
  </wpt>
  <wpt lat="51.563249437668546" lon="4.7493008271736654">
    <name>373.6</name>
  </wpt>
  <wpt lat="51.563988112821676" lon="4.7484756457364243">
    <name>373.7</name>
  </wpt>
  <wpt lat="51.564727534788048" lon="4.7476523316852779">
    <name>373.8</name>
  </wpt>
  <wpt lat="51.565461237845476" lon="4.7468157248266429">
    <name>373.9</name>
  </wpt>
  <wpt lat="51.56706450346406" lon="4.7432963716863528">
    <name>374.31</name>
  </wpt>
  <wpt lat="51.567134002486917" lon="4.7432394748975444">
    <name>374.3</name>
  </wpt>
  <wpt lat="51.56801522605673" lon="4.7430856640286443">
    <name>374.4</name>
  </wpt>
  <wpt lat="51.5689091240093" lon="4.7431685872490856">
    <name>374.5</name>
  </wpt>
  <wpt lat="51.569742176923548" lon="4.7432304879019824">
    <name>374.6</name>
  </wpt>
  <wpt lat="51.570639260596209" lon="4.7431777982858705">
    <name>374.7</name>
  </wpt>
  <wpt lat="51.571538267816109" lon="4.7432160538737156">
    <name>374.8</name>
  </wpt>
  <wpt lat="51.572435694942058" lon="4.7432995383783956">
    <name>374.9</name>
  </wpt>
  <wpt lat="51.573332986822713" lon="4.7433937767158465">
    <name>375.0</name>
  </wpt>
  <wpt lat="51.574021313479292" lon="4.7439643701502163">
    <name>375.1</name>
  </wpt>
  <wpt lat="51.574731435849756" lon="4.7430816984581075">
    <name>375.2</name>
  </wpt>
  <wpt lat="51.5773334638379" lon="4.73913882981599">
    <name>375.63</name>
  </wpt>
  <wpt lat="51.577326755906242" lon="4.7378621135056553">
    <name>375.7</name>
  </wpt>
  <wpt lat="51.577383024374768" lon="4.7364304680905187">
    <name>375.8</name>
  </wpt>
  <wpt lat="51.577585734755651" lon="4.73502069092066">
    <name>375.9</name>
  </wpt>
  <wpt lat="51.577999861868882" lon="4.7225032379550154">
    <name>376.79</name>
  </wpt>
  <wpt lat="51.57799446119428" lon="4.7221606904547615">
    <name>376.8</name>
  </wpt>
  <wpt lat="51.577978000338945" lon="4.7207138896110745">
    <name>376.9</name>
  </wpt>
  <wpt lat="51.5779960421778" lon="4.7192670900321794">
    <name>377.0</name>
  </wpt>
  <wpt lat="51.577968571424556" lon="4.7179338162929279">
    <name>377.1</name>
  </wpt>
  <wpt lat="51.577659685007951" lon="4.7165815252986851">
    <name>377.2</name>
  </wpt>
  <wpt lat="51.577206219059335" lon="4.7153318382410365">
    <name>377.3</name>
  </wpt>
  <wpt lat="51.576752753110831" lon="4.7140821636518746">
    <name>377.4</name>
  </wpt>
  <wpt lat="51.576299287162442" lon="4.7128325015308938">
    <name>377.5</name>
  </wpt>
  <wpt lat="51.575850831770246" lon="4.711578245819771">
    <name>377.6</name>
  </wpt>
  <wpt lat="51.575439717348075" lon="4.710291988114391">
    <name>377.7</name>
  </wpt>
  <wpt lat="51.575066281069219" lon="4.7089763347787574">
    <name>377.8</name>
  </wpt>
  <wpt lat="51.574753791512087" lon="4.7076199448122527">
    <name>377.9</name>
  </wpt>
  <wpt lat="51.574493395723067" lon="4.7062350553306187">
    <name>378.0</name>
  </wpt>
  <wpt lat="51.574272138761138" lon="4.7048335518740361">
    <name>378.1</name>
  </wpt>
  <wpt lat="51.574116572276893" lon="4.7034083878956174">
    <name>378.2</name>
  </wpt>
  <wpt lat="51.574001324280168" lon="4.7019735489783461">
    <name>378.3</name>
  </wpt>
  <wpt lat="51.573966856229617" lon="4.7005283538794691">
    <name>378.4</name>
  </wpt>
  <wpt lat="51.573966006995427" lon="4.6990813626638595">
    <name>378.5</name>
  </wpt>
  <wpt lat="51.573945219584751" lon="4.6976364663256289">
    <name>378.6</name>
  </wpt>
  <wpt lat="51.573865280048864" lon="4.6961970325523037">
    <name>378.7</name>
  </wpt>
  <wpt lat="51.573837000055626" lon="4.69475094918435">
    <name>378.8</name>
  </wpt>
  <wpt lat="51.573910087269873" lon="4.6933088943427812">
    <name>378.9</name>
  </wpt>
  <wpt lat="51.573966000561704" lon="4.6918657224300544">
    <name>379.0</name>
  </wpt>
  <wpt lat="51.573891969256138" lon="4.6905392095752285">
    <name>379.1</name>
  </wpt>
  <wpt lat="51.573788187502025" lon="4.6891018718841275">
    <name>379.2</name>
  </wpt>
  <wpt lat="51.573640636636362" lon="4.6876754756421883">
    <name>379.3</name>
  </wpt>
  <wpt lat="51.573463232759259" lon="4.6862569193447943">
    <name>379.4</name>
  </wpt>
  <wpt lat="51.573282608135052" lon="4.684839414620404">
    <name>379.5</name>
  </wpt>
  <wpt lat="51.5731019835109" lon="4.6834219155287">
    <name>379.6</name>
  </wpt>
  <wpt lat="51.572922318663139" lon="4.682004107693988">
    <name>379.7</name>
  </wpt>
  <wpt lat="51.572744011296507" lon="4.6805858605045767">
    <name>379.8</name>
  </wpt>
  <wpt lat="51.572596399845146" lon="4.67919590582626">
    <name>379.9</name>
  </wpt>
  <wpt lat="51.573195909103106" lon="4.6784346689726108">
    <name>380.0</name>
  </wpt>
  <wpt lat="51.57319376659386" lon="4.67699595893547">
    <name>380.1</name>
  </wpt>
  <wpt lat="51.573040122401849" lon="4.6755702504997272">
    <name>380.2</name>
  </wpt>
  <wpt lat="51.572831628427195" lon="4.6741650662294489">
    <name>380.3</name>
  </wpt>
  <wpt lat="51.572570594636652" lon="4.6727809154913329">
    <name>380.4</name>
  </wpt>
  <wpt lat="51.5722484100693" lon="4.6714301739654207">
    <name>380.5</name>
  </wpt>
  <wpt lat="51.571892639624217" lon="4.6701012623473472">
    <name>380.6</name>
  </wpt>
  <wpt lat="51.571440678126088" lon="4.66885261580628">
    <name>380.7</name>
  </wpt>
  <wpt lat="51.570891601976555" lon="4.6677091912805322">
    <name>380.8</name>
  </wpt>
  <wpt lat="51.57029855742136" lon="4.6666219922717014">
    <name>380.9</name>
  </wpt>
  <wpt lat="51.569839256440218" lon="4.6655773717923452">
    <name>381.0</name>
  </wpt>
  <wpt lat="51.570708433416293" lon="4.6652078658806886">
    <name>381.1</name>
  </wpt>
  <wpt lat="51.571335929967972" lon="4.6661139687105866">
    <name>381.2</name>
  </wpt>
  <wpt lat="51.57180341968261" lon="4.6673467476910071">
    <name>381.3</name>
  </wpt>
  <wpt lat="51.572276655177184" lon="4.6685383275760994">
    <name>381.4</name>
  </wpt>
  <wpt lat="51.572752349347958" lon="4.6677899128184306">
    <name>381.5</name>
  </wpt>
  <wpt lat="51.572625209088876" lon="4.6663576449159194">
    <name>381.6</name>
  </wpt>
  <wpt lat="51.572483466275635" lon="4.6649289625422652">
    <name>381.7</name>
  </wpt>
  <wpt lat="51.5722731677244" lon="4.6635275491311035">
    <name>381.8</name>
  </wpt>
  <wpt lat="51.572133366354855" lon="4.6620981892701945">
    <name>381.9</name>
  </wpt>
  <wpt lat="51.572001945270934" lon="4.6606667768194416">
    <name>382.0</name>
  </wpt>
  <wpt lat="51.572005361122351" lon="4.659265124161359">
    <name>382.1</name>
  </wpt>
  <wpt lat="51.571784762423547" lon="4.6578812350398948">
    <name>382.2</name>
  </wpt>
  <wpt lat="51.57164051543549" lon="4.6564531117875">
    <name>382.3</name>
  </wpt>
  <wpt lat="51.571497841495585" lon="4.6550259715466478">
    <name>382.4</name>
  </wpt>
  <wpt lat="51.571277593242733" lon="4.6536231642979553">
    <name>382.5</name>
  </wpt>
  <wpt lat="51.570994938741933" lon="4.6522501115716768">
    <name>382.6</name>
  </wpt>
  <wpt lat="51.570811107797567" lon="4.6508355583110417">
    <name>382.7</name>
  </wpt>
  <wpt lat="51.570731799433062" lon="4.6494066540436751">
    <name>382.8</name>
  </wpt>
  <wpt lat="51.570539666480258" lon="4.6483370041547509">
    <name>382.9</name>
  </wpt>
  <wpt lat="51.570429764131511" lon="4.6469014819566272">
    <name>383.0</name>
  </wpt>
  <wpt lat="51.5703448756576" lon="4.6454635669240147">
    <name>383.1</name>
  </wpt>
  <wpt lat="51.570329996505009" lon="4.6440181822145128">
    <name>383.2</name>
  </wpt>
  <wpt lat="51.570377372899024" lon="4.6425732973023619">
    <name>383.3</name>
  </wpt>
  <wpt lat="51.57041327863071" lon="4.6411284570297271">
    <name>383.4</name>
  </wpt>
  <wpt lat="51.570446000018364" lon="4.6396827463366783">
    <name>383.5</name>
  </wpt>
  <wpt lat="51.57020342444757" lon="4.6380276358426258">
    <name>383.89</name>
  </wpt>
  <wpt lat="51.570107375933581" lon="4.6376425404927817">
    <name>383.9</name>
  </wpt>
  <wpt lat="51.569740897483818" lon="4.6363218360978014">
    <name>384.0</name>
  </wpt>
  <wpt lat="51.569092856333988" lon="4.6355494501186119">
    <name>384.1</name>
  </wpt>
  <wpt lat="51.568236820229849" lon="4.635300214202223">
    <name>384.2</name>
  </wpt>
  <wpt lat="51.567345345542073" lon="4.635469625670563">
    <name>384.3</name>
  </wpt>
  <wpt lat="51.566527894900247" lon="4.6358797276871275">
    <name>384.4</name>
  </wpt>
  <wpt lat="51.565862819718269" lon="4.6368494956837472">
    <name>384.5</name>
  </wpt>
  <wpt lat="51.565255520548838" lon="4.6378993659519541">
    <name>384.6</name>
  </wpt>
  <wpt lat="51.564646101817964" lon="4.638962857739247">
    <name>384.7</name>
  </wpt>
  <wpt lat="51.564068928526119" lon="4.6400703905298144">
    <name>384.8</name>
  </wpt>
  <wpt lat="51.563522992869764" lon="4.6412186720438742">
    <name>384.9</name>
  </wpt>
  <wpt lat="51.562975823327356" lon="4.6423607068521564">
    <name>385.0</name>
  </wpt>
  <wpt lat="51.562360918856093" lon="4.6434019441545313">
    <name>385.1</name>
  </wpt>
  <wpt lat="51.561765707241342" lon="4.6443038590246237">
    <name>385.2</name>
  </wpt>
  <wpt lat="51.56113661533081" lon="4.6433024834923451">
    <name>385.3</name>
  </wpt>
  <wpt lat="51.560510760916472" lon="4.6422636564042321">
    <name>385.4</name>
  </wpt>
  <wpt lat="51.5598585092947" lon="4.6424788361660889">
    <name>385.5</name>
  </wpt>
  <wpt lat="51.559187419384145" lon="4.64274494868687">
    <name>385.6</name>
  </wpt>
  <wpt lat="51.55859893920033" lon="4.6416511095172917">
    <name>385.7</name>
  </wpt>
  <wpt lat="51.55777845051383" lon="4.6411077830331662">
    <name>385.8</name>
  </wpt>
  <wpt lat="51.557294093686735" lon="4.6398900562774354">
    <name>385.9</name>
  </wpt>
  <wpt lat="51.556811782054147" lon="4.6386692144964252">
    <name>386.0</name>
  </wpt>
  <wpt lat="51.556311370779312" lon="4.6374733675274689">
    <name>386.1</name>
  </wpt>
  <wpt lat="51.555745924927493" lon="4.6363664155935114">
    <name>386.2</name>
  </wpt>
  <wpt lat="51.555696851264322" lon="4.6350630279994265">
    <name>386.3</name>
  </wpt>
  <wpt lat="51.556080515562" lon="4.6341786627176234">
    <name>386.4</name>
  </wpt>
  <wpt lat="51.555688689079581" lon="4.6328770664645536">
    <name>386.5</name>
  </wpt>
  <wpt lat="51.555263903865445" lon="4.6316021672264824">
    <name>386.6</name>
  </wpt>
  <wpt lat="51.554770071529759" lon="4.6306963445433018">
    <name>386.7</name>
  </wpt>
  <wpt lat="51.554019574739009" lon="4.6314635103424155">
    <name>386.8</name>
  </wpt>
  <wpt lat="51.553409794755872" lon="4.6325246265697535">
    <name>386.9</name>
  </wpt>
  <wpt lat="51.552661116799165" lon="4.6333153396562388">
    <name>387.0</name>
  </wpt>
  <wpt lat="51.551841583889612" lon="4.6339019005905939">
    <name>387.1</name>
  </wpt>
  <wpt lat="51.551122986630766" lon="4.6347684140978282">
    <name>387.2</name>
  </wpt>
  <wpt lat="51.550415520338817" lon="4.63566130807243">
    <name>387.3</name>
  </wpt>
  <wpt lat="51.54972049954597" lon="4.6365788488994815">
    <name>387.4</name>
  </wpt>
  <wpt lat="51.549028218387896" lon="4.6375019184689608">
    <name>387.5</name>
  </wpt>
  <wpt lat="51.548324818096582" lon="4.6384030309829152">
    <name>387.6</name>
  </wpt>
  <wpt lat="51.547562250525765" lon="4.6381026066964468">
    <name>387.7</name>
  </wpt>
  <wpt lat="51.546785316860628" lon="4.6373743165235748">
    <name>387.8</name>
  </wpt>
  <wpt lat="51.546043686825058" lon="4.6365607430013407">
    <name>387.9</name>
  </wpt>
  <wpt lat="51.545439680747464" lon="4.6354932557219719">
    <name>388.0</name>
  </wpt>
  <wpt lat="51.54495874601978" lon="4.6342716662237">
    <name>388.1</name>
  </wpt>
  <wpt lat="51.544487945944532" lon="4.6330395752978131">
    <name>388.2</name>
  </wpt>
  <wpt lat="51.544017064644926" lon="4.6318075861416359">
    <name>388.3</name>
  </wpt>
  <wpt lat="51.543546382585546" lon="4.6305754549177651">
    <name>388.4</name>
  </wpt>
  <wpt lat="51.543087037057191" lon="4.6293322732952138">
    <name>388.5</name>
  </wpt>
  <wpt lat="51.54261567962444" lon="4.6281008238525">
    <name>388.6</name>
  </wpt>
  <wpt lat="51.542149084863638" lon="4.6268646669916125">
    <name>388.7</name>
  </wpt>
  <wpt lat="51.541682490102957" lon="4.625628522805413">
    <name>388.8</name>
  </wpt>
  <wpt lat="51.541219567335773" lon="4.6243888326987967">
    <name>388.9</name>
  </wpt>
  <wpt lat="51.540756553671287" lon="4.6231492457103434">
    <name>389.0</name>
  </wpt>
  <wpt lat="51.5402863358562" lon="4.6219166961105085">
    <name>389.1</name>
  </wpt>
  <wpt lat="51.540038362707953" lon="4.6205556865995181">
    <name>389.2</name>
  </wpt>
  <wpt lat="51.539898151371546" lon="4.6191294922632613">
    <name>389.3</name>
  </wpt>
  <wpt lat="51.539692716686432" lon="4.6177219802001748">
    <name>389.4</name>
  </wpt>
  <wpt lat="51.539498305080222" lon="4.6163127938854709">
    <name>389.5</name>
  </wpt>
  <wpt lat="51.539572918319571" lon="4.6148777054156707">
    <name>389.6</name>
  </wpt>
  <wpt lat="51.539699782306442" lon="4.613460435392807">
    <name>389.7</name>
  </wpt>
  <wpt lat="51.539572188322914" lon="4.6122038004303523">
    <name>389.8</name>
  </wpt>
  <wpt lat="51.539485376543944" lon="4.6107654275251884">
    <name>389.9</name>
  </wpt>
  <wpt lat="51.539206913589865" lon="4.6093940729693177">
    <name>390.0</name>
  </wpt>
  <wpt lat="51.539204000052173" lon="4.6079576251998589">
    <name>390.1</name>
  </wpt>
  <wpt lat="51.539033204712439" lon="4.6065415603354731">
    <name>390.2</name>
  </wpt>
  <wpt lat="51.538730228406926" lon="4.6051807582629047">
    <name>390.3</name>
  </wpt>
  <wpt lat="51.538431199065386" lon="4.60381714863004">
    <name>390.4</name>
  </wpt>
  <wpt lat="51.53831158353006" lon="4.6023868005089108">
    <name>390.5</name>
  </wpt>
  <wpt lat="51.538242965618245" lon="4.6009466508309949">
    <name>390.6</name>
  </wpt>
  <wpt lat="51.538131827954814" lon="4.5995228994959891">
    <name>390.7</name>
  </wpt>
  <wpt lat="51.5376741941972" lon="4.5982782437549412">
    <name>390.8</name>
  </wpt>
  <wpt lat="51.537242491493934" lon="4.5970129658385934">
    <name>390.9</name>
  </wpt>
  <wpt lat="51.536955792292837" lon="4.5956467244370813">
    <name>391.0</name>
  </wpt>
  <wpt lat="51.536971453055" lon="4.5944535471313763">
    <name>391.1</name>
  </wpt>
  <wpt lat="51.537805078964638" lon="4.5939513155001785">
    <name>391.2</name>
  </wpt>
  <wpt lat="51.538696277633171" lon="4.5937601677059936">
    <name>391.3</name>
  </wpt>
  <wpt lat="51.539590057744377" lon="4.5936160000000177">
    <name>391.4</name>
  </wpt>
  <wpt lat="51.540486864334845" lon="4.5935218156828386">
    <name>391.5</name>
  </wpt>
  <wpt lat="51.541373599207077" lon="4.593282859321012">
    <name>391.6</name>
  </wpt>
  <wpt lat="51.542205450312089" lon="4.5931710994111254">
    <name>391.7</name>
  </wpt>
  <wpt lat="51.543030324064773" lon="4.592737254707651">
    <name>391.8</name>
  </wpt>
  <wpt lat="51.543916573299207" lon="4.59249159748788">
    <name>391.9</name>
  </wpt>
  <wpt lat="51.544799848993705" lon="4.59222167123726">
    <name>392.0</name>
  </wpt>
  <wpt lat="51.545679561544816" lon="4.5919214948228682">
    <name>392.1</name>
  </wpt>
  <wpt lat="51.546543000007837" lon="4.5917034667955177">
    <name>392.2</name>
  </wpt>
  <wpt lat="51.54681766040764" lon="4.5904942602089021">
    <name>392.3</name>
  </wpt>
  <wpt lat="51.547196958381143" lon="4.5891846078945813">
    <name>392.4</name>
  </wpt>
  <wpt lat="51.54789500492658" lon="4.588324875091768">
    <name>392.5</name>
  </wpt>
  <wpt lat="51.54863596831445" lon="4.5875827660192678">
    <name>392.6</name>
  </wpt>
  <wpt lat="51.550299329349123" lon="4.586518317376501">
    <name>392.83</name>
  </wpt>
  <wpt lat="51.550873266260858" lon="4.5861716583152985">
    <name>392.9</name>
  </wpt>
  <wpt lat="51.5517272855008" lon="4.5857265063355683">
    <name>393.0</name>
  </wpt>
  <wpt lat="51.55257289478822" lon="4.5852396274508695">
    <name>393.1</name>
  </wpt>
  <wpt lat="51.553411740601511" lon="4.584720555074532">
    <name>393.2</name>
  </wpt>
  <wpt lat="51.554275422463064" lon="4.5844100000000028">
    <name>393.3</name>
  </wpt>
  <wpt lat="51.555158370163873" lon="4.5843508150443313">
    <name>393.4</name>
  </wpt>
  <wpt lat="51.5558834210122" lon="4.5836962243270953">
    <name>393.5</name>
  </wpt>
  <wpt lat="51.556738787338183" lon="4.583256797033334">
    <name>393.6</name>
  </wpt>
  <wpt lat="51.557602262821518" lon="4.58285668841525">
    <name>393.7</name>
  </wpt>
  <wpt lat="51.558429918744224" lon="4.5822933880883339">
    <name>393.8</name>
  </wpt>
  <wpt lat="51.5592910001597" lon="4.5818870000856728">
    <name>393.9</name>
  </wpt>
  <wpt lat="51.56015459127687" lon="4.5814900910894156">
    <name>394.0</name>
  </wpt>
  <wpt lat="51.561051683640862" lon="4.5814185501735487">
    <name>394.1</name>
  </wpt>
  <wpt lat="51.561939576594092" lon="4.5815871495758484">
    <name>394.2</name>
  </wpt>
  <wpt lat="51.56272200008268" lon="4.5820626013784453">
    <name>394.3</name>
  </wpt>
  <wpt lat="51.56279242285558" lon="4.583504030322068">
    <name>394.4</name>
  </wpt>
  <wpt lat="51.562964407946353" lon="4.5849172615968028">
    <name>394.5</name>
  </wpt>
  <wpt lat="51.563326597849724" lon="4.5862412773679209">
    <name>394.6</name>
  </wpt>
  <wpt lat="51.563711638484776" lon="4.5875466115802448">
    <name>394.7</name>
  </wpt>
  <wpt lat="51.56422795201587" lon="4.5887221364163358">
    <name>394.8</name>
  </wpt>
  <wpt lat="51.565078142775768" lon="4.5887133756457406">
    <name>394.9</name>
  </wpt>
  <wpt lat="51.565957836509583" lon="4.5889872415576409">
    <name>395.0</name>
  </wpt>
  <wpt lat="51.566829912301031" lon="4.5893329369687885">
    <name>395.1</name>
  </wpt>
  <wpt lat="51.567719182315038" lon="4.5895480884021316">
    <name>395.2</name>
  </wpt>
  <wpt lat="51.568613053280522" lon="4.5896935656383446">
    <name>395.3</name>
  </wpt>
  <wpt lat="51.569512087193466" lon="4.5897244710051339">
    <name>395.4</name>
  </wpt>
  <wpt lat="51.570408873313582" lon="4.5898149439002829">
    <name>395.5</name>
  </wpt>
  <wpt lat="51.571272680554891" lon="4.590214638678332">
    <name>395.6</name>
  </wpt>
  <wpt lat="51.572135815534175" lon="4.5906209583597271">
    <name>395.7</name>
  </wpt>
  <wpt lat="51.572996709376767" lon="4.5910393961028513">
    <name>395.8</name>
  </wpt>
  <wpt lat="51.573889001462156" lon="4.5911689999999856">
    <name>395.9</name>
  </wpt>
  <wpt lat="51.574749898165322" lon="4.5908124096046805">
    <name>396.0</name>
  </wpt>
  <wpt lat="51.575562045752172" lon="4.5901932274839519">
    <name>396.1</name>
  </wpt>
  <wpt lat="51.576449438549609" lon="4.5900238797778448">
    <name>396.2</name>
  </wpt>
  <wpt lat="51.577287559850085" lon="4.5898859628556776">
    <name>396.3</name>
  </wpt>
  <wpt lat="51.578111609972048" lon="4.5899073964961223">
    <name>396.4</name>
  </wpt>
  <wpt lat="51.578978113393482" lon="4.5895255590321007">
    <name>396.5</name>
  </wpt>
  <wpt lat="51.579661531940289" lon="4.5888339891593359">
    <name>396.6</name>
  </wpt>
  <wpt lat="51.580198758289775" lon="4.5876876208644344">
    <name>396.7</name>
  </wpt>
  <wpt lat="51.580882613169933" lon="4.5867940556328017">
    <name>396.8</name>
  </wpt>
  <wpt lat="51.581337828476038" lon="4.585546603984195">
    <name>396.9</name>
  </wpt>
  <wpt lat="51.5817959169518" lon="4.5843017079200283">
    <name>397.0</name>
  </wpt>
  <wpt lat="51.5823244035646" lon="4.5831467565192989">
    <name>397.1</name>
  </wpt>
  <wpt lat="51.581869144961978" lon="4.582020610457211">
    <name>397.2</name>
  </wpt>
  <wpt lat="51.581221841799483" lon="4.5810230831395158">
    <name>397.3</name>
  </wpt>
  <wpt lat="51.580458811820776" lon="4.5802603016998145">
    <name>397.4</name>
  </wpt>
  <wpt lat="51.579699790970558" lon="4.5794850002530136">
    <name>397.5</name>
  </wpt>
  <wpt lat="51.579394001190735" lon="4.5783380266818652">
    <name>397.6</name>
  </wpt>
  <wpt lat="51.579493473762" lon="4.5769001577980317">
    <name>397.7</name>
  </wpt>
  <wpt lat="51.57963041585252" lon="4.5754798512244">
    <name>397.8</name>
  </wpt>
  <wpt lat="51.579871966085179" lon="4.5740900838824841">
    <name>397.9</name>
  </wpt>
  <wpt lat="51.580194951310204" lon="4.5727401837631021">
    <name>398.0</name>
  </wpt>
  <wpt lat="51.580337738304344" lon="4.5713324937668611">
    <name>398.1</name>
  </wpt>
  <wpt lat="51.580417868634036" lon="4.5699022025944531">
    <name>398.2</name>
  </wpt>
  <wpt lat="51.580282197763729" lon="4.5684729716191868">
    <name>398.3</name>
  </wpt>
  <wpt lat="51.580367757572994" lon="4.5670351468786023">
    <name>398.4</name>
  </wpt>
  <wpt lat="51.580378359729977" lon="4.5656037897283825">
    <name>398.5</name>
  </wpt>
  <wpt lat="51.579536988767323" lon="4.5653858898887849">
    <name>398.6</name>
  </wpt>
  <wpt lat="51.57864165988854" lon="4.5652519503344173">
    <name>398.7</name>
  </wpt>
  <wpt lat="51.577880021659624" lon="4.5645468879663209">
    <name>398.8</name>
  </wpt>
  <wpt lat="51.577313008185939" lon="4.5634245498544193">
    <name>398.9</name>
  </wpt>
  <wpt lat="51.576787677126411" lon="4.5622505556430175">
    <name>399.0</name>
  </wpt>
  <wpt lat="51.57609725037306" lon="4.5613240894276963">
    <name>399.1</name>
  </wpt>
  <wpt lat="51.576006975636268" lon="4.5601974798797107">
    <name>399.2</name>
  </wpt>
  <wpt lat="51.5763295136373" lon="4.5588503194489114">
    <name>399.3</name>
  </wpt>
  <wpt lat="51.576091145269423" lon="4.5574820965384237">
    <name>399.4</name>
  </wpt>
  <wpt lat="51.575758816113641" lon="4.5561374661998926">
    <name>399.5</name>
  </wpt>
  <wpt lat="51.575586866449086" lon="4.5547243578947647">
    <name>399.6</name>
  </wpt>
  <wpt lat="51.5754829594619" lon="4.5532881860718586">
    <name>399.7</name>
  </wpt>
  <wpt lat="51.5753343457175" lon="4.5518617729808168">
    <name>399.8</name>
  </wpt>
  <wpt lat="51.575248358997044" lon="4.5504220341106718">
    <name>399.9</name>
  </wpt>
  <wpt lat="51.575194894469455" lon="4.548978900205217">
    <name>400.0</name>
  </wpt>
  <wpt lat="51.575370567221491" lon="4.5475640500388357">
    <name>400.1</name>
  </wpt>
  <wpt lat="51.575538385573239" lon="4.5461424119764171">
    <name>400.2</name>
  </wpt>
  <wpt lat="51.57514778698777" lon="4.5454557392574335">
    <name>400.3</name>
  </wpt>
  <wpt lat="51.574249807780333" lon="4.5453981485596318">
    <name>400.4</name>
  </wpt>
  <wpt lat="51.573760949136322" lon="4.5450623468398828">
    <name>400.5</name>
  </wpt>
  <wpt lat="51.574297763344909" lon="4.5439203603033631">
    <name>400.6</name>
  </wpt>
  <wpt lat="51.574642765204068" lon="4.5425840484280533">
    <name>400.7</name>
  </wpt>
  <wpt lat="51.575009953023908" lon="4.54126362256651">
    <name>400.8</name>
  </wpt>
  <wpt lat="51.575386963313584" lon="4.5399499567315083">
    <name>400.9</name>
  </wpt>
  <wpt lat="51.575506351681618" lon="4.5385432615262609">
    <name>401.0</name>
  </wpt>
  <wpt lat="51.5752993111474" lon="4.5371919665129967">
    <name>401.1</name>
  </wpt>
  <wpt lat="51.575674158899361" lon="4.5358779399388727">
    <name>401.2</name>
  </wpt>
  <wpt lat="51.575975336674951" lon="4.5345162283192657">
    <name>401.3</name>
  </wpt>
  <wpt lat="51.576267289611792" lon="4.5331475352083981">
    <name>401.4</name>
  </wpt>
  <wpt lat="51.576644783573336" lon="4.531844259474676">
    <name>401.5</name>
  </wpt>
  <wpt lat="51.577370992823759" lon="4.5310040029736136">
    <name>401.6</name>
  </wpt>
  <wpt lat="51.578103038734319" lon="4.5301641000191424">
    <name>401.7</name>
  </wpt>
  <wpt lat="51.57884149836444" lon="4.5293381497326282">
    <name>401.8</name>
  </wpt>
  <wpt lat="51.579656474304642" lon="4.5287386139883417">
    <name>401.9</name>
  </wpt>
  <wpt lat="51.580482420072812" lon="4.5281715068194979">
    <name>402.0</name>
  </wpt>
  <wpt lat="51.581322217291053" lon="4.5276623090492976">
    <name>402.1</name>
  </wpt>
  <wpt lat="51.582063830658996" lon="4.5269379506462668">
    <name>402.2</name>
  </wpt>
  <wpt lat="51.582789659937944" lon="4.5272091627890383">
    <name>402.3</name>
  </wpt>
  <wpt lat="51.58367929829123" lon="4.5270083860292134">
    <name>402.4</name>
  </wpt>
  <wpt lat="51.584449335099805" lon="4.5267786701622148">
    <name>402.5</name>
  </wpt>
  <wpt lat="51.584934037779185" lon="4.5279952678981807">
    <name>402.6</name>
  </wpt>
  <wpt lat="51.58553040967486" lon="4.5290784161210187">
    <name>402.7</name>
  </wpt>
  <wpt lat="51.586140105292507" lon="4.5301424010987583">
    <name>402.8</name>
  </wpt>
  <wpt lat="51.586773962005395" lon="4.5311688992530446">
    <name>402.9</name>
  </wpt>
  <wpt lat="51.587410872256122" lon="4.5321900778912561">
    <name>403.0</name>
  </wpt>
  <wpt lat="51.588037082946073" lon="4.5332165869635466">
    <name>403.1</name>
  </wpt>
  <wpt lat="51.5887385772991" lon="4.5327338972402424">
    <name>403.2</name>
  </wpt>
  <wpt lat="51.58878072796098" lon="4.5312935439941047">
    <name>403.3</name>
  </wpt>
  <wpt lat="51.588759181130136" lon="4.5298475067175286">
    <name>403.4</name>
  </wpt>
  <wpt lat="51.588771000170787" lon="4.5284003744396877">
    <name>403.5</name>
  </wpt>
  <wpt lat="51.588779461476442" lon="4.5269546817374842">
    <name>403.6</name>
  </wpt>
  <wpt lat="51.588809895313688" lon="4.5255121609631779">
    <name>403.7</name>
  </wpt>
  <wpt lat="51.589053676487559" lon="4.524121070971364">
    <name>403.8</name>
  </wpt>
  <wpt lat="51.589366460166239" lon="4.5227730798094008">
    <name>403.9</name>
  </wpt>
  <wpt lat="51.589674453578773" lon="4.521421043175871">
    <name>404.0</name>
  </wpt>
  <wpt lat="51.589967725624277" lon="4.5200526589729932">
    <name>404.1</name>
  </wpt>
  <wpt lat="51.590276080880564" lon="4.51870391913146">
    <name>404.2</name>
  </wpt>
  <wpt lat="51.590201346307431" lon="4.5174096417816187">
    <name>404.3</name>
  </wpt>
  <wpt lat="51.590072967298759" lon="4.5159791426165068">
    <name>404.4</name>
  </wpt>
  <wpt lat="51.589922831354443" lon="4.5145519368491032">
    <name>404.5</name>
  </wpt>
  <wpt lat="51.589772695410176" lon="4.5131247357984874">
    <name>404.6</name>
  </wpt>
  <wpt lat="51.589651084421277" lon="4.511691348713236">
    <name>404.7</name>
  </wpt>
  <wpt lat="51.589630003274607" lon="4.51024625584105">
    <name>404.8</name>
  </wpt>
  <wpt lat="51.589625185592389" lon="4.5087991229652653">
    <name>404.9</name>
  </wpt>
  <wpt lat="51.589385210284632" lon="4.5074278986213026">
    <name>405.0</name>
  </wpt>
  <wpt lat="51.589055718315166" lon="4.5060813801197686">
    <name>405.1</name>
  </wpt>
  <wpt lat="51.588755598351376" lon="4.5047174455210319">
    <name>405.2</name>
  </wpt>
  <wpt lat="51.5883980699637" lon="4.5033894859351857">
    <name>405.3</name>
  </wpt>
  <wpt lat="51.588029868566174" lon="4.5020714887531366">
    <name>405.4</name>
  </wpt>
  <wpt lat="51.587563017958466" lon="4.5008452697453185">
    <name>405.5</name>
  </wpt>
  <wpt lat="51.587049711796737" lon="4.49965676777683">
    <name>405.6</name>
  </wpt>
  <wpt lat="51.586529686674062" lon="4.4984760872493874">
    <name>405.7</name>
  </wpt>
  <wpt lat="51.585773709423457" lon="4.4977057393196649">
    <name>405.8</name>
  </wpt>
  <wpt lat="51.585058073368707" lon="4.4968416929680863">
    <name>405.9</name>
  </wpt>
  <wpt lat="51.584673000212" lon="4.495595373463007">
    <name>406.0</name>
  </wpt>
  <wpt lat="51.584849601670868" lon="4.4941828853977972">
    <name>406.1</name>
  </wpt>
  <wpt lat="51.585145424993144" lon="4.4928161678687761">
    <name>406.2</name>
  </wpt>
  <wpt lat="51.585424000088516" lon="4.491455145179704">
    <name>406.3</name>
  </wpt>
  <wpt lat="51.585824561983088" lon="4.4903326350823347">
    <name>406.4</name>
  </wpt>
  <wpt lat="51.585881499458317" lon="4.4890086510203808">
    <name>406.5</name>
  </wpt>
  <wpt lat="51.585818156989262" lon="4.4875758520097158">
    <name>406.6</name>
  </wpt>
  <wpt lat="51.585472918180741" lon="4.4862414015174439">
    <name>406.7</name>
  </wpt>
  <wpt lat="51.585112939021286" lon="4.4849150419326831">
    <name>406.8</name>
  </wpt>
  <wpt lat="51.584753073404521" lon="4.4835886124470656">
    <name>406.9</name>
  </wpt>
  <wpt lat="51.584392503120739" lon="4.4822626998871788">
    <name>407.0</name>
  </wpt>
  <wpt lat="51.58403439838353" lon="4.4809351948100264">
    <name>407.1</name>
  </wpt>
  <wpt lat="51.58378165261788" lon="4.4795493422571475">
    <name>407.2</name>
  </wpt>
  <wpt lat="51.583625018326018" lon="4.4781245514505121">
    <name>407.3</name>
  </wpt>
  <wpt lat="51.583550088925094" lon="4.4767001778307725">
    <name>407.4</name>
  </wpt>
  <wpt lat="51.583500712331663" lon="4.4752742564265127">
    <name>407.5</name>
  </wpt>
  <wpt lat="51.583517681500773" lon="4.473827201481849">
    <name>407.6</name>
  </wpt>
  <wpt lat="51.583533634718457" lon="4.4723801158110925">
    <name>407.7</name>
  </wpt>
  <wpt lat="51.583579000070571" lon="4.4709363930783033">
    <name>407.8</name>
  </wpt>
  <wpt lat="51.583600000280462" lon="4.46948975958207">
    <name>407.9</name>
  </wpt>
  <wpt lat="51.5836308091747" lon="4.4680861152298075">
    <name>408.0</name>
  </wpt>
  <wpt lat="51.58778851651406" lon="4.4597205818834862">
    <name>409.05</name>
  </wpt>
  <wpt lat="51.587286720835763" lon="4.4596600842991583">
    <name>409.1</name>
  </wpt>
  <wpt lat="51.587015862837049" lon="4.4583479763334264">
    <name>409.2</name>
  </wpt>
  <wpt lat="51.586892187195886" lon="4.4569604207457747">
    <name>409.3</name>
  </wpt>
  <wpt lat="51.586665096946284" lon="4.455562049719485">
    <name>409.4</name>
  </wpt>
  <wpt lat="51.586207106206992" lon="4.4543241686422474">
    <name>409.5</name>
  </wpt>
  <wpt lat="51.585448463215727" lon="4.4535904664346795">
    <name>409.6</name>
  </wpt>
  <wpt lat="51.58480345898365" lon="4.4535440547727605">
    <name>409.7</name>
  </wpt>
  <wpt lat="51.584068268754734" lon="4.4543472964092654">
    <name>409.8</name>
  </wpt>
  <wpt lat="51.583185742162861" lon="4.4546238102964946">
    <name>409.9</name>
  </wpt>
  <wpt lat="51.5663547053364" lon="4.4713903511759092">
    <name>412.41</name>
  </wpt>
  <wpt lat="51.5663176746771" lon="4.4712798289177593">
    <name>412.4</name>
  </wpt>
  <wpt lat="51.565620737356205" lon="4.471143502917899">
    <name>412.5</name>
  </wpt>
  <wpt lat="51.564777028991472" lon="4.471644322656803">
    <name>412.6</name>
  </wpt>
  <wpt lat="51.563930949458531" lon="4.4721346792781542">
    <name>412.7</name>
  </wpt>
  <wpt lat="51.563090145035524" lon="4.4726474175051383">
    <name>412.8</name>
  </wpt>
  <wpt lat="51.562243319350358" lon="4.4731340188672561">
    <name>412.9</name>
  </wpt>
  <wpt lat="51.561587456276769" lon="4.47373398090897">
    <name>413.0</name>
  </wpt>
  <wpt lat="51.5612774414856" lon="4.4748003703052381">
    <name>413.1</name>
  </wpt>
  <wpt lat="51.560690765268539" lon="4.475870087028456">
    <name>413.2</name>
  </wpt>
  <wpt lat="51.560308686749721" lon="4.4771727513362132">
    <name>413.3</name>
  </wpt>
  <wpt lat="51.559920267639605" lon="4.4783121018451961">
    <name>413.4</name>
  </wpt>
  <wpt lat="51.559121096219791" lon="4.4776589675932081">
    <name>413.5</name>
  </wpt>
  <wpt lat="51.558335054196483" lon="4.4769561651177083">
    <name>413.6</name>
  </wpt>
  <wpt lat="51.557549012173226" lon="4.47625337478867">
    <name>413.7</name>
  </wpt>
  <wpt lat="51.556764177090848" lon="4.4755471922926224">
    <name>413.8</name>
  </wpt>
  <wpt lat="51.556023491302462" lon="4.4747524738255384">
    <name>413.9</name>
  </wpt>
  <wpt lat="51.5558614845731" lon="4.4736029999999989">
    <name>414.0</name>
  </wpt>
  <wpt lat="51.554962295315939" lon="4.4736239999999547">
    <name>414.1</name>
  </wpt>
  <wpt lat="51.554077022426519" lon="4.47365817351553">
    <name>414.2</name>
  </wpt>
  <wpt lat="51.553181065055078" lon="4.4735361701768905">
    <name>414.3</name>
  </wpt>
  <wpt lat="51.552287425042586" lon="4.47338800000004">
    <name>414.4</name>
  </wpt>
  <wpt lat="51.551393724518576" lon="4.473248833755993">
    <name>414.5</name>
  </wpt>
  <wpt lat="51.550507570128062" lon="4.4730036909352195">
    <name>414.6</name>
  </wpt>
  <wpt lat="51.54961938081" lon="4.47278700000003">
    <name>414.7</name>
  </wpt>
  <wpt lat="51.548755602666446" lon="4.4731163915766432">
    <name>414.8</name>
  </wpt>
  <wpt lat="51.547911901262225" lon="4.4736045319296824">
    <name>414.9</name>
  </wpt>
  <wpt lat="51.547042053397014" lon="4.4739080801698847">
    <name>415.0</name>
  </wpt>
  <wpt lat="51.546212221725412" lon="4.4744447195320936">
    <name>415.1</name>
  </wpt>
  <wpt lat="51.545347552582776" lon="4.4747829999999835">
    <name>415.2</name>
  </wpt>
  <wpt lat="51.544473353298564" lon="4.4744886763287317">
    <name>415.3</name>
  </wpt>
  <wpt lat="51.543841539440841" lon="4.4746296593861183">
    <name>415.4</name>
  </wpt>
  <wpt lat="51.54354834901352" lon="4.4759966143289418">
    <name>415.5</name>
  </wpt>
  <wpt lat="51.542758694311281" lon="4.4762837527933366">
    <name>415.6</name>
  </wpt>
  <wpt lat="51.541859446844022" lon="4.4762971513711109">
    <name>415.7</name>
  </wpt>
  <wpt lat="51.540960402463043" lon="4.47632799999996">
    <name>415.8</name>
  </wpt>
  <wpt lat="51.540061198483393" lon="4.4763429162272876">
    <name>415.9</name>
  </wpt>
  <wpt lat="51.539170570696129" lon="4.4765060000976069">
    <name>416.0</name>
  </wpt>
  <wpt lat="51.538287714888092" lon="4.4764684391464664">
    <name>416.1</name>
  </wpt>
  <wpt lat="51.537393260386246" lon="4.4765639999999776">
    <name>416.2</name>
  </wpt>
  <wpt lat="51.536544285532379" lon="4.4765635714904093">
    <name>416.3</name>
  </wpt>
  <wpt lat="51.535649286677305" lon="4.4764229632664305">
    <name>416.4</name>
  </wpt>
  <wpt lat="51.534759775299115" lon="4.476216080197025">
    <name>416.5</name>
  </wpt>
  <wpt lat="51.533897801457648" lon="4.4758769999999837">
    <name>416.6</name>
  </wpt>
  <wpt lat="51.533014264794843" lon="4.47569905467444">
    <name>416.7</name>
  </wpt>
  <wpt lat="51.532130991874887" lon="4.4754271560385064">
    <name>416.8</name>
  </wpt>
  <wpt lat="51.53172031596997" lon="4.47661095743714">
    <name>416.9</name>
  </wpt>
  <wpt lat="51.531309259100553" lon="4.4778967530936225">
    <name>417.0</name>
  </wpt>
  <wpt lat="51.530886422887079" lon="4.4791700877092673">
    <name>417.1</name>
  </wpt>
  <wpt lat="51.530500395684392" lon="4.4804525902617724">
    <name>417.2</name>
  </wpt>
  <wpt lat="51.529728594767832" lon="4.4811626306494308">
    <name>417.3</name>
  </wpt>
  <wpt lat="51.528942760264933" lon="4.4818634765171028">
    <name>417.4</name>
  </wpt>
  <wpt lat="51.528158980117553" lon="4.482572314026207">
    <name>417.5</name>
  </wpt>
  <wpt lat="51.527368681577272" lon="4.4832606746846944">
    <name>417.6</name>
  </wpt>
  <wpt lat="51.526499600249814" lon="4.48353768813722">
    <name>417.7</name>
  </wpt>
  <wpt lat="51.525610145393571" lon="4.48333340400693">
    <name>417.8</name>
  </wpt>
  <wpt lat="51.52471883899743" lon="4.4831408698247355">
    <name>417.9</name>
  </wpt>
  <wpt lat="51.523889912738653" lon="4.4826901876658827">
    <name>418.0</name>
  </wpt>
  <wpt lat="51.523593570049243" lon="4.4813434645872032">
    <name>418.1</name>
  </wpt>
  <wpt lat="51.523329725780258" lon="4.4799616671537095">
    <name>418.2</name>
  </wpt>
  <wpt lat="51.5202389867829" lon="4.47924099698102">
    <name>418.83</name>
  </wpt>
  <wpt lat="51.519525324149683" lon="4.4794332268820423">
    <name>418.9</name>
  </wpt>
  <wpt lat="51.5186633185962" lon="4.4798451717764136">
    <name>419.0</name>
  </wpt>
  <wpt lat="51.517800084542507" lon="4.4802500735788477">
    <name>419.1</name>
  </wpt>
  <wpt lat="51.517070345173224" lon="4.480138443234174">
    <name>419.2</name>
  </wpt>
  <wpt lat="51.516811349016074" lon="4.4787551345421592">
    <name>419.3</name>
  </wpt>
  <wpt lat="51.516573779485135" lon="4.4773621610798049">
    <name>419.4</name>
  </wpt>
  <wpt lat="51.516321771921405" lon="4.4759753341059358">
    <name>419.5</name>
  </wpt>
  <wpt lat="51.526023650379692" lon="4.46579200000003">
    <name>421.25</name>
  </wpt>
  <wpt lat="51.52662430838803" lon="4.46568446374707">
    <name>421.3</name>
  </wpt>
  <wpt lat="51.5275099939755" lon="4.4655252837310915">
    <name>421.4</name>
  </wpt>
  <wpt lat="51.528386275855006" lon="4.4652001750673262">
    <name>421.5</name>
  </wpt>
  <wpt lat="51.529219221278375" lon="4.4648077768444532">
    <name>421.6</name>
  </wpt>
  <wpt lat="51.530005903712549" lon="4.4651416879334951">
    <name>421.7</name>
  </wpt>
  <wpt lat="51.530271109283774" lon="4.4638041152322652">
    <name>421.8</name>
  </wpt>
  <wpt lat="51.530647877407716" lon="4.4624915139797023">
    <name>421.9</name>
  </wpt>
  <wpt lat="51.531010406808953" lon="4.4611707263039584">
    <name>422.0</name>
  </wpt>
  <wpt lat="51.531451284217191" lon="4.4599143322723371">
    <name>422.1</name>
  </wpt>
  <wpt lat="51.530229949126522" lon="4.4469514937305386">
    <name>423.44</name>
  </wpt>
  <wpt lat="51.529524538460805" lon="4.4468648490469809">
    <name>423.5</name>
  </wpt>
  <wpt lat="51.528627742881881" lon="4.4467720764714631">
    <name>423.6</name>
  </wpt>
  <wpt lat="51.527753337494424" lon="4.4466483747272081">
    <name>423.7</name>
  </wpt>
  <wpt lat="51.527572587722553" lon="4.4453793353916291">
    <name>423.8</name>
  </wpt>
  <wpt lat="51.527500926860185" lon="4.4439702960006384">
    <name>423.9</name>
  </wpt>
  <wpt lat="51.527405007165093" lon="4.4425330131820955">
    <name>424.0</name>
  </wpt>
  <wpt lat="51.527275035247129" lon="4.4411034143639245">
    <name>424.1</name>
  </wpt>
  <wpt lat="51.527082174590944" lon="4.43969190034954">
    <name>424.2</name>
  </wpt>
  <wpt lat="51.5269054092454" lon="4.4382746530605681">
    <name>424.3</name>
  </wpt>
  <wpt lat="51.526566633199359" lon="4.4374542521668809">
    <name>424.4</name>
  </wpt>
  <wpt lat="51.525686647236867" lon="4.4377514641447222">
    <name>424.5</name>
  </wpt>
  <wpt lat="51.524806304729225" lon="4.4379915763342677">
    <name>424.6</name>
  </wpt>
  <wpt lat="51.5239401947837" lon="4.4383283859358666">
    <name>424.7</name>
  </wpt>
  <wpt lat="51.523064779668339" lon="4.4386559770352827">
    <name>424.8</name>
  </wpt>
  <wpt lat="51.522187391280312" lon="4.4388735386136791">
    <name>424.9</name>
  </wpt>
  <wpt lat="51.52131362288263" lon="4.4391860415428441">
    <name>425.0</name>
  </wpt>
  <wpt lat="51.5205951135474" lon="4.4388678824802152">
    <name>425.1</name>
  </wpt>
  <wpt lat="51.520055583548839" lon="4.4377115633656574">
    <name>425.2</name>
  </wpt>
  <wpt lat="51.519626231762217" lon="4.4364499255005061">
    <name>425.3</name>
  </wpt>
  <wpt lat="51.519186701101049" lon="4.4351896022369734">
    <name>425.4</name>
  </wpt>
  <wpt lat="51.518769155167469" lon="4.4339095584727728">
    <name>425.5</name>
  </wpt>
  <wpt lat="51.518362336394638" lon="4.4326224202902162">
    <name>425.6</name>
  </wpt>
  <wpt lat="51.518035000977783" lon="4.4312780162802614">
    <name>425.7</name>
  </wpt>
  <wpt lat="51.5175338384884" lon="4.43026852969947">
    <name>425.8</name>
  </wpt>
  <wpt lat="51.517147096452" lon="4.4290529127961884">
    <name>425.9</name>
  </wpt>
  <wpt lat="51.516551241623688" lon="4.4279831978829867">
    <name>426.0</name>
  </wpt>
  <wpt lat="51.515754211089693" lon="4.427337161554477">
    <name>426.1</name>
  </wpt>
  <wpt lat="51.514867793862628" lon="4.4272195979679942">
    <name>426.2</name>
  </wpt>
  <wpt lat="51.514087418560635" lon="4.427405673429349">
    <name>426.3</name>
  </wpt>
  <wpt lat="51.507376527721988" lon="4.416362959813692">
    <name>427.42</name>
  </wpt>
  <wpt lat="51.506691008403983" lon="4.4155776026976286">
    <name>427.5</name>
  </wpt>
  <wpt lat="51.506036238490957" lon="4.4145902775392347">
    <name>427.6</name>
  </wpt>
  <wpt lat="51.505391082365811" lon="4.4135836843349905">
    <name>427.7</name>
  </wpt>
  <wpt lat="51.504710669033827" lon="4.4126396764053153">
    <name>427.8</name>
  </wpt>
  <wpt lat="51.50407203079579" lon="4.4116224639670341">
    <name>427.9</name>
  </wpt>
  <wpt lat="51.503453683352717" lon="4.4105761128123087">
    <name>428.0</name>
  </wpt>
  <wpt lat="51.502858452772237" lon="4.4095411550693653">
    <name>428.1</name>
  </wpt>
  <wpt lat="51.5020565666034" lon="4.4088991331786573">
    <name>428.2</name>
  </wpt>
  <wpt lat="51.501811680060442" lon="4.40754124038775">
    <name>428.3</name>
  </wpt>
  <wpt lat="51.501690802480944" lon="4.4061096350705027">
    <name>428.4</name>
  </wpt>
  <wpt lat="51.501546497918255" lon="4.40468467208828">
    <name>428.5</name>
  </wpt>
  <wpt lat="51.501176942939054" lon="4.40337297848338">
    <name>428.6</name>
  </wpt>
  <wpt lat="51.500719673248625" lon="4.4021289777931916">
    <name>428.7</name>
  </wpt>
  <wpt lat="51.500262403558295" lon="4.4008849895846192">
    <name>428.8</name>
  </wpt>
  <wpt lat="51.4998100393617" lon="4.3996364053575894">
    <name>428.9</name>
  </wpt>
  <wpt lat="51.49916768881522" lon="4.3991019999999921">
    <name>429.0</name>
  </wpt>
  <wpt lat="51.498270244534339" lon="4.3990486581947055">
    <name>429.1</name>
  </wpt>
  <wpt lat="51.497457037019615" lon="4.3986668533148308">
    <name>429.2</name>
  </wpt>
  <wpt lat="51.496621172705332" lon="4.3987331860127652">
    <name>429.3</name>
  </wpt>
  <wpt lat="51.495727701708518" lon="4.3986002207169506">
    <name>429.4</name>
  </wpt>
  <wpt lat="51.494830699873816" lon="4.3984965346746385">
    <name>429.5</name>
  </wpt>
  <wpt lat="51.493939366169357" lon="4.398331508993043">
    <name>429.6</name>
  </wpt>
  <wpt lat="51.493043431839638" lon="4.3982062592308919">
    <name>429.7</name>
  </wpt>
  <wpt lat="51.492147497509926" lon="4.3980810119302358">
    <name>429.8</name>
  </wpt>
  <wpt lat="51.491250419697927" lon="4.3979963511941467">
    <name>429.9</name>
  </wpt>
  <wpt lat="51.490357179673765" lon="4.3978812967306622">
    <name>430.0</name>
  </wpt>
  <wpt lat="51.489469449833869" lon="4.3981124487347367">
    <name>430.1</name>
  </wpt>
  <wpt lat="51.488582439205793" lon="4.3983499470901961">
    <name>430.2</name>
  </wpt>
  <wpt lat="51.487694622246842" lon="4.3985774271554936">
    <name>430.3</name>
  </wpt>
  <wpt lat="51.486828686927872" lon="4.39859827064071">
    <name>430.4</name>
  </wpt>
  <wpt lat="51.486242037401496" lon="4.3989318937952051">
    <name>430.5</name>
  </wpt>
  <wpt lat="51.48535484277722" lon="4.3986967103379229">
    <name>430.6</name>
  </wpt>
  <wpt lat="51.484467019524033" lon="4.3984665280165762">
    <name>430.7</name>
  </wpt>
  <wpt lat="51.483579245516353" lon="4.3982358468552007">
    <name>430.8</name>
  </wpt>
  <wpt lat="51.48269116274291" lon="4.39800825234571">
    <name>430.9</name>
  </wpt>
  <wpt lat="51.481803995440828" lon="4.3977721293878913">
    <name>431.0</name>
  </wpt>
  <wpt lat="51.480915331185663" lon="4.3975861013344089">
    <name>431.1</name>
  </wpt>
  <wpt lat="51.480033091064911" lon="4.3978569999999806">
    <name>431.2</name>
  </wpt>
  <wpt lat="51.479136171941811" lon="4.3977533622813372">
    <name>431.3</name>
  </wpt>
  <wpt lat="51.478239338849193" lon="4.39764601543911">
    <name>431.4</name>
  </wpt>
  <wpt lat="51.477342505756567" lon="4.3975386707075508">
    <name>431.5</name>
  </wpt>
  <wpt lat="51.476445672663935" lon="4.3974313280865562">
    <name>431.6</name>
  </wpt>
  <wpt lat="51.475548811025945" lon="4.3973246069175511">
    <name>431.7</name>
  </wpt>
  <wpt lat="51.474651903466821" lon="4.3972188845259694">
    <name>431.8</name>
  </wpt>
  <wpt lat="51.473755238599239" lon="4.3971082030861979">
    <name>431.9</name>
  </wpt>
  <wpt lat="51.472859047342922" lon="4.3969878417847879">
    <name>432.0</name>
  </wpt>
  <wpt lat="51.471962856086613" lon="4.3968674828477763">
    <name>432.1</name>
  </wpt>
  <wpt lat="51.471065603327695" lon="4.3967733676773824">
    <name>432.2</name>
  </wpt>
  <wpt lat="51.470169102179064" lon="4.3966608699992129">
    <name>432.3</name>
  </wpt>
  <wpt lat="51.4692728733368" lon="4.3965412416608531">
    <name>432.4</name>
  </wpt>
  <wpt lat="51.468376591718943" lon="4.3964226721079767">
    <name>432.5</name>
  </wpt>
  <wpt lat="51.467481240148274" lon="4.3962896413088171">
    <name>432.6</name>
  </wpt>
  <wpt lat="51.466587783543268" lon="4.3961250398014631">
    <name>432.7</name>
  </wpt>
  <wpt lat="51.465690609269394" lon="4.3960303110529129">
    <name>432.8</name>
  </wpt>
  <wpt lat="51.464792704313489" lon="4.3959493171889">
    <name>432.9</name>
  </wpt>
  <wpt lat="51.46389522147215" lon="4.395857216671609">
    <name>433.0</name>
  </wpt>
  <wpt lat="51.462998108423065" lon="4.3957561140680683">
    <name>433.1</name>
  </wpt>
  <wpt lat="51.462102993507656" lon="4.3956181260211666">
    <name>433.2</name>
  </wpt>
  <wpt lat="51.461212991267367" lon="4.3954132474667826">
    <name>433.3</name>
  </wpt>
  <wpt lat="51.460893509514108" lon="4.394188362096382">
    <name>433.4</name>
  </wpt>
  <wpt lat="51.460307345697395" lon="4.3930938967168061">
    <name>433.5</name>
  </wpt>
  <wpt lat="51.459720118960227" lon="4.3920006900970625">
    <name>433.6</name>
  </wpt>
  <wpt lat="51.459128367576739" lon="4.3909148422852615">
    <name>433.7</name>
  </wpt>
  <wpt lat="51.458331275825081" lon="4.3902568407999105">
    <name>433.8</name>
  </wpt>
  <wpt lat="51.457522122544319" lon="4.3896269270169643">
    <name>433.9</name>
  </wpt>
  <wpt lat="51.456712969263606" lon="4.3889970244004628">
    <name>434.0</name>
  </wpt>
  <wpt lat="51.455902602096216" lon="4.3883712236755139">
    <name>434.1</name>
  </wpt>
  <wpt lat="51.455087835410907" lon="4.3877602637663813">
    <name>434.2</name>
  </wpt>
  <wpt lat="51.454275902452913" lon="4.3871399978230459">
    <name>434.3</name>
  </wpt>
  <wpt lat="51.453473785630635" lon="4.3864873941402989">
    <name>434.4</name>
  </wpt>
  <wpt lat="51.452692755830732" lon="4.3857868253483021">
    <name>434.5</name>
  </wpt>
  <wpt lat="51.452381220473065" lon="4.3845044573888314">
    <name>434.6</name>
  </wpt>
  <wpt lat="51.452622856967537" lon="4.3831146216732328">
    <name>434.7</name>
  </wpt>
  <wpt lat="51.452243050271427" lon="4.3822685017859273">
    <name>434.8</name>
  </wpt>
  <wpt lat="51.451385389056561" lon="4.3818343545047336">
    <name>434.9</name>
  </wpt>
  <wpt lat="51.4505410000028" lon="4.3813520759006392">
    <name>435.0</name>
  </wpt>
  <wpt lat="51.449891724253753" lon="4.3807185874937122">
    <name>435.1</name>
  </wpt>
  <wpt lat="51.449030660423865" lon="4.38030216611488">
    <name>435.2</name>
  </wpt>
  <wpt lat="51.448188807652414" lon="4.3798085860846143">
    <name>435.3</name>
  </wpt>
  <wpt lat="51.447329157200357" lon="4.3794287393512423">
    <name>435.4</name>
  </wpt>
  <wpt lat="51.446462370517267" lon="4.3790494385132135">
    <name>435.5</name>
  </wpt>
  <wpt lat="51.445578891278451" lon="4.3787812300003832">
    <name>435.6</name>
  </wpt>
  <wpt lat="51.4446927830728" lon="4.3785347924852092">
    <name>435.7</name>
  </wpt>
  <wpt lat="51.443806674867169" lon="4.37828835975186">
    <name>435.8</name>
  </wpt>
  <wpt lat="51.442920566661549" lon="4.3780419318000279">
    <name>435.9</name>
  </wpt>
  <wpt lat="51.44203427461801" lon="4.3777972861068717">
    <name>436.0</name>
  </wpt>
  <wpt lat="51.441146001735724" lon="4.3775718180749186">
    <name>436.1</name>
  </wpt>
  <wpt lat="51.44025676996317" lon="4.3773755406610748">
    <name>436.2</name>
  </wpt>
  <wpt lat="51.439389273853216" lon="4.3770140065321792">
    <name>436.3</name>
  </wpt>
  <wpt lat="51.438550466659088" lon="4.3764982198695339">
    <name>436.4</name>
  </wpt>
  <wpt lat="51.437802991426871" lon="4.3757198927717509">
    <name>436.5</name>
  </wpt>
  <wpt lat="51.437228386689107" lon="4.3746555157326839">
    <name>436.6</name>
  </wpt>
  <wpt lat="51.43654598912147" lon="4.373916653954506">
    <name>436.7</name>
  </wpt>
  <wpt lat="51.435715120444854" lon="4.3744350661005136">
    <name>436.8</name>
  </wpt>
  <wpt lat="51.434901916167163" lon="4.3750501989546891">
    <name>436.9</name>
  </wpt>
  <wpt lat="51.43411004081387" lon="4.3756979682341157">
    <name>437.0</name>
  </wpt>
  <wpt lat="51.433357800994308" lon="4.376398396074209">
    <name>437.1</name>
  </wpt>
  <wpt lat="51.432561831430924" lon="4.3768250244721267">
    <name>437.2</name>
  </wpt>
  <wpt lat="51.431695521736287" lon="4.3767703592448566">
    <name>437.3</name>
  </wpt>
  <wpt lat="51.430855821790075" lon="4.3770650000000053">
    <name>437.4</name>
  </wpt>
  <wpt lat="51.430293488833719" lon="4.3759837740768353">
    <name>437.5</name>
  </wpt>
  <wpt lat="51.429819466798072" lon="4.3747580907658223">
    <name>437.6</name>
  </wpt>
  <wpt lat="51.429357487778567" lon="4.3735206134406122">
    <name>437.7</name>
  </wpt>
  <wpt lat="51.4288885671197" lon="4.3722897971491381">
    <name>437.8</name>
  </wpt>
  <wpt lat="51.428421746917891" lon="4.3710569411025029">
    <name>437.9</name>
  </wpt>
  <wpt lat="51.427955919416064" lon="4.3698231300637413">
    <name>438.0</name>
  </wpt>
  <wpt lat="51.42748747876626" lon="4.3685919311865495">
    <name>438.1</name>
  </wpt>
  <wpt lat="51.427158081476449" lon="4.3673053084484508">
    <name>438.2</name>
  </wpt>
  <wpt lat="51.426463307127108" lon="4.3668556620583487">
    <name>438.3</name>
  </wpt>
  <wpt lat="51.42572058228501" lon="4.3660443277958167">
    <name>438.4</name>
  </wpt>
  <wpt lat="51.4249154162697" lon="4.3654022599427851">
    <name>438.5</name>
  </wpt>
  <wpt lat="51.424087653355407" lon="4.3648384958359348">
    <name>438.6</name>
  </wpt>
  <wpt lat="51.423317259365689" lon="4.36410091742185">
    <name>438.7</name>
  </wpt>
  <wpt lat="51.422725579472306" lon="4.36306950069781">
    <name>438.8</name>
  </wpt>
  <wpt lat="51.422072441333405" lon="4.36207823650132">
    <name>438.9</name>
  </wpt>
  <wpt lat="51.421413925281058" lon="4.3610960361153168">
    <name>439.0</name>
  </wpt>
  <wpt lat="51.420643960264478" lon="4.3603654337717082">
    <name>439.1</name>
  </wpt>
  <wpt lat="51.419827902943631" lon="4.3597627940891979">
    <name>439.2</name>
  </wpt>
  <wpt lat="51.419004850610278" lon="4.3591815986903386">
    <name>439.3</name>
  </wpt>
  <wpt lat="51.418181798276962" lon="4.3586004137567755">
    <name>439.4</name>
  </wpt>
  <wpt lat="51.417355692432444" lon="4.3580306674421276">
    <name>439.5</name>
  </wpt>
  <wpt lat="51.416548030919841" lon="4.3574261304467949">
    <name>439.6</name>
  </wpt>
  <wpt lat="51.41573603562879" lon="4.3568273334894858">
    <name>439.7</name>
  </wpt>
  <wpt lat="51.4149460212824" lon="4.3561383204548578">
    <name>439.8</name>
  </wpt>
  <wpt lat="51.414120766653319" lon="4.3556121526565352">
    <name>439.9</name>
  </wpt>
  <wpt lat="51.413344618607489" lon="4.3548842732932656">
    <name>440.0</name>
  </wpt>
  <wpt lat="51.412594174401484" lon="4.3540898220983184">
    <name>440.1</name>
  </wpt>
  <wpt lat="51.411851617018932" lon="4.3532765333755714">
    <name>440.2</name>
  </wpt>
  <wpt lat="51.411115344352879" lon="4.3524488958231178">
    <name>440.3</name>
  </wpt>
  <wpt lat="51.410403993913683" lon="4.3515667292845155">
    <name>440.4</name>
  </wpt>
  <wpt lat="51.409694095448913" lon="4.3506815784704358">
    <name>440.5</name>
  </wpt>
  <wpt lat="51.409268235926078" lon="4.3495485954011883">
    <name>440.6</name>
  </wpt>
  <wpt lat="51.408591622769308" lon="4.3497705848217088">
    <name>440.7</name>
  </wpt>
  <wpt lat="51.407866789121172" lon="4.350623276217922">
    <name>440.8</name>
  </wpt>
  <wpt lat="51.407100012953165" lon="4.3513750699792775">
    <name>440.9</name>
  </wpt>
  <wpt lat="51.406322070463325" lon="4.3520983986133555">
    <name>441.0</name>
  </wpt>
  <wpt lat="51.4055426276369" lon="4.3528175458941245">
    <name>441.1</name>
  </wpt>
  <wpt lat="51.404759083266015" lon="4.353524958661902">
    <name>441.2</name>
  </wpt>
  <wpt lat="51.403968764089022" lon="4.3542129071746478">
    <name>441.3</name>
  </wpt>
  <wpt lat="51.403110758789744" lon="4.3546257116937674">
    <name>441.4</name>
  </wpt>
  <wpt lat="51.402231317308456" lon="4.3549271420127846">
    <name>441.5</name>
  </wpt>
  <wpt lat="51.401352147441479" lon="4.3552305998709864">
    <name>441.6</name>
  </wpt>
  <wpt lat="51.4004729775745" lon="4.3555340518961012">
    <name>441.7</name>
  </wpt>
  <wpt lat="51.399585198659423" lon="4.3557516467949045">
    <name>441.8</name>
  </wpt>
  <wpt lat="51.398688392678018" lon="4.3556546393655848">
    <name>441.9</name>
  </wpt>
  <wpt lat="51.397790821192686" lon="4.3555706568720431">
    <name>442.0</name>
  </wpt>
  <wpt lat="51.396907249792591" lon="4.3557411063804068">
    <name>442.1</name>
  </wpt>
  <wpt lat="51.396057998043396" lon="4.35620918882712">
    <name>442.2</name>
  </wpt>
  <wpt lat="51.395231493756967" lon="4.3567772605973358">
    <name>442.3</name>
  </wpt>
  <wpt lat="51.394410575866992" lon="4.35736580951139">
    <name>442.4</name>
  </wpt>
  <wpt lat="51.393695571043878" lon="4.3571409040048561">
    <name>442.5</name>
  </wpt>
  <wpt lat="51.392942593280722" lon="4.3563787909715961">
    <name>442.6</name>
  </wpt>
  <wpt lat="51.392444759204935" lon="4.35518372624495">
    <name>442.7</name>
  </wpt>
  <wpt lat="51.392040922602654" lon="4.3539053677458384">
    <name>442.8</name>
  </wpt>
  <wpt lat="51.39176484703961" lon="4.3525354856522345">
    <name>442.9</name>
  </wpt>
  <wpt lat="51.391633544481287" lon="4.3511107916806147">
    <name>443.0</name>
  </wpt>
  <wpt lat="51.391576020476549" lon="4.3496730327456561">
    <name>443.1</name>
  </wpt>
  <wpt lat="51.391590558693224" lon="4.348256735104056">
    <name>443.2</name>
  </wpt>
  <wpt lat="51.391446577510848" lon="4.346834094771201">
    <name>443.3</name>
  </wpt>
  <wpt lat="51.391294769200655" lon="4.3454157596174179">
    <name>443.4</name>
  </wpt>
  <wpt lat="51.3911880038791" lon="4.3439848895667561">
    <name>443.5</name>
  </wpt>
  <wpt lat="51.391079295179246" lon="4.3425542382868585">
    <name>443.6</name>
  </wpt>
  <wpt lat="51.391109245812288" lon="4.3411254277227034">
    <name>443.7</name>
  </wpt>
  <wpt lat="51.391250038759587" lon="4.3397019957927387">
    <name>443.8</name>
  </wpt>
  <wpt lat="51.391394011803293" lon="4.3382794025104143">
    <name>443.9</name>
  </wpt>
  <wpt lat="51.391990788944881" lon="4.3377394206629871">
    <name>444.0</name>
  </wpt>
  <wpt lat="51.392849655491233" lon="4.3381570789035564">
    <name>444.1</name>
  </wpt>
  <wpt lat="51.393742168056612" lon="4.3383322496725807">
    <name>444.2</name>
  </wpt>
  <wpt lat="51.394442478993227" lon="4.3380829920146322">
    <name>444.3</name>
  </wpt>
  <wpt lat="51.394517079867136" lon="4.3366470295804138">
    <name>444.4</name>
  </wpt>
  <wpt lat="51.394605236892374" lon="4.3352135348499248">
    <name>444.5</name>
  </wpt>
  <wpt lat="51.394712396101276" lon="4.3337831501973">
    <name>444.6</name>
  </wpt>
  <wpt lat="51.394811766047539" lon="4.3323506422284561">
    <name>444.7</name>
  </wpt>
  <wpt lat="51.395004899052573" lon="4.3309436730956206">
    <name>444.8</name>
  </wpt>
  <wpt lat="51.395171510208918" lon="4.3295680261762266">
    <name>444.9</name>
  </wpt>
  <wpt lat="51.395976973071406" lon="4.3289304628323615">
    <name>445.0</name>
  </wpt>
  <wpt lat="51.396741085667443" lon="4.3282014009241045">
    <name>445.1</name>
  </wpt>
  <wpt lat="51.397495802291637" lon="4.3288468022806716">
    <name>445.2</name>
  </wpt>
  <wpt lat="51.398134205229141" lon="4.3298296430432188">
    <name>445.3</name>
  </wpt>
  <wpt lat="51.398608833390114" lon="4.3310539969217627">
    <name>445.4</name>
  </wpt>
  <wpt lat="51.399083461550958" lon="4.3322783635049182">
    <name>445.5</name>
  </wpt>
  <wpt lat="51.399560157363545" lon="4.3335004154729395">
    <name>445.6</name>
  </wpt>
  <wpt lat="51.400021998246046" lon="4.3347373071875008">
    <name>445.7</name>
  </wpt>
  <wpt lat="51.400355748014071" lon="4.3360407112506509">
    <name>445.8</name>
  </wpt>
  <wpt lat="51.400773798556465" lon="4.3373170139679642">
    <name>445.9</name>
  </wpt>
  <wpt lat="51.401228208907149" lon="4.3385364334455314">
    <name>446.0</name>
  </wpt>
  <wpt lat="51.401652313899127" lon="4.33978369609825">
    <name>446.1</name>
  </wpt>
  <wpt lat="51.402145327103767" lon="4.3409279495924729">
    <name>446.2</name>
  </wpt>
  <wpt lat="51.402777203377482" lon="4.341931032920483">
    <name>446.3</name>
  </wpt>
  <wpt lat="51.403505039368433" lon="4.3427740393614878">
    <name>446.4</name>
  </wpt>
  <wpt lat="51.404280080255077" lon="4.3434882584909413">
    <name>446.5</name>
  </wpt>
  <wpt lat="51.405022663797929" lon="4.3442997174517766">
    <name>446.6</name>
  </wpt>
  <wpt lat="51.405650228087133" lon="4.34532689454019">
    <name>446.7</name>
  </wpt>
  <wpt lat="51.406249312263377" lon="4.34610553556503">
    <name>446.8</name>
  </wpt>
  <wpt lat="51.406829922541448" lon="4.3450046666253055">
    <name>446.9</name>
  </wpt>
  <wpt lat="51.407426954825659" lon="4.3439265074478177">
    <name>447.0</name>
  </wpt>
  <wpt lat="51.408027734422561" lon="4.3428537342784193">
    <name>447.1</name>
  </wpt>
  <wpt lat="51.408628389713137" lon="4.3417811113127263">
    <name>447.2</name>
  </wpt>
  <wpt lat="51.409227842965585" lon="4.340706383632936">
    <name>447.3</name>
  </wpt>
  <wpt lat="51.409820413715437" lon="4.3396218403371893">
    <name>447.4</name>
  </wpt>
  <wpt lat="51.410402025521265" lon="4.3393037450719074">
    <name>447.5</name>
  </wpt>
  <wpt lat="51.410976705912262" lon="4.3404127954081124">
    <name>447.6</name>
  </wpt>
  <wpt lat="51.411548522951193" lon="4.3415256465323">
    <name>447.7</name>
  </wpt>
  <wpt lat="51.4121267514927" lon="4.3426286260772224">
    <name>447.8</name>
  </wpt>
  <wpt lat="51.412749425230878" lon="4.3428295211986665">
    <name>447.9</name>
  </wpt>
  <wpt lat="51.413315208840309" lon="4.3417087162113184">
    <name>448.0</name>
  </wpt>
  <wpt lat="51.413879780677227" lon="4.3405863406422522">
    <name>448.1</name>
  </wpt>
  <wpt lat="51.414438562601177" lon="4.3394565141904753">
    <name>448.2</name>
  </wpt>
  <wpt lat="51.414970326078638" lon="4.3382952602734264">
    <name>448.3</name>
  </wpt>
  <wpt lat="51.415505471519651" lon="4.3371388755221938">
    <name>448.4</name>
  </wpt>
  <wpt lat="51.416113406989908" lon="4.33608673227552">
    <name>448.5</name>
  </wpt>
  <wpt lat="51.416606981824415" lon="4.3349268994482157">
    <name>448.6</name>
  </wpt>
  <wpt lat="51.417233341168895" lon="4.335645873878101">
    <name>448.7</name>
  </wpt>
  <wpt lat="51.4180960439604" lon="4.3359190501211708">
    <name>448.8</name>
  </wpt>
  <wpt lat="51.418995075278808" lon="4.335886999999981">
    <name>448.9</name>
  </wpt>
  <wpt lat="51.419894396884736" lon="4.335886999999981">
    <name>449.0</name>
  </wpt>
  <wpt lat="51.42079371849065" lon="4.335886999999981">
    <name>449.1</name>
  </wpt>
  <wpt lat="51.4216929807457" lon="4.3358748323409371">
    <name>449.2</name>
  </wpt>
  <wpt lat="51.422592192307121" lon="4.33585227162051">
    <name>449.3</name>
  </wpt>
  <wpt lat="51.423176231011588" lon="4.3351674438680172">
    <name>449.4</name>
  </wpt>
  <wpt lat="51.423142637766475" lon="4.3337262213590853">
    <name>449.5</name>
  </wpt>
  <wpt lat="51.423155220115468" lon="4.3322976673594376">
    <name>449.6</name>
  </wpt>
  <wpt lat="51.423252429421986" lon="4.33106169672425">
    <name>449.7</name>
  </wpt>
  <wpt lat="51.423181834520442" lon="4.3296266146448712">
    <name>449.8</name>
  </wpt>
  <wpt lat="51.423042671850347" lon="4.3282019105218374">
    <name>449.9</name>
  </wpt>
  <wpt lat="51.4229062491404" lon="4.3267764497659122">
    <name>450.0</name>
  </wpt>
  <wpt lat="51.422778139284425" lon="4.3253489448601652">
    <name>450.1</name>
  </wpt>
  <wpt lat="51.434757355587507" lon="4.3186338577521388">
    <name>451.72</name>
  </wpt>
  <wpt lat="51.435628593218517" lon="4.3183778522732448">
    <name>451.8</name>
  </wpt>
  <wpt lat="51.436512638509342" lon="4.3181148074085467">
    <name>451.9</name>
  </wpt>
  <wpt lat="51.437407523921571" lon="4.318024686449152">
    <name>452.0</name>
  </wpt>
  <wpt lat="51.438303429797706" lon="4.31815028918173">
    <name>452.1</name>
  </wpt>
  <wpt lat="51.439165056797073" lon="4.3179309454444015">
    <name>452.2</name>
  </wpt>
  <wpt lat="51.43991869055931" lon="4.3171452145686864">
    <name>452.3</name>
  </wpt>
  <wpt lat="51.44064221150964" lon="4.3162883442756712">
    <name>452.4</name>
  </wpt>
  <wpt lat="51.441384356362704" lon="4.3154873881783313">
    <name>452.5</name>
  </wpt>
  <wpt lat="51.442239802139028" lon="4.3150422252678737">
    <name>452.6</name>
  </wpt>
  <wpt lat="51.442351567105291" lon="4.3139743256975276">
    <name>452.7</name>
  </wpt>
  <wpt lat="51.441869238162688" lon="4.3128972553128611">
    <name>452.8</name>
  </wpt>
  <wpt lat="51.442741349974277" lon="4.3125629999999679">
    <name>452.9</name>
  </wpt>
  <wpt lat="51.446118375827439" lon="4.3117427509236723">
    <name>453.34</name>
  </wpt>
  <wpt lat="51.446490203087208" lon="4.3125997328432666">
    <name>453.4</name>
  </wpt>
  <wpt lat="51.44731322723289" lon="4.3130570000085875">
    <name>453.5</name>
  </wpt>
  <wpt lat="51.448174498944468" lon="4.31272554650443">
    <name>453.6</name>
  </wpt>
  <wpt lat="51.449062793727791" lon="4.312785920801196">
    <name>453.7</name>
  </wpt>
  <wpt lat="51.44995888542514" lon="4.3126700000000096">
    <name>453.8</name>
  </wpt>
  <wpt lat="51.450511014369184" lon="4.3129329560135456">
    <name>453.9</name>
  </wpt>
  <wpt lat="51.451409010088049" lon="4.3128885439136342">
    <name>454.0</name>
  </wpt>
  <wpt lat="51.452308239825953" lon="4.3128679169319817">
    <name>454.1</name>
  </wpt>
  <wpt lat="51.45320746956385" lon="4.312847289544032">
    <name>454.2</name>
  </wpt>
  <wpt lat="51.45410649344921" lon="4.3128148768238326">
    <name>454.3</name>
  </wpt>
  <wpt lat="51.455005765303127" lon="4.3127996962033546">
    <name>454.4</name>
  </wpt>
  <wpt lat="51.455903013895508" lon="4.3127033959194288">
    <name>454.5</name>
  </wpt>
  <wpt lat="51.456800007658245" lon="4.3125996184738788">
    <name>454.6</name>
  </wpt>
  <wpt lat="51.457693499198605" lon="4.3124380906681061">
    <name>454.7</name>
  </wpt>
  <wpt lat="51.45857958452028" lon="4.3121924774630394">
    <name>454.8</name>
  </wpt>
  <wpt lat="51.4594611511402" lon="4.31190784352424">
    <name>454.9</name>
  </wpt>
  <wpt lat="51.460329628107075" lon="4.3115391765128361">
    <name>455.0</name>
  </wpt>
  <wpt lat="51.461190990741713" lon="4.3111250460555839">
    <name>455.1</name>
  </wpt>
  <wpt lat="51.462044847013125" lon="4.3106719000877316">
    <name>455.2</name>
  </wpt>
  <wpt lat="51.462898703284523" lon="4.3102187456413859">
    <name>455.3</name>
  </wpt>
  <wpt lat="51.46376146857336" lon="4.309815538822698">
    <name>455.4</name>
  </wpt>
  <wpt lat="51.464618114312543" lon="4.3093878596688482">
    <name>455.5</name>
  </wpt>
  <wpt lat="51.4654539946142" lon="4.3088555129612462">
    <name>455.6</name>
  </wpt>
  <wpt lat="51.466271836424006" lon="4.3082553466474156">
    <name>455.7</name>
  </wpt>
  <wpt lat="51.467087485270845" lon="4.3076472808211674">
    <name>455.8</name>
  </wpt>
  <wpt lat="51.467903470899806" lon="4.3070426734626022">
    <name>455.9</name>
  </wpt>
  <wpt lat="51.468634454406789" lon="4.3062682729444024">
    <name>456.0</name>
  </wpt>
  <wpt lat="51.469379348886676" lon="4.3054593698472852">
    <name>456.1</name>
  </wpt>
  <wpt lat="51.470129278381528" lon="4.3046645854183465">
    <name>456.2</name>
  </wpt>
  <wpt lat="51.470967474941169" lon="4.3041528122717">
    <name>456.3</name>
  </wpt>
  <wpt lat="51.471830304127231" lon="4.30398216264538">
    <name>456.4</name>
  </wpt>
  <wpt lat="51.472729300797035" lon="4.3040009999999551">
    <name>456.5</name>
  </wpt>
  <wpt lat="51.473612144062571" lon="4.3037604664348521">
    <name>456.6</name>
  </wpt>
  <wpt lat="51.4744540834458" lon="4.303265343912102">
    <name>456.7</name>
  </wpt>
  <wpt lat="51.475309297088415" lon="4.30281871098815">
    <name>456.8</name>
  </wpt>
  <wpt lat="51.476175617694786" lon="4.3024453160492362">
    <name>456.9</name>
  </wpt>
  <wpt lat="51.4770631217561" lon="4.3022573959010764">
    <name>457.0</name>
  </wpt>
  <wpt lat="51.477933791985748" lon="4.3019276247055673">
    <name>457.1</name>
  </wpt>
  <wpt lat="51.478792778500924" lon="4.3015107018830294">
    <name>457.2</name>
  </wpt>
  <wpt lat="51.479608916821213" lon="4.3009272712353255">
    <name>457.3</name>
  </wpt>
  <wpt lat="51.479341383359262" lon="4.2998919480925517">
    <name>457.4</name>
  </wpt>
  <wpt lat="51.47874398345531" lon="4.298837983330813">
    <name>457.5</name>
  </wpt>
  <wpt lat="51.477891248924379" lon="4.298921834067154">
    <name>457.6</name>
  </wpt>
  <wpt lat="51.4770240210572" lon="4.2991860105107156">
    <name>457.7</name>
  </wpt>
  <wpt lat="51.476312377885307" lon="4.298377649705194">
    <name>457.8</name>
  </wpt>
  <wpt lat="51.476526000501217" lon="4.29699546663204">
    <name>457.9</name>
  </wpt>
  <wpt lat="51.476486367956184" lon="4.2955534111751232">
    <name>458.0</name>
  </wpt>
  <wpt lat="51.4763377737949" lon="4.29413086868987">
    <name>458.1</name>
  </wpt>
  <wpt lat="51.475932669653261" lon="4.29322456636164">
    <name>458.2</name>
  </wpt>
  <wpt lat="51.475720857182068" lon="4.2918220273635752">
    <name>458.3</name>
  </wpt>
  <wpt lat="51.480884997503253" lon="4.2807823657947557">
    <name>459.81</name>
  </wpt>
  <wpt lat="51.480916321102526" lon="4.2807652885048944">
    <name>459.8</name>
  </wpt>
  <wpt lat="51.481769375127982" lon="4.2803083133940829">
    <name>459.9</name>
  </wpt>
  <wpt lat="51.482623942109761" lon="4.279859844127472">
    <name>460.0</name>
  </wpt>
  <wpt lat="51.489859755884872" lon="4.2854868362163749">
    <name>461.06</name>
  </wpt>
  <wpt lat="51.490325477477725" lon="4.2856908850513671">
    <name>461.1</name>
  </wpt>
  <wpt lat="51.49036928882451" lon="4.2868362391294648">
    <name>461.2</name>
  </wpt>
  <wpt lat="51.490324000194342" lon="4.2882771149548837">
    <name>461.3</name>
  </wpt>
  <wpt lat="51.49067232663382" lon="4.28925308010078">
    <name>461.4</name>
  </wpt>
  <wpt lat="51.491473229816691" lon="4.2886027486744878">
    <name>461.5</name>
  </wpt>
  <wpt lat="51.492197497996209" lon="4.2878400748363612">
    <name>461.6</name>
  </wpt>
  <wpt lat="51.492979952464047" lon="4.2871282947803522">
    <name>461.7</name>
  </wpt>
  <wpt lat="51.497226057760727" lon="4.2840159802581095">
    <name>462.30</name>
  </wpt>
  <wpt lat="51.497305881382651" lon="4.2841021186612789">
    <name>462.3</name>
  </wpt>
  <wpt lat="51.498056757573764" lon="4.2833143113031893">
    <name>462.4</name>
  </wpt>
  <wpt lat="51.499413015547539" lon="4.281857000000028">
    <name>462.68</name>
  </wpt>
  <wpt lat="51.499603496628815" lon="4.2816114643729142">
    <name>462.7</name>
  </wpt>
  <wpt lat="51.500235578703041" lon="4.2806375367228142">
    <name>462.8</name>
  </wpt>
  <wpt lat="51.501036989376075" lon="4.2799854700439024">
    <name>462.9</name>
  </wpt>
  <wpt lat="51.501898952354615" lon="4.2796275394769472">
    <name>463.0</name>
  </wpt>
  <wpt lat="51.50279174932907" lon="4.2794750000000246">
    <name>463.1</name>
  </wpt>
  <wpt lat="51.503690276532978" lon="4.2795247967195733">
    <name>463.2</name>
  </wpt>
  <wpt lat="51.504589012687113" lon="4.2795768179744336">
    <name>463.3</name>
  </wpt>
  <wpt lat="51.505487693492782" lon="4.2796311411902979">
    <name>463.4</name>
  </wpt>
  <wpt lat="51.506385911479015" lon="4.279689236003982">
    <name>463.5</name>
  </wpt>
  <wpt lat="51.507283479717543" lon="4.2796227522773318">
    <name>463.6</name>
  </wpt>
  <wpt lat="51.508176390803065" lon="4.2794517498511651">
    <name>463.7</name>
  </wpt>
  <wpt lat="51.509068470193377" lon="4.2792696217577024">
    <name>463.8</name>
  </wpt>
  <wpt lat="51.509959368586976" lon="4.2790731988388258">
    <name>463.9</name>
  </wpt>
  <wpt lat="51.510851437213667" lon="4.2788967914732972">
    <name>464.0</name>
  </wpt>
  <wpt lat="51.512148576720037" lon="4.2787024702083656">
    <name>464.18</name>
  </wpt>
  <wpt lat="51.512494647676107" lon="4.2786578187460149">
    <name>464.2</name>
  </wpt>
  <wpt lat="51.513382649315986" lon="4.2784365387492844">
    <name>464.3</name>
  </wpt>
  <wpt lat="51.514246049579093" lon="4.2780411172159107">
    <name>464.4</name>
  </wpt>
  <wpt lat="51.51510283953823" lon="4.2776033234063835">
    <name>464.5</name>
  </wpt>
  <wpt lat="51.515953546802514" lon="4.2771350720040262">
    <name>464.6</name>
  </wpt>
  <wpt lat="51.5168026336138" lon="4.2766588843967446">
    <name>464.7</name>
  </wpt>
  <wpt lat="51.517659518171342" lon="4.2762352527157166">
    <name>464.8</name>
  </wpt>
  <wpt lat="51.518526635443216" lon="4.275900775099049">
    <name>464.9</name>
  </wpt>
  <wpt lat="51.519415714299029" lon="4.2756833145136959">
    <name>465.0</name>
  </wpt>
  <wpt lat="51.520298367932519" lon="4.2754347214832835">
    <name>465.1</name>
  </wpt>
  <wpt lat="51.521151880690027" lon="4.2753328520157448">
    <name>465.2</name>
  </wpt>
  <wpt lat="51.573119079923117" lon="4.3107038584256454">
    <name>474.76</name>
  </wpt>
  <wpt lat="51.573133487385427" lon="4.311461256450249">
    <name>474.8</name>
  </wpt>
  <wpt lat="51.573096788203081" lon="4.31290670116669">
    <name>474.9</name>
  </wpt>
  <wpt lat="51.572705496778525" lon="4.31413562260419">
    <name>475.0</name>
  </wpt>
  <wpt lat="51.5723207595572" lon="4.3151218685948853">
    <name>475.1</name>
  </wpt>
  <wpt lat="51.572923508552719" lon="4.3161957444009138">
    <name>475.2</name>
  </wpt>
  <wpt lat="51.573615164040973" lon="4.315829001490135">
    <name>475.3</name>
  </wpt>
  <wpt lat="51.574496454013286" lon="4.3155408084305487">
    <name>475.4</name>
  </wpt>
  <wpt lat="51.57531700038205" lon="4.3153388456053454">
    <name>475.5</name>
  </wpt>
  <wpt lat="51.575317000119384" lon="4.3167858976140261">
    <name>475.6</name>
  </wpt>
  <wpt lat="51.576023102919585" lon="4.3169778138293058">
    <name>475.7</name>
  </wpt>
  <wpt lat="51.576918806456241" lon="4.3168495162271991">
    <name>475.8</name>
  </wpt>
  <wpt lat="51.577817006842459" lon="4.3167907599873994">
    <name>475.9</name>
  </wpt>
  <wpt lat="51.578914440926653" lon="4.31704747007732">
    <name>476.06</name>
  </wpt>
  <wpt lat="51.579441989361968" lon="4.3170266706782554">
    <name>476.1</name>
  </wpt>
  <wpt lat="51.580338411063607" lon="4.31691162989136">
    <name>476.2</name>
  </wpt>
  <wpt lat="51.5806330826371" lon="4.31592095102675">
    <name>476.3</name>
  </wpt>
  <wpt lat="51.580798433356925" lon="4.315533805805444">
    <name>476.4</name>
  </wpt>
  <wpt lat="51.581522241842315" lon="4.3157599999999636">
    <name>476.5</name>
  </wpt>
  <wpt lat="51.582420735327204" lon="4.3157065421640723">
    <name>476.6</name>
  </wpt>
  <wpt lat="51.583304344389248" lon="4.3154465175762882">
    <name>476.7</name>
  </wpt>
  <wpt lat="51.584170480271268" lon="4.3152676534662548">
    <name>476.8</name>
  </wpt>
  <wpt lat="51.585007079478132" lon="4.3157918797682022">
    <name>476.9</name>
  </wpt>
  <wpt lat="51.586248784446688" lon="4.3157459402820679">
    <name>477.06</name>
  </wpt>
  <wpt lat="51.586467163907216" lon="4.3164146279191042">
    <name>477.1</name>
  </wpt>
  <wpt lat="51.586869887635849" lon="4.317707430334802">
    <name>477.2</name>
  </wpt>
  <wpt lat="51.587244592798335" lon="4.3190190391975118">
    <name>477.3</name>
  </wpt>
  <wpt lat="51.587545140802561" lon="4.3203830908303811">
    <name>477.4</name>
  </wpt>
  <wpt lat="51.587469157680573" lon="4.3214886989589179">
    <name>477.5</name>
  </wpt>
  <wpt lat="51.587808326327469" lon="4.3228289525844961">
    <name>477.6</name>
  </wpt>
  <wpt lat="51.588186875933182" lon="4.3241355612361252">
    <name>477.7</name>
  </wpt>
  <wpt lat="51.588256001273884" lon="4.3255594369843537">
    <name>477.8</name>
  </wpt>
  <wpt lat="51.588256001760833" lon="4.3270069010826964">
    <name>477.9</name>
  </wpt>
  <wpt lat="51.588256000013857" lon="4.328454365181039">
    <name>478.0</name>
  </wpt>
  <wpt lat="51.588367893437507" lon="4.3298871552120568">
    <name>478.1</name>
  </wpt>
  <wpt lat="51.58844900006423" lon="4.33131300187033">
    <name>478.2</name>
  </wpt>
  <wpt lat="51.588329221358393" lon="4.3325487563873866">
    <name>478.3</name>
  </wpt>
  <wpt lat="51.589126259057061" lon="4.3325845013012421">
    <name>478.4</name>
  </wpt>
  <wpt lat="51.590023529279144" lon="4.3326696129681306">
    <name>478.5</name>
  </wpt>
  <wpt lat="51.59090243644787" lon="4.3329594009654615">
    <name>478.6</name>
  </wpt>
  <wpt lat="51.591739928484486" lon="4.333481129379452">
    <name>478.7</name>
  </wpt>
  <wpt lat="51.592522594199039" lon="4.334193781756067">
    <name>478.8</name>
  </wpt>
  <wpt lat="51.593299684448922" lon="4.3349224317305861">
    <name>478.9</name>
  </wpt>
  <wpt lat="51.594076499486633" lon="4.3356518503808488">
    <name>479.0</name>
  </wpt>
  <wpt lat="51.594851287398896" lon="4.3363868506382248">
    <name>479.1</name>
  </wpt>
  <wpt lat="51.595608487971759" lon="4.3371660277399071">
    <name>479.2</name>
  </wpt>
  <wpt lat="51.596329307916179" lon="4.3380304072196285">
    <name>479.3</name>
  </wpt>
  <wpt lat="51.597054655642353" lon="4.33888506520257">
    <name>479.4</name>
  </wpt>
  <wpt lat="51.597827859944537" lon="4.3396198127076264">
    <name>479.5</name>
  </wpt>
  <wpt lat="51.598591809186289" lon="4.3403815329266076">
    <name>479.6</name>
  </wpt>
  <wpt lat="51.599401277823475" lon="4.3410077501635627">
    <name>479.7</name>
  </wpt>
  <wpt lat="51.600236433610739" lon="4.34154459211306">
    <name>479.8</name>
  </wpt>
  <wpt lat="51.60101934672609" lon="4.3422343464903026">
    <name>479.9</name>
  </wpt>
  <wpt lat="51.601803503270396" lon="4.3429414516847027">
    <name>480.0</name>
  </wpt>
  <wpt lat="51.60254460770814" lon="4.343759976553299">
    <name>480.1</name>
  </wpt>
  <wpt lat="51.603282339133351" lon="4.3445875781634484">
    <name>480.2</name>
  </wpt>
  <wpt lat="51.604059420570451" lon="4.3453125425474362">
    <name>480.3</name>
  </wpt>
  <wpt lat="51.604875007152074" lon="4.3459220804212073">
    <name>480.4</name>
  </wpt>
  <wpt lat="51.605669638637437" lon="4.3465949681280751">
    <name>480.5</name>
  </wpt>
  <wpt lat="51.606439631568229" lon="4.3473431022682032">
    <name>480.6</name>
  </wpt>
  <wpt lat="51.607216832620338" lon="4.3480713895114027">
    <name>480.7</name>
  </wpt>
  <wpt lat="51.608008349427259" lon="4.3487580602328961">
    <name>480.8</name>
  </wpt>
  <wpt lat="51.608785728330666" lon="4.3494861602393344">
    <name>480.9</name>
  </wpt>
  <wpt lat="51.609563107234017" lon="4.3502142727137505">
    <name>481.0</name>
  </wpt>
  <wpt lat="51.610340486137304" lon="4.3509423976568575">
    <name>481.1</name>
  </wpt>
  <wpt lat="51.611128322907028" lon="4.3516389975523229">
    <name>481.2</name>
  </wpt>
  <wpt lat="51.611952446396167" lon="4.3522184794579326">
    <name>481.3</name>
  </wpt>
  <wpt lat="51.612781363945281" lon="4.3527802049340636">
    <name>481.4</name>
  </wpt>
  <wpt lat="51.613610281494338" lon="4.353341940668475">
    <name>481.5</name>
  </wpt>
  <wpt lat="51.614439199043368" lon="4.3539036866615755">
    <name>481.6</name>
  </wpt>
  <wpt lat="51.615268116592354" lon="4.3544654429139742">
    <name>481.7</name>
  </wpt>
  <wpt lat="51.6160970341413" lon="4.35502720942608">
    <name>481.8</name>
  </wpt>
  <wpt lat="51.616925951690206" lon="4.3555889861983994">
    <name>481.9</name>
  </wpt>
  <wpt lat="51.617754869239086" lon="4.3561507732314437">
    <name>482.0</name>
  </wpt>
  <wpt lat="51.618583786787916" lon="4.3567125705257208">
    <name>482.1</name>
  </wpt>
  <wpt lat="51.619412704336696" lon="4.3572743780816374">
    <name>482.2</name>
  </wpt>
  <wpt lat="51.620241621885434" lon="4.3578361958998046">
    <name>482.3</name>
  </wpt>
  <wpt lat="51.621069514764983" lon="4.3583798723979168">
    <name>482.4</name>
  </wpt>
  <wpt lat="51.621897910562033" lon="4.3589437035948277">
    <name>482.5</name>
  </wpt>
  <wpt lat="51.622726306359041" lon="4.3595075450853376">
    <name>482.6</name>
  </wpt>
  <wpt lat="51.623554702156014" lon="4.3600713968699534">
    <name>482.7</name>
  </wpt>
  <wpt lat="51.624383097952936" lon="4.360635258949185">
    <name>482.8</name>
  </wpt>
  <wpt lat="51.625211493749823" lon="4.36119913132344">
    <name>482.9</name>
  </wpt>
  <wpt lat="51.626041434100578" lon="4.3617570579405811">
    <name>483.0</name>
  </wpt>
  <wpt lat="51.626876945100328" lon="4.3622927595666727">
    <name>483.1</name>
  </wpt>
  <wpt lat="51.627652662108545" lon="4.3630005578213416">
    <name>483.2</name>
  </wpt>
  <wpt lat="51.808403980350917" lon="4.4121398932853113">
    <name>518.69</name>
  </wpt>
  <wpt lat="51.808656757212425" lon="4.4122225412661473">
    <name>518.7</name>
  </wpt>
  <wpt lat="51.809529139994112" lon="4.4125568957735686">
    <name>518.8</name>
  </wpt>
  <wpt lat="51.810411728493406" lon="4.4128361835026348">
    <name>518.9</name>
  </wpt>
  <wpt lat="51.811294216122775" lon="4.4131163093249581">
    <name>519.0</name>
  </wpt>
  <wpt lat="51.812176703752137" lon="4.4133964406324919">
    <name>519.1</name>
  </wpt>
</gpx>